block_id,seq,type,key,val
ICON_ADVANCE_ADV_INFANTRY_TACTICS,0,kv,FirstFrame,"""CM2_UPAP001L.TGA"""
ICON_ADVANCE_ADV_INFANTRY_TACTICS,1,kv,Movie,"""NULL"""
ICON_ADVANCE_ADV_INFANTRY_TACTICS,2,kv,Gameplay,"""ADVANCE_ADV_INFANTRY_TACTICS_GAMEPLAY"""
ICON_ADVANCE_ADV_INFANTRY_TACTICS,3,kv,Historical,"""ADVANCE_ADV_INFANTRY_TACTICS_HISTORICAL"""
ICON_ADVANCE_ADV_INFANTRY_TACTICS,4,kv,Prereq,"""ADVANCE_ADV_INFANTRY_TACTICS_PREREQ"""
ICON_ADVANCE_ADV_INFANTRY_TACTICS,5,kv,Vari,"""ADVANCE_ADV_INFANTRY_TACTICS_STATISTICS"""
ICON_ADVANCE_ADV_INFANTRY_TACTICS,6,kv,Icon,"""CM2_UPAP001L.TGA"""
ICON_ADVANCE_ADV_INFANTRY_TACTICS,7,kv,LargeIcon,"""NULL"""
ICON_ADVANCE_ADV_INFANTRY_TACTICS,8,kv,SmallIcon,"""NULL"""
ICON_ADVANCE_ADV_INFANTRY_TACTICS,9,kv,StatText,"""ADVANCE_ADV_INFANTRY_TACTICS_PREREQ"""
ICON_ADVANCE_ADV_NAVAL_TACTICS,0,kv,FirstFrame,"""CM2_UPAP002L.TGA"""
ICON_ADVANCE_ADV_NAVAL_TACTICS,1,kv,Movie,"""NULL"""
ICON_ADVANCE_ADV_NAVAL_TACTICS,2,kv,Gameplay,"""ADVANCE_ADV_NAVAL_TACTICS_GAMEPLAY"""
ICON_ADVANCE_ADV_NAVAL_TACTICS,3,kv,Historical,"""ADVANCE_ADV_NAVAL_TACTICS_HISTORICAL"""
ICON_ADVANCE_ADV_NAVAL_TACTICS,4,kv,Prereq,"""ADVANCE_ADV_NAVAL_TACTICS_PREREQ"""
ICON_ADVANCE_ADV_NAVAL_TACTICS,5,kv,Vari,"""ADVANCE_ADV_NAVAL_TACTICS_STATISTICS"""
ICON_ADVANCE_ADV_NAVAL_TACTICS,6,kv,Icon,"""CM2_UPAP002L.TGA"""
ICON_ADVANCE_ADV_NAVAL_TACTICS,7,kv,LargeIcon,"""NULL"""
ICON_ADVANCE_ADV_NAVAL_TACTICS,8,kv,SmallIcon,"""NULL"""
ICON_ADVANCE_ADV_NAVAL_TACTICS,9,kv,StatText,"""ADVANCE_ADV_NAVAL_TACTICS_PREREQ"""
ICON_ADVANCE_ADV_URBAN_PLANNING,0,kv,FirstFrame,"""CM2_UPAP003L.TGA"""
ICON_ADVANCE_ADV_URBAN_PLANNING,1,kv,Movie,"""NULL"""
ICON_ADVANCE_ADV_URBAN_PLANNING,2,kv,Gameplay,"""ADVANCE_ADV_URBAN_PLANNING_GAMEPLAY"""
ICON_ADVANCE_ADV_URBAN_PLANNING,3,kv,Historical,"""ADVANCE_ADV_URBAN_PLANNING_HISTORICAL"""
ICON_ADVANCE_ADV_URBAN_PLANNING,4,kv,Prereq,"""ADVANCE_ADV_URBAN_PLANNING_PREREQ"""
ICON_ADVANCE_ADV_URBAN_PLANNING,5,kv,Vari,"""ADVANCE_ADV_URBAN_PLANNING_STATISTICS"""
ICON_ADVANCE_ADV_URBAN_PLANNING,6,kv,Icon,"""CM2_UPAP003L.TGA"""
ICON_ADVANCE_ADV_URBAN_PLANNING,7,kv,LargeIcon,"""NULL"""
ICON_ADVANCE_ADV_URBAN_PLANNING,8,kv,SmallIcon,"""NULL"""
ICON_ADVANCE_ADV_URBAN_PLANNING,9,kv,StatText,"""ADVANCE_ADV_URBAN_PLANNING_PREREQ"""
ICON_ADVANCE_ADVANCED_COMPOSITES,0,kv,FirstFrame,"""CM2_UPAP004L.TGA"""
ICON_ADVANCE_ADVANCED_COMPOSITES,1,kv,Movie,"""NULL"""
ICON_ADVANCE_ADVANCED_COMPOSITES,2,kv,Gameplay,"""ADVANCE_ADVANCED_COMPOSITES_GAMEPLAY"""
ICON_ADVANCE_ADVANCED_COMPOSITES,3,kv,Historical,"""ADVANCE_ADVANCED_COMPOSITES_HISTORICAL"""
ICON_ADVANCE_ADVANCED_COMPOSITES,4,kv,Prereq,"""ADVANCE_ADVANCED_COMPOSITES_PREREQ"""
ICON_ADVANCE_ADVANCED_COMPOSITES,5,kv,Vari,"""ADVANCE_ADVANCED_COMPOSITES_STATISTICS"""
ICON_ADVANCE_ADVANCED_COMPOSITES,6,kv,Icon,"""CM2_UPAP004L.TGA"""
ICON_ADVANCE_ADVANCED_COMPOSITES,7,kv,LargeIcon,"""NULL"""
ICON_ADVANCE_ADVANCED_COMPOSITES,8,kv,SmallIcon,"""NULL"""
ICON_ADVANCE_ADVANCED_COMPOSITES,9,kv,StatText,"""ADVANCE_ADVANCED_COMPOSITES_PREREQ"""
ICON_ADVANCE_AERODYNAMICS,0,kv,FirstFrame,"""CM2_UPAP005L.TGA"""
ICON_ADVANCE_AERODYNAMICS,1,kv,Movie,"""NULL"""
ICON_ADVANCE_AERODYNAMICS,2,kv,Gameplay,"""ADVANCE_AERODYNAMICS_GAMEPLAY"""
ICON_ADVANCE_AERODYNAMICS,3,kv,Historical,"""ADVANCE_AERODYNAMICS_HISTORICAL"""
ICON_ADVANCE_AERODYNAMICS,4,kv,Prereq,"""ADVANCE_AERODYNAMICS_PREREQ"""
ICON_ADVANCE_AERODYNAMICS,5,kv,Vari,"""ADVANCE_AERODYNAMICS_STATISTICS"""
ICON_ADVANCE_AERODYNAMICS,6,kv,Icon,"""CM2_UPAP005L.TGA"""
ICON_ADVANCE_AERODYNAMICS,7,kv,LargeIcon,"""NULL"""
ICON_ADVANCE_AERODYNAMICS,8,kv,SmallIcon,"""NULL"""
ICON_ADVANCE_AERODYNAMICS,9,kv,StatText,"""ADVANCE_AERODYNAMICS_PREREQ"""
ICON_ADVANCE_AGE_OF_REASON,0,kv,FirstFrame,"""UPAP006L.TGA"""
ICON_ADVANCE_AGE_OF_REASON,1,kv,Movie,"""NULL"""
ICON_ADVANCE_AGE_OF_REASON,2,kv,Gameplay,"""ADVANCE_AGE_OF_REASON_GAMEPLAY"""
ICON_ADVANCE_AGE_OF_REASON,3,kv,Historical,"""ADVANCE_AGE_OF_REASON_HISTORICAL"""
ICON_ADVANCE_AGE_OF_REASON,4,kv,Prereq,"""ADVANCE_AGE_OF_REASON_PREREQ"""
ICON_ADVANCE_AGE_OF_REASON,5,kv,Vari,"""ADVANCE_AGE_OF_REASON_STATISTICS"""
ICON_ADVANCE_AGE_OF_REASON,6,kv,Icon,"""UPAP006L.TGA"""
ICON_ADVANCE_AGE_OF_REASON,7,kv,LargeIcon,"""NULL"""
ICON_ADVANCE_AGE_OF_REASON,8,kv,SmallIcon,"""NULL"""
ICON_ADVANCE_AGE_OF_REASON,9,kv,StatText,"""ADVANCE_AGE_OF_REASON_PREREQ"""
ICON_ADVANCE_AGRICULTURAL_REVOLUTION,0,kv,FirstFrame,"""CM2_UPAP007L.TGA"""
ICON_ADVANCE_AGRICULTURAL_REVOLUTION,1,kv,Movie,"""NULL"""
ICON_ADVANCE_AGRICULTURAL_REVOLUTION,2,kv,Gameplay,"""ADVANCE_AGRICULTURAL_REVOLUTION_GAMEPLAY"""
ICON_ADVANCE_AGRICULTURAL_REVOLUTION,3,kv,Historical,"""ADVANCE_AGRICULTURAL_REVOLUTION_HISTORICAL"""
ICON_ADVANCE_AGRICULTURAL_REVOLUTION,4,kv,Prereq,"""ADVANCE_AGRICULTURAL_REVOLUTION_PREREQ"""
ICON_ADVANCE_AGRICULTURAL_REVOLUTION,5,kv,Vari,"""ADVANCE_AGRICULTURAL_REVOLUTION_STATISTICS"""
ICON_ADVANCE_AGRICULTURAL_REVOLUTION,6,kv,Icon,"""CM2_UPAP007L.TGA"""
ICON_ADVANCE_AGRICULTURAL_REVOLUTION,7,kv,LargeIcon,"""NULL"""
ICON_ADVANCE_AGRICULTURAL_REVOLUTION,8,kv,SmallIcon,"""NULL"""
ICON_ADVANCE_AGRICULTURAL_REVOLUTION,9,kv,StatText,"""ADVANCE_AGRICULTURAL_REVOLUTION_PREREQ"""
ICON_ADVANCE_AGRICULTURE,0,kv,FirstFrame,"""UPAP008L.TGA"""
ICON_ADVANCE_AGRICULTURE,1,kv,Movie,"""NULL"""
ICON_ADVANCE_AGRICULTURE,2,kv,Gameplay,"""ADVANCE_AGRICULTURE_GAMEPLAY"""
ICON_ADVANCE_AGRICULTURE,3,kv,Historical,"""ADVANCE_AGRICULTURE_HISTORICAL"""
ICON_ADVANCE_AGRICULTURE,4,kv,Prereq,"""ADVANCE_AGRICULTURE_PREREQ"""
ICON_ADVANCE_AGRICULTURE,5,kv,Vari,"""ADVANCE_AGRICULTURE_STATISTICS"""
ICON_ADVANCE_AGRICULTURE,6,kv,Icon,"""UPAP008L.TGA"""
ICON_ADVANCE_AGRICULTURE,7,kv,LargeIcon,"""NULL"""
ICON_ADVANCE_AGRICULTURE,8,kv,SmallIcon,"""NULL"""
ICON_ADVANCE_AGRICULTURE,9,kv,StatText,"""ADVANCE_AGRICULTURE_PREREQ"""
ICON_ADVANCE_AI_SURVEILLANCE,0,kv,FirstFrame,"""UPAP009L.TGA"""
ICON_ADVANCE_AI_SURVEILLANCE,1,kv,Movie,"""NULL"""
ICON_ADVANCE_AI_SURVEILLANCE,2,kv,Gameplay,"""ADVANCE_AI_SURVEILLANCE_GAMEPLAY"""
ICON_ADVANCE_AI_SURVEILLANCE,3,kv,Historical,"""ADVANCE_AI_SURVEILLANCE_HISTORICAL"""
ICON_ADVANCE_AI_SURVEILLANCE,4,kv,Prereq,"""ADVANCE_AI_SURVEILLANCE_PREREQ"""
ICON_ADVANCE_AI_SURVEILLANCE,5,kv,Vari,"""ADVANCE_AI_SURVEILLANCE_STATISTICS"""
ICON_ADVANCE_AI_SURVEILLANCE,6,kv,Icon,"""UPAP009L.TGA"""
ICON_ADVANCE_AI_SURVEILLANCE,7,kv,LargeIcon,"""NULL"""
ICON_ADVANCE_AI_SURVEILLANCE,8,kv,SmallIcon,"""NULL"""
ICON_ADVANCE_AI_SURVEILLANCE,9,kv,StatText,"""ADVANCE_AI_SURVEILLANCE_PREREQ"""
ICON_ADVANCE_ALCHEMY,0,kv,FirstFrame,"""CM2_UPAP010L.TGA"""
ICON_ADVANCE_ALCHEMY,1,kv,Movie,"""NULL"""
ICON_ADVANCE_ALCHEMY,2,kv,Gameplay,"""ADVANCE_ALCHEMY_GAMEPLAY"""
ICON_ADVANCE_ALCHEMY,3,kv,Historical,"""ADVANCE_ALCHEMY_HISTORICAL"""
ICON_ADVANCE_ALCHEMY,4,kv,Prereq,"""ADVANCE_ALCHEMY_PREREQ"""
ICON_ADVANCE_ALCHEMY,5,kv,Vari,"""ADVANCE_ALCHEMY_STATISTICS"""
ICON_ADVANCE_ALCHEMY,6,kv,Icon,"""CM2_UPAP010L.TGA"""
ICON_ADVANCE_ALCHEMY,7,kv,LargeIcon,"""NULL"""
ICON_ADVANCE_ALCHEMY,8,kv,SmallIcon,"""NULL"""
ICON_ADVANCE_ALCHEMY,9,kv,StatText,"""ADVANCE_ALCHEMY_PREREQ"""
ICON_ADVANCE_ARCOLOGIES,0,kv,FirstFrame,"""UPAP011L.TGA"""
ICON_ADVANCE_ARCOLOGIES,1,kv,Movie,"""NULL"""
ICON_ADVANCE_ARCOLOGIES,2,kv,Gameplay,"""ADVANCE_ARCOLOGIES_GAMEPLAY"""
ICON_ADVANCE_ARCOLOGIES,3,kv,Historical,"""ADVANCE_ARCOLOGIES_HISTORICAL"""
ICON_ADVANCE_ARCOLOGIES,4,kv,Prereq,"""ADVANCE_ARCOLOGIES_PREREQ"""
ICON_ADVANCE_ARCOLOGIES,5,kv,Vari,"""ADVANCE_ARCOLOGIES_STATISTICS"""
ICON_ADVANCE_ARCOLOGIES,6,kv,Icon,"""UPAP011L.TGA"""
ICON_ADVANCE_ARCOLOGIES,7,kv,LargeIcon,"""NULL"""
ICON_ADVANCE_ARCOLOGIES,8,kv,SmallIcon,"""NULL"""
ICON_ADVANCE_ARCOLOGIES,9,kv,StatText,"""ADVANCE_ARCOLOGIES_PREREQ"""
ICON_ADVANCE_BALLISTICS,0,kv,FirstFrame,"""CM2_UPAP012L.TGA"""
ICON_ADVANCE_BALLISTICS,1,kv,Movie,"""NULL"""
ICON_ADVANCE_BALLISTICS,2,kv,Gameplay,"""ADVANCE_BALLISTICS_GAMEPLAY"""
ICON_ADVANCE_BALLISTICS,3,kv,Historical,"""ADVANCE_BALLISTICS_HISTORICAL"""
ICON_ADVANCE_BALLISTICS,4,kv,Prereq,"""ADVANCE_BALLISTICS_PREREQ"""
ICON_ADVANCE_BALLISTICS,5,kv,Vari,"""ADVANCE_BALLISTICS_STATISTICS"""
ICON_ADVANCE_BALLISTICS,6,kv,Icon,"""CM2_UPAP012L.TGA"""
ICON_ADVANCE_BALLISTICS,7,kv,LargeIcon,"""NULL"""
ICON_ADVANCE_BALLISTICS,8,kv,SmallIcon,"""NULL"""
ICON_ADVANCE_BALLISTICS,9,kv,StatText,"""ADVANCE_BALLISTICS_PREREQ"""
ICON_ADVANCE_BANKING,0,kv,FirstFrame,"""UPAP013L.TGA"""
ICON_ADVANCE_BANKING,1,kv,Movie,"""NULL"""
ICON_ADVANCE_BANKING,2,kv,Gameplay,"""ADVANCE_BANKING_GAMEPLAY"""
ICON_ADVANCE_BANKING,3,kv,Historical,"""ADVANCE_BANKING_HISTORICAL"""
ICON_ADVANCE_BANKING,4,kv,Prereq,"""ADVANCE_BANKING_PREREQ"""
ICON_ADVANCE_BANKING,5,kv,Vari,"""ADVANCE_BANKING_STATISTICS"""
ICON_ADVANCE_BANKING,6,kv,Icon,"""UPAP013L.TGA"""
ICON_ADVANCE_BANKING,7,kv,LargeIcon,"""NULL"""
ICON_ADVANCE_BANKING,8,kv,SmallIcon,"""NULL"""
ICON_ADVANCE_BANKING,9,kv,StatText,"""ADVANCE_BANKING_PREREQ"""
ICON_ADVANCE_BRONZE_WORKING,0,kv,FirstFrame,"""UPAP014L.TGA"""
ICON_ADVANCE_BRONZE_WORKING,1,kv,Movie,"""NULL"""
ICON_ADVANCE_BRONZE_WORKING,2,kv,Gameplay,"""ADVANCE_BRONZE_WORKING_GAMEPLAY"""
ICON_ADVANCE_BRONZE_WORKING,3,kv,Historical,"""ADVANCE_BRONZE_WORKING_HISTORICAL"""
ICON_ADVANCE_BRONZE_WORKING,4,kv,Prereq,"""ADVANCE_BRONZE_WORKING_PREREQ"""
ICON_ADVANCE_BRONZE_WORKING,5,kv,Vari,"""ADVANCE_BRONZE_WORKING_STATISTICS"""
ICON_ADVANCE_BRONZE_WORKING,6,kv,Icon,"""UPAP014L.TGA"""
ICON_ADVANCE_BRONZE_WORKING,7,kv,LargeIcon,"""NULL"""
ICON_ADVANCE_BRONZE_WORKING,8,kv,SmallIcon,"""NULL"""
ICON_ADVANCE_BRONZE_WORKING,9,kv,StatText,"""ADVANCE_BRONZE_WORKING_PREREQ"""
ICON_ADVANCE_BUREAUCRACY,0,kv,FirstFrame,"""CM2_UPAP015L.TGA"""
ICON_ADVANCE_BUREAUCRACY,1,kv,Movie,"""NULL"""
ICON_ADVANCE_BUREAUCRACY,2,kv,Gameplay,"""ADVANCE_BUREAUCRACY_GAMEPLAY"""
ICON_ADVANCE_BUREAUCRACY,3,kv,Historical,"""ADVANCE_BUREAUCRACY_HISTORICAL"""
ICON_ADVANCE_BUREAUCRACY,4,kv,Prereq,"""ADVANCE_BUREAUCRACY_PREREQ"""
ICON_ADVANCE_BUREAUCRACY,5,kv,Vari,"""ADVANCE_BUREAUCRACY_STATISTICS"""
ICON_ADVANCE_BUREAUCRACY,6,kv,Icon,"""CM2_UPAP015L.TGA"""
ICON_ADVANCE_BUREAUCRACY,7,kv,LargeIcon,"""NULL"""
ICON_ADVANCE_BUREAUCRACY,8,kv,SmallIcon,"""NULL"""
ICON_ADVANCE_BUREAUCRACY,9,kv,StatText,"""ADVANCE_BUREAUCRACY_PREREQ"""
ICON_ADVANCE_CANNON_MAKING,0,kv,FirstFrame,"""UPAP016L.TGA"""
ICON_ADVANCE_CANNON_MAKING,1,kv,Movie,"""NULL"""
ICON_ADVANCE_CANNON_MAKING,2,kv,Gameplay,"""ADVANCE_CANNON_MAKING_GAMEPLAY"""
ICON_ADVANCE_CANNON_MAKING,3,kv,Historical,"""ADVANCE_CANNON_MAKING_HISTORICAL"""
ICON_ADVANCE_CANNON_MAKING,4,kv,Prereq,"""ADVANCE_CANNON_MAKING_PREREQ"""
ICON_ADVANCE_CANNON_MAKING,5,kv,Vari,"""ADVANCE_CANNON_MAKING_STATISTICS"""
ICON_ADVANCE_CANNON_MAKING,6,kv,Icon,"""UPAP016L.TGA"""
ICON_ADVANCE_CANNON_MAKING,7,kv,LargeIcon,"""NULL"""
ICON_ADVANCE_CANNON_MAKING,8,kv,SmallIcon,"""NULL"""
ICON_ADVANCE_CANNON_MAKING,9,kv,StatText,"""ADVANCE_CANNON_MAKING_PREREQ"""
ICON_ADVANCE_CAVALRY_TACTICS,0,kv,FirstFrame,"""UPAP017L.TGA"""
ICON_ADVANCE_CAVALRY_TACTICS,1,kv,Movie,"""NULL"""
ICON_ADVANCE_CAVALRY_TACTICS,2,kv,Gameplay,"""ADVANCE_CAVALRY_TACTICS_GAMEPLAY"""
ICON_ADVANCE_CAVALRY_TACTICS,3,kv,Historical,"""ADVANCE_CAVALRY_TACTICS_HISTORICAL"""
ICON_ADVANCE_CAVALRY_TACTICS,4,kv,Prereq,"""ADVANCE_CAVALRY_TACTICS_PREREQ"""
ICON_ADVANCE_CAVALRY_TACTICS,5,kv,Vari,"""ADVANCE_CAVALRY_TACTICS_STATISTICS"""
ICON_ADVANCE_CAVALRY_TACTICS,6,kv,Icon,"""UPAP017L.TGA"""
ICON_ADVANCE_CAVALRY_TACTICS,7,kv,LargeIcon,"""NULL"""
ICON_ADVANCE_CAVALRY_TACTICS,8,kv,SmallIcon,"""NULL"""
ICON_ADVANCE_CAVALRY_TACTICS,9,kv,StatText,"""ADVANCE_CAVALRY_TACTICS_PREREQ"""
ICON_ADVANCE_CHAOS_THEORY,0,kv,FirstFrame,"""UPAP018L.TGA"""
ICON_ADVANCE_CHAOS_THEORY,1,kv,Movie,"""NULL"""
ICON_ADVANCE_CHAOS_THEORY,2,kv,Gameplay,"""ADVANCE_CHAOS_THEORY_GAMEPLAY"""
ICON_ADVANCE_CHAOS_THEORY,3,kv,Historical,"""ADVANCE_CHAOS_THEORY_HISTORICAL"""
ICON_ADVANCE_CHAOS_THEORY,4,kv,Prereq,"""ADVANCE_CHAOS_THEORY_PREREQ"""
ICON_ADVANCE_CHAOS_THEORY,5,kv,Vari,"""ADVANCE_CHAOS_THEORY_STATISTICS"""
ICON_ADVANCE_CHAOS_THEORY,6,kv,Icon,"""UPAP018L.TGA"""
ICON_ADVANCE_CHAOS_THEORY,7,kv,LargeIcon,"""NULL"""
ICON_ADVANCE_CHAOS_THEORY,8,kv,SmallIcon,"""NULL"""
ICON_ADVANCE_CHAOS_THEORY,9,kv,StatText,"""ADVANCE_CHAOS_THEORY_PREREQ"""
ICON_ADVANCE_CHEMISTRY,0,kv,FirstFrame,"""UPAP019L.TGA"""
ICON_ADVANCE_CHEMISTRY,1,kv,Movie,"""NULL"""
ICON_ADVANCE_CHEMISTRY,2,kv,Gameplay,"""ADVANCE_CHEMISTRY_GAMEPLAY"""
ICON_ADVANCE_CHEMISTRY,3,kv,Historical,"""ADVANCE_CHEMISTRY_HISTORICAL"""
ICON_ADVANCE_CHEMISTRY,4,kv,Prereq,"""ADVANCE_CHEMISTRY_PREREQ"""
ICON_ADVANCE_CHEMISTRY,5,kv,Vari,"""ADVANCE_CHEMISTRY_STATISTICS"""
ICON_ADVANCE_CHEMISTRY,6,kv,Icon,"""UPAP019L.TGA"""
ICON_ADVANCE_CHEMISTRY,7,kv,LargeIcon,"""NULL"""
ICON_ADVANCE_CHEMISTRY,8,kv,SmallIcon,"""NULL"""
ICON_ADVANCE_CHEMISTRY,9,kv,StatText,"""ADVANCE_CHEMISTRY_PREREQ"""
ICON_ADVANCE_CLASSICAL_EDUCATION,0,kv,FirstFrame,"""UPAP020L.TGA"""
ICON_ADVANCE_CLASSICAL_EDUCATION,1,kv,Movie,"""NULL"""
ICON_ADVANCE_CLASSICAL_EDUCATION,2,kv,Gameplay,"""ADVANCE_CLASSICAL_EDUCATION_GAMEPLAY"""
ICON_ADVANCE_CLASSICAL_EDUCATION,3,kv,Historical,"""ADVANCE_CLASSICAL_EDUCATION_HISTORICAL"""
ICON_ADVANCE_CLASSICAL_EDUCATION,4,kv,Prereq,"""ADVANCE_CLASSICAL_EDUCATION_PREREQ"""
ICON_ADVANCE_CLASSICAL_EDUCATION,5,kv,Vari,"""ADVANCE_CLASSICAL_EDUCATION_STATISTICS"""
ICON_ADVANCE_CLASSICAL_EDUCATION,6,kv,Icon,"""UPAP020L.TGA"""
ICON_ADVANCE_CLASSICAL_EDUCATION,7,kv,LargeIcon,"""NULL"""
ICON_ADVANCE_CLASSICAL_EDUCATION,8,kv,SmallIcon,"""NULL"""
ICON_ADVANCE_CLASSICAL_EDUCATION,9,kv,StatText,"""ADVANCE_CLASSICAL_EDUCATION_PREREQ"""
ICON_ADVANCE_COMMUNISM,0,kv,FirstFrame,"""UPAP021L.TGA"""
ICON_ADVANCE_COMMUNISM,1,kv,Movie,"""NULL"""
ICON_ADVANCE_COMMUNISM,2,kv,Gameplay,"""ADVANCE_COMMUNISM_GAMEPLAY"""
ICON_ADVANCE_COMMUNISM,3,kv,Historical,"""ADVANCE_COMMUNISM_HISTORICAL"""
ICON_ADVANCE_COMMUNISM,4,kv,Prereq,"""ADVANCE_COMMUNISM_PREREQ"""
ICON_ADVANCE_COMMUNISM,5,kv,Vari,"""ADVANCE_COMMUNISM_STATISTICS"""
ICON_ADVANCE_COMMUNISM,6,kv,Icon,"""UPAP021L.TGA"""
ICON_ADVANCE_COMMUNISM,7,kv,LargeIcon,"""NULL"""
ICON_ADVANCE_COMMUNISM,8,kv,SmallIcon,"""NULL"""
ICON_ADVANCE_COMMUNISM,9,kv,StatText,"""ADVANCE_COMMUNISM_PREREQ"""
ICON_ADVANCE_COMPUTER,0,kv,FirstFrame,"""CM2_UPAP022L.TGA"""
ICON_ADVANCE_COMPUTER,1,kv,Movie,"""NULL"""
ICON_ADVANCE_COMPUTER,2,kv,Gameplay,"""ADVANCE_COMPUTER_GAMEPLAY"""
ICON_ADVANCE_COMPUTER,3,kv,Historical,"""ADVANCE_COMPUTER_HISTORICAL"""
ICON_ADVANCE_COMPUTER,4,kv,Prereq,"""ADVANCE_COMPUTER_PREREQ"""
ICON_ADVANCE_COMPUTER,5,kv,Vari,"""ADVANCE_COMPUTER_STATISTICS"""
ICON_ADVANCE_COMPUTER,6,kv,Icon,"""CM2_UPAP022L.TGA"""
ICON_ADVANCE_COMPUTER,7,kv,LargeIcon,"""NULL"""
ICON_ADVANCE_COMPUTER,8,kv,SmallIcon,"""NULL"""
ICON_ADVANCE_COMPUTER,9,kv,StatText,"""ADVANCE_COMPUTER_PREREQ"""
ICON_ADVANCE_CONCRETE,0,kv,FirstFrame,"""CM2_UPAP023L.TGA"""
ICON_ADVANCE_CONCRETE,1,kv,Movie,"""NULL"""
ICON_ADVANCE_CONCRETE,2,kv,Gameplay,"""ADVANCE_CONCRETE_GAMEPLAY"""
ICON_ADVANCE_CONCRETE,3,kv,Historical,"""ADVANCE_CONCRETE_HISTORICAL"""
ICON_ADVANCE_CONCRETE,4,kv,Prereq,"""ADVANCE_CONCRETE_PREREQ"""
ICON_ADVANCE_CONCRETE,5,kv,Vari,"""ADVANCE_CONCRETE_STATISTICS"""
ICON_ADVANCE_CONCRETE,6,kv,Icon,"""CM2_UPAP023L.TGA"""
ICON_ADVANCE_CONCRETE,7,kv,LargeIcon,"""NULL"""
ICON_ADVANCE_CONCRETE,8,kv,SmallIcon,"""NULL"""
ICON_ADVANCE_CONCRETE,9,kv,StatText,"""ADVANCE_CONCRETE_PREREQ"""
ICON_ADVANCE_CONSERVATION,0,kv,FirstFrame,"""CM2_UPAP024L.TGA"""
ICON_ADVANCE_CONSERVATION,1,kv,Movie,"""NULL"""
ICON_ADVANCE_CONSERVATION,2,kv,Gameplay,"""ADVANCE_CONSERVATION_GAMEPLAY"""
ICON_ADVANCE_CONSERVATION,3,kv,Historical,"""ADVANCE_CONSERVATION_HISTORICAL"""
ICON_ADVANCE_CONSERVATION,4,kv,Prereq,"""ADVANCE_CONSERVATION_PREREQ"""
ICON_ADVANCE_CONSERVATION,5,kv,Vari,"""ADVANCE_CONSERVATION_STATISTICS"""
ICON_ADVANCE_CONSERVATION,6,kv,Icon,"""CM2_UPAP024L.TGA"""
ICON_ADVANCE_CONSERVATION,7,kv,LargeIcon,"""NULL"""
ICON_ADVANCE_CONSERVATION,8,kv,SmallIcon,"""NULL"""
ICON_ADVANCE_CONSERVATION,9,kv,StatText,"""ADVANCE_CONSERVATION_PREREQ"""
ICON_ADVANCE_CORPORATE_REPUBLIC,0,kv,FirstFrame,"""CM2_UPAP025L.TGA"""
ICON_ADVANCE_CORPORATE_REPUBLIC,1,kv,Movie,"""NULL"""
ICON_ADVANCE_CORPORATE_REPUBLIC,2,kv,Gameplay,"""ADVANCE_CORPORATE_REPUBLIC_GAMEPLAY"""
ICON_ADVANCE_CORPORATE_REPUBLIC,3,kv,Historical,"""ADVANCE_CORPORATE_REPUBLIC_HISTORICAL"""
ICON_ADVANCE_CORPORATE_REPUBLIC,4,kv,Prereq,"""ADVANCE_CORPORATE_REPUBLIC_PREREQ"""
ICON_ADVANCE_CORPORATE_REPUBLIC,5,kv,Vari,"""ADVANCE_CORPORATE_REPUBLIC_STATISTICS"""
ICON_ADVANCE_CORPORATE_REPUBLIC,6,kv,Icon,"""CM2_UPAP025L.TGA"""
ICON_ADVANCE_CORPORATE_REPUBLIC,7,kv,LargeIcon,"""NULL"""
ICON_ADVANCE_CORPORATE_REPUBLIC,8,kv,SmallIcon,"""NULL"""
ICON_ADVANCE_CORPORATE_REPUBLIC,9,kv,StatText,"""ADVANCE_CORPORATE_REPUBLIC_PREREQ"""
ICON_ADVANCE_CORPORATION,0,kv,FirstFrame,"""CM2_UPAP026L.TGA"""
ICON_ADVANCE_CORPORATION,1,kv,Movie,"""NULL"""
ICON_ADVANCE_CORPORATION,2,kv,Gameplay,"""ADVANCE_CORPORATION_GAMEPLAY"""
ICON_ADVANCE_CORPORATION,3,kv,Historical,"""ADVANCE_CORPORATION_HISTORICAL"""
ICON_ADVANCE_CORPORATION,4,kv,Prereq,"""ADVANCE_CORPORATION_PREREQ"""
ICON_ADVANCE_CORPORATION,5,kv,Vari,"""ADVANCE_CORPORATION_STATISTICS"""
ICON_ADVANCE_CORPORATION,6,kv,Icon,"""CM2_UPAP026L.TGA"""
ICON_ADVANCE_CORPORATION,7,kv,LargeIcon,"""NULL"""
ICON_ADVANCE_CORPORATION,8,kv,SmallIcon,"""NULL"""
ICON_ADVANCE_CORPORATION,9,kv,StatText,"""ADVANCE_CORPORATION_PREREQ"""
ICON_ADVANCE_CRIMINAL_CODE,0,kv,FirstFrame,"""CM2_UPAP027L.TGA"""
ICON_ADVANCE_CRIMINAL_CODE,1,kv,Movie,"""NULL"""
ICON_ADVANCE_CRIMINAL_CODE,2,kv,Gameplay,"""ADVANCE_CRIMINAL_CODE_GAMEPLAY"""
ICON_ADVANCE_CRIMINAL_CODE,3,kv,Historical,"""ADVANCE_CRIMINAL_CODE_HISTORICAL"""
ICON_ADVANCE_CRIMINAL_CODE,4,kv,Prereq,"""ADVANCE_CRIMINAL_CODE_PREREQ"""
ICON_ADVANCE_CRIMINAL_CODE,5,kv,Vari,"""ADVANCE_CRIMINAL_CODE_STATISTICS"""
ICON_ADVANCE_CRIMINAL_CODE,6,kv,Icon,"""CM2_UPAP027L.TGA"""
ICON_ADVANCE_CRIMINAL_CODE,7,kv,LargeIcon,"""NULL"""
ICON_ADVANCE_CRIMINAL_CODE,8,kv,SmallIcon,"""NULL"""
ICON_ADVANCE_CRIMINAL_CODE,9,kv,StatText,"""ADVANCE_CRIMINAL_CODE_PREREQ"""
ICON_ADVANCE_CYBERNETICS,0,kv,FirstFrame,"""UPAP028L.TGA"""
ICON_ADVANCE_CYBERNETICS,1,kv,Movie,"""NULL"""
ICON_ADVANCE_CYBERNETICS,2,kv,Gameplay,"""ADVANCE_CYBERNETICS_GAMEPLAY"""
ICON_ADVANCE_CYBERNETICS,3,kv,Historical,"""ADVANCE_CYBERNETICS_HISTORICAL"""
ICON_ADVANCE_CYBERNETICS,4,kv,Prereq,"""ADVANCE_CYBERNETICS_PREREQ"""
ICON_ADVANCE_CYBERNETICS,5,kv,Vari,"""ADVANCE_CYBERNETICS_STATISTICS"""
ICON_ADVANCE_CYBERNETICS,6,kv,Icon,"""UPAP028L.TGA"""
ICON_ADVANCE_CYBERNETICS,7,kv,LargeIcon,"""NULL"""
ICON_ADVANCE_CYBERNETICS,8,kv,SmallIcon,"""NULL"""
ICON_ADVANCE_CYBERNETICS,9,kv,StatText,"""ADVANCE_CYBERNETICS_PREREQ"""
ICON_ADVANCE_DEFAULT,0,kv,FirstFrame,"""UPLG001.TGA"""
ICON_ADVANCE_DEFAULT,1,kv,Movie,"""NULL"""
ICON_ADVANCE_DEFAULT,2,kv,Gameplay,"""NULL"""
ICON_ADVANCE_DEFAULT,3,kv,Historical,"""NULL"""
ICON_ADVANCE_DEFAULT,4,kv,Prereq,"""NULL"""
ICON_ADVANCE_DEFAULT,5,kv,Vari,"""NULL"""
ICON_ADVANCE_DEFAULT,6,kv,Icon,"""UPAP001L.tga"""
ICON_ADVANCE_DEFAULT,7,kv,LargeIcon,"""NULL"""
ICON_ADVANCE_DEFAULT,8,kv,SmallIcon,"""NULL"""
ICON_ADVANCE_DEFAULT,9,kv,StatText,"""NULL"""
ICON_ADVANCE_DEMOCRACY,0,kv,FirstFrame,"""CM2_UPAP029L.TGA"""
ICON_ADVANCE_DEMOCRACY,1,kv,Movie,"""NULL"""
ICON_ADVANCE_DEMOCRACY,2,kv,Gameplay,"""ADVANCE_DEMOCRACY_GAMEPLAY"""
ICON_ADVANCE_DEMOCRACY,3,kv,Historical,"""ADVANCE_DEMOCRACY_HISTORICAL"""
ICON_ADVANCE_DEMOCRACY,4,kv,Prereq,"""ADVANCE_DEMOCRACY_PREREQ"""
ICON_ADVANCE_DEMOCRACY,5,kv,Vari,"""ADVANCE_DEMOCRACY_STATISTICS"""
ICON_ADVANCE_DEMOCRACY,6,kv,Icon,"""CM2_UPAP029L.TGA"""
ICON_ADVANCE_DEMOCRACY,7,kv,LargeIcon,"""NULL"""
ICON_ADVANCE_DEMOCRACY,8,kv,SmallIcon,"""NULL"""
ICON_ADVANCE_DEMOCRACY,9,kv,StatText,"""ADVANCE_DEMOCRACY_PREREQ"""
ICON_ADVANCE_DIGITAL_ENCRYPTION,0,kv,FirstFrame,"""UPAP030L.TGA"""
ICON_ADVANCE_DIGITAL_ENCRYPTION,1,kv,Movie,"""NULL"""
ICON_ADVANCE_DIGITAL_ENCRYPTION,2,kv,Gameplay,"""ADVANCE_DIGITAL_ENCRYPTION_GAMEPLAY"""
ICON_ADVANCE_DIGITAL_ENCRYPTION,3,kv,Historical,"""ADVANCE_DIGITAL_ENCRYPTION_HISTORICAL"""
ICON_ADVANCE_DIGITAL_ENCRYPTION,4,kv,Prereq,"""ADVANCE_DIGITAL_ENCRYPTION_PREREQ"""
ICON_ADVANCE_DIGITAL_ENCRYPTION,5,kv,Vari,"""ADVANCE_DIGITAL_ENCRYPTION_STATISTICS"""
ICON_ADVANCE_DIGITAL_ENCRYPTION,6,kv,Icon,"""UPAP030L.TGA"""
ICON_ADVANCE_DIGITAL_ENCRYPTION,7,kv,LargeIcon,"""NULL"""
ICON_ADVANCE_DIGITAL_ENCRYPTION,8,kv,SmallIcon,"""NULL"""
ICON_ADVANCE_DIGITAL_ENCRYPTION,9,kv,StatText,"""ADVANCE_DIGITAL_ENCRYPTION_PREREQ"""
ICON_ADVANCE_DRAMA,0,kv,FirstFrame,"""CM2_UPAP031L.TGA"""
ICON_ADVANCE_DRAMA,1,kv,Movie,"""NULL"""
ICON_ADVANCE_DRAMA,2,kv,Gameplay,"""ADVANCE_DRAMA_GAMEPLAY"""
ICON_ADVANCE_DRAMA,3,kv,Historical,"""ADVANCE_DRAMA_HISTORICAL"""
ICON_ADVANCE_DRAMA,4,kv,Prereq,"""ADVANCE_DRAMA_PREREQ"""
ICON_ADVANCE_DRAMA,5,kv,Vari,"""ADVANCE_DRAMA_STATISTICS"""
ICON_ADVANCE_DRAMA,6,kv,Icon,"""CM2_UPAP031L.TGA"""
ICON_ADVANCE_DRAMA,7,kv,LargeIcon,"""NULL"""
ICON_ADVANCE_DRAMA,8,kv,SmallIcon,"""NULL"""
ICON_ADVANCE_DRAMA,9,kv,StatText,"""ADVANCE_DRAMA_PREREQ"""
ICON_ADVANCE_ECONOMICS,0,kv,FirstFrame,"""CM2_UPAP032L.TGA"""
ICON_ADVANCE_ECONOMICS,1,kv,Movie,"""NULL"""
ICON_ADVANCE_ECONOMICS,2,kv,Gameplay,"""ADVANCE_ECONOMICS_GAMEPLAY"""
ICON_ADVANCE_ECONOMICS,3,kv,Historical,"""ADVANCE_ECONOMICS_HISTORICAL"""
ICON_ADVANCE_ECONOMICS,4,kv,Prereq,"""ADVANCE_ECONOMICS_PREREQ"""
ICON_ADVANCE_ECONOMICS,5,kv,Vari,"""ADVANCE_ECONOMICS_STATISTICS"""
ICON_ADVANCE_ECONOMICS,6,kv,Icon,"""CM2_UPAP032L.TGA"""
ICON_ADVANCE_ECONOMICS,7,kv,LargeIcon,"""NULL"""
ICON_ADVANCE_ECONOMICS,8,kv,SmallIcon,"""NULL"""
ICON_ADVANCE_ECONOMICS,9,kv,StatText,"""ADVANCE_ECONOMICS_PREREQ"""
ICON_ADVANCE_ECOTOPIA,0,kv,FirstFrame,"""UPAP033L.TGA"""
ICON_ADVANCE_ECOTOPIA,1,kv,Movie,"""NULL"""
ICON_ADVANCE_ECOTOPIA,2,kv,Gameplay,"""ADVANCE_ECOTOPIA_GAMEPLAY"""
ICON_ADVANCE_ECOTOPIA,3,kv,Historical,"""ADVANCE_ECOTOPIA_HISTORICAL"""
ICON_ADVANCE_ECOTOPIA,4,kv,Prereq,"""ADVANCE_ECOTOPIA_PREREQ"""
ICON_ADVANCE_ECOTOPIA,5,kv,Vari,"""ADVANCE_ECOTOPIA_STATISTICS"""
ICON_ADVANCE_ECOTOPIA,6,kv,Icon,"""UPAP033L.TGA"""
ICON_ADVANCE_ECOTOPIA,7,kv,LargeIcon,"""NULL"""
ICON_ADVANCE_ECOTOPIA,8,kv,SmallIcon,"""NULL"""
ICON_ADVANCE_ECOTOPIA,9,kv,StatText,"""ADVANCE_ECOTOPIA_PREREQ"""
ICON_ADVANCE_ELECTRICITY,0,kv,FirstFrame,"""UPAP034L.TGA"""
ICON_ADVANCE_ELECTRICITY,1,kv,Movie,"""NULL"""
ICON_ADVANCE_ELECTRICITY,2,kv,Gameplay,"""ADVANCE_ELECTRICITY_GAMEPLAY"""
ICON_ADVANCE_ELECTRICITY,3,kv,Historical,"""ADVANCE_ELECTRICITY_HISTORICAL"""
ICON_ADVANCE_ELECTRICITY,4,kv,Prereq,"""ADVANCE_ELECTRICITY_PREREQ"""
ICON_ADVANCE_ELECTRICITY,5,kv,Vari,"""ADVANCE_ELECTRICITY_STATISTICS"""
ICON_ADVANCE_ELECTRICITY,6,kv,Icon,"""UPAP034L.TGA"""
ICON_ADVANCE_ELECTRICITY,7,kv,LargeIcon,"""NULL"""
ICON_ADVANCE_ELECTRICITY,8,kv,SmallIcon,"""NULL"""
ICON_ADVANCE_ELECTRICITY,9,kv,StatText,"""ADVANCE_ELECTRICITY_PREREQ"""
ICON_ADVANCE_EUGENICS,0,kv,FirstFrame,"""UPAP035L.TGA"""
ICON_ADVANCE_EUGENICS,1,kv,Movie,"""NULL"""
ICON_ADVANCE_EUGENICS,2,kv,Gameplay,"""ADVANCE_EUGENICS_GAMEPLAY"""
ICON_ADVANCE_EUGENICS,3,kv,Historical,"""ADVANCE_EUGENICS_HISTORICAL"""
ICON_ADVANCE_EUGENICS,4,kv,Prereq,"""ADVANCE_EUGENICS_PREREQ"""
ICON_ADVANCE_EUGENICS,5,kv,Vari,"""ADVANCE_EUGENICS_STATISTICS"""
ICON_ADVANCE_EUGENICS,6,kv,Icon,"""UPAP035L.TGA"""
ICON_ADVANCE_EUGENICS,7,kv,LargeIcon,"""NULL"""
ICON_ADVANCE_EUGENICS,8,kv,SmallIcon,"""NULL"""
ICON_ADVANCE_EUGENICS,9,kv,StatText,"""ADVANCE_EUGENICS_PREREQ"""
ICON_ADVANCE_EXPLOSIVES,0,kv,FirstFrame,"""UPAP036L.TGA"""
ICON_ADVANCE_EXPLOSIVES,1,kv,Movie,"""NULL"""
ICON_ADVANCE_EXPLOSIVES,2,kv,Gameplay,"""ADVANCE_EXPLOSIVES_GAMEPLAY"""
ICON_ADVANCE_EXPLOSIVES,3,kv,Historical,"""ADVANCE_EXPLOSIVES_HISTORICAL"""
ICON_ADVANCE_EXPLOSIVES,4,kv,Prereq,"""ADVANCE_EXPLOSIVES_PREREQ"""
ICON_ADVANCE_EXPLOSIVES,5,kv,Vari,"""ADVANCE_EXPLOSIVES_STATISTICS"""
ICON_ADVANCE_EXPLOSIVES,6,kv,Icon,"""UPAP036L.TGA"""
ICON_ADVANCE_EXPLOSIVES,7,kv,LargeIcon,"""NULL"""
ICON_ADVANCE_EXPLOSIVES,8,kv,SmallIcon,"""NULL"""
ICON_ADVANCE_EXPLOSIVES,9,kv,StatText,"""ADVANCE_EXPLOSIVES_PREREQ"""
ICON_ADVANCE_FASCISM,0,kv,FirstFrame,"""CM2_UPAP037L.TGA"""
ICON_ADVANCE_FASCISM,1,kv,Movie,"""NULL"""
ICON_ADVANCE_FASCISM,2,kv,Gameplay,"""ADVANCE_FASCISM_GAMEPLAY"""
ICON_ADVANCE_FASCISM,3,kv,Historical,"""ADVANCE_FASCISM_HISTORICAL"""
ICON_ADVANCE_FASCISM,4,kv,Prereq,"""ADVANCE_FASCISM_PREREQ"""
ICON_ADVANCE_FASCISM,5,kv,Vari,"""ADVANCE_FASCISM_STATISTICS"""
ICON_ADVANCE_FASCISM,6,kv,Icon,"""CM2_UPAP037L.TGA"""
ICON_ADVANCE_FASCISM,7,kv,LargeIcon,"""NULL"""
ICON_ADVANCE_FASCISM,8,kv,SmallIcon,"""NULL"""
ICON_ADVANCE_FASCISM,9,kv,StatText,"""ADVANCE_FASCISM_PREREQ"""
ICON_ADVANCE_FEUDALISM,0,kv,FirstFrame,"""CM2_UPAP038L.TGA"""
ICON_ADVANCE_FEUDALISM,1,kv,Movie,"""NULL"""
ICON_ADVANCE_FEUDALISM,2,kv,Gameplay,"""ADVANCE_FEUDALISM_GAMEPLAY"""
ICON_ADVANCE_FEUDALISM,3,kv,Historical,"""ADVANCE_FEUDALISM_HISTORICAL"""
ICON_ADVANCE_FEUDALISM,4,kv,Prereq,"""ADVANCE_FEUDALISM_PREREQ"""
ICON_ADVANCE_FEUDALISM,5,kv,Vari,"""ADVANCE_FEUDALISM_STATISTICS"""
ICON_ADVANCE_FEUDALISM,6,kv,Icon,"""CM2_UPAP038L.TGA"""
ICON_ADVANCE_FEUDALISM,7,kv,LargeIcon,"""NULL"""
ICON_ADVANCE_FEUDALISM,8,kv,SmallIcon,"""NULL"""
ICON_ADVANCE_FEUDALISM,9,kv,StatText,"""ADVANCE_FEUDALISM_PREREQ"""
ICON_ADVANCE_FUEL_CELLS,0,kv,FirstFrame,"""CM2_UPAP039L.TGA"""
ICON_ADVANCE_FUEL_CELLS,1,kv,Movie,"""NULL"""
ICON_ADVANCE_FUEL_CELLS,2,kv,Gameplay,"""ADVANCE_FUEL_CELLS_GAMEPLAY"""
ICON_ADVANCE_FUEL_CELLS,3,kv,Historical,"""ADVANCE_FUEL_CELLS_HISTORICAL"""
ICON_ADVANCE_FUEL_CELLS,4,kv,Prereq,"""ADVANCE_FUEL_CELLS_PREREQ"""
ICON_ADVANCE_FUEL_CELLS,5,kv,Vari,"""ADVANCE_FUEL_CELLS_STATISTICS"""
ICON_ADVANCE_FUEL_CELLS,6,kv,Icon,"""CM2_UPAP039L.TGA"""
ICON_ADVANCE_FUEL_CELLS,7,kv,LargeIcon,"""NULL"""
ICON_ADVANCE_FUEL_CELLS,8,kv,SmallIcon,"""NULL"""
ICON_ADVANCE_FUEL_CELLS,9,kv,StatText,"""ADVANCE_FUEL_CELLS_PREREQ"""
ICON_ADVANCE_FUSION,0,kv,FirstFrame,"""UPAP040L.TGA"""
ICON_ADVANCE_FUSION,1,kv,Movie,"""NULL"""
ICON_ADVANCE_FUSION,2,kv,Gameplay,"""ADVANCE_FUSION_GAMEPLAY"""
ICON_ADVANCE_FUSION,3,kv,Historical,"""ADVANCE_FUSION_HISTORICAL"""
ICON_ADVANCE_FUSION,4,kv,Prereq,"""ADVANCE_FUSION_PREREQ"""
ICON_ADVANCE_FUSION,5,kv,Vari,"""ADVANCE_FUSION_STATISTICS"""
ICON_ADVANCE_FUSION,6,kv,Icon,"""UPAP040L.TGA"""
ICON_ADVANCE_FUSION,7,kv,LargeIcon,"""NULL"""
ICON_ADVANCE_FUSION,8,kv,SmallIcon,"""NULL"""
ICON_ADVANCE_FUSION,9,kv,StatText,"""ADVANCE_FUSION_PREREQ"""
ICON_ADVANCE_GAIA_CONTROLLER,0,kv,FirstFrame,"""CM2_UPAP041L.TGA"""
ICON_ADVANCE_GAIA_CONTROLLER,1,kv,Movie,"""NULL"""
ICON_ADVANCE_GAIA_CONTROLLER,2,kv,Gameplay,"""ADVANCE_GAIA_CONTROLLER_GAMEPLAY"""
ICON_ADVANCE_GAIA_CONTROLLER,3,kv,Historical,"""ADVANCE_GAIA_CONTROLLER_HISTORICAL"""
ICON_ADVANCE_GAIA_CONTROLLER,4,kv,Prereq,"""ADVANCE_GAIA_CONTROLLER_PREREQ"""
ICON_ADVANCE_GAIA_CONTROLLER,5,kv,Vari,"""ADVANCE_GAIA_CONTROLLER_STATISTICS"""
ICON_ADVANCE_GAIA_CONTROLLER,6,kv,Icon,"""CM2_UPAP041L.TGA"""
ICON_ADVANCE_GAIA_CONTROLLER,7,kv,LargeIcon,"""NULL"""
ICON_ADVANCE_GAIA_CONTROLLER,8,kv,SmallIcon,"""NULL"""
ICON_ADVANCE_GAIA_CONTROLLER,9,kv,StatText,"""ADVANCE_GAIA_CONTROLLER_PREREQ"""
ICON_ADVANCE_GAIA_THEORY,0,kv,FirstFrame,"""UPAP042L.TGA"""
ICON_ADVANCE_GAIA_THEORY,1,kv,Movie,"""NULL"""
ICON_ADVANCE_GAIA_THEORY,2,kv,Gameplay,"""ADVANCE_GAIA_THEORY_GAMEPLAY"""
ICON_ADVANCE_GAIA_THEORY,3,kv,Historical,"""ADVANCE_GAIA_THEORY_HISTORICAL"""
ICON_ADVANCE_GAIA_THEORY,4,kv,Prereq,"""ADVANCE_GAIA_THEORY_PREREQ"""
ICON_ADVANCE_GAIA_THEORY,5,kv,Vari,"""ADVANCE_GAIA_THEORY_STATISTICS"""
ICON_ADVANCE_GAIA_THEORY,6,kv,Icon,"""UPAP042L.TGA"""
ICON_ADVANCE_GAIA_THEORY,7,kv,LargeIcon,"""NULL"""
ICON_ADVANCE_GAIA_THEORY,8,kv,SmallIcon,"""NULL"""
ICON_ADVANCE_GAIA_THEORY,9,kv,StatText,"""ADVANCE_GAIA_THEORY_PREREQ"""
ICON_ADVANCE_GENETIC_TAILORING,0,kv,FirstFrame,"""UPAP043L.TGA"""
ICON_ADVANCE_GENETIC_TAILORING,1,kv,Movie,"""NULL"""
ICON_ADVANCE_GENETIC_TAILORING,2,kv,Gameplay,"""ADVANCE_GENETIC_TAILORING_GAMEPLAY"""
ICON_ADVANCE_GENETIC_TAILORING,3,kv,Historical,"""ADVANCE_GENETIC_TAILORING_HISTORICAL"""
ICON_ADVANCE_GENETIC_TAILORING,4,kv,Prereq,"""ADVANCE_GENETIC_TAILORING_PREREQ"""
ICON_ADVANCE_GENETIC_TAILORING,5,kv,Vari,"""ADVANCE_GENETIC_TAILORING_STATISTICS"""
ICON_ADVANCE_GENETIC_TAILORING,6,kv,Icon,"""UPAP043L.TGA"""
ICON_ADVANCE_GENETIC_TAILORING,7,kv,LargeIcon,"""NULL"""
ICON_ADVANCE_GENETIC_TAILORING,8,kv,SmallIcon,"""NULL"""
ICON_ADVANCE_GENETIC_TAILORING,9,kv,StatText,"""ADVANCE_GENETIC_TAILORING_PREREQ"""
ICON_ADVANCE_GENETICS,0,kv,FirstFrame,"""UPAP044L.TGA"""
ICON_ADVANCE_GENETICS,1,kv,Movie,"""NULL"""
ICON_ADVANCE_GENETICS,2,kv,Gameplay,"""ADVANCE_GENETICS_GAMEPLAY"""
ICON_ADVANCE_GENETICS,3,kv,Historical,"""ADVANCE_GENETICS_HISTORICAL"""
ICON_ADVANCE_GENETICS,4,kv,Prereq,"""ADVANCE_GENETICS_PREREQ"""
ICON_ADVANCE_GENETICS,5,kv,Vari,"""ADVANCE_GENETICS_STATISTICS"""
ICON_ADVANCE_GENETICS,6,kv,Icon,"""UPAP044L.TGA"""
ICON_ADVANCE_GENETICS,7,kv,LargeIcon,"""NULL"""
ICON_ADVANCE_GENETICS,8,kv,SmallIcon,"""NULL"""
ICON_ADVANCE_GENETICS,9,kv,StatText,"""ADVANCE_GENETICS_PREREQ"""
ICON_ADVANCE_GEOMETRY,0,kv,FirstFrame,"""CM2_UPAP045L.TGA"""
ICON_ADVANCE_GEOMETRY,1,kv,Movie,"""NULL"""
ICON_ADVANCE_GEOMETRY,2,kv,Gameplay,"""ADVANCE_GEOMETRY_GAMEPLAY"""
ICON_ADVANCE_GEOMETRY,3,kv,Historical,"""ADVANCE_GEOMETRY_HISTORICAL"""
ICON_ADVANCE_GEOMETRY,4,kv,Prereq,"""ADVANCE_GEOMETRY_PREREQ"""
ICON_ADVANCE_GEOMETRY,5,kv,Vari,"""ADVANCE_GEOMETRY_STATISTICS"""
ICON_ADVANCE_GEOMETRY,6,kv,Icon,"""CM2_UPAP045L.TGA"""
ICON_ADVANCE_GEOMETRY,7,kv,LargeIcon,"""NULL"""
ICON_ADVANCE_GEOMETRY,8,kv,SmallIcon,"""NULL"""
ICON_ADVANCE_GEOMETRY,9,kv,StatText,"""ADVANCE_GEOMETRY_PREREQ"""
ICON_ADVANCE_GLOBAL_COMMUNICATIONS,0,kv,FirstFrame,"""CM2_UPAP048L.TGA"""
ICON_ADVANCE_GLOBAL_COMMUNICATIONS,1,kv,Movie,"""NULL"""
ICON_ADVANCE_GLOBAL_COMMUNICATIONS,2,kv,Gameplay,"""ADVANCE_GLOBAL_COMMUNICATIONS_GAMEPLAY"""
ICON_ADVANCE_GLOBAL_COMMUNICATIONS,3,kv,Historical,"""ADVANCE_GLOBAL_COMMUNICATIONS_HISTORICAL"""
ICON_ADVANCE_GLOBAL_COMMUNICATIONS,4,kv,Prereq,"""ADVANCE_GLOBAL_COMMUNICATIONS_PREREQ"""
ICON_ADVANCE_GLOBAL_COMMUNICATIONS,5,kv,Vari,"""ADVANCE_GLOBAL_COMMUNICATIONS_STATISTICS"""
ICON_ADVANCE_GLOBAL_COMMUNICATIONS,6,kv,Icon,"""CM2_UPAP048L.TGA"""
ICON_ADVANCE_GLOBAL_COMMUNICATIONS,7,kv,LargeIcon,"""NULL"""
ICON_ADVANCE_GLOBAL_COMMUNICATIONS,8,kv,SmallIcon,"""NULL"""
ICON_ADVANCE_GLOBAL_COMMUNICATIONS,9,kv,StatText,"""ADVANCE_GLOBAL_COMMUNICATIONS_PREREQ"""
ICON_ADVANCE_GLOBAL_DEFENSE,0,kv,FirstFrame,"""CM2_UPAP046L.TGA"""
ICON_ADVANCE_GLOBAL_DEFENSE,1,kv,Movie,"""NULL"""
ICON_ADVANCE_GLOBAL_DEFENSE,2,kv,Gameplay,"""ADVANCE_GLOBAL_DEFENSE_GAMEPLAY"""
ICON_ADVANCE_GLOBAL_DEFENSE,3,kv,Historical,"""ADVANCE_GLOBAL_DEFENSE_HISTORICAL"""
ICON_ADVANCE_GLOBAL_DEFENSE,4,kv,Prereq,"""ADVANCE_GLOBAL_DEFENSE_PREREQ"""
ICON_ADVANCE_GLOBAL_DEFENSE,5,kv,Vari,"""ADVANCE_GLOBAL_DEFENSE_STATISTICS"""
ICON_ADVANCE_GLOBAL_DEFENSE,6,kv,Icon,"""CM2_UPAP046L.TGA"""
ICON_ADVANCE_GLOBAL_DEFENSE,7,kv,LargeIcon,"""NULL"""
ICON_ADVANCE_GLOBAL_DEFENSE,8,kv,SmallIcon,"""NULL"""
ICON_ADVANCE_GLOBAL_DEFENSE,9,kv,StatText,"""ADVANCE_GLOBAL_DEFENSE_PREREQ"""
ICON_ADVANCE_GLOBAL_ECONOMICS,0,kv,FirstFrame,"""CM2_UPAP047L.TGA"""
ICON_ADVANCE_GLOBAL_ECONOMICS,1,kv,Movie,"""NULL"""
ICON_ADVANCE_GLOBAL_ECONOMICS,2,kv,Gameplay,"""ADVANCE_GLOBAL_ECONOMICS_GAMEPLAY"""
ICON_ADVANCE_GLOBAL_ECONOMICS,3,kv,Historical,"""ADVANCE_GLOBAL_ECONOMICS_HISTORICAL"""
ICON_ADVANCE_GLOBAL_ECONOMICS,4,kv,Prereq,"""ADVANCE_GLOBAL_ECONOMICS_PREREQ"""
ICON_ADVANCE_GLOBAL_ECONOMICS,5,kv,Vari,"""ADVANCE_GLOBAL_ECONOMICS_STATISTICS"""
ICON_ADVANCE_GLOBAL_ECONOMICS,6,kv,Icon,"""CM2_UPAP047L.TGA"""
ICON_ADVANCE_GLOBAL_ECONOMICS,7,kv,LargeIcon,"""NULL"""
ICON_ADVANCE_GLOBAL_ECONOMICS,8,kv,SmallIcon,"""NULL"""
ICON_ADVANCE_GLOBAL_ECONOMICS,9,kv,StatText,"""ADVANCE_GLOBAL_ECONOMICS_PREREQ"""
ICON_ADVANCE_GUIDED_WEAPON_SYSTEMS,0,kv,FirstFrame,"""CM2_UPAP049L.TGA"""
ICON_ADVANCE_GUIDED_WEAPON_SYSTEMS,1,kv,Movie,"""NULL"""
ICON_ADVANCE_GUIDED_WEAPON_SYSTEMS,2,kv,Gameplay,"""ADVANCE_GUIDED_WEAPON_SYSTEMS_GAMEPLAY"""
ICON_ADVANCE_GUIDED_WEAPON_SYSTEMS,3,kv,Historical,"""ADVANCE_GUIDED_WEAPON_SYSTEMS_HISTORICAL"""
ICON_ADVANCE_GUIDED_WEAPON_SYSTEMS,4,kv,Prereq,"""ADVANCE_GUIDED_WEAPON_SYSTEMS_PREREQ"""
ICON_ADVANCE_GUIDED_WEAPON_SYSTEMS,5,kv,Vari,"""ADVANCE_GUIDED_WEAPON_SYSTEMS_STATISTICS"""
ICON_ADVANCE_GUIDED_WEAPON_SYSTEMS,6,kv,Icon,"""CM2_UPAP049L.TGA"""
ICON_ADVANCE_GUIDED_WEAPON_SYSTEMS,7,kv,LargeIcon,"""NULL"""
ICON_ADVANCE_GUIDED_WEAPON_SYSTEMS,8,kv,SmallIcon,"""NULL"""
ICON_ADVANCE_GUIDED_WEAPON_SYSTEMS,9,kv,StatText,"""ADVANCE_GUIDED_WEAPON_SYSTEMS_PREREQ"""
ICON_ADVANCE_GUNPOWDER,0,kv,FirstFrame,"""UPAP050L.TGA"""
ICON_ADVANCE_GUNPOWDER,1,kv,Movie,"""NULL"""
ICON_ADVANCE_GUNPOWDER,2,kv,Gameplay,"""ADVANCE_GUNPOWDER_GAMEPLAY"""
ICON_ADVANCE_GUNPOWDER,3,kv,Historical,"""ADVANCE_GUNPOWDER_HISTORICAL"""
ICON_ADVANCE_GUNPOWDER,4,kv,Prereq,"""ADVANCE_GUNPOWDER_PREREQ"""
ICON_ADVANCE_GUNPOWDER,5,kv,Vari,"""ADVANCE_GUNPOWDER_STATISTICS"""
ICON_ADVANCE_GUNPOWDER,6,kv,Icon,"""UPAP050L.TGA"""
ICON_ADVANCE_GUNPOWDER,7,kv,LargeIcon,"""NULL"""
ICON_ADVANCE_GUNPOWDER,8,kv,SmallIcon,"""NULL"""
ICON_ADVANCE_GUNPOWDER,9,kv,StatText,"""ADVANCE_GUNPOWDER_PREREQ"""
ICON_ADVANCE_HORSE_RIDING,0,kv,FirstFrame,"""CM2_UPAP051L.TGA"""
ICON_ADVANCE_HORSE_RIDING,1,kv,Movie,"""NULL"""
ICON_ADVANCE_HORSE_RIDING,2,kv,Gameplay,"""ADVANCE_HORSE_RIDING_GAMEPLAY"""
ICON_ADVANCE_HORSE_RIDING,3,kv,Historical,"""ADVANCE_HORSE_RIDING_HISTORICAL"""
ICON_ADVANCE_HORSE_RIDING,4,kv,Prereq,"""ADVANCE_HORSE_RIDING_PREREQ"""
ICON_ADVANCE_HORSE_RIDING,5,kv,Vari,"""ADVANCE_HORSE_RIDING_STATISTICS"""
ICON_ADVANCE_HORSE_RIDING,6,kv,Icon,"""CM2_UPAP051L.TGA"""
ICON_ADVANCE_HORSE_RIDING,7,kv,LargeIcon,"""NULL"""
ICON_ADVANCE_HORSE_RIDING,8,kv,SmallIcon,"""NULL"""
ICON_ADVANCE_HORSE_RIDING,9,kv,StatText,"""ADVANCE_HORSE_RIDING_PREREQ"""
ICON_ADVANCE_HT_SUPERCONDUCTOR,0,kv,FirstFrame,"""UPAP052L.TGA"""
ICON_ADVANCE_HT_SUPERCONDUCTOR,1,kv,Movie,"""NULL"""
ICON_ADVANCE_HT_SUPERCONDUCTOR,2,kv,Gameplay,"""ADVANCE_HT_SUPERCONDUCTOR_GAMEPLAY"""
ICON_ADVANCE_HT_SUPERCONDUCTOR,3,kv,Historical,"""ADVANCE_HT_SUPERCONDUCTOR_HISTORICAL"""
ICON_ADVANCE_HT_SUPERCONDUCTOR,4,kv,Prereq,"""ADVANCE_HT_SUPERCONDUCTOR_PREREQ"""
ICON_ADVANCE_HT_SUPERCONDUCTOR,5,kv,Vari,"""ADVANCE_HT_SUPERCONDUCTOR_STATISTICS"""
ICON_ADVANCE_HT_SUPERCONDUCTOR,6,kv,Icon,"""UPAP052L.TGA"""
ICON_ADVANCE_HT_SUPERCONDUCTOR,7,kv,LargeIcon,"""NULL"""
ICON_ADVANCE_HT_SUPERCONDUCTOR,8,kv,SmallIcon,"""NULL"""
ICON_ADVANCE_HT_SUPERCONDUCTOR,9,kv,StatText,"""ADVANCE_HT_SUPERCONDUCTOR_PREREQ"""
ICON_ADVANCE_HULL_MAKING,0,kv,FirstFrame,"""CM2_UPAP053L.TGA"""
ICON_ADVANCE_HULL_MAKING,1,kv,Movie,"""NULL"""
ICON_ADVANCE_HULL_MAKING,2,kv,Gameplay,"""ADVANCE_HULL_MAKING_GAMEPLAY"""
ICON_ADVANCE_HULL_MAKING,3,kv,Historical,"""ADVANCE_HULL_MAKING_HISTORICAL"""
ICON_ADVANCE_HULL_MAKING,4,kv,Prereq,"""ADVANCE_HULL_MAKING_PREREQ"""
ICON_ADVANCE_HULL_MAKING,5,kv,Vari,"""ADVANCE_HULL_MAKING_STATISTICS"""
ICON_ADVANCE_HULL_MAKING,6,kv,Icon,"""CM2_UPAP053L.TGA"""
ICON_ADVANCE_HULL_MAKING,7,kv,LargeIcon,"""NULL"""
ICON_ADVANCE_HULL_MAKING,8,kv,SmallIcon,"""NULL"""
ICON_ADVANCE_HULL_MAKING,9,kv,StatText,"""ADVANCE_HULL_MAKING_PREREQ"""
ICON_ADVANCE_HUMAN_CLONING,0,kv,FirstFrame,"""UPAP054L.TGA"""
ICON_ADVANCE_HUMAN_CLONING,1,kv,Movie,"""NULL"""
ICON_ADVANCE_HUMAN_CLONING,2,kv,Gameplay,"""ADVANCE_HUMAN_CLONING_GAMEPLAY"""
ICON_ADVANCE_HUMAN_CLONING,3,kv,Historical,"""ADVANCE_HUMAN_CLONING_HISTORICAL"""
ICON_ADVANCE_HUMAN_CLONING,4,kv,Prereq,"""ADVANCE_HUMAN_CLONING_PREREQ"""
ICON_ADVANCE_HUMAN_CLONING,5,kv,Vari,"""ADVANCE_HUMAN_CLONING_STATISTICS"""
ICON_ADVANCE_HUMAN_CLONING,6,kv,Icon,"""UPAP054L.TGA"""
ICON_ADVANCE_HUMAN_CLONING,7,kv,LargeIcon,"""NULL"""
ICON_ADVANCE_HUMAN_CLONING,8,kv,SmallIcon,"""NULL"""
ICON_ADVANCE_HUMAN_CLONING,9,kv,StatText,"""ADVANCE_HUMAN_CLONING_PREREQ"""
ICON_ADVANCE_INDUSTRIAL_REVOLUTION,0,kv,FirstFrame,"""UPAP055L.TGA"""
ICON_ADVANCE_INDUSTRIAL_REVOLUTION,1,kv,Movie,"""NULL"""
ICON_ADVANCE_INDUSTRIAL_REVOLUTION,2,kv,Gameplay,"""ADVANCE_INDUSTRIAL_REVOLUTION_GAMEPLAY"""
ICON_ADVANCE_INDUSTRIAL_REVOLUTION,3,kv,Historical,"""ADVANCE_INDUSTRIAL_REVOLUTION_HISTORICAL"""
ICON_ADVANCE_INDUSTRIAL_REVOLUTION,4,kv,Prereq,"""ADVANCE_INDUSTRIAL_REVOLUTION_PREREQ"""
ICON_ADVANCE_INDUSTRIAL_REVOLUTION,5,kv,Vari,"""ADVANCE_INDUSTRIAL_REVOLUTION_STATISTICS"""
ICON_ADVANCE_INDUSTRIAL_REVOLUTION,6,kv,Icon,"""UPAP055L.TGA"""
ICON_ADVANCE_INDUSTRIAL_REVOLUTION,7,kv,LargeIcon,"""NULL"""
ICON_ADVANCE_INDUSTRIAL_REVOLUTION,8,kv,SmallIcon,"""NULL"""
ICON_ADVANCE_INDUSTRIAL_REVOLUTION,9,kv,StatText,"""ADVANCE_INDUSTRIAL_REVOLUTION_PREREQ"""
ICON_ADVANCE_INTERNAL_COMBUSTION,0,kv,FirstFrame,"""CM2_UPAP056L.TGA"""
ICON_ADVANCE_INTERNAL_COMBUSTION,1,kv,Movie,"""NULL"""
ICON_ADVANCE_INTERNAL_COMBUSTION,2,kv,Gameplay,"""ADVANCE_INTERNAL_COMBUSTION_GAMEPLAY"""
ICON_ADVANCE_INTERNAL_COMBUSTION,3,kv,Historical,"""ADVANCE_INTERNAL_COMBUSTION_HISTORICAL"""
ICON_ADVANCE_INTERNAL_COMBUSTION,4,kv,Prereq,"""ADVANCE_INTERNAL_COMBUSTION_PREREQ"""
ICON_ADVANCE_INTERNAL_COMBUSTION,5,kv,Vari,"""ADVANCE_INTERNAL_COMBUSTION_STATISTICS"""
ICON_ADVANCE_INTERNAL_COMBUSTION,6,kv,Icon,"""CM2_UPAP056L.TGA"""
ICON_ADVANCE_INTERNAL_COMBUSTION,7,kv,LargeIcon,"""NULL"""
ICON_ADVANCE_INTERNAL_COMBUSTION,8,kv,SmallIcon,"""NULL"""
ICON_ADVANCE_INTERNAL_COMBUSTION,9,kv,StatText,"""ADVANCE_INTERNAL_COMBUSTION_PREREQ"""
ICON_ADVANCE_IRON_WORKING,0,kv,FirstFrame,"""CM2_UPAP057L.TGA"""
ICON_ADVANCE_IRON_WORKING,1,kv,Movie,"""NULL"""
ICON_ADVANCE_IRON_WORKING,2,kv,Gameplay,"""ADVANCE_IRON_WORKING_GAMEPLAY"""
ICON_ADVANCE_IRON_WORKING,3,kv,Historical,"""ADVANCE_IRON_WORKING_HISTORICAL"""
ICON_ADVANCE_IRON_WORKING,4,kv,Prereq,"""ADVANCE_IRON_WORKING_PREREQ"""
ICON_ADVANCE_IRON_WORKING,5,kv,Vari,"""ADVANCE_IRON_WORKING_STATISTICS"""
ICON_ADVANCE_IRON_WORKING,6,kv,Icon,"""CM2_UPAP057L.TGA"""
ICON_ADVANCE_IRON_WORKING,7,kv,LargeIcon,"""NULL"""
ICON_ADVANCE_IRON_WORKING,8,kv,SmallIcon,"""NULL"""
ICON_ADVANCE_IRON_WORKING,9,kv,StatText,"""ADVANCE_IRON_WORKING_PREREQ"""
ICON_ADVANCE_JET_PROPULSION,0,kv,FirstFrame,"""CM2_UPAP058L.TGA"""
ICON_ADVANCE_JET_PROPULSION,1,kv,Movie,"""NULL"""
ICON_ADVANCE_JET_PROPULSION,2,kv,Gameplay,"""ADVANCE_JET_PROPULSION_GAMEPLAY"""
ICON_ADVANCE_JET_PROPULSION,3,kv,Historical,"""ADVANCE_JET_PROPULSION_HISTORICAL"""
ICON_ADVANCE_JET_PROPULSION,4,kv,Prereq,"""ADVANCE_JET_PROPULSION_PREREQ"""
ICON_ADVANCE_JET_PROPULSION,5,kv,Vari,"""ADVANCE_JET_PROPULSION_STATISTICS"""
ICON_ADVANCE_JET_PROPULSION,6,kv,Icon,"""CM2_UPAP058L.TGA"""
ICON_ADVANCE_JET_PROPULSION,7,kv,LargeIcon,"""NULL"""
ICON_ADVANCE_JET_PROPULSION,8,kv,SmallIcon,"""NULL"""
ICON_ADVANCE_JET_PROPULSION,9,kv,StatText,"""ADVANCE_JET_PROPULSION_PREREQ"""
ICON_ADVANCE_JURISPRUDENCE,0,kv,FirstFrame,"""CM2_UPAP059L.TGA"""
ICON_ADVANCE_JURISPRUDENCE,1,kv,Movie,"""NULL"""
ICON_ADVANCE_JURISPRUDENCE,2,kv,Gameplay,"""ADVANCE_JURISPRUDENCE_GAMEPLAY"""
ICON_ADVANCE_JURISPRUDENCE,3,kv,Historical,"""ADVANCE_JURISPRUDENCE_HISTORICAL"""
ICON_ADVANCE_JURISPRUDENCE,4,kv,Prereq,"""ADVANCE_JURISPRUDENCE_PREREQ"""
ICON_ADVANCE_JURISPRUDENCE,5,kv,Vari,"""ADVANCE_JURISPRUDENCE_STATISTICS"""
ICON_ADVANCE_JURISPRUDENCE,6,kv,Icon,"""CM2_UPAP059L.TGA"""
ICON_ADVANCE_JURISPRUDENCE,7,kv,LargeIcon,"""NULL"""
ICON_ADVANCE_JURISPRUDENCE,8,kv,SmallIcon,"""NULL"""
ICON_ADVANCE_JURISPRUDENCE,9,kv,StatText,"""ADVANCE_JURISPRUDENCE_PREREQ"""
ICON_ADVANCE_LIFE_EXTENSION,0,kv,FirstFrame,"""CM2_UPAP060L.TGA"""
ICON_ADVANCE_LIFE_EXTENSION,1,kv,Movie,"""NULL"""
ICON_ADVANCE_LIFE_EXTENSION,2,kv,Gameplay,"""ADVANCE_LIFE_EXTENSION_GAMEPLAY"""
ICON_ADVANCE_LIFE_EXTENSION,3,kv,Historical,"""ADVANCE_LIFE_EXTENSION_HISTORICAL"""
ICON_ADVANCE_LIFE_EXTENSION,4,kv,Prereq,"""ADVANCE_LIFE_EXTENSION_PREREQ"""
ICON_ADVANCE_LIFE_EXTENSION,5,kv,Vari,"""ADVANCE_LIFE_EXTENSION_STATISTICS"""
ICON_ADVANCE_LIFE_EXTENSION,6,kv,Icon,"""CM2_UPAP060L.TGA"""
ICON_ADVANCE_LIFE_EXTENSION,7,kv,LargeIcon,"""NULL"""
ICON_ADVANCE_LIFE_EXTENSION,8,kv,SmallIcon,"""NULL"""
ICON_ADVANCE_LIFE_EXTENSION,9,kv,StatText,"""ADVANCE_LIFE_EXTENSION_PREREQ"""
ICON_ADVANCE_LIQUID_BREATHING_APPARATUS,0,kv,FirstFrame,"""UPAP061L.TGA"""
ICON_ADVANCE_LIQUID_BREATHING_APPARATUS,1,kv,Movie,"""NULL"""
ICON_ADVANCE_LIQUID_BREATHING_APPARATUS,2,kv,Gameplay,"""ADVANCE_LIQUID_BREATHING_APPARATUS_GAMEPLAY"""
ICON_ADVANCE_LIQUID_BREATHING_APPARATUS,3,kv,Historical,"""ADVANCE_LIQUID_BREATHING_APPARATUS_HISTORICAL"""
ICON_ADVANCE_LIQUID_BREATHING_APPARATUS,4,kv,Prereq,"""ADVANCE_LIQUID_BREATHING_APPARATUS_PREREQ"""
ICON_ADVANCE_LIQUID_BREATHING_APPARATUS,5,kv,Vari,"""ADVANCE_LIQUID_BREATHING_APPARATUS_STATISTICS"""
ICON_ADVANCE_LIQUID_BREATHING_APPARATUS,6,kv,Icon,"""UPAP061L.TGA"""
ICON_ADVANCE_LIQUID_BREATHING_APPARATUS,7,kv,LargeIcon,"""NULL"""
ICON_ADVANCE_LIQUID_BREATHING_APPARATUS,8,kv,SmallIcon,"""NULL"""
ICON_ADVANCE_LIQUID_BREATHING_APPARATUS,9,kv,StatText,"""ADVANCE_LIQUID_BREATHING_APPARATUS_PREREQ"""
ICON_ADVANCE_MASONRY,0,kv,FirstFrame,"""UPAP062L.TGA"""
ICON_ADVANCE_MASONRY,1,kv,Movie,"""NULL"""
ICON_ADVANCE_MASONRY,2,kv,Gameplay,"""ADVANCE_MASONRY_GAMEPLAY"""
ICON_ADVANCE_MASONRY,3,kv,Historical,"""ADVANCE_MASONRY_HISTORICAL"""
ICON_ADVANCE_MASONRY,4,kv,Prereq,"""ADVANCE_MASONRY_PREREQ"""
ICON_ADVANCE_MASONRY,5,kv,Vari,"""ADVANCE_MASONRY_STATISTICS"""
ICON_ADVANCE_MASONRY,6,kv,Icon,"""UPAP062L.TGA"""
ICON_ADVANCE_MASONRY,7,kv,LargeIcon,"""NULL"""
ICON_ADVANCE_MASONRY,8,kv,SmallIcon,"""NULL"""
ICON_ADVANCE_MASONRY,9,kv,StatText,"""ADVANCE_MASONRY_PREREQ"""
ICON_ADVANCE_MASS_MEDIA,0,kv,FirstFrame,"""CM2_UPAP063L.TGA"""
ICON_ADVANCE_MASS_MEDIA,1,kv,Movie,"""NULL"""
ICON_ADVANCE_MASS_MEDIA,2,kv,Gameplay,"""ADVANCE_MASS_MEDIA_GAMEPLAY"""
ICON_ADVANCE_MASS_MEDIA,3,kv,Historical,"""ADVANCE_MASS_MEDIA_HISTORICAL"""
ICON_ADVANCE_MASS_MEDIA,4,kv,Prereq,"""ADVANCE_MASS_MEDIA_PREREQ"""
ICON_ADVANCE_MASS_MEDIA,5,kv,Vari,"""ADVANCE_MASS_MEDIA_STATISTICS"""
ICON_ADVANCE_MASS_MEDIA,6,kv,Icon,"""CM2_UPAP063L.TGA"""
ICON_ADVANCE_MASS_MEDIA,7,kv,LargeIcon,"""NULL"""
ICON_ADVANCE_MASS_MEDIA,8,kv,SmallIcon,"""NULL"""
ICON_ADVANCE_MASS_MEDIA,9,kv,StatText,"""ADVANCE_MASS_MEDIA_PREREQ"""
ICON_ADVANCE_MASS_PRODUCTION,0,kv,FirstFrame,"""CM2_UPAP064L.TGA"""
ICON_ADVANCE_MASS_PRODUCTION,1,kv,Movie,"""NULL"""
ICON_ADVANCE_MASS_PRODUCTION,2,kv,Gameplay,"""ADVANCE_MASS_PRODUCTION_GAMEPLAY"""
ICON_ADVANCE_MASS_PRODUCTION,3,kv,Historical,"""ADVANCE_MASS_PRODUCTION_HISTORICAL"""
ICON_ADVANCE_MASS_PRODUCTION,4,kv,Prereq,"""ADVANCE_MASS_PRODUCTION_PREREQ"""
ICON_ADVANCE_MASS_PRODUCTION,5,kv,Vari,"""ADVANCE_MASS_PRODUCTION_STATISTICS"""
ICON_ADVANCE_MASS_PRODUCTION,6,kv,Icon,"""CM2_UPAP064L.TGA"""
ICON_ADVANCE_MASS_PRODUCTION,7,kv,LargeIcon,"""NULL"""
ICON_ADVANCE_MASS_PRODUCTION,8,kv,SmallIcon,"""NULL"""
ICON_ADVANCE_MASS_PRODUCTION,9,kv,StatText,"""ADVANCE_MASS_PRODUCTION_PREREQ"""
ICON_ADVANCE_MASS_TRANSIT,0,kv,FirstFrame,"""CM2_UPAP065L.TGA"""
ICON_ADVANCE_MASS_TRANSIT,1,kv,Movie,"""NULL"""
ICON_ADVANCE_MASS_TRANSIT,2,kv,Gameplay,"""ADVANCE_MASS_TRANSIT_GAMEPLAY"""
ICON_ADVANCE_MASS_TRANSIT,3,kv,Historical,"""ADVANCE_MASS_TRANSIT_HISTORICAL"""
ICON_ADVANCE_MASS_TRANSIT,4,kv,Prereq,"""ADVANCE_MASS_TRANSIT_PREREQ"""
ICON_ADVANCE_MASS_TRANSIT,5,kv,Vari,"""ADVANCE_MASS_TRANSIT_STATISTICS"""
ICON_ADVANCE_MASS_TRANSIT,6,kv,Icon,"""CM2_UPAP065L.TGA"""
ICON_ADVANCE_MASS_TRANSIT,7,kv,LargeIcon,"""NULL"""
ICON_ADVANCE_MASS_TRANSIT,8,kv,SmallIcon,"""NULL"""
ICON_ADVANCE_MASS_TRANSIT,9,kv,StatText,"""ADVANCE_MASS_TRANSIT_PREREQ"""
ICON_ADVANCE_MEDICINE,0,kv,FirstFrame,"""CM2_UPAP066L.TGA"""
ICON_ADVANCE_MEDICINE,1,kv,Movie,"""NULL"""
ICON_ADVANCE_MEDICINE,2,kv,Gameplay,"""ADVANCE_MEDICINE_GAMEPLAY"""
ICON_ADVANCE_MEDICINE,3,kv,Historical,"""ADVANCE_MEDICINE_HISTORICAL"""
ICON_ADVANCE_MEDICINE,4,kv,Prereq,"""ADVANCE_MEDICINE_PREREQ"""
ICON_ADVANCE_MEDICINE,5,kv,Vari,"""ADVANCE_MEDICINE_STATISTICS"""
ICON_ADVANCE_MEDICINE,6,kv,Icon,"""CM2_UPAP066L.TGA"""
ICON_ADVANCE_MEDICINE,7,kv,LargeIcon,"""NULL"""
ICON_ADVANCE_MEDICINE,8,kv,SmallIcon,"""NULL"""
ICON_ADVANCE_MEDICINE,9,kv,StatText,"""ADVANCE_MEDICINE_PREREQ"""
ICON_ADVANCE_MODERN_METALLURGY,0,kv,FirstFrame,"""CM2_UPAP067L.TGA"""
ICON_ADVANCE_MODERN_METALLURGY,1,kv,Movie,"""NULL"""
ICON_ADVANCE_MODERN_METALLURGY,2,kv,Gameplay,"""ADVANCE_MODERN_METALLURGY_GAMEPLAY"""
ICON_ADVANCE_MODERN_METALLURGY,3,kv,Historical,"""ADVANCE_MODERN_METALLURGY_HISTORICAL"""
ICON_ADVANCE_MODERN_METALLURGY,4,kv,Prereq,"""ADVANCE_MODERN_METALLURGY_PREREQ"""
ICON_ADVANCE_MODERN_METALLURGY,5,kv,Vari,"""ADVANCE_MODERN_METALLURGY_STATISTICS"""
ICON_ADVANCE_MODERN_METALLURGY,6,kv,Icon,"""CM2_UPAP067L.TGA"""
ICON_ADVANCE_MODERN_METALLURGY,7,kv,LargeIcon,"""NULL"""
ICON_ADVANCE_MODERN_METALLURGY,8,kv,SmallIcon,"""NULL"""
ICON_ADVANCE_MODERN_METALLURGY,9,kv,StatText,"""ADVANCE_MODERN_METALLURGY_PREREQ"""
ICON_ADVANCE_MONARCHY,0,kv,FirstFrame,"""CM2_UPAP068L.TGA"""
ICON_ADVANCE_MONARCHY,1,kv,Movie,"""NULL"""
ICON_ADVANCE_MONARCHY,2,kv,Gameplay,"""ADVANCE_MONARCHY_GAMEPLAY"""
ICON_ADVANCE_MONARCHY,3,kv,Historical,"""ADVANCE_MONARCHY_HISTORICAL"""
ICON_ADVANCE_MONARCHY,4,kv,Prereq,"""ADVANCE_MONARCHY_PREREQ"""
ICON_ADVANCE_MONARCHY,5,kv,Vari,"""ADVANCE_MONARCHY_STATISTICS"""
ICON_ADVANCE_MONARCHY,6,kv,Icon,"""CM2_UPAP068L.TGA"""
ICON_ADVANCE_MONARCHY,7,kv,LargeIcon,"""NULL"""
ICON_ADVANCE_MONARCHY,8,kv,SmallIcon,"""NULL"""
ICON_ADVANCE_MONARCHY,9,kv,StatText,"""ADVANCE_MONARCHY_PREREQ"""
ICON_ADVANCE_NANO_ASSEMBLY,0,kv,FirstFrame,"""CM2_UPAP069L.TGA"""
ICON_ADVANCE_NANO_ASSEMBLY,1,kv,Movie,"""NULL"""
ICON_ADVANCE_NANO_ASSEMBLY,2,kv,Gameplay,"""ADVANCE_NANO_ASSEMBLY_GAMEPLAY"""
ICON_ADVANCE_NANO_ASSEMBLY,3,kv,Historical,"""ADVANCE_NANO_ASSEMBLY_HISTORICAL"""
ICON_ADVANCE_NANO_ASSEMBLY,4,kv,Prereq,"""ADVANCE_NANO_ASSEMBLY_PREREQ"""
ICON_ADVANCE_NANO_ASSEMBLY,5,kv,Vari,"""ADVANCE_NANO_ASSEMBLY_STATISTICS"""
ICON_ADVANCE_NANO_ASSEMBLY,6,kv,Icon,"""CM2_UPAP069L.TGA"""
ICON_ADVANCE_NANO_ASSEMBLY,7,kv,LargeIcon,"""NULL"""
ICON_ADVANCE_NANO_ASSEMBLY,8,kv,SmallIcon,"""NULL"""
ICON_ADVANCE_NANO_ASSEMBLY,9,kv,StatText,"""ADVANCE_NANO_ASSEMBLY_PREREQ"""
ICON_ADVANCE_NANO_MACHINES,0,kv,FirstFrame,"""UPAP070L.TGA"""
ICON_ADVANCE_NANO_MACHINES,1,kv,Movie,"""NULL"""
ICON_ADVANCE_NANO_MACHINES,2,kv,Gameplay,"""ADVANCE_NANO_MACHINES_GAMEPLAY"""
ICON_ADVANCE_NANO_MACHINES,3,kv,Historical,"""ADVANCE_NANO_MACHINES_HISTORICAL"""
ICON_ADVANCE_NANO_MACHINES,4,kv,Prereq,"""ADVANCE_NANO_MACHINES_PREREQ"""
ICON_ADVANCE_NANO_MACHINES,5,kv,Vari,"""ADVANCE_NANO_MACHINES_STATISTICS"""
ICON_ADVANCE_NANO_MACHINES,6,kv,Icon,"""UPAP070L.TGA"""
ICON_ADVANCE_NANO_MACHINES,7,kv,LargeIcon,"""NULL"""
ICON_ADVANCE_NANO_MACHINES,8,kv,SmallIcon,"""NULL"""
ICON_ADVANCE_NANO_MACHINES,9,kv,StatText,"""ADVANCE_NANO_MACHINES_PREREQ"""
ICON_ADVANCE_NANO_WARFARE,0,kv,FirstFrame,"""UPAP071L.TGA"""
ICON_ADVANCE_NANO_WARFARE,1,kv,Movie,"""NULL"""
ICON_ADVANCE_NANO_WARFARE,2,kv,Gameplay,"""ADVANCE_NANO_WARFARE_GAMEPLAY"""
ICON_ADVANCE_NANO_WARFARE,3,kv,Historical,"""ADVANCE_NANO_WARFARE_HISTORICAL"""
ICON_ADVANCE_NANO_WARFARE,4,kv,Prereq,"""ADVANCE_NANO_WARFARE_PREREQ"""
ICON_ADVANCE_NANO_WARFARE,5,kv,Vari,"""ADVANCE_NANO_WARFARE_STATISTICS"""
ICON_ADVANCE_NANO_WARFARE,6,kv,Icon,"""UPAP071L.TGA"""
ICON_ADVANCE_NANO_WARFARE,7,kv,LargeIcon,"""NULL"""
ICON_ADVANCE_NANO_WARFARE,8,kv,SmallIcon,"""NULL"""
ICON_ADVANCE_NANO_WARFARE,9,kv,StatText,"""ADVANCE_NANO_WARFARE_PREREQ"""
ICON_ADVANCE_NATIONALISM,0,kv,FirstFrame,"""CM2_UPAP072L.TGA"""
ICON_ADVANCE_NATIONALISM,1,kv,Movie,"""NULL"""
ICON_ADVANCE_NATIONALISM,2,kv,Gameplay,"""ADVANCE_NATIONALISM_GAMEPLAY"""
ICON_ADVANCE_NATIONALISM,3,kv,Historical,"""ADVANCE_NATIONALISM_HISTORICAL"""
ICON_ADVANCE_NATIONALISM,4,kv,Prereq,"""ADVANCE_NATIONALISM_PREREQ"""
ICON_ADVANCE_NATIONALISM,5,kv,Vari,"""ADVANCE_NATIONALISM_STATISTICS"""
ICON_ADVANCE_NATIONALISM,6,kv,Icon,"""CM2_UPAP072L.TGA"""
ICON_ADVANCE_NATIONALISM,7,kv,LargeIcon,"""NULL"""
ICON_ADVANCE_NATIONALISM,8,kv,SmallIcon,"""NULL"""
ICON_ADVANCE_NATIONALISM,9,kv,StatText,"""ADVANCE_NATIONALISM_PREREQ"""
ICON_ADVANCE_NAVAL_AVIATION,0,kv,FirstFrame,"""CM2_UPAP073L.TGA"""
ICON_ADVANCE_NAVAL_AVIATION,1,kv,Movie,"""NULL"""
ICON_ADVANCE_NAVAL_AVIATION,2,kv,Gameplay,"""ADVANCE_NAVAL_AVIATION_GAMEPLAY"""
ICON_ADVANCE_NAVAL_AVIATION,3,kv,Historical,"""ADVANCE_NAVAL_AVIATION_HISTORICAL"""
ICON_ADVANCE_NAVAL_AVIATION,4,kv,Prereq,"""ADVANCE_NAVAL_AVIATION_PREREQ"""
ICON_ADVANCE_NAVAL_AVIATION,5,kv,Vari,"""ADVANCE_NAVAL_AVIATION_STATISTICS"""
ICON_ADVANCE_NAVAL_AVIATION,6,kv,Icon,"""CM2_UPAP073L.TGA"""
ICON_ADVANCE_NAVAL_AVIATION,7,kv,LargeIcon,"""NULL"""
ICON_ADVANCE_NAVAL_AVIATION,8,kv,SmallIcon,"""NULL"""
ICON_ADVANCE_NAVAL_AVIATION,9,kv,StatText,"""ADVANCE_NAVAL_AVIATION_PREREQ"""
ICON_ADVANCE_NAVAL_TACTICS,0,kv,FirstFrame,"""UPAP074L.TGA"""
ICON_ADVANCE_NAVAL_TACTICS,1,kv,Movie,"""NULL"""
ICON_ADVANCE_NAVAL_TACTICS,2,kv,Gameplay,"""ADVANCE_NAVAL_TACTICS_GAMEPLAY"""
ICON_ADVANCE_NAVAL_TACTICS,3,kv,Historical,"""ADVANCE_NAVAL_TACTICS_HISTORICAL"""
ICON_ADVANCE_NAVAL_TACTICS,4,kv,Prereq,"""ADVANCE_NAVAL_TACTICS_PREREQ"""
ICON_ADVANCE_NAVAL_TACTICS,5,kv,Vari,"""ADVANCE_NAVAL_TACTICS_STATISTICS"""
ICON_ADVANCE_NAVAL_TACTICS,6,kv,Icon,"""UPAP074L.TGA"""
ICON_ADVANCE_NAVAL_TACTICS,7,kv,LargeIcon,"""NULL"""
ICON_ADVANCE_NAVAL_TACTICS,8,kv,SmallIcon,"""NULL"""
ICON_ADVANCE_NAVAL_TACTICS,9,kv,StatText,"""ADVANCE_NAVAL_TACTICS_PREREQ"""
ICON_ADVANCE_NEURAL_INTERFACE,0,kv,FirstFrame,"""UPAP075L.TGA"""
ICON_ADVANCE_NEURAL_INTERFACE,1,kv,Movie,"""NULL"""
ICON_ADVANCE_NEURAL_INTERFACE,2,kv,Gameplay,"""ADVANCE_NEURAL_INTERFACE_GAMEPLAY"""
ICON_ADVANCE_NEURAL_INTERFACE,3,kv,Historical,"""ADVANCE_NEURAL_INTERFACE_HISTORICAL"""
ICON_ADVANCE_NEURAL_INTERFACE,4,kv,Prereq,"""ADVANCE_NEURAL_INTERFACE_PREREQ"""
ICON_ADVANCE_NEURAL_INTERFACE,5,kv,Vari,"""ADVANCE_NEURAL_INTERFACE_STATISTICS"""
ICON_ADVANCE_NEURAL_INTERFACE,6,kv,Icon,"""UPAP075L.TGA"""
ICON_ADVANCE_NEURAL_INTERFACE,7,kv,LargeIcon,"""NULL"""
ICON_ADVANCE_NEURAL_INTERFACE,8,kv,SmallIcon,"""NULL"""
ICON_ADVANCE_NEURAL_INTERFACE,9,kv,StatText,"""ADVANCE_NEURAL_INTERFACE_PREREQ"""
ICON_ADVANCE_NEURAL_REPROGRAMMING,0,kv,FirstFrame,"""CM2_UPAP076L.TGA"""
ICON_ADVANCE_NEURAL_REPROGRAMMING,1,kv,Movie,"""NULL"""
ICON_ADVANCE_NEURAL_REPROGRAMMING,2,kv,Gameplay,"""ADVANCE_NEURAL_REPROGRAMMING_GAMEPLAY"""
ICON_ADVANCE_NEURAL_REPROGRAMMING,3,kv,Historical,"""ADVANCE_NEURAL_REPROGRAMMING_HISTORICAL"""
ICON_ADVANCE_NEURAL_REPROGRAMMING,4,kv,Prereq,"""ADVANCE_NEURAL_REPROGRAMMING_PREREQ"""
ICON_ADVANCE_NEURAL_REPROGRAMMING,5,kv,Vari,"""ADVANCE_NEURAL_REPROGRAMMING_STATISTICS"""
ICON_ADVANCE_NEURAL_REPROGRAMMING,6,kv,Icon,"""CM2_UPAP076L.TGA"""
ICON_ADVANCE_NEURAL_REPROGRAMMING,7,kv,LargeIcon,"""NULL"""
ICON_ADVANCE_NEURAL_REPROGRAMMING,8,kv,SmallIcon,"""NULL"""
ICON_ADVANCE_NEURAL_REPROGRAMMING,9,kv,StatText,"""ADVANCE_NEURAL_REPROGRAMMING_PREREQ"""
ICON_ADVANCE_NUCLEAR_POWER,0,kv,FirstFrame,"""CM2_UPAP077L.TGA"""
ICON_ADVANCE_NUCLEAR_POWER,1,kv,Movie,"""NULL"""
ICON_ADVANCE_NUCLEAR_POWER,2,kv,Gameplay,"""ADVANCE_NUCLEAR_POWER_GAMEPLAY"""
ICON_ADVANCE_NUCLEAR_POWER,3,kv,Historical,"""ADVANCE_NUCLEAR_POWER_HISTORICAL"""
ICON_ADVANCE_NUCLEAR_POWER,4,kv,Prereq,"""ADVANCE_NUCLEAR_POWER_PREREQ"""
ICON_ADVANCE_NUCLEAR_POWER,5,kv,Vari,"""ADVANCE_NUCLEAR_POWER_STATISTICS"""
ICON_ADVANCE_NUCLEAR_POWER,6,kv,Icon,"""CM2_UPAP077L.TGA"""
ICON_ADVANCE_NUCLEAR_POWER,7,kv,LargeIcon,"""NULL"""
ICON_ADVANCE_NUCLEAR_POWER,8,kv,SmallIcon,"""NULL"""
ICON_ADVANCE_NUCLEAR_POWER,9,kv,StatText,"""ADVANCE_NUCLEAR_POWER_PREREQ"""
ICON_ADVANCE_OCEAN_FARING,0,kv,FirstFrame,"""UPAP078L.TGA"""
ICON_ADVANCE_OCEAN_FARING,1,kv,Movie,"""NULL"""
ICON_ADVANCE_OCEAN_FARING,2,kv,Gameplay,"""ADVANCE_OCEAN_FARING_GAMEPLAY"""
ICON_ADVANCE_OCEAN_FARING,3,kv,Historical,"""ADVANCE_OCEAN_FARING_HISTORICAL"""
ICON_ADVANCE_OCEAN_FARING,4,kv,Prereq,"""ADVANCE_OCEAN_FARING_PREREQ"""
ICON_ADVANCE_OCEAN_FARING,5,kv,Vari,"""ADVANCE_OCEAN_FARING_STATISTICS"""
ICON_ADVANCE_OCEAN_FARING,6,kv,Icon,"""UPAP078L.TGA"""
ICON_ADVANCE_OCEAN_FARING,7,kv,LargeIcon,"""NULL"""
ICON_ADVANCE_OCEAN_FARING,8,kv,SmallIcon,"""NULL"""
ICON_ADVANCE_OCEAN_FARING,9,kv,StatText,"""ADVANCE_OCEAN_FARING_PREREQ"""
ICON_ADVANCE_OIL_REFINING,0,kv,FirstFrame,"""UPAP079L.TGA"""
ICON_ADVANCE_OIL_REFINING,1,kv,Movie,"""NULL"""
ICON_ADVANCE_OIL_REFINING,2,kv,Gameplay,"""ADVANCE_OIL_REFINING_GAMEPLAY"""
ICON_ADVANCE_OIL_REFINING,3,kv,Historical,"""ADVANCE_OIL_REFINING_HISTORICAL"""
ICON_ADVANCE_OIL_REFINING,4,kv,Prereq,"""ADVANCE_OIL_REFINING_PREREQ"""
ICON_ADVANCE_OIL_REFINING,5,kv,Vari,"""ADVANCE_OIL_REFINING_STATISTICS"""
ICON_ADVANCE_OIL_REFINING,6,kv,Icon,"""UPAP079L.TGA"""
ICON_ADVANCE_OIL_REFINING,7,kv,LargeIcon,"""NULL"""
ICON_ADVANCE_OIL_REFINING,8,kv,SmallIcon,"""NULL"""
ICON_ADVANCE_OIL_REFINING,9,kv,StatText,"""ADVANCE_OIL_REFINING_PREREQ"""
ICON_ADVANCE_OPTICS,0,kv,FirstFrame,"""UPAP080L.TGA"""
ICON_ADVANCE_OPTICS,1,kv,Movie,"""NULL"""
ICON_ADVANCE_OPTICS,2,kv,Gameplay,"""ADVANCE_OPTICS_GAMEPLAY"""
ICON_ADVANCE_OPTICS,3,kv,Historical,"""ADVANCE_OPTICS_HISTORICAL"""
ICON_ADVANCE_OPTICS,4,kv,Prereq,"""ADVANCE_OPTICS_PREREQ"""
ICON_ADVANCE_OPTICS,5,kv,Vari,"""ADVANCE_OPTICS_STATISTICS"""
ICON_ADVANCE_OPTICS,6,kv,Icon,"""UPAP080L.TGA"""
ICON_ADVANCE_OPTICS,7,kv,LargeIcon,"""NULL"""
ICON_ADVANCE_OPTICS,8,kv,SmallIcon,"""NULL"""
ICON_ADVANCE_OPTICS,9,kv,StatText,"""ADVANCE_OPTICS_PREREQ"""
ICON_ADVANCE_PHARMACEUTICALS,0,kv,FirstFrame,"""UPAP081L.TGA"""
ICON_ADVANCE_PHARMACEUTICALS,1,kv,Movie,"""NULL"""
ICON_ADVANCE_PHARMACEUTICALS,2,kv,Gameplay,"""ADVANCE_PHARMACEUTICALS_GAMEPLAY"""
ICON_ADVANCE_PHARMACEUTICALS,3,kv,Historical,"""ADVANCE_PHARMACEUTICALS_HISTORICAL"""
ICON_ADVANCE_PHARMACEUTICALS,4,kv,Prereq,"""ADVANCE_PHARMACEUTICALS_PREREQ"""
ICON_ADVANCE_PHARMACEUTICALS,5,kv,Vari,"""ADVANCE_PHARMACEUTICALS_STATISTICS"""
ICON_ADVANCE_PHARMACEUTICALS,6,kv,Icon,"""UPAP081L.TGA"""
ICON_ADVANCE_PHARMACEUTICALS,7,kv,LargeIcon,"""NULL"""
ICON_ADVANCE_PHARMACEUTICALS,8,kv,SmallIcon,"""NULL"""
ICON_ADVANCE_PHARMACEUTICALS,9,kv,StatText,"""ADVANCE_PHARMACEUTICALS_PREREQ"""
ICON_ADVANCE_PHILOSOPHY,0,kv,FirstFrame,"""CM2_UPAP082L.TGA"""
ICON_ADVANCE_PHILOSOPHY,1,kv,Movie,"""NULL"""
ICON_ADVANCE_PHILOSOPHY,2,kv,Gameplay,"""ADVANCE_PHILOSOPHY_GAMEPLAY"""
ICON_ADVANCE_PHILOSOPHY,3,kv,Historical,"""ADVANCE_PHILOSOPHY_HISTORICAL"""
ICON_ADVANCE_PHILOSOPHY,4,kv,Prereq,"""ADVANCE_PHILOSOPHY_PREREQ"""
ICON_ADVANCE_PHILOSOPHY,5,kv,Vari,"""ADVANCE_PHILOSOPHY_STATISTICS"""
ICON_ADVANCE_PHILOSOPHY,6,kv,Icon,"""CM2_UPAP082L.TGA"""
ICON_ADVANCE_PHILOSOPHY,7,kv,LargeIcon,"""NULL"""
ICON_ADVANCE_PHILOSOPHY,8,kv,SmallIcon,"""NULL"""
ICON_ADVANCE_PHILOSOPHY,9,kv,StatText,"""ADVANCE_PHILOSOPHY_PREREQ"""
ICON_ADVANCE_PHYSICS,0,kv,FirstFrame,"""CM2_UPAP083L.TGA"""
ICON_ADVANCE_PHYSICS,1,kv,Movie,"""NULL"""
ICON_ADVANCE_PHYSICS,2,kv,Gameplay,"""ADVANCE_PHYSICS_GAMEPLAY"""
ICON_ADVANCE_PHYSICS,3,kv,Historical,"""ADVANCE_PHYSICS_HISTORICAL"""
ICON_ADVANCE_PHYSICS,4,kv,Prereq,"""ADVANCE_PHYSICS_PREREQ"""
ICON_ADVANCE_PHYSICS,5,kv,Vari,"""ADVANCE_PHYSICS_STATISTICS"""
ICON_ADVANCE_PHYSICS,6,kv,Icon,"""CM2_UPAP083L.TGA"""
ICON_ADVANCE_PHYSICS,7,kv,LargeIcon,"""NULL"""
ICON_ADVANCE_PHYSICS,8,kv,SmallIcon,"""NULL"""
ICON_ADVANCE_PHYSICS,9,kv,StatText,"""ADVANCE_PHYSICS_PREREQ"""
ICON_ADVANCE_PLASMA_WEAPONRY,0,kv,FirstFrame,"""UPAP084L.TGA"""
ICON_ADVANCE_PLASMA_WEAPONRY,1,kv,Movie,"""NULL"""
ICON_ADVANCE_PLASMA_WEAPONRY,2,kv,Gameplay,"""ADVANCE_PLASMA_WEAPONRY_GAMEPLAY"""
ICON_ADVANCE_PLASMA_WEAPONRY,3,kv,Historical,"""ADVANCE_PLASMA_WEAPONRY_HISTORICAL"""
ICON_ADVANCE_PLASMA_WEAPONRY,4,kv,Prereq,"""ADVANCE_PLASMA_WEAPONRY_PREREQ"""
ICON_ADVANCE_PLASMA_WEAPONRY,5,kv,Vari,"""ADVANCE_PLASMA_WEAPONRY_STATISTICS"""
ICON_ADVANCE_PLASMA_WEAPONRY,6,kv,Icon,"""UPAP084L.TGA"""
ICON_ADVANCE_PLASMA_WEAPONRY,7,kv,LargeIcon,"""NULL"""
ICON_ADVANCE_PLASMA_WEAPONRY,8,kv,SmallIcon,"""NULL"""
ICON_ADVANCE_PLASMA_WEAPONRY,9,kv,StatText,"""ADVANCE_PLASMA_WEAPONRY_PREREQ"""
ICON_ADVANCE_PRINTING_PRESS,0,kv,FirstFrame,"""UPAP085L.TGA"""
ICON_ADVANCE_PRINTING_PRESS,1,kv,Movie,"""NULL"""
ICON_ADVANCE_PRINTING_PRESS,2,kv,Gameplay,"""ADVANCE_PRINTING_PRESS_GAMEPLAY"""
ICON_ADVANCE_PRINTING_PRESS,3,kv,Historical,"""ADVANCE_PRINTING_PRESS_HISTORICAL"""
ICON_ADVANCE_PRINTING_PRESS,4,kv,Prereq,"""ADVANCE_PRINTING_PRESS_PREREQ"""
ICON_ADVANCE_PRINTING_PRESS,5,kv,Vari,"""ADVANCE_PRINTING_PRESS_STATISTICS"""
ICON_ADVANCE_PRINTING_PRESS,6,kv,Icon,"""UPAP085L.TGA"""
ICON_ADVANCE_PRINTING_PRESS,7,kv,LargeIcon,"""NULL"""
ICON_ADVANCE_PRINTING_PRESS,8,kv,SmallIcon,"""NULL"""
ICON_ADVANCE_PRINTING_PRESS,9,kv,StatText,"""ADVANCE_PRINTING_PRESS_PREREQ"""
ICON_ADVANCE_QUANTUM_MECHANICS,0,kv,FirstFrame,"""CM2_UPAP086L.TGA"""
ICON_ADVANCE_QUANTUM_MECHANICS,1,kv,Movie,"""NULL"""
ICON_ADVANCE_QUANTUM_MECHANICS,2,kv,Gameplay,"""ADVANCE_QUANTUM_MECHANICS_GAMEPLAY"""
ICON_ADVANCE_QUANTUM_MECHANICS,3,kv,Historical,"""ADVANCE_QUANTUM_MECHANICS_HISTORICAL"""
ICON_ADVANCE_QUANTUM_MECHANICS,4,kv,Prereq,"""ADVANCE_QUANTUM_MECHANICS_PREREQ"""
ICON_ADVANCE_QUANTUM_MECHANICS,5,kv,Vari,"""ADVANCE_QUANTUM_MECHANICS_STATISTICS"""
ICON_ADVANCE_QUANTUM_MECHANICS,6,kv,Icon,"""CM2_UPAP086L.TGA"""
ICON_ADVANCE_QUANTUM_MECHANICS,7,kv,LargeIcon,"""NULL"""
ICON_ADVANCE_QUANTUM_MECHANICS,8,kv,SmallIcon,"""NULL"""
ICON_ADVANCE_QUANTUM_MECHANICS,9,kv,StatText,"""ADVANCE_QUANTUM_MECHANICS_PREREQ"""
ICON_ADVANCE_RADAR,0,kv,FirstFrame,"""CM2_UPAP087L.TGA"""
ICON_ADVANCE_RADAR,1,kv,Movie,"""NULL"""
ICON_ADVANCE_RADAR,2,kv,Gameplay,"""ADVANCE_RADAR_GAMEPLAY"""
ICON_ADVANCE_RADAR,3,kv,Historical,"""ADVANCE_RADAR_HISTORICAL"""
ICON_ADVANCE_RADAR,4,kv,Prereq,"""ADVANCE_RADAR_PREREQ"""
ICON_ADVANCE_RADAR,5,kv,Vari,"""ADVANCE_RADAR_STATISTICS"""
ICON_ADVANCE_RADAR,6,kv,Icon,"""CM2_UPAP087L.TGA"""
ICON_ADVANCE_RADAR,7,kv,LargeIcon,"""NULL"""
ICON_ADVANCE_RADAR,8,kv,SmallIcon,"""NULL"""
ICON_ADVANCE_RADAR,9,kv,StatText,"""ADVANCE_RADAR_PREREQ"""
ICON_ADVANCE_RAILROAD,0,kv,FirstFrame,"""CM2_UPAP088L.TGA"""
ICON_ADVANCE_RAILROAD,1,kv,Movie,"""NULL"""
ICON_ADVANCE_RAILROAD,2,kv,Gameplay,"""ADVANCE_RAILROAD_GAMEPLAY"""
ICON_ADVANCE_RAILROAD,3,kv,Historical,"""ADVANCE_RAILROAD_HISTORICAL"""
ICON_ADVANCE_RAILROAD,4,kv,Prereq,"""ADVANCE_RAILROAD_PREREQ"""
ICON_ADVANCE_RAILROAD,5,kv,Vari,"""ADVANCE_RAILROAD_STATISTICS"""
ICON_ADVANCE_RAILROAD,6,kv,Icon,"""CM2_UPAP088L.TGA"""
ICON_ADVANCE_RAILROAD,7,kv,LargeIcon,"""NULL"""
ICON_ADVANCE_RAILROAD,8,kv,SmallIcon,"""NULL"""
ICON_ADVANCE_RAILROAD,9,kv,StatText,"""ADVANCE_RAILROAD_PREREQ"""
ICON_ADVANCE_RELIGION,0,kv,FirstFrame,"""UPAP089L.TGA"""
ICON_ADVANCE_RELIGION,1,kv,Movie,"""NULL"""
ICON_ADVANCE_RELIGION,2,kv,Gameplay,"""ADVANCE_RELIGION_GAMEPLAY"""
ICON_ADVANCE_RELIGION,3,kv,Historical,"""ADVANCE_RELIGION_HISTORICAL"""
ICON_ADVANCE_RELIGION,4,kv,Prereq,"""ADVANCE_RELIGION_PREREQ"""
ICON_ADVANCE_RELIGION,5,kv,Vari,"""ADVANCE_RELIGION_STATISTICS"""
ICON_ADVANCE_RELIGION,6,kv,Icon,"""UPAP089L.TGA"""
ICON_ADVANCE_RELIGION,7,kv,LargeIcon,"""NULL"""
ICON_ADVANCE_RELIGION,8,kv,SmallIcon,"""NULL"""
ICON_ADVANCE_RELIGION,9,kv,StatText,"""ADVANCE_RELIGION_PREREQ"""
ICON_ADVANCE_ROBOTICS,0,kv,FirstFrame,"""CM2_UPAP090L.TGA"""
ICON_ADVANCE_ROBOTICS,1,kv,Movie,"""NULL"""
ICON_ADVANCE_ROBOTICS,2,kv,Gameplay,"""ADVANCE_ROBOTICS_GAMEPLAY"""
ICON_ADVANCE_ROBOTICS,3,kv,Historical,"""ADVANCE_ROBOTICS_HISTORICAL"""
ICON_ADVANCE_ROBOTICS,4,kv,Prereq,"""ADVANCE_ROBOTICS_PREREQ"""
ICON_ADVANCE_ROBOTICS,5,kv,Vari,"""ADVANCE_ROBOTICS_STATISTICS"""
ICON_ADVANCE_ROBOTICS,6,kv,Icon,"""CM2_UPAP090L.TGA"""
ICON_ADVANCE_ROBOTICS,7,kv,LargeIcon,"""NULL"""
ICON_ADVANCE_ROBOTICS,8,kv,SmallIcon,"""NULL"""
ICON_ADVANCE_ROBOTICS,9,kv,StatText,"""ADVANCE_ROBOTICS_PREREQ"""
ICON_ADVANCE_SHIP_BUILDING,0,kv,FirstFrame,"""UPAP091L.TGA"""
ICON_ADVANCE_SHIP_BUILDING,1,kv,Movie,"""NULL"""
ICON_ADVANCE_SHIP_BUILDING,2,kv,Gameplay,"""ADVANCE_SHIP_BUILDING_GAMEPLAY"""
ICON_ADVANCE_SHIP_BUILDING,3,kv,Historical,"""ADVANCE_SHIP_BUILDING_HISTORICAL"""
ICON_ADVANCE_SHIP_BUILDING,4,kv,Prereq,"""ADVANCE_SHIP_BUILDING_PREREQ"""
ICON_ADVANCE_SHIP_BUILDING,5,kv,Vari,"""ADVANCE_SHIP_BUILDING_STATISTICS"""
ICON_ADVANCE_SHIP_BUILDING,6,kv,Icon,"""UPAP091L.TGA"""
ICON_ADVANCE_SHIP_BUILDING,7,kv,LargeIcon,"""NULL"""
ICON_ADVANCE_SHIP_BUILDING,8,kv,SmallIcon,"""NULL"""
ICON_ADVANCE_SHIP_BUILDING,9,kv,StatText,"""ADVANCE_SHIP_BUILDING_PREREQ"""
ICON_ADVANCE_SLAVE_LABOR,0,kv,FirstFrame,"""CM2_UPAP092L.TGA"""
ICON_ADVANCE_SLAVE_LABOR,1,kv,Movie,"""NULL"""
ICON_ADVANCE_SLAVE_LABOR,2,kv,Gameplay,"""ADVANCE_SLAVE_LABOR_GAMEPLAY"""
ICON_ADVANCE_SLAVE_LABOR,3,kv,Historical,"""ADVANCE_SLAVE_LABOR_HISTORICAL"""
ICON_ADVANCE_SLAVE_LABOR,4,kv,Prereq,"""ADVANCE_SLAVE_LABOR_PREREQ"""
ICON_ADVANCE_SLAVE_LABOR,5,kv,Vari,"""ADVANCE_SLAVE_LABOR_STATISTICS"""
ICON_ADVANCE_SLAVE_LABOR,6,kv,Icon,"""CM2_UPAP092L.TGA"""
ICON_ADVANCE_SLAVE_LABOR,7,kv,LargeIcon,"""NULL"""
ICON_ADVANCE_SLAVE_LABOR,8,kv,SmallIcon,"""NULL"""
ICON_ADVANCE_SLAVE_LABOR,9,kv,StatText,"""ADVANCE_SLAVE_LABOR_PREREQ"""
ICON_ADVANCE_SMART_MATERIALS,0,kv,FirstFrame,"""UPAP093L.TGA"""
ICON_ADVANCE_SMART_MATERIALS,1,kv,Movie,"""NULL"""
ICON_ADVANCE_SMART_MATERIALS,2,kv,Gameplay,"""ADVANCE_SMART_MATERIALS_GAMEPLAY"""
ICON_ADVANCE_SMART_MATERIALS,3,kv,Historical,"""ADVANCE_SMART_MATERIALS_HISTORICAL"""
ICON_ADVANCE_SMART_MATERIALS,4,kv,Prereq,"""ADVANCE_SMART_MATERIALS_PREREQ"""
ICON_ADVANCE_SMART_MATERIALS,5,kv,Vari,"""ADVANCE_SMART_MATERIALS_STATISTICS"""
ICON_ADVANCE_SMART_MATERIALS,6,kv,Icon,"""UPAP093L.TGA"""
ICON_ADVANCE_SMART_MATERIALS,7,kv,LargeIcon,"""NULL"""
ICON_ADVANCE_SMART_MATERIALS,8,kv,SmallIcon,"""NULL"""
ICON_ADVANCE_SMART_MATERIALS,9,kv,StatText,"""ADVANCE_SMART_MATERIALS_PREREQ"""
ICON_ADVANCE_SPACE_FLIGHT,0,kv,FirstFrame,"""UPAP094L.TGA"""
ICON_ADVANCE_SPACE_FLIGHT,1,kv,Movie,"""NULL"""
ICON_ADVANCE_SPACE_FLIGHT,2,kv,Gameplay,"""ADVANCE_SPACE_FLIGHT_GAMEPLAY"""
ICON_ADVANCE_SPACE_FLIGHT,3,kv,Historical,"""ADVANCE_SPACE_FLIGHT_HISTORICAL"""
ICON_ADVANCE_SPACE_FLIGHT,4,kv,Prereq,"""ADVANCE_SPACE_FLIGHT_PREREQ"""
ICON_ADVANCE_SPACE_FLIGHT,5,kv,Vari,"""ADVANCE_SPACE_FLIGHT_STATISTICS"""
ICON_ADVANCE_SPACE_FLIGHT,6,kv,Icon,"""UPAP094L.TGA"""
ICON_ADVANCE_SPACE_FLIGHT,7,kv,LargeIcon,"""NULL"""
ICON_ADVANCE_SPACE_FLIGHT,8,kv,SmallIcon,"""NULL"""
ICON_ADVANCE_SPACE_FLIGHT,9,kv,StatText,"""ADVANCE_SPACE_FLIGHT_PREREQ"""
ICON_ADVANCE_STONE_WORKING,0,kv,FirstFrame,"""UPAP095L.TGA"""
ICON_ADVANCE_STONE_WORKING,1,kv,Movie,"""NULL"""
ICON_ADVANCE_STONE_WORKING,2,kv,Gameplay,"""ADVANCE_STONE_WORKING_GAMEPLAY"""
ICON_ADVANCE_STONE_WORKING,3,kv,Historical,"""ADVANCE_STONE_WORKING_HISTORICAL"""
ICON_ADVANCE_STONE_WORKING,4,kv,Prereq,"""ADVANCE_STONE_WORKING_PREREQ"""
ICON_ADVANCE_STONE_WORKING,5,kv,Vari,"""ADVANCE_STONE_WORKING_STATISTICS"""
ICON_ADVANCE_STONE_WORKING,6,kv,Icon,"""UPAP095L.TGA"""
ICON_ADVANCE_STONE_WORKING,7,kv,LargeIcon,"""NULL"""
ICON_ADVANCE_STONE_WORKING,8,kv,SmallIcon,"""NULL"""
ICON_ADVANCE_STONE_WORKING,9,kv,StatText,"""ADVANCE_STONE_WORKING_PREREQ"""
ICON_ADVANCE_SUBNEURAL_ADS,0,kv,FirstFrame,"""UPAP096L.TGA"""
ICON_ADVANCE_SUBNEURAL_ADS,1,kv,Movie,"""NULL"""
ICON_ADVANCE_SUBNEURAL_ADS,2,kv,Gameplay,"""ADVANCE_SUBNEURAL_ADS_GAMEPLAY"""
ICON_ADVANCE_SUBNEURAL_ADS,3,kv,Historical,"""ADVANCE_SUBNEURAL_ADS_HISTORICAL"""
ICON_ADVANCE_SUBNEURAL_ADS,4,kv,Prereq,"""ADVANCE_SUBNEURAL_ADS_PREREQ"""
ICON_ADVANCE_SUBNEURAL_ADS,5,kv,Vari,"""ADVANCE_SUBNEURAL_ADS_STATISTICS"""
ICON_ADVANCE_SUBNEURAL_ADS,6,kv,Icon,"""UPAP096L.TGA"""
ICON_ADVANCE_SUBNEURAL_ADS,7,kv,LargeIcon,"""NULL"""
ICON_ADVANCE_SUBNEURAL_ADS,8,kv,SmallIcon,"""NULL"""
ICON_ADVANCE_SUBNEURAL_ADS,9,kv,StatText,"""ADVANCE_SUBNEURAL_ADS_PREREQ"""
ICON_ADVANCE_SUPERSONIC_FLIGHT,0,kv,FirstFrame,"""CM2_UPAP097L.TGA"""
ICON_ADVANCE_SUPERSONIC_FLIGHT,1,kv,Movie,"""NULL"""
ICON_ADVANCE_SUPERSONIC_FLIGHT,2,kv,Gameplay,"""ADVANCE_SUPERSONIC_FLIGHT_GAMEPLAY"""
ICON_ADVANCE_SUPERSONIC_FLIGHT,3,kv,Historical,"""ADVANCE_SUPERSONIC_FLIGHT_HISTORICAL"""
ICON_ADVANCE_SUPERSONIC_FLIGHT,4,kv,Prereq,"""ADVANCE_SUPERSONIC_FLIGHT_PREREQ"""
ICON_ADVANCE_SUPERSONIC_FLIGHT,5,kv,Vari,"""ADVANCE_SUPERSONIC_FLIGHT_STATISTICS"""
ICON_ADVANCE_SUPERSONIC_FLIGHT,6,kv,Icon,"""CM2_UPAP097L.TGA"""
ICON_ADVANCE_SUPERSONIC_FLIGHT,7,kv,LargeIcon,"""NULL"""
ICON_ADVANCE_SUPERSONIC_FLIGHT,8,kv,SmallIcon,"""NULL"""
ICON_ADVANCE_SUPERSONIC_FLIGHT,9,kv,StatText,"""ADVANCE_SUPERSONIC_FLIGHT_PREREQ"""
ICON_ADVANCE_TANK_WARFARE,0,kv,FirstFrame,"""CM2_UPAP098L.TGA"""
ICON_ADVANCE_TANK_WARFARE,1,kv,Movie,"""NULL"""
ICON_ADVANCE_TANK_WARFARE,2,kv,Gameplay,"""ADVANCE_TANK_WARFARE_GAMEPLAY"""
ICON_ADVANCE_TANK_WARFARE,3,kv,Historical,"""ADVANCE_TANK_WARFARE_HISTORICAL"""
ICON_ADVANCE_TANK_WARFARE,4,kv,Prereq,"""ADVANCE_TANK_WARFARE_PREREQ"""
ICON_ADVANCE_TANK_WARFARE,5,kv,Vari,"""ADVANCE_TANK_WARFARE_STATISTICS"""
ICON_ADVANCE_TANK_WARFARE,6,kv,Icon,"""CM2_UPAP098L.TGA"""
ICON_ADVANCE_TANK_WARFARE,7,kv,LargeIcon,"""NULL"""
ICON_ADVANCE_TANK_WARFARE,8,kv,SmallIcon,"""NULL"""
ICON_ADVANCE_TANK_WARFARE,9,kv,StatText,"""ADVANCE_TANK_WARFARE_PREREQ"""
ICON_ADVANCE_TECHNOCRACY,0,kv,FirstFrame,"""UPAP099L.TGA"""
ICON_ADVANCE_TECHNOCRACY,1,kv,Movie,"""NULL"""
ICON_ADVANCE_TECHNOCRACY,2,kv,Gameplay,"""ADVANCE_TECHNOCRACY_GAMEPLAY"""
ICON_ADVANCE_TECHNOCRACY,3,kv,Historical,"""ADVANCE_TECHNOCRACY_HISTORICAL"""
ICON_ADVANCE_TECHNOCRACY,4,kv,Prereq,"""ADVANCE_TECHNOCRACY_PREREQ"""
ICON_ADVANCE_TECHNOCRACY,5,kv,Vari,"""ADVANCE_TECHNOCRACY_STATISTICS"""
ICON_ADVANCE_TECHNOCRACY,6,kv,Icon,"""UPAP099L.TGA"""
ICON_ADVANCE_TECHNOCRACY,7,kv,LargeIcon,"""NULL"""
ICON_ADVANCE_TECHNOCRACY,8,kv,SmallIcon,"""NULL"""
ICON_ADVANCE_TECHNOCRACY,9,kv,StatText,"""ADVANCE_TECHNOCRACY_PREREQ"""
ICON_ADVANCE_THEOLOGY,0,kv,FirstFrame,"""CM2_UPAP100L.TGA"""
ICON_ADVANCE_THEOLOGY,1,kv,Movie,"""NULL"""
ICON_ADVANCE_THEOLOGY,2,kv,Gameplay,"""ADVANCE_THEOLOGY_GAMEPLAY"""
ICON_ADVANCE_THEOLOGY,3,kv,Historical,"""ADVANCE_THEOLOGY_HISTORICAL"""
ICON_ADVANCE_THEOLOGY,4,kv,Prereq,"""ADVANCE_THEOLOGY_PREREQ"""
ICON_ADVANCE_THEOLOGY,5,kv,Vari,"""ADVANCE_THEOLOGY_STATISTICS"""
ICON_ADVANCE_THEOLOGY,6,kv,Icon,"""CM2_UPAP100L.TGA"""
ICON_ADVANCE_THEOLOGY,7,kv,LargeIcon,"""NULL"""
ICON_ADVANCE_THEOLOGY,8,kv,SmallIcon,"""NULL"""
ICON_ADVANCE_THEOLOGY,9,kv,StatText,"""ADVANCE_THEOLOGY_PREREQ"""
ICON_ADVANCE_TOOLMAKING,0,kv,FirstFrame,"""UPAP101L.TGA"""
ICON_ADVANCE_TOOLMAKING,1,kv,Movie,"""NULL"""
ICON_ADVANCE_TOOLMAKING,2,kv,Gameplay,"""ADVANCE_TOOLMAKING_GAMEPLAY"""
ICON_ADVANCE_TOOLMAKING,3,kv,Historical,"""ADVANCE_TOOLMAKING_HISTORICAL"""
ICON_ADVANCE_TOOLMAKING,4,kv,Prereq,"""ADVANCE_TOOLMAKING_PREREQ"""
ICON_ADVANCE_TOOLMAKING,5,kv,Vari,"""ADVANCE_TOOLMAKING_STATISTICS"""
ICON_ADVANCE_TOOLMAKING,6,kv,Icon,"""UPAP101L.TGA"""
ICON_ADVANCE_TOOLMAKING,7,kv,LargeIcon,"""NULL"""
ICON_ADVANCE_TOOLMAKING,8,kv,SmallIcon,"""NULL"""
ICON_ADVANCE_TOOLMAKING,9,kv,StatText,"""ADVANCE_TOOLMAKING_PREREQ"""
ICON_ADVANCE_TRADE,0,kv,FirstFrame,"""UPAP102L.TGA"""
ICON_ADVANCE_TRADE,1,kv,Movie,"""NULL"""
ICON_ADVANCE_TRADE,2,kv,Gameplay,"""ADVANCE_TRADE_GAMEPLAY"""
ICON_ADVANCE_TRADE,3,kv,Historical,"""ADVANCE_TRADE_HISTORICAL"""
ICON_ADVANCE_TRADE,4,kv,Prereq,"""ADVANCE_TRADE_PREREQ"""
ICON_ADVANCE_TRADE,5,kv,Vari,"""ADVANCE_TRADE_STATISTICS"""
ICON_ADVANCE_TRADE,6,kv,Icon,"""UPAP102L.TGA"""
ICON_ADVANCE_TRADE,7,kv,LargeIcon,"""NULL"""
ICON_ADVANCE_TRADE,8,kv,SmallIcon,"""NULL"""
ICON_ADVANCE_TRADE,9,kv,StatText,"""ADVANCE_TRADE_PREREQ"""
ICON_ADVANCE_ULTRAPRESSURE_MACHINERY,0,kv,FirstFrame,"""UPAP103L.TGA"""
ICON_ADVANCE_ULTRAPRESSURE_MACHINERY,1,kv,Movie,"""NULL"""
ICON_ADVANCE_ULTRAPRESSURE_MACHINERY,2,kv,Gameplay,"""ADVANCE_ULTRAPRESSURE_MACHINERY_GAMEPLAY"""
ICON_ADVANCE_ULTRAPRESSURE_MACHINERY,3,kv,Historical,"""ADVANCE_ULTRAPRESSURE_MACHINERY_HISTORICAL"""
ICON_ADVANCE_ULTRAPRESSURE_MACHINERY,4,kv,Prereq,"""ADVANCE_ULTRAPRESSURE_MACHINERY_PREREQ"""
ICON_ADVANCE_ULTRAPRESSURE_MACHINERY,5,kv,Vari,"""ADVANCE_ULTRAPRESSURE_MACHINERY_STATISTICS"""
ICON_ADVANCE_ULTRAPRESSURE_MACHINERY,6,kv,Icon,"""UPAP103L.TGA"""
ICON_ADVANCE_ULTRAPRESSURE_MACHINERY,7,kv,LargeIcon,"""NULL"""
ICON_ADVANCE_ULTRAPRESSURE_MACHINERY,8,kv,SmallIcon,"""NULL"""
ICON_ADVANCE_ULTRAPRESSURE_MACHINERY,9,kv,StatText,"""ADVANCE_ULTRAPRESSURE_MACHINERY_PREREQ"""
ICON_ADVANCE_UNIFIED_PHYSICS,0,kv,FirstFrame,"""UPAP104L.TGA"""
ICON_ADVANCE_UNIFIED_PHYSICS,1,kv,Movie,"""NULL"""
ICON_ADVANCE_UNIFIED_PHYSICS,2,kv,Gameplay,"""ADVANCE_UNIFIED_PHYSICS_GAMEPLAY"""
ICON_ADVANCE_UNIFIED_PHYSICS,3,kv,Historical,"""ADVANCE_UNIFIED_PHYSICS_HISTORICAL"""
ICON_ADVANCE_UNIFIED_PHYSICS,4,kv,Prereq,"""ADVANCE_UNIFIED_PHYSICS_PREREQ"""
ICON_ADVANCE_UNIFIED_PHYSICS,5,kv,Vari,"""ADVANCE_UNIFIED_PHYSICS_STATISTICS"""
ICON_ADVANCE_UNIFIED_PHYSICS,6,kv,Icon,"""UPAP104L.TGA"""
ICON_ADVANCE_UNIFIED_PHYSICS,7,kv,LargeIcon,"""NULL"""
ICON_ADVANCE_UNIFIED_PHYSICS,8,kv,SmallIcon,"""NULL"""
ICON_ADVANCE_UNIFIED_PHYSICS,9,kv,StatText,"""ADVANCE_UNIFIED_PHYSICS_PREREQ"""
ICON_ADVANCE_VERTICAL_FLIGHT_AIRCRAFT,0,kv,FirstFrame,"""CM2_UPAP105L.TGA"""
ICON_ADVANCE_VERTICAL_FLIGHT_AIRCRAFT,1,kv,Movie,"""NULL"""
ICON_ADVANCE_VERTICAL_FLIGHT_AIRCRAFT,2,kv,Gameplay,"""ADVANCE_VERTICAL_FLIGHT_AIRCRAFT_GAMEPLAY"""
ICON_ADVANCE_VERTICAL_FLIGHT_AIRCRAFT,3,kv,Historical,"""ADVANCE_VERTICAL_FLIGHT_AIRCRAFT_HISTORICAL"""
ICON_ADVANCE_VERTICAL_FLIGHT_AIRCRAFT,4,kv,Prereq,"""ADVANCE_VERTICAL_FLIGHT_AIRCRAFT_PREREQ"""
ICON_ADVANCE_VERTICAL_FLIGHT_AIRCRAFT,5,kv,Vari,"""ADVANCE_VERTICAL_FLIGHT_AIRCRAFT_STATISTICS"""
ICON_ADVANCE_VERTICAL_FLIGHT_AIRCRAFT,6,kv,Icon,"""CM2_UPAP105L.TGA"""
ICON_ADVANCE_VERTICAL_FLIGHT_AIRCRAFT,7,kv,LargeIcon,"""NULL"""
ICON_ADVANCE_VERTICAL_FLIGHT_AIRCRAFT,8,kv,SmallIcon,"""NULL"""
ICON_ADVANCE_VERTICAL_FLIGHT_AIRCRAFT,9,kv,StatText,"""ADVANCE_VERTICAL_FLIGHT_AIRCRAFT_PREREQ"""
ICON_ADVANCE_VIRTUAL_DEMOCRACY,0,kv,FirstFrame,"""UPAP106L.TGA"""
ICON_ADVANCE_VIRTUAL_DEMOCRACY,1,kv,Movie,"""NULL"""
ICON_ADVANCE_VIRTUAL_DEMOCRACY,2,kv,Gameplay,"""ADVANCE_VIRTUAL_DEMOCRACY_GAMEPLAY"""
ICON_ADVANCE_VIRTUAL_DEMOCRACY,3,kv,Historical,"""ADVANCE_VIRTUAL_DEMOCRACY_HISTORICAL"""
ICON_ADVANCE_VIRTUAL_DEMOCRACY,4,kv,Prereq,"""ADVANCE_VIRTUAL_DEMOCRACY_PREREQ"""
ICON_ADVANCE_VIRTUAL_DEMOCRACY,5,kv,Vari,"""ADVANCE_VIRTUAL_DEMOCRACY_STATISTICS"""
ICON_ADVANCE_VIRTUAL_DEMOCRACY,6,kv,Icon,"""UPAP106L.TGA"""
ICON_ADVANCE_VIRTUAL_DEMOCRACY,7,kv,LargeIcon,"""NULL"""
ICON_ADVANCE_VIRTUAL_DEMOCRACY,8,kv,SmallIcon,"""NULL"""
ICON_ADVANCE_VIRTUAL_DEMOCRACY,9,kv,StatText,"""ADVANCE_VIRTUAL_DEMOCRACY_PREREQ"""
ICON_ADVANCE_WRITING,0,kv,FirstFrame,"""UPAP107L.TGA"""
ICON_ADVANCE_WRITING,1,kv,Movie,"""NULL"""
ICON_ADVANCE_WRITING,2,kv,Gameplay,"""ADVANCE_WRITING_GAMEPLAY"""
ICON_ADVANCE_WRITING,3,kv,Historical,"""ADVANCE_WRITING_HISTORICAL"""
ICON_ADVANCE_WRITING,4,kv,Prereq,"""ADVANCE_WRITING_PREREQ"""
ICON_ADVANCE_WRITING,5,kv,Vari,"""ADVANCE_WRITING_STATISTICS"""
ICON_ADVANCE_WRITING,6,kv,Icon,"""UPAP107L.TGA"""
ICON_ADVANCE_WRITING,7,kv,LargeIcon,"""NULL"""
ICON_ADVANCE_WRITING,8,kv,SmallIcon,"""NULL"""
ICON_ADVANCE_WRITING,9,kv,StatText,"""ADVANCE_WRITING_PREREQ"""
ICON_ADVANCE_MIND_CONTROL,0,kv,FirstFrame,"""mindcont.TGA"""
ICON_ADVANCE_MIND_CONTROL,1,kv,Movie,"""NULL"""
ICON_ADVANCE_MIND_CONTROL,2,kv,Gameplay,"""ADVANCE_MIND_CONTROL_GAMEPLAY"""
ICON_ADVANCE_MIND_CONTROL,3,kv,Historical,"""ADVANCE_MIND_CONTROL_HISTORICAL"""
ICON_ADVANCE_MIND_CONTROL,4,kv,Prereq,"""ADVANCE_MIND_CONTROL_PREREQ"""
ICON_ADVANCE_MIND_CONTROL,5,kv,Vari,"""ADVANCE_MIND_CONTROL_STATISTICS"""
ICON_ADVANCE_MIND_CONTROL,6,kv,Icon,"""mindcont.TGA"""
ICON_ADVANCE_MIND_CONTROL,7,kv,LargeIcon,"""NULL"""
ICON_ADVANCE_MIND_CONTROL,8,kv,SmallIcon,"""NULL"""
ICON_ADVANCE_MIND_CONTROL,9,kv,StatText,"""ADVANCE_MIND_CONTROL_PREREQ"""
ICON_CONCEPT_ACTIVE_DEFENSE,0,kv,FirstFrame,"""UPSS038L.TGA"""
ICON_CONCEPT_ACTIVE_DEFENSE,1,kv,Movie,"""NULL"""
ICON_CONCEPT_ACTIVE_DEFENSE,2,kv,Gameplay,"""CONCEPT_ACTIVE_DEFENSE_GAMEPLAY"""
ICON_CONCEPT_ACTIVE_DEFENSE,3,kv,Historical,"""NULL"""
ICON_CONCEPT_ACTIVE_DEFENSE,4,kv,Prereq,"""NULL"""
ICON_CONCEPT_ACTIVE_DEFENSE,5,kv,Vari,"""NULL"""
ICON_CONCEPT_ACTIVE_DEFENSE,6,kv,Icon,"""NULL"""
ICON_CONCEPT_ACTIVE_DEFENSE,7,kv,LargeIcon,"""NULL"""
ICON_CONCEPT_ACTIVE_DEFENSE,8,kv,SmallIcon,"""NULL"""
ICON_CONCEPT_ACTIVE_DEFENSE,9,kv,StatText,"""NULL"""
ICON_CONCEPT_ADVANCES,0,kv,FirstFrame,"""UPCP002L.TGA"""
ICON_CONCEPT_ADVANCES,1,kv,Movie,"""NULL"""
ICON_CONCEPT_ADVANCES,2,kv,Gameplay,"""CONCEPT_ADVANCES_GAMEPLAY"""
ICON_CONCEPT_ADVANCES,3,kv,Historical,"""NULL"""
ICON_CONCEPT_ADVANCES,4,kv,Prereq,"""NULL"""
ICON_CONCEPT_ADVANCES,5,kv,Vari,"""NULL"""
ICON_CONCEPT_ADVANCES,6,kv,Icon,"""NULL"""
ICON_CONCEPT_ADVANCES,7,kv,LargeIcon,"""NULL"""
ICON_CONCEPT_ADVANCES,8,kv,SmallIcon,"""NULL"""
ICON_CONCEPT_ADVANCES,9,kv,StatText,"""NULL"""
ICON_CONCEPT_ALLIANCE,0,kv,FirstFrame,"""UPCP003L.TGA"""
ICON_CONCEPT_ALLIANCE,1,kv,Movie,"""NULL"""
ICON_CONCEPT_ALLIANCE,2,kv,Gameplay,"""CONCEPT_ALLIANCE_GAMEPLAY"""
ICON_CONCEPT_ALLIANCE,3,kv,Historical,"""NULL"""
ICON_CONCEPT_ALLIANCE,4,kv,Prereq,"""NULL"""
ICON_CONCEPT_ALLIANCE,5,kv,Vari,"""NULL"""
ICON_CONCEPT_ALLIANCE,6,kv,Icon,"""NULL"""
ICON_CONCEPT_ALLIANCE,7,kv,LargeIcon,"""NULL"""
ICON_CONCEPT_ALLIANCE,8,kv,SmallIcon,"""NULL"""
ICON_CONCEPT_ALLIANCE,9,kv,StatText,"""NULL"""
ICON_CONCEPT_ANCIENT_AGE,0,kv,FirstFrame,"""UPCP004L.TGA"""
ICON_CONCEPT_ANCIENT_AGE,1,kv,Movie,"""NULL"""
ICON_CONCEPT_ANCIENT_AGE,2,kv,Gameplay,"""CONCEPT_ANCIENT_AGE_HISTORICAL"""
ICON_CONCEPT_ANCIENT_AGE,3,kv,Historical,"""NULL"""
ICON_CONCEPT_ANCIENT_AGE,4,kv,Prereq,"""NULL"""
ICON_CONCEPT_ANCIENT_AGE,5,kv,Vari,"""NULL"""
ICON_CONCEPT_ANCIENT_AGE,6,kv,Icon,"""NULL"""
ICON_CONCEPT_ANCIENT_AGE,7,kv,LargeIcon,"""NULL"""
ICON_CONCEPT_ANCIENT_AGE,8,kv,SmallIcon,"""NULL"""
ICON_CONCEPT_ANCIENT_AGE,9,kv,StatText,"""NULL"""
ICON_CONCEPT_ATROCITY,0,kv,FirstFrame,"""UPSS016L.TGA"""
ICON_CONCEPT_ATROCITY,1,kv,Movie,"""NULL"""
ICON_CONCEPT_ATROCITY,2,kv,Gameplay,"""CONCEPT_ATROCITY_GAMEPLAY"""
ICON_CONCEPT_ATROCITY,3,kv,Historical,"""NULL"""
ICON_CONCEPT_ATROCITY,4,kv,Prereq,"""NULL"""
ICON_CONCEPT_ATROCITY,5,kv,Vari,"""NULL"""
ICON_CONCEPT_ATROCITY,6,kv,Icon,"""NULL"""
ICON_CONCEPT_ATROCITY,7,kv,LargeIcon,"""NULL"""
ICON_CONCEPT_ATROCITY,8,kv,SmallIcon,"""NULL"""
ICON_CONCEPT_ATROCITY,9,kv,StatText,"""NULL"""
ICON_CONCEPT_BARBARIANS,0,kv,FirstFrame,"""UPSS032L.TGA"""
ICON_CONCEPT_BARBARIANS,1,kv,Movie,"""NULL"""
ICON_CONCEPT_BARBARIANS,2,kv,Gameplay,"""CONCEPT_BARBARIANS_GAMEPLAY"""
ICON_CONCEPT_BARBARIANS,3,kv,Historical,"""NULL"""
ICON_CONCEPT_BARBARIANS,4,kv,Prereq,"""NULL"""
ICON_CONCEPT_BARBARIANS,5,kv,Vari,"""NULL"""
ICON_CONCEPT_BARBARIANS,6,kv,Icon,"""NULL"""
ICON_CONCEPT_BARBARIANS,7,kv,LargeIcon,"""NULL"""
ICON_CONCEPT_BARBARIANS,8,kv,SmallIcon,"""NULL"""
ICON_CONCEPT_BARBARIANS,9,kv,StatText,"""NULL"""
ICON_CONCEPT_C_FIELD,0,kv,FirstFrame,"""UPLG001.TGA"""
ICON_CONCEPT_C_FIELD,1,kv,Movie,"""NULL"""
ICON_CONCEPT_C_FIELD,2,kv,Gameplay,"""NULL"""
ICON_CONCEPT_C_FIELD,3,kv,Historical,"""NULL"""
ICON_CONCEPT_C_FIELD,4,kv,Prereq,"""NULL"""
ICON_CONCEPT_C_FIELD,5,kv,Vari,"""NULL"""
ICON_CONCEPT_C_FIELD,6,kv,Icon,"""NULL"""
ICON_CONCEPT_C_FIELD,7,kv,LargeIcon,"""NULL"""
ICON_CONCEPT_C_FIELD,8,kv,SmallIcon,"""NULL"""
ICON_CONCEPT_C_FIELD,9,kv,StatText,"""NULL"""
ICON_CONCEPT_CAPITALIZATION,0,kv,FirstFrame,"""UPCP007L.TGA"""
ICON_CONCEPT_CAPITALIZATION,1,kv,Movie,"""NULL"""
ICON_CONCEPT_CAPITALIZATION,2,kv,Gameplay,"""CONCEPT_CAPITALIZATION_GAMEPLAY"""
ICON_CONCEPT_CAPITALIZATION,3,kv,Historical,"""NULL"""
ICON_CONCEPT_CAPITALIZATION,4,kv,Prereq,"""NULL"""
ICON_CONCEPT_CAPITALIZATION,5,kv,Vari,"""NULL"""
ICON_CONCEPT_CAPITALIZATION,6,kv,Icon,"""NULL"""
ICON_CONCEPT_CAPITALIZATION,7,kv,LargeIcon,"""NULL"""
ICON_CONCEPT_CAPITALIZATION,8,kv,SmallIcon,"""NULL"""
ICON_CONCEPT_CAPITALIZATION,9,kv,StatText,"""CONCEPT_CAPITALIZATION_SUMMARY"""
ICON_CONCEPT_CITY,0,kv,FirstFrame,"""UPCP062L.TGA"""
ICON_CONCEPT_CITY,1,kv,Movie,"""NULL"""
ICON_CONCEPT_CITY,2,kv,Gameplay,"""CONCEPT_CITY_GAMEPLAY"""
ICON_CONCEPT_CITY,3,kv,Historical,"""NULL"""
ICON_CONCEPT_CITY,4,kv,Prereq,"""NULL"""
ICON_CONCEPT_CITY,5,kv,Vari,"""NULL"""
ICON_CONCEPT_CITY,6,kv,Icon,"""NULL"""
ICON_CONCEPT_CITY,7,kv,LargeIcon,"""NULL"""
ICON_CONCEPT_CITY,8,kv,SmallIcon,"""NULL"""
ICON_CONCEPT_CITY,9,kv,StatText,"""NULL"""
ICON_CONCEPT_CLASSIC_AGE,0,kv,FirstFrame,"""CLASSIC.TGA"""
ICON_CONCEPT_CLASSIC_AGE,1,kv,Movie,"""NULL"""
ICON_CONCEPT_CLASSIC_AGE,2,kv,Gameplay,"""CONCEPT_CLASSIC_AGE_HISTORICAL"""
ICON_CONCEPT_CLASSIC_AGE,3,kv,Historical,"""NULL"""
ICON_CONCEPT_CLASSIC_AGE,4,kv,Prereq,"""NULL"""
ICON_CONCEPT_CLASSIC_AGE,5,kv,Vari,"""NULL"""
ICON_CONCEPT_CLASSIC_AGE,6,kv,Icon,"""NULL"""
ICON_CONCEPT_CLASSIC_AGE,7,kv,LargeIcon,"""NULL"""
ICON_CONCEPT_CLASSIC_AGE,8,kv,SmallIcon,"""NULL"""
ICON_CONCEPT_CLASSIC_AGE,9,kv,StatText,"""NULL"""
ICON_CONCEPT_COMMERCE,0,kv,FirstFrame,"""UPCP009L.TGA"""
ICON_CONCEPT_COMMERCE,1,kv,Movie,"""NULL"""
ICON_CONCEPT_COMMERCE,2,kv,Gameplay,"""CONCEPT_COMMERCE_GAMEPLAY"""
ICON_CONCEPT_COMMERCE,3,kv,Historical,"""NULL"""
ICON_CONCEPT_COMMERCE,4,kv,Prereq,"""NULL"""
ICON_CONCEPT_COMMERCE,5,kv,Vari,"""NULL"""
ICON_CONCEPT_COMMERCE,6,kv,Icon,"""NULL"""
ICON_CONCEPT_COMMERCE,7,kv,LargeIcon,"""NULL"""
ICON_CONCEPT_COMMERCE,8,kv,SmallIcon,"""NULL"""
ICON_CONCEPT_COMMERCE,9,kv,StatText,"""NULL"""
ICON_CONCEPT_COMPUTER_AGE,0,kv,FirstFrame,"""INFO.TGA"""
ICON_CONCEPT_COMPUTER_AGE,1,kv,Movie,"""NULL"""
ICON_CONCEPT_COMPUTER_AGE,2,kv,Gameplay,"""CONCEPT_COMPUTER_AGE_HISTORICAL"""
ICON_CONCEPT_COMPUTER_AGE,3,kv,Historical,"""NULL"""
ICON_CONCEPT_COMPUTER_AGE,4,kv,Prereq,"""NULL"""
ICON_CONCEPT_COMPUTER_AGE,5,kv,Vari,"""NULL"""
ICON_CONCEPT_COMPUTER_AGE,6,kv,Icon,"""NULL"""
ICON_CONCEPT_COMPUTER_AGE,7,kv,LargeIcon,"""NULL"""
ICON_CONCEPT_COMPUTER_AGE,8,kv,SmallIcon,"""NULL"""
ICON_CONCEPT_COMPUTER_AGE,9,kv,StatText,"""NULL"""
ICON_CONCEPT_COUNTERBOMBARD,0,kv,FirstFrame,"""UPSS001L.TGA"""
ICON_CONCEPT_COUNTERBOMBARD,1,kv,Movie,"""NULL"""
ICON_CONCEPT_COUNTERBOMBARD,2,kv,Gameplay,"""CONCEPT_COUNTERBOMBARD_GAMEPLAY"""
ICON_CONCEPT_COUNTERBOMBARD,3,kv,Historical,"""NULL"""
ICON_CONCEPT_COUNTERBOMBARD,4,kv,Prereq,"""NULL"""
ICON_CONCEPT_COUNTERBOMBARD,5,kv,Vari,"""NULL"""
ICON_CONCEPT_COUNTERBOMBARD,6,kv,Icon,"""NULL"""
ICON_CONCEPT_COUNTERBOMBARD,7,kv,LargeIcon,"""NULL"""
ICON_CONCEPT_COUNTERBOMBARD,8,kv,SmallIcon,"""NULL"""
ICON_CONCEPT_COUNTERBOMBARD,9,kv,StatText,"""NULL"""
ICON_CONCEPT_CRIME,0,kv,FirstFrame,"""UPWP022L.TGA"""
ICON_CONCEPT_CRIME,1,kv,Movie,"""NULL"""
ICON_CONCEPT_CRIME,2,kv,Gameplay,"""CONCEPT_CRIME_GAMEPLAY"""
ICON_CONCEPT_CRIME,3,kv,Historical,"""NULL"""
ICON_CONCEPT_CRIME,4,kv,Prereq,"""NULL"""
ICON_CONCEPT_CRIME,5,kv,Vari,"""NULL"""
ICON_CONCEPT_CRIME,6,kv,Icon,"""NULL"""
ICON_CONCEPT_CRIME,7,kv,LargeIcon,"""NULL"""
ICON_CONCEPT_CRIME,8,kv,SmallIcon,"""NULL"""
ICON_CONCEPT_CRIME,9,kv,StatText,"""NULL"""
ICON_CONCEPT_DEFAULT,0,kv,FirstFrame,"""UPLG001.TGA"""
ICON_CONCEPT_DEFAULT,1,kv,Movie,"""NULL"""
ICON_CONCEPT_DEFAULT,2,kv,Gameplay,"""NULL"""
ICON_CONCEPT_DEFAULT,3,kv,Historical,"""NULL"""
ICON_CONCEPT_DEFAULT,4,kv,Prereq,"""NULL"""
ICON_CONCEPT_DEFAULT,5,kv,Vari,"""NULL"""
ICON_CONCEPT_DEFAULT,6,kv,Icon,"""NULL"""
ICON_CONCEPT_DEFAULT,7,kv,LargeIcon,"""NULL"""
ICON_CONCEPT_DEFAULT,8,kv,SmallIcon,"""NULL"""
ICON_CONCEPT_DEFAULT,9,kv,StatText,"""NULL"""
ICON_CONCEPT_DEFENSE,0,kv,FirstFrame,"""UPWP026L.TGA"""
ICON_CONCEPT_DEFENSE,1,kv,Movie,"""NULL"""
ICON_CONCEPT_DEFENSE,2,kv,Gameplay,"""CONCEPT_DEFENSE_GAMEPLAY"""
ICON_CONCEPT_DEFENSE,3,kv,Historical,"""NULL"""
ICON_CONCEPT_DEFENSE,4,kv,Prereq,"""NULL"""
ICON_CONCEPT_DEFENSE,5,kv,Vari,"""NULL"""
ICON_CONCEPT_DEFENSE,6,kv,Icon,"""NULL"""
ICON_CONCEPT_DEFENSE,7,kv,LargeIcon,"""NULL"""
ICON_CONCEPT_DEFENSE,8,kv,SmallIcon,"""NULL"""
ICON_CONCEPT_DEFENSE,9,kv,StatText,"""NULL"""
ICON_CONCEPT_DIAMOND_AGE,0,kv,FirstFrame,"""UPCP012L.TGA"""
ICON_CONCEPT_DIAMOND_AGE,1,kv,Movie,"""NULL"""
ICON_CONCEPT_DIAMOND_AGE,2,kv,Gameplay,"""CONCEPT_DIAMOND_AGE_HISTORICAL"""
ICON_CONCEPT_DIAMOND_AGE,3,kv,Historical,"""NULL"""
ICON_CONCEPT_DIAMOND_AGE,4,kv,Prereq,"""NULL"""
ICON_CONCEPT_DIAMOND_AGE,5,kv,Vari,"""NULL"""
ICON_CONCEPT_DIAMOND_AGE,6,kv,Icon,"""NULL"""
ICON_CONCEPT_DIAMOND_AGE,7,kv,LargeIcon,"""NULL"""
ICON_CONCEPT_DIAMOND_AGE,8,kv,SmallIcon,"""NULL"""
ICON_CONCEPT_DIAMOND_AGE,9,kv,StatText,"""NULL"""
ICON_CONCEPT_DIPLOMACY,0,kv,FirstFrame,"""UPCP003L.TGA"""
ICON_CONCEPT_DIPLOMACY,1,kv,Movie,"""NULL"""
ICON_CONCEPT_DIPLOMACY,2,kv,Gameplay,"""CONCEPT_DIPLOMACY_GAMEPLAY"""
ICON_CONCEPT_DIPLOMACY,3,kv,Historical,"""NULL"""
ICON_CONCEPT_DIPLOMACY,4,kv,Prereq,"""NULL"""
ICON_CONCEPT_DIPLOMACY,5,kv,Vari,"""NULL"""
ICON_CONCEPT_DIPLOMACY,6,kv,Icon,"""NULL"""
ICON_CONCEPT_DIPLOMACY,7,kv,LargeIcon,"""NULL"""
ICON_CONCEPT_DIPLOMACY,8,kv,SmallIcon,"""NULL"""
ICON_CONCEPT_DIPLOMACY,9,kv,StatText,"""NULL"""
ICON_CONCEPT_DISBAND_CITY,0,kv,FirstFrame,"""UPCP014L.TGA"""
ICON_CONCEPT_DISBAND_CITY,1,kv,Movie,"""NULL"""
ICON_CONCEPT_DISBAND_CITY,2,kv,Gameplay,"""CONCEPT_DISBAND_CITY_GAMEPLAY"""
ICON_CONCEPT_DISBAND_CITY,3,kv,Historical,"""NULL"""
ICON_CONCEPT_DISBAND_CITY,4,kv,Prereq,"""NULL"""
ICON_CONCEPT_DISBAND_CITY,5,kv,Vari,"""NULL"""
ICON_CONCEPT_DISBAND_CITY,6,kv,Icon,"""NULL"""
ICON_CONCEPT_DISBAND_CITY,7,kv,LargeIcon,"""NULL"""
ICON_CONCEPT_DISBAND_CITY,8,kv,SmallIcon,"""NULL"""
ICON_CONCEPT_DISBAND_CITY,9,kv,StatText,"""NULL"""
ICON_CONCEPT_E_TANK,0,kv,FirstFrame,"""UPLG001.TGA"""
ICON_CONCEPT_E_TANK,1,kv,Movie,"""NULL"""
ICON_CONCEPT_E_TANK,2,kv,Gameplay,"""NULL"""
ICON_CONCEPT_E_TANK,3,kv,Historical,"""NULL"""
ICON_CONCEPT_E_TANK,4,kv,Prereq,"""NULL"""
ICON_CONCEPT_E_TANK,5,kv,Vari,"""NULL"""
ICON_CONCEPT_E_TANK,6,kv,Icon,"""NULL"""
ICON_CONCEPT_E_TANK,7,kv,LargeIcon,"""NULL"""
ICON_CONCEPT_E_TANK,8,kv,SmallIcon,"""NULL"""
ICON_CONCEPT_E_TANK,9,kv,StatText,"""NULL"""
ICON_CONCEPT_ECD,0,kv,FirstFrame,"""UPLG001.TGA"""
ICON_CONCEPT_ECD,1,kv,Movie,"""NULL"""
ICON_CONCEPT_ECD,2,kv,Gameplay,"""NULL"""
ICON_CONCEPT_ECD,3,kv,Historical,"""NULL"""
ICON_CONCEPT_ECD,4,kv,Prereq,"""NULL"""
ICON_CONCEPT_ECD,5,kv,Vari,"""NULL"""
ICON_CONCEPT_ECD,6,kv,Icon,"""NULL"""
ICON_CONCEPT_ECD,7,kv,LargeIcon,"""NULL"""
ICON_CONCEPT_ECD,8,kv,SmallIcon,"""NULL"""
ICON_CONCEPT_ECD,9,kv,StatText,"""NULL"""
ICON_CONCEPT_EMBARGO,0,kv,FirstFrame,"""UPAP102L.TGA"""
ICON_CONCEPT_EMBARGO,1,kv,Movie,"""NULL"""
ICON_CONCEPT_EMBARGO,2,kv,Gameplay,"""CONCEPT_EMBARGO_GAMEPLAY"""
ICON_CONCEPT_EMBARGO,3,kv,Historical,"""NULL"""
ICON_CONCEPT_EMBARGO,4,kv,Prereq,"""NULL"""
ICON_CONCEPT_EMBARGO,5,kv,Vari,"""NULL"""
ICON_CONCEPT_EMBARGO,6,kv,Icon,"""NULL"""
ICON_CONCEPT_EMBARGO,7,kv,LargeIcon,"""NULL"""
ICON_CONCEPT_EMBARGO,8,kv,SmallIcon,"""NULL"""
ICON_CONCEPT_EMBARGO,9,kv,StatText,"""NULL"""
ICON_CONCEPT_EMPIRE_SIZE,0,kv,FirstFrame,"""UPCP015L.TGA"""
ICON_CONCEPT_EMPIRE_SIZE,1,kv,Movie,"""NULL"""
ICON_CONCEPT_EMPIRE_SIZE,2,kv,Gameplay,"""CONCEPT_EMPIRE_SIZE_GAMEPLAY"""
ICON_CONCEPT_EMPIRE_SIZE,3,kv,Historical,"""NULL"""
ICON_CONCEPT_EMPIRE_SIZE,4,kv,Prereq,"""NULL"""
ICON_CONCEPT_EMPIRE_SIZE,5,kv,Vari,"""NULL"""
ICON_CONCEPT_EMPIRE_SIZE,6,kv,Icon,"""NULL"""
ICON_CONCEPT_EMPIRE_SIZE,7,kv,LargeIcon,"""NULL"""
ICON_CONCEPT_EMPIRE_SIZE,8,kv,SmallIcon,"""NULL"""
ICON_CONCEPT_EMPIRE_SIZE,9,kv,StatText,"""NULL"""
ICON_CONCEPT_FOOD,0,kv,FirstFrame,"""UPCP016L.TGA"""
ICON_CONCEPT_FOOD,1,kv,Movie,"""NULL"""
ICON_CONCEPT_FOOD,2,kv,Gameplay,"""CONCEPT_FOOD_GAMEPLAY"""
ICON_CONCEPT_FOOD,3,kv,Historical,"""NULL"""
ICON_CONCEPT_FOOD,4,kv,Prereq,"""NULL"""
ICON_CONCEPT_FOOD,5,kv,Vari,"""NULL"""
ICON_CONCEPT_FOOD,6,kv,Icon,"""NULL"""
ICON_CONCEPT_FOOD,7,kv,LargeIcon,"""NULL"""
ICON_CONCEPT_FOOD,8,kv,SmallIcon,"""NULL"""
ICON_CONCEPT_FOOD,9,kv,StatText,"""NULL"""
ICON_CONCEPT_FUEL,0,kv,FirstFrame,"""UPSS042L.TGA"""
ICON_CONCEPT_FUEL,1,kv,Movie,"""NULL"""
ICON_CONCEPT_FUEL,2,kv,Gameplay,"""CONCEPT_FUEL_GAMEPLAY"""
ICON_CONCEPT_FUEL,3,kv,Historical,"""NULL"""
ICON_CONCEPT_FUEL,4,kv,Prereq,"""NULL"""
ICON_CONCEPT_FUEL,5,kv,Vari,"""NULL"""
ICON_CONCEPT_FUEL,6,kv,Icon,"""NULL"""
ICON_CONCEPT_FUEL,7,kv,LargeIcon,"""NULL"""
ICON_CONCEPT_FUEL,8,kv,SmallIcon,"""NULL"""
ICON_CONCEPT_FUEL,9,kv,StatText,"""NULL"""
ICON_CONCEPT_G_SPLICER,0,kv,FirstFrame,"""UPLG001.TGA"""
ICON_CONCEPT_G_SPLICER,1,kv,Movie,"""NULL"""
ICON_CONCEPT_G_SPLICER,2,kv,Gameplay,"""NULL"""
ICON_CONCEPT_G_SPLICER,3,kv,Historical,"""NULL"""
ICON_CONCEPT_G_SPLICER,4,kv,Prereq,"""NULL"""
ICON_CONCEPT_G_SPLICER,5,kv,Vari,"""NULL"""
ICON_CONCEPT_G_SPLICER,6,kv,Icon,"""NULL"""
ICON_CONCEPT_G_SPLICER,7,kv,LargeIcon,"""NULL"""
ICON_CONCEPT_G_SPLICER,8,kv,SmallIcon,"""NULL"""
ICON_CONCEPT_G_SPLICER,9,kv,StatText,"""NULL"""
ICON_CONCEPT_FLANKING,0,kv,FirstFrame,"""UPSS027L.TGA"""
ICON_CONCEPT_FLANKING,1,kv,Movie,"""NULL"""
ICON_CONCEPT_FLANKING,2,kv,Gameplay,"""CONCEPT_FLANKING_GAMEPLAY"""
ICON_CONCEPT_FLANKING,3,kv,Historical,"""NULL"""
ICON_CONCEPT_FLANKING,4,kv,Prereq,"""NULL"""
ICON_CONCEPT_FLANKING,5,kv,Vari,"""NULL"""
ICON_CONCEPT_FLANKING,6,kv,Icon,"""NULL"""
ICON_CONCEPT_FLANKING,7,kv,LargeIcon,"""NULL"""
ICON_CONCEPT_FLANKING,8,kv,SmallIcon,"""NULL"""
ICON_CONCEPT_FLANKING,9,kv,StatText,"""NULL"""
ICON_CONCEPT_FUTURE_AGE,0,kv,FirstFrame,"""FUTURE.TGA"""
ICON_CONCEPT_FUTURE_AGE,1,kv,Movie,"""NULL"""
ICON_CONCEPT_FUTURE_AGE,2,kv,Gameplay,"""CONCEPT_FUTURE_AGE_HISTORICAL"""
ICON_CONCEPT_FUTURE_AGE,3,kv,Historical,"""NULL"""
ICON_CONCEPT_FUTURE_AGE,4,kv,Prereq,"""NULL"""
ICON_CONCEPT_FUTURE_AGE,5,kv,Vari,"""NULL"""
ICON_CONCEPT_FUTURE_AGE,6,kv,Icon,"""NULL"""
ICON_CONCEPT_FUTURE_AGE,7,kv,LargeIcon,"""NULL"""
ICON_CONCEPT_FUTURE_AGE,8,kv,SmallIcon,"""NULL"""
ICON_CONCEPT_FUTURE_AGE,9,kv,StatText,"""NULL"""
ICON_CONCEPT_GENETIC_AGE,0,kv,FirstFrame,"""UPCP018L.TGA"""
ICON_CONCEPT_GENETIC_AGE,1,kv,Movie,"""NULL"""
ICON_CONCEPT_GENETIC_AGE,2,kv,Gameplay,"""CONCEPT_GENETIC_AGE_HISTORICAL"""
ICON_CONCEPT_GENETIC_AGE,3,kv,Historical,"""NULL"""
ICON_CONCEPT_GENETIC_AGE,4,kv,Prereq,"""NULL"""
ICON_CONCEPT_GENETIC_AGE,5,kv,Vari,"""NULL"""
ICON_CONCEPT_GENETIC_AGE,6,kv,Icon,"""NULL"""
ICON_CONCEPT_GENETIC_AGE,7,kv,LargeIcon,"""NULL"""
ICON_CONCEPT_GENETIC_AGE,8,kv,SmallIcon,"""NULL"""
ICON_CONCEPT_GENETIC_AGE,9,kv,StatText,"""NULL"""
ICON_CONCEPT_GOLD,0,kv,FirstFrame,"""UPCP007L.TGA"""
ICON_CONCEPT_GOLD,1,kv,Movie,"""NULL"""
ICON_CONCEPT_GOLD,2,kv,Gameplay,"""CONCEPT_GOLD_GAMEPLAY"""
ICON_CONCEPT_GOLD,3,kv,Historical,"""NULL"""
ICON_CONCEPT_GOLD,4,kv,Prereq,"""NULL"""
ICON_CONCEPT_GOLD,5,kv,Vari,"""NULL"""
ICON_CONCEPT_GOLD,6,kv,Icon,"""NULL"""
ICON_CONCEPT_GOLD,7,kv,LargeIcon,"""NULL"""
ICON_CONCEPT_GOLD,8,kv,SmallIcon,"""NULL"""
ICON_CONCEPT_GOLD,9,kv,StatText,"""NULL"""
ICON_CONCEPT_GOODS,0,kv,FirstFrame,"""UPCP020L.TGA"""
ICON_CONCEPT_GOODS,1,kv,Movie,"""NULL"""
ICON_CONCEPT_GOODS,2,kv,Gameplay,"""CONCEPT_GOODS_GAMEPLAY"""
ICON_CONCEPT_GOODS,3,kv,Historical,"""NULL"""
ICON_CONCEPT_GOODS,4,kv,Prereq,"""NULL"""
ICON_CONCEPT_GOODS,5,kv,Vari,"""NULL"""
ICON_CONCEPT_GOODS,6,kv,Icon,"""NULL"""
ICON_CONCEPT_GOODS,7,kv,LargeIcon,"""NULL"""
ICON_CONCEPT_GOODS,8,kv,SmallIcon,"""NULL"""
ICON_CONCEPT_GOODS,9,kv,StatText,"""NULL"""
ICON_CONCEPT_GOVERNMENTS,0,kv,FirstFrame,"""UPCP021L.TGA"""
ICON_CONCEPT_GOVERNMENTS,1,kv,Movie,"""NULL"""
ICON_CONCEPT_GOVERNMENTS,2,kv,Gameplay,"""CONCEPT_GOVERNMENTS_GAMEPLAY"""
ICON_CONCEPT_GOVERNMENTS,3,kv,Historical,"""NULL"""
ICON_CONCEPT_GOVERNMENTS,4,kv,Prereq,"""NULL"""
ICON_CONCEPT_GOVERNMENTS,5,kv,Vari,"""NULL"""
ICON_CONCEPT_GOVERNMENTS,6,kv,Icon,"""NULL"""
ICON_CONCEPT_GOVERNMENTS,7,kv,LargeIcon,"""NULL"""
ICON_CONCEPT_GOVERNMENTS,8,kv,SmallIcon,"""NULL"""
ICON_CONCEPT_GOVERNMENTS,9,kv,StatText,"""NULL"""
ICON_CONCEPT_GROWTH,0,kv,FirstFrame,"""UPCP022L.TGA"""
ICON_CONCEPT_GROWTH,1,kv,Movie,"""NULL"""
ICON_CONCEPT_GROWTH,2,kv,Gameplay,"""CONCEPT_GROWTH_GAMEPLAY"""
ICON_CONCEPT_GROWTH,3,kv,Historical,"""NULL"""
ICON_CONCEPT_GROWTH,4,kv,Prereq,"""NULL"""
ICON_CONCEPT_GROWTH,5,kv,Vari,"""NULL"""
ICON_CONCEPT_GROWTH,6,kv,Icon,"""NULL"""
ICON_CONCEPT_GROWTH,7,kv,LargeIcon,"""NULL"""
ICON_CONCEPT_GROWTH,8,kv,SmallIcon,"""NULL"""
ICON_CONCEPT_GROWTH,9,kv,StatText,"""NULL"""
ICON_CONCEPT_HAPPINESS,0,kv,FirstFrame,"""UPCP023L.TGA"""
ICON_CONCEPT_HAPPINESS,1,kv,Movie,"""NULL"""
ICON_CONCEPT_HAPPINESS,2,kv,Gameplay,"""CONCEPT_HAPPINESS_GAMEPLAY"""
ICON_CONCEPT_HAPPINESS,3,kv,Historical,"""NULL"""
ICON_CONCEPT_HAPPINESS,4,kv,Prereq,"""NULL"""
ICON_CONCEPT_HAPPINESS,5,kv,Vari,"""NULL"""
ICON_CONCEPT_HAPPINESS,6,kv,Icon,"""NULL"""
ICON_CONCEPT_HAPPINESS,7,kv,LargeIcon,"""NULL"""
ICON_CONCEPT_HAPPINESS,8,kv,SmallIcon,"""NULL"""
ICON_CONCEPT_HAPPINESS,9,kv,StatText,"""NULL"""
ICON_CONCEPT_IMPROVEMENTS,0,kv,FirstFrame,"""UPCP024L.TGA"""
ICON_CONCEPT_IMPROVEMENTS,1,kv,Movie,"""NULL"""
ICON_CONCEPT_IMPROVEMENTS,2,kv,Gameplay,"""CONCEPT_IMPROVEMENTS_GAMEPLAY"""
ICON_CONCEPT_IMPROVEMENTS,3,kv,Historical,"""NULL"""
ICON_CONCEPT_IMPROVEMENTS,4,kv,Prereq,"""NULL"""
ICON_CONCEPT_IMPROVEMENTS,5,kv,Vari,"""NULL"""
ICON_CONCEPT_IMPROVEMENTS,6,kv,Icon,"""NULL"""
ICON_CONCEPT_IMPROVEMENTS,7,kv,LargeIcon,"""NULL"""
ICON_CONCEPT_IMPROVEMENTS,8,kv,SmallIcon,"""NULL"""
ICON_CONCEPT_IMPROVEMENTS,9,kv,StatText,"""NULL"""
ICON_CONCEPT_INDUSTRIAL_AGE,0,kv,FirstFrame,"""INDUSTRI.TGA"""
ICON_CONCEPT_INDUSTRIAL_AGE,1,kv,Movie,"""NULL"""
ICON_CONCEPT_INDUSTRIAL_AGE,2,kv,Gameplay,"""CONCEPT_INDUSTRIAL_AGE_HISTORICAL"""
ICON_CONCEPT_INDUSTRIAL_AGE,3,kv,Historical,"""NULL"""
ICON_CONCEPT_INDUSTRIAL_AGE,4,kv,Prereq,"""NULL"""
ICON_CONCEPT_INDUSTRIAL_AGE,5,kv,Vari,"""NULL"""
ICON_CONCEPT_INDUSTRIAL_AGE,6,kv,Icon,"""NULL"""
ICON_CONCEPT_INDUSTRIAL_AGE,7,kv,LargeIcon,"""NULL"""
ICON_CONCEPT_INDUSTRIAL_AGE,8,kv,SmallIcon,"""NULL"""
ICON_CONCEPT_INDUSTRIAL_AGE,9,kv,StatText,"""NULL"""
ICON_CONCEPT_INFRASTRUCTURE,0,kv,FirstFrame,"""UPIP034L.TGA"""
ICON_CONCEPT_INFRASTRUCTURE,1,kv,Movie,"""NULL"""
ICON_CONCEPT_INFRASTRUCTURE,2,kv,Gameplay,"""CONCEPT_INFRASTRUCTURE_GAMEPLAY"""
ICON_CONCEPT_INFRASTRUCTURE,3,kv,Historical,"""NULL"""
ICON_CONCEPT_INFRASTRUCTURE,4,kv,Prereq,"""NULL"""
ICON_CONCEPT_INFRASTRUCTURE,5,kv,Vari,"""NULL"""
ICON_CONCEPT_INFRASTRUCTURE,6,kv,Icon,"""NULL"""
ICON_CONCEPT_INFRASTRUCTURE,7,kv,LargeIcon,"""NULL"""
ICON_CONCEPT_INFRASTRUCTURE,8,kv,SmallIcon,"""NULL"""
ICON_CONCEPT_INFRASTRUCTURE,9,kv,StatText,"""CONCEPT_INFRASTRUCTURE_SUMMARY"""
ICON_CONCEPT_MAINTENANCE_COST,0,kv,FirstFrame,"""UPCP026L.TGA"""
ICON_CONCEPT_MAINTENANCE_COST,1,kv,Movie,"""NULL"""
ICON_CONCEPT_MAINTENANCE_COST,2,kv,Gameplay,"""CONCEPT_MAINTENANCE_COST_GAMEPLAY"""
ICON_CONCEPT_MAINTENANCE_COST,3,kv,Historical,"""NULL"""
ICON_CONCEPT_MAINTENANCE_COST,4,kv,Prereq,"""NULL"""
ICON_CONCEPT_MAINTENANCE_COST,5,kv,Vari,"""NULL"""
ICON_CONCEPT_MAINTENANCE_COST,6,kv,Icon,"""NULL"""
ICON_CONCEPT_MAINTENANCE_COST,7,kv,LargeIcon,"""NULL"""
ICON_CONCEPT_MAINTENANCE_COST,8,kv,SmallIcon,"""NULL"""
ICON_CONCEPT_MAINTENANCE_COST,9,kv,StatText,"""NULL"""
ICON_CONCEPT_MEDIEVAL_AGE,0,kv,FirstFrame,"""UPCP038L.TGA"""
ICON_CONCEPT_MEDIEVAL_AGE,1,kv,Movie,"""NULL"""
ICON_CONCEPT_MEDIEVAL_AGE,2,kv,Gameplay,"""CONCEPT_MEDIEVAL_AGE_HISTORICAL"""
ICON_CONCEPT_MEDIEVAL_AGE,3,kv,Historical,"""NULL"""
ICON_CONCEPT_MEDIEVAL_AGE,4,kv,Prereq,"""NULL"""
ICON_CONCEPT_MEDIEVAL_AGE,5,kv,Vari,"""NULL"""
ICON_CONCEPT_MEDIEVAL_AGE,6,kv,Icon,"""NULL"""
ICON_CONCEPT_MEDIEVAL_AGE,7,kv,LargeIcon,"""NULL"""
ICON_CONCEPT_MEDIEVAL_AGE,8,kv,SmallIcon,"""NULL"""
ICON_CONCEPT_MEDIEVAL_AGE,9,kv,StatText,"""NULL"""
ICON_CONCEPT_MILITARY,0,kv,FirstFrame,"""UPCP027L.TGA"""
ICON_CONCEPT_MILITARY,1,kv,Movie,"""NULL"""
ICON_CONCEPT_MILITARY,2,kv,Gameplay,"""CONCEPT_MILITARY_GAMEPLAY"""
ICON_CONCEPT_MILITARY,3,kv,Historical,"""NULL"""
ICON_CONCEPT_MILITARY,4,kv,Prereq,"""NULL"""
ICON_CONCEPT_MILITARY,5,kv,Vari,"""NULL"""
ICON_CONCEPT_MILITARY,6,kv,Icon,"""NULL"""
ICON_CONCEPT_MILITARY,7,kv,LargeIcon,"""NULL"""
ICON_CONCEPT_MILITARY,8,kv,SmallIcon,"""NULL"""
ICON_CONCEPT_MILITARY,9,kv,StatText,"""NULL"""
ICON_CONCEPT_MILITARY_READINESS,0,kv,FirstFrame,"""UPCP028L.TGA"""
ICON_CONCEPT_MILITARY_READINESS,1,kv,Movie,"""NULL"""
ICON_CONCEPT_MILITARY_READINESS,2,kv,Gameplay,"""CONCEPT_MILITARY_READINESS_GAMEPLAY"""
ICON_CONCEPT_MILITARY_READINESS,3,kv,Historical,"""NULL"""
ICON_CONCEPT_MILITARY_READINESS,4,kv,Prereq,"""NULL"""
ICON_CONCEPT_MILITARY_READINESS,5,kv,Vari,"""NULL"""
ICON_CONCEPT_MILITARY_READINESS,6,kv,Icon,"""NULL"""
ICON_CONCEPT_MILITARY_READINESS,7,kv,LargeIcon,"""NULL"""
ICON_CONCEPT_MILITARY_READINESS,8,kv,SmallIcon,"""NULL"""
ICON_CONCEPT_MILITARY_READINESS,9,kv,StatText,"""NULL"""
ICON_CONCEPT_MODERN_AGE,0,kv,FirstFrame,"""UPCP029L.TGA"""
ICON_CONCEPT_MODERN_AGE,1,kv,Movie,"""NULL"""
ICON_CONCEPT_MODERN_AGE,2,kv,Gameplay,"""CONCEPT_MODERN_AGE_HISTORICAL"""
ICON_CONCEPT_MODERN_AGE,3,kv,Historical,"""NULL"""
ICON_CONCEPT_MODERN_AGE,4,kv,Prereq,"""NULL"""
ICON_CONCEPT_MODERN_AGE,5,kv,Vari,"""NULL"""
ICON_CONCEPT_MODERN_AGE,6,kv,Icon,"""NULL"""
ICON_CONCEPT_MODERN_AGE,7,kv,LargeIcon,"""NULL"""
ICON_CONCEPT_MODERN_AGE,8,kv,SmallIcon,"""NULL"""
ICON_CONCEPT_MODERN_AGE,9,kv,StatText,"""NULL"""
ICON_CONCEPT_OFFER,0,kv,FirstFrame,"""UPCP030L.TGA"""
ICON_CONCEPT_OFFER,1,kv,Movie,"""NULL"""
ICON_CONCEPT_OFFER,2,kv,Gameplay,"""CONCEPT_OFFER_GAMEPLAY"""
ICON_CONCEPT_OFFER,3,kv,Historical,"""NULL"""
ICON_CONCEPT_OFFER,4,kv,Prereq,"""NULL"""
ICON_CONCEPT_OFFER,5,kv,Vari,"""NULL"""
ICON_CONCEPT_OFFER,6,kv,Icon,"""NULL"""
ICON_CONCEPT_OFFER,7,kv,LargeIcon,"""NULL"""
ICON_CONCEPT_OFFER,8,kv,SmallIcon,"""NULL"""
ICON_CONCEPT_OFFER,9,kv,StatText,"""NULL"""
ICON_CONCEPT_OVERCROWDING,0,kv,FirstFrame,"""UPCP031L.TGA"""
ICON_CONCEPT_OVERCROWDING,1,kv,Movie,"""NULL"""
ICON_CONCEPT_OVERCROWDING,2,kv,Gameplay,"""CONCEPT_OVERCROWDING_GAMEPLAY"""
ICON_CONCEPT_OVERCROWDING,3,kv,Historical,"""NULL"""
ICON_CONCEPT_OVERCROWDING,4,kv,Prereq,"""NULL"""
ICON_CONCEPT_OVERCROWDING,5,kv,Vari,"""NULL"""
ICON_CONCEPT_OVERCROWDING,6,kv,Icon,"""NULL"""
ICON_CONCEPT_OVERCROWDING,7,kv,LargeIcon,"""NULL"""
ICON_CONCEPT_OVERCROWDING,8,kv,SmallIcon,"""NULL"""
ICON_CONCEPT_OVERCROWDING,9,kv,StatText,"""NULL"""
ICON_CONCEPT_POLLUTION,0,kv,FirstFrame,"""UPCP032L.TGA"""
ICON_CONCEPT_POLLUTION,1,kv,Movie,"""NULL"""
ICON_CONCEPT_POLLUTION,2,kv,Gameplay,"""CONCEPT_POLLUTION_GAMEPLAY"""
ICON_CONCEPT_POLLUTION,3,kv,Historical,"""NULL"""
ICON_CONCEPT_POLLUTION,4,kv,Prereq,"""NULL"""
ICON_CONCEPT_POLLUTION,5,kv,Vari,"""NULL"""
ICON_CONCEPT_POLLUTION,6,kv,Icon,"""NULL"""
ICON_CONCEPT_POLLUTION,7,kv,LargeIcon,"""NULL"""
ICON_CONCEPT_POLLUTION,8,kv,SmallIcon,"""NULL"""
ICON_CONCEPT_POLLUTION,9,kv,StatText,"""NULL"""
ICON_CONCEPT_POPULATION,0,kv,FirstFrame,"""UPCP033L.TGA"""
ICON_CONCEPT_POPULATION,1,kv,Movie,"""NULL"""
ICON_CONCEPT_POPULATION,2,kv,Gameplay,"""CONCEPT_POPULATION_GAMEPLAY"""
ICON_CONCEPT_POPULATION,3,kv,Historical,"""NULL"""
ICON_CONCEPT_POPULATION,4,kv,Prereq,"""NULL"""
ICON_CONCEPT_POPULATION,5,kv,Vari,"""NULL"""
ICON_CONCEPT_POPULATION,6,kv,Icon,"""NULL"""
ICON_CONCEPT_POPULATION,7,kv,LargeIcon,"""NULL"""
ICON_CONCEPT_POPULATION,8,kv,SmallIcon,"""NULL"""
ICON_CONCEPT_POPULATION,9,kv,StatText,"""NULL"""
ICON_CONCEPT_PRODUCTION,0,kv,FirstFrame,"""UPCP034L.TGA"""
ICON_CONCEPT_PRODUCTION,1,kv,Movie,"""NULL"""
ICON_CONCEPT_PRODUCTION,2,kv,Gameplay,"""CONCEPT_PRODUCTION_GAMEPLAY"""
ICON_CONCEPT_PRODUCTION,3,kv,Historical,"""NULL"""
ICON_CONCEPT_PRODUCTION,4,kv,Prereq,"""NULL"""
ICON_CONCEPT_PRODUCTION,5,kv,Vari,"""NULL"""
ICON_CONCEPT_PRODUCTION,6,kv,Icon,"""NULL"""
ICON_CONCEPT_PRODUCTION,7,kv,LargeIcon,"""NULL"""
ICON_CONCEPT_PRODUCTION,8,kv,SmallIcon,"""NULL"""
ICON_CONCEPT_PRODUCTION,9,kv,StatText,"""NULL"""
ICON_CONCEPT_PUBLIC_WORKS,0,kv,FirstFrame,"""UPCP035L.TGA"""
ICON_CONCEPT_PUBLIC_WORKS,1,kv,Movie,"""NULL"""
ICON_CONCEPT_PUBLIC_WORKS,2,kv,Gameplay,"""CONCEPT_PUBLIC_WORKS_GAMEPLAY"""
ICON_CONCEPT_PUBLIC_WORKS,3,kv,Historical,"""NULL"""
ICON_CONCEPT_PUBLIC_WORKS,4,kv,Prereq,"""NULL"""
ICON_CONCEPT_PUBLIC_WORKS,5,kv,Vari,"""NULL"""
ICON_CONCEPT_PUBLIC_WORKS,6,kv,Icon,"""NULL"""
ICON_CONCEPT_PUBLIC_WORKS,7,kv,LargeIcon,"""NULL"""
ICON_CONCEPT_PUBLIC_WORKS,8,kv,SmallIcon,"""NULL"""
ICON_CONCEPT_PUBLIC_WORKS,9,kv,StatText,"""NULL"""
ICON_CONCEPT_RATIONS,0,kv,FirstFrame,"""UPCP016L.TGA"""
ICON_CONCEPT_RATIONS,1,kv,Movie,"""NULL"""
ICON_CONCEPT_RATIONS,2,kv,Gameplay,"""CONCEPT_RATIONS_GAMEPLAY"""
ICON_CONCEPT_RATIONS,3,kv,Historical,"""NULL"""
ICON_CONCEPT_RATIONS,4,kv,Prereq,"""NULL"""
ICON_CONCEPT_RATIONS,5,kv,Vari,"""NULL"""
ICON_CONCEPT_RATIONS,6,kv,Icon,"""NULL"""
ICON_CONCEPT_RATIONS,7,kv,LargeIcon,"""NULL"""
ICON_CONCEPT_RATIONS,8,kv,SmallIcon,"""NULL"""
ICON_CONCEPT_RATIONS,9,kv,StatText,"""NULL"""
ICON_CONCEPT_REGARD,0,kv,FirstFrame,"""UPCP037L.TGA"""
ICON_CONCEPT_REGARD,1,kv,Movie,"""NULL"""
ICON_CONCEPT_REGARD,2,kv,Gameplay,"""CONCEPT_REGARD_GAMEPLAY"""
ICON_CONCEPT_REGARD,3,kv,Historical,"""NULL"""
ICON_CONCEPT_REGARD,4,kv,Prereq,"""NULL"""
ICON_CONCEPT_REGARD,5,kv,Vari,"""NULL"""
ICON_CONCEPT_REGARD,6,kv,Icon,"""NULL"""
ICON_CONCEPT_REGARD,7,kv,LargeIcon,"""NULL"""
ICON_CONCEPT_REGARD,8,kv,SmallIcon,"""NULL"""
ICON_CONCEPT_REGARD,9,kv,StatText,"""NULL"""
ICON_CONCEPT_RENAISSANCE_AGE,0,kv,FirstFrame,"""RENAISS.TGA"""
ICON_CONCEPT_RENAISSANCE_AGE,1,kv,Movie,"""NULL"""
ICON_CONCEPT_RENAISSANCE_AGE,2,kv,Gameplay,"""CONCEPT_RENAISSANCE_AGE_HISTORICAL"""
ICON_CONCEPT_RENAISSANCE_AGE,3,kv,Historical,"""NULL"""
ICON_CONCEPT_RENAISSANCE_AGE,4,kv,Prereq,"""NULL"""
ICON_CONCEPT_RENAISSANCE_AGE,5,kv,Vari,"""NULL"""
ICON_CONCEPT_RENAISSANCE_AGE,6,kv,Icon,"""NULL"""
ICON_CONCEPT_RENAISSANCE_AGE,7,kv,LargeIcon,"""NULL"""
ICON_CONCEPT_RENAISSANCE_AGE,8,kv,SmallIcon,"""NULL"""
ICON_CONCEPT_RENAISSANCE_AGE,9,kv,StatText,"""NULL"""
ICON_CONCEPT_REQUEST,0,kv,FirstFrame,"""UPCP039L.TGA"""
ICON_CONCEPT_REQUEST,1,kv,Movie,"""NULL"""
ICON_CONCEPT_REQUEST,2,kv,Gameplay,"""CONCEPT_REQUEST_GAMEPLAY"""
ICON_CONCEPT_REQUEST,3,kv,Historical,"""NULL"""
ICON_CONCEPT_REQUEST,4,kv,Prereq,"""NULL"""
ICON_CONCEPT_REQUEST,5,kv,Vari,"""NULL"""
ICON_CONCEPT_REQUEST,6,kv,Icon,"""NULL"""
ICON_CONCEPT_REQUEST,7,kv,LargeIcon,"""NULL"""
ICON_CONCEPT_REQUEST,8,kv,SmallIcon,"""NULL"""
ICON_CONCEPT_REQUEST,9,kv,StatText,"""NULL"""
ICON_CONCEPT_REVOLUTION,0,kv,FirstFrame,"""UPSS013L.TGA"""
ICON_CONCEPT_REVOLUTION,1,kv,Movie,"""NULL"""
ICON_CONCEPT_REVOLUTION,2,kv,Gameplay,"""CONCEPT_REVOLUTION_GAMEPLAY"""
ICON_CONCEPT_REVOLUTION,3,kv,Historical,"""NULL"""
ICON_CONCEPT_REVOLUTION,4,kv,Prereq,"""NULL"""
ICON_CONCEPT_REVOLUTION,5,kv,Vari,"""NULL"""
ICON_CONCEPT_REVOLUTION,6,kv,Icon,"""NULL"""
ICON_CONCEPT_REVOLUTION,7,kv,LargeIcon,"""NULL"""
ICON_CONCEPT_REVOLUTION,8,kv,SmallIcon,"""NULL"""
ICON_CONCEPT_REVOLUTION,9,kv,StatText,"""NULL"""
ICON_CONCEPT_RIOTS,0,kv,FirstFrame,"""UPCP041L.TGA"""
ICON_CONCEPT_RIOTS,1,kv,Movie,"""NULL"""
ICON_CONCEPT_RIOTS,2,kv,Gameplay,"""CONCEPT_RIOTS_GAMEPLAY"""
ICON_CONCEPT_RIOTS,3,kv,Historical,"""NULL"""
ICON_CONCEPT_RIOTS,4,kv,Prereq,"""NULL"""
ICON_CONCEPT_RIOTS,5,kv,Vari,"""NULL"""
ICON_CONCEPT_RIOTS,6,kv,Icon,"""NULL"""
ICON_CONCEPT_RIOTS,7,kv,LargeIcon,"""NULL"""
ICON_CONCEPT_RIOTS,8,kv,SmallIcon,"""NULL"""
ICON_CONCEPT_RIOTS,9,kv,StatText,"""NULL"""
ICON_CONCEPT_RIVER,0,kv,FirstFrame,"""UPCP042L.TGA"""
ICON_CONCEPT_RIVER,1,kv,Movie,"""NULL"""
ICON_CONCEPT_RIVER,2,kv,Gameplay,"""CONCEPT_RIVER_GAMEPLAY"""
ICON_CONCEPT_RIVER,3,kv,Historical,"""NULL"""
ICON_CONCEPT_RIVER,4,kv,Prereq,"""NULL"""
ICON_CONCEPT_RIVER,5,kv,Vari,"""NULL"""
ICON_CONCEPT_RIVER,6,kv,Icon,"""NULL"""
ICON_CONCEPT_RIVER,7,kv,LargeIcon,"""NULL"""
ICON_CONCEPT_RIVER,8,kv,SmallIcon,"""NULL"""
ICON_CONCEPT_RIVER,9,kv,StatText,"""NULL"""
ICON_CONCEPT_RUINS,0,kv,FirstFrame,"""UPCP043L.TGA"""
ICON_CONCEPT_RUINS,1,kv,Movie,"""NULL"""
ICON_CONCEPT_RUINS,2,kv,Gameplay,"""CONCEPT_RUINS_GAMEPLAY"""
ICON_CONCEPT_RUINS,3,kv,Historical,"""NULL"""
ICON_CONCEPT_RUINS,4,kv,Prereq,"""NULL"""
ICON_CONCEPT_RUINS,5,kv,Vari,"""NULL"""
ICON_CONCEPT_RUINS,6,kv,Icon,"""NULL"""
ICON_CONCEPT_RUINS,7,kv,LargeIcon,"""NULL"""
ICON_CONCEPT_RUINS,8,kv,SmallIcon,"""NULL"""
ICON_CONCEPT_RUINS,9,kv,StatText,"""NULL"""
ICON_CONCEPT_RUSH_BUY,0,kv,FirstFrame,"""UPCP044L.TGA"""
ICON_CONCEPT_RUSH_BUY,1,kv,Movie,"""NULL"""
ICON_CONCEPT_RUSH_BUY,2,kv,Gameplay,"""CONCEPT_RUSH_BUY_GAMEPLAY"""
ICON_CONCEPT_RUSH_BUY,3,kv,Historical,"""NULL"""
ICON_CONCEPT_RUSH_BUY,4,kv,Prereq,"""NULL"""
ICON_CONCEPT_RUSH_BUY,5,kv,Vari,"""NULL"""
ICON_CONCEPT_RUSH_BUY,6,kv,Icon,"""NULL"""
ICON_CONCEPT_RUSH_BUY,7,kv,LargeIcon,"""NULL"""
ICON_CONCEPT_RUSH_BUY,8,kv,SmallIcon,"""NULL"""
ICON_CONCEPT_RUSH_BUY,9,kv,StatText,"""NULL"""
ICON_CONCEPT_SCIENCE,0,kv,FirstFrame,"""UPCP045L.TGA"""
ICON_CONCEPT_SCIENCE,1,kv,Movie,"""NULL"""
ICON_CONCEPT_SCIENCE,2,kv,Gameplay,"""CONCEPT_SCIENCE_GAMEPLAY"""
ICON_CONCEPT_SCIENCE,3,kv,Historical,"""NULL"""
ICON_CONCEPT_SCIENCE,4,kv,Prereq,"""NULL"""
ICON_CONCEPT_SCIENCE,5,kv,Vari,"""NULL"""
ICON_CONCEPT_SCIENCE,6,kv,Icon,"""NULL"""
ICON_CONCEPT_SCIENCE,7,kv,LargeIcon,"""NULL"""
ICON_CONCEPT_SCIENCE,8,kv,SmallIcon,"""NULL"""
ICON_CONCEPT_SCIENCE,9,kv,StatText,"""NULL"""
ICON_CONCEPT_SCIENCE_SETTING,0,kv,FirstFrame,"""UPAP019L.TGA"""
ICON_CONCEPT_SCIENCE_SETTING,1,kv,Movie,"""NULL"""
ICON_CONCEPT_SCIENCE_SETTING,2,kv,Gameplay,"""CONCEPT_SCIENCE_SETTING_GAMEPLAY"""
ICON_CONCEPT_SCIENCE_SETTING,3,kv,Historical,"""NULL"""
ICON_CONCEPT_SCIENCE_SETTING,4,kv,Prereq,"""NULL"""
ICON_CONCEPT_SCIENCE_SETTING,5,kv,Vari,"""NULL"""
ICON_CONCEPT_SCIENCE_SETTING,6,kv,Icon,"""NULL"""
ICON_CONCEPT_SCIENCE_SETTING,7,kv,LargeIcon,"""NULL"""
ICON_CONCEPT_SCIENCE_SETTING,8,kv,SmallIcon,"""NULL"""
ICON_CONCEPT_SCIENCE_SETTING,9,kv,StatText,"""NULL"""
ICON_CONCEPT_SEA_COLONIES,0,kv,FirstFrame,"""UPCP047L.TGA"""
ICON_CONCEPT_SEA_COLONIES,1,kv,Movie,"""NULL"""
ICON_CONCEPT_SEA_COLONIES,2,kv,Gameplay,"""CONCEPT_SEA_COLONIES_GAMEPLAY"""
ICON_CONCEPT_SEA_COLONIES,3,kv,Historical,"""NULL"""
ICON_CONCEPT_SEA_COLONIES,4,kv,Prereq,"""NULL"""
ICON_CONCEPT_SEA_COLONIES,5,kv,Vari,"""NULL"""
ICON_CONCEPT_SEA_COLONIES,6,kv,Icon,"""NULL"""
ICON_CONCEPT_SEA_COLONIES,7,kv,LargeIcon,"""NULL"""
ICON_CONCEPT_SEA_COLONIES,8,kv,SmallIcon,"""NULL"""
ICON_CONCEPT_SEA_COLONIES,9,kv,StatText,"""NULL"""
ICON_CONCEPT_SLAVE,0,kv,FirstFrame,"""UPSS007L.TGA"""
ICON_CONCEPT_SLAVE,1,kv,Movie,"""NULL"""
ICON_CONCEPT_SLAVE,2,kv,Gameplay,"""CONCEPT_SLAVE_GAMEPLAY"""
ICON_CONCEPT_SLAVE,3,kv,Historical,"""NULL"""
ICON_CONCEPT_SLAVE,4,kv,Prereq,"""NULL"""
ICON_CONCEPT_SLAVE,5,kv,Vari,"""NULL"""
ICON_CONCEPT_SLAVE,6,kv,Icon,"""NULL"""
ICON_CONCEPT_SLAVE,7,kv,LargeIcon,"""NULL"""
ICON_CONCEPT_SLAVE,8,kv,SmallIcon,"""NULL"""
ICON_CONCEPT_SLAVE,9,kv,StatText,"""NULL"""
ICON_CONCEPT_SPECIAL_FORCES,0,kv,FirstFrame,"""UPUP039L.TGA"""
ICON_CONCEPT_SPECIAL_FORCES,1,kv,Movie,"""NULL"""
ICON_CONCEPT_SPECIAL_FORCES,2,kv,Gameplay,"""CONCEPT_SPECIAL_FORCES_GAMEPLAY"""
ICON_CONCEPT_SPECIAL_FORCES,3,kv,Historical,"""NULL"""
ICON_CONCEPT_SPECIAL_FORCES,4,kv,Prereq,"""NULL"""
ICON_CONCEPT_SPECIAL_FORCES,5,kv,Vari,"""NULL"""
ICON_CONCEPT_SPECIAL_FORCES,6,kv,Icon,"""NULL"""
ICON_CONCEPT_SPECIAL_FORCES,7,kv,LargeIcon,"""NULL"""
ICON_CONCEPT_SPECIAL_FORCES,8,kv,SmallIcon,"""NULL"""
ICON_CONCEPT_SPECIAL_FORCES,9,kv,StatText,"""NULL"""
ICON_CONCEPT_SPECIALISTS,0,kv,FirstFrame,"""UPCP050L.TGA"""
ICON_CONCEPT_SPECIALISTS,1,kv,Movie,"""NULL"""
ICON_CONCEPT_SPECIALISTS,2,kv,Gameplay,"""CONCEPT_SPECIALISTS_GAMEPLAY"""
ICON_CONCEPT_SPECIALISTS,3,kv,Historical,"""NULL"""
ICON_CONCEPT_SPECIALISTS,4,kv,Prereq,"""NULL"""
ICON_CONCEPT_SPECIALISTS,5,kv,Vari,"""NULL"""
ICON_CONCEPT_SPECIALISTS,6,kv,Icon,"""NULL"""
ICON_CONCEPT_SPECIALISTS,7,kv,LargeIcon,"""NULL"""
ICON_CONCEPT_SPECIALISTS,8,kv,SmallIcon,"""NULL"""
ICON_CONCEPT_SPECIALISTS,9,kv,StatText,"""NULL"""
ICON_CONCEPT_STARVATION,0,kv,FirstFrame,"""UPLG001.TGA"""
ICON_CONCEPT_STARVATION,1,kv,Movie,"""NULL"""
ICON_CONCEPT_STARVATION,2,kv,Gameplay,"""CONCEPT_STARVATION_GAMEPLAY"""
ICON_CONCEPT_STARVATION,3,kv,Historical,"""NULL"""
ICON_CONCEPT_STARVATION,4,kv,Prereq,"""NULL"""
ICON_CONCEPT_STARVATION,5,kv,Vari,"""NULL"""
ICON_CONCEPT_STARVATION,6,kv,Icon,"""NULL"""
ICON_CONCEPT_STARVATION,7,kv,LargeIcon,"""NULL"""
ICON_CONCEPT_STARVATION,8,kv,SmallIcon,"""NULL"""
ICON_CONCEPT_STARVATION,9,kv,StatText,"""NULL"""
ICON_CONCEPT_STEALTH_UNITS,0,kv,FirstFrame,"""UPUP034L.TGA"""
ICON_CONCEPT_STEALTH_UNITS,1,kv,Movie,"""NULL"""
ICON_CONCEPT_STEALTH_UNITS,2,kv,Gameplay,"""CONCEPT_STEALTH_UNITS_GAMEPLAY"""
ICON_CONCEPT_STEALTH_UNITS,3,kv,Historical,"""NULL"""
ICON_CONCEPT_STEALTH_UNITS,4,kv,Prereq,"""NULL"""
ICON_CONCEPT_STEALTH_UNITS,5,kv,Vari,"""NULL"""
ICON_CONCEPT_STEALTH_UNITS,6,kv,Icon,"""NULL"""
ICON_CONCEPT_STEALTH_UNITS,7,kv,LargeIcon,"""NULL"""
ICON_CONCEPT_STEALTH_UNITS,8,kv,SmallIcon,"""NULL"""
ICON_CONCEPT_STEALTH_UNITS,9,kv,StatText,"""NULL"""
ICON_CONCEPT_SUPPORT_COST,0,kv,FirstFrame,"""UPCP052L.TGA"""
ICON_CONCEPT_SUPPORT_COST,1,kv,Movie,"""NULL"""
ICON_CONCEPT_SUPPORT_COST,2,kv,Gameplay,"""CONCEPT_SUPPORT_COST_GAMEPLAY"""
ICON_CONCEPT_SUPPORT_COST,3,kv,Historical,"""NULL"""
ICON_CONCEPT_SUPPORT_COST,4,kv,Prereq,"""NULL"""
ICON_CONCEPT_SUPPORT_COST,5,kv,Vari,"""NULL"""
ICON_CONCEPT_SUPPORT_COST,6,kv,Icon,"""NULL"""
ICON_CONCEPT_SUPPORT_COST,7,kv,LargeIcon,"""NULL"""
ICON_CONCEPT_SUPPORT_COST,8,kv,SmallIcon,"""NULL"""
ICON_CONCEPT_SUPPORT_COST,9,kv,StatText,"""NULL"""
ICON_CONCEPT_TERRAFORM,0,kv,FirstFrame,"""UPCP053L.TGA"""
ICON_CONCEPT_TERRAFORM,1,kv,Movie,"""NULL"""
ICON_CONCEPT_TERRAFORM,2,kv,Gameplay,"""CONCEPT_TERRAFORM_GAMEPLAY"""
ICON_CONCEPT_TERRAFORM,3,kv,Historical,"""NULL"""
ICON_CONCEPT_TERRAFORM,4,kv,Prereq,"""NULL"""
ICON_CONCEPT_TERRAFORM,5,kv,Vari,"""NULL"""
ICON_CONCEPT_TERRAFORM,6,kv,Icon,"""NULL"""
ICON_CONCEPT_TERRAFORM,7,kv,LargeIcon,"""NULL"""
ICON_CONCEPT_TERRAFORM,8,kv,SmallIcon,"""NULL"""
ICON_CONCEPT_TERRAFORM,9,kv,StatText,"""NULL"""
ICON_CONCEPT_THREAT,0,kv,FirstFrame,"""UPCP054L.TGA"""
ICON_CONCEPT_THREAT,1,kv,Movie,"""NULL"""
ICON_CONCEPT_THREAT,2,kv,Gameplay,"""CONCEPT_THREAT_GAMEPLAY"""
ICON_CONCEPT_THREAT,3,kv,Historical,"""NULL"""
ICON_CONCEPT_THREAT,4,kv,Prereq,"""NULL"""
ICON_CONCEPT_THREAT,5,kv,Vari,"""NULL"""
ICON_CONCEPT_THREAT,6,kv,Icon,"""NULL"""
ICON_CONCEPT_THREAT,7,kv,LargeIcon,"""NULL"""
ICON_CONCEPT_THREAT,8,kv,SmallIcon,"""NULL"""
ICON_CONCEPT_THREAT,9,kv,StatText,"""NULL"""
ICON_CONCEPT_TILE_IMPROVEMENTS,0,kv,FirstFrame,"""UPTP001L.TGA"""
ICON_CONCEPT_TILE_IMPROVEMENTS,1,kv,Movie,"""NULL"""
ICON_CONCEPT_TILE_IMPROVEMENTS,2,kv,Gameplay,"""CONCEPT_TILE_IMPROVEMENTS_GAMEPLAY"""
ICON_CONCEPT_TILE_IMPROVEMENTS,3,kv,Historical,"""NULL"""
ICON_CONCEPT_TILE_IMPROVEMENTS,4,kv,Prereq,"""NULL"""
ICON_CONCEPT_TILE_IMPROVEMENTS,5,kv,Vari,"""NULL"""
ICON_CONCEPT_TILE_IMPROVEMENTS,6,kv,Icon,"""NULL"""
ICON_CONCEPT_TILE_IMPROVEMENTS,7,kv,LargeIcon,"""NULL"""
ICON_CONCEPT_TILE_IMPROVEMENTS,8,kv,SmallIcon,"""NULL"""
ICON_CONCEPT_TILE_IMPROVEMENTS,9,kv,StatText,"""NULL"""
ICON_CONCEPT_TONE,0,kv,FirstFrame,"""UPCP056L.TGA"""
ICON_CONCEPT_TONE,1,kv,Movie,"""NULL"""
ICON_CONCEPT_TONE,2,kv,Gameplay,"""CONCEPT_TONE_GAMEPLAY"""
ICON_CONCEPT_TONE,3,kv,Historical,"""NULL"""
ICON_CONCEPT_TONE,4,kv,Prereq,"""NULL"""
ICON_CONCEPT_TONE,5,kv,Vari,"""NULL"""
ICON_CONCEPT_TONE,6,kv,Icon,"""NULL"""
ICON_CONCEPT_TONE,7,kv,LargeIcon,"""NULL"""
ICON_CONCEPT_TONE,8,kv,SmallIcon,"""NULL"""
ICON_CONCEPT_TONE,9,kv,StatText,"""NULL"""
ICON_CONCEPT_TRADE,0,kv,FirstFrame,"""UPAP102L.TGA"""
ICON_CONCEPT_TRADE,1,kv,Movie,"""NULL"""
ICON_CONCEPT_TRADE,2,kv,Gameplay,"""CONCEPT_TRADE_GAMEPLAY"""
ICON_CONCEPT_TRADE,3,kv,Historical,"""NULL"""
ICON_CONCEPT_TRADE,4,kv,Prereq,"""NULL"""
ICON_CONCEPT_TRADE,5,kv,Vari,"""NULL"""
ICON_CONCEPT_TRADE,6,kv,Icon,"""NULL"""
ICON_CONCEPT_TRADE,7,kv,LargeIcon,"""NULL"""
ICON_CONCEPT_TRADE,8,kv,SmallIcon,"""NULL"""
ICON_CONCEPT_TRADE,9,kv,StatText,"""NULL"""
ICON_CONCEPT_TRADE_ROUTE,0,kv,FirstFrame,"""UPAP102L.TGA"""
ICON_CONCEPT_TRADE_ROUTE,1,kv,Movie,"""NULL"""
ICON_CONCEPT_TRADE_ROUTE,2,kv,Gameplay,"""CONCEPT_TRADE_ROUTE_GAMEPLAY"""
ICON_CONCEPT_TRADE_ROUTE,3,kv,Historical,"""NULL"""
ICON_CONCEPT_TRADE_ROUTE,4,kv,Prereq,"""NULL"""
ICON_CONCEPT_TRADE_ROUTE,5,kv,Vari,"""NULL"""
ICON_CONCEPT_TRADE_ROUTE,6,kv,Icon,"""NULL"""
ICON_CONCEPT_TRADE_ROUTE,7,kv,LargeIcon,"""NULL"""
ICON_CONCEPT_TRADE_ROUTE,8,kv,SmallIcon,"""NULL"""
ICON_CONCEPT_TRADE_ROUTE,9,kv,StatText,"""NULL"""
ICON_CONCEPT_TREATIES,0,kv,FirstFrame,"""UPAP059L.TGA"""
ICON_CONCEPT_TREATIES,1,kv,Movie,"""NULL"""
ICON_CONCEPT_TREATIES,2,kv,Gameplay,"""CONCEPT_TREATIES_GAMEPLAY"""
ICON_CONCEPT_TREATIES,3,kv,Historical,"""NULL"""
ICON_CONCEPT_TREATIES,4,kv,Prereq,"""NULL"""
ICON_CONCEPT_TREATIES,5,kv,Vari,"""NULL"""
ICON_CONCEPT_TREATIES,6,kv,Icon,"""NULL"""
ICON_CONCEPT_TREATIES,7,kv,LargeIcon,"""NULL"""
ICON_CONCEPT_TREATIES,8,kv,SmallIcon,"""NULL"""
ICON_CONCEPT_TREATIES,9,kv,StatText,"""NULL"""
ICON_CONCEPT_UNITS,0,kv,FirstFrame,"""UPCP060L.TGA"""
ICON_CONCEPT_UNITS,1,kv,Movie,"""NULL"""
ICON_CONCEPT_UNITS,2,kv,Gameplay,"""CONCEPT_UNITS_GAMEPLAY"""
ICON_CONCEPT_UNITS,3,kv,Historical,"""NULL"""
ICON_CONCEPT_UNITS,4,kv,Prereq,"""NULL"""
ICON_CONCEPT_UNITS,5,kv,Vari,"""NULL"""
ICON_CONCEPT_UNITS,6,kv,Icon,"""NULL"""
ICON_CONCEPT_UNITS,7,kv,LargeIcon,"""NULL"""
ICON_CONCEPT_UNITS,8,kv,SmallIcon,"""NULL"""
ICON_CONCEPT_UNITS,9,kv,StatText,"""NULL"""
ICON_CONCEPT_VETERANS,0,kv,FirstFrame,"""UPCP061L.TGA"""
ICON_CONCEPT_VETERANS,1,kv,Movie,"""NULL"""
ICON_CONCEPT_VETERANS,2,kv,Gameplay,"""CONCEPT_VETERANS_GAMEPLAY"""
ICON_CONCEPT_VETERANS,3,kv,Historical,"""NULL"""
ICON_CONCEPT_VETERANS,4,kv,Prereq,"""NULL"""
ICON_CONCEPT_VETERANS,5,kv,Vari,"""NULL"""
ICON_CONCEPT_VETERANS,6,kv,Icon,"""NULL"""
ICON_CONCEPT_VETERANS,7,kv,LargeIcon,"""NULL"""
ICON_CONCEPT_VETERANS,8,kv,SmallIcon,"""NULL"""
ICON_CONCEPT_VETERANS,9,kv,StatText,"""NULL"""
ICON_CONCEPT_VICTORY_CONDITIONS,0,kv,FirstFrame,"""UPLG001.TGA"""
ICON_CONCEPT_VICTORY_CONDITIONS,1,kv,Movie,"""NULL"""
ICON_CONCEPT_VICTORY_CONDITIONS,2,kv,Gameplay,"""NULL"""
ICON_CONCEPT_VICTORY_CONDITIONS,3,kv,Historical,"""NULL"""
ICON_CONCEPT_VICTORY_CONDITIONS,4,kv,Prereq,"""NULL"""
ICON_CONCEPT_VICTORY_CONDITIONS,5,kv,Vari,"""NULL"""
ICON_CONCEPT_VICTORY_CONDITIONS,6,kv,Icon,"""NULL"""
ICON_CONCEPT_VICTORY_CONDITIONS,7,kv,LargeIcon,"""NULL"""
ICON_CONCEPT_VICTORY_CONDITIONS,8,kv,SmallIcon,"""NULL"""
ICON_CONCEPT_VICTORY_CONDITIONS,9,kv,StatText,"""NULL"""
ICON_CONCEPT_VICTORY_CONQUEST,0,kv,FirstFrame,"""UPCP063L.TGA"""
ICON_CONCEPT_VICTORY_CONQUEST,1,kv,Movie,"""NULL"""
ICON_CONCEPT_VICTORY_CONQUEST,2,kv,Gameplay,"""CONCEPT_VICTORY_CONQUEST_GAMEPLAY"""
ICON_CONCEPT_VICTORY_CONQUEST,3,kv,Historical,"""NULL"""
ICON_CONCEPT_VICTORY_CONQUEST,4,kv,Prereq,"""NULL"""
ICON_CONCEPT_VICTORY_CONQUEST,5,kv,Vari,"""NULL"""
ICON_CONCEPT_VICTORY_CONQUEST,6,kv,Icon,"""NULL"""
ICON_CONCEPT_VICTORY_CONQUEST,7,kv,LargeIcon,"""NULL"""
ICON_CONCEPT_VICTORY_CONQUEST,8,kv,SmallIcon,"""NULL"""
ICON_CONCEPT_VICTORY_CONQUEST,9,kv,StatText,"""NULL"""
ICON_CONCEPT_VICTORY_DIPLOMATIC,0,kv,FirstFrame,"""UPCP064L.TGA"""
ICON_CONCEPT_VICTORY_DIPLOMATIC,1,kv,Movie,"""NULL"""
ICON_CONCEPT_VICTORY_DIPLOMATIC,2,kv,Gameplay,"""CONCEPT_VICTORY_DIPLOMATIC_GAMEPLAY"""
ICON_CONCEPT_VICTORY_DIPLOMATIC,3,kv,Historical,"""NULL"""
ICON_CONCEPT_VICTORY_DIPLOMATIC,4,kv,Prereq,"""NULL"""
ICON_CONCEPT_VICTORY_DIPLOMATIC,5,kv,Vari,"""NULL"""
ICON_CONCEPT_VICTORY_DIPLOMATIC,6,kv,Icon,"""NULL"""
ICON_CONCEPT_VICTORY_DIPLOMATIC,7,kv,LargeIcon,"""NULL"""
ICON_CONCEPT_VICTORY_DIPLOMATIC,8,kv,SmallIcon,"""NULL"""
ICON_CONCEPT_VICTORY_DIPLOMATIC,9,kv,StatText,"""NULL"""
ICON_CONCEPT_VICTORY_PTS_AT_2300,0,kv,FirstFrame,"""UPCP062L.TGA"""
ICON_CONCEPT_VICTORY_PTS_AT_2300,1,kv,Movie,"""NULL"""
ICON_CONCEPT_VICTORY_PTS_AT_2300,2,kv,Gameplay,"""CONCEPT_VICTORY_PTS_AT_2300_GAMEPLAY"""
ICON_CONCEPT_VICTORY_PTS_AT_2300,3,kv,Historical,"""NULL"""
ICON_CONCEPT_VICTORY_PTS_AT_2300,4,kv,Prereq,"""NULL"""
ICON_CONCEPT_VICTORY_PTS_AT_2300,5,kv,Vari,"""NULL"""
ICON_CONCEPT_VICTORY_PTS_AT_2300,6,kv,Icon,"""NULL"""
ICON_CONCEPT_VICTORY_PTS_AT_2300,7,kv,LargeIcon,"""NULL"""
ICON_CONCEPT_VICTORY_PTS_AT_2300,8,kv,SmallIcon,"""NULL"""
ICON_CONCEPT_VICTORY_PTS_AT_2300,9,kv,StatText,"""NULL"""
ICON_CONCEPT_VICTORY_SCIENCE,0,kv,FirstFrame,"""UPCP065L.TGA"""
ICON_CONCEPT_VICTORY_SCIENCE,1,kv,Movie,"""NULL"""
ICON_CONCEPT_VICTORY_SCIENCE,2,kv,Gameplay,"""CONCEPT_VICTORY_SCIENCE_GAMEPLAY"""
ICON_CONCEPT_VICTORY_SCIENCE,3,kv,Historical,"""NULL"""
ICON_CONCEPT_VICTORY_SCIENCE,4,kv,Prereq,"""NULL"""
ICON_CONCEPT_VICTORY_SCIENCE,5,kv,Vari,"""NULL"""
ICON_CONCEPT_VICTORY_SCIENCE,6,kv,Icon,"""NULL"""
ICON_CONCEPT_VICTORY_SCIENCE,7,kv,LargeIcon,"""NULL"""
ICON_CONCEPT_VICTORY_SCIENCE,8,kv,SmallIcon,"""NULL"""
ICON_CONCEPT_VICTORY_SCIENCE,9,kv,StatText,"""NULL"""
ICON_CONCEPT_VISION,0,kv,FirstFrame,"""UPTP022L.TGA"""
ICON_CONCEPT_VISION,1,kv,Movie,"""NULL"""
ICON_CONCEPT_VISION,2,kv,Gameplay,"""CONCEPT_VISION_GAMEPLAY"""
ICON_CONCEPT_VISION,3,kv,Historical,"""NULL"""
ICON_CONCEPT_VISION,4,kv,Prereq,"""NULL"""
ICON_CONCEPT_VISION,5,kv,Vari,"""NULL"""
ICON_CONCEPT_VISION,6,kv,Icon,"""NULL"""
ICON_CONCEPT_VISION,7,kv,LargeIcon,"""NULL"""
ICON_CONCEPT_VISION,8,kv,SmallIcon,"""NULL"""
ICON_CONCEPT_VISION,9,kv,StatText,"""NULL"""
ICON_CONCEPT_WAGES,0,kv,FirstFrame,"""UPCP067L.TGA"""
ICON_CONCEPT_WAGES,1,kv,Movie,"""NULL"""
ICON_CONCEPT_WAGES,2,kv,Gameplay,"""CONCEPT_WAGES_GAMEPLAY"""
ICON_CONCEPT_WAGES,3,kv,Historical,"""NULL"""
ICON_CONCEPT_WAGES,4,kv,Prereq,"""NULL"""
ICON_CONCEPT_WAGES,5,kv,Vari,"""NULL"""
ICON_CONCEPT_WAGES,6,kv,Icon,"""NULL"""
ICON_CONCEPT_WAGES,7,kv,LargeIcon,"""NULL"""
ICON_CONCEPT_WAGES,8,kv,SmallIcon,"""NULL"""
ICON_CONCEPT_WAGES,9,kv,StatText,"""NULL"""
ICON_CONCEPT_WONDERS,0,kv,FirstFrame,"""UPCP068L.TGA"""
ICON_CONCEPT_WONDERS,1,kv,Movie,"""NULL"""
ICON_CONCEPT_WONDERS,2,kv,Gameplay,"""CONCEPT_WONDERS_GAMEPLAY"""
ICON_CONCEPT_WONDERS,3,kv,Historical,"""NULL"""
ICON_CONCEPT_WONDERS,4,kv,Prereq,"""NULL"""
ICON_CONCEPT_WONDERS,5,kv,Vari,"""NULL"""
ICON_CONCEPT_WONDERS,6,kv,Icon,"""NULL"""
ICON_CONCEPT_WONDERS,7,kv,LargeIcon,"""NULL"""
ICON_CONCEPT_WONDERS,8,kv,SmallIcon,"""NULL"""
ICON_CONCEPT_WONDERS,9,kv,StatText,"""NULL"""
ICON_CONCEPT_WORK_HOURS,0,kv,FirstFrame,"""UPCP069L.TGA"""
ICON_CONCEPT_WORK_HOURS,1,kv,Movie,"""NULL"""
ICON_CONCEPT_WORK_HOURS,2,kv,Gameplay,"""CONCEPT_WORK_HOURS_GAMEPLAY"""
ICON_CONCEPT_WORK_HOURS,3,kv,Historical,"""NULL"""
ICON_CONCEPT_WORK_HOURS,4,kv,Prereq,"""NULL"""
ICON_CONCEPT_WORK_HOURS,5,kv,Vari,"""NULL"""
ICON_CONCEPT_WORK_HOURS,6,kv,Icon,"""NULL"""
ICON_CONCEPT_WORK_HOURS,7,kv,LargeIcon,"""NULL"""
ICON_CONCEPT_WORK_HOURS,8,kv,SmallIcon,"""NULL"""
ICON_CONCEPT_WORK_HOURS,9,kv,StatText,"""NULL"""
ICON_CONCEPT_WORKER,0,kv,FirstFrame,"""UPCP070L.TGA"""
ICON_CONCEPT_WORKER,1,kv,Movie,"""NULL"""
ICON_CONCEPT_WORKER,2,kv,Gameplay,"""CONCEPT_WORKER_GAMEPLAY"""
ICON_CONCEPT_WORKER,3,kv,Historical,"""NULL"""
ICON_CONCEPT_WORKER,4,kv,Prereq,"""NULL"""
ICON_CONCEPT_WORKER,5,kv,Vari,"""NULL"""
ICON_CONCEPT_WORKER,6,kv,Icon,"""NULL"""
ICON_CONCEPT_WORKER,7,kv,LargeIcon,"""NULL"""
ICON_CONCEPT_WORKER,8,kv,SmallIcon,"""NULL"""
ICON_CONCEPT_WORKER,9,kv,StatText,"""NULL"""
ICON_CONCEPT_X_LAB,0,kv,FirstFrame,"""UPLG001.TGA"""
ICON_CONCEPT_X_LAB,1,kv,Movie,"""NULL"""
ICON_CONCEPT_X_LAB,2,kv,Gameplay,"""NULL"""
ICON_CONCEPT_X_LAB,3,kv,Historical,"""NULL"""
ICON_CONCEPT_X_LAB,4,kv,Prereq,"""NULL"""
ICON_CONCEPT_X_LAB,5,kv,Vari,"""NULL"""
ICON_CONCEPT_X_LAB,6,kv,Icon,"""NULL"""
ICON_CONCEPT_X_LAB,7,kv,LargeIcon,"""NULL"""
ICON_CONCEPT_X_LAB,8,kv,SmallIcon,"""NULL"""
ICON_CONCEPT_X_LAB,9,kv,StatText,"""NULL"""
ICON_DEFAULT,0,kv,FirstFrame,"""UPLG001.TGA"""
ICON_DEFAULT,1,kv,Movie,"""NULL"""
ICON_DEFAULT,2,kv,Gameplay,"""NULL"""
ICON_DEFAULT,3,kv,Historical,"""NULL"""
ICON_DEFAULT,4,kv,Prereq,"""NULL"""
ICON_DEFAULT,5,kv,Vari,"""NULL"""
ICON_DEFAULT,6,kv,Icon,"""NULL"""
ICON_DEFAULT,7,kv,LargeIcon,"""NULL"""
ICON_DEFAULT,8,kv,SmallIcon,"""NULL"""
ICON_DEFAULT,9,kv,StatText,"""NULL"""
ICON_GOOD_ARCTIC_MOUNTAIN_ONE,0,kv,FirstFrame,"""UPGP018L.TGA"""
ICON_GOOD_ARCTIC_MOUNTAIN_ONE,1,kv,Movie,"""NULL"""
ICON_GOOD_ARCTIC_MOUNTAIN_ONE,2,kv,Gameplay,"""TERRAIN_ARCTIC_MOUNTAIN_GOOD_ONE_GAMEPLAY"""
ICON_GOOD_ARCTIC_MOUNTAIN_ONE,3,kv,Historical,"""TERRAIN_ARCTIC_MOUNTAIN_GOOD_ONE_HISTORICAL"""
ICON_GOOD_ARCTIC_MOUNTAIN_ONE,4,kv,Prereq,"""TERRAIN_ARCTIC_MOUNTAIN_GOOD_ONE_PREREQ"""
ICON_GOOD_ARCTIC_MOUNTAIN_ONE,5,kv,Vari,"""TERRAIN_ARCTIC_MOUNTAIN_GOOD_ONE_STATISTICS"""
ICON_GOOD_ARCTIC_MOUNTAIN_ONE,6,kv,Icon,"""UPGI18.TGA"""
ICON_GOOD_ARCTIC_MOUNTAIN_ONE,7,kv,LargeIcon,"""NULL"""
ICON_GOOD_ARCTIC_MOUNTAIN_ONE,8,kv,SmallIcon,"""NULL"""
ICON_GOOD_ARCTIC_MOUNTAIN_ONE,9,kv,StatText,"""NULL"""
ICON_GOOD_ARCTIC_MOUNTAIN_TWO,0,kv,FirstFrame,"""UPGP007L.TGA"""
ICON_GOOD_ARCTIC_MOUNTAIN_TWO,1,kv,Movie,"""NULL"""
ICON_GOOD_ARCTIC_MOUNTAIN_TWO,2,kv,Gameplay,"""TERRAIN_ARCTIC_MOUNTAIN_GOOD_TWO_GAMEPLAY"""
ICON_GOOD_ARCTIC_MOUNTAIN_TWO,3,kv,Historical,"""TERRAIN_ARCTIC_MOUNTAIN_GOOD_TWO_HISTORICAL"""
ICON_GOOD_ARCTIC_MOUNTAIN_TWO,4,kv,Prereq,"""TERRAIN_ARCTIC_MOUNTAIN_GOOD_TWO_PREREQ"""
ICON_GOOD_ARCTIC_MOUNTAIN_TWO,5,kv,Vari,"""TERRAIN_ARCTIC_MOUNTAIN_GOOD_TWO_STATISTICS"""
ICON_GOOD_ARCTIC_MOUNTAIN_TWO,6,kv,Icon,"""UPGI07.TGA"""
ICON_GOOD_ARCTIC_MOUNTAIN_TWO,7,kv,LargeIcon,"""NULL"""
ICON_GOOD_ARCTIC_MOUNTAIN_TWO,8,kv,SmallIcon,"""NULL"""
ICON_GOOD_ARCTIC_MOUNTAIN_TWO,9,kv,StatText,"""NULL"""
ICON_GOOD_WATER_SHELF_TWO,0,kv,FirstFrame,"""MGGP071L.TGA"""
ICON_GOOD_WATER_SHELF_TWO,1,kv,Movie,"""NULL"""
ICON_GOOD_WATER_SHELF_TWO,2,kv,Gameplay,"""TERRAIN_WATER_SHELF_GOOD_TWO_GAMEPLAY"""
ICON_GOOD_WATER_SHELF_TWO,3,kv,Historical,"""TERRAIN_WATER_SHELF_GOOD_TWO_HISTORICAL"""
ICON_GOOD_WATER_SHELF_TWO,4,kv,Prereq,"""TERRAIN_WATER_SHELF_GOOD_TWO_PREREQ"""
ICON_GOOD_WATER_SHELF_TWO,5,kv,Vari,"""TERRAIN_WATER_SHELF_GOOD_TWO_STATISTICS"""
ICON_GOOD_WATER_SHELF_TWO,6,kv,Icon,"""MGGI071.TGA"""
ICON_GOOD_WATER_SHELF_TWO,7,kv,LargeIcon,"""NULL"""
ICON_GOOD_WATER_SHELF_TWO,8,kv,SmallIcon,"""NULL"""
ICON_GOOD_WATER_SHELF_TWO,9,kv,StatText,"""NULL"""
ICON_GOOD_WATER_SHELF_FOUR,0,kv,FirstFrame,"""MGGP072L.TGA"""
ICON_GOOD_WATER_SHELF_FOUR,1,kv,Movie,"""NULL"""
ICON_GOOD_WATER_SHELF_FOUR,2,kv,Gameplay,"""TERRAIN_WATER_SHELF_GOOD_FOUR_GAMEPLAY"""
ICON_GOOD_WATER_SHELF_FOUR,3,kv,Historical,"""TERRAIN_WATER_SHELF_GOOD_FOUR_HISTORICAL"""
ICON_GOOD_WATER_SHELF_FOUR,4,kv,Prereq,"""TERRAIN_WATER_SHELF_GOOD_FOUR_PREREQ"""
ICON_GOOD_WATER_SHELF_FOUR,5,kv,Vari,"""TERRAIN_WATER_SHELF_GOOD_FOUR_STATISTICS"""
ICON_GOOD_WATER_SHELF_FOUR,6,kv,Icon,"""MGGI072.TGA"""
ICON_GOOD_WATER_SHELF_FOUR,7,kv,LargeIcon,"""NULL"""
ICON_GOOD_WATER_SHELF_FOUR,8,kv,SmallIcon,"""NULL"""
ICON_GOOD_WATER_SHELF_FOUR,9,kv,StatText,"""NULL"""
ICON_GOOD_DEEP_WATER_ONE,0,kv,FirstFrame,"""UPGP022L.TGA"""
ICON_GOOD_DEEP_WATER_ONE,1,kv,Movie,"""NULL"""
ICON_GOOD_DEEP_WATER_ONE,2,kv,Gameplay,"""TERRAIN_WATER_DEEP_GOOD_ONE_GAMEPLAY"""
ICON_GOOD_DEEP_WATER_ONE,3,kv,Historical,"""TERRAIN_WATER_DEEP_GOOD_ONE_HISTORICAL"""
ICON_GOOD_DEEP_WATER_ONE,4,kv,Prereq,"""TERRAIN_WATER_DEEP_GOOD_ONE_PREREQ"""
ICON_GOOD_DEEP_WATER_ONE,5,kv,Vari,"""TERRAIN_WATER_DEEP_GOOD_ONE_STATISTICS"""
ICON_GOOD_DEEP_WATER_ONE,6,kv,Icon,"""UPGI22.TGA"""
ICON_GOOD_DEEP_WATER_ONE,7,kv,LargeIcon,"""NULL"""
ICON_GOOD_DEEP_WATER_ONE,8,kv,SmallIcon,"""NULL"""
ICON_GOOD_DEEP_WATER_ONE,9,kv,StatText,"""NULL"""
ICON_GOOD_DEEP_WATER_TWO,0,kv,FirstFrame,"""UPGP010L.TGA"""
ICON_GOOD_DEEP_WATER_TWO,1,kv,Movie,"""NULL"""
ICON_GOOD_DEEP_WATER_TWO,2,kv,Gameplay,"""TERRAIN_WATER_DEEP_GOOD_TWO_GAMEPLAY"""
ICON_GOOD_DEEP_WATER_TWO,3,kv,Historical,"""TERRAIN_WATER_DEEP_GOOD_TWO_HISTORICAL"""
ICON_GOOD_DEEP_WATER_TWO,4,kv,Prereq,"""TERRAIN_WATER_DEEP_GOOD_TWO_PREREQ"""
ICON_GOOD_DEEP_WATER_TWO,5,kv,Vari,"""TERRAIN_WATER_DEEP_GOOD_TWO_STATISTICS"""
ICON_GOOD_DEEP_WATER_TWO,6,kv,Icon,"""UPGI10.TGA"""
ICON_GOOD_DEEP_WATER_TWO,7,kv,LargeIcon,"""NULL"""
ICON_GOOD_DEEP_WATER_TWO,8,kv,SmallIcon,"""NULL"""
ICON_GOOD_DEEP_WATER_TWO,9,kv,StatText,"""NULL"""
ICON_GOOD_DESERT_ONE,0,kv,FirstFrame,"""UPGP011L.TGA"""
ICON_GOOD_DESERT_ONE,1,kv,Movie,"""NULL"""
ICON_GOOD_DESERT_ONE,2,kv,Gameplay,"""TERRAIN_DESERT_GOOD_ONE_GAMEPLAY"""
ICON_GOOD_DESERT_ONE,3,kv,Historical,"""TERRAIN_DESERT_GOOD_ONE_HISTORICAL"""
ICON_GOOD_DESERT_ONE,4,kv,Prereq,"""TERRAIN_DESERT_GOOD_ONE_PREREQ"""
ICON_GOOD_DESERT_ONE,5,kv,Vari,"""TERRAIN_DESERT_GOOD_ONE_STATISTICS"""
ICON_GOOD_DESERT_ONE,6,kv,Icon,"""UPGI11.TGA"""
ICON_GOOD_DESERT_ONE,7,kv,LargeIcon,"""NULL"""
ICON_GOOD_DESERT_ONE,8,kv,SmallIcon,"""NULL"""
ICON_GOOD_DESERT_ONE,9,kv,StatText,"""NULL"""
ICON_GOOD_DESERT_TWO,0,kv,FirstFrame,"""UPGP016L.TGA"""
ICON_GOOD_DESERT_TWO,1,kv,Movie,"""NULL"""
ICON_GOOD_DESERT_TWO,2,kv,Gameplay,"""TERRAIN_DESERT_GOOD_TWO_GAMEPLAY"""
ICON_GOOD_DESERT_TWO,3,kv,Historical,"""TERRAIN_DESERT_GOOD_TWO_HISTORICAL"""
ICON_GOOD_DESERT_TWO,4,kv,Prereq,"""TERRAIN_DESERT_GOOD_TWO_PREREQ"""
ICON_GOOD_DESERT_TWO,5,kv,Vari,"""TERRAIN_DESERT_GOOD_TWO_STATISTICS"""
ICON_GOOD_DESERT_TWO,6,kv,Icon,"""UPGI16.TGA"""
ICON_GOOD_DESERT_TWO,7,kv,LargeIcon,"""NULL"""
ICON_GOOD_DESERT_TWO,8,kv,SmallIcon,"""NULL"""
ICON_GOOD_DESERT_TWO,9,kv,StatText,"""NULL"""
ICON_GOOD_FOREST_ONE,0,kv,FirstFrame,"""UPGP013L.TGA"""
ICON_GOOD_FOREST_ONE,1,kv,Movie,"""NULL"""
ICON_GOOD_FOREST_ONE,2,kv,Gameplay,"""TERRAIN_FOREST_GOOD_ONE_GAMEPLAY"""
ICON_GOOD_FOREST_ONE,3,kv,Historical,"""TERRAIN_FOREST_GOOD_ONE_HISTORICAL"""
ICON_GOOD_FOREST_ONE,4,kv,Prereq,"""TERRAIN_FOREST_GOOD_ONE_PREREQ"""
ICON_GOOD_FOREST_ONE,5,kv,Vari,"""TERRAIN_FOREST_GOOD_ONE_STATISTICS"""
ICON_GOOD_FOREST_ONE,6,kv,Icon,"""UPGI13.TGA"""
ICON_GOOD_FOREST_ONE,7,kv,LargeIcon,"""NULL"""
ICON_GOOD_FOREST_ONE,8,kv,SmallIcon,"""NULL"""
ICON_GOOD_FOREST_ONE,9,kv,StatText,"""NULL"""
ICON_GOOD_FOREST_TWO,0,kv,FirstFrame,"""UPGP002L.TGA"""
ICON_GOOD_FOREST_TWO,1,kv,Movie,"""NULL"""
ICON_GOOD_FOREST_TWO,2,kv,Gameplay,"""TERRAIN_FOREST_GOOD_TWO_GAMEPLAY"""
ICON_GOOD_FOREST_TWO,3,kv,Historical,"""TERRAIN_FOREST_GOOD_TWO_HISTORICAL"""
ICON_GOOD_FOREST_TWO,4,kv,Prereq,"""TERRAIN_FOREST_GOOD_TWO_PREREQ"""
ICON_GOOD_FOREST_TWO,5,kv,Vari,"""TERRAIN_FOREST_GOOD_TWO_STATISTICS"""
ICON_GOOD_FOREST_TWO,6,kv,Icon,"""UPGI02.TGA"""
ICON_GOOD_FOREST_TWO,7,kv,LargeIcon,"""NULL"""
ICON_GOOD_FOREST_TWO,8,kv,SmallIcon,"""NULL"""
ICON_GOOD_FOREST_TWO,9,kv,StatText,"""NULL"""
ICON_GOOD_GRASSLAND_ONE,0,kv,FirstFrame,"""UPGP005L.TGA"""
ICON_GOOD_GRASSLAND_ONE,1,kv,Movie,"""NULL"""
ICON_GOOD_GRASSLAND_ONE,2,kv,Gameplay,"""TERRAIN_GRASSLAND_GOOD_ONE_GAMEPLAY"""
ICON_GOOD_GRASSLAND_ONE,3,kv,Historical,"""TERRAIN_GRASSLAND_GOOD_ONE_HISTORICAL"""
ICON_GOOD_GRASSLAND_ONE,4,kv,Prereq,"""TERRAIN_GRASSLAND_GOOD_ONE_PREREQ"""
ICON_GOOD_GRASSLAND_ONE,5,kv,Vari,"""TERRAIN_GRASSLAND_GOOD_ONE_STATISTICS"""
ICON_GOOD_GRASSLAND_ONE,6,kv,Icon,"""UPGI05.TGA"""
ICON_GOOD_GRASSLAND_ONE,7,kv,LargeIcon,"""NULL"""
ICON_GOOD_GRASSLAND_ONE,8,kv,SmallIcon,"""NULL"""
ICON_GOOD_GRASSLAND_ONE,9,kv,StatText,"""NULL"""
ICON_GOOD_GRASSLAND_TWO,0,kv,FirstFrame,"""UPGP021L.TGA"""
ICON_GOOD_GRASSLAND_TWO,1,kv,Movie,"""NULL"""
ICON_GOOD_GRASSLAND_TWO,2,kv,Gameplay,"""TERRAIN_GRASSLAND_GOOD_TWO_GAMEPLAY"""
ICON_GOOD_GRASSLAND_TWO,3,kv,Historical,"""TERRAIN_GRASSLAND_GOOD_TWO_HISTORICAL"""
ICON_GOOD_GRASSLAND_TWO,4,kv,Prereq,"""TERRAIN_GRASSLAND_GOOD_TWO_PREREQ"""
ICON_GOOD_GRASSLAND_TWO,5,kv,Vari,"""TERRAIN_GRASSLAND_GOOD_TWO_STATISTICS"""
ICON_GOOD_GRASSLAND_TWO,6,kv,Icon,"""UPGI21.TGA"""
ICON_GOOD_GRASSLAND_TWO,7,kv,LargeIcon,"""NULL"""
ICON_GOOD_GRASSLAND_TWO,8,kv,SmallIcon,"""NULL"""
ICON_GOOD_GRASSLAND_TWO,9,kv,StatText,"""NULL"""
ICON_GOOD_HILL_ONE,0,kv,FirstFrame,"""UPGP004L.TGA"""
ICON_GOOD_HILL_ONE,1,kv,Movie,"""NULL"""
ICON_GOOD_HILL_ONE,2,kv,Gameplay,"""TERRAIN_HILL_GOOD_ONE_GAMEPLAY"""
ICON_GOOD_HILL_ONE,3,kv,Historical,"""TERRAIN_HILL_GOOD_ONE__HISTORICAL"""
ICON_GOOD_HILL_ONE,4,kv,Prereq,"""TERRAIN_HILL_GOOD_ONE_PREREQ"""
ICON_GOOD_HILL_ONE,5,kv,Vari,"""TERRAIN_HILL_GOOD_ONE_STATISTICS"""
ICON_GOOD_HILL_ONE,6,kv,Icon,"""UPGI04.TGA"""
ICON_GOOD_HILL_ONE,7,kv,LargeIcon,"""NULL"""
ICON_GOOD_HILL_ONE,8,kv,SmallIcon,"""NULL"""
ICON_GOOD_HILL_ONE,9,kv,StatText,"""NULL"""
ICON_GOOD_HILL_TWO,0,kv,FirstFrame,"""UPGP012L.TGA"""
ICON_GOOD_HILL_TWO,1,kv,Movie,"""NULL"""
ICON_GOOD_HILL_TWO,2,kv,Gameplay,"""TERRAIN_HILL_GOOD_TWO_GAMEPLAY"""
ICON_GOOD_HILL_TWO,3,kv,Historical,"""TERRAIN_HILL_GOOD_TWO_HISTORICAL"""
ICON_GOOD_HILL_TWO,4,kv,Prereq,"""TERRAIN_HILL_GOOD_TWO_PREREQ"""
ICON_GOOD_HILL_TWO,5,kv,Vari,"""TERRAIN_HILL_GOOD_TWO_STATISTICS"""
ICON_GOOD_HILL_TWO,6,kv,Icon,"""UPGI12.TGA"""
ICON_GOOD_HILL_TWO,7,kv,LargeIcon,"""NULL"""
ICON_GOOD_HILL_TWO,8,kv,SmallIcon,"""NULL"""
ICON_GOOD_HILL_TWO,9,kv,StatText,"""NULL"""
ICON_GOOD_JUNGLE_ONE,0,kv,FirstFrame,"""UPGP015L.TGA"""
ICON_GOOD_JUNGLE_ONE,1,kv,Movie,"""NULL"""
ICON_GOOD_JUNGLE_ONE,2,kv,Gameplay,"""TERRAIN_JUNGLE_GOOD_ONE_GAMEPLAY"""
ICON_GOOD_JUNGLE_ONE,3,kv,Historical,"""TERRAIN_JUNGLE_GOOD_ONE_HISTORICAL"""
ICON_GOOD_JUNGLE_ONE,4,kv,Prereq,"""TERRAIN_JUNGLE_GOOD_ONE_PREREQ"""
ICON_GOOD_JUNGLE_ONE,5,kv,Vari,"""TERRAIN_JUNGLE_GOOD_ONE_STATISTICS"""
ICON_GOOD_JUNGLE_ONE,6,kv,Icon,"""UPGI15.TGA"""
ICON_GOOD_JUNGLE_ONE,7,kv,LargeIcon,"""NULL"""
ICON_GOOD_JUNGLE_ONE,8,kv,SmallIcon,"""NULL"""
ICON_GOOD_JUNGLE_ONE,9,kv,StatText,"""NULL"""
ICON_GOOD_JUNGLE_TWO,0,kv,FirstFrame,"""UPGP014L.TGA"""
ICON_GOOD_JUNGLE_TWO,1,kv,Movie,"""NULL"""
ICON_GOOD_JUNGLE_TWO,2,kv,Gameplay,"""TERRAIN_JUNGLE_GOOD_TWO_GAMEPLAY"""
ICON_GOOD_JUNGLE_TWO,3,kv,Historical,"""TERRAIN_JUNGLE_GOOD_TWO_HISTORICAL"""
ICON_GOOD_JUNGLE_TWO,4,kv,Prereq,"""TERRAIN_JUNGLE_GOOD_TWO_PREREQ"""
ICON_GOOD_JUNGLE_TWO,5,kv,Vari,"""TERRAIN_JUNGLE_GOOD_TWO_STATISTICS"""
ICON_GOOD_JUNGLE_TWO,6,kv,Icon,"""UPGI14.TGA"""
ICON_GOOD_JUNGLE_TWO,7,kv,LargeIcon,"""NULL"""
ICON_GOOD_JUNGLE_TWO,8,kv,SmallIcon,"""NULL"""
ICON_GOOD_JUNGLE_TWO,9,kv,StatText,"""NULL"""
ICON_GOOD_MOUNTAIN_ONE,0,kv,FirstFrame,"""UPGP020L.TGA"""
ICON_GOOD_MOUNTAIN_ONE,1,kv,Movie,"""NULL"""
ICON_GOOD_MOUNTAIN_ONE,2,kv,Gameplay,"""TERRAIN_MOUNTAIN_GOOD_ONE_GAMEPLAY"""
ICON_GOOD_MOUNTAIN_ONE,3,kv,Historical,"""TERRAIN_MOUNTAIN_GOOD_ONE_HISTORICAL"""
ICON_GOOD_MOUNTAIN_ONE,4,kv,Prereq,"""TERRAIN_MOUNTAIN_GOOD_ONE_PREREQ"""
ICON_GOOD_MOUNTAIN_ONE,5,kv,Vari,"""TERRAIN_MOUNTAIN_GOOD_ONE_STATISTICS"""
ICON_GOOD_MOUNTAIN_ONE,6,kv,Icon,"""UPGI20.TGA"""
ICON_GOOD_MOUNTAIN_ONE,7,kv,LargeIcon,"""NULL"""
ICON_GOOD_MOUNTAIN_ONE,8,kv,SmallIcon,"""NULL"""
ICON_GOOD_MOUNTAIN_ONE,9,kv,StatText,"""NULL"""
ICON_GOOD_MOUNTAIN_TWO,0,kv,FirstFrame,"""UPGP009L.TGA"""
ICON_GOOD_MOUNTAIN_TWO,1,kv,Movie,"""NULL"""
ICON_GOOD_MOUNTAIN_TWO,2,kv,Gameplay,"""TERRAIN_MOUNTAIN_GOOD_TWO_GAMEPLAY"""
ICON_GOOD_MOUNTAIN_TWO,3,kv,Historical,"""TERRAIN_MOUNTAIN_GOOD_TWO_HISTORICAL"""
ICON_GOOD_MOUNTAIN_TWO,4,kv,Prereq,"""TERRAIN_MOUNTAIN_GOOD_TWO_PREREQ"""
ICON_GOOD_MOUNTAIN_TWO,5,kv,Vari,"""TERRAIN_MOUNTAIN_GOOD_TWO_STATISTICS"""
ICON_GOOD_MOUNTAIN_TWO,6,kv,Icon,"""UPGI09.TGA"""
ICON_GOOD_MOUNTAIN_TWO,7,kv,LargeIcon,"""NULL"""
ICON_GOOD_MOUNTAIN_TWO,8,kv,SmallIcon,"""NULL"""
ICON_GOOD_MOUNTAIN_TWO,9,kv,StatText,"""NULL"""
ICON_GOOD_PLAINS_ONE,0,kv,FirstFrame,"""UPGP019L.TGA"""
ICON_GOOD_PLAINS_ONE,1,kv,Movie,"""NULL"""
ICON_GOOD_PLAINS_ONE,2,kv,Gameplay,"""TERRAIN_PLAINS_GOOD_ONE_GAMEPLAY"""
ICON_GOOD_PLAINS_ONE,3,kv,Historical,"""TERRAIN_PLAINS_GOOD_ONE_HISTORICAL"""
ICON_GOOD_PLAINS_ONE,4,kv,Prereq,"""TERRAIN_PLAINS_GOOD_ONE_PREREQ"""
ICON_GOOD_PLAINS_ONE,5,kv,Vari,"""TERRAIN_PLAINS_GOOD_ONE_STATISTICS"""
ICON_GOOD_PLAINS_ONE,6,kv,Icon,"""UPGI19.TGA"""
ICON_GOOD_PLAINS_ONE,7,kv,LargeIcon,"""NULL"""
ICON_GOOD_PLAINS_ONE,8,kv,SmallIcon,"""NULL"""
ICON_GOOD_PLAINS_ONE,9,kv,StatText,"""NULL"""
ICON_GOOD_PLAINS_TWO,0,kv,FirstFrame,"""UPGP008L.TGA"""
ICON_GOOD_PLAINS_TWO,1,kv,Movie,"""NULL"""
ICON_GOOD_PLAINS_TWO,2,kv,Gameplay,"""TERRAIN_PLAINS_GOOD_TWO_GAMEPLAY"""
ICON_GOOD_PLAINS_TWO,3,kv,Historical,"""TERRAIN_PLAINS_GOOD_TWO_HISTORICAL"""
ICON_GOOD_PLAINS_TWO,4,kv,Prereq,"""TERRAIN_PLAINS_GOOD_TWO_PREREQ"""
ICON_GOOD_PLAINS_TWO,5,kv,Vari,"""TERRAIN_PLAINS_GOOD_TWO_STATISTICS"""
ICON_GOOD_PLAINS_TWO,6,kv,Icon,"""UPGI08.TGA"""
ICON_GOOD_PLAINS_TWO,7,kv,LargeIcon,"""NULL"""
ICON_GOOD_PLAINS_TWO,8,kv,SmallIcon,"""NULL"""
ICON_GOOD_PLAINS_TWO,9,kv,StatText,"""NULL"""
ICON_GOOD_SHELF_WATER_ONE,0,kv,FirstFrame,"""MGGP073L.TGA"""
ICON_GOOD_SHELF_WATER_ONE,1,kv,Movie,"""NULL"""
ICON_GOOD_SHELF_WATER_ONE,2,kv,Gameplay,"""TERRAIN_WATER_SHELF_GOOD_ONE_GAMEPLAY"""
ICON_GOOD_SHELF_WATER_ONE,3,kv,Historical,"""TERRAIN_WATER_SHELF_GOOD_ONE_HISTORICAL"""
ICON_GOOD_SHELF_WATER_ONE,4,kv,Prereq,"""TERRAIN_WATER_SHELF_GOOD_ONE_PREREQ"""
ICON_GOOD_SHELF_WATER_ONE,5,kv,Vari,"""TERRAIN_WATER_SHELF_GOOD_ONE_STATISTICS"""
ICON_GOOD_SHELF_WATER_ONE,6,kv,Icon,"""MGGI073.TGA"""
ICON_GOOD_SHELF_WATER_ONE,7,kv,LargeIcon,"""NULL"""
ICON_GOOD_SHELF_WATER_ONE,8,kv,SmallIcon,"""NULL"""
ICON_GOOD_SHELF_WATER_ONE,9,kv,StatText,"""NULL"""
ICON_GOOD_SHALLOW_WATER_ONE,0,kv,FirstFrame,"""UPGP006L.TGA"""
ICON_GOOD_SHALLOW_WATER_ONE,1,kv,Movie,"""NULL"""
ICON_GOOD_SHALLOW_WATER_ONE,2,kv,Gameplay,"""TERRAIN_WATER_SHALLOW_GOOD_ONE_GAMEPLAY"""
ICON_GOOD_SHALLOW_WATER_ONE,3,kv,Historical,"""TERRAIN_WATER_SHALLOW_GOOD_ONE_HISTORICAL"""
ICON_GOOD_SHALLOW_WATER_ONE,4,kv,Prereq,"""TERRAIN_WATER_SHALLOW_GOOD_ONE_PREREQ"""
ICON_GOOD_SHALLOW_WATER_ONE,5,kv,Vari,"""TERRAIN_WATER_SHALLOW_GOOD_ONE_STATISTICS"""
ICON_GOOD_SHALLOW_WATER_ONE,6,kv,Icon,"""UPGI06.TGA"""
ICON_GOOD_SHALLOW_WATER_ONE,7,kv,LargeIcon,"""NULL"""
ICON_GOOD_SHALLOW_WATER_ONE,8,kv,SmallIcon,"""NULL"""
ICON_GOOD_SHALLOW_WATER_ONE,9,kv,StatText,"""NULL"""
ICON_GOOD_SHALLOW_WATER_TWO,0,kv,FirstFrame,"""UPGP017L.TGA"""
ICON_GOOD_SHALLOW_WATER_TWO,1,kv,Movie,"""NULL"""
ICON_GOOD_SHALLOW_WATER_TWO,2,kv,Gameplay,"""TERRAIN_WATER_SHALLOW_GOOD_TWO_GAMEPLAY"""
ICON_GOOD_SHALLOW_WATER_TWO,3,kv,Historical,"""TERRAIN_WATER_SHALLOW_GOOD_TWO_HISTORICAL"""
ICON_GOOD_SHALLOW_WATER_TWO,4,kv,Prereq,"""TERRAIN_WATER_SHALLOW_GOOD_TWO_PREREQ"""
ICON_GOOD_SHALLOW_WATER_TWO,5,kv,Vari,"""TERRAIN_WATER_SHALLOW_GOOD_TWO_STATISTICS"""
ICON_GOOD_SHALLOW_WATER_TWO,6,kv,Icon,"""UPGI17.TGA"""
ICON_GOOD_SHALLOW_WATER_TWO,7,kv,LargeIcon,"""NULL"""
ICON_GOOD_SHALLOW_WATER_TWO,8,kv,SmallIcon,"""NULL"""
ICON_GOOD_SHALLOW_WATER_TWO,9,kv,StatText,"""NULL"""
ICON_GOOD_SWAMP_ONE,0,kv,FirstFrame,"""UPGP001L.TGA"""
ICON_GOOD_SWAMP_ONE,1,kv,Movie,"""NULL"""
ICON_GOOD_SWAMP_ONE,2,kv,Gameplay,"""TERRAIN_SWAMP_GOOD_ONE_GAMEPLAY"""
ICON_GOOD_SWAMP_ONE,3,kv,Historical,"""TERRAIN_SWAMP_GOOD_ONE_HISTORICAL"""
ICON_GOOD_SWAMP_ONE,4,kv,Prereq,"""TERRAIN_SWAMP_GOOD_ONE_PREREQ"""
ICON_GOOD_SWAMP_ONE,5,kv,Vari,"""TERRAIN_SWAMP_GOOD_ONE_STATISTICS"""
ICON_GOOD_SWAMP_ONE,6,kv,Icon,"""UPGI01.TGA"""
ICON_GOOD_SWAMP_ONE,7,kv,LargeIcon,"""NULL"""
ICON_GOOD_SWAMP_ONE,8,kv,SmallIcon,"""NULL"""
ICON_GOOD_SWAMP_ONE,9,kv,StatText,"""NULL"""
ICON_GOOD_TUNDRA_ONE,0,kv,FirstFrame,"""UPGP003L.TGA"""
ICON_GOOD_TUNDRA_ONE,1,kv,Movie,"""NULL"""
ICON_GOOD_TUNDRA_ONE,2,kv,Gameplay,"""TERRAIN_TUNDRA_GOOD_ONE_GAMEPLAY"""
ICON_GOOD_TUNDRA_ONE,3,kv,Historical,"""TERRAIN_TUNDRA_GOOD_ONE_HISTORICAL"""
ICON_GOOD_TUNDRA_ONE,4,kv,Prereq,"""TERRAIN_TUNDRA_GOOD_ONE_PREREQ"""
ICON_GOOD_TUNDRA_ONE,5,kv,Vari,"""TERRAIN_TUNDRA_GOOD_ONE_STATISTICS"""
ICON_GOOD_TUNDRA_ONE,6,kv,Icon,"""UPGI03.TGA"""
ICON_GOOD_TUNDRA_ONE,7,kv,LargeIcon,"""NULL"""
ICON_GOOD_TUNDRA_ONE,8,kv,SmallIcon,"""NULL"""
ICON_GOOD_TUNDRA_ONE,9,kv,StatText,"""NULL"""
ICON_GOOD_ARCTIC_MOUNTAIN_THREE,0,kv,FirstFrame,"""MGGP027L.TGA"""
ICON_GOOD_ARCTIC_MOUNTAIN_THREE,1,kv,Movie,"""NULL"""
ICON_GOOD_ARCTIC_MOUNTAIN_THREE,2,kv,Gameplay,"""TERRAIN_ARCTIC_MOUNTAIN_GOOD_THREE_GAMEPLAY"""
ICON_GOOD_ARCTIC_MOUNTAIN_THREE,3,kv,Historical,"""TERRAIN_ARCTIC_MOUNTAIN_GOOD_THREE_HISTORICAL"""
ICON_GOOD_ARCTIC_MOUNTAIN_THREE,4,kv,Prereq,"""TERRAIN_ARCTIC_MOUNTAIN_GOOD_THREE_PREREQ"""
ICON_GOOD_ARCTIC_MOUNTAIN_THREE,5,kv,Vari,"""TERRAIN_ARCTIC_MOUNTAIN_GOOD_THREE_STATISTICS"""
ICON_GOOD_ARCTIC_MOUNTAIN_THREE,6,kv,Icon,"""MGGI027.TGA"""
ICON_GOOD_ARCTIC_MOUNTAIN_THREE,7,kv,LargeIcon,"""NULL"""
ICON_GOOD_ARCTIC_MOUNTAIN_THREE,8,kv,SmallIcon,"""NULL"""
ICON_GOOD_ARCTIC_MOUNTAIN_THREE,9,kv,StatText,"""NULL"""
ICON_GOOD_ARCTIC_MOUNTAIN_FOUR,0,kv,FirstFrame,"""MGGP029L.TGA"""
ICON_GOOD_ARCTIC_MOUNTAIN_FOUR,1,kv,Movie,"""NULL"""
ICON_GOOD_ARCTIC_MOUNTAIN_FOUR,2,kv,Gameplay,"""TERRAIN_ARCTIC_MOUNTAIN_GOOD_FOUR_GAMEPLAY"""
ICON_GOOD_ARCTIC_MOUNTAIN_FOUR,3,kv,Historical,"""TERRAIN_ARCTIC_MOUNTAIN_GOOD_FOUR_HISTORICAL"""
ICON_GOOD_ARCTIC_MOUNTAIN_FOUR,4,kv,Prereq,"""TERRAIN_ARCTIC_MOUNTAIN_GOOD_FOUR_PREREQ"""
ICON_GOOD_ARCTIC_MOUNTAIN_FOUR,5,kv,Vari,"""TERRAIN_ARCTIC_MOUNTAIN_GOOD_FOUR_STATISTICS"""
ICON_GOOD_ARCTIC_MOUNTAIN_FOUR,6,kv,Icon,"""MGGI029.TGA"""
ICON_GOOD_ARCTIC_MOUNTAIN_FOUR,7,kv,LargeIcon,"""NULL"""
ICON_GOOD_ARCTIC_MOUNTAIN_FOUR,8,kv,SmallIcon,"""NULL"""
ICON_GOOD_ARCTIC_MOUNTAIN_FOUR,9,kv,StatText,"""NULL"""
ICON_GOOD_DEEP_WATER_THREE,0,kv,FirstFrame,"""MGGP051L.TGA"""
ICON_GOOD_DEEP_WATER_THREE,1,kv,Movie,"""NULL"""
ICON_GOOD_DEEP_WATER_THREE,2,kv,Gameplay,"""TERRAIN_WATER_DEEP_GOOD_THREE_GAMEPLAY"""
ICON_GOOD_DEEP_WATER_THREE,3,kv,Historical,"""TERRAIN_WATER_DEEP_GOOD_THREE_HISTORICAL"""
ICON_GOOD_DEEP_WATER_THREE,4,kv,Prereq,"""TERRAIN_WATER_DEEP_GOOD_THREE_PREREQ"""
ICON_GOOD_DEEP_WATER_THREE,5,kv,Vari,"""TERRAIN_WATER_DEEP_GOOD_THREE_STATISTICS"""
ICON_GOOD_DEEP_WATER_THREE,6,kv,Icon,"""MGGI051.TGA"""
ICON_GOOD_DEEP_WATER_THREE,7,kv,LargeIcon,"""NULL"""
ICON_GOOD_DEEP_WATER_THREE,8,kv,SmallIcon,"""NULL"""
ICON_GOOD_DEEP_WATER_THREE,9,kv,StatText,"""NULL"""
ICON_GOOD_DEEP_WATER_FOUR,0,kv,FirstFrame,"""MGGP051L.TGA"""
ICON_GOOD_DEEP_WATER_FOUR,1,kv,Movie,"""NULL"""
ICON_GOOD_DEEP_WATER_FOUR,2,kv,Gameplay,"""TERRAIN_WATER_DEEP_GOOD_FOUR_GAMEPLAY"""
ICON_GOOD_DEEP_WATER_FOUR,3,kv,Historical,"""TERRAIN_WATER_DEEP_GOOD_FOUR_HISTORICAL"""
ICON_GOOD_DEEP_WATER_FOUR,4,kv,Prereq,"""TERRAIN_WATER_DEEP_GOOD_FOUR_PREREQ"""
ICON_GOOD_DEEP_WATER_FOUR,5,kv,Vari,"""TERRAIN_WATER_DEEP_GOOD_FOUR_STATISTICS"""
ICON_GOOD_DEEP_WATER_FOUR,6,kv,Icon,"""MGGI051.TGA"""
ICON_GOOD_DEEP_WATER_FOUR,7,kv,LargeIcon,"""NULL"""
ICON_GOOD_DEEP_WATER_FOUR,8,kv,SmallIcon,"""NULL"""
ICON_GOOD_DEEP_WATER_FOUR,9,kv,StatText,"""NULL"""
ICON_GOOD_DESERT_THREE,0,kv,FirstFrame,"""MGGP050L.TGA"""
ICON_GOOD_DESERT_THREE,1,kv,Movie,"""NULL"""
ICON_GOOD_DESERT_THREE,2,kv,Gameplay,"""TERRAIN_DESERT_GOOD_THREE_GAMEPLAY"""
ICON_GOOD_DESERT_THREE,3,kv,Historical,"""TERRAIN_DESERT_GOOD_THREE_HISTORICAL"""
ICON_GOOD_DESERT_THREE,4,kv,Prereq,"""TERRAIN_DESERT_GOOD_THREE_PREREQ"""
ICON_GOOD_DESERT_THREE,5,kv,Vari,"""TERRAIN_DESERT_GOOD_THREE_STATISTICS"""
ICON_GOOD_DESERT_THREE,6,kv,Icon,"""MGGI050.TGA"""
ICON_GOOD_DESERT_THREE,7,kv,LargeIcon,"""NULL"""
ICON_GOOD_DESERT_THREE,8,kv,SmallIcon,"""NULL"""
ICON_GOOD_DESERT_THREE,9,kv,StatText,"""NULL"""
ICON_GOOD_DESERT_FOUR,0,kv,FirstFrame,"""MGGP039L.TGA"""
ICON_GOOD_DESERT_FOUR,1,kv,Movie,"""NULL"""
ICON_GOOD_DESERT_FOUR,2,kv,Gameplay,"""TERRAIN_DESERT_GOOD_FOUR_GAMEPLAY"""
ICON_GOOD_DESERT_FOUR,3,kv,Historical,"""TERRAIN_DESERT_GOOD_FOUR_HISTORICAL"""
ICON_GOOD_DESERT_FOUR,4,kv,Prereq,"""TERRAIN_DESERT_GOOD_FOUR_PREREQ"""
ICON_GOOD_DESERT_FOUR,5,kv,Vari,"""TERRAIN_DESERT_GOOD_FOUR_STATISTICS"""
ICON_GOOD_DESERT_FOUR,6,kv,Icon,"""MGGI039.TGA"""
ICON_GOOD_DESERT_FOUR,7,kv,LargeIcon,"""NULL"""
ICON_GOOD_DESERT_FOUR,8,kv,SmallIcon,"""NULL"""
ICON_GOOD_DESERT_FOUR,9,kv,StatText,"""NULL"""
ICON_GOOD_FOREST_THREE,0,kv,FirstFrame,"""MGGP056L.TGA"""
ICON_GOOD_FOREST_THREE,1,kv,Movie,"""NULL"""
ICON_GOOD_FOREST_THREE,2,kv,Gameplay,"""TERRAIN_FOREST_GOOD_THREE_GAMEPLAY"""
ICON_GOOD_FOREST_THREE,3,kv,Historical,"""TERRAIN_FOREST_GOOD_THREE_HISTORICAL"""
ICON_GOOD_FOREST_THREE,4,kv,Prereq,"""TERRAIN_FOREST_GOOD_THREE_PREREQ"""
ICON_GOOD_FOREST_THREE,5,kv,Vari,"""TERRAIN_FOREST_GOOD_THREE_STATISTICS"""
ICON_GOOD_FOREST_THREE,6,kv,Icon,"""MGGI056.TGA"""
ICON_GOOD_FOREST_THREE,7,kv,LargeIcon,"""NULL"""
ICON_GOOD_FOREST_THREE,8,kv,SmallIcon,"""NULL"""
ICON_GOOD_FOREST_THREE,9,kv,StatText,"""NULL"""
ICON_GOOD_FOREST_FOUR,0,kv,FirstFrame,"""MGGP058L.TGA"""
ICON_GOOD_FOREST_FOUR,1,kv,Movie,"""NULL"""
ICON_GOOD_FOREST_FOUR,2,kv,Gameplay,"""TERRAIN_FOREST_GOOD_FOUR_GAMEPLAY"""
ICON_GOOD_FOREST_FOUR,3,kv,Historical,"""TERRAIN_FOREST_GOOD_FOUR_HISTORICAL"""
ICON_GOOD_FOREST_FOUR,4,kv,Prereq,"""TERRAIN_FOREST_GOOD_FOUR_PREREQ"""
ICON_GOOD_FOREST_FOUR,5,kv,Vari,"""TERRAIN_FOREST_GOOD_FOUR_STATISTICS"""
ICON_GOOD_FOREST_FOUR,6,kv,Icon,"""MGGI058.TGA"""
ICON_GOOD_FOREST_FOUR,7,kv,LargeIcon,"""NULL"""
ICON_GOOD_FOREST_FOUR,8,kv,SmallIcon,"""NULL"""
ICON_GOOD_FOREST_FOUR,9,kv,StatText,"""NULL"""
ICON_GOOD_GRASSLAND_THREE,0,kv,FirstFrame,"""MGGP044L.TGA"""
ICON_GOOD_GRASSLAND_THREE,1,kv,Movie,"""NULL"""
ICON_GOOD_GRASSLAND_THREE,2,kv,Gameplay,"""TERRAIN_GRASSLAND_GOOD_THREE_GAMEPLAY"""
ICON_GOOD_GRASSLAND_THREE,3,kv,Historical,"""TERRAIN_GRASSLAND_GOOD_THREE_HISTORICAL"""
ICON_GOOD_GRASSLAND_THREE,4,kv,Prereq,"""TERRAIN_GRASSLAND_GOOD_THREE_PREREQ"""
ICON_GOOD_GRASSLAND_THREE,5,kv,Vari,"""TERRAIN_GRASSLAND_GOOD_THREE_STATISTICS"""
ICON_GOOD_GRASSLAND_THREE,6,kv,Icon,"""MGGI044.TGA"""
ICON_GOOD_GRASSLAND_THREE,7,kv,LargeIcon,"""NULL"""
ICON_GOOD_GRASSLAND_THREE,8,kv,SmallIcon,"""NULL"""
ICON_GOOD_GRASSLAND_THREE,9,kv,StatText,"""NULL"""
ICON_GOOD_GRASSLAND_FOUR,0,kv,FirstFrame,"""MGGP059L.TGA"""
ICON_GOOD_GRASSLAND_FOUR,1,kv,Movie,"""NULL"""
ICON_GOOD_GRASSLAND_FOUR,2,kv,Gameplay,"""TERRAIN_GRASSLAND_GOOD_FOUR_GAMEPLAY"""
ICON_GOOD_GRASSLAND_FOUR,3,kv,Historical,"""TERRAIN_GRASSLAND_GOOD_FOUR_HISTORICAL"""
ICON_GOOD_GRASSLAND_FOUR,4,kv,Prereq,"""TERRAIN_GRASSLAND_GOOD_FOUR_PREREQ"""
ICON_GOOD_GRASSLAND_FOUR,5,kv,Vari,"""TERRAIN_GRASSLAND_GOOD_FOUR_STATISTICS"""
ICON_GOOD_GRASSLAND_FOUR,6,kv,Icon,"""MGGI059.TGA"""
ICON_GOOD_GRASSLAND_FOUR,7,kv,LargeIcon,"""NULL"""
ICON_GOOD_GRASSLAND_FOUR,8,kv,SmallIcon,"""NULL"""
ICON_GOOD_GRASSLAND_FOUR,9,kv,StatText,"""NULL"""
ICON_GOOD_HILL_THREE,0,kv,FirstFrame,"""MGGP041L.TGA"""
ICON_GOOD_HILL_THREE,1,kv,Movie,"""NULL"""
ICON_GOOD_HILL_THREE,2,kv,Gameplay,"""TERRAIN_HILL_GOOD_THREE_GAMEPLAY"""
ICON_GOOD_HILL_THREE,3,kv,Historical,"""TERRAIN_HILL_GOOD_THREE_HISTORICAL"""
ICON_GOOD_HILL_THREE,4,kv,Prereq,"""TERRAIN_HILL_GOOD_THREE_PREREQ"""
ICON_GOOD_HILL_THREE,5,kv,Vari,"""TERRAIN_HILL_GOOD_THREE_STATISTICS"""
ICON_GOOD_HILL_THREE,6,kv,Icon,"""MGGI041.TGA"""
ICON_GOOD_HILL_THREE,7,kv,LargeIcon,"""NULL"""
ICON_GOOD_HILL_THREE,8,kv,SmallIcon,"""NULL"""
ICON_GOOD_HILL_THREE,9,kv,StatText,"""NULL"""
ICON_GOOD_HILL_FOUR,0,kv,FirstFrame,"""MGGP035L.TGA"""
ICON_GOOD_HILL_FOUR,1,kv,Movie,"""NULL"""
ICON_GOOD_HILL_FOUR,2,kv,Gameplay,"""TERRAIN_HILL_GOOD_FOUR_GAMEPLAY"""
ICON_GOOD_HILL_FOUR,3,kv,Historical,"""TERRAIN_HILL_GOOD_FOUR_HISTORICAL"""
ICON_GOOD_HILL_FOUR,4,kv,Prereq,"""TERRAIN_HILL_GOOD_FOUR_PREREQ"""
ICON_GOOD_HILL_FOUR,5,kv,Vari,"""TERRAIN_HILL_GOOD_FOUR_STATISTICS"""
ICON_GOOD_HILL_FOUR,6,kv,Icon,"""MGGI035.TGA"""
ICON_GOOD_HILL_FOUR,7,kv,LargeIcon,"""NULL"""
ICON_GOOD_HILL_FOUR,8,kv,SmallIcon,"""NULL"""
ICON_GOOD_HILL_FOUR,9,kv,StatText,"""NULL"""
ICON_GOOD_JUNGLE_THREE,0,kv,FirstFrame,"""MGGP025L.TGA"""
ICON_GOOD_JUNGLE_THREE,1,kv,Movie,"""NULL"""
ICON_GOOD_JUNGLE_THREE,2,kv,Gameplay,"""TERRAIN_JUNGLE_GOOD_THREE_GAMEPLAY"""
ICON_GOOD_JUNGLE_THREE,3,kv,Historical,"""TERRAIN_JUNGLE_GOOD_THREE_HISTORICAL"""
ICON_GOOD_JUNGLE_THREE,4,kv,Prereq,"""TERRAIN_JUNGLE_GOOD_THREE_PREREQ"""
ICON_GOOD_JUNGLE_THREE,5,kv,Vari,"""TERRAIN_JUNGLE_GOOD_THREE_STATISTICS"""
ICON_GOOD_JUNGLE_THREE,6,kv,Icon,"""MGGI025.TGA"""
ICON_GOOD_JUNGLE_THREE,7,kv,LargeIcon,"""NULL"""
ICON_GOOD_JUNGLE_THREE,8,kv,SmallIcon,"""NULL"""
ICON_GOOD_JUNGLE_THREE,9,kv,StatText,"""NULL"""
ICON_GOOD_JUNGLE_FOUR,0,kv,FirstFrame,"""MGGP060L.TGA"""
ICON_GOOD_JUNGLE_FOUR,1,kv,Movie,"""NULL"""
ICON_GOOD_JUNGLE_FOUR,2,kv,Gameplay,"""TERRAIN_JUNGLE_GOOD_FOUR_GAMEPLAY"""
ICON_GOOD_JUNGLE_FOUR,3,kv,Historical,"""TERRAIN_JUNGLE_GOOD_FOUR_HISTORICAL"""
ICON_GOOD_JUNGLE_FOUR,4,kv,Prereq,"""TERRAIN_JUNGLE_GOOD_FOUR_PREREQ"""
ICON_GOOD_JUNGLE_FOUR,5,kv,Vari,"""TERRAIN_JUNGLE_GOOD_FOUR_STATISTICS"""
ICON_GOOD_JUNGLE_FOUR,6,kv,Icon,"""MGGI060.TGA"""
ICON_GOOD_JUNGLE_FOUR,7,kv,LargeIcon,"""NULL"""
ICON_GOOD_JUNGLE_FOUR,8,kv,SmallIcon,"""NULL"""
ICON_GOOD_JUNGLE_FOUR,9,kv,StatText,"""NULL"""
ICON_GOOD_MOUNTAIN_THREE,0,kv,FirstFrame,"""MGGP030L.TGA"""
ICON_GOOD_MOUNTAIN_THREE,1,kv,Movie,"""NULL"""
ICON_GOOD_MOUNTAIN_THREE,2,kv,Gameplay,"""TERRAIN_MOUNTAIN_GOOD_THREE_GAMEPLAY"""
ICON_GOOD_MOUNTAIN_THREE,3,kv,Historical,"""TERRAIN_MOUNTAIN_GOOD_THREE_HISTORICAL"""
ICON_GOOD_MOUNTAIN_THREE,4,kv,Prereq,"""TERRAIN_MOUNTAIN_GOOD_THREE_PREREQ"""
ICON_GOOD_MOUNTAIN_THREE,5,kv,Vari,"""TERRAIN_MOUNTAIN_GOOD_THREE_STATISTICS"""
ICON_GOOD_MOUNTAIN_THREE,6,kv,Icon,"""MGGI030.TGA"""
ICON_GOOD_MOUNTAIN_THREE,7,kv,LargeIcon,"""NULL"""
ICON_GOOD_MOUNTAIN_THREE,8,kv,SmallIcon,"""NULL"""
ICON_GOOD_MOUNTAIN_THREE,9,kv,StatText,"""NULL"""
ICON_GOOD_MOUNTAIN_FOUR,0,kv,FirstFrame,"""MGGP031L.TGA"""
ICON_GOOD_MOUNTAIN_FOUR,1,kv,Movie,"""NULL"""
ICON_GOOD_MOUNTAIN_FOUR,2,kv,Gameplay,"""TERRAIN_MOUNTAIN_GOOD_FOUR_GAMEPLAY"""
ICON_GOOD_MOUNTAIN_FOUR,3,kv,Historical,"""TERRAIN_MOUNTAIN_GOOD_FOUR_HISTORICAL"""
ICON_GOOD_MOUNTAIN_FOUR,4,kv,Prereq,"""TERRAIN_MOUNTAIN_GOOD_FOUR_PREREQ"""
ICON_GOOD_MOUNTAIN_FOUR,5,kv,Vari,"""TERRAIN_MOUNTAIN_GOOD_FOUR_STATISTICS"""
ICON_GOOD_MOUNTAIN_FOUR,6,kv,Icon,"""MGGI031.TGA"""
ICON_GOOD_MOUNTAIN_FOUR,7,kv,LargeIcon,"""NULL"""
ICON_GOOD_MOUNTAIN_FOUR,8,kv,SmallIcon,"""NULL"""
ICON_GOOD_MOUNTAIN_FOUR,9,kv,StatText,"""NULL"""
ICON_GOOD_PLAINS_THREE,0,kv,FirstFrame,"""MGGP054L.TGA"""
ICON_GOOD_PLAINS_THREE,1,kv,Movie,"""NULL"""
ICON_GOOD_PLAINS_THREE,2,kv,Gameplay,"""TERRAIN_PLAINS_GOOD_THREE_GAMEPLAY"""
ICON_GOOD_PLAINS_THREE,3,kv,Historical,"""TERRAIN_PLAINS_GOOD_THREE_HISTORICAL"""
ICON_GOOD_PLAINS_THREE,4,kv,Prereq,"""TERRAIN_PLAINS_GOOD_THREE_PREREQ"""
ICON_GOOD_PLAINS_THREE,5,kv,Vari,"""TERRAIN_PLAINS_GOOD_THREE_STATISTICS"""
ICON_GOOD_PLAINS_THREE,6,kv,Icon,"""MGGI054.TGA"""
ICON_GOOD_PLAINS_THREE,7,kv,LargeIcon,"""NULL"""
ICON_GOOD_PLAINS_THREE,8,kv,SmallIcon,"""NULL"""
ICON_GOOD_PLAINS_THREE,9,kv,StatText,"""NULL"""
ICON_GOOD_PLAINS_FOUR,0,kv,FirstFrame,"""MGGP053L.TGA"""
ICON_GOOD_PLAINS_FOUR,1,kv,Movie,"""NULL"""
ICON_GOOD_PLAINS_FOUR,2,kv,Gameplay,"""TERRAIN_PLAINS_GOOD_FOUR_GAMEPLAY"""
ICON_GOOD_PLAINS_FOUR,3,kv,Historical,"""TERRAIN_PLAINS_GOOD_FOUR_HISTORICAL"""
ICON_GOOD_PLAINS_FOUR,4,kv,Prereq,"""TERRAIN_PLAINS_GOOD_FOUR_PREREQ"""
ICON_GOOD_PLAINS_FOUR,5,kv,Vari,"""TERRAIN_PLAINS_GOOD_FOUR_STATISTICS"""
ICON_GOOD_PLAINS_FOUR,6,kv,Icon,"""MGGI053.TGA"""
ICON_GOOD_PLAINS_FOUR,7,kv,LargeIcon,"""NULL"""
ICON_GOOD_PLAINS_FOUR,8,kv,SmallIcon,"""NULL"""
ICON_GOOD_PLAINS_FOUR,9,kv,StatText,"""NULL"""
ICON_GOOD_SHALLOW_WATER_THREE,0,kv,FirstFrame,"""MGGP037L.TGA"""
ICON_GOOD_SHALLOW_WATER_THREE,1,kv,Movie,"""NULL"""
ICON_GOOD_SHALLOW_WATER_THREE,2,kv,Gameplay,"""TERRAIN_WATER_SHALLOW_GOOD_THREE_GAMEPLAY"""
ICON_GOOD_SHALLOW_WATER_THREE,3,kv,Historical,"""TERRAIN_WATER_SHALLOW_GOOD_THREE_HISTORICAL"""
ICON_GOOD_SHALLOW_WATER_THREE,4,kv,Prereq,"""TERRAIN_WATER_SHALLOW_GOOD_THREE_PREREQ"""
ICON_GOOD_SHALLOW_WATER_THREE,5,kv,Vari,"""TERRAIN_WATER_SHALLOW_GOOD_THREE_STATISTICS"""
ICON_GOOD_SHALLOW_WATER_THREE,6,kv,Icon,"""MGGI037.TGA"""
ICON_GOOD_SHALLOW_WATER_THREE,7,kv,LargeIcon,"""NULL"""
ICON_GOOD_SHALLOW_WATER_THREE,8,kv,SmallIcon,"""NULL"""
ICON_GOOD_SHALLOW_WATER_THREE,9,kv,StatText,"""NULL"""
ICON_GOOD_SHALLOW_WATER_FOUR,0,kv,FirstFrame,"""MGGP038L.TGA"""
ICON_GOOD_SHALLOW_WATER_FOUR,1,kv,Movie,"""NULL"""
ICON_GOOD_SHALLOW_WATER_FOUR,2,kv,Gameplay,"""TERRAIN_WATER_SHALLOW_GOOD_FOUR_GAMEPLAY"""
ICON_GOOD_SHALLOW_WATER_FOUR,3,kv,Historical,"""TERRAIN_WATER_SHALLOW_GOOD_FOUR_HISTORICAL"""
ICON_GOOD_SHALLOW_WATER_FOUR,4,kv,Prereq,"""TERRAIN_WATER_SHALLOW_GOOD_FOUR_PREREQ"""
ICON_GOOD_SHALLOW_WATER_FOUR,5,kv,Vari,"""TERRAIN_WATER_SHALLOW_GOOD_FOUR_STATISTICS"""
ICON_GOOD_SHALLOW_WATER_FOUR,6,kv,Icon,"""MGGI038.TGA"""
ICON_GOOD_SHALLOW_WATER_FOUR,7,kv,LargeIcon,"""NULL"""
ICON_GOOD_SHALLOW_WATER_FOUR,8,kv,SmallIcon,"""NULL"""
ICON_GOOD_SHALLOW_WATER_FOUR,9,kv,StatText,"""NULL"""
ICON_GOOD_SWAMP_TWO,0,kv,FirstFrame,"""MGGP052L.TGA"""
ICON_GOOD_SWAMP_TWO,1,kv,Movie,"""NULL"""
ICON_GOOD_SWAMP_TWO,2,kv,Gameplay,"""TERRAIN_SWAMP_GOOD_TWO_GAMEPLAY"""
ICON_GOOD_SWAMP_TWO,3,kv,Historical,"""TERRAIN_SWAMP_GOOD_TWO_HISTORICAL"""
ICON_GOOD_SWAMP_TWO,4,kv,Prereq,"""TERRAIN_SWAMP_GOOD_TWO_PREREQ"""
ICON_GOOD_SWAMP_TWO,5,kv,Vari,"""TERRAIN_SWAMP_GOOD_TWO_STATISTICS"""
ICON_GOOD_SWAMP_TWO,6,kv,Icon,"""MGGI052.TGA"""
ICON_GOOD_SWAMP_TWO,7,kv,LargeIcon,"""NULL"""
ICON_GOOD_SWAMP_TWO,8,kv,SmallIcon,"""NULL"""
ICON_GOOD_SWAMP_TWO,9,kv,StatText,"""NULL"""
ICON_GOOD_SWAMP_THREE,0,kv,FirstFrame,"""MGGP043L.TGA"""
ICON_GOOD_SWAMP_THREE,1,kv,Movie,"""NULL"""
ICON_GOOD_SWAMP_THREE,2,kv,Gameplay,"""TERRAIN_SWAMP_GOOD_THREE_GAMEPLAY"""
ICON_GOOD_SWAMP_THREE,3,kv,Historical,"""TERRAIN_SWAMP_GOOD_THREE_HISTORICAL"""
ICON_GOOD_SWAMP_THREE,4,kv,Prereq,"""TERRAIN_SWAMP_GOOD_THREE_PREREQ"""
ICON_GOOD_SWAMP_THREE,5,kv,Vari,"""TERRAIN_SWAMP_GOOD_THREE_STATISTICS"""
ICON_GOOD_SWAMP_THREE,6,kv,Icon,"""MGGI043.TGA"""
ICON_GOOD_SWAMP_THREE,7,kv,LargeIcon,"""NULL"""
ICON_GOOD_SWAMP_THREE,8,kv,SmallIcon,"""NULL"""
ICON_GOOD_SWAMP_THREE,9,kv,StatText,"""NULL"""
ICON_GOOD_SWAMP_FOUR,0,kv,FirstFrame,"""MGGP047L.TGA"""
ICON_GOOD_SWAMP_FOUR,1,kv,Movie,"""NULL"""
ICON_GOOD_SWAMP_FOUR,2,kv,Gameplay,"""TERRAIN_SWAMP_GOOD_FOUR_GAMEPLAY"""
ICON_GOOD_SWAMP_FOUR,3,kv,Historical,"""TERRAIN_SWAMP_GOOD_FOUR_HISTORICAL"""
ICON_GOOD_SWAMP_FOUR,4,kv,Prereq,"""TERRAIN_SWAMP_GOOD_FOUR_PREREQ"""
ICON_GOOD_SWAMP_FOUR,5,kv,Vari,"""TERRAIN_SWAMP_GOOD_FOUR_STATISTICS"""
ICON_GOOD_SWAMP_FOUR,6,kv,Icon,"""MGGI047.TGA"""
ICON_GOOD_SWAMP_FOUR,7,kv,LargeIcon,"""NULL"""
ICON_GOOD_SWAMP_FOUR,8,kv,SmallIcon,"""NULL"""
ICON_GOOD_SWAMP_FOUR,9,kv,StatText,"""NULL"""
ICON_GOOD_TUNDRA_TWO,0,kv,FirstFrame,"""MGGP033L.TGA"""
ICON_GOOD_TUNDRA_TWO,1,kv,Movie,"""NULL"""
ICON_GOOD_TUNDRA_TWO,2,kv,Gameplay,"""TERRAIN_TUNDRA_GOOD_TWO_GAMEPLAY"""
ICON_GOOD_TUNDRA_TWO,3,kv,Historical,"""TERRAIN_TUNDRA_GOOD_TWO_HISTORICAL"""
ICON_GOOD_TUNDRA_TWO,4,kv,Prereq,"""TERRAIN_TUNDRA_GOOD_TWO_PREREQ"""
ICON_GOOD_TUNDRA_TWO,5,kv,Vari,"""TERRAIN_TUNDRA_GOOD_TWO_STATISTICS"""
ICON_GOOD_TUNDRA_TWO,6,kv,Icon,"""MGGI033.TGA"""
ICON_GOOD_TUNDRA_TWO,7,kv,LargeIcon,"""NULL"""
ICON_GOOD_TUNDRA_TWO,8,kv,SmallIcon,"""NULL"""
ICON_GOOD_TUNDRA_TWO,9,kv,StatText,"""NULL"""
ICON_GOOD_TUNDRA_THREE,0,kv,FirstFrame,"""MGGP033L.TGA"""
ICON_GOOD_TUNDRA_THREE,1,kv,Movie,"""NULL"""
ICON_GOOD_TUNDRA_THREE,2,kv,Gameplay,"""TERRAIN_TUNDRA_GOOD_THREE_GAMEPLAY"""
ICON_GOOD_TUNDRA_THREE,3,kv,Historical,"""TERRAIN_TUNDRA_GOOD_THREE_HISTORICAL"""
ICON_GOOD_TUNDRA_THREE,4,kv,Prereq,"""TERRAIN_TUNDRA_GOOD_THREE_PREREQ"""
ICON_GOOD_TUNDRA_THREE,5,kv,Vari,"""TERRAIN_TUNDRA_GOOD_THREE_STATISTICS"""
ICON_GOOD_TUNDRA_THREE,6,kv,Icon,"""MGGI033.TGA"""
ICON_GOOD_TUNDRA_THREE,7,kv,LargeIcon,"""NULL"""
ICON_GOOD_TUNDRA_THREE,8,kv,SmallIcon,"""NULL"""
ICON_GOOD_TUNDRA_THREE,9,kv,StatText,"""NULL"""
ICON_GOOD_TUNDRA_FOUR,0,kv,FirstFrame,"""MGGP033L.TGA"""
ICON_GOOD_TUNDRA_FOUR,1,kv,Movie,"""NULL"""
ICON_GOOD_TUNDRA_FOUR,2,kv,Gameplay,"""TERRAIN_TUNDRA_GOOD_FOUR_GAMEPLAY"""
ICON_GOOD_TUNDRA_FOUR,3,kv,Historical,"""TERRAIN_TUNDRA_GOOD_FOUR_HISTORICAL"""
ICON_GOOD_TUNDRA_FOUR,4,kv,Prereq,"""TERRAIN_TUNDRA_GOOD_FOUR_PREREQ"""
ICON_GOOD_TUNDRA_FOUR,5,kv,Vari,"""TERRAIN_TUNDRA_GOOD_FOUR_STATISTICS"""
ICON_GOOD_TUNDRA_FOUR,6,kv,Icon,"""MGGI033.TGA"""
ICON_GOOD_TUNDRA_FOUR,7,kv,LargeIcon,"""NULL"""
ICON_GOOD_TUNDRA_FOUR,8,kv,SmallIcon,"""NULL"""
ICON_GOOD_TUNDRA_FOUR,9,kv,StatText,"""NULL"""
ICON_GOOD_BROWN_HILL_ONE,0,kv,FirstFrame,"""MGGP026L.TGA"""
ICON_GOOD_BROWN_HILL_ONE,1,kv,Movie,"""NULL"""
ICON_GOOD_BROWN_HILL_ONE,2,kv,Gameplay,"""TERRAIN_BROWN_HILL_GOOD_ONE_GAMEPLAY"""
ICON_GOOD_BROWN_HILL_ONE,3,kv,Historical,"""TERRAIN_BROWN_HILL_GOOD_ONE_HISTORICAL"""
ICON_GOOD_BROWN_HILL_ONE,4,kv,Prereq,"""TERRAIN_BROWN_HILL_GOOD_ONE_PREREQ"""
ICON_GOOD_BROWN_HILL_ONE,5,kv,Vari,"""TERRAIN_BROWN_HILL_GOOD_ONE_STATISTICS"""
ICON_GOOD_BROWN_HILL_ONE,6,kv,Icon,"""MGGI026.TGA"""
ICON_GOOD_BROWN_HILL_ONE,7,kv,LargeIcon,"""NULL"""
ICON_GOOD_BROWN_HILL_ONE,8,kv,SmallIcon,"""NULL"""
ICON_GOOD_BROWN_HILL_ONE,9,kv,StatText,"""NULL"""
ICON_GOOD_BROWN_HILL_TWO,0,kv,FirstFrame,"""MGGP033L.TGA"""
ICON_GOOD_BROWN_HILL_TWO,1,kv,Movie,"""NULL"""
ICON_GOOD_BROWN_HILL_TWO,2,kv,Gameplay,"""TERRAIN_BROWN_HILL_GOOD_TWO_GAMEPLAY"""
ICON_GOOD_BROWN_HILL_TWO,3,kv,Historical,"""TERRAIN_BROWN_HILL_GOOD_TWO_HISTORICAL"""
ICON_GOOD_BROWN_HILL_TWO,4,kv,Prereq,"""TERRAIN_BROWN_HILL_GOOD_TWO_PREREQ"""
ICON_GOOD_BROWN_HILL_TWO,5,kv,Vari,"""TERRAIN_BROWN_HILL_GOOD_TWO_STATISTICS"""
ICON_GOOD_BROWN_HILL_TWO,6,kv,Icon,"""MGGI033.TGA"""
ICON_GOOD_BROWN_HILL_TWO,7,kv,LargeIcon,"""NULL"""
ICON_GOOD_BROWN_HILL_TWO,8,kv,SmallIcon,"""NULL"""
ICON_GOOD_BROWN_HILL_TWO,9,kv,StatText,"""NULL"""
ICON_GOOD_BROWN_HILL_THREE,0,kv,FirstFrame,"""MGGP033L.TGA"""
ICON_GOOD_BROWN_HILL_THREE,1,kv,Movie,"""NULL"""
ICON_GOOD_BROWN_HILL_THREE,2,kv,Gameplay,"""TERRAIN_BROWN_HILL_GOOD_THREE_GAMEPLAY"""
ICON_GOOD_BROWN_HILL_THREE,3,kv,Historical,"""TERRAIN_BROWN_HILL_GOOD_THREE_HISTORICAL"""
ICON_GOOD_BROWN_HILL_THREE,4,kv,Prereq,"""TERRAIN_BROWN_HILL_GOOD_THREE_PREREQ"""
ICON_GOOD_BROWN_HILL_THREE,5,kv,Vari,"""TERRAIN_BROWN_HILL_GOOD_THREE_STATISTICS"""
ICON_GOOD_BROWN_HILL_THREE,6,kv,Icon,"""MGGI033.TGA"""
ICON_GOOD_BROWN_HILL_THREE,7,kv,LargeIcon,"""NULL"""
ICON_GOOD_BROWN_HILL_THREE,8,kv,SmallIcon,"""NULL"""
ICON_GOOD_BROWN_HILL_THREE,9,kv,StatText,"""NULL"""
ICON_GOOD_BROWN_HILL_FOUR,0,kv,FirstFrame,"""MGGP033L.TGA"""
ICON_GOOD_BROWN_HILL_FOUR,1,kv,Movie,"""NULL"""
ICON_GOOD_BROWN_HILL_FOUR,2,kv,Gameplay,"""TERRAIN_BROWN_HILL_GOOD_FOUR_GAMEPLAY"""
ICON_GOOD_BROWN_HILL_FOUR,3,kv,Historical,"""TERRAIN_BROWN_HILL_GOOD_FOUR_HISTORICAL"""
ICON_GOOD_BROWN_HILL_FOUR,4,kv,Prereq,"""TERRAIN_BROWN_HILL_GOOD_FOUR_PREREQ"""
ICON_GOOD_BROWN_HILL_FOUR,5,kv,Vari,"""TERRAIN_BROWN_HILL_GOOD_FOUR_STATISTICS"""
ICON_GOOD_BROWN_HILL_FOUR,6,kv,Icon,"""MGGI033.TGA"""
ICON_GOOD_BROWN_HILL_FOUR,7,kv,LargeIcon,"""NULL"""
ICON_GOOD_BROWN_HILL_FOUR,8,kv,SmallIcon,"""NULL"""
ICON_GOOD_BROWN_HILL_FOUR,9,kv,StatText,"""NULL"""
ICON_GOOD_WATER_BEACH_ONE,0,kv,FirstFrame,"""UPGP006L.TGA"""
ICON_GOOD_WATER_BEACH_ONE,1,kv,Movie,"""NULL"""
ICON_GOOD_WATER_BEACH_ONE,2,kv,Gameplay,"""TERRAIN_WATER_BEACH_GOOD_ONE_GAMEPLAY"""
ICON_GOOD_WATER_BEACH_ONE,3,kv,Historical,"""TERRAIN_WATER_BEACH_GOOD_ONE_HISTORICAL"""
ICON_GOOD_WATER_BEACH_ONE,4,kv,Prereq,"""TERRAIN_WATER_BEACH_GOOD_ONE_PREREQ"""
ICON_GOOD_WATER_BEACH_ONE,5,kv,Vari,"""TERRAIN_WATER_BEACH_GOOD_ONE_STATISTICS"""
ICON_GOOD_WATER_BEACH_ONE,6,kv,Icon,"""UPGI06.TGA"""
ICON_GOOD_WATER_BEACH_ONE,7,kv,LargeIcon,"""NULL"""
ICON_GOOD_WATER_BEACH_ONE,8,kv,SmallIcon,"""NULL"""
ICON_GOOD_WATER_BEACH_ONE,9,kv,StatText,"""NULL"""
ICON_GOOD_WATER_BEACH_TWO,0,kv,FirstFrame,"""MGGP036L.TGA"""
ICON_GOOD_WATER_BEACH_TWO,1,kv,Movie,"""NULL"""
ICON_GOOD_WATER_BEACH_TWO,2,kv,Gameplay,"""TERRAIN_WATER_BEACH_GOOD_TWO_GAMEPLAY"""
ICON_GOOD_WATER_BEACH_TWO,3,kv,Historical,"""TERRAIN_WATER_BEACH_GOOD_TWO_HISTORICAL"""
ICON_GOOD_WATER_BEACH_TWO,4,kv,Prereq,"""TERRAIN_WATER_BEACH_GOOD_TWO_PREREQ"""
ICON_GOOD_WATER_BEACH_TWO,5,kv,Vari,"""TERRAIN_WATER_BEACH_GOOD_TWO_STATISTICS"""
ICON_GOOD_WATER_BEACH_TWO,6,kv,Icon,"""MGGI036.TGA"""
ICON_GOOD_WATER_BEACH_TWO,7,kv,LargeIcon,"""NULL"""
ICON_GOOD_WATER_BEACH_TWO,8,kv,SmallIcon,"""NULL"""
ICON_GOOD_WATER_BEACH_TWO,9,kv,StatText,"""NULL"""
ICON_GOOD_WATER_BEACH_THREE,0,kv,FirstFrame,"""MGGP061L.TGA"""
ICON_GOOD_WATER_BEACH_THREE,1,kv,Movie,"""NULL"""
ICON_GOOD_WATER_BEACH_THREE,2,kv,Gameplay,"""TERRAIN_WATER_BEACH_GOOD_THREE_GAMEPLAY"""
ICON_GOOD_WATER_BEACH_THREE,3,kv,Historical,"""TERRAIN_WATER_BEACH_GOOD_THREE_HISTORICAL"""
ICON_GOOD_WATER_BEACH_THREE,4,kv,Prereq,"""TERRAIN_WATER_BEACH_GOOD_THREE_PREREQ"""
ICON_GOOD_WATER_BEACH_THREE,5,kv,Vari,"""TERRAIN_WATER_BEACH_GOOD_THREE_STATISTICS"""
ICON_GOOD_WATER_BEACH_THREE,6,kv,Icon,"""MGGI061.TGA"""
ICON_GOOD_WATER_BEACH_THREE,7,kv,LargeIcon,"""NULL"""
ICON_GOOD_WATER_BEACH_THREE,8,kv,SmallIcon,"""NULL"""
ICON_GOOD_WATER_BEACH_THREE,9,kv,StatText,"""NULL"""
ICON_GOOD_WATER_BEACH_FOUR,0,kv,FirstFrame,"""MGGP033L.TGA"""
ICON_GOOD_WATER_BEACH_FOUR,1,kv,Movie,"""NULL"""
ICON_GOOD_WATER_BEACH_FOUR,2,kv,Gameplay,"""TERRAIN_WATER_BEACH_GOOD_FOUR_GAMEPLAY"""
ICON_GOOD_WATER_BEACH_FOUR,3,kv,Historical,"""TERRAIN_WATER_BEACH_GOOD_FOUR_HISTORICAL"""
ICON_GOOD_WATER_BEACH_FOUR,4,kv,Prereq,"""TERRAIN_WATER_BEACH_GOOD_FOUR_PREREQ"""
ICON_GOOD_WATER_BEACH_FOUR,5,kv,Vari,"""TERRAIN_WATER_BEACH_GOOD_FOUR_STATISTICS"""
ICON_GOOD_WATER_BEACH_FOUR,6,kv,Icon,"""MGGI033.TGA"""
ICON_GOOD_WATER_BEACH_FOUR,7,kv,LargeIcon,"""NULL"""
ICON_GOOD_WATER_BEACH_FOUR,8,kv,SmallIcon,"""NULL"""
ICON_GOOD_WATER_BEACH_FOUR,9,kv,StatText,"""NULL"""
ICON_GOOD_BROWN_MOUNTAIN_ONE,0,kv,FirstFrame,"""MGGP032L.TGA"""
ICON_GOOD_BROWN_MOUNTAIN_ONE,1,kv,Movie,"""NULL"""
ICON_GOOD_BROWN_MOUNTAIN_ONE,2,kv,Gameplay,"""TERRAIN_BROWN_MOUNTAIN_GOOD_ONE_GAMEPLAY"""
ICON_GOOD_BROWN_MOUNTAIN_ONE,3,kv,Historical,"""TERRAIN_BROWN_MOUNTAIN_GOOD_ONE_HISTORICAL"""
ICON_GOOD_BROWN_MOUNTAIN_ONE,4,kv,Prereq,"""TERRAIN_BROWN_MOUNTAIN_GOOD_ONE_PREREQ"""
ICON_GOOD_BROWN_MOUNTAIN_ONE,5,kv,Vari,"""TERRAIN_BROWN_MOUNTAIN_GOOD_ONE_STATISTICS"""
ICON_GOOD_BROWN_MOUNTAIN_ONE,6,kv,Icon,"""MGGI032.TGA"""
ICON_GOOD_BROWN_MOUNTAIN_ONE,7,kv,LargeIcon,"""NULL"""
ICON_GOOD_BROWN_MOUNTAIN_ONE,8,kv,SmallIcon,"""NULL"""
ICON_GOOD_BROWN_MOUNTAIN_ONE,9,kv,StatText,"""NULL"""
ICON_GOOD_BROWN_MOUNTAIN_TWO,0,kv,FirstFrame,"""MGGP033L.TGA"""
ICON_GOOD_BROWN_MOUNTAIN_TWO,1,kv,Movie,"""NULL"""
ICON_GOOD_BROWN_MOUNTAIN_TWO,2,kv,Gameplay,"""TERRAIN_BROWN_MOUNTAIN_GOOD_TWO_GAMEPLAY"""
ICON_GOOD_BROWN_MOUNTAIN_TWO,3,kv,Historical,"""TERRAIN_BROWN_MOUNTAIN_GOOD_TWO_HISTORICAL"""
ICON_GOOD_BROWN_MOUNTAIN_TWO,4,kv,Prereq,"""TERRAIN_BROWN_MOUNTAIN_GOOD_TWO_PREREQ"""
ICON_GOOD_BROWN_MOUNTAIN_TWO,5,kv,Vari,"""TERRAIN_BROWN_MOUNTAIN_GOOD_TWO_STATISTICS"""
ICON_GOOD_BROWN_MOUNTAIN_TWO,6,kv,Icon,"""MGGI033.TGA"""
ICON_GOOD_BROWN_MOUNTAIN_TWO,7,kv,LargeIcon,"""NULL"""
ICON_GOOD_BROWN_MOUNTAIN_TWO,8,kv,SmallIcon,"""NULL"""
ICON_GOOD_BROWN_MOUNTAIN_TWO,9,kv,StatText,"""NULL"""
ICON_GOOD_BROWN_MOUNTAIN_THREE,0,kv,FirstFrame,"""MGGP033L.TGA"""
ICON_GOOD_BROWN_MOUNTAIN_THREE,1,kv,Movie,"""NULL"""
ICON_GOOD_BROWN_MOUNTAIN_THREE,2,kv,Gameplay,"""TERRAIN_BROWN_MOUNTAIN_GOOD_THREE_GAMEPLAY"""
ICON_GOOD_BROWN_MOUNTAIN_THREE,3,kv,Historical,"""TERRAIN_BROWN_MOUNTAIN_GOOD_THREE_HISTORICAL"""
ICON_GOOD_BROWN_MOUNTAIN_THREE,4,kv,Prereq,"""TERRAIN_BROWN_MOUNTAIN_GOOD_THREE_PREREQ"""
ICON_GOOD_BROWN_MOUNTAIN_THREE,5,kv,Vari,"""TERRAIN_BROWN_MOUNTAIN_GOOD_THREE_STATISTICS"""
ICON_GOOD_BROWN_MOUNTAIN_THREE,6,kv,Icon,"""MGGI033.TGA"""
ICON_GOOD_BROWN_MOUNTAIN_THREE,7,kv,LargeIcon,"""NULL"""
ICON_GOOD_BROWN_MOUNTAIN_THREE,8,kv,SmallIcon,"""NULL"""
ICON_GOOD_BROWN_MOUNTAIN_THREE,9,kv,StatText,"""NULL"""
ICON_GOOD_BROWN_MOUNTAIN_FOUR,0,kv,FirstFrame,"""MGGP033L.TGA"""
ICON_GOOD_BROWN_MOUNTAIN_FOUR,1,kv,Movie,"""NULL"""
ICON_GOOD_BROWN_MOUNTAIN_FOUR,2,kv,Gameplay,"""TERRAIN_BROWN_MOUNTAIN_GOOD_FOUR_GAMEPLAY"""
ICON_GOOD_BROWN_MOUNTAIN_FOUR,3,kv,Historical,"""TERRAIN_BROWN_MOUNTAIN_GOOD_FOUR_HISTORICAL"""
ICON_GOOD_BROWN_MOUNTAIN_FOUR,4,kv,Prereq,"""TERRAIN_BROWN_MOUNTAIN_GOOD_FOUR_PREREQ"""
ICON_GOOD_BROWN_MOUNTAIN_FOUR,5,kv,Vari,"""TERRAIN_BROWN_MOUNTAIN_GOOD_FOUR_STATISTICS"""
ICON_GOOD_BROWN_MOUNTAIN_FOUR,6,kv,Icon,"""MGGI033.TGA"""
ICON_GOOD_BROWN_MOUNTAIN_FOUR,7,kv,LargeIcon,"""NULL"""
ICON_GOOD_BROWN_MOUNTAIN_FOUR,8,kv,SmallIcon,"""NULL"""
ICON_GOOD_BROWN_MOUNTAIN_FOUR,9,kv,StatText,"""NULL"""
ICON_GOOD_WHITE_HILL_ONE,0,kv,FirstFrame,"""MGGP028L.TGA"""
ICON_GOOD_WHITE_HILL_ONE,1,kv,Movie,"""NULL"""
ICON_GOOD_WHITE_HILL_ONE,2,kv,Gameplay,"""TERRAIN_WHITE_HILL_GOOD_ONE_GAMEPLAY"""
ICON_GOOD_WHITE_HILL_ONE,3,kv,Historical,"""TERRAIN_WHITE_HILL_GOOD_ONE_HISTORICAL"""
ICON_GOOD_WHITE_HILL_ONE,4,kv,Prereq,"""TERRAIN_WHITE_HILL_GOOD_ONE_PREREQ"""
ICON_GOOD_WHITE_HILL_ONE,5,kv,Vari,"""TERRAIN_WHITE_HILL_GOOD_ONE_STATISTICS"""
ICON_GOOD_WHITE_HILL_ONE,6,kv,Icon,"""MGGI028.TGA"""
ICON_GOOD_WHITE_HILL_ONE,7,kv,LargeIcon,"""NULL"""
ICON_GOOD_WHITE_HILL_ONE,8,kv,SmallIcon,"""NULL"""
ICON_GOOD_WHITE_HILL_ONE,9,kv,StatText,"""NULL"""
ICON_GOOD_WHITE_HILL_TWO,0,kv,FirstFrame,"""MGGP029L.TGA"""
ICON_GOOD_WHITE_HILL_TWO,1,kv,Movie,"""NULL"""
ICON_GOOD_WHITE_HILL_TWO,2,kv,Gameplay,"""TERRAIN_WHITE_HILL_GOOD_TWO_GAMEPLAY"""
ICON_GOOD_WHITE_HILL_TWO,3,kv,Historical,"""TERRAIN_WHITE_HILL_GOOD_TWO_HISTORICAL"""
ICON_GOOD_WHITE_HILL_TWO,4,kv,Prereq,"""TERRAIN_WHITE_HILL_GOOD_TWO_PREREQ"""
ICON_GOOD_WHITE_HILL_TWO,5,kv,Vari,"""TERRAIN_WHITE_HILL_GOOD_TWO_STATISTICS"""
ICON_GOOD_WHITE_HILL_TWO,6,kv,Icon,"""MGGI029.TGA"""
ICON_GOOD_WHITE_HILL_TWO,7,kv,LargeIcon,"""NULL"""
ICON_GOOD_WHITE_HILL_TWO,8,kv,SmallIcon,"""NULL"""
ICON_GOOD_WHITE_HILL_TWO,9,kv,StatText,"""NULL"""
ICON_GOOD_WHITE_HILL_THREE,0,kv,FirstFrame,"""MGGP033L.TGA"""
ICON_GOOD_WHITE_HILL_THREE,1,kv,Movie,"""NULL"""
ICON_GOOD_WHITE_HILL_THREE,2,kv,Gameplay,"""TERRAIN_WHITE_HILL_GOOD_THREE_GAMEPLAY"""
ICON_GOOD_WHITE_HILL_THREE,3,kv,Historical,"""TERRAIN_WHITE_HILL_GOOD_THREE_HISTORICAL"""
ICON_GOOD_WHITE_HILL_THREE,4,kv,Prereq,"""TERRAIN_WHITE_HILL_GOOD_THREE_PREREQ"""
ICON_GOOD_WHITE_HILL_THREE,5,kv,Vari,"""TERRAIN_WHITE_HILL_GOOD_THREE_STATISTICS"""
ICON_GOOD_WHITE_HILL_THREE,6,kv,Icon,"""MGGI033.TGA"""
ICON_GOOD_WHITE_HILL_THREE,7,kv,LargeIcon,"""NULL"""
ICON_GOOD_WHITE_HILL_THREE,8,kv,SmallIcon,"""NULL"""
ICON_GOOD_WHITE_HILL_THREE,9,kv,StatText,"""NULL"""
ICON_GOOD_WHITE_HILL_FOUR,0,kv,FirstFrame,"""MGGP033L.TGA"""
ICON_GOOD_WHITE_HILL_FOUR,1,kv,Movie,"""NULL"""
ICON_GOOD_WHITE_HILL_FOUR,2,kv,Gameplay,"""TERRAIN_WHITE_HILL_GOOD_FOUR_GAMEPLAY"""
ICON_GOOD_WHITE_HILL_FOUR,3,kv,Historical,"""TERRAIN_WHITE_HILL_GOOD_FOUR_HISTORICAL"""
ICON_GOOD_WHITE_HILL_FOUR,4,kv,Prereq,"""TERRAIN_WHITE_HILL_GOOD_FOUR_PREREQ"""
ICON_GOOD_WHITE_HILL_FOUR,5,kv,Vari,"""TERRAIN_WHITE_HILL_GOOD_FOUR_STATISTICS"""
ICON_GOOD_WHITE_HILL_FOUR,6,kv,Icon,"""MGGI033.TGA"""
ICON_GOOD_WHITE_HILL_FOUR,7,kv,LargeIcon,"""NULL"""
ICON_GOOD_WHITE_HILL_FOUR,8,kv,SmallIcon,"""NULL"""
ICON_GOOD_WHITE_HILL_FOUR,9,kv,StatText,"""NULL"""
ICON_GOOD_GLACIER_ONE,0,kv,FirstFrame,"""MGGP034L.TGA"""
ICON_GOOD_GLACIER_ONE,1,kv,Movie,"""NULL"""
ICON_GOOD_GLACIER_ONE,2,kv,Gameplay,"""TERRAIN_GLACIER_GOOD_ONE_GAMEPLAY"""
ICON_GOOD_GLACIER_ONE,3,kv,Historical,"""TERRAIN_GLACIER_GOOD_ONE_HISTORICAL"""
ICON_GOOD_GLACIER_ONE,4,kv,Prereq,"""TERRAIN_GLACIER_GOOD_ONE_PREREQ"""
ICON_GOOD_GLACIER_ONE,5,kv,Vari,"""TERRAIN_GLACIER_GOOD_ONE_STATISTICS"""
ICON_GOOD_GLACIER_ONE,6,kv,Icon,"""MGGI034.TGA"""
ICON_GOOD_GLACIER_ONE,7,kv,LargeIcon,"""NULL"""
ICON_GOOD_GLACIER_ONE,8,kv,SmallIcon,"""NULL"""
ICON_GOOD_GLACIER_ONE,9,kv,StatText,"""NULL"""
ICON_GOOD_GLACIER_TWO,0,kv,FirstFrame,"""MGGP042L.TGA"""
ICON_GOOD_GLACIER_TWO,1,kv,Movie,"""NULL"""
ICON_GOOD_GLACIER_TWO,2,kv,Gameplay,"""TERRAIN_GLACIER_GOOD_TWO_GAMEPLAY"""
ICON_GOOD_GLACIER_TWO,3,kv,Historical,"""TERRAIN_GLACIER_GOOD_TWO_HISTORICAL"""
ICON_GOOD_GLACIER_TWO,4,kv,Prereq,"""TERRAIN_GLACIER_GOOD_TWO_PREREQ"""
ICON_GOOD_GLACIER_TWO,5,kv,Vari,"""TERRAIN_GLACIER_GOOD_TWO_STATISTICS"""
ICON_GOOD_GLACIER_TWO,6,kv,Icon,"""MGGI042.TGA"""
ICON_GOOD_GLACIER_TWO,7,kv,LargeIcon,"""NULL"""
ICON_GOOD_GLACIER_TWO,8,kv,SmallIcon,"""NULL"""
ICON_GOOD_GLACIER_TWO,9,kv,StatText,"""NULL"""
ICON_GOOD_GLACIER_THREE,0,kv,FirstFrame,"""MGGP033L.TGA"""
ICON_GOOD_GLACIER_THREE,1,kv,Movie,"""NULL"""
ICON_GOOD_GLACIER_THREE,2,kv,Gameplay,"""TERRAIN_GLACIER_GOOD_THREE_GAMEPLAY"""
ICON_GOOD_GLACIER_THREE,3,kv,Historical,"""TERRAIN_GLACIER_GOOD_THREE_HISTORICAL"""
ICON_GOOD_GLACIER_THREE,4,kv,Prereq,"""TERRAIN_GLACIER_GOOD_THREE_PREREQ"""
ICON_GOOD_GLACIER_THREE,5,kv,Vari,"""TERRAIN_GLACIER_GOOD_THREE_STATISTICS"""
ICON_GOOD_GLACIER_THREE,6,kv,Icon,"""MGGI033.TGA"""
ICON_GOOD_GLACIER_THREE,7,kv,LargeIcon,"""NULL"""
ICON_GOOD_GLACIER_THREE,8,kv,SmallIcon,"""NULL"""
ICON_GOOD_GLACIER_THREE,9,kv,StatText,"""NULL"""
ICON_GOOD_GLACIER_FOUR,0,kv,FirstFrame,"""MGGP033L.TGA"""
ICON_GOOD_GLACIER_FOUR,1,kv,Movie,"""NULL"""
ICON_GOOD_GLACIER_FOUR,2,kv,Gameplay,"""TERRAIN_GLACIER_GOOD_FOUR_GAMEPLAY"""
ICON_GOOD_GLACIER_FOUR,3,kv,Historical,"""TERRAIN_GLACIER_GOOD_FOUR_HISTORICAL"""
ICON_GOOD_GLACIER_FOUR,4,kv,Prereq,"""TERRAIN_GLACIER_GOOD_FOUR_PREREQ"""
ICON_GOOD_GLACIER_FOUR,5,kv,Vari,"""TERRAIN_GLACIER_GOOD_FOUR_STATISTICS"""
ICON_GOOD_GLACIER_FOUR,6,kv,Icon,"""MGGI033.TGA"""
ICON_GOOD_GLACIER_FOUR,7,kv,LargeIcon,"""NULL"""
ICON_GOOD_GLACIER_FOUR,8,kv,SmallIcon,"""NULL"""
ICON_GOOD_GLACIER_FOUR,9,kv,StatText,"""NULL"""
ICON_GOV_ANARCHY,0,kv,FirstFrame,"""UPVP001L.TGA"""
ICON_GOV_ANARCHY,1,kv,Movie,"""NULL"""
ICON_GOV_ANARCHY,2,kv,Gameplay,"""GOVERNMENT_ANARCHY_GAMEPLAY"""
ICON_GOV_ANARCHY,3,kv,Historical,"""GOVERNMENT_ANARCHY_HISTORICAL"""
ICON_GOV_ANARCHY,4,kv,Prereq,"""GOVERNMENT_ANARCHY_PREREQ"""
ICON_GOV_ANARCHY,5,kv,Vari,"""GOVERNMENT_ANARCHY_STATISTICS"""
ICON_GOV_ANARCHY,6,kv,Icon,"""UPVP001L.TGA"""
ICON_GOV_ANARCHY,7,kv,LargeIcon,"""NULL"""
ICON_GOV_ANARCHY,8,kv,SmallIcon,"""NULL"""
ICON_GOV_ANARCHY,9,kv,StatText,"""NULL"""
ICON_GOV_COMMUNISM,0,kv,FirstFrame,"""UPVP002L.TGA"""
ICON_GOV_COMMUNISM,1,kv,Movie,"""NULL"""
ICON_GOV_COMMUNISM,2,kv,Gameplay,"""GOVERNMENT_COMMUNISM_GAMEPLAY"""
ICON_GOV_COMMUNISM,3,kv,Historical,"""ADVANCE_COMMUNISM_HISTORICAL"""
ICON_GOV_COMMUNISM,4,kv,Prereq,"""GOVERNMENT_COMMUNISM_PREREQ"""
ICON_GOV_COMMUNISM,5,kv,Vari,"""GOVERNMENT_COMMUNISM_STATISTICS"""
ICON_GOV_COMMUNISM,6,kv,Icon,"""UPVP002L.TGA"""
ICON_GOV_COMMUNISM,7,kv,LargeIcon,"""NULL"""
ICON_GOV_COMMUNISM,8,kv,SmallIcon,"""NULL"""
ICON_GOV_COMMUNISM,9,kv,StatText,"""NULL"""
ICON_GOV_CORPORATE_REPUBLIC,0,kv,FirstFrame,"""UPVP003L.TGA"""
ICON_GOV_CORPORATE_REPUBLIC,1,kv,Movie,"""NULL"""
ICON_GOV_CORPORATE_REPUBLIC,2,kv,Gameplay,"""GOVERNMENT_CORPORATE_REPUBLIC_GAMEPLAY"""
ICON_GOV_CORPORATE_REPUBLIC,3,kv,Historical,"""ADVANCE_CORPORATE_REPUBLIC_HISTORICAL"""
ICON_GOV_CORPORATE_REPUBLIC,4,kv,Prereq,"""GOVERNMENT_CORPORATE_REPUBLIC_PREREQ"""
ICON_GOV_CORPORATE_REPUBLIC,5,kv,Vari,"""GOVERNMENT_CORPORATE_REPUBLIC_STATISTICS"""
ICON_GOV_CORPORATE_REPUBLIC,6,kv,Icon,"""UPVP008L.TGA"""
ICON_GOV_CORPORATE_REPUBLIC,7,kv,LargeIcon,"""NULL"""
ICON_GOV_CORPORATE_REPUBLIC,8,kv,SmallIcon,"""NULL"""
ICON_GOV_CORPORATE_REPUBLIC,9,kv,StatText,"""NULL"""
ICON_GOV_DEFAULT,0,kv,FirstFrame,"""UPVP001L.TGA"""
ICON_GOV_DEFAULT,1,kv,Movie,"""NULL"""
ICON_GOV_DEFAULT,2,kv,Gameplay,"""NULL"""
ICON_GOV_DEFAULT,3,kv,Historical,"""NULL"""
ICON_GOV_DEFAULT,4,kv,Prereq,"""NULL"""
ICON_GOV_DEFAULT,5,kv,Vari,"""NULL"""
ICON_GOV_DEFAULT,6,kv,Icon,"""NULL"""
ICON_GOV_DEFAULT,7,kv,LargeIcon,"""NULL"""
ICON_GOV_DEFAULT,8,kv,SmallIcon,"""NULL"""
ICON_GOV_DEFAULT,9,kv,StatText,"""NULL"""
ICON_GOV_DEMOCRACY,0,kv,FirstFrame,"""UPVP004L.TGA"""
ICON_GOV_DEMOCRACY,1,kv,Movie,"""NULL"""
ICON_GOV_DEMOCRACY,2,kv,Gameplay,"""GOVERNMENT_DEMOCRACY_GAMEPLAY"""
ICON_GOV_DEMOCRACY,3,kv,Historical,"""ADVANCE_DEMOCRACY_HISTORICAL"""
ICON_GOV_DEMOCRACY,4,kv,Prereq,"""GOVERNMENT_DEMOCRACY_PREREQ"""
ICON_GOV_DEMOCRACY,5,kv,Vari,"""GOVERNMENT_DEMOCRACY_STATISTICS"""
ICON_GOV_DEMOCRACY,6,kv,Icon,"""UPVP004L.TGA"""
ICON_GOV_DEMOCRACY,7,kv,LargeIcon,"""NULL"""
ICON_GOV_DEMOCRACY,8,kv,SmallIcon,"""NULL"""
ICON_GOV_DEMOCRACY,9,kv,StatText,"""NULL"""
ICON_GOV_ECOTOPIA,0,kv,FirstFrame,"""UPVP005L.TGA"""
ICON_GOV_ECOTOPIA,1,kv,Movie,"""NULL"""
ICON_GOV_ECOTOPIA,2,kv,Gameplay,"""GOVERNMENT_ECOTOPIA_GAMEPLAY"""
ICON_GOV_ECOTOPIA,3,kv,Historical,"""ADVANCE_ECOTOPIA_HISTORICAL"""
ICON_GOV_ECOTOPIA,4,kv,Prereq,"""GOVERNMENT_ECOTOPIA_PREREQ"""
ICON_GOV_ECOTOPIA,5,kv,Vari,"""GOVERNMENT_ECOTOPIA_STATISTICS"""
ICON_GOV_ECOTOPIA,6,kv,Icon,"""UPVP005L.TGA"""
ICON_GOV_ECOTOPIA,7,kv,LargeIcon,"""NULL"""
ICON_GOV_ECOTOPIA,8,kv,SmallIcon,"""NULL"""
ICON_GOV_ECOTOPIA,9,kv,StatText,"""NULL"""
ICON_GOV_FASCISM,0,kv,FirstFrame,"""UPVP006L.TGA"""
ICON_GOV_FASCISM,1,kv,Movie,"""NULL"""
ICON_GOV_FASCISM,2,kv,Gameplay,"""GOVERNMENT_FASCISM_GAMEPLAY"""
ICON_GOV_FASCISM,3,kv,Historical,"""ADVANCE_FASCISM_HISTORICAL"""
ICON_GOV_FASCISM,4,kv,Prereq,"""GOVERNMENT_FASCISM_PREREQ"""
ICON_GOV_FASCISM,5,kv,Vari,"""GOVERNMENT_FASCISM_STATISTICS"""
ICON_GOV_FASCISM,6,kv,Icon,"""UPVP006L.TGA"""
ICON_GOV_FASCISM,7,kv,LargeIcon,"""NULL"""
ICON_GOV_FASCISM,8,kv,SmallIcon,"""NULL"""
ICON_GOV_FASCISM,9,kv,StatText,"""NULL"""
ICON_GOV_MONARCHY,0,kv,FirstFrame,"""UPVP007L.TGA"""
ICON_GOV_MONARCHY,1,kv,Movie,"""NULL"""
ICON_GOV_MONARCHY,2,kv,Gameplay,"""GOVERNMENT_MONARCHY_GAMEPLAY"""
ICON_GOV_MONARCHY,3,kv,Historical,"""ADVANCE_MONARCHY_HISTORICAL"""
ICON_GOV_MONARCHY,4,kv,Prereq,"""GOVERNMENT_MONARCHY_PREREQ"""
ICON_GOV_MONARCHY,5,kv,Vari,"""GOVERNMENT_MONARCHY_STATISTICS"""
ICON_GOV_MONARCHY,6,kv,Icon,"""UPVP007L.TGA"""
ICON_GOV_MONARCHY,7,kv,LargeIcon,"""NULL"""
ICON_GOV_MONARCHY,8,kv,SmallIcon,"""NULL"""
ICON_GOV_MONARCHY,9,kv,StatText,"""NULL"""
ICON_GOV_REPUBLIC,0,kv,FirstFrame,"""UPVP008L.TGA"""
ICON_GOV_REPUBLIC,1,kv,Movie,"""NULL"""
ICON_GOV_REPUBLIC,2,kv,Gameplay,"""GOVERNMENT_REPUBLIC_GAMEPLAY"""
ICON_GOV_REPUBLIC,3,kv,Historical,"""GOVERNMENT_REPUBLIC_HISTORICAL"""
ICON_GOV_REPUBLIC,4,kv,Prereq,"""GOVERNMENT_REPUBLIC_PREREQ"""
ICON_GOV_REPUBLIC,5,kv,Vari,"""GOVERNMENT_REPUBLIC_STATISTICS"""
ICON_GOV_REPUBLIC,6,kv,Icon,"""NULL"""
ICON_GOV_REPUBLIC,7,kv,LargeIcon,"""NULL"""
ICON_GOV_REPUBLIC,8,kv,SmallIcon,"""NULL"""
ICON_GOV_REPUBLIC,9,kv,StatText,"""NULL"""
ICON_GOV_TECHNOCRACY,0,kv,FirstFrame,"""UPVP009L.TGA"""
ICON_GOV_TECHNOCRACY,1,kv,Movie,"""NULL"""
ICON_GOV_TECHNOCRACY,2,kv,Gameplay,"""GOVERNMENT_TECHNOCRACY_GAMEPLAY"""
ICON_GOV_TECHNOCRACY,3,kv,Historical,"""ADVANCE_TECHNOCRACY_HISTORICAL"""
ICON_GOV_TECHNOCRACY,4,kv,Prereq,"""GOVERNMENT_TECHNOCRACY_PREREQ"""
ICON_GOV_TECHNOCRACY,5,kv,Vari,"""GOVERNMENT_TECHNOCRACY_STATISTICS"""
ICON_GOV_TECHNOCRACY,6,kv,Icon,"""UPVP009L.TGA"""
ICON_GOV_TECHNOCRACY,7,kv,LargeIcon,"""NULL"""
ICON_GOV_TECHNOCRACY,8,kv,SmallIcon,"""NULL"""
ICON_GOV_TECHNOCRACY,9,kv,StatText,"""NULL"""
ICON_GOV_THEOCRACY,0,kv,FirstFrame,"""UPVP010L.TGA"""
ICON_GOV_THEOCRACY,1,kv,Movie,"""NULL"""
ICON_GOV_THEOCRACY,2,kv,Gameplay,"""GOVERNMENT_THEOCRACY_GAMEPLAY"""
ICON_GOV_THEOCRACY,3,kv,Historical,"""GOVERNMENT_THEOCRACY_HISTORICAL"""
ICON_GOV_THEOCRACY,4,kv,Prereq,"""GOVERNMENT_THEOCRACY_PREREQ"""
ICON_GOV_THEOCRACY,5,kv,Vari,"""GOVERNMENT_THEOCRACY_STATISTICS"""
ICON_GOV_THEOCRACY,6,kv,Icon,"""UPVP010L.TGA"""
ICON_GOV_THEOCRACY,7,kv,LargeIcon,"""NULL"""
ICON_GOV_THEOCRACY,8,kv,SmallIcon,"""NULL"""
ICON_GOV_THEOCRACY,9,kv,StatText,"""NULL"""
ICON_GOV_TYRANNY,0,kv,FirstFrame,"""UPVP011L.TGA"""
ICON_GOV_TYRANNY,1,kv,Movie,"""NULL"""
ICON_GOV_TYRANNY,2,kv,Gameplay,"""GOVERNMENT_TYRANNY_GAMEPLAY"""
ICON_GOV_TYRANNY,3,kv,Historical,"""GOVERNMENT_TYRANNY_HISTORICAL"""
ICON_GOV_TYRANNY,4,kv,Prereq,"""GOVERNMENT_TYRANNY_PREREQ"""
ICON_GOV_TYRANNY,5,kv,Vari,"""GOVERNMENT_TYRANNY_STATISTICS"""
ICON_GOV_TYRANNY,6,kv,Icon,"""UPVP011L.TGA"""
ICON_GOV_TYRANNY,7,kv,LargeIcon,"""NULL"""
ICON_GOV_TYRANNY,8,kv,SmallIcon,"""NULL"""
ICON_GOV_TYRANNY,9,kv,StatText,"""NULL"""
ICON_GOV_VIRTUAL_DEMOCRACY,0,kv,FirstFrame,"""UPVP012L.TGA"""
ICON_GOV_VIRTUAL_DEMOCRACY,1,kv,Movie,"""NULL"""
ICON_GOV_VIRTUAL_DEMOCRACY,2,kv,Gameplay,"""GOVERNMENT_VIRTUAL_DEMOCRACY_GAMEPLAY"""
ICON_GOV_VIRTUAL_DEMOCRACY,3,kv,Historical,"""ADVANCE_VIRTUAL_DEMOCRACY_HISTORICAL"""
ICON_GOV_VIRTUAL_DEMOCRACY,4,kv,Prereq,"""GOVERNMENT_VIRTUAL_DEMOCRACY_PREREQ"""
ICON_GOV_VIRTUAL_DEMOCRACY,5,kv,Vari,"""GOVERNMENT_VIRTUAL_DEMOCRACY_STATISTICS"""
ICON_GOV_VIRTUAL_DEMOCRACY,6,kv,Icon,"""UPVP012L.TGA"""
ICON_GOV_VIRTUAL_DEMOCRACY,7,kv,LargeIcon,"""NULL"""
ICON_GOV_VIRTUAL_DEMOCRACY,8,kv,SmallIcon,"""NULL"""
ICON_GOV_VIRTUAL_DEMOCRACY,9,kv,StatText,"""NULL"""
ICON_IMPROVE_ACADEMY,0,kv,FirstFrame,"""CM2_UPIP001L.TGA"""
ICON_IMPROVE_ACADEMY,1,kv,Movie,"""NULL"""
ICON_IMPROVE_ACADEMY,2,kv,Gameplay,"""IMPROVE_ACADEMY_GAMEPLAY"""
ICON_IMPROVE_ACADEMY,3,kv,Historical,"""IMPROVE_ACADEMY_HISTORICAL"""
ICON_IMPROVE_ACADEMY,4,kv,Prereq,"""IMPROVE_ACADEMY_PREREQ"""
ICON_IMPROVE_ACADEMY,5,kv,Vari,"""IMPROVE_ACADEMY_STATISTICS"""
ICON_IMPROVE_ACADEMY,6,kv,Icon,"""CM2_UPIP001L.TGA"""
ICON_IMPROVE_ACADEMY,7,kv,LargeIcon,"""NULL"""
ICON_IMPROVE_ACADEMY,8,kv,SmallIcon,"""NULL"""
ICON_IMPROVE_ACADEMY,9,kv,StatText,"""IMPROVE_ACADEMY_STATISTICS"""
ICON_IMPROVE_AIRPORT,0,kv,FirstFrame,"""UPIP002L.TGA"""
ICON_IMPROVE_AIRPORT,1,kv,Movie,"""NULL"""
ICON_IMPROVE_AIRPORT,2,kv,Gameplay,"""IMPROVE_AIRPORT_GAMEPLAY"""
ICON_IMPROVE_AIRPORT,3,kv,Historical,"""IMPROVE_AIRPORT_HISTORICAL"""
ICON_IMPROVE_AIRPORT,4,kv,Prereq,"""IMPROVE_AIRPORT_PREREQ"""
ICON_IMPROVE_AIRPORT,5,kv,Vari,"""IMPROVE_AIRPORT_STATISTICS"""
ICON_IMPROVE_AIRPORT,6,kv,Icon,"""UPIP002L.TGA"""
ICON_IMPROVE_AIRPORT,7,kv,LargeIcon,"""NULL"""
ICON_IMPROVE_AIRPORT,8,kv,SmallIcon,"""NULL"""
ICON_IMPROVE_AIRPORT,9,kv,StatText,"""IMPROVE_AIRPORT_STATISTICS"""
ICON_IMPROVE_ANTI_BALLISTIC_MISSILES,0,kv,FirstFrame,"""CM2_UPIP047L.TGA"""
ICON_IMPROVE_ANTI_BALLISTIC_MISSILES,1,kv,Movie,"""NULL"""
ICON_IMPROVE_ANTI_BALLISTIC_MISSILES,2,kv,Gameplay,"""IMPROVE_ANTI_BALLISTIC_MISSILES_GAMEPLAY"""
ICON_IMPROVE_ANTI_BALLISTIC_MISSILES,3,kv,Historical,"""IMPROVE_ANTI_BALLISTIC_MISSILES_HISTORICAL"""
ICON_IMPROVE_ANTI_BALLISTIC_MISSILES,4,kv,Prereq,"""IMPROVE_ANTI_BALLISTIC_MISSILES_PREREQ"""
ICON_IMPROVE_ANTI_BALLISTIC_MISSILES,5,kv,Vari,"""IMPROVE_ANTI_BALLISTIC_MISSILES_STATISTICS"""
ICON_IMPROVE_ANTI_BALLISTIC_MISSILES,6,kv,Icon,"""CM2_UPIP047L.TGA"""
ICON_IMPROVE_ANTI_BALLISTIC_MISSILES,7,kv,LargeIcon,"""NULL"""
ICON_IMPROVE_ANTI_BALLISTIC_MISSILES,8,kv,SmallIcon,"""NULL"""
ICON_IMPROVE_ANTI_BALLISTIC_MISSILES,9,kv,StatText,"""IMPROVE_ANTI_BALLISTIC_MISSILES_STATISTICS"""
ICON_IMPROVE_AQUA_FILTER,0,kv,FirstFrame,"""CM2_UPIP005L.TGA"""
ICON_IMPROVE_AQUA_FILTER,1,kv,Movie,"""NULL"""
ICON_IMPROVE_AQUA_FILTER,2,kv,Gameplay,"""IMPROVE_AQUA_FILTER_GAMEPLAY"""
ICON_IMPROVE_AQUA_FILTER,3,kv,Historical,"""IMPROVE_AQUA_FILTER_HISTORICAL"""
ICON_IMPROVE_AQUA_FILTER,4,kv,Prereq,"""IMPROVE_AQUA_FILTER_PREREQ"""
ICON_IMPROVE_AQUA_FILTER,5,kv,Vari,"""IMPROVE_AQUA_FILTER_STATISTICS"""
ICON_IMPROVE_AQUA_FILTER,6,kv,Icon,"""CM2_UPIP005L.TGA"""
ICON_IMPROVE_AQUA_FILTER,7,kv,LargeIcon,"""NULL"""
ICON_IMPROVE_AQUA_FILTER,8,kv,SmallIcon,"""NULL"""
ICON_IMPROVE_AQUA_FILTER,9,kv,StatText,"""IMPROVE_AQUA_FILTER_STATISTICS"""
ICON_IMPROVE_AQUEDUCT,0,kv,FirstFrame,"""UPAP062L.TGA"""
ICON_IMPROVE_AQUEDUCT,1,kv,Movie,"""NULL"""
ICON_IMPROVE_AQUEDUCT,2,kv,Gameplay,"""IMPROVE_AQUEDUCT_GAMEPLAY"""
ICON_IMPROVE_AQUEDUCT,3,kv,Historical,"""IMPROVE_AQUEDUCT_HISTORICAL"""
ICON_IMPROVE_AQUEDUCT,4,kv,Prereq,"""IMPROVE_AQUEDUCT_PREREQ"""
ICON_IMPROVE_AQUEDUCT,5,kv,Vari,"""IMPROVE_AQUEDUCT_STATISTICS"""
ICON_IMPROVE_AQUEDUCT,6,kv,Icon,"""UPAP062L.TGA"""
ICON_IMPROVE_AQUEDUCT,7,kv,LargeIcon,"""NULL"""
ICON_IMPROVE_AQUEDUCT,8,kv,SmallIcon,"""NULL"""
ICON_IMPROVE_AQUEDUCT,9,kv,StatText,"""IMPROVE_AQUEDUCT_STATISTICS"""
ICON_IMPROVE_ARCOLOGIES,0,kv,FirstFrame,"""UPAP011L.TGA"""
ICON_IMPROVE_ARCOLOGIES,1,kv,Movie,"""NULL"""
ICON_IMPROVE_ARCOLOGIES,2,kv,Gameplay,"""IMPROVE_ARCOLOGIES_GAMEPLAY"""
ICON_IMPROVE_ARCOLOGIES,3,kv,Historical,"""ADVANCE_ARCOLOGIES_HISTORICAL"""
ICON_IMPROVE_ARCOLOGIES,4,kv,Prereq,"""IMPROVE_ARCOLOGIES_PREREQ"""
ICON_IMPROVE_ARCOLOGIES,5,kv,Vari,"""IMPROVE_ARCOLOGIES_STATISTICS"""
ICON_IMPROVE_ARCOLOGIES,6,kv,Icon,"""UPAP011L.TGA"""
ICON_IMPROVE_ARCOLOGIES,7,kv,LargeIcon,"""NULL"""
ICON_IMPROVE_ARCOLOGIES,8,kv,SmallIcon,"""NULL"""
ICON_IMPROVE_ARCOLOGIES,9,kv,StatText,"""IMPROVE_ARCOLOGIES_STATISTICS"""
ICON_IMPROVE_ARENA,0,kv,FirstFrame,"""CM2_UPAP023L.TGA"""
ICON_IMPROVE_ARENA,1,kv,Movie,"""NULL"""
ICON_IMPROVE_ARENA,2,kv,Gameplay,"""IMPROVE_ARENA_GAMEPLAY"""
ICON_IMPROVE_ARENA,3,kv,Historical,"""IMPROVE_ARENA_HISTORICAL"""
ICON_IMPROVE_ARENA,4,kv,Prereq,"""IMPROVE_ARENA_PREREQ"""
ICON_IMPROVE_ARENA,5,kv,Vari,"""IMPROVE_ARENA_STATISTICS"""
ICON_IMPROVE_ARENA,6,kv,Icon,"""CM2_UPAP023L.TGA"""
ICON_IMPROVE_ARENA,7,kv,LargeIcon,"""NULL"""
ICON_IMPROVE_ARENA,8,kv,SmallIcon,"""NULL"""
ICON_IMPROVE_ARENA,9,kv,StatText,"""IMPROVE_ARENA_STATISTICS"""
ICON_IMPROVE_BALLISTA_TOWERS,0,kv,FirstFrame,"""CM2_UPIP009L.TGA"""
ICON_IMPROVE_BALLISTA_TOWERS,1,kv,Movie,"""NULL"""
ICON_IMPROVE_BALLISTA_TOWERS,2,kv,Gameplay,"""IMPROVE_BALLISTA_TOWERS_GAMEPLAY"""
ICON_IMPROVE_BALLISTA_TOWERS,3,kv,Historical,"""IMPROVE_BALLISTA_TOWERS_HISTORICAL"""
ICON_IMPROVE_BALLISTA_TOWERS,4,kv,Prereq,"""IMPROVE_BALLISTA_TOWERS_PREREQ"""
ICON_IMPROVE_BALLISTA_TOWERS,5,kv,Vari,"""IMPROVE_BALLISTA_TOWERS_STATISTICS"""
ICON_IMPROVE_BALLISTA_TOWERS,6,kv,Icon,"""CM2_UPIP009L.TGA"""
ICON_IMPROVE_BALLISTA_TOWERS,7,kv,LargeIcon,"""NULL"""
ICON_IMPROVE_BALLISTA_TOWERS,8,kv,SmallIcon,"""NULL"""
ICON_IMPROVE_BALLISTA_TOWERS,9,kv,StatText,"""IMPROVE_BALLISTA_TOWERS_STATISTICS"""
ICON_IMPROVE_BANK,0,kv,FirstFrame,"""UPAP013L.TGA"""
ICON_IMPROVE_BANK,1,kv,Movie,"""NULL"""
ICON_IMPROVE_BANK,2,kv,Gameplay,"""IMPROVE_BANK_GAMEPLAY"""
ICON_IMPROVE_BANK,3,kv,Historical,"""IMPROVE_BANK_HISTORICAL"""
ICON_IMPROVE_BANK,4,kv,Prereq,"""IMPROVE_BANK_PREREQ"""
ICON_IMPROVE_BANK,5,kv,Vari,"""IMPROVE_BANK_STATISTICS"""
ICON_IMPROVE_BANK,6,kv,Icon,"""UPAP013L.TGA"""
ICON_IMPROVE_BANK,7,kv,LargeIcon,"""NULL"""
ICON_IMPROVE_BANK,8,kv,SmallIcon,"""NULL"""
ICON_IMPROVE_BANK,9,kv,StatText,"""IMPROVE_BANK_STATISTICS"""
ICON_IMPROVE_BASCILICA,0,kv,FirstFrame,"""UPIP051L.TGA"""
ICON_IMPROVE_BASCILICA,1,kv,Movie,"""NULL"""
ICON_IMPROVE_BASCILICA,2,kv,Gameplay,"""IMPROVE_BASCILICA_GAMEPLAY"""
ICON_IMPROVE_BASCILICA,3,kv,Historical,"""IMPROVE_BASCILICA_HISTORICAL"""
ICON_IMPROVE_BASCILICA,4,kv,Prereq,"""IMPROVE_BASCILICA_PREREQ"""
ICON_IMPROVE_BASCILICA,5,kv,Vari,"""IMPROVE_BASCILICA_STATISTICS"""
ICON_IMPROVE_BASCILICA,6,kv,Icon,"""UPIP051L.TGA"""
ICON_IMPROVE_BASCILICA,7,kv,LargeIcon,"""NULL"""
ICON_IMPROVE_BASCILICA,8,kv,SmallIcon,"""NULL"""
ICON_IMPROVE_BASCILICA,9,kv,StatText,"""IMPROVE_BASCILICA_STATISTICS"""
ICON_IMPROVE_BATTLEMENTS,0,kv,FirstFrame,"""CM2_UPIP004L.TGA"""
ICON_IMPROVE_BATTLEMENTS,1,kv,Movie,"""NULL"""
ICON_IMPROVE_BATTLEMENTS,2,kv,Gameplay,"""IMPROVE_BATTLEMENTS_GAMEPLAY"""
ICON_IMPROVE_BATTLEMENTS,3,kv,Historical,"""IMPROVE_BATTLEMENTS_HISTORICAL"""
ICON_IMPROVE_BATTLEMENTS,4,kv,Prereq,"""IMPROVE_BATTLEMENTS_PREREQ"""
ICON_IMPROVE_BATTLEMENTS,5,kv,Vari,"""IMPROVE_BATTLEMENTS_STATISTICS"""
ICON_IMPROVE_BATTLEMENTS,6,kv,Icon,"""CM2_UPIP004L.TGA"""
ICON_IMPROVE_BATTLEMENTS,7,kv,LargeIcon,"""NULL"""
ICON_IMPROVE_BATTLEMENTS,8,kv,SmallIcon,"""NULL"""
ICON_IMPROVE_BATTLEMENTS,9,kv,StatText,"""IMPROVE_BATTLEMENTS_STATISTICS"""
ICON_IMPROVE_BAZAAR,0,kv,FirstFrame,"""CM2_UPIP011L.TGA"""
ICON_IMPROVE_BAZAAR,1,kv,Movie,"""NULL"""
ICON_IMPROVE_BAZAAR,2,kv,Gameplay,"""IMPROVE_BAZAAR_GAMEPLAY"""
ICON_IMPROVE_BAZAAR,3,kv,Historical,"""IMPROVE_BAZAAR_HISTORICAL"""
ICON_IMPROVE_BAZAAR,4,kv,Prereq,"""IMPROVE_BAZAAR_PREREQ"""
ICON_IMPROVE_BAZAAR,5,kv,Vari,"""IMPROVE_BAZAAR_STATISTICS"""
ICON_IMPROVE_BAZAAR,6,kv,Icon,"""CM2_UPIP011L.TGA"""
ICON_IMPROVE_BAZAAR,7,kv,LargeIcon,"""NULL"""
ICON_IMPROVE_BAZAAR,8,kv,SmallIcon,"""NULL"""
ICON_IMPROVE_BAZAAR,9,kv,StatText,"""IMPROVE_BAZAAR_STATISTICS"""
ICON_IMPROVE_BEHAVIORAL_MOD_CENTER,0,kv,FirstFrame,"""CM2_UPIP012L.TGA"""
ICON_IMPROVE_BEHAVIORAL_MOD_CENTER,1,kv,Movie,"""NULL"""
ICON_IMPROVE_BEHAVIORAL_MOD_CENTER,2,kv,Gameplay,"""IMPROVE_BEHAVIORAL_MOD_CENTER_GAMEPLAY"""
ICON_IMPROVE_BEHAVIORAL_MOD_CENTER,3,kv,Historical,"""IMPROVE_BEHAVIORAL_MOD_CENTER_HISTORICAL"""
ICON_IMPROVE_BEHAVIORAL_MOD_CENTER,4,kv,Prereq,"""IMPROVE_BEHAVIORAL_MOD_CENTER_PREREQ"""
ICON_IMPROVE_BEHAVIORAL_MOD_CENTER,5,kv,Vari,"""IMPROVE_BEHAVIORAL_MOD_CENTER_STATISTICS"""
ICON_IMPROVE_BEHAVIORAL_MOD_CENTER,6,kv,Icon,"""CM2_UPIP012L.TGA"""
ICON_IMPROVE_BEHAVIORAL_MOD_CENTER,7,kv,LargeIcon,"""NULL"""
ICON_IMPROVE_BEHAVIORAL_MOD_CENTER,8,kv,SmallIcon,"""NULL"""
ICON_IMPROVE_BEHAVIORAL_MOD_CENTER,9,kv,StatText,"""IMPROVE_BEHAVIORAL_MOD_CENTER_STATISTICS"""
ICON_IMPROVE_BODY_EXCHANGE,0,kv,FirstFrame,"""CM2_UPIP013L.TGA"""
ICON_IMPROVE_BODY_EXCHANGE,1,kv,Movie,"""NULL"""
ICON_IMPROVE_BODY_EXCHANGE,2,kv,Gameplay,"""IMPROVE_BODY_EXCHANGE_GAMEPLAY"""
ICON_IMPROVE_BODY_EXCHANGE,3,kv,Historical,"""IMPROVE_BODY_EXCHANGE_HISTORICAL"""
ICON_IMPROVE_BODY_EXCHANGE,4,kv,Prereq,"""IMPROVE_BODY_EXCHANGE_PREREQ"""
ICON_IMPROVE_BODY_EXCHANGE,5,kv,Vari,"""IMPROVE_BODY_EXCHANGE_STATISTICS"""
ICON_IMPROVE_BODY_EXCHANGE,6,kv,Icon,"""CM2_UPIP013L.TGA"""
ICON_IMPROVE_BODY_EXCHANGE,7,kv,LargeIcon,"""NULL"""
ICON_IMPROVE_BODY_EXCHANGE,8,kv,SmallIcon,"""NULL"""
ICON_IMPROVE_BODY_EXCHANGE,9,kv,StatText,"""IMPROVE_BODY_EXCHANGE_STATISTICS"""
ICON_IMPROVE_BROKERAGE,0,kv,FirstFrame,"""CM2_UPIP014L.TGA"""
ICON_IMPROVE_BROKERAGE,1,kv,Movie,"""NULL"""
ICON_IMPROVE_BROKERAGE,2,kv,Gameplay,"""IMPROVE_BROKERAGE_GAMEPLAY"""
ICON_IMPROVE_BROKERAGE,3,kv,Historical,"""IMPROVE_BROKERAGE_HISTORICAL"""
ICON_IMPROVE_BROKERAGE,4,kv,Prereq,"""IMPROVE_BROKERAGE_PREREQ"""
ICON_IMPROVE_BROKERAGE,5,kv,Vari,"""IMPROVE_BROKERAGE_STATISTICS"""
ICON_IMPROVE_BROKERAGE,6,kv,Icon,"""CM2_UPIP014L.TGA"""
ICON_IMPROVE_BROKERAGE,7,kv,LargeIcon,"""NULL"""
ICON_IMPROVE_BROKERAGE,8,kv,SmallIcon,"""NULL"""
ICON_IMPROVE_BROKERAGE,9,kv,StatText,"""IMPROVE_BROKERAGE_STATISTICS"""
ICON_IMPROVE_CAPITALIZATION,0,kv,FirstFrame,"""CM2_UPIP015L.TGA"""
ICON_IMPROVE_CAPITALIZATION,1,kv,Movie,"""NULL"""
ICON_IMPROVE_CAPITALIZATION,2,kv,Gameplay,"""NULL"""
ICON_IMPROVE_CAPITALIZATION,3,kv,Historical,"""NULL"""
ICON_IMPROVE_CAPITALIZATION,4,kv,Prereq,"""NULL"""
ICON_IMPROVE_CAPITALIZATION,5,kv,Vari,"""NULL"""
ICON_IMPROVE_CAPITALIZATION,6,kv,Icon,"""CM2_UPIP015L.TGA"""
ICON_IMPROVE_CAPITALIZATION,7,kv,LargeIcon,"""NULL"""
ICON_IMPROVE_CAPITALIZATION,8,kv,SmallIcon,"""NULL"""
ICON_IMPROVE_CAPITALIZATION,9,kv,StatText,"""CONCEPT_CAPITALIZATION_SUMMARY"""
ICON_IMPROVE_CAPITOL,0,kv,FirstFrame,"""CM2_UPIP016L.TGA"""
ICON_IMPROVE_CAPITOL,1,kv,Movie,"""NULL"""
ICON_IMPROVE_CAPITOL,2,kv,Gameplay,"""IMPROVE_CAPITOL_GAMEPLAY"""
ICON_IMPROVE_CAPITOL,3,kv,Historical,"""IMPROVE_CAPITOL_HISTORICAL"""
ICON_IMPROVE_CAPITOL,4,kv,Prereq,"""IMPROVE_CAPITOL_PREREQ"""
ICON_IMPROVE_CAPITOL,5,kv,Vari,"""IMPROVE_CAPITOL_STATISTICS"""
ICON_IMPROVE_CAPITOL,6,kv,Icon,"""CM2_UPIP016L.TGA"""
ICON_IMPROVE_CAPITOL,7,kv,LargeIcon,"""NULL"""
ICON_IMPROVE_CAPITOL,8,kv,SmallIcon,"""NULL"""
ICON_IMPROVE_CAPITOL,9,kv,StatText,"""IMPROVE_CAPITOL_STATISTICS"""
ICON_IMPROVE_CITY_WALLS,0,kv,FirstFrame,"""CM2_UPIP018L.TGA"""
ICON_IMPROVE_CITY_WALLS,1,kv,Movie,"""NULL"""
ICON_IMPROVE_CITY_WALLS,2,kv,Gameplay,"""IMPROVE_CITY_WALLS_GAMEPLAY"""
ICON_IMPROVE_CITY_WALLS,3,kv,Historical,"""IMPROVE_CITY_WALLS_HISTORICAL"""
ICON_IMPROVE_CITY_WALLS,4,kv,Prereq,"""IMPROVE_CITY_WALLS_PREREQ"""
ICON_IMPROVE_CITY_WALLS,5,kv,Vari,"""IMPROVE_CITY_WALLS_STATISTICS"""
ICON_IMPROVE_CITY_WALLS,6,kv,Icon,"""CM2_UPIP018L.TGA"""
ICON_IMPROVE_CITY_WALLS,7,kv,LargeIcon,"""NULL"""
ICON_IMPROVE_CITY_WALLS,8,kv,SmallIcon,"""NULL"""
ICON_IMPROVE_CITY_WALLS,9,kv,StatText,"""IMPROVE_CITY_WALLS_STATISTICS"""
ICON_IMPROVE_COMPUTER_CENTER,0,kv,FirstFrame,"""CM2_UPIP019L.TGA"""
ICON_IMPROVE_COMPUTER_CENTER,1,kv,Movie,"""NULL"""
ICON_IMPROVE_COMPUTER_CENTER,2,kv,Gameplay,"""IMPROVE_COMPUTER_CENTER_GAMEPLAY"""
ICON_IMPROVE_COMPUTER_CENTER,3,kv,Historical,"""IMPROVE_COMPUTER_CENTER_HISTORICAL"""
ICON_IMPROVE_COMPUTER_CENTER,4,kv,Prereq,"""IMPROVE_COMPUTER_CENTER_PREREQ"""
ICON_IMPROVE_COMPUTER_CENTER,5,kv,Vari,"""IMPROVE_COMPUTER_CENTER_STATISTICS"""
ICON_IMPROVE_COMPUTER_CENTER,6,kv,Icon,"""CM2_UPIP019L.TGA"""
ICON_IMPROVE_COMPUTER_CENTER,7,kv,LargeIcon,"""NULL"""
ICON_IMPROVE_COMPUTER_CENTER,8,kv,SmallIcon,"""NULL"""
ICON_IMPROVE_COMPUTER_CENTER,9,kv,StatText,"""IMPROVE_COMPUTER_CENTER_STATISTICS"""
ICON_IMPROVE_CORNUCOPIC_VAT,0,kv,FirstFrame,"""CM2_UPIP020L.TGA"""
ICON_IMPROVE_CORNUCOPIC_VAT,1,kv,Movie,"""NULL"""
ICON_IMPROVE_CORNUCOPIC_VAT,2,kv,Gameplay,"""IMPROVE_CORNUCOPIC_VATS_GAMEPLAY"""
ICON_IMPROVE_CORNUCOPIC_VAT,3,kv,Historical,"""IMPROVE_CORNUCOPIC_VATS_HISTORICAL"""
ICON_IMPROVE_CORNUCOPIC_VAT,4,kv,Prereq,"""IMPROVE_CORNUCOPIC_VATS_PREREQ"""
ICON_IMPROVE_CORNUCOPIC_VAT,5,kv,Vari,"""IMPROVE_CORNUCOPIC_VATS_STATISTICS"""
ICON_IMPROVE_CORNUCOPIC_VAT,6,kv,Icon,"""CM2_UPIP020L.TGA"""
ICON_IMPROVE_CORNUCOPIC_VAT,7,kv,LargeIcon,"""NULL"""
ICON_IMPROVE_CORNUCOPIC_VAT,8,kv,SmallIcon,"""NULL"""
ICON_IMPROVE_CORNUCOPIC_VAT,9,kv,StatText,"""IMPROVE_CORNUCOPIC_VATS_STATISTICS"""
ICON_IMPROVE_CORRECTIONAL_FACILITY,0,kv,FirstFrame,"""UPIP021L.TGA"""
ICON_IMPROVE_CORRECTIONAL_FACILITY,1,kv,Movie,"""NULL"""
ICON_IMPROVE_CORRECTIONAL_FACILITY,2,kv,Gameplay,"""IMPROVE_CORRECTIONAL_FACILITY_GAMEPLAY"""
ICON_IMPROVE_CORRECTIONAL_FACILITY,3,kv,Historical,"""IMPROVE_CORRECTIONAL_FACILITY_HISTORICAL"""
ICON_IMPROVE_CORRECTIONAL_FACILITY,4,kv,Prereq,"""IMPROVE_CORRECTIONAL_FACILITY_PREREQ"""
ICON_IMPROVE_CORRECTIONAL_FACILITY,5,kv,Vari,"""IMPROVE_CORRECTIONAL_FACILITY_STATISTICS"""
ICON_IMPROVE_CORRECTIONAL_FACILITY,6,kv,Icon,"""UPIP021L.TGA"""
ICON_IMPROVE_CORRECTIONAL_FACILITY,7,kv,LargeIcon,"""NULL"""
ICON_IMPROVE_CORRECTIONAL_FACILITY,8,kv,SmallIcon,"""NULL"""
ICON_IMPROVE_CORRECTIONAL_FACILITY,9,kv,StatText,"""IMPROVE_CORRECTIONAL_FACILITY_STATISTICS"""
ICON_IMPROVE_COURTHOUSE,0,kv,FirstFrame,"""CM2_UPIP022L.TGA"""
ICON_IMPROVE_COURTHOUSE,1,kv,Movie,"""NULL"""
ICON_IMPROVE_COURTHOUSE,2,kv,Gameplay,"""IMPROVE_COURTHOUSE_GAMEPLAY"""
ICON_IMPROVE_COURTHOUSE,3,kv,Historical,"""IMPROVE_COURTHOUSE_HISTORICAL"""
ICON_IMPROVE_COURTHOUSE,4,kv,Prereq,"""IMPROVE_COURTHOUSE_PREREQ"""
ICON_IMPROVE_COURTHOUSE,5,kv,Vari,"""IMPROVE_COURTHOUSE_STATISTICS"""
ICON_IMPROVE_COURTHOUSE,6,kv,Icon,"""CM2_UPIP022L.TGA"""
ICON_IMPROVE_COURTHOUSE,7,kv,LargeIcon,"""NULL"""
ICON_IMPROVE_COURTHOUSE,8,kv,SmallIcon,"""NULL"""
ICON_IMPROVE_COURTHOUSE,9,kv,StatText,"""IMPROVE_COURTHOUSE_STATISTICS"""
ICON_IMPROVE_DEFAULT,0,kv,FirstFrame,"""UPLG001.TGA"""
ICON_IMPROVE_DEFAULT,1,kv,Movie,"""NULL"""
ICON_IMPROVE_DEFAULT,2,kv,Gameplay,"""NULL"""
ICON_IMPROVE_DEFAULT,3,kv,Historical,"""NULL"""
ICON_IMPROVE_DEFAULT,4,kv,Prereq,"""NULL"""
ICON_IMPROVE_DEFAULT,5,kv,Vari,"""NULL"""
ICON_IMPROVE_DEFAULT,6,kv,Icon,"""UPIP001L.tga"""
ICON_IMPROVE_DEFAULT,7,kv,LargeIcon,"""NULL"""
ICON_IMPROVE_DEFAULT,8,kv,SmallIcon,"""NULL"""
ICON_IMPROVE_DEFAULT,9,kv,StatText,"""NULL"""
ICON_IMPROVE_DRUG_STORE,0,kv,FirstFrame,"""CM2_UPIP024L.TGA"""
ICON_IMPROVE_DRUG_STORE,1,kv,Movie,"""NULL"""
ICON_IMPROVE_DRUG_STORE,2,kv,Gameplay,"""IMPROVE_DRUG_STORE_GAMEPLAY"""
ICON_IMPROVE_DRUG_STORE,3,kv,Historical,"""IMPROVE_DRUG_STORE_HISTORICAL"""
ICON_IMPROVE_DRUG_STORE,4,kv,Prereq,"""IMPROVE_DRUG_STORE_PREREQ"""
ICON_IMPROVE_DRUG_STORE,5,kv,Vari,"""IMPROVE_DRUG_STORE_STATISTICS"""
ICON_IMPROVE_DRUG_STORE,6,kv,Icon,"""CM2_UPIP024L.TGA"""
ICON_IMPROVE_DRUG_STORE,7,kv,LargeIcon,"""NULL"""
ICON_IMPROVE_DRUG_STORE,8,kv,SmallIcon,"""NULL"""
ICON_IMPROVE_DRUG_STORE,9,kv,StatText,"""IMPROVE_DRUG_STORE_STATISTICS"""
ICON_IMPROVE_E_BANK,0,kv,FirstFrame,"""CM2_UPIP023L.TGA"""
ICON_IMPROVE_E_BANK,1,kv,Movie,"""NULL"""
ICON_IMPROVE_E_BANK,2,kv,Gameplay,"""IMPROVE_E_BANK_GAMEPLAY"""
ICON_IMPROVE_E_BANK,3,kv,Historical,"""IMPROVE_E_BANK_HISTORICAL"""
ICON_IMPROVE_E_BANK,4,kv,Prereq,"""IMPROVE_E_BANK_PREREQ"""
ICON_IMPROVE_E_BANK,5,kv,Vari,"""IMPROVE_E_BANK_STATISTICS"""
ICON_IMPROVE_E_BANK,6,kv,Icon,"""CM2_UPIP023L.TGA"""
ICON_IMPROVE_E_BANK,7,kv,LargeIcon,"""NULL"""
ICON_IMPROVE_E_BANK,8,kv,SmallIcon,"""NULL"""
ICON_IMPROVE_E_BANK,9,kv,StatText,"""IMPROVE_E_BANK_STATISTICS"""
ICON_IMPROVE_ECO_TRANSIT,0,kv,FirstFrame,"""CM2_UPIP025L.TGA"""
ICON_IMPROVE_ECO_TRANSIT,1,kv,Movie,"""NULL"""
ICON_IMPROVE_ECO_TRANSIT,2,kv,Gameplay,"""IMPROVE_ECO_TRANSIT_GAMEPLAY"""
ICON_IMPROVE_ECO_TRANSIT,3,kv,Historical,"""IMPROVE_ECO_TRANSIT_HISTORICAL"""
ICON_IMPROVE_ECO_TRANSIT,4,kv,Prereq,"""IMPROVE_ECO_TRANSIT_PREREQ"""
ICON_IMPROVE_ECO_TRANSIT,5,kv,Vari,"""IMPROVE_ECO_TRANSIT_STATISTICS"""
ICON_IMPROVE_ECO_TRANSIT,6,kv,Icon,"""CM2_UPIP025L.TGA"""
ICON_IMPROVE_ECO_TRANSIT,7,kv,LargeIcon,"""NULL"""
ICON_IMPROVE_ECO_TRANSIT,8,kv,SmallIcon,"""NULL"""
ICON_IMPROVE_ECO_TRANSIT,9,kv,StatText,"""IMPROVE_ECO_TRANSIT_STATISTICS"""
ICON_IMPROVE_FACTORY,0,kv,FirstFrame,"""UPAP055L.TGA"""
ICON_IMPROVE_FACTORY,1,kv,Movie,"""NULL"""
ICON_IMPROVE_FACTORY,2,kv,Gameplay,"""IMPROVE_FACTORY_GAMEPLAY"""
ICON_IMPROVE_FACTORY,3,kv,Historical,"""IMPROVE_FACTORY_HISTORICAL"""
ICON_IMPROVE_FACTORY,4,kv,Prereq,"""IMPROVE_FACTORY_PREREQ"""
ICON_IMPROVE_FACTORY,5,kv,Vari,"""IMPROVE_FACTORY_STATISTICS"""
ICON_IMPROVE_FACTORY,6,kv,Icon,"""UPAP055L.TGA"""
ICON_IMPROVE_FACTORY,7,kv,LargeIcon,"""NULL"""
ICON_IMPROVE_FACTORY,8,kv,SmallIcon,"""NULL"""
ICON_IMPROVE_FACTORY,9,kv,StatText,"""IMPROVE_FACTORY_STATISTICS"""
ICON_IMPROVE_FLAK_TOWERS,0,kv,FirstFrame,"""UPIP003L.TGA"""
ICON_IMPROVE_FLAK_TOWERS,1,kv,Movie,"""NULL"""
ICON_IMPROVE_FLAK_TOWERS,2,kv,Gameplay,"""IMPROVE_FLAK_TOWERS_GAMEPLAY"""
ICON_IMPROVE_FLAK_TOWERS,3,kv,Historical,"""IMPROVE_FLAK_TOWERS_HISTORICAL"""
ICON_IMPROVE_FLAK_TOWERS,4,kv,Prereq,"""IMPROVE_FLAK_TOWERS_PREREQ"""
ICON_IMPROVE_FLAK_TOWERS,5,kv,Vari,"""IMPROVE_FLAK_TOWERS_STATISTICS"""
ICON_IMPROVE_FLAK_TOWERS,6,kv,Icon,"""UPIP003L.TGA"""
ICON_IMPROVE_FLAK_TOWERS,7,kv,LargeIcon,"""NULL"""
ICON_IMPROVE_FLAK_TOWERS,8,kv,SmallIcon,"""NULL"""
ICON_IMPROVE_FLAK_TOWERS,9,kv,StatText,"""IMPROVE_FLAK_TOWERS_STATISTICS"""
ICON_IMPROVE_FOOD_SILO,0,kv,FirstFrame,"""CM2_UPIP027L.TGA"""
ICON_IMPROVE_FOOD_SILO,1,kv,Movie,"""NULL"""
ICON_IMPROVE_FOOD_SILO,2,kv,Gameplay,"""IMPROVE_FOOD_SILO_GAMEPLAY"""
ICON_IMPROVE_FOOD_SILO,3,kv,Historical,"""IMPROVE_FOOD_SILO_HISTORICAL"""
ICON_IMPROVE_FOOD_SILO,4,kv,Prereq,"""IMPROVE_FOOD_SILO_PREREQ"""
ICON_IMPROVE_FOOD_SILO,5,kv,Vari,"""IMPROVE_FOOD_SILO_STATISTICS"""
ICON_IMPROVE_FOOD_SILO,6,kv,Icon,"""CM2_UPIP027L.TGA"""
ICON_IMPROVE_FOOD_SILO,7,kv,LargeIcon,"""NULL"""
ICON_IMPROVE_FOOD_SILO,8,kv,SmallIcon,"""NULL"""
ICON_IMPROVE_FOOD_SILO,9,kv,StatText,"""IMPROVE_FOOD_SILO_STATISTICS"""
ICON_IMPROVE_FORCEFIELD,0,kv,FirstFrame,"""CM2_UPIP028L.TGA"""
ICON_IMPROVE_FORCEFIELD,1,kv,Movie,"""NULL"""
ICON_IMPROVE_FORCEFIELD,2,kv,Gameplay,"""IMPROVE_FORCEFIELD_GAMEPLAY"""
ICON_IMPROVE_FORCEFIELD,3,kv,Historical,"""IMPROVE_FORCEFIELD_HISTORICAL"""
ICON_IMPROVE_FORCEFIELD,4,kv,Prereq,"""IMPROVE_FORCEFIELD_PREREQ"""
ICON_IMPROVE_FORCEFIELD,5,kv,Vari,"""IMPROVE_FORCEFIELD_STATISTICS"""
ICON_IMPROVE_FORCEFIELD,6,kv,Icon,"""CM2_UPIP028L.TGA"""
ICON_IMPROVE_FORCEFIELD,7,kv,LargeIcon,"""NULL"""
ICON_IMPROVE_FORCEFIELD,8,kv,SmallIcon,"""NULL"""
ICON_IMPROVE_FORCEFIELD,9,kv,StatText,"""IMPROVE_FORCEFIELD_STATISTICS"""
ICON_IMPROVE_FUSION_PLANT,0,kv,FirstFrame,"""UPAP040L.TGA"""
ICON_IMPROVE_FUSION_PLANT,1,kv,Movie,"""NULL"""
ICON_IMPROVE_FUSION_PLANT,2,kv,Gameplay,"""IMPROVE_FUSION_PLANT_GAMEPLAY"""
ICON_IMPROVE_FUSION_PLANT,3,kv,Historical,"""IMPROVE_FUSION_PLANT_HISTORICAL"""
ICON_IMPROVE_FUSION_PLANT,4,kv,Prereq,"""IMPROVE_FUSION_PLANT_PREREQ"""
ICON_IMPROVE_FUSION_PLANT,5,kv,Vari,"""IMPROVE_FUSION_PLANT_STATISTICS"""
ICON_IMPROVE_FUSION_PLANT,6,kv,Icon,"""UPAP040L.TGA"""
ICON_IMPROVE_FUSION_PLANT,7,kv,LargeIcon,"""NULL"""
ICON_IMPROVE_FUSION_PLANT,8,kv,SmallIcon,"""NULL"""
ICON_IMPROVE_FUSION_PLANT,9,kv,StatText,"""IMPROVE_FUSION_PLANT_STATISTICS"""
ICON_IMPROVE_GAIA_COMPUTER,0,kv,FirstFrame,"""CM2_UPAP041L.TGA"""
ICON_IMPROVE_GAIA_COMPUTER,1,kv,Movie,"""NULL"""
ICON_IMPROVE_GAIA_COMPUTER,2,kv,Gameplay,"""IMPROVE_GAIA_COMPUTER_GAMEPLAY"""
ICON_IMPROVE_GAIA_COMPUTER,3,kv,Historical,"""ADVANCE_GAIA_CONTROLLER_HISTORICAL"""
ICON_IMPROVE_GAIA_COMPUTER,4,kv,Prereq,"""IMPROVE_GAIA_COMPUTER_PREREQ"""
ICON_IMPROVE_GAIA_COMPUTER,5,kv,Vari,"""IMPROVE_GAIA_COMPUTER_STATISTICS"""
ICON_IMPROVE_GAIA_COMPUTER,6,kv,Icon,"""CM2_UPAP041L.TGA"""
ICON_IMPROVE_GAIA_COMPUTER,7,kv,LargeIcon,"""NULL"""
ICON_IMPROVE_GAIA_COMPUTER,8,kv,SmallIcon,"""NULL"""
ICON_IMPROVE_GAIA_COMPUTER,9,kv,StatText,"""IMPROVE_GAIA_COMPUTER_STATISTICS"""
ICON_IMPROVE_GRANARY,0,kv,FirstFrame,"""CM2_UPIP031L.TGA"""
ICON_IMPROVE_GRANARY,1,kv,Movie,"""NULL"""
ICON_IMPROVE_GRANARY,2,kv,Gameplay,"""IMPROVE_GRANARY_GAMEPLAY"""
ICON_IMPROVE_GRANARY,3,kv,Historical,"""IMPROVE_GRANARY_HISTORICAL"""
ICON_IMPROVE_GRANARY,4,kv,Prereq,"""IMPROVE_GRANARY_PREREQ"""
ICON_IMPROVE_GRANARY,5,kv,Vari,"""IMPROVE_GRANARY_STATISTICS"""
ICON_IMPROVE_GRANARY,6,kv,Icon,"""CM2_UPIP031L.TGA"""
ICON_IMPROVE_GRANARY,7,kv,LargeIcon,"""NULL"""
ICON_IMPROVE_GRANARY,8,kv,SmallIcon,"""NULL"""
ICON_IMPROVE_GRANARY,9,kv,StatText,"""IMPROVE_GRANARY_STATISTICS"""
ICON_IMPROVE_HOSPITAL,0,kv,FirstFrame,"""UPIP032L.TGA"""
ICON_IMPROVE_HOSPITAL,1,kv,Movie,"""NULL"""
ICON_IMPROVE_HOSPITAL,2,kv,Gameplay,"""IMPROVE_HOSPITAL_GAMEPLAY"""
ICON_IMPROVE_HOSPITAL,3,kv,Historical,"""IMPROVE_HOSPITAL_HISTORICAL"""
ICON_IMPROVE_HOSPITAL,4,kv,Prereq,"""IMPROVE_HOSPITAL_PREREQ"""
ICON_IMPROVE_HOSPITAL,5,kv,Vari,"""IMPROVE_HOSPITAL_STATISTICS"""
ICON_IMPROVE_HOSPITAL,6,kv,Icon,"""UPIP032L.TGA"""
ICON_IMPROVE_HOSPITAL,7,kv,LargeIcon,"""NULL"""
ICON_IMPROVE_HOSPITAL,8,kv,SmallIcon,"""NULL"""
ICON_IMPROVE_HOSPITAL,9,kv,StatText,"""IMPROVE_HOSPITAL_STATISTICS"""
ICON_IMPROVE_INCUBATION_CENTER,0,kv,FirstFrame,"""CM2_UPIP033L.TGA"""
ICON_IMPROVE_INCUBATION_CENTER,1,kv,Movie,"""NULL"""
ICON_IMPROVE_INCUBATION_CENTER,2,kv,Gameplay,"""IMPROVE_INCUBATION_CENTER_GAMEPLAY"""
ICON_IMPROVE_INCUBATION_CENTER,3,kv,Historical,"""IMPROVE_INCUBATION_CENTER_HISTORICAL"""
ICON_IMPROVE_INCUBATION_CENTER,4,kv,Prereq,"""IMPROVE_INCUBATION_CENTER_PREREQ"""
ICON_IMPROVE_INCUBATION_CENTER,5,kv,Vari,"""IMPROVE_INCUBATION_CENTER_STATISTICS"""
ICON_IMPROVE_INCUBATION_CENTER,6,kv,Icon,"""CM2_UPIP033L.TGA"""
ICON_IMPROVE_INCUBATION_CENTER,7,kv,LargeIcon,"""NULL"""
ICON_IMPROVE_INCUBATION_CENTER,8,kv,SmallIcon,"""NULL"""
ICON_IMPROVE_INCUBATION_CENTER,9,kv,StatText,"""IMPROVE_INCUBATION_CENTER_STATISTICS"""
ICON_IMPROVE_INFRASTRUCTURE,0,kv,FirstFrame,"""UPIP034L.TGA"""
ICON_IMPROVE_INFRASTRUCTURE,1,kv,Movie,"""NULL"""
ICON_IMPROVE_INFRASTRUCTURE,2,kv,Gameplay,"""NULL"""
ICON_IMPROVE_INFRASTRUCTURE,3,kv,Historical,"""NULL"""
ICON_IMPROVE_INFRASTRUCTURE,4,kv,Prereq,"""NULL"""
ICON_IMPROVE_INFRASTRUCTURE,5,kv,Vari,"""NULL"""
ICON_IMPROVE_INFRASTRUCTURE,6,kv,Icon,"""UPIP034L.TGA"""
ICON_IMPROVE_INFRASTRUCTURE,7,kv,LargeIcon,"""NULL"""
ICON_IMPROVE_INFRASTRUCTURE,8,kv,SmallIcon,"""NULL"""
ICON_IMPROVE_INFRASTRUCTURE,9,kv,StatText,"""CONCEPT_INFRASTRUCTURE_SUMMARY"""
ICON_IMPROVE_MATTER_DECOMPILER,0,kv,FirstFrame,"""CM2_UPIP035L.TGA"""
ICON_IMPROVE_MATTER_DECOMPILER,1,kv,Movie,"""NULL"""
ICON_IMPROVE_MATTER_DECOMPILER,2,kv,Gameplay,"""IMPROVE_MATTER_DECOMPILER_GAMEPLAY"""
ICON_IMPROVE_MATTER_DECOMPILER,3,kv,Historical,"""IMPROVE_MATTER_DECOMPILER_HISTORICAL"""
ICON_IMPROVE_MATTER_DECOMPILER,4,kv,Prereq,"""IMPROVE_MATTER_DECOMPILER_PREREQ"""
ICON_IMPROVE_MATTER_DECOMPILER,5,kv,Vari,"""IMPROVE_MATTER_DECOMPILER_STATISTICS"""
ICON_IMPROVE_MATTER_DECOMPILER,6,kv,Icon,"""CM2_UPIP035L.TGA"""
ICON_IMPROVE_MATTER_DECOMPILER,7,kv,LargeIcon,"""NULL"""
ICON_IMPROVE_MATTER_DECOMPILER,8,kv,SmallIcon,"""NULL"""
ICON_IMPROVE_MATTER_DECOMPILER,9,kv,StatText,"""IMPROVE_MATTER_DECOMPILER_STATISTICS"""
ICON_IMPROVE_MICRO_DEFENSE,0,kv,FirstFrame,"""CM2_UPIP036L.TGA"""
ICON_IMPROVE_MICRO_DEFENSE,1,kv,Movie,"""NULL"""
ICON_IMPROVE_MICRO_DEFENSE,2,kv,Gameplay,"""IMPROVE_MICRO_DEFENSE_GAMEPLAY"""
ICON_IMPROVE_MICRO_DEFENSE,3,kv,Historical,"""IMPROVE_MICRO_DEFENSE_HISTORICAL"""
ICON_IMPROVE_MICRO_DEFENSE,4,kv,Prereq,"""IMPROVE_MICRO_DEFENSE_PREREQ"""
ICON_IMPROVE_MICRO_DEFENSE,5,kv,Vari,"""IMPROVE_MICRO_DEFENSE_STATISTICS"""
ICON_IMPROVE_MICRO_DEFENSE,6,kv,Icon,"""UPIP036L.TGA"""
ICON_IMPROVE_MICRO_DEFENSE,7,kv,LargeIcon,"""NULL"""
ICON_IMPROVE_MICRO_DEFENSE,8,kv,SmallIcon,"""NULL"""
ICON_IMPROVE_MICRO_DEFENSE,9,kv,StatText,"""IMPROVE_MICRO_DEFENSE_STATISTICS"""
ICON_IMPROVE_MILL,0,kv,FirstFrame,"""UPIP037L.TGA"""
ICON_IMPROVE_MILL,1,kv,Movie,"""NULL"""
ICON_IMPROVE_MILL,2,kv,Gameplay,"""IMPROVE_MILL_GAMEPLAY"""
ICON_IMPROVE_MILL,3,kv,Historical,"""IMPROVE_MILL_HISTORICAL"""
ICON_IMPROVE_MILL,4,kv,Prereq,"""IMPROVE_MILL_PREREQ"""
ICON_IMPROVE_MILL,5,kv,Vari,"""IMPROVE_MILL_STATISTICS"""
ICON_IMPROVE_MILL,6,kv,Icon,"""UPIP037L.TGA"""
ICON_IMPROVE_MILL,7,kv,LargeIcon,"""NULL"""
ICON_IMPROVE_MILL,8,kv,SmallIcon,"""NULL"""
ICON_IMPROVE_MILL,9,kv,StatText,"""IMPROVE_MILL_STATISTICS"""
ICON_IMPROVE_MOVIE_PALACE,0,kv,FirstFrame,"""CM2_UPIP038L.TGA"""
ICON_IMPROVE_MOVIE_PALACE,1,kv,Movie,"""NULL"""
ICON_IMPROVE_MOVIE_PALACE,2,kv,Gameplay,"""IMPROVE_MOVIE_PALACE_GAMEPLAY"""
ICON_IMPROVE_MOVIE_PALACE,3,kv,Historical,"""IMPROVE_MOVIE_PALACE_HISTORICAL"""
ICON_IMPROVE_MOVIE_PALACE,4,kv,Prereq,"""IMPROVE_MOVIE_PALACE_PREREQ"""
ICON_IMPROVE_MOVIE_PALACE,5,kv,Vari,"""IMPROVE_MOVIE_PALACE_STATISTICS"""
ICON_IMPROVE_MOVIE_PALACE,6,kv,Icon,"""CM2_UPIP038L.TGA"""
ICON_IMPROVE_MOVIE_PALACE,7,kv,LargeIcon,"""NULL"""
ICON_IMPROVE_MOVIE_PALACE,8,kv,SmallIcon,"""NULL"""
ICON_IMPROVE_MOVIE_PALACE,9,kv,StatText,"""IMPROVE_MOVIE_PALACE_STATISTICS"""
ICON_IMPROVE_NANITE_FACTORY,0,kv,FirstFrame,"""CM2_UPAP069L.TGA"""
ICON_IMPROVE_NANITE_FACTORY,1,kv,Movie,"""NULL"""
ICON_IMPROVE_NANITE_FACTORY,2,kv,Gameplay,"""IMPROVE_NANITE_FACTORY_GAMEPLAY"""
ICON_IMPROVE_NANITE_FACTORY,3,kv,Historical,"""IMPROVE_NANITE_FACTORY_HISTORICAL"""
ICON_IMPROVE_NANITE_FACTORY,4,kv,Prereq,"""IMPROVE_NANITE_FACTORY_PREREQ"""
ICON_IMPROVE_NANITE_FACTORY,5,kv,Vari,"""IMPROVE_NANITE_FACTORY_STATISTICS"""
ICON_IMPROVE_NANITE_FACTORY,6,kv,Icon,"""CM2_UPAP069L.TGA"""
ICON_IMPROVE_NANITE_FACTORY,7,kv,LargeIcon,"""NULL"""
ICON_IMPROVE_NANITE_FACTORY,8,kv,SmallIcon,"""NULL"""
ICON_IMPROVE_NANITE_FACTORY,9,kv,StatText,"""IMPROVE_NANITE_FACTORY_STATISTICS"""
ICON_IMPROVE_NUCLEAR_PLANT,0,kv,FirstFrame,"""CM2_UPAP077L.TGA"""
ICON_IMPROVE_NUCLEAR_PLANT,1,kv,Movie,"""NULL"""
ICON_IMPROVE_NUCLEAR_PLANT,2,kv,Gameplay,"""IMPROVE_NUCLEAR_PLANT_GAMEPLAY"""
ICON_IMPROVE_NUCLEAR_PLANT,3,kv,Historical,"""IMPROVE_NUCLEAR_PLANT_HISTORICAL"""
ICON_IMPROVE_NUCLEAR_PLANT,4,kv,Prereq,"""IMPROVE_NUCLEAR_PLANT_PREREQ"""
ICON_IMPROVE_NUCLEAR_PLANT,5,kv,Vari,"""IMPROVE_NUCLEAR_PLANT_STATISTICS"""
ICON_IMPROVE_NUCLEAR_PLANT,6,kv,Icon,"""CM2_UPAP077L.TGA"""
ICON_IMPROVE_NUCLEAR_PLANT,7,kv,LargeIcon,"""NULL"""
ICON_IMPROVE_NUCLEAR_PLANT,8,kv,SmallIcon,"""NULL"""
ICON_IMPROVE_NUCLEAR_PLANT,9,kv,StatText,"""IMPROVE_NUCLEAR_PLANT_STATISTICS"""
ICON_IMPROVE_OIL_REFINERY,0,kv,FirstFrame,"""UPAP079L.TGA"""
ICON_IMPROVE_OIL_REFINERY,1,kv,Movie,"""NULL"""
ICON_IMPROVE_OIL_REFINERY,2,kv,Gameplay,"""IMPROVE_OIL_REFINERY_GAMEPLAY"""
ICON_IMPROVE_OIL_REFINERY,3,kv,Historical,"""ADVANCE_OIL_REFINING_HISTORICAL"""
ICON_IMPROVE_OIL_REFINERY,4,kv,Prereq,"""IMPROVE_OIL_REFINERY_PREREQ"""
ICON_IMPROVE_OIL_REFINERY,5,kv,Vari,"""IMPROVE_OIL_REFINERY_STATISTICS"""
ICON_IMPROVE_OIL_REFINERY,6,kv,Icon,"""UPAP079L.TGA"""
ICON_IMPROVE_OIL_REFINERY,7,kv,LargeIcon,"""NULL"""
ICON_IMPROVE_OIL_REFINERY,8,kv,SmallIcon,"""NULL"""
ICON_IMPROVE_OIL_REFINERY,9,kv,StatText,"""IMPROVE_OIL_REFINERY_STATISTICS"""
ICON_IMPROVE_ORBITAL_LABORATORY,0,kv,FirstFrame,"""CM2_UPIP042L.TGA"""
ICON_IMPROVE_ORBITAL_LABORATORY,1,kv,Movie,"""NULL"""
ICON_IMPROVE_ORBITAL_LABORATORY,2,kv,Gameplay,"""IMPROVE_ORBITAL_LABORATORY_GAMEPLAY"""
ICON_IMPROVE_ORBITAL_LABORATORY,3,kv,Historical,"""IMPROVE_ORBITAL_LABORATORY_HISTORICAL"""
ICON_IMPROVE_ORBITAL_LABORATORY,4,kv,Prereq,"""IMPROVE_ORBITAL_LABORATORY_PREREQ"""
ICON_IMPROVE_ORBITAL_LABORATORY,5,kv,Vari,"""IMPROVE_ORBITAL_LABORATORY_STATISTICS"""
ICON_IMPROVE_ORBITAL_LABORATORY,6,kv,Icon,"""CM2_UPIP042L.TGA"""
ICON_IMPROVE_ORBITAL_LABORATORY,7,kv,LargeIcon,"""NULL"""
ICON_IMPROVE_ORBITAL_LABORATORY,8,kv,SmallIcon,"""NULL"""
ICON_IMPROVE_ORBITAL_LABORATORY,9,kv,StatText,"""IMPROVE_ORBITAL_LABORATORY_STATISTICS"""
ICON_IMPROVE_POWER_SATELLITE,0,kv,FirstFrame,"""CM2_UPIP055L.TGA"""
ICON_IMPROVE_POWER_SATELLITE,1,kv,Movie,"""NULL"""
ICON_IMPROVE_POWER_SATELLITE,2,kv,Gameplay,"""IMPROVE_POWER_SATELLITE_GAMEPLAY"""
ICON_IMPROVE_POWER_SATELLITE,3,kv,Historical,"""ADVANCE_GAIA_CONTROLLER_HISTORICAL"""
ICON_IMPROVE_POWER_SATELLITE,4,kv,Prereq,"""IMPROVE_POWER_SATELLITE_PREREQ"""
ICON_IMPROVE_POWER_SATELLITE,5,kv,Vari,"""IMPROVE_POWER_SATELLITE_STATISTICS"""
ICON_IMPROVE_POWER_SATELLITE,6,kv,Icon,"""UPIP055L.TGA"""
ICON_IMPROVE_POWER_SATELLITE,7,kv,LargeIcon,"""NULL"""
ICON_IMPROVE_POWER_SATELLITE,8,kv,SmallIcon,"""NULL"""
ICON_IMPROVE_POWER_SATELLITE,9,kv,StatText,"""IMPROVE_POWER_SATELLITE_STATISTICS"""
ICON_IMPROVE_PUBLIC_TRANSPORTATION,0,kv,FirstFrame,"""UPIP043L.TGA"""
ICON_IMPROVE_PUBLIC_TRANSPORTATION,1,kv,Movie,"""NULL"""
ICON_IMPROVE_PUBLIC_TRANSPORTATION,2,kv,Gameplay,"""IMPROVE_PUBLIC_TRANSPORTATION_GAMEPLAY"""
ICON_IMPROVE_PUBLIC_TRANSPORTATION,3,kv,Historical,"""IMPROVE_PUBLIC_TRANSPORTATION_HISTORICAL"""
ICON_IMPROVE_PUBLIC_TRANSPORTATION,4,kv,Prereq,"""IMPROVE_PUBLIC_TRANSPORTATION_PREREQ"""
ICON_IMPROVE_PUBLIC_TRANSPORTATION,5,kv,Vari,"""IMPROVE_PUBLIC_TRANSPORTATION_STATISTICS"""
ICON_IMPROVE_PUBLIC_TRANSPORTATION,6,kv,Icon,"""UPIP043L.TGA"""
ICON_IMPROVE_PUBLIC_TRANSPORTATION,7,kv,LargeIcon,"""NULL"""
ICON_IMPROVE_PUBLIC_TRANSPORTATION,8,kv,SmallIcon,"""NULL"""
ICON_IMPROVE_PUBLIC_TRANSPORTATION,9,kv,StatText,"""IMPROVE_PUBLIC_TRANSPORTATION_STATISTICS"""
ICON_IMPROVE_PUBLISHING_HOUSE,0,kv,FirstFrame,"""CM2_UPIP044L.TGA"""
ICON_IMPROVE_PUBLISHING_HOUSE,1,kv,Movie,"""NULL"""
ICON_IMPROVE_PUBLISHING_HOUSE,2,kv,Gameplay,"""IMPROVE_PUBLISHING_HOUSE_GAMEPLAY"""
ICON_IMPROVE_PUBLISHING_HOUSE,3,kv,Historical,"""IMPROVE_PUBLISHING_HOUSE_HISTORICAL"""
ICON_IMPROVE_PUBLISHING_HOUSE,4,kv,Prereq,"""IMPROVE_PUBLISHING_HOUSE_PREREQ"""
ICON_IMPROVE_PUBLISHING_HOUSE,5,kv,Vari,"""IMPROVE_PUBLISHING_HOUSE_STATISTICS"""
ICON_IMPROVE_PUBLISHING_HOUSE,6,kv,Icon,"""CM2_UPIP044L.TGA"""
ICON_IMPROVE_PUBLISHING_HOUSE,7,kv,LargeIcon,"""NULL"""
ICON_IMPROVE_PUBLISHING_HOUSE,8,kv,SmallIcon,"""NULL"""
ICON_IMPROVE_PUBLISHING_HOUSE,9,kv,StatText,"""IMPROVE_PUBLISHING_HOUSE_STATISTICS"""
ICON_IMPROVE_RECYCLING_PLANT,0,kv,FirstFrame,"""CM2_UPAP024L.TGA"""
ICON_IMPROVE_RECYCLING_PLANT,1,kv,Movie,"""NULL"""
ICON_IMPROVE_RECYCLING_PLANT,2,kv,Gameplay,"""IMPROVE_RECYCLING_PLANT_GAMEPLAY"""
ICON_IMPROVE_RECYCLING_PLANT,3,kv,Historical,"""IMPROVE_RECYCLING_PLANT_HISTORICAL"""
ICON_IMPROVE_RECYCLING_PLANT,4,kv,Prereq,"""IMPROVE_RECYCLING_PLANT_PREREQ"""
ICON_IMPROVE_RECYCLING_PLANT,5,kv,Vari,"""IMPROVE_RECYCLING_PLANT_STATISTICS"""
ICON_IMPROVE_RECYCLING_PLANT,6,kv,Icon,"""CM2_UPAP024L.TGA"""
ICON_IMPROVE_RECYCLING_PLANT,7,kv,LargeIcon,"""NULL"""
ICON_IMPROVE_RECYCLING_PLANT,8,kv,SmallIcon,"""NULL"""
ICON_IMPROVE_RECYCLING_PLANT,9,kv,StatText,"""IMPROVE_RECYCLING_PLANT_STATISTICS"""
ICON_IMPROVE_ROBOTIC_PLANT,0,kv,FirstFrame,"""CM2_UPIP046L.TGA"""
ICON_IMPROVE_ROBOTIC_PLANT,1,kv,Movie,"""NULL"""
ICON_IMPROVE_ROBOTIC_PLANT,2,kv,Gameplay,"""IMPROVE_ROBOTIC_PLANT_GAMEPLAY"""
ICON_IMPROVE_ROBOTIC_PLANT,3,kv,Historical,"""ADVANCE_ROBOTICS_HISTORICAL"""
ICON_IMPROVE_ROBOTIC_PLANT,4,kv,Prereq,"""IMPROVE_ROBOTIC_PLANT_PREREQ"""
ICON_IMPROVE_ROBOTIC_PLANT,5,kv,Vari,"""IMPROVE_ROBOTIC_PLANT_STATISTICS"""
ICON_IMPROVE_ROBOTIC_PLANT,6,kv,Icon,"""CM2_UPIP046L.TGA"""
ICON_IMPROVE_ROBOTIC_PLANT,7,kv,LargeIcon,"""NULL"""
ICON_IMPROVE_ROBOTIC_PLANT,8,kv,SmallIcon,"""NULL"""
ICON_IMPROVE_ROBOTIC_PLANT,9,kv,StatText,"""IMPROVE_ROBOTIC_PLANT_STATISTICS"""
ICON_IMPROVE_SECURITY_MONITOR,0,kv,FirstFrame,"""CM2_UPIP048L.TGA"""
ICON_IMPROVE_SECURITY_MONITOR,1,kv,Movie,"""NULL"""
ICON_IMPROVE_SECURITY_MONITOR,2,kv,Gameplay,"""IMPROVE_SECURITY_MONITOR_GAMEPLAY"""
ICON_IMPROVE_SECURITY_MONITOR,3,kv,Historical,"""IMPROVE_SECURITY_MONITOR_HISTORICAL"""
ICON_IMPROVE_SECURITY_MONITOR,4,kv,Prereq,"""IMPROVE_SECURITY_MONITOR_PREREQ"""
ICON_IMPROVE_SECURITY_MONITOR,5,kv,Vari,"""IMPROVE_SECURITY_MONITOR_STATISTICS"""
ICON_IMPROVE_SECURITY_MONITOR,6,kv,Icon,"""CM2_UPIP048L.TGA"""
ICON_IMPROVE_SECURITY_MONITOR,7,kv,LargeIcon,"""NULL"""
ICON_IMPROVE_SECURITY_MONITOR,8,kv,SmallIcon,"""NULL"""
ICON_IMPROVE_SECURITY_MONITOR,9,kv,StatText,"""IMPROVE_SECURITY_MONITOR_STATISTICS"""
ICON_IMPROVE_SHRINE,0,kv,FirstFrame,"""CM2_UPIP049L.TGA"""
ICON_IMPROVE_SHRINE,1,kv,Movie,"""NULL"""
ICON_IMPROVE_SHRINE,2,kv,Gameplay,"""IMPROVE_SHRINE_GAMEPLAY"""
ICON_IMPROVE_SHRINE,3,kv,Historical,"""IMPROVE_SHRINE_HISTORICAL"""
ICON_IMPROVE_SHRINE,4,kv,Prereq,"""IMPROVE_SHRINE_PREREQ"""
ICON_IMPROVE_SHRINE,5,kv,Vari,"""IMPROVE_SHRINE_STATISTICS"""
ICON_IMPROVE_SHRINE,6,kv,Icon,"""CM2_UPIP049L.TGA"""
ICON_IMPROVE_SHRINE,7,kv,LargeIcon,"""NULL"""
ICON_IMPROVE_SHRINE,8,kv,SmallIcon,"""NULL"""
ICON_IMPROVE_SHRINE,9,kv,StatText,"""IMPROVE_SHRINE_STATISTICS"""
ICON_IMPROVE_TELEVISION,0,kv,FirstFrame,"""UPIP050L.TGA"""
ICON_IMPROVE_TELEVISION,1,kv,Movie,"""NULL"""
ICON_IMPROVE_TELEVISION,2,kv,Gameplay,"""IMPROVE_TELEVISION_GAMEPLAY"""
ICON_IMPROVE_TELEVISION,3,kv,Historical,"""IMPROVE_TELEVISION_HISTORICAL"""
ICON_IMPROVE_TELEVISION,4,kv,Prereq,"""IMPROVE_TELEVISION_PREREQ"""
ICON_IMPROVE_TELEVISION,5,kv,Vari,"""IMPROVE_TELEVISION_STATISTICS"""
ICON_IMPROVE_TELEVISION,6,kv,Icon,"""UPIP050L.TGA"""
ICON_IMPROVE_TELEVISION,7,kv,LargeIcon,"""NULL"""
ICON_IMPROVE_TELEVISION,8,kv,SmallIcon,"""NULL"""
ICON_IMPROVE_TELEVISION,9,kv,StatText,"""IMPROVE_TELEVISION_STATISTICS"""
ICON_IMPROVE_THEATER,0,kv,FirstFrame,"""CM2_UPIP052L.TGA"""
ICON_IMPROVE_THEATER,1,kv,Movie,"""NULL"""
ICON_IMPROVE_THEATER,2,kv,Gameplay,"""IMPROVE_THEATER_GAMEPLAY"""
ICON_IMPROVE_THEATER,3,kv,Historical,"""IMPROVE_THEATER_HISTORICAL"""
ICON_IMPROVE_THEATER,4,kv,Prereq,"""IMPROVE_THEATER_PREREQ"""
ICON_IMPROVE_THEATER,5,kv,Vari,"""IMPROVE_THEATER_STATISTICS"""
ICON_IMPROVE_THEATER,6,kv,Icon,"""CM2_UPIP052L.TGA"""
ICON_IMPROVE_THEATER,7,kv,LargeIcon,"""NULL"""
ICON_IMPROVE_THEATER,8,kv,SmallIcon,"""NULL"""
ICON_IMPROVE_THEATER,9,kv,StatText,"""IMPROVE_THEATER_STATISTICS"""
ICON_IMPROVE_UNIVERSITY,0,kv,FirstFrame,"""CM2_UPIP053L.TGA"""
ICON_IMPROVE_UNIVERSITY,1,kv,Movie,"""NULL"""
ICON_IMPROVE_UNIVERSITY,2,kv,Gameplay,"""IMPROVE_UNIVERSITY_GAMEPLAY"""
ICON_IMPROVE_UNIVERSITY,3,kv,Historical,"""IMPROVE_UNIVERSITY_HISTORICAL"""
ICON_IMPROVE_UNIVERSITY,4,kv,Prereq,"""IMPROVE_UNIVERSITY_PREREQ"""
ICON_IMPROVE_UNIVERSITY,5,kv,Vari,"""IMPROVE_UNIVERSITY_STATISTICS"""
ICON_IMPROVE_UNIVERSITY,6,kv,Icon,"""CM2_UPIP053L.TGA"""
ICON_IMPROVE_UNIVERSITY,7,kv,LargeIcon,"""NULL"""
ICON_IMPROVE_UNIVERSITY,8,kv,SmallIcon,"""NULL"""
ICON_IMPROVE_UNIVERSITY,9,kv,StatText,"""IMPROVE_UNIVERSITY_STATISTICS"""
ICON_IMPROVE_VR_AMUSEMENT_PARK,0,kv,FirstFrame,"""CM2_UPIP054L.TGA"""
ICON_IMPROVE_VR_AMUSEMENT_PARK,1,kv,Movie,"""NULL"""
ICON_IMPROVE_VR_AMUSEMENT_PARK,2,kv,Gameplay,"""IMPROVE_VR_AMUSEMENT_PARK_GAMEPLAY"""
ICON_IMPROVE_VR_AMUSEMENT_PARK,3,kv,Historical,"""IMPROVE_VR_AMUSEMENT_PARK_HISTORICAL"""
ICON_IMPROVE_VR_AMUSEMENT_PARK,4,kv,Prereq,"""IMPROVE_VR_AMUSEMENT_PARK_PREREQ"""
ICON_IMPROVE_VR_AMUSEMENT_PARK,5,kv,Vari,"""IMPROVE_VR_AMUSEMENT_PARK_STATISTICS"""
ICON_IMPROVE_VR_AMUSEMENT_PARK,6,kv,Icon,"""CM2_UPIP054L.TGA"""
ICON_IMPROVE_VR_AMUSEMENT_PARK,7,kv,LargeIcon,"""NULL"""
ICON_IMPROVE_VR_AMUSEMENT_PARK,8,kv,SmallIcon,"""NULL"""
ICON_IMPROVE_VR_AMUSEMENT_PARK,9,kv,StatText,"""IMPROVE_VR_AMUSEMENT_PARK_STATISTICS"""
ICON_IMPROVE_MIND_CONTROL_EMITTER,0,kv,FirstFrame,"""mindcont.TGA"""
ICON_IMPROVE_MIND_CONTROL_EMITTER,1,kv,Movie,"""NULL"""
ICON_IMPROVE_MIND_CONTROL_EMITTER,2,kv,Gameplay,"""IMPROVE_MIND_CONTROL_EMITTER_GAMEPLAY"""
ICON_IMPROVE_MIND_CONTROL_EMITTER,3,kv,Historical,"""IMPROVE_MIND_CONTROL_EMITTER_HISTORICAL"""
ICON_IMPROVE_MIND_CONTROL_EMITTER,4,kv,Prereq,"""IMPROVE_MIND_CONTROL_EMITTER_PREREQ"""
ICON_IMPROVE_MIND_CONTROL_EMITTER,5,kv,Vari,"""IMPROVE_MIND_CONTROL_EMITTER_STATISTICS"""
ICON_IMPROVE_MIND_CONTROL_EMITTER,6,kv,Icon,"""mindcont.TGA"""
ICON_IMPROVE_MIND_CONTROL_EMITTER,7,kv,LargeIcon,"""NULL"""
ICON_IMPROVE_MIND_CONTROL_EMITTER,8,kv,SmallIcon,"""NULL"""
ICON_IMPROVE_MIND_CONTROL_EMITTER,9,kv,StatText,"""IMPROVE_MIND_CONTROL_EMITTER_STATISTICS"""
ICON_ORDER_ADVERTISE,0,kv,FirstFrame,"""UPSS020L.TGA"""
ICON_ORDER_ADVERTISE,1,kv,Movie,"""NULL"""
ICON_ORDER_ADVERTISE,2,kv,Gameplay,"""ORDER_ADVERTISE_GAMEPLAY"""
ICON_ORDER_ADVERTISE,3,kv,Historical,"""NULL"""
ICON_ORDER_ADVERTISE,4,kv,Prereq,"""ORDER_ADVERTISE_PREREQ"""
ICON_ORDER_ADVERTISE,5,kv,Vari,"""ORDER_ADVERTISE_STATISTICS"""
ICON_ORDER_ADVERTISE,6,kv,Icon,"""UPSI20.tga"""
ICON_ORDER_ADVERTISE,7,kv,LargeIcon,"""NULL"""
ICON_ORDER_ADVERTISE,8,kv,SmallIcon,"""NULL"""
ICON_ORDER_ADVERTISE,9,kv,StatText,"""NULL"""
ICON_ORDER_AIRLIFT,0,kv,FirstFrame,"""UPSS099L.TGA"""
ICON_ORDER_AIRLIFT,1,kv,Movie,"""NULL"""
ICON_ORDER_AIRLIFT,2,kv,Gameplay,"""NULL"""
ICON_ORDER_AIRLIFT,3,kv,Historical,"""NULL"""
ICON_ORDER_AIRLIFT,4,kv,Prereq,"""NULL"""
ICON_ORDER_AIRLIFT,5,kv,Vari,"""NULL"""
ICON_ORDER_AIRLIFT,6,kv,Icon,"""UPSI02.tga"""
ICON_ORDER_AIRLIFT,7,kv,LargeIcon,"""NULL"""
ICON_ORDER_AIRLIFT,8,kv,SmallIcon,"""NULL"""
ICON_ORDER_AIRLIFT,9,kv,StatText,"""NULL"""
ICON_ORDER_ASSASSINATE,0,kv,FirstFrame,"""UPSS022L.TGA"""
ICON_ORDER_ASSASSINATE,1,kv,Movie,"""NULL"""
ICON_ORDER_ASSASSINATE,2,kv,Gameplay,"""ORDER_ASSASSINATE_GAMEPLAY"""
ICON_ORDER_ASSASSINATE,3,kv,Historical,"""NULL"""
ICON_ORDER_ASSASSINATE,4,kv,Prereq,"""ORDER_ASSASSINATE_PREREQ"""
ICON_ORDER_ASSASSINATE,5,kv,Vari,"""ORDER_ASSASSINATE_STATISTICS"""
ICON_ORDER_ASSASSINATE,6,kv,Icon,"""UPSI22.tga"""
ICON_ORDER_ASSASSINATE,7,kv,LargeIcon,"""NULL"""
ICON_ORDER_ASSASSINATE,8,kv,SmallIcon,"""NULL"""
ICON_ORDER_ASSASSINATE,9,kv,StatText,"""NULL"""
ICON_ORDER_CONDUCT_HIT,0,kv,FirstFrame,"""UPSS022L.TGA"""
ICON_ORDER_CONDUCT_HIT,1,kv,Movie,"""NULL"""
ICON_ORDER_CONDUCT_HIT,2,kv,Gameplay,"""ORDER_CONDUCT_HIT_GAMEPLAY"""
ICON_ORDER_CONDUCT_HIT,3,kv,Historical,"""NULL"""
ICON_ORDER_CONDUCT_HIT,4,kv,Prereq,"""ORDER_CONDUCT_HIT_PREREQ"""
ICON_ORDER_CONDUCT_HIT,5,kv,Vari,"""ORDER_CONDUCT_HIT_STATISTICS"""
ICON_ORDER_CONDUCT_HIT,6,kv,Icon,"""UPSI22.tga"""
ICON_ORDER_CONDUCT_HIT,7,kv,LargeIcon,"""NULL"""
ICON_ORDER_CONDUCT_HIT,8,kv,SmallIcon,"""NULL"""
ICON_ORDER_CONDUCT_HIT,9,kv,StatText,"""NULL"""
ICON_ORDER_ATTACK,0,kv,FirstFrame,"""UPSS027L.TGA"""
ICON_ORDER_ATTACK,1,kv,Movie,"""NULL"""
ICON_ORDER_ATTACK,2,kv,Gameplay,"""ORDER_ATTACK_GAMEPLAY"""
ICON_ORDER_ATTACK,3,kv,Historical,"""NULL"""
ICON_ORDER_ATTACK,4,kv,Prereq,"""ORDER_ATTACK_PREREQ"""
ICON_ORDER_ATTACK,5,kv,Vari,"""ORDER_ATTACK_STATISTICS"""
ICON_ORDER_ATTACK,6,kv,Icon,"""UPSI27.tga"""
ICON_ORDER_ATTACK,7,kv,LargeIcon,"""NULL"""
ICON_ORDER_ATTACK,8,kv,SmallIcon,"""NULL"""
ICON_ORDER_ATTACK,9,kv,StatText,"""NULL"""
ICON_ORDER_BIO_INFECT,0,kv,FirstFrame,"""UPSS024L.TGA"""
ICON_ORDER_BIO_INFECT,1,kv,Movie,"""NULL"""
ICON_ORDER_BIO_INFECT,2,kv,Gameplay,"""ORDER_BIO_INFECT_GAMEPLAY"""
ICON_ORDER_BIO_INFECT,3,kv,Historical,"""NULL"""
ICON_ORDER_BIO_INFECT,4,kv,Prereq,"""ORDER_BIO_INFECT_PREREQ"""
ICON_ORDER_BIO_INFECT,5,kv,Vari,"""ORDER_BIO_INFECT_STATISTICS"""
ICON_ORDER_BIO_INFECT,6,kv,Icon,"""UPSI24.tga"""
ICON_ORDER_BIO_INFECT,7,kv,LargeIcon,"""NULL"""
ICON_ORDER_BIO_INFECT,8,kv,SmallIcon,"""NULL"""
ICON_ORDER_BIO_INFECT,9,kv,StatText,"""NULL"""
ICON_ORDER_BOARD_TRANSPORT,0,kv,FirstFrame,"""UPSS002L.TGA"""
ICON_ORDER_BOARD_TRANSPORT,1,kv,Movie,"""NULL"""
ICON_ORDER_BOARD_TRANSPORT,2,kv,Gameplay,"""ORDER_BOARD_TRANSPORT_GAMEPLAY"""
ICON_ORDER_BOARD_TRANSPORT,3,kv,Historical,"""NULL"""
ICON_ORDER_BOARD_TRANSPORT,4,kv,Prereq,"""ORDER_BOARD_TRANSPORT_PREREQ"""
ICON_ORDER_BOARD_TRANSPORT,5,kv,Vari,"""ORDER_BOARD_TRANSPORT_STATISTICS"""
ICON_ORDER_BOARD_TRANSPORT,6,kv,Icon,"""UPSI30.tga"""
ICON_ORDER_BOARD_TRANSPORT,7,kv,LargeIcon,"""NULL"""
ICON_ORDER_BOARD_TRANSPORT,8,kv,SmallIcon,"""NULL"""
ICON_ORDER_BOARD_TRANSPORT,9,kv,StatText,"""NULL"""
ICON_ORDER_BOMBARD,0,kv,FirstFrame,"""UPSS001L.TGA"""
ICON_ORDER_BOMBARD,1,kv,Movie,"""NULL"""
ICON_ORDER_BOMBARD,2,kv,Gameplay,"""ORDER_BOMBARD_GAMEPLAY"""
ICON_ORDER_BOMBARD,3,kv,Historical,"""NULL"""
ICON_ORDER_BOMBARD,4,kv,Prereq,"""ORDER_BOMBARD_PREREQ"""
ICON_ORDER_BOMBARD,5,kv,Vari,"""ORDER_BOMBARD_STATISTICS"""
ICON_ORDER_BOMBARD,6,kv,Icon,"""UPSI01.tga"""
ICON_ORDER_BOMBARD,7,kv,LargeIcon,"""NULL"""
ICON_ORDER_BOMBARD,8,kv,SmallIcon,"""NULL"""
ICON_ORDER_BOMBARD,9,kv,StatText,"""NULL"""
ICON_ORDER_CAUSE_UNHAPPINESS,0,kv,FirstFrame,"""UPSS099L.TGA"""
ICON_ORDER_CAUSE_UNHAPPINESS,1,kv,Movie,"""NULL"""
ICON_ORDER_CAUSE_UNHAPPINESS,2,kv,Gameplay,"""NULL"""
ICON_ORDER_CAUSE_UNHAPPINESS,3,kv,Historical,"""NULL"""
ICON_ORDER_CAUSE_UNHAPPINESS,4,kv,Prereq,"""NULL"""
ICON_ORDER_CAUSE_UNHAPPINESS,5,kv,Vari,"""NULL"""
ICON_ORDER_CAUSE_UNHAPPINESS,6,kv,Icon,"""UPSI13.tga"""
ICON_ORDER_CAUSE_UNHAPPINESS,7,kv,LargeIcon,"""NULL"""
ICON_ORDER_CAUSE_UNHAPPINESS,8,kv,SmallIcon,"""NULL"""
ICON_ORDER_CAUSE_UNHAPPINESS,9,kv,StatText,"""NULL"""
ICON_ORDER_CLEAR_TARGET,0,kv,FirstFrame,"""UPSS040L.TGA"""
ICON_ORDER_CLEAR_TARGET,1,kv,Movie,"""NULL"""
ICON_ORDER_CLEAR_TARGET,2,kv,Gameplay,"""ORDER_CLEAR_TARGET_GAMEPLAY"""
ICON_ORDER_CLEAR_TARGET,3,kv,Historical,"""NULL"""
ICON_ORDER_CLEAR_TARGET,4,kv,Prereq,"""ORDER_CLEAR_TARGET_PREREQ"""
ICON_ORDER_CLEAR_TARGET,5,kv,Vari,"""ORDER_CLEAR_TARGET_STATISTICS"""
ICON_ORDER_CLEAR_TARGET,6,kv,Icon,"""UPSI39.tga"""
ICON_ORDER_CLEAR_TARGET,7,kv,LargeIcon,"""NULL"""
ICON_ORDER_CLEAR_TARGET,8,kv,SmallIcon,"""NULL"""
ICON_ORDER_CLEAR_TARGET,9,kv,StatText,"""NULL"""
ICON_ORDER_CONVERT,0,kv,FirstFrame,"""UPSS010L.TGA"""
ICON_ORDER_CONVERT,1,kv,Movie,"""NULL"""
ICON_ORDER_CONVERT,2,kv,Gameplay,"""ORDER_CONVERT_GAMEPLAY"""
ICON_ORDER_CONVERT,3,kv,Historical,"""NULL"""
ICON_ORDER_CONVERT,4,kv,Prereq,"""ORDER_CONVERT_PREREQ"""
ICON_ORDER_CONVERT,5,kv,Vari,"""ORDER_CONVERT_STATISTICS"""
ICON_ORDER_CONVERT,6,kv,Icon,"""UPSI10.tga"""
ICON_ORDER_CONVERT,7,kv,LargeIcon,"""NULL"""
ICON_ORDER_CONVERT,8,kv,SmallIcon,"""NULL"""
ICON_ORDER_CONVERT,9,kv,StatText,"""NULL"""
ICON_ORDER_CREATE_PARK,0,kv,FirstFrame,"""UPSS025L.TGA"""
ICON_ORDER_CREATE_PARK,1,kv,Movie,"""NULL"""
ICON_ORDER_CREATE_PARK,2,kv,Gameplay,"""ORDER_CREATE_PARK_GAMEPLAY"""
ICON_ORDER_CREATE_PARK,3,kv,Historical,"""NULL"""
ICON_ORDER_CREATE_PARK,4,kv,Prereq,"""ORDER_CREATE_PARK_PREREQ"""
ICON_ORDER_CREATE_PARK,5,kv,Vari,"""ORDER_CREATE_PARK_STATISTICS"""
ICON_ORDER_CREATE_PARK,6,kv,Icon,"""UPSI25.tga"""
ICON_ORDER_CREATE_PARK,7,kv,LargeIcon,"""NULL"""
ICON_ORDER_CREATE_PARK,8,kv,SmallIcon,"""NULL"""
ICON_ORDER_CREATE_PARK,9,kv,StatText,"""NULL"""
ICON_ORDER_DISBAND_ARMY,0,kv,FirstFrame,"""UPSS030L.TGA"""
ICON_ORDER_DISBAND_ARMY,1,kv,Movie,"""NULL"""
ICON_ORDER_DISBAND_ARMY,2,kv,Gameplay,"""ORDER_DISBAND_ARMY_GAMEPLAY"""
ICON_ORDER_DISBAND_ARMY,3,kv,Historical,"""NULL"""
ICON_ORDER_DISBAND_ARMY,4,kv,Prereq,"""ORDER_DISBAND_ARMY_PREREQ"""
ICON_ORDER_DISBAND_ARMY,5,kv,Vari,"""ORDER_DISBAND_ARMY_STATISTICS"""
ICON_ORDER_DISBAND_ARMY,6,kv,Icon,"""UPSI30.tga"""
ICON_ORDER_DISBAND_ARMY,7,kv,LargeIcon,"""NULL"""
ICON_ORDER_DISBAND_ARMY,8,kv,SmallIcon,"""NULL"""
ICON_ORDER_DISBAND_ARMY,9,kv,StatText,"""NULL"""
ICON_ORDER_ENSLAVE_SETTLER,0,kv,FirstFrame,"""UPSS007L.TGA"""
ICON_ORDER_ENSLAVE_SETTLER,1,kv,Movie,"""NULL"""
ICON_ORDER_ENSLAVE_SETTLER,2,kv,Gameplay,"""ORDER_ENSLAVE_SETTLER_GAMEPLAY"""
ICON_ORDER_ENSLAVE_SETTLER,3,kv,Historical,"""NULL"""
ICON_ORDER_ENSLAVE_SETTLER,4,kv,Prereq,"""ORDER_ENSLAVE_SETTLER_PREREQ"""
ICON_ORDER_ENSLAVE_SETTLER,5,kv,Vari,"""ORDER_ENSLAVE_SETTLER_STATISTICS"""
ICON_ORDER_ENSLAVE_SETTLER,6,kv,Icon,"""UPSI07.tga"""
ICON_ORDER_ENSLAVE_SETTLER,7,kv,LargeIcon,"""NULL"""
ICON_ORDER_ENSLAVE_SETTLER,8,kv,SmallIcon,"""NULL"""
ICON_ORDER_ENSLAVE_SETTLER,9,kv,StatText,"""NULL"""
ICON_ORDER_ESTABLISH_EMBASSY,0,kv,FirstFrame,"""UPSS005L.TGA"""
ICON_ORDER_ESTABLISH_EMBASSY,1,kv,Movie,"""NULL"""
ICON_ORDER_ESTABLISH_EMBASSY,2,kv,Gameplay,"""ORDER_ESTABLISH_EMBASSY_GAMEPLAY"""
ICON_ORDER_ESTABLISH_EMBASSY,3,kv,Historical,"""NULL"""
ICON_ORDER_ESTABLISH_EMBASSY,4,kv,Prereq,"""ORDER_ESTABLISH_EMBASSY_PREREQ"""
ICON_ORDER_ESTABLISH_EMBASSY,5,kv,Vari,"""ORDER_ESTABLISH_EMBASSY_STATISTICS"""
ICON_ORDER_ESTABLISH_EMBASSY,6,kv,Icon,"""UPSI05.tga"""
ICON_ORDER_ESTABLISH_EMBASSY,7,kv,LargeIcon,"""NULL"""
ICON_ORDER_ESTABLISH_EMBASSY,8,kv,SmallIcon,"""NULL"""
ICON_ORDER_ESTABLISH_EMBASSY,9,kv,StatText,"""NULL"""
ICON_ORDER_EXPEL,0,kv,FirstFrame,"""UPSS031L.TGA"""
ICON_ORDER_EXPEL,1,kv,Movie,"""NULL"""
ICON_ORDER_EXPEL,2,kv,Gameplay,"""ORDER_EXPEL_GAMEPLAY"""
ICON_ORDER_EXPEL,3,kv,Historical,"""NULL"""
ICON_ORDER_EXPEL,4,kv,Prereq,"""ORDER_EXPEL_PREREQ"""
ICON_ORDER_EXPEL,5,kv,Vari,"""ORDER_EXPEL_STATISTICS"""
ICON_ORDER_EXPEL,6,kv,Icon,"""UPSI31.tga"""
ICON_ORDER_EXPEL,7,kv,LargeIcon,"""NULL"""
ICON_ORDER_EXPEL,8,kv,SmallIcon,"""NULL"""
ICON_ORDER_EXPEL,9,kv,StatText,"""NULL"""
ICON_ORDER_FAITH_HEALING,0,kv,FirstFrame,"""UPSS039L.TGA"""
ICON_ORDER_FAITH_HEALING,1,kv,Movie,"""NULL"""
ICON_ORDER_FAITH_HEALING,2,kv,Gameplay,"""ORDER_FAITH_HEALING_GAMEPLAY"""
ICON_ORDER_FAITH_HEALING,3,kv,Historical,"""NULL"""
ICON_ORDER_FAITH_HEALING,4,kv,Prereq,"""ORDER_FAITH_HEALING_PREREQ"""
ICON_ORDER_FAITH_HEALING,5,kv,Vari,"""ORDER_FAITH_HEALING_STATISTICS"""
ICON_ORDER_FAITH_HEALING,6,kv,Icon,"""UPSI27.tga"""
ICON_ORDER_FAITH_HEALING,7,kv,LargeIcon,"""NULL"""
ICON_ORDER_FAITH_HEALING,8,kv,SmallIcon,"""NULL"""
ICON_ORDER_FAITH_HEALING,9,kv,StatText,"""NULL"""
ICON_ORDER_FORTIFY,0,kv,FirstFrame,"""UPSS028L.TGA"""
ICON_ORDER_FORTIFY,1,kv,Movie,"""NULL"""
ICON_ORDER_FORTIFY,2,kv,Gameplay,"""ORDER_FORTIFY_GAMEPLAY"""
ICON_ORDER_FORTIFY,3,kv,Historical,"""NULL"""
ICON_ORDER_FORTIFY,4,kv,Prereq,"""ORDER_FORTIFY_PREREQ"""
ICON_ORDER_FORTIFY,5,kv,Vari,"""ORDER_FORTIFY_STATISTICS"""
ICON_ORDER_FORTIFY,6,kv,Icon,"""UPSI27.tga"""
ICON_ORDER_FORTIFY,7,kv,LargeIcon,"""NULL"""
ICON_ORDER_FORTIFY,8,kv,SmallIcon,"""NULL"""
ICON_ORDER_FORTIFY,9,kv,StatText,"""NULL"""
ICON_ORDER_FRANCHISE,0,kv,FirstFrame,"""UPSS019L.TGA"""
ICON_ORDER_FRANCHISE,1,kv,Movie,"""NULL"""
ICON_ORDER_FRANCHISE,2,kv,Gameplay,"""ORDER_FRANCHISE_GAMEPLAY"""
ICON_ORDER_FRANCHISE,3,kv,Historical,"""NULL"""
ICON_ORDER_FRANCHISE,4,kv,Prereq,"""ORDER_FRANCHISE_PREREQ"""
ICON_ORDER_FRANCHISE,5,kv,Vari,"""ORDER_FRANCHISE_STATISTICS"""
ICON_ORDER_FRANCHISE,6,kv,Icon,"""UPSI19.tga"""
ICON_ORDER_FRANCHISE,7,kv,LargeIcon,"""NULL"""
ICON_ORDER_FRANCHISE,8,kv,SmallIcon,"""NULL"""
ICON_ORDER_FRANCHISE,9,kv,StatText,"""NULL"""
ICON_ORDER_INCITE_REVOLUTION,0,kv,FirstFrame,"""UPSS013L.TGA"""
ICON_ORDER_INCITE_REVOLUTION,1,kv,Movie,"""NULL"""
ICON_ORDER_INCITE_REVOLUTION,2,kv,Gameplay,"""ORDER_INCITE_REVOLUTION_GAMEPLAY"""
ICON_ORDER_INCITE_REVOLUTION,3,kv,Historical,"""NULL"""
ICON_ORDER_INCITE_REVOLUTION,4,kv,Prereq,"""ORDER_INCITE_REVOLUTION_PREREQ"""
ICON_ORDER_INCITE_REVOLUTION,5,kv,Vari,"""ORDER_INCITE_REVOLUTION_STATISTICS"""
ICON_ORDER_INCITE_REVOLUTION,6,kv,Icon,"""UPSI13.tga"""
ICON_ORDER_INCITE_REVOLUTION,7,kv,LargeIcon,"""NULL"""
ICON_ORDER_INCITE_REVOLUTION,8,kv,SmallIcon,"""NULL"""
ICON_ORDER_INCITE_REVOLUTION,9,kv,StatText,"""NULL"""
ICON_ORDER_INCITE_UPRISING,0,kv,FirstFrame,"""UPSS009L.TGA"""
ICON_ORDER_INCITE_UPRISING,1,kv,Movie,"""NULL"""
ICON_ORDER_INCITE_UPRISING,2,kv,Gameplay,"""ORDER_INCITE_UPRISING_GAMEPLAY"""
ICON_ORDER_INCITE_UPRISING,3,kv,Historical,"""NULL"""
ICON_ORDER_INCITE_UPRISING,4,kv,Prereq,"""ORDER_INCITE_UPRISING_PREREQ"""
ICON_ORDER_INCITE_UPRISING,5,kv,Vari,"""ORDER_INCITE_UPRISING_STATISTICS"""
ICON_ORDER_INCITE_UPRISING,6,kv,Icon,"""UPSI09.tga"""
ICON_ORDER_INCITE_UPRISING,7,kv,LargeIcon,"""NULL"""
ICON_ORDER_INCITE_UPRISING,8,kv,SmallIcon,"""NULL"""
ICON_ORDER_INCITE_UPRISING,9,kv,StatText,"""NULL"""
ICON_ORDER_INDULGENCE,0,kv,FirstFrame,"""UPSS011L.TGA"""
ICON_ORDER_INDULGENCE,1,kv,Movie,"""NULL"""
ICON_ORDER_INDULGENCE,2,kv,Gameplay,"""ORDER_INDULGENCE_GAMEPLAY"""
ICON_ORDER_INDULGENCE,3,kv,Historical,"""NULL"""
ICON_ORDER_INDULGENCE,4,kv,Prereq,"""ORDER_INDULGENCE_PREREQ"""
ICON_ORDER_INDULGENCE,5,kv,Vari,"""ORDER_INDULGENCE_STATISTICS"""
ICON_ORDER_INDULGENCE,6,kv,Icon,"""UPSI11.tga"""
ICON_ORDER_INDULGENCE,7,kv,LargeIcon,"""NULL"""
ICON_ORDER_INDULGENCE,8,kv,SmallIcon,"""NULL"""
ICON_ORDER_INDULGENCE,9,kv,StatText,"""NULL"""
ICON_ORDER_INJOIN,0,kv,FirstFrame,"""UPSS017L.TGA"""
ICON_ORDER_INJOIN,1,kv,Movie,"""NULL"""
ICON_ORDER_INJOIN,2,kv,Gameplay,"""ORDER_INJOIN_GAMEPLAY"""
ICON_ORDER_INJOIN,3,kv,Historical,"""NULL"""
ICON_ORDER_INJOIN,4,kv,Prereq,"""ORDER_INJOIN_PREREQ"""
ICON_ORDER_INJOIN,5,kv,Vari,"""ORDER_INJOIN_STATISTICS"""
ICON_ORDER_INJOIN,6,kv,Icon,"""UPSI17.tga"""
ICON_ORDER_INJOIN,7,kv,LargeIcon,"""NULL"""
ICON_ORDER_INJOIN,8,kv,SmallIcon,"""NULL"""
ICON_ORDER_INJOIN,9,kv,StatText,"""NULL"""
ICON_ORDER_INTERCEPT_TRADE,0,kv,FirstFrame,"""UPSS034L.TGA"""
ICON_ORDER_INTERCEPT_TRADE,1,kv,Movie,"""NULL"""
ICON_ORDER_INTERCEPT_TRADE,2,kv,Gameplay,"""ORDER_INTERCEPT_TRADE_GAMEPLAY"""
ICON_ORDER_INTERCEPT_TRADE,3,kv,Historical,"""NULL"""
ICON_ORDER_INTERCEPT_TRADE,4,kv,Prereq,"""ORDER_INTERCEPT_TRADE_PREREQ"""
ICON_ORDER_INTERCEPT_TRADE,5,kv,Vari,"""ORDER_INTERCEPT_TRADE_STATISTICS"""
ICON_ORDER_INTERCEPT_TRADE,6,kv,Icon,"""UPSI21.tga"""
ICON_ORDER_INTERCEPT_TRADE,7,kv,LargeIcon,"""NULL"""
ICON_ORDER_INTERCEPT_TRADE,8,kv,SmallIcon,"""NULL"""
ICON_ORDER_INTERCEPT_TRADE,9,kv,StatText,"""NULL"""
ICON_ORDER_INVESTIGATE_CITY,0,kv,FirstFrame,"""UPSS006L.TGA"""
ICON_ORDER_INVESTIGATE_CITY,1,kv,Movie,"""NULL"""
ICON_ORDER_INVESTIGATE_CITY,2,kv,Gameplay,"""ORDER_INVESTIGATE_CITY_GAMEPLAY"""
ICON_ORDER_INVESTIGATE_CITY,3,kv,Historical,"""NULL"""
ICON_ORDER_INVESTIGATE_CITY,4,kv,Prereq,"""ORDER_INVESTIGATE_CITY_PREREQ"""
ICON_ORDER_INVESTIGATE_CITY,5,kv,Vari,"""ORDER_INVESTIGATE_CITY_STATISTICS"""
ICON_ORDER_INVESTIGATE_CITY,6,kv,Icon,"""UPSI06.tga"""
ICON_ORDER_INVESTIGATE_CITY,7,kv,LargeIcon,"""NULL"""
ICON_ORDER_INVESTIGATE_CITY,8,kv,SmallIcon,"""NULL"""
ICON_ORDER_INVESTIGATE_CITY,9,kv,StatText,"""NULL"""
ICON_ORDER_INVESTIGATE_READINESS,0,kv,FirstFrame,"""UPSS099L.TGA"""
ICON_ORDER_INVESTIGATE_READINESS,1,kv,Movie,"""NULL"""
ICON_ORDER_INVESTIGATE_READINESS,2,kv,Gameplay,"""NULL"""
ICON_ORDER_INVESTIGATE_READINESS,3,kv,Historical,"""NULL"""
ICON_ORDER_INVESTIGATE_READINESS,4,kv,Prereq,"""NULL"""
ICON_ORDER_INVESTIGATE_READINESS,5,kv,Vari,"""NULL"""
ICON_ORDER_INVESTIGATE_READINESS,6,kv,Icon,"""UPSI06.tga"""
ICON_ORDER_INVESTIGATE_READINESS,7,kv,LargeIcon,"""NULL"""
ICON_ORDER_INVESTIGATE_READINESS,8,kv,SmallIcon,"""NULL"""
ICON_ORDER_INVESTIGATE_READINESS,9,kv,StatText,"""NULL"""
ICON_ORDER_LAUNCH,0,kv,FirstFrame,"""UPSS036L.TGA"""
ICON_ORDER_LAUNCH,1,kv,Movie,"""NULL"""
ICON_ORDER_LAUNCH,2,kv,Gameplay,"""ORDER_LAUNCH_GAMEPLAY"""
ICON_ORDER_LAUNCH,3,kv,Historical,"""NULL"""
ICON_ORDER_LAUNCH,4,kv,Prereq,"""ORDER_LAUNCH_PREREQ"""
ICON_ORDER_LAUNCH,5,kv,Vari,"""ORDER_LAUNCH_STATISTICS"""
ICON_ORDER_LAUNCH,6,kv,Icon,"""UPSI37.tga"""
ICON_ORDER_LAUNCH,7,kv,LargeIcon,"""NULL"""
ICON_ORDER_LAUNCH,8,kv,SmallIcon,"""NULL"""
ICON_ORDER_LAUNCH,9,kv,StatText,"""NULL"""
ICON_ORDER_MOVE,0,kv,FirstFrame,"""UPSS026L.TGA"""
ICON_ORDER_MOVE,1,kv,Movie,"""NULL"""
ICON_ORDER_MOVE,2,kv,Gameplay,"""ORDER_MOVE_GAMEPLAY"""
ICON_ORDER_MOVE,3,kv,Historical,"""NULL"""
ICON_ORDER_MOVE,4,kv,Prereq,"""ORDER_MOVE_PREREQ"""
ICON_ORDER_MOVE,5,kv,Vari,"""ORDER_MOVE_STATISTICS"""
ICON_ORDER_MOVE,6,kv,Icon,"""UPSI26.tga"""
ICON_ORDER_MOVE,7,kv,LargeIcon,"""NULL"""
ICON_ORDER_MOVE,8,kv,SmallIcon,"""NULL"""
ICON_ORDER_MOVE,9,kv,StatText,"""NULL"""
ICON_ORDER_NANO_INFECT,0,kv,FirstFrame,"""UPSS023L.TGA"""
ICON_ORDER_NANO_INFECT,1,kv,Movie,"""NULL"""
ICON_ORDER_NANO_INFECT,2,kv,Gameplay,"""ORDER_NANO_INFECT_GAMEPLAY"""
ICON_ORDER_NANO_INFECT,3,kv,Historical,"""NULL"""
ICON_ORDER_NANO_INFECT,4,kv,Prereq,"""ORDER_NANO_INFECT_PREREQ"""
ICON_ORDER_NANO_INFECT,5,kv,Vari,"""ORDER_NANO_INFECT_STATISTICS"""
ICON_ORDER_NANO_INFECT,6,kv,Icon,"""UPSI23.tga"""
ICON_ORDER_NANO_INFECT,7,kv,LargeIcon,"""NULL"""
ICON_ORDER_NANO_INFECT,8,kv,SmallIcon,"""NULL"""
ICON_ORDER_NANO_INFECT,9,kv,StatText,"""NULL"""
ICON_ORDER_NUKE_CITY,0,kv,FirstFrame,"""UPSS016L.TGA"""
ICON_ORDER_NUKE_CITY,1,kv,Movie,"""NULL"""
ICON_ORDER_NUKE_CITY,2,kv,Gameplay,"""NULL"""
ICON_ORDER_NUKE_CITY,3,kv,Historical,"""NULL"""
ICON_ORDER_NUKE_CITY,4,kv,Prereq,"""NULL"""
ICON_ORDER_NUKE_CITY,5,kv,Vari,"""NULL"""
ICON_ORDER_NUKE_CITY,6,kv,Icon,"""UPSI16.tga"""
ICON_ORDER_NUKE_CITY,7,kv,LargeIcon,"""NULL"""
ICON_ORDER_NUKE_CITY,8,kv,SmallIcon,"""NULL"""
ICON_ORDER_NUKE_CITY,9,kv,StatText,"""NULL"""
ICON_ORDER_PARADROP,0,kv,FirstFrame,"""UPSS099L.TGA"""
ICON_ORDER_PARADROP,1,kv,Movie,"""NULL"""
ICON_ORDER_PARADROP,2,kv,Gameplay,"""ORDER_PARADROP_GAMEPLAY"""
ICON_ORDER_PARADROP,3,kv,Historical,"""NULL"""
ICON_ORDER_PARADROP,4,kv,Prereq,"""ORDER_PARADROP_PREREQ"""
ICON_ORDER_PARADROP,5,kv,Vari,"""ORDER_PARADROP_STATISTICS"""
ICON_ORDER_PARADROP,6,kv,Icon,"""UPSI03.tga"""
ICON_ORDER_PARADROP,7,kv,LargeIcon,"""NULL"""
ICON_ORDER_PARADROP,8,kv,SmallIcon,"""NULL"""
ICON_ORDER_PARADROP,9,kv,StatText,"""NULL"""
ICON_ORDER_PILLAGE,0,kv,FirstFrame,"""UPSS032L.TGA"""
ICON_ORDER_PILLAGE,1,kv,Movie,"""NULL"""
ICON_ORDER_PILLAGE,2,kv,Gameplay,"""ORDER_PILLAGE_GAMEPLAY"""
ICON_ORDER_PILLAGE,3,kv,Historical,"""NULL"""
ICON_ORDER_PILLAGE,4,kv,Prereq,"""ORDER_PILLAGE_PREREQ"""
ICON_ORDER_PILLAGE,5,kv,Vari,"""ORDER_PILLAGE_STATISTICS"""
ICON_ORDER_PILLAGE,6,kv,Icon,"""UPSI32.tga"""
ICON_ORDER_PILLAGE,7,kv,LargeIcon,"""NULL"""
ICON_ORDER_PILLAGE,8,kv,SmallIcon,"""NULL"""
ICON_ORDER_PILLAGE,9,kv,StatText,"""NULL"""
ICON_ORDER_PLAGUE,0,kv,FirstFrame,"""UPSS041L.TGA"""
ICON_ORDER_PLAGUE,1,kv,Movie,"""NULL"""
ICON_ORDER_PLAGUE,2,kv,Gameplay,"""ORDER_PLAGUE_GAMEPLAY"""
ICON_ORDER_PLAGUE,3,kv,Historical,"""NULL"""
ICON_ORDER_PLAGUE,4,kv,Prereq,"""ORDER_PLAGUE_PREREQ"""
ICON_ORDER_PLAGUE,5,kv,Vari,"""ORDER_PLAGUE_STATISTICS"""
ICON_ORDER_PLAGUE,6,kv,Icon,"""UPSI41.tga"""
ICON_ORDER_PLAGUE,7,kv,LargeIcon,"""NULL"""
ICON_ORDER_PLAGUE,8,kv,SmallIcon,"""NULL"""
ICON_ORDER_PLAGUE,9,kv,StatText,"""NULL"""
ICON_ORDER_PLANT_NUKE,0,kv,FirstFrame,"""UPSS016L.TGA"""
ICON_ORDER_PLANT_NUKE,1,kv,Movie,"""NULL"""
ICON_ORDER_PLANT_NUKE,2,kv,Gameplay,"""ORDER_PLANT_NUKE_GAMEPLAY"""
ICON_ORDER_PLANT_NUKE,3,kv,Historical,"""NULL"""
ICON_ORDER_PLANT_NUKE,4,kv,Prereq,"""ORDER_PLANT_NUKE_PREREQ"""
ICON_ORDER_PLANT_NUKE,5,kv,Vari,"""ORDER_PLANT_NUKE_STATISTICS"""
ICON_ORDER_PLANT_NUKE,6,kv,Icon,"""UPSI16.tga"""
ICON_ORDER_PLANT_NUKE,7,kv,LargeIcon,"""NULL"""
ICON_ORDER_PLANT_NUKE,8,kv,SmallIcon,"""NULL"""
ICON_ORDER_PLANT_NUKE,9,kv,StatText,"""NULL"""
ICON_ORDER_RANGED_ATTACK,0,kv,FirstFrame,"""UPSS038L.TGA"""
ICON_ORDER_RANGED_ATTACK,1,kv,Movie,"""NULL"""
ICON_ORDER_RANGED_ATTACK,2,kv,Gameplay,"""ORDER_RANGED_ATTACK_GAMEPLAY"""
ICON_ORDER_RANGED_ATTACK,3,kv,Historical,"""NULL"""
ICON_ORDER_RANGED_ATTACK,4,kv,Prereq,"""ORDER_RANGED_ATTACK_PREREQ"""
ICON_ORDER_RANGED_ATTACK,5,kv,Vari,"""ORDER_RANGED_ATTACK_STATISTICS"""
ICON_ORDER_RANGED_ATTACK,6,kv,Icon,"""UPSI27.tga"""
ICON_ORDER_RANGED_ATTACK,7,kv,LargeIcon,"""NULL"""
ICON_ORDER_RANGED_ATTACK,8,kv,SmallIcon,"""NULL"""
ICON_ORDER_RANGED_ATTACK,9,kv,StatText,"""NULL"""
ICON_ORDER_REFORM,0,kv,FirstFrame,"""UPSS033L.TGA"""
ICON_ORDER_REFORM,1,kv,Movie,"""NULL"""
ICON_ORDER_REFORM,2,kv,Gameplay,"""ORDER_REFORM_GAMEPLAY"""
ICON_ORDER_REFORM,3,kv,Historical,"""NULL"""
ICON_ORDER_REFORM,4,kv,Prereq,"""ORDER_REFORM_PREREQ"""
ICON_ORDER_REFORM,5,kv,Vari,"""ORDER_REFORM_STATISTICS"""
ICON_ORDER_REFORM,6,kv,Icon,"""UPSI33.tga"""
ICON_ORDER_REFORM,7,kv,LargeIcon,"""NULL"""
ICON_ORDER_REFORM,8,kv,SmallIcon,"""NULL"""
ICON_ORDER_REFORM,9,kv,StatText,"""NULL"""
ICON_ORDER_REFUEL,0,kv,FirstFrame,"""UPSS042L.TGA"""
ICON_ORDER_REFUEL,1,kv,Movie,"""NULL"""
ICON_ORDER_REFUEL,2,kv,Gameplay,"""ORDER_REFUEL_GAMEPLAY"""
ICON_ORDER_REFUEL,3,kv,Historical,"""NULL"""
ICON_ORDER_REFUEL,4,kv,Prereq,"""ORDER_REFUEL_PREREQ"""
ICON_ORDER_REFUEL,5,kv,Vari,"""ORDER_REFUEL_STATISTICS"""
ICON_ORDER_REFUEL,6,kv,Icon,"""UPSI27.tga"""
ICON_ORDER_REFUEL,7,kv,LargeIcon,"""NULL"""
ICON_ORDER_REFUEL,8,kv,SmallIcon,"""NULL"""
ICON_ORDER_REFUEL,9,kv,StatText,"""NULL"""
ICON_ORDER_SETTLE,0,kv,FirstFrame,"""UPSS004L.TGA"""
ICON_ORDER_SETTLE,1,kv,Movie,"""NULL"""
ICON_ORDER_SETTLE,2,kv,Gameplay,"""ORDER_SETTLE_GAMEPLAY"""
ICON_ORDER_SETTLE,3,kv,Historical,"""NULL"""
ICON_ORDER_SETTLE,4,kv,Prereq,"""ORDER_SETTLE_PREREQ"""
ICON_ORDER_SETTLE,5,kv,Vari,"""ORDER_SETTLE_STATISTICS"""
ICON_ORDER_SETTLE,6,kv,Icon,"""UPSI04.tga"""
ICON_ORDER_SETTLE,7,kv,LargeIcon,"""NULL"""
ICON_ORDER_SETTLE,8,kv,SmallIcon,"""NULL"""
ICON_ORDER_SETTLE,9,kv,StatText,"""NULL"""
ICON_ORDER_SLAVE_RAID,0,kv,FirstFrame,"""UPSS007L.TGA"""
ICON_ORDER_SLAVE_RAID,1,kv,Movie,"""NULL"""
ICON_ORDER_SLAVE_RAID,2,kv,Gameplay,"""ORDER_SLAVE_RAID_GAMEPLAY"""
ICON_ORDER_SLAVE_RAID,3,kv,Historical,"""NULL"""
ICON_ORDER_SLAVE_RAID,4,kv,Prereq,"""ORDER_SLAVE_RAID_PREREQ"""
ICON_ORDER_SLAVE_RAID,5,kv,Vari,"""ORDER_SLAVE_RAID_STATISTICS"""
ICON_ORDER_SLAVE_RAID,6,kv,Icon,"""UPSI07.tga"""
ICON_ORDER_SLAVE_RAID,7,kv,LargeIcon,"""NULL"""
ICON_ORDER_SLAVE_RAID,8,kv,SmallIcon,"""NULL"""
ICON_ORDER_SLAVE_RAID,9,kv,StatText,"""NULL"""
ICON_ORDER_SLEEP,0,kv,FirstFrame,"""UPSS029L.TGA"""
ICON_ORDER_SLEEP,1,kv,Movie,"""NULL"""
ICON_ORDER_SLEEP,2,kv,Gameplay,"""ORDER_SLEEP_GAMEPLAY"""
ICON_ORDER_SLEEP,3,kv,Historical,"""NULL"""
ICON_ORDER_SLEEP,4,kv,Prereq,"""ORDER_SLEEP_PREREQ"""
ICON_ORDER_SLEEP,5,kv,Vari,"""ORDER_SLEEP_STATISTICS"""
ICON_ORDER_SLEEP,6,kv,Icon,"""UPSI27.tga"""
ICON_ORDER_SLEEP,7,kv,LargeIcon,"""NULL"""
ICON_ORDER_SLEEP,8,kv,SmallIcon,"""NULL"""
ICON_ORDER_SLEEP,9,kv,StatText,"""NULL"""
ICON_ORDER_SOOTHSAY,0,kv,FirstFrame,"""UPSS012L.TGA"""
ICON_ORDER_SOOTHSAY,1,kv,Movie,"""NULL"""
ICON_ORDER_SOOTHSAY,2,kv,Gameplay,"""ORDER_SOOTHSAY_GAMEPLAY"""
ICON_ORDER_SOOTHSAY,3,kv,Historical,"""NULL"""
ICON_ORDER_SOOTHSAY,4,kv,Prereq,"""ORDER_SOOTHSAY_PREREQ"""
ICON_ORDER_SOOTHSAY,5,kv,Vari,"""ORDER_SOOTHSAY_STATISTICS"""
ICON_ORDER_SOOTHSAY,6,kv,Icon,"""UPSI12.tga"""
ICON_ORDER_SOOTHSAY,7,kv,LargeIcon,"""NULL"""
ICON_ORDER_SOOTHSAY,8,kv,SmallIcon,"""NULL"""
ICON_ORDER_SOOTHSAY,9,kv,StatText,"""NULL"""
ICON_ORDER_STEAL_TECHNOLOGY,0,kv,FirstFrame,"""UPSS014L.TGA"""
ICON_ORDER_STEAL_TECHNOLOGY,1,kv,Movie,"""NULL"""
ICON_ORDER_STEAL_TECHNOLOGY,2,kv,Gameplay,"""ORDER_STEAL_TECHNOLOGY_GAMEPLAY"""
ICON_ORDER_STEAL_TECHNOLOGY,3,kv,Historical,"""NULL"""
ICON_ORDER_STEAL_TECHNOLOGY,4,kv,Prereq,"""ORDER_STEAL_TECHNOLOGY_PREREQ"""
ICON_ORDER_STEAL_TECHNOLOGY,5,kv,Vari,"""ORDER_STEAL_TECHNOLOGY_STATISTICS"""
ICON_ORDER_STEAL_TECHNOLOGY,6,kv,Icon,"""UPSI14.tga"""
ICON_ORDER_STEAL_TECHNOLOGY,7,kv,LargeIcon,"""NULL"""
ICON_ORDER_STEAL_TECHNOLOGY,8,kv,SmallIcon,"""NULL"""
ICON_ORDER_STEAL_TECHNOLOGY,9,kv,StatText,"""NULL"""
ICON_ORDER_SUE,0,kv,FirstFrame,"""UPSS018L.TGA"""
ICON_ORDER_SUE,1,kv,Movie,"""NULL"""
ICON_ORDER_SUE,2,kv,Gameplay,"""ORDER_SUE_GAMEPLAY"""
ICON_ORDER_SUE,3,kv,Historical,"""NULL"""
ICON_ORDER_SUE,4,kv,Prereq,"""ORDER_SUE_PREREQ"""
ICON_ORDER_SUE,5,kv,Vari,"""ORDER_SUE_STATISTICS"""
ICON_ORDER_SUE,6,kv,Icon,"""UPSI18.tga"""
ICON_ORDER_SUE,7,kv,LargeIcon,"""NULL"""
ICON_ORDER_SUE,8,kv,SmallIcon,"""NULL"""
ICON_ORDER_SUE,9,kv,StatText,"""NULL"""
ICON_ORDER_SUE_FRANCHISE,0,kv,FirstFrame,"""UPSS017L.TGA"""
ICON_ORDER_SUE_FRANCHISE,1,kv,Movie,"""NULL"""
ICON_ORDER_SUE_FRANCHISE,2,kv,Gameplay,"""ORDER_SUE_FRANCHISE_GAMEPLAY"""
ICON_ORDER_SUE_FRANCHISE,3,kv,Historical,"""NULL"""
ICON_ORDER_SUE_FRANCHISE,4,kv,Prereq,"""ORDER_SUE_FRANCHISE_PREREQ"""
ICON_ORDER_SUE_FRANCHISE,5,kv,Vari,"""ORDER_SUE_FRANCHISE_STATISTICS"""
ICON_ORDER_SUE_FRANCHISE,6,kv,Icon,"""UPSI18.tga"""
ICON_ORDER_SUE_FRANCHISE,7,kv,LargeIcon,"""NULL"""
ICON_ORDER_SUE_FRANCHISE,8,kv,SmallIcon,"""NULL"""
ICON_ORDER_SUE_FRANCHISE,9,kv,StatText,"""NULL"""
ICON_ORDER_TARGET,0,kv,FirstFrame,"""UPSS037L.TGA"""
ICON_ORDER_TARGET,1,kv,Movie,"""NULL"""
ICON_ORDER_TARGET,2,kv,Gameplay,"""ORDER_TARGET_GAMEPLAY"""
ICON_ORDER_TARGET,3,kv,Historical,"""NULL"""
ICON_ORDER_TARGET,4,kv,Prereq,"""ORDER_TARGET_PREREQ"""
ICON_ORDER_TARGET,5,kv,Vari,"""ORDER_TARGET_STATISTICS"""
ICON_ORDER_TARGET,6,kv,Icon,"""UPSI38.tga"""
ICON_ORDER_TARGET,7,kv,LargeIcon,"""NULL"""
ICON_ORDER_TARGET,8,kv,SmallIcon,"""NULL"""
ICON_ORDER_TARGET,9,kv,StatText,"""NULL"""
ICON_ORDER_THROW_PARTY,0,kv,FirstFrame,"""UPSS035L.TGA"""
ICON_ORDER_THROW_PARTY,1,kv,Movie,"""NULL"""
ICON_ORDER_THROW_PARTY,2,kv,Gameplay,"""ORDER_THROW_PARTY_GAMEPLAY"""
ICON_ORDER_THROW_PARTY,3,kv,Historical,"""NULL"""
ICON_ORDER_THROW_PARTY,4,kv,Prereq,"""ORDER_THROW_PARTY_PREREQ"""
ICON_ORDER_THROW_PARTY,5,kv,Vari,"""ORDER_THROW_PARTY_STATISTICS"""
ICON_ORDER_THROW_PARTY,6,kv,Icon,"""UPSI11.tga"""
ICON_ORDER_THROW_PARTY,7,kv,LargeIcon,"""NULL"""
ICON_ORDER_THROW_PARTY,8,kv,SmallIcon,"""NULL"""
ICON_ORDER_THROW_PARTY,9,kv,StatText,"""NULL"""
ICON_ORDER_UNDERGROUND_RAILWAY,0,kv,FirstFrame,"""UPSS008L.TGA"""
ICON_ORDER_UNDERGROUND_RAILWAY,1,kv,Movie,"""NULL"""
ICON_ORDER_UNDERGROUND_RAILWAY,2,kv,Gameplay,"""ORDER_UNDERGROUND_RAILWAY_GAMEPLAY"""
ICON_ORDER_UNDERGROUND_RAILWAY,3,kv,Historical,"""NULL"""
ICON_ORDER_UNDERGROUND_RAILWAY,4,kv,Prereq,"""ORDER_UNDERGROUND_RAILWAY_PREREQ"""
ICON_ORDER_UNDERGROUND_RAILWAY,5,kv,Vari,"""ORDER_UNDERGROUND_RAILWAY_STATISTICS"""
ICON_ORDER_UNDERGROUND_RAILWAY,6,kv,Icon,"""UPSI08.tga"""
ICON_ORDER_UNDERGROUND_RAILWAY,7,kv,LargeIcon,"""NULL"""
ICON_ORDER_UNDERGROUND_RAILWAY,8,kv,SmallIcon,"""NULL"""
ICON_ORDER_UNDERGROUND_RAILWAY,9,kv,StatText,"""NULL"""
ICON_ORDER_UNLOAD,0,kv,FirstFrame,"""UPSS003L.TGA"""
ICON_ORDER_UNLOAD,1,kv,Movie,"""NULL"""
ICON_ORDER_UNLOAD,2,kv,Gameplay,"""ORDER_UNLOAD_GAMEPLAY"""
ICON_ORDER_UNLOAD,3,kv,Historical,"""NULL"""
ICON_ORDER_UNLOAD,4,kv,Prereq,"""ORDER_UNLOAD_PREREQ"""
ICON_ORDER_UNLOAD,5,kv,Vari,"""ORDER_UNLOAD_STATISTICS"""
ICON_ORDER_UNLOAD,6,kv,Icon,"""UPSI30.tga"""
ICON_ORDER_UNLOAD,7,kv,LargeIcon,"""NULL"""
ICON_ORDER_UNLOAD,8,kv,SmallIcon,"""NULL"""
ICON_ORDER_UNLOAD,9,kv,StatText,"""NULL"""
ICON_ORDER_UPGRADE,0,kv,FirstFrame,"""upgradeunit_GLpicture.tga"""
ICON_ORDER_UPGRADE,1,kv,Movie,"""NULL"""
ICON_ORDER_UPGRADE,2,kv,Gameplay,"""ORDER_UPGRADE_GAMEPLAY"""
ICON_ORDER_UPGRADE,3,kv,Historical,"""NULL"""
ICON_ORDER_UPGRADE,4,kv,Prereq,"""ORDER_UPGRADE_PREREQ"""
ICON_ORDER_UPGRADE,5,kv,Vari,"""ORDER_UPGRADE_STATISTICS"""
ICON_ORDER_UPGRADE,6,kv,Icon,"""upgradeunit_buttonactive.tga"""
ICON_ORDER_UPGRADE,7,kv,LargeIcon,"""NULL"""
ICON_ORDER_UPGRADE,8,kv,SmallIcon,"""NULL"""
ICON_ORDER_UPGRADE,9,kv,StatText,"""NULL"""
ICON_TERRAIN_BEACH,0,kv,FirstFrame,"""UPNP013L.TGA"""
ICON_TERRAIN_BEACH,1,kv,Movie,"""NULL"""
ICON_TERRAIN_BEACH,2,kv,Gameplay,"""TERRAIN_WATER_BEACH_GAMEPLAY"""
ICON_TERRAIN_BEACH,3,kv,Historical,"""NULL"""
ICON_TERRAIN_BEACH,4,kv,Prereq,"""TERRAIN_WATER_BEACH_PREREQ"""
ICON_TERRAIN_BEACH,5,kv,Vari,"""TERRAIN_WATER_BEACH_STATISTICS"""
ICON_TERRAIN_BEACH,6,kv,Icon,"""UPNI13.tga"""
ICON_TERRAIN_BEACH,7,kv,LargeIcon,"""NULL"""
ICON_TERRAIN_BEACH,8,kv,SmallIcon,"""NULL"""
ICON_TERRAIN_BEACH,9,kv,StatText,"""NULL"""
ICON_TERRAIN_BHILLS,0,kv,FirstFrame,"""UPNP018L.TGA"""
ICON_TERRAIN_BHILLS,1,kv,Movie,"""NULL"""
ICON_TERRAIN_BHILLS,2,kv,Gameplay,"""TERRAIN_BROWN_HILL_GAMEPLAY"""
ICON_TERRAIN_BHILLS,3,kv,Historical,"""NULL"""
ICON_TERRAIN_BHILLS,4,kv,Prereq,"""TERRAIN_BROWN_HILL_PREREQ"""
ICON_TERRAIN_BHILLS,5,kv,Vari,"""TERRAIN_BROWN_HILL_STATISTICS"""
ICON_TERRAIN_BHILLS,6,kv,Icon,"""UPNI18.tga"""
ICON_TERRAIN_BHILLS,7,kv,LargeIcon,"""NULL"""
ICON_TERRAIN_BHILLS,8,kv,SmallIcon,"""NULL"""
ICON_TERRAIN_BHILLS,9,kv,StatText,"""NULL"""
ICON_TERRAIN_BMOUNTAIN,0,kv,FirstFrame,"""UPNP019L.TGA"""
ICON_TERRAIN_BMOUNTAIN,1,kv,Movie,"""NULL"""
ICON_TERRAIN_BMOUNTAIN,2,kv,Gameplay,"""TERRAIN_BROWN_MOUNTAIN_GAMEPLAY"""
ICON_TERRAIN_BMOUNTAIN,3,kv,Historical,"""NULL"""
ICON_TERRAIN_BMOUNTAIN,4,kv,Prereq,"""TERRAIN_BROWN_MOUNTAIN_PREREQ"""
ICON_TERRAIN_BMOUNTAIN,5,kv,Vari,"""TERRAIN_BROWN_MOUNTAIN_STATISTICS"""
ICON_TERRAIN_BMOUNTAIN,6,kv,Icon,"""UPNI19.tga"""
ICON_TERRAIN_BMOUNTAIN,7,kv,LargeIcon,"""NULL"""
ICON_TERRAIN_BMOUNTAIN,8,kv,SmallIcon,"""NULL"""
ICON_TERRAIN_BMOUNTAIN,9,kv,StatText,"""NULL"""
ICON_TERRAIN_CONTINENTAL_SHELF,0,kv,FirstFrame,"""UPNP014L.TGA"""
ICON_TERRAIN_CONTINENTAL_SHELF,1,kv,Movie,"""NULL"""
ICON_TERRAIN_CONTINENTAL_SHELF,2,kv,Gameplay,"""TERRAIN_WATER_SHELF_GAMEPLAY"""
ICON_TERRAIN_CONTINENTAL_SHELF,3,kv,Historical,"""NULL"""
ICON_TERRAIN_CONTINENTAL_SHELF,4,kv,Prereq,"""TERRAIN_WATER_SHELF_PREREQ"""
ICON_TERRAIN_CONTINENTAL_SHELF,5,kv,Vari,"""TERRAIN_WATER_SHELF_STATISTICS"""
ICON_TERRAIN_CONTINENTAL_SHELF,6,kv,Icon,"""UPNI14.tga"""
ICON_TERRAIN_CONTINENTAL_SHELF,7,kv,LargeIcon,"""NULL"""
ICON_TERRAIN_CONTINENTAL_SHELF,8,kv,SmallIcon,"""NULL"""
ICON_TERRAIN_CONTINENTAL_SHELF,9,kv,StatText,"""NULL"""
ICON_TERRAIN_CORAL_REEF,0,kv,FirstFrame,"""UPNP024L.TGA"""
ICON_TERRAIN_CORAL_REEF,1,kv,Movie,"""NULL"""
ICON_TERRAIN_CORAL_REEF,2,kv,Gameplay,"""TERRAIN_WATER_REEF_GAMEPLAY"""
ICON_TERRAIN_CORAL_REEF,3,kv,Historical,"""NULL"""
ICON_TERRAIN_CORAL_REEF,4,kv,Prereq,"""TERRAIN_WATER_REEF_PREREQ"""
ICON_TERRAIN_CORAL_REEF,5,kv,Vari,"""TERRAIN_WATER_REEF_STATISTICS"""
ICON_TERRAIN_CORAL_REEF,6,kv,Icon,"""UPNI24.tga"""
ICON_TERRAIN_CORAL_REEF,7,kv,LargeIcon,"""NULL"""
ICON_TERRAIN_CORAL_REEF,8,kv,SmallIcon,"""NULL"""
ICON_TERRAIN_CORAL_REEF,9,kv,StatText,"""NULL"""
ICON_TERRAIN_DEAD,0,kv,FirstFrame,"""UPNP017L.TGA"""
ICON_TERRAIN_DEAD,1,kv,Movie,"""NULL"""
ICON_TERRAIN_DEAD,2,kv,Gameplay,"""TERRAIN_DEAD_GAMEPLAY"""
ICON_TERRAIN_DEAD,3,kv,Historical,"""NULL"""
ICON_TERRAIN_DEAD,4,kv,Prereq,"""TERRAIN_DEAD_PREREQ"""
ICON_TERRAIN_DEAD,5,kv,Vari,"""TERRAIN_DEAD_STATISTICS"""
ICON_TERRAIN_DEAD,6,kv,Icon,"""UPNI17.tga"""
ICON_TERRAIN_DEAD,7,kv,LargeIcon,"""NULL"""
ICON_TERRAIN_DEAD,8,kv,SmallIcon,"""NULL"""
ICON_TERRAIN_DEAD,9,kv,StatText,"""NULL"""
ICON_TERRAIN_DEEP_WATER,0,kv,FirstFrame,"""UPNP011L.TGA"""
ICON_TERRAIN_DEEP_WATER,1,kv,Movie,"""NULL"""
ICON_TERRAIN_DEEP_WATER,2,kv,Gameplay,"""TERRAIN_WATER_DEEP_GAMEPLAY"""
ICON_TERRAIN_DEEP_WATER,3,kv,Historical,"""NULL"""
ICON_TERRAIN_DEEP_WATER,4,kv,Prereq,"""TERRAIN_WATER_DEEP_PREREQ"""
ICON_TERRAIN_DEEP_WATER,5,kv,Vari,"""TERRAIN_WATER_DEEP_STATISTICS"""
ICON_TERRAIN_DEEP_WATER,6,kv,Icon,"""UPNI11.tga"""
ICON_TERRAIN_DEEP_WATER,7,kv,LargeIcon,"""NULL"""
ICON_TERRAIN_DEEP_WATER,8,kv,SmallIcon,"""NULL"""
ICON_TERRAIN_DEEP_WATER,9,kv,StatText,"""NULL"""
ICON_TERRAIN_DEFAULT,0,kv,FirstFrame,"""UPLG001.TGA"""
ICON_TERRAIN_DEFAULT,1,kv,Movie,"""NULL"""
ICON_TERRAIN_DEFAULT,2,kv,Gameplay,"""NULL"""
ICON_TERRAIN_DEFAULT,3,kv,Historical,"""NULL"""
ICON_TERRAIN_DEFAULT,4,kv,Prereq,"""NULL"""
ICON_TERRAIN_DEFAULT,5,kv,Vari,"""NULL"""
ICON_TERRAIN_DEFAULT,6,kv,Icon,"""UPNI17.tga"""
ICON_TERRAIN_DEFAULT,7,kv,LargeIcon,"""NULL"""
ICON_TERRAIN_DEFAULT,8,kv,SmallIcon,"""NULL"""
ICON_TERRAIN_DEFAULT,9,kv,StatText,"""NULL"""
ICON_TERRAIN_DESERTS,0,kv,FirstFrame,"""UPNP005L.TGA"""
ICON_TERRAIN_DESERTS,1,kv,Movie,"""NULL"""
ICON_TERRAIN_DESERTS,2,kv,Gameplay,"""TERRAIN_DESERT_GAMEPLAY"""
ICON_TERRAIN_DESERTS,3,kv,Historical,"""NULL"""
ICON_TERRAIN_DESERTS,4,kv,Prereq,"""TERRAIN_DESERT_PREREQ"""
ICON_TERRAIN_DESERTS,5,kv,Vari,"""TERRAIN_DESERT_STATISTICS"""
ICON_TERRAIN_DESERTS,6,kv,Icon,"""UPNI05.tga"""
ICON_TERRAIN_DESERTS,7,kv,LargeIcon,"""NULL"""
ICON_TERRAIN_DESERTS,8,kv,SmallIcon,"""NULL"""
ICON_TERRAIN_DESERTS,9,kv,StatText,"""NULL"""
ICON_TERRAIN_FORESTS,0,kv,FirstFrame,"""UPNP022L.TGA"""
ICON_TERRAIN_FORESTS,1,kv,Movie,"""NULL"""
ICON_TERRAIN_FORESTS,2,kv,Gameplay,"""TERRAIN_FOREST_GAMEPLAY"""
ICON_TERRAIN_FORESTS,3,kv,Historical,"""NULL"""
ICON_TERRAIN_FORESTS,4,kv,Prereq,"""TERRAIN_FOREST_PREREQ"""
ICON_TERRAIN_FORESTS,5,kv,Vari,"""TERRAIN_FOREST_STATISTICS"""
ICON_TERRAIN_FORESTS,6,kv,Icon,"""UPNI22.tga"""
ICON_TERRAIN_FORESTS,7,kv,LargeIcon,"""NULL"""
ICON_TERRAIN_FORESTS,8,kv,SmallIcon,"""NULL"""
ICON_TERRAIN_FORESTS,9,kv,StatText,"""NULL"""
ICON_TERRAIN_GLACIERS,0,kv,FirstFrame,"""UPNP003L.TGA"""
ICON_TERRAIN_GLACIERS,1,kv,Movie,"""NULL"""
ICON_TERRAIN_GLACIERS,2,kv,Gameplay,"""TERRAIN_GLACIER_GAMEPLAY"""
ICON_TERRAIN_GLACIERS,3,kv,Historical,"""NULL"""
ICON_TERRAIN_GLACIERS,4,kv,Prereq,"""TERRAIN_GLACIER_PREREQ"""
ICON_TERRAIN_GLACIERS,5,kv,Vari,"""TERRAIN_GLACIER_STATISTICS"""
ICON_TERRAIN_GLACIERS,6,kv,Icon,"""UPNI03.tga"""
ICON_TERRAIN_GLACIERS,7,kv,LargeIcon,"""NULL"""
ICON_TERRAIN_GLACIERS,8,kv,SmallIcon,"""NULL"""
ICON_TERRAIN_GLACIERS,9,kv,StatText,"""NULL"""
ICON_TERRAIN_GRASSLANDS,0,kv,FirstFrame,"""UPNP004L.TGA"""
ICON_TERRAIN_GRASSLANDS,1,kv,Movie,"""NULL"""
ICON_TERRAIN_GRASSLANDS,2,kv,Gameplay,"""TERRAIN_GRASSLAND_GAMEPLAY"""
ICON_TERRAIN_GRASSLANDS,3,kv,Historical,"""NULL"""
ICON_TERRAIN_GRASSLANDS,4,kv,Prereq,"""TERRAIN_GRASSLAND_PREREQ"""
ICON_TERRAIN_GRASSLANDS,5,kv,Vari,"""TERRAIN_GRASSLAND_STATISTICS"""
ICON_TERRAIN_GRASSLANDS,6,kv,Icon,"""UPNI04.tga"""
ICON_TERRAIN_GRASSLANDS,7,kv,LargeIcon,"""NULL"""
ICON_TERRAIN_GRASSLANDS,8,kv,SmallIcon,"""NULL"""
ICON_TERRAIN_GRASSLANDS,9,kv,StatText,"""NULL"""
ICON_TERRAIN_HILLS,0,kv,FirstFrame,"""UPNP009L.TGA"""
ICON_TERRAIN_HILLS,1,kv,Movie,"""NULL"""
ICON_TERRAIN_HILLS,2,kv,Gameplay,"""TERRAIN_HILL_GAMEPLAY"""
ICON_TERRAIN_HILLS,3,kv,Historical,"""NULL"""
ICON_TERRAIN_HILLS,4,kv,Prereq,"""TERRAIN_HILL_PREREQ"""
ICON_TERRAIN_HILLS,5,kv,Vari,"""TERRAIN_HILL_STATISTICS"""
ICON_TERRAIN_HILLS,6,kv,Icon,"""UPNI09.tga"""
ICON_TERRAIN_HILLS,7,kv,LargeIcon,"""NULL"""
ICON_TERRAIN_HILLS,8,kv,SmallIcon,"""NULL"""
ICON_TERRAIN_HILLS,9,kv,StatText,"""NULL"""
ICON_TERRAIN_JUNGLES,0,kv,FirstFrame,"""UPNP007L.TGA"""
ICON_TERRAIN_JUNGLES,1,kv,Movie,"""NULL"""
ICON_TERRAIN_JUNGLES,2,kv,Gameplay,"""TERRAIN_JUNGLE_GAMEPLAY"""
ICON_TERRAIN_JUNGLES,3,kv,Historical,"""NULL"""
ICON_TERRAIN_JUNGLES,4,kv,Prereq,"""TERRAIN_JUNGLE_PREREQ"""
ICON_TERRAIN_JUNGLES,5,kv,Vari,"""TERRAIN_JUNGLE_STATISTICS"""
ICON_TERRAIN_JUNGLES,6,kv,Icon,"""UPNI07.tga"""
ICON_TERRAIN_JUNGLES,7,kv,LargeIcon,"""NULL"""
ICON_TERRAIN_JUNGLES,8,kv,SmallIcon,"""NULL"""
ICON_TERRAIN_JUNGLES,9,kv,StatText,"""NULL"""
ICON_TERRAIN_KELP_BED,0,kv,FirstFrame,"""UPNP023L.TGA"""
ICON_TERRAIN_KELP_BED,1,kv,Movie,"""NULL"""
ICON_TERRAIN_KELP_BED,2,kv,Gameplay,"""TERRAIN_WATER_KELP_GAMEPLAY"""
ICON_TERRAIN_KELP_BED,3,kv,Historical,"""NULL"""
ICON_TERRAIN_KELP_BED,4,kv,Prereq,"""TERRAIN_WATER_KELP_PREREQ"""
ICON_TERRAIN_KELP_BED,5,kv,Vari,"""TERRAIN_WATER_KELP_STATISTICS"""
ICON_TERRAIN_KELP_BED,6,kv,Icon,"""UPNI23.tga"""
ICON_TERRAIN_KELP_BED,7,kv,LargeIcon,"""NULL"""
ICON_TERRAIN_KELP_BED,8,kv,SmallIcon,"""NULL"""
ICON_TERRAIN_KELP_BED,9,kv,StatText,"""NULL"""
ICON_TERRAIN_MOUNTAIN,0,kv,FirstFrame,"""UPNP008L.TGA"""
ICON_TERRAIN_MOUNTAIN,1,kv,Movie,"""NULL"""
ICON_TERRAIN_MOUNTAIN,2,kv,Gameplay,"""TERRAIN_MOUNTAIN_GAMEPLAY"""
ICON_TERRAIN_MOUNTAIN,3,kv,Historical,"""NULL"""
ICON_TERRAIN_MOUNTAIN,4,kv,Prereq,"""TERRAIN_MOUNTAIN_PREREQ"""
ICON_TERRAIN_MOUNTAIN,5,kv,Vari,"""TERRAIN_MOUNTAIN_STATISTICS"""
ICON_TERRAIN_MOUNTAIN,6,kv,Icon,"""UPNI08.tga"""
ICON_TERRAIN_MOUNTAIN,7,kv,LargeIcon,"""NULL"""
ICON_TERRAIN_MOUNTAIN,8,kv,SmallIcon,"""NULL"""
ICON_TERRAIN_MOUNTAIN,9,kv,StatText,"""NULL"""
ICON_TERRAIN_PLAINS,0,kv,FirstFrame,"""UPNP001L.TGA"""
ICON_TERRAIN_PLAINS,1,kv,Movie,"""NULL"""
ICON_TERRAIN_PLAINS,2,kv,Gameplay,"""TERRAIN_PLAINS_GAMEPLAY"""
ICON_TERRAIN_PLAINS,3,kv,Historical,"""NULL"""
ICON_TERRAIN_PLAINS,4,kv,Prereq,"""TERRAIN_PLAINS_PREREQ"""
ICON_TERRAIN_PLAINS,5,kv,Vari,"""TERRAIN_PLAINS_STATISTICS"""
ICON_TERRAIN_PLAINS,6,kv,Icon,"""UPNI01.tga"""
ICON_TERRAIN_PLAINS,7,kv,LargeIcon,"""NULL"""
ICON_TERRAIN_PLAINS,8,kv,SmallIcon,"""NULL"""
ICON_TERRAIN_PLAINS,9,kv,StatText,"""NULL"""
ICON_TERRAIN_RIFT,0,kv,FirstFrame,"""UPNP016L.TGA"""
ICON_TERRAIN_RIFT,1,kv,Movie,"""NULL"""
ICON_TERRAIN_RIFT,2,kv,Gameplay,"""TERRAIN_WATER_RIFT_GAMEPLAY"""
ICON_TERRAIN_RIFT,3,kv,Historical,"""NULL"""
ICON_TERRAIN_RIFT,4,kv,Prereq,"""TERRAIN_WATER_RIFT_PREREQ"""
ICON_TERRAIN_RIFT,5,kv,Vari,"""TERRAIN_WATER_RIFT_STATISTICS"""
ICON_TERRAIN_RIFT,6,kv,Icon,"""UPNI16.tga"""
ICON_TERRAIN_RIFT,7,kv,LargeIcon,"""NULL"""
ICON_TERRAIN_RIFT,8,kv,SmallIcon,"""NULL"""
ICON_TERRAIN_RIFT,9,kv,StatText,"""NULL"""
ICON_TERRAIN_SHALLOW_WATER,0,kv,FirstFrame,"""UPNP010L.TGA"""
ICON_TERRAIN_SHALLOW_WATER,1,kv,Movie,"""NULL"""
ICON_TERRAIN_SHALLOW_WATER,2,kv,Gameplay,"""TERRAIN_WATER_SHALLOW_GAMEPLAY"""
ICON_TERRAIN_SHALLOW_WATER,3,kv,Historical,"""NULL"""
ICON_TERRAIN_SHALLOW_WATER,4,kv,Prereq,"""TERRAIN_WATER_SHALLOW_PREREQ"""
ICON_TERRAIN_SHALLOW_WATER,5,kv,Vari,"""TERRAIN_WATER_SHALLOW_STATISTICS"""
ICON_TERRAIN_SHALLOW_WATER,6,kv,Icon,"""UPNI10.tga"""
ICON_TERRAIN_SHALLOW_WATER,7,kv,LargeIcon,"""NULL"""
ICON_TERRAIN_SHALLOW_WATER,8,kv,SmallIcon,"""NULL"""
ICON_TERRAIN_SHALLOW_WATER,9,kv,StatText,"""NULL"""
ICON_TERRAIN_SWAMPS,0,kv,FirstFrame,"""UPNP006L.TGA"""
ICON_TERRAIN_SWAMPS,1,kv,Movie,"""NULL"""
ICON_TERRAIN_SWAMPS,2,kv,Gameplay,"""TERRAIN_SWAMP_GAMEPLAY"""
ICON_TERRAIN_SWAMPS,3,kv,Historical,"""NULL"""
ICON_TERRAIN_SWAMPS,4,kv,Prereq,"""TERRAIN_SWAMP_PREREQ"""
ICON_TERRAIN_SWAMPS,5,kv,Vari,"""TERRAIN_SWAMP_STATISTICS"""
ICON_TERRAIN_SWAMPS,6,kv,Icon,"""UPNI06.tga"""
ICON_TERRAIN_SWAMPS,7,kv,LargeIcon,"""NULL"""
ICON_TERRAIN_SWAMPS,8,kv,SmallIcon,"""NULL"""
ICON_TERRAIN_SWAMPS,9,kv,StatText,"""NULL"""
ICON_TERRAIN_TRENCH,0,kv,FirstFrame,"""UPNP015L.TGA"""
ICON_TERRAIN_TRENCH,1,kv,Movie,"""NULL"""
ICON_TERRAIN_TRENCH,2,kv,Gameplay,"""TERRAIN_TRENCH_GAMEPLAY"""
ICON_TERRAIN_TRENCH,3,kv,Historical,"""NULL"""
ICON_TERRAIN_TRENCH,4,kv,Prereq,"""TERRAIN_TRENCH_PREREQ"""
ICON_TERRAIN_TRENCH,5,kv,Vari,"""TERRAIN_TRENCH_STATISTICS"""
ICON_TERRAIN_TRENCH,6,kv,Icon,"""UPNI15.tga"""
ICON_TERRAIN_TRENCH,7,kv,LargeIcon,"""NULL"""
ICON_TERRAIN_TRENCH,8,kv,SmallIcon,"""NULL"""
ICON_TERRAIN_TRENCH,9,kv,StatText,"""NULL"""
ICON_TERRAIN_TUNDRA,0,kv,FirstFrame,"""UPNP002L.TGA"""
ICON_TERRAIN_TUNDRA,1,kv,Movie,"""NULL"""
ICON_TERRAIN_TUNDRA,2,kv,Gameplay,"""TERRAIN_TUNDRA_GAMEPLAY"""
ICON_TERRAIN_TUNDRA,3,kv,Historical,"""NULL"""
ICON_TERRAIN_TUNDRA,4,kv,Prereq,"""TERRAIN_TUNDRA_PREREQ"""
ICON_TERRAIN_TUNDRA,5,kv,Vari,"""TERRAIN_TUNDRA_STATISTICS"""
ICON_TERRAIN_TUNDRA,6,kv,Icon,"""UPNI02.tga"""
ICON_TERRAIN_TUNDRA,7,kv,LargeIcon,"""NULL"""
ICON_TERRAIN_TUNDRA,8,kv,SmallIcon,"""NULL"""
ICON_TERRAIN_TUNDRA,9,kv,StatText,"""NULL"""
ICON_TERRAIN_VOLCANO,0,kv,FirstFrame,"""UPNP012L.TGA"""
ICON_TERRAIN_VOLCANO,1,kv,Movie,"""NULL"""
ICON_TERRAIN_VOLCANO,2,kv,Gameplay,"""TERRAIN_WATER_VOLCANO_GAMEPLAY"""
ICON_TERRAIN_VOLCANO,3,kv,Historical,"""NULL"""
ICON_TERRAIN_VOLCANO,4,kv,Prereq,"""TERRAIN_WATER_VOLCANO_PREREQ"""
ICON_TERRAIN_VOLCANO,5,kv,Vari,"""TERRAIN_WATER_VOLCANO_STATISTICS"""
ICON_TERRAIN_VOLCANO,6,kv,Icon,"""UPNI12.tga"""
ICON_TERRAIN_VOLCANO,7,kv,LargeIcon,"""NULL"""
ICON_TERRAIN_VOLCANO,8,kv,SmallIcon,"""NULL"""
ICON_TERRAIN_VOLCANO,9,kv,StatText,"""NULL"""
ICON_TERRAIN_WHILLS,0,kv,FirstFrame,"""UPNP020L.TGA"""
ICON_TERRAIN_WHILLS,1,kv,Movie,"""NULL"""
ICON_TERRAIN_WHILLS,2,kv,Gameplay,"""TERRAIN_WHITE_HILL_GAMEPLAY"""
ICON_TERRAIN_WHILLS,3,kv,Historical,"""NULL"""
ICON_TERRAIN_WHILLS,4,kv,Prereq,"""TERRAIN_WHITE_HILL_PREREQ"""
ICON_TERRAIN_WHILLS,5,kv,Vari,"""TERRAIN_WHITE_HILL_STATISTICS"""
ICON_TERRAIN_WHILLS,6,kv,Icon,"""UPNI20.tga"""
ICON_TERRAIN_WHILLS,7,kv,LargeIcon,"""NULL"""
ICON_TERRAIN_WHILLS,8,kv,SmallIcon,"""NULL"""
ICON_TERRAIN_WHILLS,9,kv,StatText,"""NULL"""
ICON_TERRAIN_WMOUNTAIN,0,kv,FirstFrame,"""UPNP021L.TGA"""
ICON_TERRAIN_WMOUNTAIN,1,kv,Movie,"""NULL"""
ICON_TERRAIN_WMOUNTAIN,2,kv,Gameplay,"""TERRAIN_WHITE_MOUNTAIN_GAMEPLAY"""
ICON_TERRAIN_WMOUNTAIN,3,kv,Historical,"""NULL"""
ICON_TERRAIN_WMOUNTAIN,4,kv,Prereq,"""TERRAIN_WHITE_MOUNTAIN_PREREQ"""
ICON_TERRAIN_WMOUNTAIN,5,kv,Vari,"""TERRAIN_WHITE_MOUNTAIN_STATISTICS"""
ICON_TERRAIN_WMOUNTAIN,6,kv,Icon,"""UPNI21.tga"""
ICON_TERRAIN_WMOUNTAIN,7,kv,LargeIcon,"""NULL"""
ICON_TERRAIN_WMOUNTAIN,8,kv,SmallIcon,"""NULL"""
ICON_TERRAIN_WMOUNTAIN,9,kv,StatText,"""NULL"""
ICON_TILEIMP_ADVANCED_FARMS,0,kv,FirstFrame,"""UPTP002L.TGA"""
ICON_TILEIMP_ADVANCED_FARMS,1,kv,Movie,"""NULL"""
ICON_TILEIMP_ADVANCED_FARMS,2,kv,Gameplay,"""TILEIMP_ADVANCED_FARMS_GAMEPLAY"""
ICON_TILEIMP_ADVANCED_FARMS,3,kv,Historical,"""NULL"""
ICON_TILEIMP_ADVANCED_FARMS,4,kv,Prereq,"""TILEIMP_ADVANCED_FARMS_PREREQ"""
ICON_TILEIMP_ADVANCED_FARMS,5,kv,Vari,"""TILEIMP_ADVANCED_FARMS_STATISTICS"""
ICON_TILEIMP_ADVANCED_FARMS,6,kv,Icon,"""UPTI02.tga"""
ICON_TILEIMP_ADVANCED_FARMS,7,kv,LargeIcon,"""NULL"""
ICON_TILEIMP_ADVANCED_FARMS,8,kv,SmallIcon,"""NULL"""
ICON_TILEIMP_ADVANCED_FARMS,9,kv,StatText,"""NULL"""
ICON_TILEIMP_ADVANCED_MINES,0,kv,FirstFrame,"""UPTP005L.TGA"""
ICON_TILEIMP_ADVANCED_MINES,1,kv,Movie,"""NULL"""
ICON_TILEIMP_ADVANCED_MINES,2,kv,Gameplay,"""TILEIMP_ADVANCED_MINES_GAMEPLAY"""
ICON_TILEIMP_ADVANCED_MINES,3,kv,Historical,"""NULL"""
ICON_TILEIMP_ADVANCED_MINES,4,kv,Prereq,"""TILEIMP_ADVANCED_MINES_PREREQ"""
ICON_TILEIMP_ADVANCED_MINES,5,kv,Vari,"""TILEIMP_ADVANCED_MINES_STATISTICS"""
ICON_TILEIMP_ADVANCED_MINES,6,kv,Icon,"""UPTI05.tga"""
ICON_TILEIMP_ADVANCED_MINES,7,kv,LargeIcon,"""NULL"""
ICON_TILEIMP_ADVANCED_MINES,8,kv,SmallIcon,"""NULL"""
ICON_TILEIMP_ADVANCED_MINES,9,kv,StatText,"""NULL"""
ICON_TILEIMP_ADVANCED_UNDERSEA_MINES,0,kv,FirstFrame,"""UPTP017L.TGA"""
ICON_TILEIMP_ADVANCED_UNDERSEA_MINES,1,kv,Movie,"""NULL"""
ICON_TILEIMP_ADVANCED_UNDERSEA_MINES,2,kv,Gameplay,"""TILEIMP_ADVANCED_UNDERSEA_MINES_GAMEPLAY"""
ICON_TILEIMP_ADVANCED_UNDERSEA_MINES,3,kv,Historical,"""NULL"""
ICON_TILEIMP_ADVANCED_UNDERSEA_MINES,4,kv,Prereq,"""TILEIMP_ADVANCED_UNDERSEA_MINES_PREREQ"""
ICON_TILEIMP_ADVANCED_UNDERSEA_MINES,5,kv,Vari,"""TILEIMP_ADVANCED_UNDERSEA_MINES_STATISTICS"""
ICON_TILEIMP_ADVANCED_UNDERSEA_MINES,6,kv,Icon,"""UPTI17.tga"""
ICON_TILEIMP_ADVANCED_UNDERSEA_MINES,7,kv,LargeIcon,"""NULL"""
ICON_TILEIMP_ADVANCED_UNDERSEA_MINES,8,kv,SmallIcon,"""NULL"""
ICON_TILEIMP_ADVANCED_UNDERSEA_MINES,9,kv,StatText,"""NULL"""
ICON_TILEIMP_AIR_BASES,0,kv,FirstFrame,"""UPTP021L.TGA"""
ICON_TILEIMP_AIR_BASES,1,kv,Movie,"""NULL"""
ICON_TILEIMP_AIR_BASES,2,kv,Gameplay,"""TILEIMP_AIR_BASES_GAMEPLAY"""
ICON_TILEIMP_AIR_BASES,3,kv,Historical,"""NULL"""
ICON_TILEIMP_AIR_BASES,4,kv,Prereq,"""TILEIMP_AIR_BASES_PREREQ"""
ICON_TILEIMP_AIR_BASES,5,kv,Vari,"""TILEIMP_AIR_BASES_STATISTICS"""
ICON_TILEIMP_AIR_BASES,6,kv,Icon,"""UPTI21.tga"""
ICON_TILEIMP_AIR_BASES,7,kv,LargeIcon,"""NULL"""
ICON_TILEIMP_AIR_BASES,8,kv,SmallIcon,"""NULL"""
ICON_TILEIMP_AIR_BASES,9,kv,StatText,"""NULL"""
ICON_TILEIMP_AUTOMATED_FISHERIES,0,kv,FirstFrame,"""UPTP015L.TGA"""
ICON_TILEIMP_AUTOMATED_FISHERIES,1,kv,Movie,"""NULL"""
ICON_TILEIMP_AUTOMATED_FISHERIES,2,kv,Gameplay,"""TILEIMP_AUTOMATED_FISHERIES_GAMEPLAY"""
ICON_TILEIMP_AUTOMATED_FISHERIES,3,kv,Historical,"""NULL"""
ICON_TILEIMP_AUTOMATED_FISHERIES,4,kv,Prereq,"""TILEIMP_AUTOMATED_FISHERIES_PREREQ"""
ICON_TILEIMP_AUTOMATED_FISHERIES,5,kv,Vari,"""TILEIMP_AUTOMATED_FISHERIES_STATISTICS"""
ICON_TILEIMP_AUTOMATED_FISHERIES,6,kv,Icon,"""UPTI15.tga"""
ICON_TILEIMP_AUTOMATED_FISHERIES,7,kv,LargeIcon,"""NULL"""
ICON_TILEIMP_AUTOMATED_FISHERIES,8,kv,SmallIcon,"""NULL"""
ICON_TILEIMP_AUTOMATED_FISHERIES,9,kv,StatText,"""NULL"""
ICON_TILEIMP_DEFAULT,0,kv,FirstFrame,"""UPLG001.TGA"""
ICON_TILEIMP_DEFAULT,1,kv,Movie,"""NULL"""
ICON_TILEIMP_DEFAULT,2,kv,Gameplay,"""NULL"""
ICON_TILEIMP_DEFAULT,3,kv,Historical,"""NULL"""
ICON_TILEIMP_DEFAULT,4,kv,Prereq,"""NULL"""
ICON_TILEIMP_DEFAULT,5,kv,Vari,"""NULL"""
ICON_TILEIMP_DEFAULT,6,kv,Icon,"""UPTI25.tga"""
ICON_TILEIMP_DEFAULT,7,kv,LargeIcon,"""NULL"""
ICON_TILEIMP_DEFAULT,8,kv,SmallIcon,"""NULL"""
ICON_TILEIMP_DEFAULT,9,kv,StatText,"""NULL"""
ICON_TILEIMP_DRILLING_PLATFORM,0,kv,FirstFrame,"""UPTP027L.TGA"""
ICON_TILEIMP_DRILLING_PLATFORM,1,kv,Movie,"""NULL"""
ICON_TILEIMP_DRILLING_PLATFORM,2,kv,Gameplay,"""TILEIMP_DRILLING_PLATFORM_GAMEPLAY"""
ICON_TILEIMP_DRILLING_PLATFORM,3,kv,Historical,"""NULL"""
ICON_TILEIMP_DRILLING_PLATFORM,4,kv,Prereq,"""TILEIMP_DRILLING_PLATFORM_PREREQ"""
ICON_TILEIMP_DRILLING_PLATFORM,5,kv,Vari,"""TILEIMP_DRILLING_PLATFORM_STATISTICS"""
ICON_TILEIMP_DRILLING_PLATFORM,6,kv,Icon,"""UPTI27.tga"""
ICON_TILEIMP_DRILLING_PLATFORM,7,kv,LargeIcon,"""NULL"""
ICON_TILEIMP_DRILLING_PLATFORM,8,kv,SmallIcon,"""NULL"""
ICON_TILEIMP_DRILLING_PLATFORM,9,kv,StatText,"""NULL"""
ICON_TILEIMP_FARMS,0,kv,FirstFrame,"""UPTP001L.TGA"""
ICON_TILEIMP_FARMS,1,kv,Movie,"""NULL"""
ICON_TILEIMP_FARMS,2,kv,Gameplay,"""TILEIMP_FARMS_GAMEPLAY"""
ICON_TILEIMP_FARMS,3,kv,Historical,"""NULL"""
ICON_TILEIMP_FARMS,4,kv,Prereq,"""TILEIMP_FARMS_PREREQ"""
ICON_TILEIMP_FARMS,5,kv,Vari,"""TILEIMP_FARMS_STATISTICS"""
ICON_TILEIMP_FARMS,6,kv,Icon,"""UPTI01.tga"""
ICON_TILEIMP_FARMS,7,kv,LargeIcon,"""NULL"""
ICON_TILEIMP_FARMS,8,kv,SmallIcon,"""NULL"""
ICON_TILEIMP_FARMS,9,kv,StatText,"""NULL"""
ICON_TILEIMP_FISHERIES,0,kv,FirstFrame,"""UPTP014L.TGA"""
ICON_TILEIMP_FISHERIES,1,kv,Movie,"""NULL"""
ICON_TILEIMP_FISHERIES,2,kv,Gameplay,"""TILEIMP_FISHERIES_GAMEPLAY"""
ICON_TILEIMP_FISHERIES,3,kv,Historical,"""NULL"""
ICON_TILEIMP_FISHERIES,4,kv,Prereq,"""TILEIMP_FISHERIES_PREREQ"""
ICON_TILEIMP_FISHERIES,5,kv,Vari,"""TILEIMP_FISHERIES_STATISTICS"""
ICON_TILEIMP_FISHERIES,6,kv,Icon,"""UPTI14.tga"""
ICON_TILEIMP_FISHERIES,7,kv,LargeIcon,"""NULL"""
ICON_TILEIMP_FISHERIES,8,kv,SmallIcon,"""NULL"""
ICON_TILEIMP_FISHERIES,9,kv,StatText,"""NULL"""
ICON_TILEIMP_FORTIFICATIONS,0,kv,FirstFrame,"""UPTP020L.TGA"""
ICON_TILEIMP_FORTIFICATIONS,1,kv,Movie,"""NULL"""
ICON_TILEIMP_FORTIFICATIONS,2,kv,Gameplay,"""TILEIMP_FORTIFICATIONS_GAMEPLAY"""
ICON_TILEIMP_FORTIFICATIONS,3,kv,Historical,"""NULL"""
ICON_TILEIMP_FORTIFICATIONS,4,kv,Prereq,"""TILEIMP_FORTIFICATIONS_PREREQ"""
ICON_TILEIMP_FORTIFICATIONS,5,kv,Vari,"""TILEIMP_FORTIFICATIONS_STATISTICS"""
ICON_TILEIMP_FORTIFICATIONS,6,kv,Icon,"""UPTI29.tga"""
ICON_TILEIMP_FORTIFICATIONS,7,kv,LargeIcon,"""NULL"""
ICON_TILEIMP_FORTIFICATIONS,8,kv,SmallIcon,"""NULL"""
ICON_TILEIMP_FORTIFICATIONS,9,kv,StatText,"""NULL"""
ICON_TILEIMP_HYDROPONIC_FARMS,0,kv,FirstFrame,"""UPTP003L.TGA"""
ICON_TILEIMP_HYDROPONIC_FARMS,1,kv,Movie,"""NULL"""
ICON_TILEIMP_HYDROPONIC_FARMS,2,kv,Gameplay,"""TILEIMP_HYDROPONIC_FARMS_GAMEPLAY"""
ICON_TILEIMP_HYDROPONIC_FARMS,3,kv,Historical,"""NULL"""
ICON_TILEIMP_HYDROPONIC_FARMS,4,kv,Prereq,"""TILEIMP_HYDROPONIC_FARMS_PREREQ"""
ICON_TILEIMP_HYDROPONIC_FARMS,5,kv,Vari,"""TILEIMP_HYDROPONIC_FARMS_STATISTICS"""
ICON_TILEIMP_HYDROPONIC_FARMS,6,kv,Icon,"""UPTI03.tga"""
ICON_TILEIMP_HYDROPONIC_FARMS,7,kv,LargeIcon,"""NULL"""
ICON_TILEIMP_HYDROPONIC_FARMS,8,kv,SmallIcon,"""NULL"""
ICON_TILEIMP_HYDROPONIC_FARMS,9,kv,StatText,"""NULL"""
ICON_TILEIMP_LISTENING_POSTS,0,kv,FirstFrame,"""UPTP022L.TGA"""
ICON_TILEIMP_LISTENING_POSTS,1,kv,Movie,"""NULL"""
ICON_TILEIMP_LISTENING_POSTS,2,kv,Gameplay,"""TILEIMP_LISTENING_POSTS_GAMEPLAY"""
ICON_TILEIMP_LISTENING_POSTS,3,kv,Historical,"""NULL"""
ICON_TILEIMP_LISTENING_POSTS,4,kv,Prereq,"""TILEIMP_LISTENING_POSTS_PREREQ"""
ICON_TILEIMP_LISTENING_POSTS,5,kv,Vari,"""TILEIMP_LISTENING_POSTS_STATISTICS"""
ICON_TILEIMP_LISTENING_POSTS,6,kv,Icon,"""UPTI22.tga"""
ICON_TILEIMP_LISTENING_POSTS,7,kv,LargeIcon,"""NULL"""
ICON_TILEIMP_LISTENING_POSTS,8,kv,SmallIcon,"""NULL"""
ICON_TILEIMP_LISTENING_POSTS,9,kv,StatText,"""NULL"""
ICON_TILEIMP_MAGLEV,0,kv,FirstFrame,"""UPTP009L.TGA"""
ICON_TILEIMP_MAGLEV,1,kv,Movie,"""NULL"""
ICON_TILEIMP_MAGLEV,2,kv,Gameplay,"""TILEIMP_MAGLEV_GAMEPLAY"""
ICON_TILEIMP_MAGLEV,3,kv,Historical,"""NULL"""
ICON_TILEIMP_MAGLEV,4,kv,Prereq,"""TILEIMP_MAGLEV_PREREQ"""
ICON_TILEIMP_MAGLEV,5,kv,Vari,"""TILEIMP_MAGLEV_STATISTICS"""
ICON_TILEIMP_MAGLEV,6,kv,Icon,"""UPTI09.tga"""
ICON_TILEIMP_MAGLEV,7,kv,LargeIcon,"""NULL"""
ICON_TILEIMP_MAGLEV,8,kv,SmallIcon,"""NULL"""
ICON_TILEIMP_MAGLEV,9,kv,StatText,"""NULL"""
ICON_TILEIMP_MEGA_MINES,0,kv,FirstFrame,"""UPTP006L.TGA"""
ICON_TILEIMP_MEGA_MINES,1,kv,Movie,"""NULL"""
ICON_TILEIMP_MEGA_MINES,2,kv,Gameplay,"""TILEIMP_MEGA_MINES_GAMEPLAY"""
ICON_TILEIMP_MEGA_MINES,3,kv,Historical,"""NULL"""
ICON_TILEIMP_MEGA_MINES,4,kv,Prereq,"""TILEIMP_MEGA_MINES_PREREQ"""
ICON_TILEIMP_MEGA_MINES,5,kv,Vari,"""TILEIMP_MEGA_MINES_STATISTICS"""
ICON_TILEIMP_MEGA_MINES,6,kv,Icon,"""UPTI06.tga"""
ICON_TILEIMP_MEGA_MINES,7,kv,LargeIcon,"""NULL"""
ICON_TILEIMP_MEGA_MINES,8,kv,SmallIcon,"""NULL"""
ICON_TILEIMP_MEGA_MINES,9,kv,StatText,"""NULL"""
ICON_TILEIMP_MEGA_UNDERSEA_MINES,0,kv,FirstFrame,"""UPTP018L.TGA"""
ICON_TILEIMP_MEGA_UNDERSEA_MINES,1,kv,Movie,"""NULL"""
ICON_TILEIMP_MEGA_UNDERSEA_MINES,2,kv,Gameplay,"""TILEIMP_MEGA_UNDERSEA_MINES_GAMEPLAY"""
ICON_TILEIMP_MEGA_UNDERSEA_MINES,3,kv,Historical,"""NULL"""
ICON_TILEIMP_MEGA_UNDERSEA_MINES,4,kv,Prereq,"""TILEIMP_MEGA_UNDERSEA_MINES_PREREQ"""
ICON_TILEIMP_MEGA_UNDERSEA_MINES,5,kv,Vari,"""TILEIMP_MEGA_UNDERSEA_MINES_STATISTICS"""
ICON_TILEIMP_MEGA_UNDERSEA_MINES,6,kv,Icon,"""UPTI18.tga"""
ICON_TILEIMP_MEGA_UNDERSEA_MINES,7,kv,LargeIcon,"""NULL"""
ICON_TILEIMP_MEGA_UNDERSEA_MINES,8,kv,SmallIcon,"""NULL"""
ICON_TILEIMP_MEGA_UNDERSEA_MINES,9,kv,StatText,"""NULL"""
ICON_TILEIMP_MINES,0,kv,FirstFrame,"""UPTP004L.TGA"""
ICON_TILEIMP_MINES,1,kv,Movie,"""NULL"""
ICON_TILEIMP_MINES,2,kv,Gameplay,"""TILEIMP_MINES_GAMEPLAY"""
ICON_TILEIMP_MINES,3,kv,Historical,"""NULL"""
ICON_TILEIMP_MINES,4,kv,Prereq,"""TILEIMP_MINES_PREREQ"""
ICON_TILEIMP_MINES,5,kv,Vari,"""TILEIMP_MINES_STATISTICS"""
ICON_TILEIMP_MINES,6,kv,Icon,"""UPTI04.tga"""
ICON_TILEIMP_MINES,7,kv,LargeIcon,"""NULL"""
ICON_TILEIMP_MINES,8,kv,SmallIcon,"""NULL"""
ICON_TILEIMP_MINES,9,kv,StatText,"""NULL"""
ICON_TILEIMP_NATURE_PRESERVE,0,kv,FirstFrame,"""UPTP012L.TGA"""
ICON_TILEIMP_NATURE_PRESERVE,1,kv,Movie,"""NULL"""
ICON_TILEIMP_NATURE_PRESERVE,2,kv,Gameplay,"""TILEIMP_NATURE_PRESERVE_GAMEPLAY"""
ICON_TILEIMP_NATURE_PRESERVE,3,kv,Historical,"""NULL"""
ICON_TILEIMP_NATURE_PRESERVE,4,kv,Prereq,"""TILEIMP_NATURE_PRESERVE_PREREQ"""
ICON_TILEIMP_NATURE_PRESERVE,5,kv,Vari,"""TILEIMP_NATURE_PRESERVE_STATISTICS"""
ICON_TILEIMP_NATURE_PRESERVE,6,kv,Icon,"""UPTI12.tga"""
ICON_TILEIMP_NATURE_PRESERVE,7,kv,LargeIcon,"""NULL"""
ICON_TILEIMP_NATURE_PRESERVE,8,kv,SmallIcon,"""NULL"""
ICON_TILEIMP_NATURE_PRESERVE,9,kv,StatText,"""NULL"""
ICON_TILEIMP_NETS,0,kv,FirstFrame,"""UPTP013L.TGA"""
ICON_TILEIMP_NETS,1,kv,Movie,"""NULL"""
ICON_TILEIMP_NETS,2,kv,Gameplay,"""TILEIMP_NETS_GAMEPLAY"""
ICON_TILEIMP_NETS,3,kv,Historical,"""NULL"""
ICON_TILEIMP_NETS,4,kv,Prereq,"""TILEIMP_NETS_PREREQ"""
ICON_TILEIMP_NETS,5,kv,Vari,"""TILEIMP_NETS_STATISTICS"""
ICON_TILEIMP_NETS,6,kv,Icon,"""UPTI13.tga"""
ICON_TILEIMP_NETS,7,kv,LargeIcon,"""NULL"""
ICON_TILEIMP_NETS,8,kv,SmallIcon,"""NULL"""
ICON_TILEIMP_NETS,9,kv,StatText,"""NULL"""
ICON_TILEIMP_OUTLET_MALL,0,kv,FirstFrame,"""UPTP011L.TGA"""
ICON_TILEIMP_OUTLET_MALL,1,kv,Movie,"""NULL"""
ICON_TILEIMP_OUTLET_MALL,2,kv,Gameplay,"""TILEIMP_OUTLET_MALL_GAMEPLAY"""
ICON_TILEIMP_OUTLET_MALL,3,kv,Historical,"""NULL"""
ICON_TILEIMP_OUTLET_MALL,4,kv,Prereq,"""TILEIMP_OUTLET_MALL_PREREQ"""
ICON_TILEIMP_OUTLET_MALL,5,kv,Vari,"""TILEIMP_OUTLET_MALL_STATISTICS"""
ICON_TILEIMP_OUTLET_MALL,6,kv,Icon,"""UPTI11.tga"""
ICON_TILEIMP_OUTLET_MALL,7,kv,LargeIcon,"""NULL"""
ICON_TILEIMP_OUTLET_MALL,8,kv,SmallIcon,"""NULL"""
ICON_TILEIMP_OUTLET_MALL,9,kv,StatText,"""NULL"""
ICON_TILEIMP_PORT,0,kv,FirstFrame,"""UPTP026L.TGA"""
ICON_TILEIMP_PORT,1,kv,Movie,"""NULL"""
ICON_TILEIMP_PORT,2,kv,Gameplay,"""TILEIMP_PORT_GAMEPLAY"""
ICON_TILEIMP_PORT,3,kv,Historical,"""NULL"""
ICON_TILEIMP_PORT,4,kv,Prereq,"""TILEIMP_PORT_PREREQ"""
ICON_TILEIMP_PORT,5,kv,Vari,"""TILEIMP_PORT_STATISTICS"""
ICON_TILEIMP_PORT,6,kv,Icon,"""UPTI26.tga"""
ICON_TILEIMP_PORT,7,kv,LargeIcon,"""NULL"""
ICON_TILEIMP_PORT,8,kv,SmallIcon,"""NULL"""
ICON_TILEIMP_PORT,9,kv,StatText,"""NULL"""
ICON_TILEIMP_PROCESSING_TOWER,0,kv,FirstFrame,"""UPTP028L.TGA"""
ICON_TILEIMP_PROCESSING_TOWER,1,kv,Movie,"""NULL"""
ICON_TILEIMP_PROCESSING_TOWER,2,kv,Gameplay,"""TILEIMP_PROCESSING_TOWER_GAMEPLAY"""
ICON_TILEIMP_PROCESSING_TOWER,3,kv,Historical,"""NULL"""
ICON_TILEIMP_PROCESSING_TOWER,4,kv,Prereq,"""TILEIMP_PROCESSING_TOWER_PREREQ"""
ICON_TILEIMP_PROCESSING_TOWER,5,kv,Vari,"""TILEIMP_PROCESSING_TOWER_STATISTICS"""
ICON_TILEIMP_PROCESSING_TOWER,6,kv,Icon,"""UPTI28.tga"""
ICON_TILEIMP_PROCESSING_TOWER,7,kv,LargeIcon,"""NULL"""
ICON_TILEIMP_PROCESSING_TOWER,8,kv,SmallIcon,"""NULL"""
ICON_TILEIMP_PROCESSING_TOWER,9,kv,StatText,"""NULL"""
ICON_TILEIMP_RADAR_STATIONS,0,kv,FirstFrame,"""UPTP023L.TGA"""
ICON_TILEIMP_RADAR_STATIONS,1,kv,Movie,"""NULL"""
ICON_TILEIMP_RADAR_STATIONS,2,kv,Gameplay,"""TILEIMP_RADAR_STATIONS_GAMEPLAY"""
ICON_TILEIMP_RADAR_STATIONS,3,kv,Historical,"""NULL"""
ICON_TILEIMP_RADAR_STATIONS,4,kv,Prereq,"""TILEIMP_RADAR_STATIONS_PREREQ"""
ICON_TILEIMP_RADAR_STATIONS,5,kv,Vari,"""TILEIMP_RADAR_STATIONS_STATISTICS"""
ICON_TILEIMP_RADAR_STATIONS,6,kv,Icon,"""UPTI23.tga"""
ICON_TILEIMP_RADAR_STATIONS,7,kv,LargeIcon,"""NULL"""
ICON_TILEIMP_RADAR_STATIONS,8,kv,SmallIcon,"""NULL"""
ICON_TILEIMP_RADAR_STATIONS,9,kv,StatText,"""NULL"""
ICON_TILEIMP_RAILROAD,0,kv,FirstFrame,"""UPTP008L.TGA"""
ICON_TILEIMP_RAILROAD,1,kv,Movie,"""NULL"""
ICON_TILEIMP_RAILROAD,2,kv,Gameplay,"""TILEIMP_RAILROAD_GAMEPLAY"""
ICON_TILEIMP_RAILROAD,3,kv,Historical,"""NULL"""
ICON_TILEIMP_RAILROAD,4,kv,Prereq,"""TILEIMP_RAILROAD_PREREQ"""
ICON_TILEIMP_RAILROAD,5,kv,Vari,"""TILEIMP_RAILROAD_STATISTICS"""
ICON_TILEIMP_RAILROAD,6,kv,Icon,"""UPTI08.tga"""
ICON_TILEIMP_RAILROAD,7,kv,LargeIcon,"""NULL"""
ICON_TILEIMP_RAILROAD,8,kv,SmallIcon,"""NULL"""
ICON_TILEIMP_RAILROAD,9,kv,StatText,"""NULL"""
ICON_TILEIMP_ROAD,0,kv,FirstFrame,"""UPTP007L.TGA"""
ICON_TILEIMP_ROAD,1,kv,Movie,"""NULL"""
ICON_TILEIMP_ROAD,2,kv,Gameplay,"""TILEIMP_ROAD_GAMEPLAY"""
ICON_TILEIMP_ROAD,3,kv,Historical,"""NULL"""
ICON_TILEIMP_ROAD,4,kv,Prereq,"""TILEIMP_ROAD_PREREQ"""
ICON_TILEIMP_ROAD,5,kv,Vari,"""TILEIMP_ROAD_STATISTICS"""
ICON_TILEIMP_ROAD,6,kv,Icon,"""UPTI07.tga"""
ICON_TILEIMP_ROAD,7,kv,LargeIcon,"""NULL"""
ICON_TILEIMP_ROAD,8,kv,SmallIcon,"""NULL"""
ICON_TILEIMP_ROAD,9,kv,StatText,"""NULL"""
ICON_TILEIMP_RUINS,0,kv,FirstFrame,"""UPLG001.TGA"""
ICON_TILEIMP_RUINS,1,kv,Movie,"""NULL"""
ICON_TILEIMP_RUINS,2,kv,Gameplay,"""NULL"""
ICON_TILEIMP_RUINS,3,kv,Historical,"""NULL"""
ICON_TILEIMP_RUINS,4,kv,Prereq,"""NULL"""
ICON_TILEIMP_RUINS,5,kv,Vari,"""NULL"""
ICON_TILEIMP_RUINS,6,kv,Icon,"""UPCB42U.tga"""
ICON_TILEIMP_RUINS,7,kv,LargeIcon,"""NULL"""
ICON_TILEIMP_RUINS,8,kv,SmallIcon,"""NULL"""
ICON_TILEIMP_RUINS,9,kv,StatText,"""NULL"""
ICON_TILEIMP_SONAR_BUOYS,0,kv,FirstFrame,"""UPTP024L.TGA"""
ICON_TILEIMP_SONAR_BUOYS,1,kv,Movie,"""NULL"""
ICON_TILEIMP_SONAR_BUOYS,2,kv,Gameplay,"""TILEIMP_SONAR_BUOYS_GAMEPLAY"""
ICON_TILEIMP_SONAR_BUOYS,3,kv,Historical,"""NULL"""
ICON_TILEIMP_SONAR_BUOYS,4,kv,Prereq,"""TILEIMP_SONAR_BUOYS_PREREQ"""
ICON_TILEIMP_SONAR_BUOYS,5,kv,Vari,"""TILEIMP_SONAR_BUOYS_STATISTICS"""
ICON_TILEIMP_SONAR_BUOYS,6,kv,Icon,"""UPTI24.tga"""
ICON_TILEIMP_SONAR_BUOYS,7,kv,LargeIcon,"""NULL"""
ICON_TILEIMP_SONAR_BUOYS,8,kv,SmallIcon,"""NULL"""
ICON_TILEIMP_SONAR_BUOYS,9,kv,StatText,"""NULL"""
ICON_TILEIMP_TRADING_POST,0,kv,FirstFrame,"""UPTP010L.TGA"""
ICON_TILEIMP_TRADING_POST,1,kv,Movie,"""NULL"""
ICON_TILEIMP_TRADING_POST,2,kv,Gameplay,"""TILEIMP_TRADING_POST_GAMEPLAY"""
ICON_TILEIMP_TRADING_POST,3,kv,Historical,"""NULL"""
ICON_TILEIMP_TRADING_POST,4,kv,Prereq,"""TILEIMP_TRADING_POST_PREREQ"""
ICON_TILEIMP_TRADING_POST,5,kv,Vari,"""TILEIMP_TRADING_POST_STATISTICS"""
ICON_TILEIMP_TRADING_POST,6,kv,Icon,"""UPTI10.tga"""
ICON_TILEIMP_TRADING_POST,7,kv,LargeIcon,"""NULL"""
ICON_TILEIMP_TRADING_POST,8,kv,SmallIcon,"""NULL"""
ICON_TILEIMP_TRADING_POST,9,kv,StatText,"""NULL"""
ICON_TILEIMP_UNDERSEA_MINES,0,kv,FirstFrame,"""UPTP016L.TGA"""
ICON_TILEIMP_UNDERSEA_MINES,1,kv,Movie,"""NULL"""
ICON_TILEIMP_UNDERSEA_MINES,2,kv,Gameplay,"""TILEIMP_UNDERSEA_MINES_GAMEPLAY"""
ICON_TILEIMP_UNDERSEA_MINES,3,kv,Historical,"""NULL"""
ICON_TILEIMP_UNDERSEA_MINES,4,kv,Prereq,"""TILEIMP_UNDERSEA_MINES_PREREQ"""
ICON_TILEIMP_UNDERSEA_MINES,5,kv,Vari,"""TILEIMP_UNDERSEA_MINES_STATISTICS"""
ICON_TILEIMP_UNDERSEA_MINES,6,kv,Icon,"""UPTI16.tga"""
ICON_TILEIMP_UNDERSEA_MINES,7,kv,LargeIcon,"""NULL"""
ICON_TILEIMP_UNDERSEA_MINES,8,kv,SmallIcon,"""NULL"""
ICON_TILEIMP_UNDERSEA_MINES,9,kv,StatText,"""NULL"""
ICON_TILEIMP_UNDERSEA_TUNNEL,0,kv,FirstFrame,"""UPTP019L.TGA"""
ICON_TILEIMP_UNDERSEA_TUNNEL,1,kv,Movie,"""NULL"""
ICON_TILEIMP_UNDERSEA_TUNNEL,2,kv,Gameplay,"""TILEIMP_UNDERSEA_TUNNEL_GAMEPLAY"""
ICON_TILEIMP_UNDERSEA_TUNNEL,3,kv,Historical,"""NULL"""
ICON_TILEIMP_UNDERSEA_TUNNEL,4,kv,Prereq,"""TILEIMP_UNDERSEA_TUNNEL_PREREQ"""
ICON_TILEIMP_UNDERSEA_TUNNEL,5,kv,Vari,"""TILEIMP_UNDERSEA_TUNNEL_STATISTICS"""
ICON_TILEIMP_UNDERSEA_TUNNEL,6,kv,Icon,"""UPTI19.tga"""
ICON_TILEIMP_UNDERSEA_TUNNEL,7,kv,LargeIcon,"""NULL"""
ICON_TILEIMP_UNDERSEA_TUNNEL,8,kv,SmallIcon,"""NULL"""
ICON_TILEIMP_UNDERSEA_TUNNEL,9,kv,StatText,"""NULL"""
ICON_UNIT_ABOLITIONIST,0,kv,FirstFrame,"""UPUP025L.TGA"""
ICON_UNIT_ABOLITIONIST,1,kv,Movie,"""NULL"""
ICON_UNIT_ABOLITIONIST,2,kv,Gameplay,"""UNIT_ABOLITIONIST_GAMEPLAY"""
ICON_UNIT_ABOLITIONIST,3,kv,Historical,"""UNIT_ABOLITIONIST_HISTORICAL"""
ICON_UNIT_ABOLITIONIST,4,kv,Prereq,"""UNIT_ABOLITIONIST_PREREQ"""
ICON_UNIT_ABOLITIONIST,5,kv,Vari,"""UNIT_ABOLITIONIST_STATISTICS"""
ICON_UNIT_ABOLITIONIST,6,kv,Icon,"""UPUP025A.TGA"""
ICON_UNIT_ABOLITIONIST,7,kv,LargeIcon,"""UPUP025L.TGA"""
ICON_UNIT_ABOLITIONIST,8,kv,SmallIcon,"""UPUP025B.TGA"""
ICON_UNIT_ABOLITIONIST,9,kv,StatText,"""UNIT_ABOLITIONIST_SUMMARY"""
ICON_UNIT_AIRCRAFT_CARRIER,0,kv,FirstFrame,"""UPUP036L.TGA"""
ICON_UNIT_AIRCRAFT_CARRIER,1,kv,Movie,"""NULL"""
ICON_UNIT_AIRCRAFT_CARRIER,2,kv,Gameplay,"""UNIT_AIRCRAFT_CARRIER_GAMEPLAY"""
ICON_UNIT_AIRCRAFT_CARRIER,3,kv,Historical,"""UNIT_AIRCRAFT_CARRIER_HISTORICAL"""
ICON_UNIT_AIRCRAFT_CARRIER,4,kv,Prereq,"""UNIT_AIRCRAFT_CARRIER_PREREQ"""
ICON_UNIT_AIRCRAFT_CARRIER,5,kv,Vari,"""UNIT_AIRCRAFT_CARRIER_STATISTICS"""
ICON_UNIT_AIRCRAFT_CARRIER,6,kv,Icon,"""UPUP036A.TGA"""
ICON_UNIT_AIRCRAFT_CARRIER,7,kv,LargeIcon,"""UPUP036L.TGA"""
ICON_UNIT_AIRCRAFT_CARRIER,8,kv,SmallIcon,"""UPUP036B.TGA"""
ICON_UNIT_AIRCRAFT_CARRIER,9,kv,StatText,"""UNIT_AIRCRAFT_CARRIER_SUMMARY"""
ICON_UNIT_ARCHER,0,kv,FirstFrame,"""UPUP013L.TGA"""
ICON_UNIT_ARCHER,1,kv,Movie,"""NULL"""
ICON_UNIT_ARCHER,2,kv,Gameplay,"""UNIT_ARCHER_GAMEPLAY"""
ICON_UNIT_ARCHER,3,kv,Historical,"""UNIT_ARCHER_HISTORICAL"""
ICON_UNIT_ARCHER,4,kv,Prereq,"""UNIT_ARCHER_PREREQ"""
ICON_UNIT_ARCHER,5,kv,Vari,"""UNIT_ARCHER_STATISTICS"""
ICON_UNIT_ARCHER,6,kv,Icon,"""UPUP013A.TGA"""
ICON_UNIT_ARCHER,7,kv,LargeIcon,"""UPUP013L.TGA"""
ICON_UNIT_ARCHER,8,kv,SmallIcon,"""UPUP013B.TGA"""
ICON_UNIT_ARCHER,9,kv,StatText,"""UNIT_ARCHER_SUMMARY"""
ICON_UNIT_ARTILLERY,0,kv,FirstFrame,"""UPUP082L.TGA"""
ICON_UNIT_ARTILLERY,1,kv,Movie,"""NULL"""
ICON_UNIT_ARTILLERY,2,kv,Gameplay,"""UNIT_ARTILLERY_GAMEPLAY"""
ICON_UNIT_ARTILLERY,3,kv,Historical,"""UNIT_ARTILLERY_HISTORICAL"""
ICON_UNIT_ARTILLERY,4,kv,Prereq,"""UNIT_ARTILLERY_PREREQ"""
ICON_UNIT_ARTILLERY,5,kv,Vari,"""UNIT_ARTILLERY_STATISTICS"""
ICON_UNIT_ARTILLERY,6,kv,Icon,"""UPUP082A.TGA"""
ICON_UNIT_ARTILLERY,7,kv,LargeIcon,"""UPUP082L.TGA"""
ICON_UNIT_ARTILLERY,8,kv,SmallIcon,"""UPUP082B.TGA"""
ICON_UNIT_ARTILLERY,9,kv,StatText,"""UNIT_ARTILLERY_SUMMARY"""
ICON_UNIT_BATTLESHIP,0,kv,FirstFrame,"""UPUP033L.TGA"""
ICON_UNIT_BATTLESHIP,1,kv,Movie,"""NULL"""
ICON_UNIT_BATTLESHIP,2,kv,Gameplay,"""UNIT_BATTLESHIP_GAMEPLAY"""
ICON_UNIT_BATTLESHIP,3,kv,Historical,"""UNIT_BATTLESHIP_HISTORICAL"""
ICON_UNIT_BATTLESHIP,4,kv,Prereq,"""UNIT_BATTLESHIP_PREREQ"""
ICON_UNIT_BATTLESHIP,5,kv,Vari,"""UNIT_BATTLESHIP_STATISTICS"""
ICON_UNIT_BATTLESHIP,6,kv,Icon,"""UPUP033A.TGA"""
ICON_UNIT_BATTLESHIP,7,kv,LargeIcon,"""UPUP033L.TGA"""
ICON_UNIT_BATTLESHIP,8,kv,SmallIcon,"""UPUP033B.TGA"""
ICON_UNIT_BATTLESHIP,9,kv,StatText,"""UNIT_BATTLESHIP_SUMMARY"""
ICON_UNIT_BOMBER,0,kv,FirstFrame,"""UPUP047L.TGA"""
ICON_UNIT_BOMBER,1,kv,Movie,"""NULL"""
ICON_UNIT_BOMBER,2,kv,Gameplay,"""UNIT_BOMBER_GAMEPLAY"""
ICON_UNIT_BOMBER,3,kv,Historical,"""UNIT_BOMBER_HISTORICAL"""
ICON_UNIT_BOMBER,4,kv,Prereq,"""UNIT_BOMBER_PREREQ"""
ICON_UNIT_BOMBER,5,kv,Vari,"""UNIT_BOMBER_STATISTICS"""
ICON_UNIT_BOMBER,6,kv,Icon,"""UPUP047A.TGA"""
ICON_UNIT_BOMBER,7,kv,LargeIcon,"""UPUP047L.TGA"""
ICON_UNIT_BOMBER,8,kv,SmallIcon,"""UPUP047B.TGA"""
ICON_UNIT_BOMBER,9,kv,StatText,"""UNIT_BOMBER_SUMMARY"""
ICON_UNIT_CANNON,0,kv,FirstFrame,"""UPUP019L.TGA"""
ICON_UNIT_CANNON,1,kv,Movie,"""NULL"""
ICON_UNIT_CANNON,2,kv,Gameplay,"""UNIT_CANNON_GAMEPLAY"""
ICON_UNIT_CANNON,3,kv,Historical,"""UNIT_CANNON_HISTORICAL"""
ICON_UNIT_CANNON,4,kv,Prereq,"""UNIT_CANNON_PREREQ"""
ICON_UNIT_CANNON,5,kv,Vari,"""UNIT_CANNON_STATISTICS"""
ICON_UNIT_CANNON,6,kv,Icon,"""UPUP019A.TGA"""
ICON_UNIT_CANNON,7,kv,LargeIcon,"""UPUP019L.TGA"""
ICON_UNIT_CANNON,8,kv,SmallIcon,"""UPUP019B.TGA"""
ICON_UNIT_CANNON,9,kv,StatText,"""UNIT_CANNON_SUMMARY"""
ICON_UNIT_CARAVAN,0,kv,FirstFrame,"""UPIP017L.TGA"""
ICON_UNIT_CARAVAN,1,kv,Movie,"""NULL"""
ICON_UNIT_CARAVAN,2,kv,Gameplay,"""UNIT_CARAVAN_GAMEPLAY"""
ICON_UNIT_CARAVAN,3,kv,Historical,"""UNIT_CARAVAN_HISTORICAL"""
ICON_UNIT_CARAVAN,4,kv,Prereq,"""UNIT_CARAVAN_PREREQ"""
ICON_UNIT_CARAVAN,5,kv,Vari,"""UNIT_CARAVAN_STATISTICS"""
ICON_UNIT_CARAVAN,6,kv,Icon,"""UPIP017A.TGA"""
ICON_UNIT_CARAVAN,7,kv,LargeIcon,"""UPIP017L.TGA"""
ICON_UNIT_CARAVAN,8,kv,SmallIcon,"""UPIP017B.TGA"""
ICON_UNIT_CARAVAN,9,kv,StatText,"""UNIT_CARAVAN_STATISTICS"""
ICON_UNIT_CARGO_HELICOPTER,0,kv,FirstFrame,"""UPUP043L.TGA"""
ICON_UNIT_CARGO_HELICOPTER,1,kv,Movie,"""NULL"""
ICON_UNIT_CARGO_HELICOPTER,2,kv,Gameplay,"""UNIT_CARGO_HELICOPTER_GAMEPLAY"""
ICON_UNIT_CARGO_HELICOPTER,3,kv,Historical,"""UNIT_CARGO_HELICOPTER_HISTORICAL"""
ICON_UNIT_CARGO_HELICOPTER,4,kv,Prereq,"""UNIT_CARGO_HELICOPTER_PREREQ"""
ICON_UNIT_CARGO_HELICOPTER,5,kv,Vari,"""UNIT_CARGO_HELICOPTER_STATISTICS"""
ICON_UNIT_CARGO_HELICOPTER,6,kv,Icon,"""UPUP043A.TGA"""
ICON_UNIT_CARGO_HELICOPTER,7,kv,LargeIcon,"""UPUP043L.TGA"""
ICON_UNIT_CARGO_HELICOPTER,8,kv,SmallIcon,"""UPUP043B.TGA"""
ICON_UNIT_CARGO_HELICOPTER,9,kv,StatText,"""UNIT_CARGO_HELICOPTER_SUMMARY"""
ICON_UNIT_CARGO_POD,0,kv,FirstFrame,"""UPUP002L.TGA"""
ICON_UNIT_CARGO_POD,1,kv,Movie,"""NULL"""
ICON_UNIT_CARGO_POD,2,kv,Gameplay,"""NULL"""
ICON_UNIT_CARGO_POD,3,kv,Historical,"""NULL"""
ICON_UNIT_CARGO_POD,4,kv,Prereq,"""NULL"""
ICON_UNIT_CARGO_POD,5,kv,Vari,"""NULL"""
ICON_UNIT_CARGO_POD,6,kv,Icon,"""UPUP002A.TGA"""
ICON_UNIT_CARGO_POD,7,kv,LargeIcon,"""UPUP002L.TGA"""
ICON_UNIT_CARGO_POD,8,kv,SmallIcon,"""UPUP002B.TGA"""
ICON_UNIT_CARGO_POD,9,kv,StatText,"""NULL"""
ICON_UNIT_CARRACK,0,kv,FirstFrame,"""UPUP026L.TGA"""
ICON_UNIT_CARRACK,1,kv,Movie,"""NULL"""
ICON_UNIT_CARRACK,2,kv,Gameplay,"""UNIT_CARRACK_GAMEPLAY"""
ICON_UNIT_CARRACK,3,kv,Historical,"""UNIT_CARRACK_HISTORICAL"""
ICON_UNIT_CARRACK,4,kv,Prereq,"""UNIT_CARRACK_PREREQ"""
ICON_UNIT_CARRACK,5,kv,Vari,"""UNIT_CARRACK_STATISTICS"""
ICON_UNIT_CARRACK,6,kv,Icon,"""UPUP026A.TGA"""
ICON_UNIT_CARRACK,7,kv,LargeIcon,"""UPUP026L.TGA"""
ICON_UNIT_CARRACK,8,kv,SmallIcon,"""UPUP026B.TGA"""
ICON_UNIT_CARRACK,9,kv,StatText,"""UNIT_CARRACK_SUMMARY"""
ICON_UNIT_CATAMARANS,0,kv,FirstFrame,"""UPUP007L.TGA"""
ICON_UNIT_CATAMARANS,1,kv,Movie,"""NULL"""
ICON_UNIT_CATAMARANS,2,kv,Gameplay,"""UNIT_CATAMARAN_GAMEPLAY"""
ICON_UNIT_CATAMARANS,3,kv,Historical,"""UNIT_CATAMARAN_HISTORICAL"""
ICON_UNIT_CATAMARANS,4,kv,Prereq,"""UNIT_CATAMARAN_PREREQ"""
ICON_UNIT_CATAMARANS,5,kv,Vari,"""UNIT_CATAMARAN_STATISTICS"""
ICON_UNIT_CATAMARANS,6,kv,Icon,"""UPUP007A.TGA"""
ICON_UNIT_CATAMARANS,7,kv,LargeIcon,"""UPUP007L.TGA"""
ICON_UNIT_CATAMARANS,8,kv,SmallIcon,"""UPUP007B.TGA"""
ICON_UNIT_CATAMARANS,9,kv,StatText,"""UNIT_CATAMARAN_SUMMARY"""
ICON_UNIT_CATAPULT,0,kv,FirstFrame,"""UPUP011L.TGA"""
ICON_UNIT_CATAPULT,1,kv,Movie,"""NULL"""
ICON_UNIT_CATAPULT,2,kv,Gameplay,"""UNIT_CATAPULT_GAMEPLAY"""
ICON_UNIT_CATAPULT,3,kv,Historical,"""UNIT_CATAPULT_HISTORICAL"""
ICON_UNIT_CATAPULT,4,kv,Prereq,"""UNIT_CATAPULT_PREREQ"""
ICON_UNIT_CATAPULT,5,kv,Vari,"""UNIT_CATAPULT_STATISTICS"""
ICON_UNIT_CATAPULT,6,kv,Icon,"""UPUP011A.TGA"""
ICON_UNIT_CATAPULT,7,kv,LargeIcon,"""UPUP011L.TGA"""
ICON_UNIT_CATAPULT,8,kv,SmallIcon,"""UPUP011B.TGA"""
ICON_UNIT_CATAPULT,9,kv,StatText,"""UNIT_CATAPULT_SUMMARY"""
ICON_UNIT_CAVALRY,0,kv,FirstFrame,"""UPUP020L.TGA"""
ICON_UNIT_CAVALRY,1,kv,Movie,"""NULL"""
ICON_UNIT_CAVALRY,2,kv,Gameplay,"""UNIT_CAVALRY_GAMEPLAY"""
ICON_UNIT_CAVALRY,3,kv,Historical,"""UNIT_CAVALRY_HISTORICAL"""
ICON_UNIT_CAVALRY,4,kv,Prereq,"""UNIT_CAVALRY_PREREQ"""
ICON_UNIT_CAVALRY,5,kv,Vari,"""UNIT_CAVALRY_STATISTICS"""
ICON_UNIT_CAVALRY,6,kv,Icon,"""UPUP020A.TGA"""
ICON_UNIT_CAVALRY,7,kv,LargeIcon,"""UPUP020L.TGA"""
ICON_UNIT_CAVALRY,8,kv,SmallIcon,"""UPUP020B.TGA"""
ICON_UNIT_CAVALRY,9,kv,StatText,"""UNIT_CAVALRY_SUMMARY"""
ICON_UNIT_CITY,0,kv,FirstFrame,"""UPUP002L.TGA"""
ICON_UNIT_CITY,1,kv,Movie,"""NULL"""
ICON_UNIT_CITY,2,kv,Gameplay,"""NULL"""
ICON_UNIT_CITY,3,kv,Historical,"""NULL"""
ICON_UNIT_CITY,4,kv,Prereq,"""NULL"""
ICON_UNIT_CITY,5,kv,Vari,"""NULL"""
ICON_UNIT_CITY,6,kv,Icon,"""UPUP002A.TGA"""
ICON_UNIT_CITY,7,kv,LargeIcon,"""UPUP002L.TGA"""
ICON_UNIT_CITY,8,kv,SmallIcon,"""UPUP002B.TGA"""
ICON_UNIT_CITY,9,kv,StatText,"""NULL"""
ICON_UNIT_CLERIC,0,kv,FirstFrame,"""UPUP012L.TGA"""
ICON_UNIT_CLERIC,1,kv,Movie,"""NULL"""
ICON_UNIT_CLERIC,2,kv,Gameplay,"""UNIT_CLERIC_GAMEPLAY"""
ICON_UNIT_CLERIC,3,kv,Historical,"""UNIT_CLERIC_HISTORICAL"""
ICON_UNIT_CLERIC,4,kv,Prereq,"""UNIT_CLERIC_PREREQ"""
ICON_UNIT_CLERIC,5,kv,Vari,"""UNIT_CLERIC_STATISTICS"""
ICON_UNIT_CLERIC,6,kv,Icon,"""UPUP012A.TGA"""
ICON_UNIT_CLERIC,7,kv,LargeIcon,"""UPUP012L.TGA"""
ICON_UNIT_CLERIC,8,kv,SmallIcon,"""UPUP012B.TGA"""
ICON_UNIT_CLERIC,9,kv,StatText,"""UNIT_CLERIC_SUMMARY"""
ICON_UNIT_CORPORATE_BRANCH,0,kv,FirstFrame,"""UPUP050L.TGA"""
ICON_UNIT_CORPORATE_BRANCH,1,kv,Movie,"""NULL"""
ICON_UNIT_CORPORATE_BRANCH,2,kv,Gameplay,"""UNIT_CORPORATE_BRANCH_GAMEPLAY"""
ICON_UNIT_CORPORATE_BRANCH,3,kv,Historical,"""UNIT_CORPORATE_BRANCH_HISTORICAL"""
ICON_UNIT_CORPORATE_BRANCH,4,kv,Prereq,"""UNIT_CORPORATE_BRANCH_PREREQ"""
ICON_UNIT_CORPORATE_BRANCH,5,kv,Vari,"""UNIT_CORPORATE_BRANCH_STATISTICS"""
ICON_UNIT_CORPORATE_BRANCH,6,kv,Icon,"""UPUP050A.TGA"""
ICON_UNIT_CORPORATE_BRANCH,7,kv,LargeIcon,"""UPUP050L.TGA"""
ICON_UNIT_CORPORATE_BRANCH,8,kv,SmallIcon,"""UPUP050B.TGA"""
ICON_UNIT_CORPORATE_BRANCH,9,kv,StatText,"""UNIT_CORPORATE_BRANCH_SUMMARY"""
ICON_UNIT_CRAWLER,0,kv,FirstFrame,"""UPUP069L.TGA"""
ICON_UNIT_CRAWLER,1,kv,Movie,"""NULL"""
ICON_UNIT_CRAWLER,2,kv,Gameplay,"""UNIT_CRAWLER_GAMEPLAY"""
ICON_UNIT_CRAWLER,3,kv,Historical,"""UNIT_CRAWLER_HISTORICAL"""
ICON_UNIT_CRAWLER,4,kv,Prereq,"""UNIT_CRAWLER_PREREQ"""
ICON_UNIT_CRAWLER,5,kv,Vari,"""UNIT_CRAWLER_STATISTICS"""
ICON_UNIT_CRAWLER,6,kv,Icon,"""UPUP069A.TGA"""
ICON_UNIT_CRAWLER,7,kv,LargeIcon,"""UPUP069L.TGA"""
ICON_UNIT_CRAWLER,8,kv,SmallIcon,"""UPUP069B.TGA"""
ICON_UNIT_CRAWLER,9,kv,StatText,"""UNIT_CRAWLER_SUMMARY"""
ICON_UNIT_CRUISE_MISSILE,0,kv,FirstFrame,"""UPUP044L.TGA"""
ICON_UNIT_CRUISE_MISSILE,1,kv,Movie,"""NULL"""
ICON_UNIT_CRUISE_MISSILE,2,kv,Gameplay,"""UNIT_CRUISE_MISSILE_GAMEPLAY"""
ICON_UNIT_CRUISE_MISSILE,3,kv,Historical,"""UNIT_CRUISE_MISSILE_HISTORICAL"""
ICON_UNIT_CRUISE_MISSILE,4,kv,Prereq,"""UNIT_CRUISE_MISSILE_PREREQ"""
ICON_UNIT_CRUISE_MISSILE,5,kv,Vari,"""UNIT_CRUISE_MISSILE_STATISTICS"""
ICON_UNIT_CRUISE_MISSILE,6,kv,Icon,"""UPUP044A.TGA"""
ICON_UNIT_CRUISE_MISSILE,7,kv,LargeIcon,"""UPUP044L.TGA"""
ICON_UNIT_CRUISE_MISSILE,8,kv,SmallIcon,"""UPUP044B.TGA"""
ICON_UNIT_CRUISE_MISSILE,9,kv,StatText,"""UNIT_CRUISE_MISSILE_SUMMARY"""
ICON_UNIT_CYBER_NINJA,0,kv,FirstFrame,"""UPUP048L.TGA"""
ICON_UNIT_CYBER_NINJA,1,kv,Movie,"""NULL"""
ICON_UNIT_CYBER_NINJA,2,kv,Gameplay,"""UNIT_CYBER_NINJA_GAMEPLAY"""
ICON_UNIT_CYBER_NINJA,3,kv,Historical,"""UNIT_CYBER_NINJA_HISTORICAL"""
ICON_UNIT_CYBER_NINJA,4,kv,Prereq,"""UNIT_CYBER_NINJA_PREREQ"""
ICON_UNIT_CYBER_NINJA,5,kv,Vari,"""UNIT_CYBER_NINJA_STATISTICS"""
ICON_UNIT_CYBER_NINJA,6,kv,Icon,"""UPUP048A.TGA"""
ICON_UNIT_CYBER_NINJA,7,kv,LargeIcon,"""UPUP048L.TGA"""
ICON_UNIT_CYBER_NINJA,8,kv,SmallIcon,"""UPUP048B.TGA"""
ICON_UNIT_CYBER_NINJA,9,kv,StatText,"""UNIT_CYBER_NINJA_SUMMARY"""
ICON_UNIT_CYBERATTORNEY,0,kv,FirstFrame,"""UPUP002L.TGA"""
ICON_UNIT_CYBERATTORNEY,1,kv,Movie,"""NULL"""
ICON_UNIT_CYBERATTORNEY,2,kv,Gameplay,"""NULL"""
ICON_UNIT_CYBERATTORNEY,3,kv,Historical,"""NULL"""
ICON_UNIT_CYBERATTORNEY,4,kv,Prereq,"""NULL"""
ICON_UNIT_CYBERATTORNEY,5,kv,Vari,"""NULL"""
ICON_UNIT_CYBERATTORNEY,6,kv,Icon,"""UPUP002A.TGA"""
ICON_UNIT_CYBERATTORNEY,7,kv,LargeIcon,"""UPUP002L.TGA"""
ICON_UNIT_CYBERATTORNEY,8,kv,SmallIcon,"""UPUP002B.TGA"""
ICON_UNIT_CYBERATTORNEY,9,kv,StatText,"""NULL"""
ICON_UNIT_DESTROYER,0,kv,FirstFrame,"""UPUP041L.TGA"""
ICON_UNIT_DESTROYER,1,kv,Movie,"""NULL"""
ICON_UNIT_DESTROYER,2,kv,Gameplay,"""UNIT_DESTROYER_GAMEPLAY"""
ICON_UNIT_DESTROYER,3,kv,Historical,"""UNIT_DESTROYER_HISTORICAL"""
ICON_UNIT_DESTROYER,4,kv,Prereq,"""UNIT_DESTROYER_PREREQ"""
ICON_UNIT_DESTROYER,5,kv,Vari,"""UNIT_DESTROYER_STATISTICS"""
ICON_UNIT_DESTROYER,6,kv,Icon,"""UPUP041A.TGA"""
ICON_UNIT_DESTROYER,7,kv,LargeIcon,"""UPUP041L.TGA"""
ICON_UNIT_DESTROYER,8,kv,SmallIcon,"""UPUP041B.TGA"""
ICON_UNIT_DESTROYER,9,kv,StatText,"""UNIT_DESTROYER_SUMMARY"""
ICON_UNIT_DIPLOMAT,0,kv,FirstFrame,"""UPUP010L.TGA"""
ICON_UNIT_DIPLOMAT,1,kv,Movie,"""NULL"""
ICON_UNIT_DIPLOMAT,2,kv,Gameplay,"""UNIT_DIPLOMAT_GAMEPLAY"""
ICON_UNIT_DIPLOMAT,3,kv,Historical,"""UNIT_DIPLOMAT_HISTORICAL"""
ICON_UNIT_DIPLOMAT,4,kv,Prereq,"""UNIT_DIPLOMAT_PREREQ"""
ICON_UNIT_DIPLOMAT,5,kv,Vari,"""UNIT_DIPLOMAT_STATISTICS"""
ICON_UNIT_DIPLOMAT,6,kv,Icon,"""UPUP010A.TGA"""
ICON_UNIT_DIPLOMAT,7,kv,LargeIcon,"""UPUP010L.TGA"""
ICON_UNIT_DIPLOMAT,8,kv,SmallIcon,"""UPUP010B.TGA"""
ICON_UNIT_DIPLOMAT,9,kv,StatText,"""UNIT_DIPLOMAT_SUMMARY"""
ICON_UNIT_DREADNAUGHT,0,kv,FirstFrame,"""UPUP063L.TGA"""
ICON_UNIT_DREADNAUGHT,1,kv,Movie,"""NULL"""
ICON_UNIT_DREADNAUGHT,2,kv,Gameplay,"""UNIT_DREADNAUGHT_GAMEPLAY"""
ICON_UNIT_DREADNAUGHT,3,kv,Historical,"""UNIT_DREADNAUGHT_HISTORICAL"""
ICON_UNIT_DREADNAUGHT,4,kv,Prereq,"""UNIT_DREADNAUGHT_PREREQ"""
ICON_UNIT_DREADNAUGHT,5,kv,Vari,"""UNIT_DREADNAUGHT_STATISTICS"""
ICON_UNIT_DREADNAUGHT,6,kv,Icon,"""UPUP063A.TGA"""
ICON_UNIT_DREADNAUGHT,7,kv,LargeIcon,"""UPUP063L.TGA"""
ICON_UNIT_DREADNAUGHT,8,kv,SmallIcon,"""UPUP063B.TGA"""
ICON_UNIT_DREADNAUGHT,9,kv,StatText,"""UNIT_DREADNAUGHT_SUMMARY"""
ICON_UNIT_ECO_RANGER,0,kv,FirstFrame,"""UPUP075L.TGA"""
ICON_UNIT_ECO_RANGER,1,kv,Movie,"""NULL"""
ICON_UNIT_ECO_RANGER,2,kv,Gameplay,"""UNIT_ECO_RANGER_GAMEPLAY"""
ICON_UNIT_ECO_RANGER,3,kv,Historical,"""UNIT_ECO_RANGER_HISTORICAL"""
ICON_UNIT_ECO_RANGER,4,kv,Prereq,"""UNIT_ECO_RANGER_PREREQ"""
ICON_UNIT_ECO_RANGER,5,kv,Vari,"""UNIT_ECO_RANGER_STATISTICS"""
ICON_UNIT_ECO_RANGER,6,kv,Icon,"""UPUP075A.TGA"""
ICON_UNIT_ECO_RANGER,7,kv,LargeIcon,"""UPUP075L.TGA"""
ICON_UNIT_ECO_RANGER,8,kv,SmallIcon,"""UPUP075B.TGA"""
ICON_UNIT_ECO_RANGER,9,kv,StatText,"""UNIT_ECO_RANGER_SUMMARY"""
ICON_UNIT_ECO_TERRORIST,0,kv,FirstFrame,"""UPUP064L.TGA"""
ICON_UNIT_ECO_TERRORIST,1,kv,Movie,"""NULL"""
ICON_UNIT_ECO_TERRORIST,2,kv,Gameplay,"""UNIT_ECO_TERRORIST_GAMEPLAY"""
ICON_UNIT_ECO_TERRORIST,3,kv,Historical,"""UNIT_ECO_TERRORIST_HISTORICAL"""
ICON_UNIT_ECO_TERRORIST,4,kv,Prereq,"""UNIT_ECO_TERRORIST_PREREQ"""
ICON_UNIT_ECO_TERRORIST,5,kv,Vari,"""UNIT_ECO_TERRORIST_STATISTICS"""
ICON_UNIT_ECO_TERRORIST,6,kv,Icon,"""UPUP064A.TGA"""
ICON_UNIT_ECO_TERRORIST,7,kv,LargeIcon,"""UPUP064L.TGA"""
ICON_UNIT_ECO_TERRORIST,8,kv,SmallIcon,"""UPUP064B.TGA"""
ICON_UNIT_ECO_TERRORIST,9,kv,StatText,"""UNIT_ECO_TERRORIST_SUMMARY"""
ICON_UNIT_EMPATHIC_DIPLOMAT,0,kv,FirstFrame,"""UPUP045L.TGA"""
ICON_UNIT_EMPATHIC_DIPLOMAT,1,kv,Movie,"""NULL"""
ICON_UNIT_EMPATHIC_DIPLOMAT,2,kv,Gameplay,"""UNIT_EMPATHIC_DIPLOMAT_GAMEPLAY"""
ICON_UNIT_EMPATHIC_DIPLOMAT,3,kv,Historical,"""UNIT_EMPATHIC_DIPLOMAT_HISTORICAL"""
ICON_UNIT_EMPATHIC_DIPLOMAT,4,kv,Prereq,"""UNIT_EMPATHIC_DIPLOMAT_PREREQ"""
ICON_UNIT_EMPATHIC_DIPLOMAT,5,kv,Vari,"""UNIT_EMPATHIC_DIPLOMAT_STATISTICS"""
ICON_UNIT_EMPATHIC_DIPLOMAT,6,kv,Icon,"""UPUP045A.TGA"""
ICON_UNIT_EMPATHIC_DIPLOMAT,7,kv,LargeIcon,"""UPUP045L.TGA"""
ICON_UNIT_EMPATHIC_DIPLOMAT,8,kv,SmallIcon,"""UPUP045B.TGA"""
ICON_UNIT_EMPATHIC_DIPLOMAT,9,kv,StatText,"""UNIT_EMPATHIC_DIPLOMAT_SUMMARY"""
ICON_UNIT_FASCIST,0,kv,FirstFrame,"""UPUP024L.TGA"""
ICON_UNIT_FASCIST,1,kv,Movie,"""NULL"""
ICON_UNIT_FASCIST,2,kv,Gameplay,"""UNIT_FASCIST_GAMEPLAY"""
ICON_UNIT_FASCIST,3,kv,Historical,"""UNIT_FASCIST_HISTORICAL"""
ICON_UNIT_FASCIST,4,kv,Prereq,"""UNIT_FASCIST_PREREQ"""
ICON_UNIT_FASCIST,5,kv,Vari,"""UNIT_FASCIST_STATISTICS"""
ICON_UNIT_FASCIST,6,kv,Icon,"""UPUP024A.TGA"""
ICON_UNIT_FASCIST,7,kv,LargeIcon,"""UPUP024L.TGA"""
ICON_UNIT_FASCIST,8,kv,SmallIcon,"""UPUP024B.TGA"""
ICON_UNIT_FASCIST,9,kv,StatText,"""UNIT_FASCIST_SUMMARY"""
ICON_UNIT_FIGHTER,0,kv,FirstFrame,"""UPUP035L.TGA"""
ICON_UNIT_FIGHTER,1,kv,Movie,"""NULL"""
ICON_UNIT_FIGHTER,2,kv,Gameplay,"""UNIT_FIGHTER_GAMEPLAY"""
ICON_UNIT_FIGHTER,3,kv,Historical,"""UNIT_FIGHTER_HISTORICAL"""
ICON_UNIT_FIGHTER,4,kv,Prereq,"""UNIT_FIGHTER_PREREQ"""
ICON_UNIT_FIGHTER,5,kv,Vari,"""UNIT_FIGHTER_STATISTICS"""
ICON_UNIT_FIGHTER,6,kv,Icon,"""UPUP035A.TGA"""
ICON_UNIT_FIGHTER,7,kv,LargeIcon,"""UPUP035L.TGA"""
ICON_UNIT_FIGHTER,8,kv,SmallIcon,"""UPUP035B.TGA"""
ICON_UNIT_FIGHTER,9,kv,StatText,"""UNIT_FIGHTER_SUMMARY"""
ICON_UNIT_FIRE_TRIREME,0,kv,FirstFrame,"""UPUP014L.TGA"""
ICON_UNIT_FIRE_TRIREME,1,kv,Movie,"""NULL"""
ICON_UNIT_FIRE_TRIREME,2,kv,Gameplay,"""UNIT_FIRE_TRIREME_GAMEPLAY"""
ICON_UNIT_FIRE_TRIREME,3,kv,Historical,"""UNIT_FIRE_TRIREME_HISTORICAL"""
ICON_UNIT_FIRE_TRIREME,4,kv,Prereq,"""UNIT_FIRE_TRIREME_PREREQ"""
ICON_UNIT_FIRE_TRIREME,5,kv,Vari,"""UNIT_FIRE_TRIREME_STATISTICS"""
ICON_UNIT_FIRE_TRIREME,6,kv,Icon,"""UPUP014A.TGA"""
ICON_UNIT_FIRE_TRIREME,7,kv,LargeIcon,"""UPUP014L.TGA"""
ICON_UNIT_FIRE_TRIREME,8,kv,SmallIcon,"""UPUP014B.TGA"""
ICON_UNIT_FIRE_TRIREME,9,kv,StatText,"""UNIT_FIRE_TRIREME_SUMMARY"""
ICON_UNIT_FREIGHT_TRANSPORT,0,kv,FirstFrame,"""UPIP029L.TGA"""
ICON_UNIT_FREIGHT_TRANSPORT,1,kv,Movie,"""NULL"""
ICON_UNIT_FREIGHT_TRANSPORT,2,kv,Gameplay,"""UNIT_Z_FREIGHT_TRANSPORT_GAMEPLAY"""
ICON_UNIT_FREIGHT_TRANSPORT,3,kv,Historical,"""UNIT_Z_FREIGHT_TRANSPORT_HISTORICAL"""
ICON_UNIT_FREIGHT_TRANSPORT,4,kv,Prereq,"""UNIT_Z_FREIGHT_TRANSPORT_PREREQ"""
ICON_UNIT_FREIGHT_TRANSPORT,5,kv,Vari,"""UNIT_Z_FREIGHT_TRANSPORT_STATISTICS"""
ICON_UNIT_FREIGHT_TRANSPORT,6,kv,Icon,"""UPIP029A.TGA"""
ICON_UNIT_FREIGHT_TRANSPORT,7,kv,LargeIcon,"""UPIP029L.TGA"""
ICON_UNIT_FREIGHT_TRANSPORT,8,kv,SmallIcon,"""UPIP029B.TGA"""
ICON_UNIT_FREIGHT_TRANSPORT,9,kv,StatText,"""UNIT_Z_FREIGHT_TRANSPORT_STATISTICS"""
ICON_UNIT_FRIGATE,0,kv,FirstFrame,"""UPUP080L.TGA"""
ICON_UNIT_FRIGATE,1,kv,Movie,"""NULL"""
ICON_UNIT_FRIGATE,2,kv,Gameplay,"""UNIT_FRIGATE_GAMEPLAY"""
ICON_UNIT_FRIGATE,3,kv,Historical,"""UNIT_FRIGATE_HISTORICAL"""
ICON_UNIT_FRIGATE,4,kv,Prereq,"""UNIT_FRIGATE_PREREQ"""
ICON_UNIT_FRIGATE,5,kv,Vari,"""UNIT_FRIGATE_STATISTICS"""
ICON_UNIT_FRIGATE,6,kv,Icon,"""UPUP080A.TGA"""
ICON_UNIT_FRIGATE,7,kv,LargeIcon,"""UPUP080L.TGA"""
ICON_UNIT_FRIGATE,8,kv,SmallIcon,"""UPUP080B.TGA"""
ICON_UNIT_FRIGATE,9,kv,StatText,"""UNIT_FRIGATE_SUMMARY"""
ICON_UNIT_FUSION_TANK,0,kv,FirstFrame,"""UPUP078L.TGA"""
ICON_UNIT_FUSION_TANK,1,kv,Movie,"""NULL"""
ICON_UNIT_FUSION_TANK,2,kv,Gameplay,"""UNIT_FUSION_TANK_GAMEPLAY"""
ICON_UNIT_FUSION_TANK,3,kv,Historical,"""UNIT_FUSION_TANK_HISTORICAL"""
ICON_UNIT_FUSION_TANK,4,kv,Prereq,"""UNIT_FUSION_TANK_PREREQ"""
ICON_UNIT_FUSION_TANK,5,kv,Vari,"""UNIT_FUSION_TANK_STATISTICS"""
ICON_UNIT_FUSION_TANK,6,kv,Icon,"""UPUP078A.TGA"""
ICON_UNIT_FUSION_TANK,7,kv,LargeIcon,"""UPUP078L.TGA"""
ICON_UNIT_FUSION_TANK,8,kv,SmallIcon,"""UPUP078B.TGA"""
ICON_UNIT_FUSION_TANK,9,kv,StatText,"""UNIT_FUSION_TANK_SUMMARY"""
ICON_UNIT_HOPLITE,0,kv,FirstFrame,"""UPUP008L.TGA"""
ICON_UNIT_HOPLITE,1,kv,Movie,"""NULL"""
ICON_UNIT_HOPLITE,2,kv,Gameplay,"""UNIT_HOPLITE_GAMEPLAY"""
ICON_UNIT_HOPLITE,3,kv,Historical,"""UNIT_HOPLITE_HISTORICAL"""
ICON_UNIT_HOPLITE,4,kv,Prereq,"""UNIT_HOPLITE_PREREQ"""
ICON_UNIT_HOPLITE,5,kv,Vari,"""UNIT_HOPLITE_STATISTICS"""
ICON_UNIT_HOPLITE,6,kv,Icon,"""UPUP008A.TGA"""
ICON_UNIT_HOPLITE,7,kv,LargeIcon,"""UPUP008L.TGA"""
ICON_UNIT_HOPLITE,8,kv,SmallIcon,"""UPUP008B.TGA"""
ICON_UNIT_HOPLITE,9,kv,StatText,"""UNIT_HOPLITE_SUMMARY"""
ICON_UNIT_HOVER_INFANTRY,0,kv,FirstFrame,"""UPUP065L.TGA"""
ICON_UNIT_HOVER_INFANTRY,1,kv,Movie,"""NULL"""
ICON_UNIT_HOVER_INFANTRY,2,kv,Gameplay,"""UNIT_HOVER_INFANTRY_GAMEPLAY"""
ICON_UNIT_HOVER_INFANTRY,3,kv,Historical,"""UNIT_HOVER_INFANTRY_HISTORICAL"""
ICON_UNIT_HOVER_INFANTRY,4,kv,Prereq,"""UNIT_HOVER_INFANTRY_PREREQ"""
ICON_UNIT_HOVER_INFANTRY,5,kv,Vari,"""UNIT_HOVER_INFANTRY_STATISTICS"""
ICON_UNIT_HOVER_INFANTRY,6,kv,Icon,"""UPUP065A.TGA"""
ICON_UNIT_HOVER_INFANTRY,7,kv,LargeIcon,"""UPUP065L.TGA"""
ICON_UNIT_HOVER_INFANTRY,8,kv,SmallIcon,"""UPUP065B.TGA"""
ICON_UNIT_HOVER_INFANTRY,9,kv,StatText,"""UNIT_HOVER_INFANTRY_SUMMARY"""
ICON_UNIT_INFANTRYMAN,0,kv,FirstFrame,"""UPUP022L.TGA"""
ICON_UNIT_INFANTRYMAN,1,kv,Movie,"""NULL"""
ICON_UNIT_INFANTRYMAN,2,kv,Gameplay,"""UNIT_INFANTRYMAN_GAMEPLAY"""
ICON_UNIT_INFANTRYMAN,3,kv,Historical,"""UNIT_INFANTRYMAN_HISTORICAL"""
ICON_UNIT_INFANTRYMAN,4,kv,Prereq,"""UNIT_INFANTRYMAN_PREREQ"""
ICON_UNIT_INFANTRYMAN,5,kv,Vari,"""UNIT_INFANTRYMAN_STATISTICS"""
ICON_UNIT_INFANTRYMAN,6,kv,Icon,"""UPUP022A.TGA"""
ICON_UNIT_INFANTRYMAN,7,kv,LargeIcon,"""UPUP022L.TGA"""
ICON_UNIT_INFANTRYMAN,8,kv,SmallIcon,"""UPUP022B.TGA"""
ICON_UNIT_INFANTRYMAN,9,kv,StatText,"""UNIT_INFANTRYMAN_SUMMARY"""
ICON_UNIT_INFECTOR,0,kv,FirstFrame,"""UPUP068L.TGA"""
ICON_UNIT_INFECTOR,1,kv,Movie,"""NULL"""
ICON_UNIT_INFECTOR,2,kv,Gameplay,"""UNIT_INFECTOR_GAMEPLAY"""
ICON_UNIT_INFECTOR,3,kv,Historical,"""UNIT_INFECTOR_HISTORICAL"""
ICON_UNIT_INFECTOR,4,kv,Prereq,"""UNIT_INFECTOR_PREREQ"""
ICON_UNIT_INFECTOR,5,kv,Vari,"""UNIT_INFECTOR_STATISTICS"""
ICON_UNIT_INFECTOR,6,kv,Icon,"""UPUP068A.TGA"""
ICON_UNIT_INFECTOR,7,kv,LargeIcon,"""UPUP068L.TGA"""
ICON_UNIT_INFECTOR,8,kv,SmallIcon,"""UPUP068B.TGA"""
ICON_UNIT_INFECTOR,9,kv,StatText,"""UNIT_INFECTOR_SUMMARY"""
ICON_UNIT_INTERCEPTOR,0,kv,FirstFrame,"""UPUP046L.TGA"""
ICON_UNIT_INTERCEPTOR,1,kv,Movie,"""NULL"""
ICON_UNIT_INTERCEPTOR,2,kv,Gameplay,"""UNIT_INTERCEPTOR_GAMEPLAY"""
ICON_UNIT_INTERCEPTOR,3,kv,Historical,"""UNIT_INTERCEPTOR_HISTORICAL"""
ICON_UNIT_INTERCEPTOR,4,kv,Prereq,"""UNIT_INTERCEPTOR_PREREQ"""
ICON_UNIT_INTERCEPTOR,5,kv,Vari,"""UNIT_INTERCEPTOR_STATISTICS"""
ICON_UNIT_INTERCEPTOR,6,kv,Icon,"""UPUP046A.TGA"""
ICON_UNIT_INTERCEPTOR,7,kv,LargeIcon,"""UPUP046L.TGA"""
ICON_UNIT_INTERCEPTOR,8,kv,SmallIcon,"""UPUP046B.TGA"""
ICON_UNIT_INTERCEPTOR,9,kv,StatText,"""UNIT_INTERCEPTOR_SUMMARY"""
ICON_UNIT_IRONCLAD,0,kv,FirstFrame,"""UPUP029L.TGA"""
ICON_UNIT_IRONCLAD,1,kv,Movie,"""NULL"""
ICON_UNIT_IRONCLAD,2,kv,Gameplay,"""UNIT_IRONCLAD_GAMEPLAY"""
ICON_UNIT_IRONCLAD,3,kv,Historical,"""UNIT_IRONCLAD_HISTORICAL"""
ICON_UNIT_IRONCLAD,4,kv,Prereq,"""UNIT_IRONCLAD_PREREQ"""
ICON_UNIT_IRONCLAD,5,kv,Vari,"""UNIT_IRONCLAD_STATISTICS"""
ICON_UNIT_IRONCLAD,6,kv,Icon,"""UPUP029A.TGA"""
ICON_UNIT_IRONCLAD,7,kv,LargeIcon,"""UPUP029L.TGA"""
ICON_UNIT_IRONCLAD,8,kv,SmallIcon,"""UPUP029B.TGA"""
ICON_UNIT_IRONCLAD,9,kv,StatText,"""UNIT_IRONCLAD_SUMMARY"""
ICON_UNIT_KNIGHT,0,kv,FirstFrame,"""UPUP015L.TGA"""
ICON_UNIT_KNIGHT,1,kv,Movie,"""NULL"""
ICON_UNIT_KNIGHT,2,kv,Gameplay,"""UNIT_KNIGHT_GAMEPLAY"""
ICON_UNIT_KNIGHT,3,kv,Historical,"""UNIT_KNIGHT_HISTORICAL"""
ICON_UNIT_KNIGHT,4,kv,Prereq,"""UNIT_KNIGHT_PREREQ"""
ICON_UNIT_KNIGHT,5,kv,Vari,"""UNIT_KNIGHT_STATISTICS"""
ICON_UNIT_KNIGHT,6,kv,Icon,"""UPUP015A.TGA"""
ICON_UNIT_KNIGHT,7,kv,LargeIcon,"""UPUP015L.TGA"""
ICON_UNIT_KNIGHT,8,kv,SmallIcon,"""UPUP015B.TGA"""
ICON_UNIT_KNIGHT,9,kv,StatText,"""UNIT_KNIGHT_SUMMARY"""
ICON_UNIT_KRAKEN,0,kv,FirstFrame,"""UPUP061L.TGA"""
ICON_UNIT_KRAKEN,1,kv,Movie,"""NULL"""
ICON_UNIT_KRAKEN,2,kv,Gameplay,"""UNIT_KRAKEN_GAMEPLAY"""
ICON_UNIT_KRAKEN,3,kv,Historical,"""UNIT_KRAKEN_HISTORICAL"""
ICON_UNIT_KRAKEN,4,kv,Prereq,"""UNIT_KRAKEN_PREREQ"""
ICON_UNIT_KRAKEN,5,kv,Vari,"""UNIT_KRAKEN_STATISTICS"""
ICON_UNIT_KRAKEN,6,kv,Icon,"""UPUP061A.TGA"""
ICON_UNIT_KRAKEN,7,kv,LargeIcon,"""UPUP061L.TGA"""
ICON_UNIT_KRAKEN,8,kv,SmallIcon,"""UPUP061B.TGA"""
ICON_UNIT_KRAKEN,9,kv,StatText,"""UNIT_KRAKEN_SUMMARY"""
ICON_UNIT_LAWYER,0,kv,FirstFrame,"""UPUP023L.TGA"""
ICON_UNIT_LAWYER,1,kv,Movie,"""NULL"""
ICON_UNIT_LAWYER,2,kv,Gameplay,"""UNIT_LAWYER_GAMEPLAY"""
ICON_UNIT_LAWYER,3,kv,Historical,"""UNIT_LAWYER_HISTORICAL"""
ICON_UNIT_LAWYER,4,kv,Prereq,"""UNIT_LAWYER_PREREQ"""
ICON_UNIT_LAWYER,5,kv,Vari,"""UNIT_LAWYER_STATISTICS"""
ICON_UNIT_LAWYER,6,kv,Icon,"""UPUP023A.TGA"""
ICON_UNIT_LAWYER,7,kv,LargeIcon,"""UPUP023L.TGA"""
ICON_UNIT_LAWYER,8,kv,SmallIcon,"""UPUP023B.TGA"""
ICON_UNIT_LAWYER,9,kv,StatText,"""UNIT_LAWYER_SUMMARY"""
ICON_UNIT_LEVIATHON,0,kv,FirstFrame,"""UPUP077L.TGA"""
ICON_UNIT_LEVIATHON,1,kv,Movie,"""NULL"""
ICON_UNIT_LEVIATHON,2,kv,Gameplay,"""UNIT_LEVIATHON_GAMEPLAY"""
ICON_UNIT_LEVIATHON,3,kv,Historical,"""UNIT_LEVIATHON_HISTORICAL"""
ICON_UNIT_LEVIATHON,4,kv,Prereq,"""UNIT_LEVIATHON_PREREQ"""
ICON_UNIT_LEVIATHON,5,kv,Vari,"""UNIT_LEVIATHON_STATISTICS"""
ICON_UNIT_LEVIATHON,6,kv,Icon,"""UPUP077A.TGA"""
ICON_UNIT_LEVIATHON,7,kv,LargeIcon,"""UPUP077L.TGA"""
ICON_UNIT_LEVIATHON,8,kv,SmallIcon,"""UPUP077B.TGA"""
ICON_UNIT_LEVIATHON,9,kv,StatText,"""UNIT_LEVIATHON_SUMMARY"""
ICON_UNIT_LONGSHIP,0,kv,FirstFrame,"""UPUP016L.TGA"""
ICON_UNIT_LONGSHIP,1,kv,Movie,"""NULL"""
ICON_UNIT_LONGSHIP,2,kv,Gameplay,"""UNIT_LONGSHIP_GAMEPLAY"""
ICON_UNIT_LONGSHIP,3,kv,Historical,"""UNIT_LONGSHIP_HISTORICAL"""
ICON_UNIT_LONGSHIP,4,kv,Prereq,"""UNIT_LONGSHIP_PREREQ"""
ICON_UNIT_LONGSHIP,5,kv,Vari,"""UNIT_LONGSHIP_STATISTICS"""
ICON_UNIT_LONGSHIP,6,kv,Icon,"""UPUP016A.TGA"""
ICON_UNIT_LONGSHIP,7,kv,LargeIcon,"""UPUP016L.TGA"""
ICON_UNIT_LONGSHIP,8,kv,SmallIcon,"""UPUP016B.TGA"""
ICON_UNIT_LONGSHIP,9,kv,StatText,"""UNIT_LONGSHIP_SUMMARY"""
ICON_UNIT_MACHINE_GUNNER,0,kv,FirstFrame,"""UPUP027L.TGA"""
ICON_UNIT_MACHINE_GUNNER,1,kv,Movie,"""NULL"""
ICON_UNIT_MACHINE_GUNNER,2,kv,Gameplay,"""UNIT_MACHINE_GUNNER_GAMEPLAY"""
ICON_UNIT_MACHINE_GUNNER,3,kv,Historical,"""UNIT_MACHINE_GUNNER_HISTORICAL"""
ICON_UNIT_MACHINE_GUNNER,4,kv,Prereq,"""UNIT_MACHINE_GUNNER_PREREQ"""
ICON_UNIT_MACHINE_GUNNER,5,kv,Vari,"""UNIT_MACHINE_GUNNER_STATISTICS"""
ICON_UNIT_MACHINE_GUNNER,6,kv,Icon,"""UPUP027A.TGA"""
ICON_UNIT_MACHINE_GUNNER,7,kv,LargeIcon,"""UPUP027L.TGA"""
ICON_UNIT_MACHINE_GUNNER,8,kv,SmallIcon,"""UPUP027B.TGA"""
ICON_UNIT_MACHINE_GUNNER,9,kv,StatText,"""UNIT_MACHINE_GUNNER_SUMMARY"""
ICON_UNIT_MARINE,0,kv,FirstFrame,"""UPUP039L.TGA"""
ICON_UNIT_MARINE,1,kv,Movie,"""NULL"""
ICON_UNIT_MARINE,2,kv,Gameplay,"""UNIT_MARINE_GAMEPLAY"""
ICON_UNIT_MARINE,3,kv,Historical,"""UNIT_MARINE_HISTORICAL"""
ICON_UNIT_MARINE,4,kv,Prereq,"""UNIT_MARINE_PREREQ"""
ICON_UNIT_MARINE,5,kv,Vari,"""UNIT_MARINE_STATISTICS"""
ICON_UNIT_MARINE,6,kv,Icon,"""UPUP039A.TGA"""
ICON_UNIT_MARINE,7,kv,LargeIcon,"""UPUP039L.TGA"""
ICON_UNIT_MARINE,8,kv,SmallIcon,"""UPUP039B.TGA"""
ICON_UNIT_MARINE,9,kv,StatText,"""UNIT_MARINE_SUMMARY"""
ICON_UNIT_MOBILE_SAM,0,kv,FirstFrame,"""UPUP049L.TGA"""
ICON_UNIT_MOBILE_SAM,1,kv,Movie,"""NULL"""
ICON_UNIT_MOBILE_SAM,2,kv,Gameplay,"""UNIT_MOBILE_SAM_GAMEPLAY"""
ICON_UNIT_MOBILE_SAM,3,kv,Historical,"""UNIT_MOBILE_SAM_HISTORICAL"""
ICON_UNIT_MOBILE_SAM,4,kv,Prereq,"""UNIT_MOBILE_SAM_PREREQ"""
ICON_UNIT_MOBILE_SAM,5,kv,Vari,"""UNIT_MOBILE_SAM_STATISTICS"""
ICON_UNIT_MOBILE_SAM,6,kv,Icon,"""UPUP049A.TGA"""
ICON_UNIT_MOBILE_SAM,7,kv,LargeIcon,"""UPUP049L.TGA"""
ICON_UNIT_MOBILE_SAM,8,kv,SmallIcon,"""UPUP049B.TGA"""
ICON_UNIT_MOBILE_SAM,9,kv,StatText,"""UNIT_MOBILE_SAM_SUMMARY"""
ICON_UNIT_MOREY_STRIKER,0,kv,FirstFrame,"""UPUP060L.TGA"""
ICON_UNIT_MOREY_STRIKER,1,kv,Movie,"""NULL"""
ICON_UNIT_MOREY_STRIKER,2,kv,Gameplay,"""UNIT_MOREY_STRIKER_GAMEPLAY"""
ICON_UNIT_MOREY_STRIKER,3,kv,Historical,"""UNIT_MOREY_STRIKER_HISTORICAL"""
ICON_UNIT_MOREY_STRIKER,4,kv,Prereq,"""UNIT_MOREY_STRIKER_PREREQ"""
ICON_UNIT_MOREY_STRIKER,5,kv,Vari,"""UNIT_MOREY_STRIKER_STATISTICS"""
ICON_UNIT_MOREY_STRIKER,6,kv,Icon,"""UPUP060A.TGA"""
ICON_UNIT_MOREY_STRIKER,7,kv,LargeIcon,"""UPUP060L.TGA"""
ICON_UNIT_MOREY_STRIKER,8,kv,SmallIcon,"""UPUP060B.TGA"""
ICON_UNIT_MOREY_STRIKER,9,kv,StatText,"""UNIT_MOREY_STRIKER_SUMMARY"""
ICON_UNIT_MOUNTED_ARCHER,0,kv,FirstFrame,"""UPUP005L.TGA"""
ICON_UNIT_MOUNTED_ARCHER,1,kv,Movie,"""NULL"""
ICON_UNIT_MOUNTED_ARCHER,2,kv,Gameplay,"""UNIT_MOUNTED_ARCHER_GAMEPLAY"""
ICON_UNIT_MOUNTED_ARCHER,3,kv,Historical,"""UNIT_MOUNTED_ARCHER_HISTORICAL"""
ICON_UNIT_MOUNTED_ARCHER,4,kv,Prereq,"""UNIT_MOUNTED_ARCHER_PREREQ"""
ICON_UNIT_MOUNTED_ARCHER,5,kv,Vari,"""UNIT_MOUNTED_ARCHER_STATISTICS"""
ICON_UNIT_MOUNTED_ARCHER,6,kv,Icon,"""UPUP005A.TGA"""
ICON_UNIT_MOUNTED_ARCHER,7,kv,LargeIcon,"""UPUP005L.TGA"""
ICON_UNIT_MOUNTED_ARCHER,8,kv,SmallIcon,"""UPUP005B.TGA"""
ICON_UNIT_MOUNTED_ARCHER,9,kv,StatText,"""UNIT_MOUNTED_ARCHER_SUMMARY"""
ICON_UNIT_NUCLEAR_SUBMARINE,0,kv,FirstFrame,"""UPUP079L.TGA"""
ICON_UNIT_NUCLEAR_SUBMARINE,1,kv,Movie,"""NULL"""
ICON_UNIT_NUCLEAR_SUBMARINE,2,kv,Gameplay,"""UNIT_NUCLEAR_SUBMARINE_GAMEPLAY"""
ICON_UNIT_NUCLEAR_SUBMARINE,3,kv,Historical,"""UNIT_NUCLEAR_SUBMARINE_HISTORICAL"""
ICON_UNIT_NUCLEAR_SUBMARINE,4,kv,Prereq,"""UNIT_NUCLEAR_SUBMARINE_PREREQ"""
ICON_UNIT_NUCLEAR_SUBMARINE,5,kv,Vari,"""UNIT_NUCLEAR_SUBMARINE_STATISTICS"""
ICON_UNIT_NUCLEAR_SUBMARINE,6,kv,Icon,"""UPUP079A.TGA"""
ICON_UNIT_NUCLEAR_SUBMARINE,7,kv,LargeIcon,"""UPUP079L.TGA"""
ICON_UNIT_NUCLEAR_SUBMARINE,8,kv,SmallIcon,"""UPUP079B.TGA"""
ICON_UNIT_NUCLEAR_SUBMARINE,9,kv,StatText,"""UNIT_NUCLEAR_SUBMARINE_SUMMARY"""
ICON_UNIT_NUKE,0,kv,FirstFrame,"""UPUP040L.TGA"""
ICON_UNIT_NUKE,1,kv,Movie,"""NULL"""
ICON_UNIT_NUKE,2,kv,Gameplay,"""UNIT_NUKE_GAMEPLAY"""
ICON_UNIT_NUKE,3,kv,Historical,"""UNIT_NUKE_HISTORICAL"""
ICON_UNIT_NUKE,4,kv,Prereq,"""UNIT_NUKE_PREREQ"""
ICON_UNIT_NUKE,5,kv,Vari,"""UNIT_NUKE_STATISTICS"""
ICON_UNIT_NUKE,6,kv,Icon,"""UPUP040A.TGA"""
ICON_UNIT_NUKE,7,kv,LargeIcon,"""UPUP040L.TGA"""
ICON_UNIT_NUKE,8,kv,SmallIcon,"""UPUP040B.TGA"""
ICON_UNIT_NUKE,9,kv,StatText,"""UNIT_NUKE_SUMMARY"""
ICON_UNIT_OCEAN_CITY,0,kv,FirstFrame,"""UPUP002L.TGA"""
ICON_UNIT_OCEAN_CITY,1,kv,Movie,"""NULL"""
ICON_UNIT_OCEAN_CITY,2,kv,Gameplay,"""NULL"""
ICON_UNIT_OCEAN_CITY,3,kv,Historical,"""NULL"""
ICON_UNIT_OCEAN_CITY,4,kv,Prereq,"""NULL"""
ICON_UNIT_OCEAN_CITY,5,kv,Vari,"""NULL"""
ICON_UNIT_OCEAN_CITY,6,kv,Icon,"""UPUP002A.TGA"""
ICON_UNIT_OCEAN_CITY,7,kv,LargeIcon,"""UPUP002L.TGA"""
ICON_UNIT_OCEAN_CITY,8,kv,SmallIcon,"""UPUP002B.TGA"""
ICON_UNIT_OCEAN_CITY,9,kv,StatText,"""NULL"""
ICON_UNIT_PARATROOPER,0,kv,FirstFrame,"""UPUP053L.TGA"""
ICON_UNIT_PARATROOPER,1,kv,Movie,"""NULL"""
ICON_UNIT_PARATROOPER,2,kv,Gameplay,"""UNIT_PARATROOPER_GAMEPLAY"""
ICON_UNIT_PARATROOPER,3,kv,Historical,"""UNIT_PARATROOPER_HISTORICAL"""
ICON_UNIT_PARATROOPER,4,kv,Prereq,"""UNIT_PARATROOPER_PREREQ"""
ICON_UNIT_PARATROOPER,5,kv,Vari,"""UNIT_PARATROOPER_STATISTICS"""
ICON_UNIT_PARATROOPER,6,kv,Icon,"""UPUP053A.TGA"""
ICON_UNIT_PARATROOPER,7,kv,LargeIcon,"""UPUP053L.TGA"""
ICON_UNIT_PARATROOPER,8,kv,SmallIcon,"""UPUP053B.TGA"""
ICON_UNIT_PARATROOPER,9,kv,StatText,"""UNIT_PARATROOPER_SUMMARY"""
ICON_UNIT_PIKEMEN,0,kv,FirstFrame,"""UPUP017L.TGA"""
ICON_UNIT_PIKEMEN,1,kv,Movie,"""NULL"""
ICON_UNIT_PIKEMEN,2,kv,Gameplay,"""UNIT_PIKEMEN_GAMEPLAY"""
ICON_UNIT_PIKEMEN,3,kv,Historical,"""UNIT_PIKEMEN_HISTORICAL"""
ICON_UNIT_PIKEMEN,4,kv,Prereq,"""UNIT_PIKEMEN_PREREQ"""
ICON_UNIT_PIKEMEN,5,kv,Vari,"""UNIT_PIKEMEN_STATISTICS"""
ICON_UNIT_PIKEMEN,6,kv,Icon,"""UPUP017A.TGA"""
ICON_UNIT_PIKEMEN,7,kv,LargeIcon,"""UPUP017L.TGA"""
ICON_UNIT_PIKEMEN,8,kv,SmallIcon,"""UPUP017B.TGA"""
ICON_UNIT_PIKEMEN,9,kv,StatText,"""UNIT_PIKEMEN_SUMMARY"""
ICON_UNIT_PLASMA_DESTROYER,0,kv,FirstFrame,"""UPUP062L.TGA"""
ICON_UNIT_PLASMA_DESTROYER,1,kv,Movie,"""NULL"""
ICON_UNIT_PLASMA_DESTROYER,2,kv,Gameplay,"""UNIT_PLASMA_DESTROYER_GAMEPLAY"""
ICON_UNIT_PLASMA_DESTROYER,3,kv,Historical,"""UNIT_PLASMA_DESTROYER_HISTORICAL"""
ICON_UNIT_PLASMA_DESTROYER,4,kv,Prereq,"""UNIT_PLASMA_DESTROYER_PREREQ"""
ICON_UNIT_PLASMA_DESTROYER,5,kv,Vari,"""UNIT_PLASMA_DESTROYER_STATISTICS"""
ICON_UNIT_PLASMA_DESTROYER,6,kv,Icon,"""UPUP062A.TGA"""
ICON_UNIT_PLASMA_DESTROYER,7,kv,LargeIcon,"""UPUP062L.TGA"""
ICON_UNIT_PLASMA_DESTROYER,8,kv,SmallIcon,"""UPUP062B.TGA"""
ICON_UNIT_PLASMA_DESTROYER,9,kv,StatText,"""UNIT_PLASMA_DESTROYER_SUMMARY"""
ICON_UNIT_SCOUT_SUB,0,kv,FirstFrame,"""UPUP052L.TGA"""
ICON_UNIT_SCOUT_SUB,1,kv,Movie,"""NULL"""
ICON_UNIT_SCOUT_SUB,2,kv,Gameplay,"""UNIT_SCOUT_SUB_GAMEPLAY"""
ICON_UNIT_SCOUT_SUB,3,kv,Historical,"""UNIT_SCOUT_SUB_HISTORICAL"""
ICON_UNIT_SCOUT_SUB,4,kv,Prereq,"""UNIT_SCOUT_SUB_PREREQ"""
ICON_UNIT_SCOUT_SUB,5,kv,Vari,"""UNIT_SCOUT_SUB_STATISTICS"""
ICON_UNIT_SCOUT_SUB,6,kv,Icon,"""UPUP052A.TGA"""
ICON_UNIT_SCOUT_SUB,7,kv,LargeIcon,"""UPUP052L.TGA"""
ICON_UNIT_SCOUT_SUB,8,kv,SmallIcon,"""UPUP052B.TGA"""
ICON_UNIT_SCOUT_SUB,9,kv,StatText,"""UNIT_SCOUT_SUB_SUMMARY"""
ICON_UNIT_SEA_ENGINEER,0,kv,FirstFrame,"""UPUP059L.TGA"""
ICON_UNIT_SEA_ENGINEER,1,kv,Movie,"""NULL"""
ICON_UNIT_SEA_ENGINEER,2,kv,Gameplay,"""UNIT_SEA_ENGINEER_GAMEPLAY"""
ICON_UNIT_SEA_ENGINEER,3,kv,Historical,"""UNIT_SEA_ENGINEER_HISTORICAL"""
ICON_UNIT_SEA_ENGINEER,4,kv,Prereq,"""UNIT_SEA_ENGINEER_PREREQ"""
ICON_UNIT_SEA_ENGINEER,5,kv,Vari,"""UNIT_SEA_ENGINEER_STATISTICS"""
ICON_UNIT_SEA_ENGINEER,6,kv,Icon,"""UPUP059A.TGA"""
ICON_UNIT_SEA_ENGINEER,7,kv,LargeIcon,"""UPUP059L.TGA"""
ICON_UNIT_SEA_ENGINEER,8,kv,SmallIcon,"""UPUP059B.TGA"""
ICON_UNIT_SEA_ENGINEER,9,kv,StatText,"""UNIT_SEA_ENGINEER_SUMMARY"""
ICON_UNIT_SETTLER,0,kv,FirstFrame,"""UPUP002L.TGA"""
ICON_UNIT_SETTLER,1,kv,Movie,"""NULL"""
ICON_UNIT_SETTLER,2,kv,Gameplay,"""UNIT_SETTLER_GAMEPLAY"""
ICON_UNIT_SETTLER,3,kv,Historical,"""UNIT_SETTLER_HISTORICAL"""
ICON_UNIT_SETTLER,4,kv,Prereq,"""UNIT_SETTLER_PREREQ"""
ICON_UNIT_SETTLER,5,kv,Vari,"""UNIT_SETTLER_STATISTICS"""
ICON_UNIT_SETTLER,6,kv,Icon,"""UPUP002A.TGA"""
ICON_UNIT_SETTLER,7,kv,LargeIcon,"""UPUP002L.TGA"""
ICON_UNIT_SETTLER,8,kv,SmallIcon,"""UPUP002B.TGA"""
ICON_UNIT_SETTLER,9,kv,StatText,"""UNIT_SETTLER_SUMMARY"""
ICON_UNIT_SHIP_OF_THE_LINE,0,kv,FirstFrame,"""UPUP021L.TGA"""
ICON_UNIT_SHIP_OF_THE_LINE,1,kv,Movie,"""NULL"""
ICON_UNIT_SHIP_OF_THE_LINE,2,kv,Gameplay,"""UNIT_SHIP_OF_THE_LINE_GAMEPLAY"""
ICON_UNIT_SHIP_OF_THE_LINE,3,kv,Historical,"""UNIT_SHIP_OF_THE_LINE_HISTORICAL"""
ICON_UNIT_SHIP_OF_THE_LINE,4,kv,Prereq,"""UNIT_SHIP_OF_THE_LINE_PREREQ"""
ICON_UNIT_SHIP_OF_THE_LINE,5,kv,Vari,"""UNIT_SHIP_OF_THE_LINE_STATISTICS"""
ICON_UNIT_SHIP_OF_THE_LINE,6,kv,Icon,"""UPUP021A.TGA"""
ICON_UNIT_SHIP_OF_THE_LINE,7,kv,LargeIcon,"""UPUP021L.TGA"""
ICON_UNIT_SHIP_OF_THE_LINE,8,kv,SmallIcon,"""UPUP021B.TGA"""
ICON_UNIT_SHIP_OF_THE_LINE,9,kv,StatText,"""UNIT_SHIP_OF_THE_LINE_SUMMARY"""
ICON_UNIT_SLAVER,0,kv,FirstFrame,"""UPUP004L.TGA"""
ICON_UNIT_SLAVER,1,kv,Movie,"""NULL"""
ICON_UNIT_SLAVER,2,kv,Gameplay,"""UNIT_SLAVER_GAMEPLAY"""
ICON_UNIT_SLAVER,3,kv,Historical,"""UNIT_SLAVER_HISTORICAL"""
ICON_UNIT_SLAVER,4,kv,Prereq,"""UNIT_SLAVER_PREREQ"""
ICON_UNIT_SLAVER,5,kv,Vari,"""UNIT_SLAVER_STATISTICS"""
ICON_UNIT_SLAVER,6,kv,Icon,"""UPUP004A.TGA"""
ICON_UNIT_SLAVER,7,kv,LargeIcon,"""UPUP004L.TGA"""
ICON_UNIT_SLAVER,8,kv,SmallIcon,"""UPUP004B.TGA"""
ICON_UNIT_SLAVER,9,kv,StatText,"""UNIT_SLAVER_SUMMARY"""
ICON_UNIT_SPACE_CITY,0,kv,FirstFrame,"""UPUP002L.TGA"""
ICON_UNIT_SPACE_CITY,1,kv,Movie,"""NULL"""
ICON_UNIT_SPACE_CITY,2,kv,Gameplay,"""NULL"""
ICON_UNIT_SPACE_CITY,3,kv,Historical,"""NULL"""
ICON_UNIT_SPACE_CITY,4,kv,Prereq,"""NULL"""
ICON_UNIT_SPACE_CITY,5,kv,Vari,"""NULL"""
ICON_UNIT_SPACE_CITY,6,kv,Icon,"""UPUP002A.TGA"""
ICON_UNIT_SPACE_CITY,7,kv,LargeIcon,"""UPUP002L.TGA"""
ICON_UNIT_SPACE_CITY,8,kv,SmallIcon,"""UPUP002B.TGA"""
ICON_UNIT_SPACE_CITY,9,kv,StatText,"""NULL"""
ICON_UNIT_SPACE_PLANE,0,kv,FirstFrame,"""UPUP055L.TGA"""
ICON_UNIT_SPACE_PLANE,1,kv,Movie,"""NULL"""
ICON_UNIT_SPACE_PLANE,2,kv,Gameplay,"""UNIT_SPACE_PLANE_GAMEPLAY"""
ICON_UNIT_SPACE_PLANE,3,kv,Historical,"""UNIT_SPACE_PLANE_HISTORICAL"""
ICON_UNIT_SPACE_PLANE,4,kv,Prereq,"""UNIT_SPACE_PLANE_PREREQ"""
ICON_UNIT_SPACE_PLANE,5,kv,Vari,"""UNIT_SPACE_PLANE_STATISTICS"""
ICON_UNIT_SPACE_PLANE,6,kv,Icon,"""UPUP055A.TGA"""
ICON_UNIT_SPACE_PLANE,7,kv,LargeIcon,"""UPUP055L.TGA"""
ICON_UNIT_SPACE_PLANE,8,kv,SmallIcon,"""UPUP055B.TGA"""
ICON_UNIT_SPACE_PLANE,9,kv,StatText,"""UNIT_SPACE_PLANE_SUMMARY"""
ICON_UNIT_SPY,0,kv,FirstFrame,"""UPUP034L.TGA"""
ICON_UNIT_SPY,1,kv,Movie,"""NULL"""
ICON_UNIT_SPY,2,kv,Gameplay,"""UNIT_SPY_GAMEPLAY"""
ICON_UNIT_SPY,3,kv,Historical,"""UNIT_SPY_HISTORICAL"""
ICON_UNIT_SPY,4,kv,Prereq,"""UNIT_SPY_PREREQ"""
ICON_UNIT_SPY,5,kv,Vari,"""UNIT_SPY_STATISTICS"""
ICON_UNIT_SPY,6,kv,Icon,"""UPUP034A.TGA"""
ICON_UNIT_SPY,7,kv,LargeIcon,"""UPUP034L.TGA"""
ICON_UNIT_SPY,8,kv,SmallIcon,"""UPUP034B.TGA"""
ICON_UNIT_SPY,9,kv,StatText,"""UNIT_SPY_SUMMARY"""
ICON_UNIT_SPY_PLANE,0,kv,FirstFrame,"""UPUP057L.TGA"""
ICON_UNIT_SPY_PLANE,1,kv,Movie,"""NULL"""
ICON_UNIT_SPY_PLANE,2,kv,Gameplay,"""UNIT_SPY_PLANE_GAMEPLAY"""
ICON_UNIT_SPY_PLANE,3,kv,Historical,"""UNIT_SPY_PLANE_HISTORICAL"""
ICON_UNIT_SPY_PLANE,4,kv,Prereq,"""UNIT_SPY_PLANE_PREREQ"""
ICON_UNIT_SPY_PLANE,5,kv,Vari,"""UNIT_SPY_PLANE_STATISTICS"""
ICON_UNIT_SPY_PLANE,6,kv,Icon,"""UPUP057A.TGA"""
ICON_UNIT_SPY_PLANE,7,kv,LargeIcon,"""UPUP057L.TGA"""
ICON_UNIT_SPY_PLANE,8,kv,SmallIcon,"""UPUP057B.TGA"""
ICON_UNIT_SPY_PLANE,9,kv,StatText,"""UNIT_SPY_PLANE_SUMMARY"""
ICON_UNIT_STEALTH_BOMBER,0,kv,FirstFrame,"""UPUP051L.TGA"""
ICON_UNIT_STEALTH_BOMBER,1,kv,Movie,"""NULL"""
ICON_UNIT_STEALTH_BOMBER,2,kv,Gameplay,"""UNIT_STEALTH_BOMBER_GAMEPLAY"""
ICON_UNIT_STEALTH_BOMBER,3,kv,Historical,"""UNIT_STEALTH_BOMBER_HISTORICAL"""
ICON_UNIT_STEALTH_BOMBER,4,kv,Prereq,"""UNIT_STEALTH_BOMBER_PREREQ"""
ICON_UNIT_STEALTH_BOMBER,5,kv,Vari,"""UNIT_STEALTH_BOMBER_STATISTICS"""
ICON_UNIT_STEALTH_BOMBER,6,kv,Icon,"""UPUP051A.TGA"""
ICON_UNIT_STEALTH_BOMBER,7,kv,LargeIcon,"""UPUP051L.TGA"""
ICON_UNIT_STEALTH_BOMBER,8,kv,SmallIcon,"""UPUP051B.TGA"""
ICON_UNIT_STEALTH_BOMBER,9,kv,StatText,"""UNIT_STEALTH_BOMBER_SUMMARY"""
ICON_UNIT_STEALTH_FIGHTER,0,kv,FirstFrame,"""UPUP032L.TGA"""
ICON_UNIT_STEALTH_FIGHTER,1,kv,Movie,"""NULL"""
ICON_UNIT_STEALTH_FIGHTER,2,kv,Gameplay,"""UNIT_STEALTH_FIGHTER_GAMEPLAY"""
ICON_UNIT_STEALTH_FIGHTER,3,kv,Historical,"""UNIT_STEALTH_FIGHTER_HISTORICAL"""
ICON_UNIT_STEALTH_FIGHTER,4,kv,Prereq,"""UNIT_STEALTH_FIGHTER_PREREQ"""
ICON_UNIT_STEALTH_FIGHTER,5,kv,Vari,"""UNIT_STEALTH_FIGHTER_STATISTICS"""
ICON_UNIT_STEALTH_FIGHTER,6,kv,Icon,"""UPUP032A.TGA"""
ICON_UNIT_STEALTH_FIGHTER,7,kv,LargeIcon,"""UPUP032L.TGA"""
ICON_UNIT_STEALTH_FIGHTER,8,kv,SmallIcon,"""UPUP032B.TGA"""
ICON_UNIT_STEALTH_FIGHTER,9,kv,StatText,"""UNIT_STEALTH_FIGHTER_SUMMARY"""
ICON_UNIT_SUBMARINE,0,kv,FirstFrame,"""UPUP031L.TGA"""
ICON_UNIT_SUBMARINE,1,kv,Movie,"""NULL"""
ICON_UNIT_SUBMARINE,2,kv,Gameplay,"""UNIT_SUBMARINE_GAMEPLAY"""
ICON_UNIT_SUBMARINE,3,kv,Historical,"""UNIT_SUBMARINE_HISTORICAL"""
ICON_UNIT_SUBMARINE,4,kv,Prereq,"""UNIT_SUBMARINE_PREREQ"""
ICON_UNIT_SUBMARINE,5,kv,Vari,"""UNIT_SUBMARINE_STATISTICS"""
ICON_UNIT_SUBMARINE,6,kv,Icon,"""UPUP031A.TGA"""
ICON_UNIT_SUBMARINE,7,kv,LargeIcon,"""UPUP031L.TGA"""
ICON_UNIT_SUBMARINE,8,kv,SmallIcon,"""UPUP031B.TGA"""
ICON_UNIT_SUBMARINE,9,kv,StatText,"""UNIT_SUBMARINE_SUMMARY"""
ICON_UNIT_SUBNEURAL_AD,0,kv,FirstFrame,"""UPUP002L.TGA"""
ICON_UNIT_SUBNEURAL_AD,1,kv,Movie,"""NULL"""
ICON_UNIT_SUBNEURAL_AD,2,kv,Gameplay,"""UNIT_SUBNEURAL_AD_GAMEPLAY"""
ICON_UNIT_SUBNEURAL_AD,3,kv,Historical,"""UNIT_SUBNEURAL_AD_HISTORICAL"""
ICON_UNIT_SUBNEURAL_AD,4,kv,Prereq,"""UNIT_SUBNEURAL_AD_PREREQ"""
ICON_UNIT_SUBNEURAL_AD,5,kv,Vari,"""UNIT_SUBNEURAL_AD_STATISTICS"""
ICON_UNIT_SUBNEURAL_AD,6,kv,Icon,"""UPUP002A.TGA"""
ICON_UNIT_SUBNEURAL_AD,7,kv,LargeIcon,"""UPUP002L.TGA"""
ICON_UNIT_SUBNEURAL_AD,8,kv,SmallIcon,"""UPUP002B.TGA"""
ICON_UNIT_SUBNEURAL_AD,9,kv,StatText,"""UNIT_SUBNEURAL_AD_SUMMARY"""
ICON_UNIT_SWORDSMAN,0,kv,FirstFrame,"""UPUP006L.TGA"""
ICON_UNIT_SWORDSMAN,1,kv,Movie,"""NULL"""
ICON_UNIT_SWORDSMAN,2,kv,Gameplay,"""UNIT_SWORDSMAN_GAMEPLAY"""
ICON_UNIT_SWORDSMAN,3,kv,Historical,"""UNIT_SWORDSMAN_HISTORICAL"""
ICON_UNIT_SWORDSMAN,4,kv,Prereq,"""UNIT_SWORDSMAN_PREREQ"""
ICON_UNIT_SWORDSMAN,5,kv,Vari,"""UNIT_SWORDSMAN_STATISTICS"""
ICON_UNIT_SWORDSMAN,6,kv,Icon,"""UPUP006A.TGA"""
ICON_UNIT_SWORDSMAN,7,kv,LargeIcon,"""UPUP006L.TGA"""
ICON_UNIT_SWORDSMAN,8,kv,SmallIcon,"""UPUP006B.TGA"""
ICON_UNIT_SWORDSMAN,9,kv,StatText,"""UNIT_SWORDSMAN_SUMMARY"""
ICON_UNIT_TANK,0,kv,FirstFrame,"""UPUP038L.TGA"""
ICON_UNIT_TANK,1,kv,Movie,"""NULL"""
ICON_UNIT_TANK,2,kv,Gameplay,"""UNIT_TANK_GAMEPLAY"""
ICON_UNIT_TANK,3,kv,Historical,"""ADVANCE_TANK_WARFARE_HISTORICAL"""
ICON_UNIT_TANK,4,kv,Prereq,"""UNIT_TANK_PREREQ"""
ICON_UNIT_TANK,5,kv,Vari,"""UNIT_TANK_STATISTICS"""
ICON_UNIT_TANK,6,kv,Icon,"""UPUP038A.TGA"""
ICON_UNIT_TANK,7,kv,LargeIcon,"""UPUP038L.TGA"""
ICON_UNIT_TANK,8,kv,SmallIcon,"""UPUP038B.TGA"""
ICON_UNIT_TANK,9,kv,StatText,"""UNIT_TANK_SUMMARY"""
ICON_UNIT_TELEVANGELIST,0,kv,FirstFrame,"""UPUP042L.TGA"""
ICON_UNIT_TELEVANGELIST,1,kv,Movie,"""NULL"""
ICON_UNIT_TELEVANGELIST,2,kv,Gameplay,"""UNIT_TELEVANGELIST_GAMEPLAY"""
ICON_UNIT_TELEVANGELIST,3,kv,Historical,"""UNIT_TELEVANGELIST_HISTORICAL"""
ICON_UNIT_TELEVANGELIST,4,kv,Prereq,"""UNIT_TELEVANGELIST_PREREQ"""
ICON_UNIT_TELEVANGELIST,5,kv,Vari,"""UNIT_TELEVANGELIST_STATISTICS"""
ICON_UNIT_TELEVANGELIST,6,kv,Icon,"""UPUP042A.TGA"""
ICON_UNIT_TELEVANGELIST,7,kv,LargeIcon,"""UPUP042L.TGA"""
ICON_UNIT_TELEVANGELIST,8,kv,SmallIcon,"""UPUP042B.TGA"""
ICON_UNIT_TELEVANGELIST,9,kv,StatText,"""UNIT_TELEVANGELIST_SUMMARY"""
ICON_UNIT_TROOP_SHIP,0,kv,FirstFrame,"""UPUP030L.TGA"""
ICON_UNIT_TROOP_SHIP,1,kv,Movie,"""NULL"""
ICON_UNIT_TROOP_SHIP,2,kv,Gameplay,"""UNIT_TROOP_SHIP_GAMEPLAY"""
ICON_UNIT_TROOP_SHIP,3,kv,Historical,"""UNIT_TROOP_SHIP_HISTORICAL"""
ICON_UNIT_TROOP_SHIP,4,kv,Prereq,"""UNIT_TROOP_SHIP_PREREQ"""
ICON_UNIT_TROOP_SHIP,5,kv,Vari,"""UNIT_TROOP_SHIP_STATISTICS"""
ICON_UNIT_TROOP_SHIP,6,kv,Icon,"""UPUP030A.TGA"""
ICON_UNIT_TROOP_SHIP,7,kv,LargeIcon,"""UPUP030L.TGA"""
ICON_UNIT_TROOP_SHIP,8,kv,SmallIcon,"""UPUP030B.TGA"""
ICON_UNIT_TROOP_SHIP,9,kv,StatText,"""UNIT_TROOP_SHIP_SUMMARY"""
ICON_UNIT_URBAN_PLANNER,0,kv,FirstFrame,"""UPUP037L.TGA"""
ICON_UNIT_URBAN_PLANNER,1,kv,Movie,"""NULL"""
ICON_UNIT_URBAN_PLANNER,2,kv,Gameplay,"""UNIT_URBAN_PLANNER_GAMEPLAY"""
ICON_UNIT_URBAN_PLANNER,3,kv,Historical,"""UNIT_URBAN_PLANNER_HISTORICAL"""
ICON_UNIT_URBAN_PLANNER,4,kv,Prereq,"""UNIT_URBAN_PLANNER_PREREQ"""
ICON_UNIT_URBAN_PLANNER,5,kv,Vari,"""UNIT_URBAN_PLANNER_STATISTICS"""
ICON_UNIT_URBAN_PLANNER,6,kv,Icon,"""UPUP037A.TGA"""
ICON_UNIT_URBAN_PLANNER,7,kv,LargeIcon,"""UPUP037L.TGA"""
ICON_UNIT_URBAN_PLANNER,8,kv,SmallIcon,"""UPUP037B.TGA"""
ICON_UNIT_URBAN_PLANNER,9,kv,StatText,"""UNIT_URBAN_PLANNER_SUMMARY"""
ICON_UNIT_WAR_WALKER,0,kv,FirstFrame,"""UPUP058L.TGA"""
ICON_UNIT_WAR_WALKER,1,kv,Movie,"""NULL"""
ICON_UNIT_WAR_WALKER,2,kv,Gameplay,"""UNIT_WAR_WALKER_GAMEPLAY"""
ICON_UNIT_WAR_WALKER,3,kv,Historical,"""UNIT_WAR_WALKER_HISTORICAL"""
ICON_UNIT_WAR_WALKER,4,kv,Prereq,"""UNIT_WAR_WALKER_PREREQ"""
ICON_UNIT_WAR_WALKER,5,kv,Vari,"""UNIT_WAR_WALKER_STATISTICS"""
ICON_UNIT_WAR_WALKER,6,kv,Icon,"""UPUP058A.TGA"""
ICON_UNIT_WAR_WALKER,7,kv,LargeIcon,"""UPUP058L.TGA"""
ICON_UNIT_WAR_WALKER,8,kv,SmallIcon,"""UPUP058B.TGA"""
ICON_UNIT_WAR_WALKER,9,kv,StatText,"""UNIT_WAR_WALKER_SUMMARY"""
ICON_UNIT_WARRIOR,0,kv,FirstFrame,"""UPUP003L.TGA"""
ICON_UNIT_WARRIOR,1,kv,Movie,"""NULL"""
ICON_UNIT_WARRIOR,2,kv,Gameplay,"""UNIT_WARRIOR_GAMEPLAY"""
ICON_UNIT_WARRIOR,3,kv,Historical,"""UNIT_WARRIOR_HISTORICAL"""
ICON_UNIT_WARRIOR,4,kv,Prereq,"""UNIT_WARRIOR_PREREQ"""
ICON_UNIT_WARRIOR,5,kv,Vari,"""UNIT_WARRIOR_STATISTICS"""
ICON_UNIT_WARRIOR,6,kv,Icon,"""UPUP003A.TGA"""
ICON_UNIT_WARRIOR,7,kv,LargeIcon,"""UPUP003L.TGA"""
ICON_UNIT_WARRIOR,8,kv,SmallIcon,"""UPUP003B.TGA"""
ICON_UNIT_WARRIOR,9,kv,StatText,"""UNIT_WARRIOR_SUMMARY"""
ICON_WONDER_AI_ENTITY,0,kv,FirstFrame,"""AIentity.TGA"""
ICON_WONDER_AI_ENTITY,1,kv,Movie,"""GW031.AVI"""
ICON_WONDER_AI_ENTITY,2,kv,Gameplay,"""WONDER_AI_ENTITY_GAMEPLAY"""
ICON_WONDER_AI_ENTITY,3,kv,Historical,"""WONDER_AI_ENTITY_HISTORICAL"""
ICON_WONDER_AI_ENTITY,4,kv,Prereq,"""WONDER_AI_ENTITY_PREREQ"""
ICON_WONDER_AI_ENTITY,5,kv,Vari,"""WONDER_AI_ENTITY_STATISTICS"""
ICON_WONDER_AI_ENTITY,6,kv,Icon,"""AIentity.TGA"""
ICON_WONDER_AI_ENTITY,7,kv,LargeIcon,"""NULL"""
ICON_WONDER_AI_ENTITY,8,kv,SmallIcon,"""NULL"""
ICON_WONDER_AI_ENTITY,9,kv,StatText,"""WONDER_AI_ENTITY_STATISTICS"""
ICON_WONDER_ARISTOTLES_LYCEUM,0,kv,FirstFrame,"""UPWP003L.TGA"""
ICON_WONDER_ARISTOTLES_LYCEUM,1,kv,Movie,"""GW003.AVI"""
ICON_WONDER_ARISTOTLES_LYCEUM,2,kv,Gameplay,"""WONDER_ARISTOTLES_LYCEUM_GAMEPLAY"""
ICON_WONDER_ARISTOTLES_LYCEUM,3,kv,Historical,"""WONDER_ARISTOTLES_LYCEUM_HISTORICAL"""
ICON_WONDER_ARISTOTLES_LYCEUM,4,kv,Prereq,"""WONDER_ARISTOTLES_LYCEUM_PREREQ"""
ICON_WONDER_ARISTOTLES_LYCEUM,5,kv,Vari,"""WONDER_ARISTOTLES_LYCEUM_STATISTICS"""
ICON_WONDER_ARISTOTLES_LYCEUM,6,kv,Icon,"""UPWP003L.TGA"""
ICON_WONDER_ARISTOTLES_LYCEUM,7,kv,LargeIcon,"""NULL"""
ICON_WONDER_ARISTOTLES_LYCEUM,8,kv,SmallIcon,"""NULL"""
ICON_WONDER_ARISTOTLES_LYCEUM,9,kv,StatText,"""WONDER_ARISTOTLES_LYCEUM_STATISTICS"""
ICON_WONDER_CHICHEN_ITZA,0,kv,FirstFrame,"""UPWP004L.TGA"""
ICON_WONDER_CHICHEN_ITZA,1,kv,Movie,"""GW004.AVI"""
ICON_WONDER_CHICHEN_ITZA,2,kv,Gameplay,"""WONDER_CHICHEN_ITZA_GAMEPLAY"""
ICON_WONDER_CHICHEN_ITZA,3,kv,Historical,"""WONDER_CHICHEN_ITZA_HISTORICAL"""
ICON_WONDER_CHICHEN_ITZA,4,kv,Prereq,"""WONDER_CHICHEN_ITZA_PREREQ"""
ICON_WONDER_CHICHEN_ITZA,5,kv,Vari,"""WONDER_CHICHEN_ITZA_STATISTICS"""
ICON_WONDER_CHICHEN_ITZA,6,kv,Icon,"""UPWP004L.TGA"""
ICON_WONDER_CHICHEN_ITZA,7,kv,LargeIcon,"""NULL"""
ICON_WONDER_CHICHEN_ITZA,8,kv,SmallIcon,"""NULL"""
ICON_WONDER_CHICHEN_ITZA,9,kv,StatText,"""WONDER_CHICHEN_ITZA_STATISTICS"""
ICON_WONDER_DATA_HAVEN,0,kv,FirstFrame,"""UPWP005L.TGA"""
ICON_WONDER_DATA_HAVEN,1,kv,Movie,"""GW005.AVI"""
ICON_WONDER_DATA_HAVEN,2,kv,Gameplay,"""WONDER_DATA_HAVEN_GAMEPLAY"""
ICON_WONDER_DATA_HAVEN,3,kv,Historical,"""WONDER_DATA_HAVEN_HISTORICAL"""
ICON_WONDER_DATA_HAVEN,4,kv,Prereq,"""WONDER_DATA_HAVEN_PREREQ"""
ICON_WONDER_DATA_HAVEN,5,kv,Vari,"""WONDER_DATA_HAVEN_STATISTICS"""
ICON_WONDER_DATA_HAVEN,6,kv,Icon,"""UPWP005L.TGA"""
ICON_WONDER_DATA_HAVEN,7,kv,LargeIcon,"""NULL"""
ICON_WONDER_DATA_HAVEN,8,kv,SmallIcon,"""NULL"""
ICON_WONDER_DATA_HAVEN,9,kv,StatText,"""WONDER_DATA_HAVEN_STATISTICS"""
ICON_WONDER_DEFAULT,0,kv,FirstFrame,"""UPLG001.TGA"""
ICON_WONDER_DEFAULT,1,kv,Movie,"""GW001.AVI"""
ICON_WONDER_DEFAULT,2,kv,Gameplay,"""NULL"""
ICON_WONDER_DEFAULT,3,kv,Historical,"""NULL"""
ICON_WONDER_DEFAULT,4,kv,Prereq,"""NULL"""
ICON_WONDER_DEFAULT,5,kv,Vari,"""NULL"""
ICON_WONDER_DEFAULT,6,kv,Icon,"""UPWP001L.tga"""
ICON_WONDER_DEFAULT,7,kv,LargeIcon,"""NULL"""
ICON_WONDER_DEFAULT,8,kv,SmallIcon,"""NULL"""
ICON_WONDER_DEFAULT,9,kv,StatText,"""NULL"""
ICON_WONDER_EAST_INDIA_COMPANY,0,kv,FirstFrame,"""UPWP006L.TGA"""
ICON_WONDER_EAST_INDIA_COMPANY,1,kv,Movie,"""GW006.AVI"""
ICON_WONDER_EAST_INDIA_COMPANY,2,kv,Gameplay,"""WONDER_EAST_INDIA_COMPANY_GAMEPLAY"""
ICON_WONDER_EAST_INDIA_COMPANY,3,kv,Historical,"""WONDER_EAST_INDIA_COMPANY_HISTORICAL"""
ICON_WONDER_EAST_INDIA_COMPANY,4,kv,Prereq,"""WONDER_EAST_INDIA_COMPANY_PREREQ"""
ICON_WONDER_EAST_INDIA_COMPANY,5,kv,Vari,"""WONDER_EAST_INDIA_COMPANY_STATISTICS"""
ICON_WONDER_EAST_INDIA_COMPANY,6,kv,Icon,"""UPWP006L.TGA"""
ICON_WONDER_EAST_INDIA_COMPANY,7,kv,LargeIcon,"""NULL"""
ICON_WONDER_EAST_INDIA_COMPANY,8,kv,SmallIcon,"""NULL"""
ICON_WONDER_EAST_INDIA_COMPANY,9,kv,StatText,"""WONDER_EAST_INDIA_COMPANY_STATISTICS"""
ICON_WONDER_EGALITARIAN_ACT,0,kv,FirstFrame,"""UPWP008L.TGA"""
ICON_WONDER_EGALITARIAN_ACT,1,kv,Movie,"""GW008.AVI"""
ICON_WONDER_EGALITARIAN_ACT,2,kv,Gameplay,"""WONDER_EGALITARIAN_ACT_GAMEPLAY"""
ICON_WONDER_EGALITARIAN_ACT,3,kv,Historical,"""WONDER_EGALITARIAN_ACT_HISTORICAL"""
ICON_WONDER_EGALITARIAN_ACT,4,kv,Prereq,"""WONDER_EGALITARIAN_ACT_PREREQ"""
ICON_WONDER_EGALITARIAN_ACT,5,kv,Vari,"""WONDER_EGALITARIAN_ACT_STATISTICS"""
ICON_WONDER_EGALITARIAN_ACT,6,kv,Icon,"""UPWP008L.TGA"""
ICON_WONDER_EGALITARIAN_ACT,7,kv,LargeIcon,"""NULL"""
ICON_WONDER_EGALITARIAN_ACT,8,kv,SmallIcon,"""NULL"""
ICON_WONDER_EGALITARIAN_ACT,9,kv,StatText,"""WONDER_EGALITARIAN_ACT_STATISTICS"""
ICON_WONDER_EMANCIPATION_PROCLAMATION,0,kv,FirstFrame,"""UPWP009L.TGA"""
ICON_WONDER_EMANCIPATION_PROCLAMATION,1,kv,Movie,"""GW009.AVI"""
ICON_WONDER_EMANCIPATION_PROCLAMATION,2,kv,Gameplay,"""WONDER_EMANCIPATION_PROCLAMATION_GAMEPLAY"""
ICON_WONDER_EMANCIPATION_PROCLAMATION,3,kv,Historical,"""WONDER_EMANCIPATION_PROCLAMATION_HISTORICAL"""
ICON_WONDER_EMANCIPATION_PROCLAMATION,4,kv,Prereq,"""WONDER_EMANCIPATION_PROCLAMATION_PREREQ"""
ICON_WONDER_EMANCIPATION_PROCLAMATION,5,kv,Vari,"""WONDER_EMANCIPATION_PROCLAMATION_STATISTICS"""
ICON_WONDER_EMANCIPATION_PROCLAMATION,6,kv,Icon,"""UPWP009L.TGA"""
ICON_WONDER_EMANCIPATION_PROCLAMATION,7,kv,LargeIcon,"""NULL"""
ICON_WONDER_EMANCIPATION_PROCLAMATION,8,kv,SmallIcon,"""NULL"""
ICON_WONDER_EMANCIPATION_PROCLAMATION,9,kv,StatText,"""WONDER_EMANCIPATION_PROCLAMATION_STATISTICS"""
ICON_WONDER_EMPIRE_STATE_BUILDING,0,kv,FirstFrame,"""UPWP010L.TGA"""
ICON_WONDER_EMPIRE_STATE_BUILDING,1,kv,Movie,"""GW010.AVI"""
ICON_WONDER_EMPIRE_STATE_BUILDING,2,kv,Gameplay,"""WONDER_EMPIRE_STATE_BUILDING_GAMEPLAY"""
ICON_WONDER_EMPIRE_STATE_BUILDING,3,kv,Historical,"""WONDER_EMPIRE_STATE_BUILDING_HISTORICAL"""
ICON_WONDER_EMPIRE_STATE_BUILDING,4,kv,Prereq,"""WONDER_EMPIRE_STATE_BUILDING_PREREQ"""
ICON_WONDER_EMPIRE_STATE_BUILDING,5,kv,Vari,"""WONDER_EMPIRE_STATE_BUILDING_STATISTICS"""
ICON_WONDER_EMPIRE_STATE_BUILDING,6,kv,Icon,"""UPWP010L.TGA"""
ICON_WONDER_EMPIRE_STATE_BUILDING,7,kv,LargeIcon,"""NULL"""
ICON_WONDER_EMPIRE_STATE_BUILDING,8,kv,SmallIcon,"""NULL"""
ICON_WONDER_EMPIRE_STATE_BUILDING,9,kv,StatText,"""WONDER_EMPIRE_STATE_BUILDING_STATISTICS"""
ICON_WONDER_FIELD_DYNAMICS_LABORATORY,0,kv,FirstFrame,"""UPWP011L.TGA"""
ICON_WONDER_FIELD_DYNAMICS_LABORATORY,1,kv,Movie,"""GW011.AVI"""
ICON_WONDER_FIELD_DYNAMICS_LABORATORY,2,kv,Gameplay,"""WONDER_FIELD_DYNAMICS_LABORATORY_GAMEPLAY"""
ICON_WONDER_FIELD_DYNAMICS_LABORATORY,3,kv,Historical,"""WONDER_FIELD_DYNAMICS_LABORATORY_HISTORICAL"""
ICON_WONDER_FIELD_DYNAMICS_LABORATORY,4,kv,Prereq,"""WONDER_FIELD_DYNAMICS_LABORATORY_PREREQ"""
ICON_WONDER_FIELD_DYNAMICS_LABORATORY,5,kv,Vari,"""WONDER_FIELD_DYNAMICS_LABORATORY_STATISTICS"""
ICON_WONDER_FIELD_DYNAMICS_LABORATORY,6,kv,Icon,"""UPWP011L.TGA"""
ICON_WONDER_FIELD_DYNAMICS_LABORATORY,7,kv,LargeIcon,"""NULL"""
ICON_WONDER_FIELD_DYNAMICS_LABORATORY,8,kv,SmallIcon,"""NULL"""
ICON_WONDER_FIELD_DYNAMICS_LABORATORY,9,kv,StatText,"""WONDER_FIELD_DYNAMICS_LABORATORY_STATISTICS"""
ICON_WONDER_GALILEOS_TELESCOPE,0,kv,FirstFrame,"""UPWP013L.TGA"""
ICON_WONDER_GALILEOS_TELESCOPE,1,kv,Movie,"""GW013.AVI"""
ICON_WONDER_GALILEOS_TELESCOPE,2,kv,Gameplay,"""WONDER_GALILEOS_TELESCOPE_GAMEPLAY"""
ICON_WONDER_GALILEOS_TELESCOPE,3,kv,Historical,"""WONDER_GALILEOS_TELESCOPE_HISTORICAL"""
ICON_WONDER_GALILEOS_TELESCOPE,4,kv,Prereq,"""WONDER_GALILEOS_TELESCOPE_PREREQ"""
ICON_WONDER_GALILEOS_TELESCOPE,5,kv,Vari,"""WONDER_GALILEOS_TELESCOPE_STATISTICS"""
ICON_WONDER_GALILEOS_TELESCOPE,6,kv,Icon,"""UPWP013L.TGA"""
ICON_WONDER_GALILEOS_TELESCOPE,7,kv,LargeIcon,"""NULL"""
ICON_WONDER_GALILEOS_TELESCOPE,8,kv,SmallIcon,"""NULL"""
ICON_WONDER_GALILEOS_TELESCOPE,9,kv,StatText,"""WONDER_GALILEOS_TELESCOPE_STATISTICS"""
ICON_WONDER_GENOME_PROJECT,0,kv,FirstFrame,"""UPWP014L.TGA"""
ICON_WONDER_GENOME_PROJECT,1,kv,Movie,"""GW014.AVI"""
ICON_WONDER_GENOME_PROJECT,2,kv,Gameplay,"""WONDER_GENOME_PROJECT_GAMEPLAY"""
ICON_WONDER_GENOME_PROJECT,3,kv,Historical,"""WONDER_GENOME_PROJECT_HISTORICAL"""
ICON_WONDER_GENOME_PROJECT,4,kv,Prereq,"""WONDER_GENOME_PROJECT_PREREQ"""
ICON_WONDER_GENOME_PROJECT,5,kv,Vari,"""WONDER_GENOME_PROJECT_STATISTICS"""
ICON_WONDER_GENOME_PROJECT,6,kv,Icon,"""UPWP014L.TGA"""
ICON_WONDER_GENOME_PROJECT,7,kv,LargeIcon,"""NULL"""
ICON_WONDER_GENOME_PROJECT,8,kv,SmallIcon,"""NULL"""
ICON_WONDER_GENOME_PROJECT,9,kv,StatText,"""WONDER_GENOME_PROJECT_STATISTICS"""
ICON_WONDER_GLOBAL_NANO_CLEANER,0,kv,FirstFrame,"""UPWP015L.TGA"""
ICON_WONDER_GLOBAL_NANO_CLEANER,1,kv,Movie,"""GW015.AVI"""
ICON_WONDER_GLOBAL_NANO_CLEANER,2,kv,Gameplay,"""WONDER_CENTRAL_MATTER_DECOMPILER_GAMEPLAY"""
ICON_WONDER_GLOBAL_NANO_CLEANER,3,kv,Historical,"""WONDER_CENTRAL_MATTER_DECOMPILER_HISTORICAL"""
ICON_WONDER_GLOBAL_NANO_CLEANER,4,kv,Prereq,"""WONDER_CENTRAL_MATTER_DECOMPILER_PREREQ"""
ICON_WONDER_GLOBAL_NANO_CLEANER,5,kv,Vari,"""WONDER_CENTRAL_MATTER_DECOMPILER_STATISTICS"""
ICON_WONDER_GLOBAL_NANO_CLEANER,6,kv,Icon,"""UPWP015L.TGA"""
ICON_WONDER_GLOBAL_NANO_CLEANER,7,kv,LargeIcon,"""NULL"""
ICON_WONDER_GLOBAL_NANO_CLEANER,8,kv,SmallIcon,"""NULL"""
ICON_WONDER_GLOBAL_NANO_CLEANER,9,kv,StatText,"""WONDER_CENTRAL_MATTER_DECOMPILER_STATISTICS"""
ICON_WONDER_GLOBAL_SURVEILLANCE,0,kv,FirstFrame,"""UPWP016L.TGA"""
ICON_WONDER_GLOBAL_SURVEILLANCE,1,kv,Movie,"""GW016.AVI"""
ICON_WONDER_GLOBAL_SURVEILLANCE,2,kv,Gameplay,"""WONDER_GLOBAL_SURVEILLANCE_CENTER_GAMEPLAY"""
ICON_WONDER_GLOBAL_SURVEILLANCE,3,kv,Historical,"""WONDER_GLOBAL_SURVEILLANCE_CENTER_HISTORICAL"""
ICON_WONDER_GLOBAL_SURVEILLANCE,4,kv,Prereq,"""WONDER_GLOBAL_SURVEILLANCE_CENTER_PREREQ"""
ICON_WONDER_GLOBAL_SURVEILLANCE,5,kv,Vari,"""WONDER_GLOBAL_SURVEILLANCE_CENTER_STATISTICS"""
ICON_WONDER_GLOBAL_SURVEILLANCE,6,kv,Icon,"""UPWP016L.TGA"""
ICON_WONDER_GLOBAL_SURVEILLANCE,7,kv,LargeIcon,"""NULL"""
ICON_WONDER_GLOBAL_SURVEILLANCE,8,kv,SmallIcon,"""NULL"""
ICON_WONDER_GLOBAL_SURVEILLANCE,9,kv,StatText,"""WONDER_GLOBAL_SURVEILLANCE_CENTER_STATISTICS"""
ICON_WONDER_GLOBESAT,0,kv,FirstFrame,"""UPWP017L.TGA"""
ICON_WONDER_GLOBESAT,1,kv,Movie,"""GW017.AVI"""
ICON_WONDER_GLOBESAT,2,kv,Gameplay,"""WONDER_GLOBESAT_GAMEPLAY"""
ICON_WONDER_GLOBESAT,3,kv,Historical,"""WONDER_GLOBESAT_HISTORICAL"""
ICON_WONDER_GLOBESAT,4,kv,Prereq,"""WONDER_GLOBESAT_PREREQ"""
ICON_WONDER_GLOBESAT,5,kv,Vari,"""WONDER_GLOBESAT_STATISTICS"""
ICON_WONDER_GLOBESAT,6,kv,Icon,"""UPWP017L.TGA"""
ICON_WONDER_GLOBESAT,7,kv,LargeIcon,"""NULL"""
ICON_WONDER_GLOBESAT,8,kv,SmallIcon,"""NULL"""
ICON_WONDER_GLOBESAT,9,kv,StatText,"""WONDER_GLOBESAT_STATISTICS"""
ICON_WONDER_GREAT_WALL,0,kv,FirstFrame,"""UPWP018L.TGA"""
ICON_WONDER_GREAT_WALL,1,kv,Movie,"""GW018.AVI"""
ICON_WONDER_GREAT_WALL,2,kv,Gameplay,"""WONDER_GREAT_WALL_GAMEPLAY"""
ICON_WONDER_GREAT_WALL,3,kv,Historical,"""WONDER_GREAT_WALL_HISTORICAL"""
ICON_WONDER_GREAT_WALL,4,kv,Prereq,"""WONDER_GREAT_WALL_PREREQ"""
ICON_WONDER_GREAT_WALL,5,kv,Vari,"""WONDER_GREAT_WALL_STATISTICS"""
ICON_WONDER_GREAT_WALL,6,kv,Icon,"""UPWP018L.TGA"""
ICON_WONDER_GREAT_WALL,7,kv,LargeIcon,"""NULL"""
ICON_WONDER_GREAT_WALL,8,kv,SmallIcon,"""NULL"""
ICON_WONDER_GREAT_WALL,9,kv,StatText,"""WONDER_GREAT_WALL_STATISTICS"""
ICON_WONDER_GUTTENBERGS_BIBLE,0,kv,FirstFrame,"""UPWP019L.TGA"""
ICON_WONDER_GUTTENBERGS_BIBLE,1,kv,Movie,"""GW019.AVI"""
ICON_WONDER_GUTTENBERGS_BIBLE,2,kv,Gameplay,"""WONDER_GUTTENBERGS_BIBLE_GAMEPLAY"""
ICON_WONDER_GUTTENBERGS_BIBLE,3,kv,Historical,"""WONDER_GUTTENBERGS_BIBLE_HISTORICAL"""
ICON_WONDER_GUTTENBERGS_BIBLE,4,kv,Prereq,"""WONDER_GUTTENBERGS_BIBLE_PREREQ"""
ICON_WONDER_GUTTENBERGS_BIBLE,5,kv,Vari,"""WONDER_GUTTENBERGS_BIBLE_STATISTICS"""
ICON_WONDER_GUTTENBERGS_BIBLE,6,kv,Icon,"""UPWP019L.TGA"""
ICON_WONDER_GUTTENBERGS_BIBLE,7,kv,LargeIcon,"""NULL"""
ICON_WONDER_GUTTENBERGS_BIBLE,8,kv,SmallIcon,"""NULL"""
ICON_WONDER_GUTTENBERGS_BIBLE,9,kv,StatText,"""WONDER_GUTTENBERGS_BIBLE_STATISTICS"""
ICON_WONDER_HAGIA_SOPHIA,0,kv,FirstFrame,"""UPWP020L.TGA"""
ICON_WONDER_HAGIA_SOPHIA,1,kv,Movie,"""GW020.AVI"""
ICON_WONDER_HAGIA_SOPHIA,2,kv,Gameplay,"""WONDER_HAGIA_SOPHIA_GAMEPLAY"""
ICON_WONDER_HAGIA_SOPHIA,3,kv,Historical,"""WONDER_HAGIA_SOPHIA_HISTORICAL"""
ICON_WONDER_HAGIA_SOPHIA,4,kv,Prereq,"""WONDER_HAGIA_SOPHIA_PREREQ"""
ICON_WONDER_HAGIA_SOPHIA,5,kv,Vari,"""WONDER_HAGIA_SOPHIA_STATISTICS"""
ICON_WONDER_HAGIA_SOPHIA,6,kv,Icon,"""UPWP020L.TGA"""
ICON_WONDER_HAGIA_SOPHIA,7,kv,LargeIcon,"""NULL"""
ICON_WONDER_HAGIA_SOPHIA,8,kv,SmallIcon,"""NULL"""
ICON_WONDER_HAGIA_SOPHIA,9,kv,StatText,"""WONDER_HAGIA_SOPHIA_STATISTICS"""
ICON_WONDER_HOLLYWOOD,0,kv,FirstFrame,"""UPWP021L.TGA"""
ICON_WONDER_HOLLYWOOD,1,kv,Movie,"""GW021.AVI"""
ICON_WONDER_HOLLYWOOD,2,kv,Gameplay,"""WONDER_HOLLYWOOD_GAMEPLAY"""
ICON_WONDER_HOLLYWOOD,3,kv,Historical,"""WONDER_HOLLYWOOD_HISTORICAL"""
ICON_WONDER_HOLLYWOOD,4,kv,Prereq,"""WONDER_HOLLYWOOD_PREREQ"""
ICON_WONDER_HOLLYWOOD,5,kv,Vari,"""WONDER_HOLLYWOOD_STATISTICS"""
ICON_WONDER_HOLLYWOOD,6,kv,Icon,"""UPWP021L.TGA"""
ICON_WONDER_HOLLYWOOD,7,kv,LargeIcon,"""NULL"""
ICON_WONDER_HOLLYWOOD,8,kv,SmallIcon,"""NULL"""
ICON_WONDER_HOLLYWOOD,9,kv,StatText,"""WONDER_HOLLYWOOD_STATISTICS"""
ICON_WONDER_INTERNATIONAL_HUMAN_RIGHTS,0,kv,FirstFrame,"""UPWP022L.TGA"""
ICON_WONDER_INTERNATIONAL_HUMAN_RIGHTS,1,kv,Movie,"""GW022.AVI"""
ICON_WONDER_INTERNATIONAL_HUMAN_RIGHTS,2,kv,Gameplay,"""WONDER_ZERO_CRIME_BILL_GAMEPLAY"""
ICON_WONDER_INTERNATIONAL_HUMAN_RIGHTS,3,kv,Historical,"""WONDER_ZERO_CRIME_BILL_HISTORICAL"""
ICON_WONDER_INTERNATIONAL_HUMAN_RIGHTS,4,kv,Prereq,"""WONDER_ZERO_CRIME_BILL_PREREQ"""
ICON_WONDER_INTERNATIONAL_HUMAN_RIGHTS,5,kv,Vari,"""WONDER_ZERO_CRIME_BILL_STATISTICS"""
ICON_WONDER_INTERNATIONAL_HUMAN_RIGHTS,6,kv,Icon,"""UPWP022L.TGA"""
ICON_WONDER_INTERNATIONAL_HUMAN_RIGHTS,7,kv,LargeIcon,"""NULL"""
ICON_WONDER_INTERNATIONAL_HUMAN_RIGHTS,8,kv,SmallIcon,"""NULL"""
ICON_WONDER_INTERNATIONAL_HUMAN_RIGHTS,9,kv,StatText,"""WONDER_ZERO_CRIME_BILL_STATISTICS"""
ICON_WONDER_INTERNET,0,kv,FirstFrame,"""UPWP023L.TGA"""
ICON_WONDER_INTERNET,1,kv,Movie,"""GW023.AVI"""
ICON_WONDER_INTERNET,2,kv,Gameplay,"""WONDER_INTERNET_GAMEPLAY"""
ICON_WONDER_INTERNET,3,kv,Historical,"""WONDER_INTERNET_HISTORICAL"""
ICON_WONDER_INTERNET,4,kv,Prereq,"""WONDER_INTERNET_PREREQ"""
ICON_WONDER_INTERNET,5,kv,Vari,"""WONDER_INTERNET_STATISTICS"""
ICON_WONDER_INTERNET,6,kv,Icon,"""UPWP023L.TGA"""
ICON_WONDER_INTERNET,7,kv,LargeIcon,"""NULL"""
ICON_WONDER_INTERNET,8,kv,SmallIcon,"""NULL"""
ICON_WONDER_INTERNET,9,kv,StatText,"""WONDER_INTERNET_STATISTICS"""
ICON_WONDER_LONDON_EXCHANGE,0,kv,FirstFrame,"""UPWP024L.TGA"""
ICON_WONDER_LONDON_EXCHANGE,1,kv,Movie,"""GW024.AVI"""
ICON_WONDER_LONDON_EXCHANGE,2,kv,Gameplay,"""WONDER_LONDON_EXCHANGE_GAMEPLAY"""
ICON_WONDER_LONDON_EXCHANGE,3,kv,Historical,"""WONDER_LONDON_EXCHANGE_HISTORICAL"""
ICON_WONDER_LONDON_EXCHANGE,4,kv,Prereq,"""WONDER_LONDON_EXCHANGE_PREREQ"""
ICON_WONDER_LONDON_EXCHANGE,5,kv,Vari,"""WONDER_LONDON_EXCHANGE_STATISTICS"""
ICON_WONDER_LONDON_EXCHANGE,6,kv,Icon,"""UPWP024L.TGA"""
ICON_WONDER_LONDON_EXCHANGE,7,kv,LargeIcon,"""NULL"""
ICON_WONDER_LONDON_EXCHANGE,8,kv,SmallIcon,"""NULL"""
ICON_WONDER_LONDON_EXCHANGE,9,kv,StatText,"""WONDER_LONDON_EXCHANGE_STATISTICS"""
ICON_WONDER_NANITE_DEFUSER,0,kv,FirstFrame,"""UPWP025L.TGA"""
ICON_WONDER_NANITE_DEFUSER,1,kv,Movie,"""GW025.AVI"""
ICON_WONDER_NANITE_DEFUSER,2,kv,Gameplay,"""WONDER_NANITE_DEFUSER_GAMEPLAY"""
ICON_WONDER_NANITE_DEFUSER,3,kv,Historical,"""WONDER_NANITE_DEFUSER_HISTORICAL"""
ICON_WONDER_NANITE_DEFUSER,4,kv,Prereq,"""WONDER_NANITE_DEFUSER_PREREQ"""
ICON_WONDER_NANITE_DEFUSER,5,kv,Vari,"""WONDER_NANITE_DEFUSER_STATISTICS"""
ICON_WONDER_NANITE_DEFUSER,6,kv,Icon,"""UPWP025L.TGA"""
ICON_WONDER_NANITE_DEFUSER,7,kv,LargeIcon,"""NULL"""
ICON_WONDER_NANITE_DEFUSER,8,kv,SmallIcon,"""NULL"""
ICON_WONDER_NANITE_DEFUSER,9,kv,StatText,"""WONDER_NANITE_DEFUSER_STATISTICS"""
ICON_WONDER_NATIONAL_SHIELD,0,kv,FirstFrame,"""UPWP026L.TGA"""
ICON_WONDER_NATIONAL_SHIELD,1,kv,Movie,"""GW026.AVI"""
ICON_WONDER_NATIONAL_SHIELD,2,kv,Gameplay,"""WONDER_NATIONAL_SHIELD_GAMEPLAY"""
ICON_WONDER_NATIONAL_SHIELD,3,kv,Historical,"""WONDER_NATIONAL_SHIELD_HISTORICAL"""
ICON_WONDER_NATIONAL_SHIELD,4,kv,Prereq,"""WONDER_NATIONAL_SHIELD_PREREQ"""
ICON_WONDER_NATIONAL_SHIELD,5,kv,Vari,"""WONDER_NATIONAL_SHIELD_STATISTICS"""
ICON_WONDER_NATIONAL_SHIELD,6,kv,Icon,"""UPWP026L.TGA"""
ICON_WONDER_NATIONAL_SHIELD,7,kv,LargeIcon,"""NULL"""
ICON_WONDER_NATIONAL_SHIELD,8,kv,SmallIcon,"""NULL"""
ICON_WONDER_NATIONAL_SHIELD,9,kv,StatText,"""WONDER_NATIONAL_SHIELD_STATISTICS"""
ICON_WONDER_PENICILLIN,0,kv,FirstFrame,"""UPWP027L.TGA"""
ICON_WONDER_PENICILLIN,1,kv,Movie,"""GW027.AVI"""
ICON_WONDER_PENICILLIN,2,kv,Gameplay,"""WONDER_PENICILLIN_GAMEPLAY"""
ICON_WONDER_PENICILLIN,3,kv,Historical,"""WONDER_PENICILLIN_HISTORICAL"""
ICON_WONDER_PENICILLIN,4,kv,Prereq,"""WONDER_PENICILLIN_PREREQ"""
ICON_WONDER_PENICILLIN,5,kv,Vari,"""WONDER_PENICILLIN_STATISTICS"""
ICON_WONDER_PENICILLIN,6,kv,Icon,"""UPWP027L.TGA"""
ICON_WONDER_PENICILLIN,7,kv,LargeIcon,"""NULL"""
ICON_WONDER_PENICILLIN,8,kv,SmallIcon,"""NULL"""
ICON_WONDER_PENICILLIN,9,kv,StatText,"""WONDER_PENICILLIN_STATISTICS"""
ICON_WONDER_PYRAMIDS,0,kv,FirstFrame,"""UPWP028L.TGA"""
ICON_WONDER_PYRAMIDS,1,kv,Movie,"""GW028.AVI"""
ICON_WONDER_PYRAMIDS,2,kv,Gameplay,"""WONDER_PYRAMIDS_GAMEPLAY"""
ICON_WONDER_PYRAMIDS,3,kv,Historical,"""WONDER_PYRAMIDS_HISTORICAL"""
ICON_WONDER_PYRAMIDS,4,kv,Prereq,"""WONDER_PYRAMIDS_PREREQ"""
ICON_WONDER_PYRAMIDS,5,kv,Vari,"""WONDER_PYRAMIDS_STATISTICS"""
ICON_WONDER_PYRAMIDS,6,kv,Icon,"""UPWP028L.TGA"""
ICON_WONDER_PYRAMIDS,7,kv,LargeIcon,"""NULL"""
ICON_WONDER_PYRAMIDS,8,kv,SmallIcon,"""NULL"""
ICON_WONDER_PYRAMIDS,9,kv,StatText,"""WONDER_PYRAMIDS_STATISTICS"""
ICON_WONDER_RAMAYANA,0,kv,FirstFrame,"""UPWP029L.TGA"""
ICON_WONDER_RAMAYANA,1,kv,Movie,"""GW029.AVI"""
ICON_WONDER_RAMAYANA,2,kv,Gameplay,"""WONDER_RAMAYANA_GAMEPLAY"""
ICON_WONDER_RAMAYANA,3,kv,Historical,"""WONDER_RAMAYANA_HISTORICAL"""
ICON_WONDER_RAMAYANA,4,kv,Prereq,"""WONDER_RAMAYANA_PREREQ"""
ICON_WONDER_RAMAYANA,5,kv,Vari,"""WONDER_RAMAYANA_STATISTICS"""
ICON_WONDER_RAMAYANA,6,kv,Icon,"""UPWP029L.TGA"""
ICON_WONDER_RAMAYANA,7,kv,LargeIcon,"""NULL"""
ICON_WONDER_RAMAYANA,8,kv,SmallIcon,"""NULL"""
ICON_WONDER_RAMAYANA,9,kv,StatText,"""WONDER_RAMAYANA_STATISTICS"""
ICON_WONDER_THE_AGENCY,0,kv,FirstFrame,"""UPWP001L.TGA"""
ICON_WONDER_THE_AGENCY,1,kv,Movie,"""GW001.AVI"""
ICON_WONDER_THE_AGENCY,2,kv,Gameplay,"""WONDER_THE_AGENCY_GAMEPLAY"""
ICON_WONDER_THE_AGENCY,3,kv,Historical,"""WONDER_THE_AGENCY_HISTORICAL"""
ICON_WONDER_THE_AGENCY,4,kv,Prereq,"""WONDER_THE_AGENCY_PREREQ"""
ICON_WONDER_THE_AGENCY,5,kv,Vari,"""WONDER_THE_AGENCY_STATISTICS"""
ICON_WONDER_THE_AGENCY,6,kv,Icon,"""UPWP001L.TGA"""
ICON_WONDER_THE_AGENCY,7,kv,LargeIcon,"""NULL"""
ICON_WONDER_THE_AGENCY,8,kv,SmallIcon,"""NULL"""
ICON_WONDER_THE_AGENCY,9,kv,StatText,"""WONDER_THE_AGENCY_STATISTICS"""
ICON_WONDER_THE_APPIAN_WAY,0,kv,FirstFrame,"""UPWP002L.TGA"""
ICON_WONDER_THE_APPIAN_WAY,1,kv,Movie,"""GW002.AVI"""
ICON_WONDER_THE_APPIAN_WAY,2,kv,Gameplay,"""WONDER_THE_APPIAN_WAY_GAMEPLAY"""
ICON_WONDER_THE_APPIAN_WAY,3,kv,Historical,"""WONDER_THE_APPIAN_WAY_HISTORICAL"""
ICON_WONDER_THE_APPIAN_WAY,4,kv,Prereq,"""WONDER_THE_APPIAN_WAY_PREREQ"""
ICON_WONDER_THE_APPIAN_WAY,5,kv,Vari,"""WONDER_THE_APPIAN_WAY_STATISTICS"""
ICON_WONDER_THE_APPIAN_WAY,6,kv,Icon,"""UPWP002L.TGA"""
ICON_WONDER_THE_APPIAN_WAY,7,kv,LargeIcon,"""NULL"""
ICON_WONDER_THE_APPIAN_WAY,8,kv,SmallIcon,"""NULL"""
ICON_WONDER_THE_APPIAN_WAY,9,kv,StatText,"""WONDER_THE_APPIAN_WAY_STATISTICS"""
ICON_WONDER_THE_EDEN_PROJECT,0,kv,FirstFrame,"""UPWP007L.TGA"""
ICON_WONDER_THE_EDEN_PROJECT,1,kv,Movie,"""GW007.AVI"""
ICON_WONDER_THE_EDEN_PROJECT,2,kv,Gameplay,"""WONDER_THE_EDEN_PROJECT_GAMEPLAY"""
ICON_WONDER_THE_EDEN_PROJECT,3,kv,Historical,"""WONDER_THE_EDEN_PROJECT_HISTORICAL"""
ICON_WONDER_THE_EDEN_PROJECT,4,kv,Prereq,"""WONDER_THE_EDEN_PROJECT_PREREQ"""
ICON_WONDER_THE_EDEN_PROJECT,5,kv,Vari,"""WONDER_THE_EDEN_PROJECT_STATISTICS"""
ICON_WONDER_THE_EDEN_PROJECT,6,kv,Icon,"""UPWP007L.TGA"""
ICON_WONDER_THE_EDEN_PROJECT,7,kv,LargeIcon,"""NULL"""
ICON_WONDER_THE_EDEN_PROJECT,8,kv,SmallIcon,"""NULL"""
ICON_WONDER_THE_EDEN_PROJECT,9,kv,StatText,"""WONDER_THE_EDEN_PROJECT_STATISTICS"""
ICON_WONDER_THE_FORBIDDEN_CITY,0,kv,FirstFrame,"""UPWP012L.TGA"""
ICON_WONDER_THE_FORBIDDEN_CITY,1,kv,Movie,"""GW012.AVI"""
ICON_WONDER_THE_FORBIDDEN_CITY,2,kv,Gameplay,"""WONDER_THE_FORBIDDEN_CITY_GAMEPLAY"""
ICON_WONDER_THE_FORBIDDEN_CITY,3,kv,Historical,"""WONDER_THE_FORBIDDEN_CITY_HISTORICAL"""
ICON_WONDER_THE_FORBIDDEN_CITY,4,kv,Prereq,"""WONDER_THE_FORBIDDEN_CITY_PREREQ"""
ICON_WONDER_THE_FORBIDDEN_CITY,5,kv,Vari,"""WONDER_THE_FORBIDDEN_CITY_STATISTICS"""
ICON_WONDER_THE_FORBIDDEN_CITY,6,kv,Icon,"""UPWP012L.TGA"""
ICON_WONDER_THE_FORBIDDEN_CITY,7,kv,LargeIcon,"""NULL"""
ICON_WONDER_THE_FORBIDDEN_CITY,8,kv,SmallIcon,"""NULL"""
ICON_WONDER_THE_FORBIDDEN_CITY,9,kv,StatText,"""WONDER_THE_FORBIDDEN_CITY_STATISTICS"""
ICON_WONDER_THE_SOLARIS_PROJECT,0,kv,FirstFrame,"""UPWP030L.TGA"""
ICON_WONDER_THE_SOLARIS_PROJECT,1,kv,Movie,"""GW030.AVI"""
ICON_WONDER_THE_SOLARIS_PROJECT,2,kv,Gameplay,"""WONDER_THE_SOLARIS_PROJECT_GAMEPLAY"""
ICON_WONDER_THE_SOLARIS_PROJECT,3,kv,Historical,"""WONDER_THE_SOLARIS_PROJECT_HISTORICAL"""
ICON_WONDER_THE_SOLARIS_PROJECT,4,kv,Prereq,"""WONDER_THE_SOLARIS_PROJECT_PREREQ"""
ICON_WONDER_THE_SOLARIS_PROJECT,5,kv,Vari,"""WONDER_THE_SOLARIS_PROJECT_STATISTICS"""
ICON_WONDER_THE_SOLARIS_PROJECT,6,kv,Icon,"""UPWP030L.TGA"""
ICON_WONDER_THE_SOLARIS_PROJECT,7,kv,LargeIcon,"""NULL"""
ICON_WONDER_THE_SOLARIS_PROJECT,8,kv,SmallIcon,"""NULL"""
ICON_WONDER_THE_SOLARIS_PROJECT,9,kv,StatText,"""WONDER_THE_SOLARIS_PROJECT_STATISTICS"""
