block_id,seq,type,key,val
UNIT_SPEARMAN_MILITIA,0,flag,CantBuild,
UNIT_SPEARMAN_MILITIA,1,kv,Description,DESCRIPTION_UNIT_WARRIOR
UNIT_SPEARMAN_MILITIA,2,kv,DefaultIcon,ICON_UNIT_SPEARMAN_MILITIA
UNIT_SPEARMAN_MILITIA,3,kv,DefaultSprite,SPRITE_SPEARMAN
UNIT_SPEARMAN_MILITIA,4,kv,Category,UNIT_CATEGORY_DEFENSE
UNIT_SPEARMAN_MILITIA,5,kv,Attack,15
UNIT_SPEARMAN_MILITIA,6,kv,Defense,15
UNIT_SPEARMAN_MILITIA,7,kv,ZBRangeAttack,0
UNIT_SPEARMAN_MILITIA,8,kv,Firepower,1
UNIT_SPEARMAN_MILITIA,9,kv,Armor,1
UNIT_SPEARMAN_MILITIA,10,kv,MaxHP,13
UNIT_SPEARMAN_MILITIA,11,kv,ShieldCost,180
UNIT_SPEARMAN_MILITIA,12,kv,PowerPoints,82
UNIT_SPEARMAN_MILITIA,13,kv,ShieldHunger,1
UNIT_SPEARMAN_MILITIA,14,kv,FoodHunger,0
UNIT_SPEARMAN_MILITIA,15,kv,MaxMovePoints,0
UNIT_SPEARMAN_MILITIA,16,kv,VisionRange,1
UNIT_SPEARMAN_MILITIA,17,kv,EnableAdvance,ADVANCE_HEXTAPUL
UNIT_SPEARMAN_MILITIA,18,kv,ActiveDefenseRange,0
UNIT_SPEARMAN_MILITIA,19,flag,LossMoveToDmgNone,
UNIT_SPEARMAN_MILITIA,20,kv,MaxFuel,0
UNIT_SPEARMAN_MILITIA,21,flag,CanEntrench,
UNIT_SPEARMAN_MILITIA,22,flag,NoZoc,
UNIT_SPEARMAN_MILITIA,23,flag,CanExpel,
UNIT_SPEARMAN_MILITIA,24,flag,CanPillage,
UNIT_SPEARMAN_MILITIA,25,flag,CanPirate,
UNIT_SPEARMAN_MILITIA,26,flag,ExertsMartialLaw,
UNIT_SPEARMAN_MILITIA,27,flag,DeathEffectsHappy,
UNIT_SPEARMAN_MILITIA,28,kv,SoundSelect1,SOUND_SELECT1_PIKEMEN
UNIT_SPEARMAN_MILITIA,29,kv,SoundSelect2,SOUND_SELECT2_PIKEMEN
UNIT_SPEARMAN_MILITIA,30,kv,SoundMove,SOUND_MOVE_PIKEMEN
UNIT_SPEARMAN_MILITIA,31,kv,SoundAcknowledge,SOUND_ACKNOWLEDGE_PIKEMEN
UNIT_SPEARMAN_MILITIA,32,kv,SoundCantMove,SOUND_CANTMOVE_PIKEMEN
UNIT_SPEARMAN_MILITIA,33,kv,SoundAttack,SOUND_ATTACK_PIKEMEN
UNIT_SPEARMAN_MILITIA,34,kv,SoundWork,SOUND_WORK_PIKEMEN
UNIT_SPEARMAN_MILITIA,35,kv,SoundVictory,SOUND_VICTORY_PIKEMEN
UNIT_SPEARMAN_MILITIA,36,kv,SoundDeath,SOUND_DEATH_PIKEMEN
UNIT_SPEARMAN_MILITIA,37,sublist,CanAttack,Land
UNIT_SPEARMAN_MILITIA,38,sublist,CanAttack,Mountain
UNIT_SPEARMAN_MILITIA,39,sublist,CanSee,Standard
UNIT_SPEARMAN_MILITIA,40,sublist,MovementType,Land
UNIT_SPEARMAN_MILITIA,41,sublist,MovementType,Mountain
UNIT_SPEARMAN_MILITIA,42,sublist,Size,Medium
UNIT_SPEARMAN_MILITIA,43,sublist,VisionClass,Standard
UNIT_SPEARMAN_MILITIA,44,nested,CanReform,"[{""t"": ""kv"", ""k"": ""Sound"", ""v"": ""SOUND_ID_REFORM_CITY""}, {""t"": ""kv"", ""k"": ""Effect"", ""v"": ""SPECEFFECT_REFORMCITY""}]"
UNIT_HOPLITE_MILITIA,0,flag,CantBuild,
UNIT_HOPLITE_MILITIA,1,kv,Description,DESCRIPTION_UNIT_HOPLITE
UNIT_HOPLITE_MILITIA,2,kv,DefaultIcon,ICON_UNIT_HOPLITE_MILITIA
UNIT_HOPLITE_MILITIA,3,kv,DefaultSprite,SPRITE_HOPLITE
UNIT_HOPLITE_MILITIA,4,kv,Category,UNIT_CATEGORY_DEFENSE
UNIT_HOPLITE_MILITIA,5,kv,Attack,15
UNIT_HOPLITE_MILITIA,6,kv,Defense,20
UNIT_HOPLITE_MILITIA,7,kv,ZBRangeAttack,0
UNIT_HOPLITE_MILITIA,8,kv,Firepower,1
UNIT_HOPLITE_MILITIA,9,kv,Armor,1
UNIT_HOPLITE_MILITIA,10,kv,MaxHP,14
UNIT_HOPLITE_MILITIA,11,kv,ShieldCost,280
UNIT_HOPLITE_MILITIA,12,kv,PowerPoints,82
UNIT_HOPLITE_MILITIA,13,kv,ShieldHunger,2
UNIT_HOPLITE_MILITIA,14,kv,FoodHunger,0
UNIT_HOPLITE_MILITIA,15,kv,MaxMovePoints,0
UNIT_HOPLITE_MILITIA,16,kv,VisionRange,1
UNIT_HOPLITE_MILITIA,17,kv,EnableAdvance,ADVANCE_HEXTAPUL
UNIT_HOPLITE_MILITIA,18,kv,ActiveDefenseRange,0
UNIT_HOPLITE_MILITIA,19,flag,LossMoveToDmgNone,
UNIT_HOPLITE_MILITIA,20,kv,MaxFuel,0
UNIT_HOPLITE_MILITIA,21,flag,CanEntrench,
UNIT_HOPLITE_MILITIA,22,flag,NoZoc,
UNIT_HOPLITE_MILITIA,23,flag,CanExpel,
UNIT_HOPLITE_MILITIA,24,flag,CanPillage,
UNIT_HOPLITE_MILITIA,25,flag,CanPirate,
UNIT_HOPLITE_MILITIA,26,flag,ExertsMartialLaw,
UNIT_HOPLITE_MILITIA,27,flag,DeathEffectsHappy,
UNIT_HOPLITE_MILITIA,28,kv,SoundSelect1,SOUND_SELECT1_HOPLITE
UNIT_HOPLITE_MILITIA,29,kv,SoundSelect2,SOUND_SELECT2_HOPLITE
UNIT_HOPLITE_MILITIA,30,kv,SoundMove,SOUND_MOVE_HOPLITE
UNIT_HOPLITE_MILITIA,31,kv,SoundAcknowledge,SOUND_ACKNOWLEDGE_HOPLITE
UNIT_HOPLITE_MILITIA,32,kv,SoundCantMove,SOUND_CANTMOVE_HOPLITE
UNIT_HOPLITE_MILITIA,33,kv,SoundAttack,SOUND_ATTACK_HOPLITE
UNIT_HOPLITE_MILITIA,34,kv,SoundWork,SOUND_WORK_HOPLITE
UNIT_HOPLITE_MILITIA,35,kv,SoundVictory,SOUND_VICTORY_HOPLITE
UNIT_HOPLITE_MILITIA,36,kv,SoundDeath,SOUND_DEATH_HOPLITE
UNIT_HOPLITE_MILITIA,37,sublist,CanAttack,Land
UNIT_HOPLITE_MILITIA,38,sublist,CanAttack,Mountain
UNIT_HOPLITE_MILITIA,39,sublist,CanSee,Standard
UNIT_HOPLITE_MILITIA,40,sublist,MovementType,Land
UNIT_HOPLITE_MILITIA,41,sublist,MovementType,Mountain
UNIT_HOPLITE_MILITIA,42,sublist,Size,Medium
UNIT_HOPLITE_MILITIA,43,sublist,VisionClass,Standard
UNIT_HOPLITE_MILITIA,44,nested,CanReform,"[{""t"": ""kv"", ""k"": ""Sound"", ""v"": ""SOUND_ID_REFORM_CITY""}, {""t"": ""kv"", ""k"": ""Effect"", ""v"": ""SPECEFFECT_REFORMCITY""}]"
UNIT_LEGION_MILITIA,0,flag,CantBuild,
UNIT_LEGION_MILITIA,1,kv,Description,DESCRIPTION_UNIT_KNIGHT
UNIT_LEGION_MILITIA,2,kv,DefaultIcon,ICON_UNIT_LEGION_MILITIA
UNIT_LEGION_MILITIA,3,kv,DefaultSprite,SPRITE_LEGION
UNIT_LEGION_MILITIA,4,kv,Category,UNIT_CATEGORY_ATTACK
UNIT_LEGION_MILITIA,5,kv,Attack,30
UNIT_LEGION_MILITIA,6,kv,Defense,25
UNIT_LEGION_MILITIA,7,kv,ZBRangeAttack,0
UNIT_LEGION_MILITIA,8,kv,Firepower,2
UNIT_LEGION_MILITIA,9,kv,Armor,1
UNIT_LEGION_MILITIA,10,kv,MaxHP,16
UNIT_LEGION_MILITIA,11,kv,ShieldCost,525
UNIT_LEGION_MILITIA,12,kv,PowerPoints,82
UNIT_LEGION_MILITIA,13,kv,ShieldHunger,5
UNIT_LEGION_MILITIA,14,kv,FoodHunger,0
UNIT_LEGION_MILITIA,15,kv,MaxMovePoints,0
UNIT_LEGION_MILITIA,16,kv,VisionRange,1
UNIT_LEGION_MILITIA,17,kv,EnableAdvance,ADVANCE_HEXTAPUL
UNIT_LEGION_MILITIA,18,kv,ActiveDefenseRange,0
UNIT_LEGION_MILITIA,19,flag,LossMoveToDmgNone,
UNIT_LEGION_MILITIA,20,kv,MaxFuel,0
UNIT_LEGION_MILITIA,21,flag,CanEntrench,
UNIT_LEGION_MILITIA,22,flag,NoZoc,
UNIT_LEGION_MILITIA,23,flag,CanExpel,
UNIT_LEGION_MILITIA,24,flag,CanPillage,
UNIT_LEGION_MILITIA,25,flag,CanPirate,
UNIT_LEGION_MILITIA,26,flag,ExertsMartialLaw,
UNIT_LEGION_MILITIA,27,flag,DeathEffectsHappy,
UNIT_LEGION_MILITIA,28,kv,SoundSelect1,SOUND_SELECT1_SAMURAI
UNIT_LEGION_MILITIA,29,kv,SoundSelect2,SOUND_SELECT2_SAMURAI
UNIT_LEGION_MILITIA,30,kv,SoundMove,SOUND_MOVE_SAMURAI
UNIT_LEGION_MILITIA,31,kv,SoundAcknowledge,SOUND_ACKNOWLEDGE_SAMURAI
UNIT_LEGION_MILITIA,32,kv,SoundCantMove,SOUND_CANTMOVE_SAMURAI
UNIT_LEGION_MILITIA,33,kv,SoundAttack,SOUND_ATTACK_SAMURAI
UNIT_LEGION_MILITIA,34,kv,SoundWork,SOUND_WORK_SAMURAI
UNIT_LEGION_MILITIA,35,kv,SoundVictory,SOUND_VICTORY_SAMURAI
UNIT_LEGION_MILITIA,36,kv,SoundDeath,SOUND_DEATH_SAMURAI
UNIT_LEGION_MILITIA,37,sublist,CanAttack,Land
UNIT_LEGION_MILITIA,38,sublist,CanAttack,Mountain
UNIT_LEGION_MILITIA,39,sublist,CanSee,Standard
UNIT_LEGION_MILITIA,40,sublist,MovementType,Land
UNIT_LEGION_MILITIA,41,sublist,MovementType,Mountain
UNIT_LEGION_MILITIA,42,sublist,Size,Medium
UNIT_LEGION_MILITIA,43,sublist,VisionClass,Standard
UNIT_LEGION_MILITIA,44,sublist,CanAttack,Land
UNIT_LEGION_MILITIA,45,nested,CanReform,"[{""t"": ""kv"", ""k"": ""Sound"", ""v"": ""SOUND_ID_REFORM_CITY""}, {""t"": ""kv"", ""k"": ""Effect"", ""v"": ""SPECEFFECT_REFORMCITY""}]"
UNIT_MAN_AT_ARMS_MILITIA,0,flag,CantBuild,
UNIT_MAN_AT_ARMS_MILITIA,1,kv,Description,DESCRIPTION_UNIT_PIKEMEN
UNIT_MAN_AT_ARMS_MILITIA,2,kv,DefaultIcon,ICON_UNIT_MAN_AT_ARMS_MILITIA
UNIT_MAN_AT_ARMS_MILITIA,3,kv,DefaultSprite,SPRITE_MAN_AT_ARMS
UNIT_MAN_AT_ARMS_MILITIA,4,kv,Category,UNIT_CATEGORY_DEFENSE
UNIT_MAN_AT_ARMS_MILITIA,5,kv,Attack,30
UNIT_MAN_AT_ARMS_MILITIA,6,kv,Defense,30
UNIT_MAN_AT_ARMS_MILITIA,7,kv,ZBRangeAttack,0
UNIT_MAN_AT_ARMS_MILITIA,8,kv,Firepower,2
UNIT_MAN_AT_ARMS_MILITIA,9,kv,Armor,1
UNIT_MAN_AT_ARMS_MILITIA,10,kv,MaxHP,16
UNIT_MAN_AT_ARMS_MILITIA,11,kv,ShieldCost,620
UNIT_MAN_AT_ARMS_MILITIA,12,kv,PowerPoints,82
UNIT_MAN_AT_ARMS_MILITIA,13,kv,ShieldHunger,6
UNIT_MAN_AT_ARMS_MILITIA,14,kv,FoodHunger,0
UNIT_MAN_AT_ARMS_MILITIA,15,kv,MaxMovePoints,0
UNIT_MAN_AT_ARMS_MILITIA,16,kv,VisionRange,1
UNIT_MAN_AT_ARMS_MILITIA,17,kv,EnableAdvance,ADVANCE_HEXTAPUL
UNIT_MAN_AT_ARMS_MILITIA,18,kv,ActiveDefenseRange,0
UNIT_MAN_AT_ARMS_MILITIA,19,flag,LossMoveToDmgNone,
UNIT_MAN_AT_ARMS_MILITIA,20,kv,MaxFuel,0
UNIT_MAN_AT_ARMS_MILITIA,21,flag,CanEntrench,
UNIT_MAN_AT_ARMS_MILITIA,22,flag,NoZoc,
UNIT_MAN_AT_ARMS_MILITIA,23,flag,CanExpel,
UNIT_MAN_AT_ARMS_MILITIA,24,flag,CanPillage,
UNIT_MAN_AT_ARMS_MILITIA,25,flag,CanPirate,
UNIT_MAN_AT_ARMS_MILITIA,26,flag,ExertsMartialLaw,
UNIT_MAN_AT_ARMS_MILITIA,27,flag,DeathEffectsHappy,
UNIT_MAN_AT_ARMS_MILITIA,28,kv,SoundSelect1,SOUND_SELECT1_PIKEMEN
UNIT_MAN_AT_ARMS_MILITIA,29,kv,SoundSelect2,SOUND_SELECT2_PIKEMEN
UNIT_MAN_AT_ARMS_MILITIA,30,kv,SoundMove,SOUND_MOVE_PIKEMEN
UNIT_MAN_AT_ARMS_MILITIA,31,kv,SoundAcknowledge,SOUND_ACKNOWLEDGE_PIKEMEN
UNIT_MAN_AT_ARMS_MILITIA,32,kv,SoundCantMove,SOUND_CANTMOVE_PIKEMEN
UNIT_MAN_AT_ARMS_MILITIA,33,kv,SoundAttack,SOUND_ATTACK_PIKEMEN
UNIT_MAN_AT_ARMS_MILITIA,34,kv,SoundWork,SOUND_WORK_PIKEMEN
UNIT_MAN_AT_ARMS_MILITIA,35,kv,SoundVictory,SOUND_VICTORY_PIKEMEN
UNIT_MAN_AT_ARMS_MILITIA,36,kv,SoundDeath,SOUND_DEATH_PIKEMEN
UNIT_MAN_AT_ARMS_MILITIA,37,sublist,CanAttack,Land
UNIT_MAN_AT_ARMS_MILITIA,38,sublist,CanAttack,Mountain
UNIT_MAN_AT_ARMS_MILITIA,39,sublist,CanSee,Standard
UNIT_MAN_AT_ARMS_MILITIA,40,sublist,MovementType,Land
UNIT_MAN_AT_ARMS_MILITIA,41,sublist,MovementType,Mountain
UNIT_MAN_AT_ARMS_MILITIA,42,sublist,Size,Medium
UNIT_MAN_AT_ARMS_MILITIA,43,sublist,VisionClass,Standard
UNIT_MAN_AT_ARMS_MILITIA,44,nested,CanReform,"[{""t"": ""kv"", ""k"": ""Sound"", ""v"": ""SOUND_ID_REFORM_CITY""}, {""t"": ""kv"", ""k"": ""Effect"", ""v"": ""SPECEFFECT_REFORMCITY""}]"
UNIT_INFANTRYMAN_MILITIA,0,flag,CantBuild,
UNIT_INFANTRYMAN_MILITIA,1,kv,Description,DESCRIPTION_UNIT_INFANTRYMAN
UNIT_INFANTRYMAN_MILITIA,2,kv,DefaultIcon,ICON_UNIT_INFANTRYMAN_MILITIA
UNIT_INFANTRYMAN_MILITIA,3,kv,DefaultSprite,SPRITE_ARQUEBUSIER
UNIT_INFANTRYMAN_MILITIA,4,kv,Category,UNIT_CATEGORY_ATTACK
UNIT_INFANTRYMAN_MILITIA,5,kv,Attack,45
UNIT_INFANTRYMAN_MILITIA,6,kv,Defense,40
UNIT_INFANTRYMAN_MILITIA,7,kv,ZBRangeAttack,35
UNIT_INFANTRYMAN_MILITIA,8,kv,Firepower,3
UNIT_INFANTRYMAN_MILITIA,9,kv,Armor,1
UNIT_INFANTRYMAN_MILITIA,10,kv,MaxHP,19
UNIT_INFANTRYMAN_MILITIA,11,kv,ShieldCost,1300
UNIT_INFANTRYMAN_MILITIA,12,kv,PowerPoints,82
UNIT_INFANTRYMAN_MILITIA,13,kv,ShieldHunger,11
UNIT_INFANTRYMAN_MILITIA,14,kv,FoodHunger,0
UNIT_INFANTRYMAN_MILITIA,15,kv,MaxMovePoints,0
UNIT_INFANTRYMAN_MILITIA,16,kv,VisionRange,2
UNIT_INFANTRYMAN_MILITIA,17,kv,EnableAdvance,ADVANCE_HEXTAPUL
UNIT_INFANTRYMAN_MILITIA,18,kv,ActiveDefenseRange,0
UNIT_INFANTRYMAN_MILITIA,19,flag,LossMoveToDmgNone,
UNIT_INFANTRYMAN_MILITIA,20,kv,MaxFuel,0
UNIT_INFANTRYMAN_MILITIA,21,flag,CanEntrench,
UNIT_INFANTRYMAN_MILITIA,22,flag,NoZoc,
UNIT_INFANTRYMAN_MILITIA,23,flag,CanExpel,
UNIT_INFANTRYMAN_MILITIA,24,flag,CanPillage,
UNIT_INFANTRYMAN_MILITIA,25,flag,CanPirate,
UNIT_INFANTRYMAN_MILITIA,26,flag,ExertsMartialLaw,
UNIT_INFANTRYMAN_MILITIA,27,flag,DeathEffectsHappy,
UNIT_INFANTRYMAN_MILITIA,28,kv,SoundSelect1,SOUND_SELECT1_INFANTRYMAN
UNIT_INFANTRYMAN_MILITIA,29,kv,SoundSelect2,SOUND_SELECT2_INFANTRYMAN
UNIT_INFANTRYMAN_MILITIA,30,kv,SoundMove,SOUND_MOVE_INFANTRYMAN
UNIT_INFANTRYMAN_MILITIA,31,kv,SoundAcknowledge,SOUND_ACKNOWLEDGE_INFANTRYMAN
UNIT_INFANTRYMAN_MILITIA,32,kv,SoundCantMove,SOUND_CANTMOVE_INFANTRYMAN
UNIT_INFANTRYMAN_MILITIA,33,kv,SoundAttack,SOUND_ATTACK_INFANTRYMAN
UNIT_INFANTRYMAN_MILITIA,34,kv,SoundWork,SOUND_WORK_INFANTRYMAN
UNIT_INFANTRYMAN_MILITIA,35,kv,SoundVictory,SOUND_VICTORY_INFANTRYMAN
UNIT_INFANTRYMAN_MILITIA,36,kv,SoundDeath,SOUND_DEATH_INFANTRYMAN
UNIT_INFANTRYMAN_MILITIA,37,sublist,CanAttack,Land
UNIT_INFANTRYMAN_MILITIA,38,sublist,CanAttack,Mountain
UNIT_INFANTRYMAN_MILITIA,39,sublist,CanSee,Standard
UNIT_INFANTRYMAN_MILITIA,40,sublist,MovementType,Land
UNIT_INFANTRYMAN_MILITIA,41,sublist,MovementType,Mountain
UNIT_INFANTRYMAN_MILITIA,42,sublist,Size,Medium
UNIT_INFANTRYMAN_MILITIA,43,sublist,VisionClass,Standard
UNIT_INFANTRYMAN_MILITIA,44,nested,CanReform,"[{""t"": ""kv"", ""k"": ""Sound"", ""v"": ""SOUND_ID_REFORM_CITY""}, {""t"": ""kv"", ""k"": ""Effect"", ""v"": ""SPECEFFECT_REFORMCITY""}]"
UNIT_MACHINE_GUNNER_MILITIA,0,flag,CantBuild,
UNIT_MACHINE_GUNNER_MILITIA,1,kv,Description,DESCRIPTION_UNIT_MACHINE_GUNNER
UNIT_MACHINE_GUNNER_MILITIA,2,kv,DefaultIcon,ICON_UNIT_MACHINE_GUNNER_MILITIA
UNIT_MACHINE_GUNNER_MILITIA,3,kv,DefaultSprite,SPRITE_MACHINE_GUNNER
UNIT_MACHINE_GUNNER_MILITIA,4,kv,Category,UNIT_CATEGORY_ATTACK
UNIT_MACHINE_GUNNER_MILITIA,5,kv,Attack,60
UNIT_MACHINE_GUNNER_MILITIA,6,kv,Defense,50
UNIT_MACHINE_GUNNER_MILITIA,7,kv,ZBRangeAttack,40
UNIT_MACHINE_GUNNER_MILITIA,8,kv,Firepower,3
UNIT_MACHINE_GUNNER_MILITIA,9,kv,Armor,1
UNIT_MACHINE_GUNNER_MILITIA,10,kv,MaxHP,21
UNIT_MACHINE_GUNNER_MILITIA,11,kv,ShieldCost,1700
UNIT_MACHINE_GUNNER_MILITIA,12,kv,PowerPoints,82
UNIT_MACHINE_GUNNER_MILITIA,13,kv,ShieldHunger,14
UNIT_MACHINE_GUNNER_MILITIA,14,kv,FoodHunger,0
UNIT_MACHINE_GUNNER_MILITIA,15,kv,MaxMovePoints,0
UNIT_MACHINE_GUNNER_MILITIA,16,kv,VisionRange,2
UNIT_MACHINE_GUNNER_MILITIA,17,kv,EnableAdvance,ADVANCE_HEXTAPUL
UNIT_MACHINE_GUNNER_MILITIA,18,kv,ActiveDefenseRange,0
UNIT_MACHINE_GUNNER_MILITIA,19,flag,LossMoveToDmgNone,
UNIT_MACHINE_GUNNER_MILITIA,20,kv,MaxFuel,0
UNIT_MACHINE_GUNNER_MILITIA,21,flag,CanEntrench,
UNIT_MACHINE_GUNNER_MILITIA,22,flag,NoZoc,
UNIT_MACHINE_GUNNER_MILITIA,23,flag,CanExpel,
UNIT_MACHINE_GUNNER_MILITIA,24,flag,CanPillage,
UNIT_MACHINE_GUNNER_MILITIA,25,flag,CanPirate,
UNIT_MACHINE_GUNNER_MILITIA,26,flag,ExertsMartialLaw,
UNIT_MACHINE_GUNNER_MILITIA,27,flag,DeathEffectsHappy,
UNIT_MACHINE_GUNNER_MILITIA,28,kv,SoundSelect1,SOUND_SELECT1_MACHINE_GUNNER
UNIT_MACHINE_GUNNER_MILITIA,29,kv,SoundSelect2,SOUND_SELECT2_MACHINE_GUNNER
UNIT_MACHINE_GUNNER_MILITIA,30,kv,SoundMove,SOUND_MOVE_MACHINE_GUNNER
UNIT_MACHINE_GUNNER_MILITIA,31,kv,SoundAcknowledge,SOUND_ACKNOWLEDGE_MACHINE_GUNNER
UNIT_MACHINE_GUNNER_MILITIA,32,kv,SoundCantMove,SOUND_CANTMOVE_MACHINE_GUNNER
UNIT_MACHINE_GUNNER_MILITIA,33,kv,SoundAttack,SOUND_ATTACK_MACHINE_GUNNER
UNIT_MACHINE_GUNNER_MILITIA,34,kv,SoundWork,SOUND_WORK_MACHINE_GUNNER
UNIT_MACHINE_GUNNER_MILITIA,35,kv,SoundVictory,SOUND_VICTORY_MACHINE_GUNNER
UNIT_MACHINE_GUNNER_MILITIA,36,kv,SoundDeath,SOUND_DEATH_MACHINE_GUNNER
UNIT_MACHINE_GUNNER_MILITIA,37,sublist,CanAttack,Land
UNIT_MACHINE_GUNNER_MILITIA,38,sublist,CanAttack,Mountain
UNIT_MACHINE_GUNNER_MILITIA,39,sublist,CanSee,Standard
UNIT_MACHINE_GUNNER_MILITIA,40,sublist,MovementType,Land
UNIT_MACHINE_GUNNER_MILITIA,41,sublist,MovementType,Mountain
UNIT_MACHINE_GUNNER_MILITIA,42,sublist,Size,Medium
UNIT_MACHINE_GUNNER_MILITIA,43,sublist,VisionClass,Standard
UNIT_MACHINE_GUNNER_MILITIA,44,nested,CanReform,"[{""t"": ""kv"", ""k"": ""Sound"", ""v"": ""SOUND_ID_REFORM_CITY""}, {""t"": ""kv"", ""k"": ""Effect"", ""v"": ""SPECEFFECT_REFORMCITY""}]"
UNIT_HOVER_INFANTRY_MILITIA,0,flag,CantBuild,
UNIT_HOVER_INFANTRY_MILITIA,1,kv,Description,DESCRIPTION_UNIT_HOVER_INFANTRY
UNIT_HOVER_INFANTRY_MILITIA,2,kv,DefaultIcon,ICON_UNIT_HOVER_INFANTRY_MILITIA
UNIT_HOVER_INFANTRY_MILITIA,3,kv,DefaultSprite,SPRITE_HOVER_INFANTRY
UNIT_HOVER_INFANTRY_MILITIA,4,kv,Category,UNIT_CATEGORY_ATTACK
UNIT_HOVER_INFANTRY_MILITIA,5,kv,Attack,70
UNIT_HOVER_INFANTRY_MILITIA,6,kv,Defense,70
UNIT_HOVER_INFANTRY_MILITIA,7,kv,ZBRangeAttack,40
UNIT_HOVER_INFANTRY_MILITIA,8,kv,Firepower,4
UNIT_HOVER_INFANTRY_MILITIA,9,kv,Armor,1
UNIT_HOVER_INFANTRY_MILITIA,10,kv,MaxHP,26
UNIT_HOVER_INFANTRY_MILITIA,11,kv,ShieldCost,3300
UNIT_HOVER_INFANTRY_MILITIA,12,kv,PowerPoints,82
UNIT_HOVER_INFANTRY_MILITIA,13,kv,ShieldHunger,28
UNIT_HOVER_INFANTRY_MILITIA,14,kv,FoodHunger,0
UNIT_HOVER_INFANTRY_MILITIA,15,kv,MaxMovePoints,0
UNIT_HOVER_INFANTRY_MILITIA,16,kv,VisionRange,4
UNIT_HOVER_INFANTRY_MILITIA,17,kv,EnableAdvance,ADVANCE_HEXTAPUL
UNIT_HOVER_INFANTRY_MILITIA,18,kv,ActiveDefenseRange,0
UNIT_HOVER_INFANTRY_MILITIA,19,flag,LossMoveToDmgNone,
UNIT_HOVER_INFANTRY_MILITIA,20,kv,MaxFuel,0
UNIT_HOVER_INFANTRY_MILITIA,21,flag,CanEntrench,
UNIT_HOVER_INFANTRY_MILITIA,22,flag,NoZoc,
UNIT_HOVER_INFANTRY_MILITIA,23,flag,CanExpel,
UNIT_HOVER_INFANTRY_MILITIA,24,flag,CanPillage,
UNIT_HOVER_INFANTRY_MILITIA,25,flag,CanPirate,
UNIT_HOVER_INFANTRY_MILITIA,26,flag,ExertsMartialLaw,
UNIT_HOVER_INFANTRY_MILITIA,27,flag,DeathEffectsHappy,
UNIT_HOVER_INFANTRY_MILITIA,28,kv,SoundSelect1,SOUND_SELECT1_HOVER_INFANTRY
UNIT_HOVER_INFANTRY_MILITIA,29,kv,SoundSelect2,SOUND_SELECT2_HOVER_INFANTRY
UNIT_HOVER_INFANTRY_MILITIA,30,kv,SoundMove,SOUND_MOVE_HOVER_INFANTRY
UNIT_HOVER_INFANTRY_MILITIA,31,kv,SoundAcknowledge,SOUND_ACKNOWLEDGE_HOVER_INFANTRY
UNIT_HOVER_INFANTRY_MILITIA,32,kv,SoundCantMove,SOUND_CANTMOVE_HOVER_INFANTRY
UNIT_HOVER_INFANTRY_MILITIA,33,kv,SoundAttack,SOUND_ATTACK_HOVER_INFANTRY
UNIT_HOVER_INFANTRY_MILITIA,34,kv,SoundWork,SOUND_WORK_HOVER_INFANTRY
UNIT_HOVER_INFANTRY_MILITIA,35,kv,SoundVictory,SOUND_VICTORY_HOVER_INFANTRY
UNIT_HOVER_INFANTRY_MILITIA,36,kv,SoundDeath,SOUND_DEATH_HOVER_INFANTRY
UNIT_HOVER_INFANTRY_MILITIA,37,sublist,CanAttack,Land
UNIT_HOVER_INFANTRY_MILITIA,38,sublist,CanAttack,Mountain
UNIT_HOVER_INFANTRY_MILITIA,39,sublist,CanSee,Standard
UNIT_HOVER_INFANTRY_MILITIA,40,sublist,MovementType,Land
UNIT_HOVER_INFANTRY_MILITIA,41,sublist,MovementType,Mountain
UNIT_HOVER_INFANTRY_MILITIA,42,sublist,Size,Medium
UNIT_HOVER_INFANTRY_MILITIA,43,sublist,VisionClass,Standard
UNIT_HOVER_INFANTRY_MILITIA,44,nested,CanReform,"[{""t"": ""kv"", ""k"": ""Sound"", ""v"": ""SOUND_ID_REFORM_CITY""}, {""t"": ""kv"", ""k"": ""Effect"", ""v"": ""SPECEFFECT_REFORMCITY""}]"
UNIT_ABOLITIONIST,0,kv,Description,DESCRIPTION_UNIT_ABOLITIONIST
UNIT_ABOLITIONIST,1,kv,DefaultIcon,ICON_UNIT_ABOLITIONIST
UNIT_ABOLITIONIST,2,kv,DefaultSprite,SPRITE_ABOLITIONIST
UNIT_ABOLITIONIST,3,kv,Category,UNIT_CATEGORY_SPECIAL
UNIT_ABOLITIONIST,4,kv,Attack,0
UNIT_ABOLITIONIST,5,kv,Defense,10
UNIT_ABOLITIONIST,6,kv,ZBRangeAttack,0
UNIT_ABOLITIONIST,7,kv,Firepower,1
UNIT_ABOLITIONIST,8,kv,Armor,1
UNIT_ABOLITIONIST,9,kv,MaxHP,10
UNIT_ABOLITIONIST,10,kv,ShieldCost,600
UNIT_ABOLITIONIST,11,kv,PowerPoints,0
UNIT_ABOLITIONIST,12,kv,ShieldHunger,8
UNIT_ABOLITIONIST,13,kv,FoodHunger,0
UNIT_ABOLITIONIST,14,kv,MaxMovePoints,300
UNIT_ABOLITIONIST,15,kv,VisionRange,1
UNIT_ABOLITIONIST,16,kv,EnableAdvance,ADVANCE_CLASSICAL_EDUCATION
UNIT_ABOLITIONIST,17,kv,ActiveDefenseRange,0
UNIT_ABOLITIONIST,18,flag,LossMoveToDmgNone,
UNIT_ABOLITIONIST,19,kv,MaxFuel,0
UNIT_ABOLITIONIST,20,flag,CanEntrench,
UNIT_ABOLITIONIST,21,flag,IgnoreZOC,
UNIT_ABOLITIONIST,22,flag,NoZoc,
UNIT_ABOLITIONIST,23,flag,CanBeExpelled,
UNIT_ABOLITIONIST,24,flag,CantCaptureCity,
UNIT_ABOLITIONIST,25,flag,IsSpecialForces,
UNIT_ABOLITIONIST,26,flag,Civilian,
UNIT_ABOLITIONIST,27,flag,OnlyBuildOne,
UNIT_ABOLITIONIST,28,kv,SoundSelect1,SOUND_SELECT1_ABOLITIONIST
UNIT_ABOLITIONIST,29,kv,SoundSelect2,SOUND_SELECT2_ABOLITIONIST
UNIT_ABOLITIONIST,30,kv,SoundMove,SOUND_MOVE_ABOLITIONIST
UNIT_ABOLITIONIST,31,kv,SoundAcknowledge,SOUND_ACKNOWLEDGE_ABOLITIONIST
UNIT_ABOLITIONIST,32,kv,SoundCantMove,SOUND_CANTMOVE_ABOLITIONIST
UNIT_ABOLITIONIST,33,kv,SoundAttack,SOUND_ATTACK_ABOLITIONIST
UNIT_ABOLITIONIST,34,kv,SoundWork,SOUND_WORK_ABOLITIONIST
UNIT_ABOLITIONIST,35,kv,SoundVictory,SOUND_VICTORY_ABOLITIONIST
UNIT_ABOLITIONIST,36,kv,SoundDeath,SOUND_DEATH_ABOLITIONIST
UNIT_ABOLITIONIST,37,sublist,CanSee,Standard
UNIT_ABOLITIONIST,38,sublist,CanSee,Stealth
UNIT_ABOLITIONIST,39,sublist,MovementType,Land
UNIT_ABOLITIONIST,40,sublist,MovementType,Mountain
UNIT_ABOLITIONIST,41,sublist,Size,Small
UNIT_ABOLITIONIST,42,sublist,VisionClass,Stealth
UNIT_ABOLITIONIST,43,nested,SlaveUprising,"[{""t"": ""kv"", ""k"": ""Sound"", ""v"": ""SOUND_ID_SLAVE_UPRISING""}, {""t"": ""kv"", ""k"": ""Effect"", ""v"": ""SPECEFFECT_SLAVE_UPRISING""}]"
UNIT_ABOLITIONIST,44,nested,UndergroundRailway,"[{""t"": ""kv"", ""k"": ""Chance"", ""v"": ""0.75""}, {""t"": ""kv"", ""k"": ""DeathChance"", ""v"": ""0.5""}, {""t"": ""kv"", ""k"": ""Sound"", ""v"": ""SOUND_ID_UNDERGROUND_RAILWAY""}, {""t"": ""kv"", ""k"": ""Effect"", ""v"": ""SPECEFFECT_UNDERGROUND_RAILWAY""}]"
UNIT_ADVANCED_WARRIOR,0,kv,Description,DESCRIPTION_UNIT_WARRIOR
UNIT_ADVANCED_WARRIOR,1,kv,DefaultIcon,ICON_UNIT_ADVANCED_WARRIOR
UNIT_ADVANCED_WARRIOR,2,kv,DefaultSprite,SPRITE_ADVANCED_WARRIOR
UNIT_ADVANCED_WARRIOR,3,kv,Category,UNIT_CATEGORY_ATTACK
UNIT_ADVANCED_WARRIOR,4,kv,Attack,20
UNIT_ADVANCED_WARRIOR,5,kv,Defense,10
UNIT_ADVANCED_WARRIOR,6,kv,ZBRangeAttack,0
UNIT_ADVANCED_WARRIOR,7,kv,Firepower,1
UNIT_ADVANCED_WARRIOR,8,kv,Armor,1
UNIT_ADVANCED_WARRIOR,9,kv,MaxHP,10
UNIT_ADVANCED_WARRIOR,10,kv,ShieldCost,250
UNIT_ADVANCED_WARRIOR,11,kv,PowerPoints,70
UNIT_ADVANCED_WARRIOR,12,kv,ShieldHunger,2
UNIT_ADVANCED_WARRIOR,13,kv,FoodHunger,0
UNIT_ADVANCED_WARRIOR,14,kv,MaxMovePoints,100
UNIT_ADVANCED_WARRIOR,15,kv,VisionRange,1
UNIT_ADVANCED_WARRIOR,16,kv,EnableAdvance,ADVANCE_TRIBES
UNIT_ADVANCED_WARRIOR,17,kv,ObsoleteAdvance,ADVANCE_COPPER_SMELTING
UNIT_ADVANCED_WARRIOR,18,kv,ActiveDefenseRange,0
UNIT_ADVANCED_WARRIOR,19,flag,LossMoveToDmgNone,
UNIT_ADVANCED_WARRIOR,20,kv,MaxFuel,0
UNIT_ADVANCED_WARRIOR,21,flag,CanEntrench,
UNIT_ADVANCED_WARRIOR,22,flag,CanExpel,
UNIT_ADVANCED_WARRIOR,23,flag,CanPillage,
UNIT_ADVANCED_WARRIOR,24,flag,CanPirate,
UNIT_ADVANCED_WARRIOR,25,flag,ExertsMartialLaw,
UNIT_ADVANCED_WARRIOR,26,flag,DeathEffectsHappy,
UNIT_ADVANCED_WARRIOR,27,flag,OnlyBuildOne,
UNIT_ADVANCED_WARRIOR,28,kv,SoundSelect1,SOUND_SELECT1_WARRIOR
UNIT_ADVANCED_WARRIOR,29,kv,SoundSelect2,SOUND_SELECT2_WARRIOR
UNIT_ADVANCED_WARRIOR,30,kv,SoundMove,SOUND_MOVE_WARRIOR
UNIT_ADVANCED_WARRIOR,31,kv,SoundAcknowledge,SOUND_ACKNOWLEDGE_WARRIOR
UNIT_ADVANCED_WARRIOR,32,kv,SoundCantMove,SOUND_CANTMOVE_WARRIOR
UNIT_ADVANCED_WARRIOR,33,kv,SoundAttack,SOUND_ATTACK_WARRIOR
UNIT_ADVANCED_WARRIOR,34,kv,SoundWork,SOUND_WORK_WARRIOR
UNIT_ADVANCED_WARRIOR,35,kv,SoundVictory,SOUND_VICTORY_WARRIOR
UNIT_ADVANCED_WARRIOR,36,kv,SoundDeath,SOUND_DEATH_WARRIOR
UNIT_ADVANCED_WARRIOR,37,sublist,CanAttack,Land
UNIT_ADVANCED_WARRIOR,38,sublist,CanAttack,Mountain
UNIT_ADVANCED_WARRIOR,39,sublist,CanSee,Standard
UNIT_ADVANCED_WARRIOR,40,sublist,MovementType,Land
UNIT_ADVANCED_WARRIOR,41,sublist,MovementType,Mountain
UNIT_ADVANCED_WARRIOR,42,sublist,Size,Medium
UNIT_ADVANCED_WARRIOR,43,sublist,VisionClass,Standard
UNIT_ADVANCED_WARRIOR,44,nested,CanReform,"[{""t"": ""kv"", ""k"": ""Sound"", ""v"": ""SOUND_ID_REFORM_CITY""}, {""t"": ""kv"", ""k"": ""Effect"", ""v"": ""SPECEFFECT_REFORMCITY""}]"
UNIT_AIRCRAFT_CARRIER,0,kv,Description,DESCRIPTION_UNIT_AIRCRAFT_CARRIER
UNIT_AIRCRAFT_CARRIER,1,kv,DefaultIcon,ICON_UNIT_AIRCRAFT_CARRIER
UNIT_AIRCRAFT_CARRIER,2,kv,DefaultSprite,SPRITE_AIRCRAFT_CARRIER
UNIT_AIRCRAFT_CARRIER,3,kv,Category,UNIT_CATEGORY_NAVAL
UNIT_AIRCRAFT_CARRIER,4,kv,Attack,30
UNIT_AIRCRAFT_CARRIER,5,kv,Defense,50
UNIT_AIRCRAFT_CARRIER,6,kv,ZBRangeAttack,25
UNIT_AIRCRAFT_CARRIER,7,kv,Firepower,3
UNIT_AIRCRAFT_CARRIER,8,kv,Armor,2
UNIT_AIRCRAFT_CARRIER,9,kv,MaxHP,25
UNIT_AIRCRAFT_CARRIER,10,kv,ShieldCost,4500
UNIT_AIRCRAFT_CARRIER,11,kv,PowerPoints,10
UNIT_AIRCRAFT_CARRIER,12,kv,ShieldHunger,50
UNIT_AIRCRAFT_CARRIER,13,kv,FoodHunger,0
UNIT_AIRCRAFT_CARRIER,14,kv,MaxMovePoints,600
UNIT_AIRCRAFT_CARRIER,15,kv,VisionRange,3
UNIT_AIRCRAFT_CARRIER,16,kv,EnableAdvance,ADVANCE_NAVAL_AVIATION
UNIT_AIRCRAFT_CARRIER,17,kv,BombRounds,10
UNIT_AIRCRAFT_CARRIER,18,kv,BombardRange,1
UNIT_AIRCRAFT_CARRIER,19,kv,ActiveDefenseRange,1
UNIT_AIRCRAFT_CARRIER,20,flag,ActiveDefenseOnlyWhenCarryingEnablers,
UNIT_AIRCRAFT_CARRIER,21,flag,LossMoveToDmgNone,
UNIT_AIRCRAFT_CARRIER,22,kv,MaxFuel,0
UNIT_AIRCRAFT_CARRIER,23,flag,CanExpel,
UNIT_AIRCRAFT_CARRIER,24,flag,CanPillage,
UNIT_AIRCRAFT_CARRIER,25,flag,CanPirate,
UNIT_AIRCRAFT_CARRIER,26,flag,CantCaptureCity,
UNIT_AIRCRAFT_CARRIER,27,flag,ExertsMartialLaw,
UNIT_AIRCRAFT_CARRIER,28,flag,DeathEffectsHappy,
UNIT_AIRCRAFT_CARRIER,29,flag,Explodes,
UNIT_AIRCRAFT_CARRIER,30,flag,OnlyBuildOne,
UNIT_AIRCRAFT_CARRIER,31,kv,SoundSelect1,SOUND_SELECT1_AIRCRAFT_CARRIER
UNIT_AIRCRAFT_CARRIER,32,kv,SoundSelect2,SOUND_SELECT2_AIRCRAFT_CARRIER
UNIT_AIRCRAFT_CARRIER,33,kv,SoundMove,SOUND_MOVE_AIRCRAFT_CARRIER
UNIT_AIRCRAFT_CARRIER,34,kv,SoundAcknowledge,SOUND_ACKNOWLEDGE_AIRCRAFT_CARRIER
UNIT_AIRCRAFT_CARRIER,35,kv,SoundCantMove,SOUND_CANTMOVE_AIRCRAFT_CARRIER
UNIT_AIRCRAFT_CARRIER,36,kv,SoundAttack,SOUND_ATTACK_AIRCRAFT_CARRIER
UNIT_AIRCRAFT_CARRIER,37,kv,SoundWork,SOUND_WORK_AIRCRAFT_CARRIER
UNIT_AIRCRAFT_CARRIER,38,kv,SoundVictory,SOUND_VICTORY_AIRCRAFT_CARRIER
UNIT_AIRCRAFT_CARRIER,39,kv,SoundDeath,SOUND_DEATH_AIRCRAFT_CARRIER
UNIT_AIRCRAFT_CARRIER,40,sublist,CanAttack,Sea
UNIT_AIRCRAFT_CARRIER,41,sublist,CanAttack,ShallowWater
UNIT_AIRCRAFT_CARRIER,42,sublist,CanCarry,MedAir
UNIT_AIRCRAFT_CARRIER,43,sublist,CanCarry,SmallAir
UNIT_AIRCRAFT_CARRIER,44,sublist,CanSee,Standard
UNIT_AIRCRAFT_CARRIER,45,sublist,Defend,Air
UNIT_AIRCRAFT_CARRIER,46,sublist,MovementType,Sea
UNIT_AIRCRAFT_CARRIER,47,sublist,MovementType,ShallowWater
UNIT_AIRCRAFT_CARRIER,48,sublist,Size,Large
UNIT_AIRCRAFT_CARRIER,49,sublist,VisionClass,Standard
UNIT_AIRCRAFT_CARRIER,50,nested,CanReform,"[{""t"": ""kv"", ""k"": ""Sound"", ""v"": ""SOUND_ID_REFORM_CITY""}, {""t"": ""kv"", ""k"": ""Effect"", ""v"": ""SPECEFFECT_REFORMCITY""}]"
UNIT_AIRCRAFT_CARRIER,51,nested,CargoData,"[{""t"": ""kv"", ""k"": ""MaxCargo"", ""v"": ""3""}, {""t"": ""kv"", ""k"": ""Load"", ""v"": ""SOUND_ID_AIRCRAFT_CARRIER_LOAD""}, {""t"": ""kv"", ""k"": ""Unload"", ""v"": ""SOUND_ID_AIRCRAFT_CARRIER_UNLOAD""}]"
UNIT_ARCHER,0,kv,Description,DESCRIPTION_UNIT_ARCHER
UNIT_ARCHER,1,kv,DefaultIcon,ICON_UNIT_ARCHER
UNIT_ARCHER,2,kv,DefaultSprite,SPRITE_ARCHER
UNIT_ARCHER,3,kv,Category,UNIT_CATEGORY_RANGED
UNIT_ARCHER,4,kv,Attack,10
UNIT_ARCHER,5,kv,Defense,10
UNIT_ARCHER,6,kv,ZBRangeAttack,20
UNIT_ARCHER,7,kv,Firepower,1
UNIT_ARCHER,8,kv,Armor,1
UNIT_ARCHER,9,kv,MaxHP,8
UNIT_ARCHER,10,kv,ShieldCost,400
UNIT_ARCHER,11,kv,PowerPoints,50
UNIT_ARCHER,12,kv,ShieldHunger,5
UNIT_ARCHER,13,kv,FoodHunger,0
UNIT_ARCHER,14,kv,MaxMovePoints,100
UNIT_ARCHER,15,kv,VisionRange,1
UNIT_ARCHER,16,kv,EnableAdvance,ADVANCE_ARCHERY
UNIT_ARCHER,17,kv,ObsoleteAdvance,ADVANCE_CROSSBOW
UNIT_ARCHER,18,kv,ActiveDefenseRange,0
UNIT_ARCHER,19,flag,LossMoveToDmgNone,
UNIT_ARCHER,20,kv,MaxFuel,0
UNIT_ARCHER,21,flag,CanEntrench,
UNIT_ARCHER,22,flag,CanExpel,
UNIT_ARCHER,23,flag,CanPillage,
UNIT_ARCHER,24,flag,CanPirate,
UNIT_ARCHER,25,flag,OnlyBuildOne,
UNIT_ARCHER,26,flag,ExertsMartialLaw,
UNIT_ARCHER,27,flag,DeathEffectsHappy,
UNIT_ARCHER,28,kv,SoundSelect1,SOUND_SELECT1_ARCHER
UNIT_ARCHER,29,kv,SoundSelect2,SOUND_SELECT2_ARCHER
UNIT_ARCHER,30,kv,SoundMove,SOUND_MOVE_ARCHER
UNIT_ARCHER,31,kv,SoundAcknowledge,SOUND_ACKNOWLEDGE_ARCHER
UNIT_ARCHER,32,kv,SoundCantMove,SOUND_CANTMOVE_ARCHER
UNIT_ARCHER,33,kv,SoundAttack,SOUND_ATTACK_ARCHER
UNIT_ARCHER,34,kv,SoundWork,SOUND_WORK_ARCHER
UNIT_ARCHER,35,kv,SoundVictory,SOUND_VICTORY_ARCHER
UNIT_ARCHER,36,kv,SoundDeath,SOUND_DEATH_ARCHER
UNIT_ARCHER,37,sublist,CanAttack,Land
UNIT_ARCHER,38,sublist,CanAttack,Mountain
UNIT_ARCHER,39,sublist,CanSee,Standard
UNIT_ARCHER,40,sublist,MovementType,Land
UNIT_ARCHER,41,sublist,MovementType,Mountain
UNIT_ARCHER,42,sublist,Size,Medium
UNIT_ARCHER,43,sublist,VisionClass,Standard
UNIT_ARCHER,44,nested,CanReform,"[{""t"": ""kv"", ""k"": ""Sound"", ""v"": ""SOUND_ID_REFORM_CITY""}, {""t"": ""kv"", ""k"": ""Effect"", ""v"": ""SPECEFFECT_REFORMCITY""}]"
UNIT_ARQUEBUSIER,0,kv,Description,DESCRIPTION_UNIT_INFANTRYMAN
UNIT_ARQUEBUSIER,1,kv,DefaultIcon,ICON_UNIT_ARQUEBUSIER
UNIT_ARQUEBUSIER,2,kv,DefaultSprite,SPRITE_ARQUEBUSIER
UNIT_ARQUEBUSIER,3,kv,Category,UNIT_CATEGORY_DEFENSE
UNIT_ARQUEBUSIER,4,kv,Attack,45
UNIT_ARQUEBUSIER,5,kv,Defense,35
UNIT_ARQUEBUSIER,6,kv,ZBRangeAttack,25
UNIT_ARQUEBUSIER,7,kv,Firepower,2
UNIT_ARQUEBUSIER,8,kv,Armor,1
UNIT_ARQUEBUSIER,9,kv,MaxHP,18
UNIT_ARQUEBUSIER,10,kv,ShieldCost,900
UNIT_ARQUEBUSIER,11,kv,PowerPoints,50
UNIT_ARQUEBUSIER,12,kv,ShieldHunger,10
UNIT_ARQUEBUSIER,13,kv,FoodHunger,0
UNIT_ARQUEBUSIER,14,kv,MaxMovePoints,100
UNIT_ARQUEBUSIER,15,kv,VisionRange,2
UNIT_ARQUEBUSIER,16,kv,EnableAdvance,ADVANCE_GUNPOWDER
UNIT_ARQUEBUSIER,17,kv,ObsoleteAdvance,ADVANCE_INDUSTRIAL_REVOLUTION
UNIT_ARQUEBUSIER,18,kv,ActiveDefenseRange,0
UNIT_ARQUEBUSIER,19,flag,LossMoveToDmgNone,
UNIT_ARQUEBUSIER,20,kv,MaxFuel,0
UNIT_ARQUEBUSIER,21,flag,CanEntrench,
UNIT_ARQUEBUSIER,22,flag,CanExpel,
UNIT_ARQUEBUSIER,23,flag,CanPillage,
UNIT_ARQUEBUSIER,24,flag,CanPirate,
UNIT_ARQUEBUSIER,25,flag,ExertsMartialLaw,
UNIT_ARQUEBUSIER,26,flag,DeathEffectsHappy,
UNIT_ARQUEBUSIER,27,flag,OnlyBuildOne,
UNIT_ARQUEBUSIER,28,kv,SoundSelect1,SOUND_SELECT1_INFANTRYMAN
UNIT_ARQUEBUSIER,29,kv,SoundSelect2,SOUND_SELECT2_INFANTRYMAN
UNIT_ARQUEBUSIER,30,kv,SoundMove,SOUND_MOVE_INFANTRYMAN
UNIT_ARQUEBUSIER,31,kv,SoundAcknowledge,SOUND_ACKNOWLEDGE_INFANTRYMAN
UNIT_ARQUEBUSIER,32,kv,SoundCantMove,SOUND_CANTMOVE_INFANTRYMAN
UNIT_ARQUEBUSIER,33,kv,SoundAttack,SOUND_ATTACK_INFANTRYMAN
UNIT_ARQUEBUSIER,34,kv,SoundWork,SOUND_WORK_INFANTRYMAN
UNIT_ARQUEBUSIER,35,kv,SoundVictory,SOUND_VICTORY_INFANTRYMAN
UNIT_ARQUEBUSIER,36,kv,SoundDeath,SOUND_DEATH_INFANTRYMAN
UNIT_ARQUEBUSIER,37,sublist,CanAttack,Land
UNIT_ARQUEBUSIER,38,sublist,CanAttack,Mountain
UNIT_ARQUEBUSIER,39,sublist,CanSee,Standard
UNIT_ARQUEBUSIER,40,sublist,MovementType,Land
UNIT_ARQUEBUSIER,41,sublist,MovementType,Mountain
UNIT_ARQUEBUSIER,42,sublist,Size,Medium
UNIT_ARQUEBUSIER,43,sublist,VisionClass,Standard
UNIT_ARQUEBUSIER,44,nested,CanReform,"[{""t"": ""kv"", ""k"": ""Sound"", ""v"": ""SOUND_ID_REFORM_CITY""}, {""t"": ""kv"", ""k"": ""Effect"", ""v"": ""SPECEFFECT_REFORMCITY""}]"
UNIT_ARTILLERY,0,kv,Description,DESCRIPTION_UNIT_ARTILLERY
UNIT_ARTILLERY,1,kv,DefaultIcon,ICON_UNIT_ARTILLERY
UNIT_ARTILLERY,2,kv,DefaultSprite,SPRITE_ARTILLERY
UNIT_ARTILLERY,3,kv,Category,UNIT_CATEGORY_RANGED
UNIT_ARTILLERY,4,kv,Attack,15
UNIT_ARTILLERY,5,kv,Defense,25
UNIT_ARTILLERY,6,kv,ZBRangeAttack,80
UNIT_ARTILLERY,7,kv,Firepower,3
UNIT_ARTILLERY,8,kv,Armor,2
UNIT_ARTILLERY,9,kv,MaxHP,15
UNIT_ARTILLERY,10,kv,ShieldCost,2000
UNIT_ARTILLERY,11,kv,PowerPoints,52
UNIT_ARTILLERY,12,kv,ShieldHunger,25
UNIT_ARTILLERY,13,kv,FoodHunger,0
UNIT_ARTILLERY,14,kv,MaxMovePoints,200
UNIT_ARTILLERY,15,kv,VisionRange,2
UNIT_ARTILLERY,16,kv,EnableAdvance,ADVANCE_EXPLOSIVES
UNIT_ARTILLERY,17,kv,ObsoleteAdvance,ADVANCE_CYBERNETICS
UNIT_ARTILLERY,18,kv,BombRounds,5
UNIT_ARTILLERY,19,kv,BombardRange,1
UNIT_ARTILLERY,20,flag,CanCounterBombard,
UNIT_ARTILLERY,21,kv,ActiveDefenseRange,0
UNIT_ARTILLERY,22,flag,LossMoveToDmgNone,
UNIT_ARTILLERY,23,kv,MaxFuel,0
UNIT_ARTILLERY,24,flag,CanEntrench,
UNIT_ARTILLERY,25,flag,CanExpel,
UNIT_ARTILLERY,26,flag,CanPillage,
UNIT_ARTILLERY,27,flag,CanPirate,
UNIT_ARTILLERY,28,flag,ExertsMartialLaw,
UNIT_ARTILLERY,29,flag,DeathEffectsHappy,
UNIT_ARTILLERY,30,flag,Explodes,
UNIT_ARTILLERY,31,flag,OnlyBuildOne,
UNIT_ARTILLERY,32,kv,SoundSelect1,SOUND_SELECT1_ARTILLERY
UNIT_ARTILLERY,33,kv,SoundSelect2,SOUND_SELECT2_ARTILLERY
UNIT_ARTILLERY,34,kv,SoundMove,SOUND_MOVE_ARTILLERY
UNIT_ARTILLERY,35,kv,SoundAcknowledge,SOUND_ACKNOWLEDGE_ARTILLERY
UNIT_ARTILLERY,36,kv,SoundCantMove,SOUND_CANTMOVE_ARTILLERY
UNIT_ARTILLERY,37,kv,SoundAttack,SOUND_ATTACK_ARTILLERY
UNIT_ARTILLERY,38,kv,SoundWork,SOUND_WORK_ARTILLERY
UNIT_ARTILLERY,39,kv,SoundVictory,SOUND_VICTORY_ARTILLERY
UNIT_ARTILLERY,40,kv,SoundDeath,SOUND_DEATH_ARTILLERY
UNIT_ARTILLERY,41,sublist,CanAttack,Air
UNIT_ARTILLERY,42,sublist,CanAttack,Land
UNIT_ARTILLERY,43,sublist,CanBombard,Land
UNIT_ARTILLERY,44,sublist,CanBombard,Mountain
UNIT_ARTILLERY,45,sublist,CanBombard,Water
UNIT_ARTILLERY,46,sublist,CanBombard,Air
UNIT_ARTILLERY,47,sublist,CanSee,Standard
UNIT_ARTILLERY,48,sublist,MovementType,Land
UNIT_ARTILLERY,49,sublist,Size,Medium
UNIT_ARTILLERY,50,sublist,VisionClass,Standard
UNIT_ARTILLERY,51,nested,CanReform,"[{""t"": ""kv"", ""k"": ""Sound"", ""v"": ""SOUND_ID_REFORM_CITY""}, {""t"": ""kv"", ""k"": ""Effect"", ""v"": ""SPECEFFECT_REFORMCITY""}]"
UNIT_AT_GUN,0,kv,Description,DESCRIPTION_UNIT_ARTILLERY
UNIT_AT_GUN,1,kv,DefaultIcon,ICON_UNIT_AT_GUN
UNIT_AT_GUN,2,kv,DefaultSprite,SPRITE_AT_GUN
UNIT_AT_GUN,3,kv,Category,UNIT_CATEGORY_DEFENSE
UNIT_AT_GUN,4,kv,Attack,55
UNIT_AT_GUN,5,kv,Defense,70
UNIT_AT_GUN,6,kv,ZBRangeAttack,0
UNIT_AT_GUN,7,kv,Firepower,3
UNIT_AT_GUN,8,kv,Armor,2
UNIT_AT_GUN,9,kv,MaxHP,22
UNIT_AT_GUN,10,kv,ShieldCost,1800
UNIT_AT_GUN,11,kv,PowerPoints,70
UNIT_AT_GUN,12,kv,ShieldHunger,22
UNIT_AT_GUN,13,kv,FoodHunger,0
UNIT_AT_GUN,14,kv,MaxMovePoints,200
UNIT_AT_GUN,15,kv,VisionRange,2
UNIT_AT_GUN,16,kv,EnableAdvance,ADVANCE_MILITARY_TRADITION
UNIT_AT_GUN,17,kv,ObsoleteAdvance,ADVANCE_COMPUTER
UNIT_AT_GUN,18,kv,BombRounds,5
UNIT_AT_GUN,19,kv,BombardRange,1
UNIT_AT_GUN,20,flag,CanCounterBombard,
UNIT_AT_GUN,21,kv,ActiveDefenseRange,0
UNIT_AT_GUN,22,flag,LossMoveToDmgNone,
UNIT_AT_GUN,23,kv,MaxFuel,0
UNIT_AT_GUN,24,flag,CanEntrench,
UNIT_AT_GUN,25,flag,CanExpel,
UNIT_AT_GUN,26,flag,CanPillage,
UNIT_AT_GUN,27,flag,CanPirate,
UNIT_AT_GUN,28,flag,ExertsMartialLaw,
UNIT_AT_GUN,29,flag,DeathEffectsHappy,
UNIT_AT_GUN,30,flag,BonusAgainstMounted,
UNIT_AT_GUN,31,kv,MountedBonus,0.50
UNIT_AT_GUN,32,flag,Explodes,
UNIT_AT_GUN,33,flag,OnlyBuildOne,
UNIT_AT_GUN,34,kv,SoundSelect1,SOUND_SELECT1_ARTILLERY
UNIT_AT_GUN,35,kv,SoundSelect2,SOUND_SELECT2_ARTILLERY
UNIT_AT_GUN,36,kv,SoundMove,SOUND_MOVE_ARTILLERY
UNIT_AT_GUN,37,kv,SoundAcknowledge,SOUND_ACKNOWLEDGE_ARTILLERY
UNIT_AT_GUN,38,kv,SoundCantMove,SOUND_CANTMOVE_ARTILLERY
UNIT_AT_GUN,39,kv,SoundAttack,SOUND_ATTACK_ARTILLERY
UNIT_AT_GUN,40,kv,SoundWork,SOUND_WORK_ARTILLERY
UNIT_AT_GUN,41,kv,SoundVictory,SOUND_VICTORY_ARTILLERY
UNIT_AT_GUN,42,kv,SoundDeath,SOUND_DEATH_ARTILLERY
UNIT_AT_GUN,43,sublist,CanAttack,Air
UNIT_AT_GUN,44,sublist,CanAttack,Land
UNIT_AT_GUN,45,sublist,CanSee,Standard
UNIT_AT_GUN,46,sublist,MovementType,Land
UNIT_AT_GUN,47,sublist,Size,Medium
UNIT_AT_GUN,48,sublist,VisionClass,Standard
UNIT_AT_GUN,49,nested,CanReform,"[{""t"": ""kv"", ""k"": ""Sound"", ""v"": ""SOUND_ID_REFORM_CITY""}, {""t"": ""kv"", ""k"": ""Effect"", ""v"": ""SPECEFFECT_REFORMCITY""}]"
UNIT_ATTACK_HELICOPTER,0,kv,Description,DESCRIPTION_UNIT_FIGHTER
UNIT_ATTACK_HELICOPTER,1,kv,DefaultIcon,ICON_UNIT_ATTACK_HELICOPTER
UNIT_ATTACK_HELICOPTER,2,kv,DefaultSprite,SPRITE_ATTACK_HELICOPTER
UNIT_ATTACK_HELICOPTER,3,kv,Category,UNIT_CATEGORY_AERIAL
UNIT_ATTACK_HELICOPTER,4,kv,Attack,50
UNIT_ATTACK_HELICOPTER,5,kv,Defense,25
UNIT_ATTACK_HELICOPTER,6,kv,ZBRangeAttack,50
UNIT_ATTACK_HELICOPTER,7,kv,Firepower,3
UNIT_ATTACK_HELICOPTER,8,kv,Armor,2
UNIT_ATTACK_HELICOPTER,9,kv,MaxHP,20
UNIT_ATTACK_HELICOPTER,10,kv,ShieldCost,2400
UNIT_ATTACK_HELICOPTER,11,kv,PowerPoints,31
UNIT_ATTACK_HELICOPTER,12,kv,ShieldHunger,28
UNIT_ATTACK_HELICOPTER,13,kv,FoodHunger,0
UNIT_ATTACK_HELICOPTER,14,kv,MaxMovePoints,1000
UNIT_ATTACK_HELICOPTER,15,kv,VisionRange,3
UNIT_ATTACK_HELICOPTER,16,kv,EnableAdvance,ADVANCE_VERTICAL_FLIGHT_AIRCRAFT
UNIT_ATTACK_HELICOPTER,17,kv,ObsoleteAdvance,ADVANCE_CYBERNETICS
UNIT_ATTACK_HELICOPTER,18,kv,ActiveDefenseRange,0
UNIT_ATTACK_HELICOPTER,19,flag,EnableCarrierDefenses,
UNIT_ATTACK_HELICOPTER,20,flag,LossMoveToDmgNone,
UNIT_ATTACK_HELICOPTER,21,flag,NoFuelThenCrash,
UNIT_ATTACK_HELICOPTER,22,kv,MaxFuel,3000
UNIT_ATTACK_HELICOPTER,23,flag,IgnoreZOC,
UNIT_ATTACK_HELICOPTER,24,flag,NoZoc,
UNIT_ATTACK_HELICOPTER,25,flag,CanBeachAssault,
UNIT_ATTACK_HELICOPTER,26,flag,DeathEffectsHappy,
UNIT_ATTACK_HELICOPTER,27,flag,Explodes,
UNIT_ATTACK_HELICOPTER,28,flag,OnlyBuildOne,
UNIT_ATTACK_HELICOPTER,29,kv,SoundSelect1,SOUND_SELECT1_FIGHTER
UNIT_ATTACK_HELICOPTER,30,kv,SoundSelect2,SOUND_SELECT2_FIGHTER
UNIT_ATTACK_HELICOPTER,31,kv,SoundMove,SOUND_MOVE_FIGHTER
UNIT_ATTACK_HELICOPTER,32,kv,SoundAcknowledge,SOUND_ACKNOWLEDGE_FIGHTER
UNIT_ATTACK_HELICOPTER,33,kv,SoundCantMove,SOUND_CANTMOVE_FIGHTER
UNIT_ATTACK_HELICOPTER,34,kv,SoundAttack,SOUND_ATTACK_FIGHTER
UNIT_ATTACK_HELICOPTER,35,kv,SoundWork,SOUND_WORK_FIGHTER
UNIT_ATTACK_HELICOPTER,36,kv,SoundVictory,SOUND_VICTORY_FIGHTER
UNIT_ATTACK_HELICOPTER,37,kv,SoundDeath,SOUND_DEATH_FIGHTER
UNIT_ATTACK_HELICOPTER,38,sublist,CanAttack,Air
UNIT_ATTACK_HELICOPTER,39,sublist,CanAttack,Land
UNIT_ATTACK_HELICOPTER,40,sublist,CanAttack,Mountain
UNIT_ATTACK_HELICOPTER,41,sublist,CanAttack,Sea
UNIT_ATTACK_HELICOPTER,42,sublist,CanAttack,ShallowWater
UNIT_ATTACK_HELICOPTER,43,sublist,CanSee,Standard
UNIT_ATTACK_HELICOPTER,44,sublist,MovementType,Air
UNIT_ATTACK_HELICOPTER,45,sublist,Size,Medium
UNIT_ATTACK_HELICOPTER,46,sublist,VisionClass,Standard
UNIT_AUXILLIARY_LEGION,0,kv,Description,DESCRIPTION_UNIT_WARRIOR
UNIT_AUXILLIARY_LEGION,1,kv,DefaultIcon,ICON_UNIT_AUXILLIARY_LEGION
UNIT_AUXILLIARY_LEGION,2,kv,DefaultSprite,SPRITE_AUXILLIARY_LEGION
UNIT_AUXILLIARY_LEGION,3,kv,Category,UNIT_CATEGORY_FLANKER
UNIT_AUXILLIARY_LEGION,4,kv,Attack,25
UNIT_AUXILLIARY_LEGION,5,kv,Defense,20
UNIT_AUXILLIARY_LEGION,6,kv,ZBRangeAttack,0
UNIT_AUXILLIARY_LEGION,7,kv,Firepower,1
UNIT_AUXILLIARY_LEGION,8,kv,Armor,1
UNIT_AUXILLIARY_LEGION,9,kv,MaxHP,12
UNIT_AUXILLIARY_LEGION,10,kv,ShieldCost,550
UNIT_AUXILLIARY_LEGION,11,kv,PowerPoints,70
UNIT_AUXILLIARY_LEGION,12,kv,ShieldHunger,6
UNIT_AUXILLIARY_LEGION,13,kv,FoodHunger,0
UNIT_AUXILLIARY_LEGION,14,kv,MaxMovePoints,200
UNIT_AUXILLIARY_LEGION,15,kv,VisionRange,1
UNIT_AUXILLIARY_LEGION,16,kv,EnableAdvance,ADVANCE_IRON_WORKING
UNIT_AUXILLIARY_LEGION,17,kv,ObsoleteAdvance,ADVANCE_DARK_AGES
UNIT_AUXILLIARY_LEGION,18,kv,ActiveDefenseRange,0
UNIT_AUXILLIARY_LEGION,19,flag,LossMoveToDmgNone,
UNIT_AUXILLIARY_LEGION,20,kv,MaxFuel,0
UNIT_AUXILLIARY_LEGION,21,flag,CanEntrench,
UNIT_AUXILLIARY_LEGION,22,flag,CanExpel,
UNIT_AUXILLIARY_LEGION,23,flag,CanPillage,
UNIT_AUXILLIARY_LEGION,24,flag,CanPirate,
UNIT_AUXILLIARY_LEGION,25,flag,ExertsMartialLaw,
UNIT_AUXILLIARY_LEGION,26,flag,DeathEffectsHappy,
UNIT_AUXILLIARY_LEGION,27,flag,IsFlanker,
UNIT_AUXILLIARY_LEGION,28,flag,OnlyBuildOne,
UNIT_AUXILLIARY_LEGION,29,kv,SoundSelect1,SOUND_SELECT1_HOPLITE
UNIT_AUXILLIARY_LEGION,30,kv,SoundSelect2,SOUND_SELECT2_HOPLITE
UNIT_AUXILLIARY_LEGION,31,kv,SoundMove,SOUND_MOVE_HOPLITE
UNIT_AUXILLIARY_LEGION,32,kv,SoundAcknowledge,SOUND_ACKNOWLEDGE_HOPLITE
UNIT_AUXILLIARY_LEGION,33,kv,SoundCantMove,SOUND_CANTMOVE_HOPLITE
UNIT_AUXILLIARY_LEGION,34,kv,SoundAttack,SOUND_ATTACK_HOPLITE
UNIT_AUXILLIARY_LEGION,35,kv,SoundWork,SOUND_WORK_HOPLITE
UNIT_AUXILLIARY_LEGION,36,kv,SoundVictory,SOUND_VICTORY_HOPLITE
UNIT_AUXILLIARY_LEGION,37,kv,SoundDeath,SOUND_DEATH_HOPLITE
UNIT_AUXILLIARY_LEGION,38,sublist,CanAttack,Land
UNIT_AUXILLIARY_LEGION,39,sublist,CanAttack,Mountain
UNIT_AUXILLIARY_LEGION,40,sublist,CanSee,Standard
UNIT_AUXILLIARY_LEGION,41,sublist,MovementType,Land
UNIT_AUXILLIARY_LEGION,42,sublist,MovementType,Mountain
UNIT_AUXILLIARY_LEGION,43,sublist,Size,Medium
UNIT_AUXILLIARY_LEGION,44,sublist,VisionClass,Standard
UNIT_AUXILLIARY_LEGION,45,nested,CanReform,"[{""t"": ""kv"", ""k"": ""Sound"", ""v"": ""SOUND_ID_REFORM_CITY""}, {""t"": ""kv"", ""k"": ""Effect"", ""v"": ""SPECEFFECT_REFORMCITY""}]"
UNIT_BALLISTA,0,kv,Description,DESCRIPTION_UNIT_CATAPULT
UNIT_BALLISTA,1,kv,DefaultIcon,ICON_UNIT_BALLISTA
UNIT_BALLISTA,2,kv,DefaultSprite,SPRITE_BALLISTA
UNIT_BALLISTA,3,kv,Category,UNIT_CATEGORY_RANGED
UNIT_BALLISTA,4,kv,Attack,15
UNIT_BALLISTA,5,kv,Defense,15
UNIT_BALLISTA,6,kv,ZBRangeAttack,15
UNIT_BALLISTA,7,kv,Firepower,1
UNIT_BALLISTA,8,kv,Armor,1
UNIT_BALLISTA,9,kv,MaxHP,10
UNIT_BALLISTA,10,kv,ShieldCost,500
UNIT_BALLISTA,11,kv,PowerPoints,51
UNIT_BALLISTA,12,kv,ShieldHunger,6
UNIT_BALLISTA,13,kv,FoodHunger,0
UNIT_BALLISTA,14,kv,MaxMovePoints,100
UNIT_BALLISTA,15,kv,VisionRange,1
UNIT_BALLISTA,16,kv,EnableAdvance,ADVANCE_PYTHAGORAS_THEORUM
UNIT_BALLISTA,17,kv,ObsoleteAdvance,ADVANCE_ALCHEMY
UNIT_BALLISTA,18,kv,BombRounds,5
UNIT_BALLISTA,19,kv,BombardRange,1
UNIT_BALLISTA,20,flag,CanCounterBombard,
UNIT_BALLISTA,21,kv,ActiveDefenseRange,0
UNIT_BALLISTA,22,flag,LossMoveToDmgNone,
UNIT_BALLISTA,23,kv,MaxFuel,0
UNIT_BALLISTA,24,flag,CanEntrench,
UNIT_BALLISTA,25,flag,CanExpel,
UNIT_BALLISTA,26,flag,CanPillage,
UNIT_BALLISTA,27,flag,CanPirate,
UNIT_BALLISTA,28,flag,ExertsMartialLaw,
UNIT_BALLISTA,29,flag,DeathEffectsHappy,
UNIT_BALLISTA,30,flag,OnlyBuildOne,
UNIT_BALLISTA,31,kv,SoundSelect1,SOUND_SELECT1_CATAPULT
UNIT_BALLISTA,32,kv,SoundSelect2,SOUND_SELECT2_CATAPULT
UNIT_BALLISTA,33,kv,SoundMove,SOUND_MOVE_CATAPULT
UNIT_BALLISTA,34,kv,SoundAcknowledge,SOUND_ACKNOWLEDGE_CATAPULT
UNIT_BALLISTA,35,kv,SoundCantMove,SOUND_CANTMOVE_CATAPULT
UNIT_BALLISTA,36,kv,SoundAttack,SOUND_ATTACK_CATAPULT
UNIT_BALLISTA,37,kv,SoundWork,SOUND_WORK_CATAPULT
UNIT_BALLISTA,38,kv,SoundVictory,SOUND_VICTORY_CATAPULT
UNIT_BALLISTA,39,kv,SoundDeath,SOUND_DEATH_CATAPULT
UNIT_BALLISTA,40,sublist,CanAttack,Land
UNIT_BALLISTA,41,sublist,CanBombard,Land
UNIT_BALLISTA,42,sublist,CanSee,Standard
UNIT_BALLISTA,43,sublist,MovementType,Land
UNIT_BALLISTA,44,sublist,Size,Medium
UNIT_BALLISTA,45,sublist,VisionClass,Standard
UNIT_BALLISTA,46,nested,CanReform,"[{""t"": ""kv"", ""k"": ""Sound"", ""v"": ""SOUND_ID_REFORM_CITY""}, {""t"": ""kv"", ""k"": ""Effect"", ""v"": ""SPECEFFECT_REFORMCITY""}]"
UNIT_BATTLESHIP,0,kv,Description,DESCRIPTION_UNIT_BATTLESHIP
UNIT_BATTLESHIP,1,kv,DefaultIcon,ICON_UNIT_BATTLESHIP
UNIT_BATTLESHIP,2,kv,DefaultSprite,SPRITE_BATTLESHIP
UNIT_BATTLESHIP,3,kv,Category,UNIT_CATEGORY_NAVAL
UNIT_BATTLESHIP,4,kv,Attack,65
UNIT_BATTLESHIP,5,kv,Defense,55
UNIT_BATTLESHIP,6,kv,ZBRangeAttack,60
UNIT_BATTLESHIP,7,kv,Firepower,4
UNIT_BATTLESHIP,8,kv,Armor,3
UNIT_BATTLESHIP,9,kv,MaxHP,26
UNIT_BATTLESHIP,10,kv,ShieldCost,4500
UNIT_BATTLESHIP,11,kv,PowerPoints,12
UNIT_BATTLESHIP,12,kv,ShieldHunger,48
UNIT_BATTLESHIP,13,kv,FoodHunger,0
UNIT_BATTLESHIP,14,kv,MaxMovePoints,600
UNIT_BATTLESHIP,15,kv,VisionRange,3
UNIT_BATTLESHIP,16,kv,EnableAdvance,ADVANCE_ADV_NAVAL_TACTICS
UNIT_BATTLESHIP,17,kv,ObsoleteAdvance,ADVANCE_SMART_MATERIALS
UNIT_BATTLESHIP,18,kv,BombRounds,5
UNIT_BATTLESHIP,19,kv,BombardRange,1
UNIT_BATTLESHIP,20,flag,CanCounterBombard,
UNIT_BATTLESHIP,21,kv,ActiveDefenseRange,0
UNIT_BATTLESHIP,22,flag,LossMoveToDmgNone,
UNIT_BATTLESHIP,23,kv,MaxFuel,0
UNIT_BATTLESHIP,24,flag,CanExpel,
UNIT_BATTLESHIP,25,flag,CanPillage,
UNIT_BATTLESHIP,26,flag,CanPirate,
UNIT_BATTLESHIP,27,flag,CantCaptureCity,
UNIT_BATTLESHIP,28,flag,ExertsMartialLaw,
UNIT_BATTLESHIP,29,flag,DeathEffectsHappy,
UNIT_BATTLESHIP,30,flag,Explodes,
UNIT_BATTLESHIP,31,flag,OnlyBuildOne,
UNIT_BATTLESHIP,32,kv,SoundSelect1,SOUND_SELECT1_BATTLESHIP
UNIT_BATTLESHIP,33,kv,SoundSelect2,SOUND_SELECT2_BATTLESHIP
UNIT_BATTLESHIP,34,kv,SoundMove,SOUND_MOVE_BATTLESHIP
UNIT_BATTLESHIP,35,kv,SoundAcknowledge,SOUND_ACKNOWLEDGE_BATTLESHIP
UNIT_BATTLESHIP,36,kv,SoundCantMove,SOUND_CANTMOVE_BATTLESHIP
UNIT_BATTLESHIP,37,kv,SoundAttack,SOUND_ATTACK_BATTLESHIP
UNIT_BATTLESHIP,38,kv,SoundWork,SOUND_WORK_BATTLESHIP
UNIT_BATTLESHIP,39,kv,SoundVictory,SOUND_VICTORY_BATTLESHIP
UNIT_BATTLESHIP,40,kv,SoundDeath,SOUND_DEATH_BATTLESHIP
UNIT_BATTLESHIP,41,sublist,CanAttack,Sea
UNIT_BATTLESHIP,42,sublist,CanAttack,ShallowWater
UNIT_BATTLESHIP,43,sublist,CanBombard,Land
UNIT_BATTLESHIP,44,sublist,CanBombard,Mountain
UNIT_BATTLESHIP,45,sublist,CanBombard,Water
UNIT_BATTLESHIP,46,sublist,CanBombard,Air
UNIT_BATTLESHIP,47,sublist,CanSee,Standard
UNIT_BATTLESHIP,48,sublist,MovementType,Sea
UNIT_BATTLESHIP,49,sublist,MovementType,ShallowWater
UNIT_BATTLESHIP,50,sublist,Size,Large
UNIT_BATTLESHIP,51,sublist,VisionClass,Standard
UNIT_BATTLESHIP,52,nested,CanReform,"[{""t"": ""kv"", ""k"": ""Sound"", ""v"": ""SOUND_ID_REFORM_CITY""}, {""t"": ""kv"", ""k"": ""Effect"", ""v"": ""SPECEFFECT_REFORMCITY""}]"
UNIT_BELFROI,0,kv,Description,DESCRIPTION_UNIT_CATAPULT
UNIT_BELFROI,1,kv,DefaultIcon,ICON_UNIT_BELFROI
UNIT_BELFROI,2,kv,DefaultSprite,SPRITE_BELFROI
UNIT_BELFROI,3,kv,Category,UNIT_CATEGORY_RANGED
UNIT_BELFROI,4,kv,Attack,10
UNIT_BELFROI,5,kv,Defense,10
UNIT_BELFROI,6,kv,ZBRangeAttack,20
UNIT_BELFROI,7,kv,Firepower,1
UNIT_BELFROI,8,kv,Armor,1
UNIT_BELFROI,9,kv,MaxHP,10
UNIT_BELFROI,10,kv,ShieldCost,525
UNIT_BELFROI,11,kv,PowerPoints,51
UNIT_BELFROI,12,kv,ShieldHunger,6
UNIT_BELFROI,13,kv,FoodHunger,0
UNIT_BELFROI,14,kv,MaxMovePoints,100
UNIT_BELFROI,15,kv,VisionRange,1
UNIT_BELFROI,16,kv,EnableAdvance,ADVANCE_BALLISTICS
UNIT_BELFROI,17,kv,ObsoleteAdvance,ADVANCE_SIEGE_WEAPONS
UNIT_BELFROI,18,kv,BombRounds,5
UNIT_BELFROI,19,kv,BombardRange,1
UNIT_BELFROI,20,flag,CanCounterBombard,
UNIT_BELFROI,21,kv,ActiveDefenseRange,0
UNIT_BELFROI,22,flag,LossMoveToDmgNone,
UNIT_BELFROI,23,kv,MaxFuel,0
UNIT_BELFROI,24,flag,CanEntrench,
UNIT_BELFROI,25,flag,CanExpel,
UNIT_BELFROI,26,flag,CanPillage,
UNIT_BELFROI,27,flag,CanPirate,
UNIT_BELFROI,28,flag,ExertsMartialLaw,
UNIT_BELFROI,29,flag,DeathEffectsHappy,
UNIT_BELFROI,30,flag,OnlyBuildOne,
UNIT_BELFROI,31,kv,SoundSelect1,SOUND_SELECT1_CATAPULT
UNIT_BELFROI,32,kv,SoundSelect2,SOUND_SELECT2_CATAPULT
UNIT_BELFROI,33,kv,SoundMove,SOUND_MOVE_CATAPULT
UNIT_BELFROI,34,kv,SoundAcknowledge,SOUND_ACKNOWLEDGE_CATAPULT
UNIT_BELFROI,35,kv,SoundCantMove,SOUND_CANTMOVE_CATAPULT
UNIT_BELFROI,36,kv,SoundAttack,SOUND_ATTACK_CATAPULT
UNIT_BELFROI,37,kv,SoundWork,SOUND_WORK_CATAPULT
UNIT_BELFROI,38,kv,SoundVictory,SOUND_VICTORY_CATAPULT
UNIT_BELFROI,39,kv,SoundDeath,SOUND_DEATH_CATAPULT
UNIT_BELFROI,40,sublist,CanAttack,Land
UNIT_BELFROI,41,sublist,CanBombard,Land
UNIT_BELFROI,42,sublist,CanSee,Standard
UNIT_BELFROI,43,sublist,MovementType,Land
UNIT_BELFROI,44,sublist,Size,Medium
UNIT_BELFROI,45,sublist,VisionClass,Standard
UNIT_BELFROI,46,nested,CanReform,"[{""t"": ""kv"", ""k"": ""Sound"", ""v"": ""SOUND_ID_REFORM_CITY""}, {""t"": ""kv"", ""k"": ""Effect"", ""v"": ""SPECEFFECT_REFORMCITY""}]"
UNIT_BIPLANE,0,kv,Description,DESCRIPTION_UNIT_FIGHTER
UNIT_BIPLANE,1,kv,DefaultIcon,ICON_UNIT_BIPLANE
UNIT_BIPLANE,2,kv,DefaultSprite,SPRITE_BIPLANE
UNIT_BIPLANE,3,kv,Category,UNIT_CATEGORY_AERIAL
UNIT_BIPLANE,4,kv,Attack,30
UNIT_BIPLANE,5,kv,Defense,20
UNIT_BIPLANE,6,kv,ZBRangeAttack,20
UNIT_BIPLANE,7,kv,Firepower,2
UNIT_BIPLANE,8,kv,Armor,2
UNIT_BIPLANE,9,kv,MaxHP,20
UNIT_BIPLANE,10,kv,ShieldCost,1500
UNIT_BIPLANE,11,kv,PowerPoints,31
UNIT_BIPLANE,12,kv,ShieldHunger,18
UNIT_BIPLANE,13,kv,FoodHunger,0
UNIT_BIPLANE,14,kv,MaxMovePoints,700
UNIT_BIPLANE,15,kv,VisionRange,3
UNIT_BIPLANE,16,kv,EnableAdvance,ADVANCE_FLIGHT
UNIT_BIPLANE,17,kv,ObsoleteAdvance,ADVANCE_AERODYNAMICS
UNIT_BIPLANE,18,kv,ActiveDefenseRange,0
UNIT_BIPLANE,19,flag,EnableCarrierDefenses,
UNIT_BIPLANE,20,flag,LossMoveToDmgNone,
UNIT_BIPLANE,21,flag,NoFuelThenCrash,
UNIT_BIPLANE,22,kv,MaxFuel,2100
UNIT_BIPLANE,23,flag,IgnoreZOC,
UNIT_BIPLANE,24,flag,NoZoc,
UNIT_BIPLANE,25,flag,CanBeachAssault,
UNIT_BIPLANE,26,flag,CantCaptureCity,
UNIT_BIPLANE,27,flag,DeathEffectsHappy,
UNIT_BIPLANE,28,flag,Explodes,
UNIT_BIPLANE,29,flag,OnlyBuildOne,
UNIT_BIPLANE,30,kv,SoundSelect1,SOUND_SELECT1_FIGHTER
UNIT_BIPLANE,31,kv,SoundSelect2,SOUND_SELECT2_FIGHTER
UNIT_BIPLANE,32,kv,SoundMove,SOUND_MOVE_FIGHTER
UNIT_BIPLANE,33,kv,SoundAcknowledge,SOUND_ACKNOWLEDGE_FIGHTER
UNIT_BIPLANE,34,kv,SoundCantMove,SOUND_CANTMOVE_FIGHTER
UNIT_BIPLANE,35,kv,SoundAttack,SOUND_ATTACK_FIGHTER
UNIT_BIPLANE,36,kv,SoundWork,SOUND_WORK_FIGHTER
UNIT_BIPLANE,37,kv,SoundVictory,SOUND_VICTORY_FIGHTER
UNIT_BIPLANE,38,kv,SoundDeath,SOUND_DEATH_FIGHTER
UNIT_BIPLANE,39,sublist,CanAttack,Air
UNIT_BIPLANE,40,sublist,CanAttack,Land
UNIT_BIPLANE,41,sublist,CanAttack,Mountain
UNIT_BIPLANE,42,sublist,CanAttack,Sea
UNIT_BIPLANE,43,sublist,CanAttack,ShallowWater
UNIT_BIPLANE,44,sublist,CanSee,Standard
UNIT_BIPLANE,45,sublist,MovementType,Air
UNIT_BIPLANE,46,sublist,Size,Medium
UNIT_BIPLANE,47,sublist,VisionClass,Standard
UNIT_BIREME,0,kv,Description,DESCRIPTION_UNIT_GALLEY
UNIT_BIREME,1,kv,DefaultIcon,ICON_UNIT_BIREME
UNIT_BIREME,2,kv,DefaultSprite,SPRITE_BIREME
UNIT_BIREME,3,kv,Category,UNIT_CATEGORY_NAVAL
UNIT_BIREME,4,kv,Attack,10
UNIT_BIREME,5,kv,Defense,10
UNIT_BIREME,6,kv,ZBRangeAttack,0
UNIT_BIREME,7,kv,Firepower,1
UNIT_BIREME,8,kv,Armor,1
UNIT_BIREME,9,kv,MaxHP,10
UNIT_BIREME,10,kv,ShieldCost,250
UNIT_BIREME,11,kv,PowerPoints,10
UNIT_BIREME,12,kv,ShieldHunger,3
UNIT_BIREME,13,kv,FoodHunger,0
UNIT_BIREME,14,kv,MaxMovePoints,200
UNIT_BIREME,15,kv,VisionRange,1
UNIT_BIREME,16,kv,EnableAdvance,ADVANCE_SAILS
UNIT_BIREME,17,kv,ObsoleteAdvance,ADVANCE_OCEAN_FARING
UNIT_BIREME,18,kv,ActiveDefenseRange,0
UNIT_BIREME,19,flag,LossMoveToDmgNone,
UNIT_BIREME,20,kv,MaxFuel,0
UNIT_BIREME,21,flag,CanExpel,
UNIT_BIREME,22,flag,CanPillage,
UNIT_BIREME,23,flag,CanPirate,
UNIT_BIREME,24,flag,CantCaptureCity,
UNIT_BIREME,25,flag,DeathEffectsHappy,
UNIT_BIREME,26,flag,OnlyBuildOne,
UNIT_BIREME,27,kv,SoundSelect1,SOUND_SELECT1_CATAMARAN
UNIT_BIREME,28,kv,SoundSelect2,SOUND_SELECT2_CATAMARAN
UNIT_BIREME,29,kv,SoundMove,SOUND_MOVE_CATAMARAN
UNIT_BIREME,30,kv,SoundAcknowledge,SOUND_ACKNOWLEDGE_CATAMARAN
UNIT_BIREME,31,kv,SoundCantMove,SOUND_CANTMOVE_CATAMARAN
UNIT_BIREME,32,kv,SoundAttack,SOUND_ATTACK_CATAMARAN
UNIT_BIREME,33,kv,SoundWork,SOUND_WORK_CATAMARAN
UNIT_BIREME,34,kv,SoundVictory,SOUND_VICTORY_CATAMARAN
UNIT_BIREME,35,kv,SoundDeath,SOUND_DEATH_CATAMARAN
UNIT_BIREME,36,sublist,CanCarry,SmallLand
UNIT_BIREME,37,sublist,CanCarry,MedLand
UNIT_BIREME,38,sublist,CanAttack,Sea
UNIT_BIREME,39,sublist,CanAttack,ShallowWater
UNIT_BIREME,40,sublist,CanSee,Standard
UNIT_BIREME,41,sublist,MovementType,ShallowWater
UNIT_BIREME,42,sublist,Size,Large
UNIT_BIREME,43,sublist,VisionClass,Standard
UNIT_BIREME,44,nested,CanReform,"[{""t"": ""kv"", ""k"": ""Sound"", ""v"": ""SOUND_ID_REFORM_CITY""}, {""t"": ""kv"", ""k"": ""Effect"", ""v"": ""SPECEFFECT_REFORMCITY""}]"
UNIT_BIREME,45,nested,CargoData,"[{""t"": ""kv"", ""k"": ""MaxCargo"", ""v"": ""2""}, {""t"": ""kv"", ""k"": ""Load"", ""v"": ""SOUND_ID_TRIREME_LOAD""}, {""t"": ""kv"", ""k"": ""Unload"", ""v"": ""SOUND_ID_TRIREME_UNLOAD""}]"
UNIT_BOMBARD,0,kv,Description,DESCRIPTION_UNIT_CANNON
UNIT_BOMBARD,1,kv,DefaultIcon,ICON_UNIT_BOMBARD
UNIT_BOMBARD,2,kv,DefaultSprite,SPRITE_BOMBARD
UNIT_BOMBARD,3,kv,Category,UNIT_CATEGORY_RANGED
UNIT_BOMBARD,4,kv,Attack,10
UNIT_BOMBARD,5,kv,Defense,15
UNIT_BOMBARD,6,kv,ZBRangeAttack,45
UNIT_BOMBARD,7,kv,Firepower,3
UNIT_BOMBARD,8,kv,Armor,1
UNIT_BOMBARD,9,kv,MaxHP,12
UNIT_BOMBARD,10,kv,ShieldCost,1100
UNIT_BOMBARD,11,kv,PowerPoints,52
UNIT_BOMBARD,12,kv,ShieldHunger,15
UNIT_BOMBARD,13,kv,FoodHunger,0
UNIT_BOMBARD,14,kv,MaxMovePoints,100
UNIT_BOMBARD,15,kv,VisionRange,1
UNIT_BOMBARD,16,kv,EnableAdvance,ADVANCE_GUNPOWDER
UNIT_BOMBARD,17,kv,ObsoleteAdvance,ADVANCE_CANNON_MAKING
UNIT_BOMBARD,18,kv,BombRounds,5
UNIT_BOMBARD,19,kv,BombardRange,1
UNIT_BOMBARD,20,flag,CanCounterBombard,
UNIT_BOMBARD,21,kv,ActiveDefenseRange,0
UNIT_BOMBARD,22,flag,LossMoveToDmgNone,
UNIT_BOMBARD,23,kv,MaxFuel,0
UNIT_BOMBARD,24,flag,CanEntrench,
UNIT_BOMBARD,25,flag,CanExpel,
UNIT_BOMBARD,26,flag,CanPillage,
UNIT_BOMBARD,27,flag,CanPirate,
UNIT_BOMBARD,28,flag,ExertsMartialLaw,
UNIT_BOMBARD,29,flag,DeathEffectsHappy,
UNIT_BOMBARD,30,flag,Explodes,
UNIT_BOMBARD,31,flag,OnlyBuildOne,
UNIT_BOMBARD,32,kv,SoundSelect1,SOUND_SELECT1_CANNON
UNIT_BOMBARD,33,kv,SoundSelect2,SOUND_SELECT2_CANNON
UNIT_BOMBARD,34,kv,SoundMove,SOUND_MOVE_CANNON
UNIT_BOMBARD,35,kv,SoundAcknowledge,SOUND_ACKNOWLEDGE_CANNON
UNIT_BOMBARD,36,kv,SoundCantMove,SOUND_CANTMOVE_CANNON
UNIT_BOMBARD,37,kv,SoundAttack,SOUND_ATTACK_CANNON
UNIT_BOMBARD,38,kv,SoundWork,SOUND_WORK_CANNON
UNIT_BOMBARD,39,kv,SoundVictory,SOUND_VICTORY_CANNON
UNIT_BOMBARD,40,kv,SoundDeath,SOUND_DEATH_CANNON
UNIT_BOMBARD,41,sublist,CanAttack,Land
UNIT_BOMBARD,42,sublist,CanBombard,Land
UNIT_BOMBARD,43,sublist,CanBombard,Mountain
UNIT_BOMBARD,44,sublist,CanBombard,Water
UNIT_BOMBARD,45,sublist,CanSee,Standard
UNIT_BOMBARD,46,sublist,MovementType,Land
UNIT_BOMBARD,47,sublist,Size,Medium
UNIT_BOMBARD,48,sublist,VisionClass,Standard
UNIT_BOMBARD,49,nested,CanReform,"[{""t"": ""kv"", ""k"": ""Sound"", ""v"": ""SOUND_ID_REFORM_CITY""}, {""t"": ""kv"", ""k"": ""Effect"", ""v"": ""SPECEFFECT_REFORMCITY""}]"
UNIT_BOMBER,0,kv,Description,DESCRIPTION_UNIT_BOMBER
UNIT_BOMBER,1,kv,DefaultIcon,ICON_UNIT_BOMBER
UNIT_BOMBER,2,kv,DefaultSprite,SPRITE_BOMBER
UNIT_BOMBER,3,kv,Category,UNIT_CATEGORY_AERIAL
UNIT_BOMBER,4,kv,Attack,35
UNIT_BOMBER,5,kv,Defense,35
UNIT_BOMBER,6,kv,ZBRangeAttack,60
UNIT_BOMBER,7,kv,Firepower,3
UNIT_BOMBER,8,kv,Armor,2
UNIT_BOMBER,9,kv,MaxHP,15
UNIT_BOMBER,10,kv,ShieldCost,3100
UNIT_BOMBER,11,kv,PowerPoints,31
UNIT_BOMBER,12,kv,ShieldHunger,35
UNIT_BOMBER,13,kv,FoodHunger,0
UNIT_BOMBER,14,kv,MaxMovePoints,1000
UNIT_BOMBER,15,kv,VisionRange,2
UNIT_BOMBER,16,kv,EnableAdvance,ADVANCE_JET_PROPULSION
UNIT_BOMBER,17,kv,ObsoleteAdvance,ADVANCE_ADVANCED_COMPOSITES
UNIT_BOMBER,18,kv,BombRounds,5
UNIT_BOMBER,19,kv,BombardRange,1
UNIT_BOMBER,20,flag,CanCounterBombard,
UNIT_BOMBER,21,kv,ActiveDefenseRange,0
UNIT_BOMBER,22,flag,LossMoveToDmgNone,
UNIT_BOMBER,23,flag,NoFuelThenCrash,
UNIT_BOMBER,24,kv,MaxFuel,5000
UNIT_BOMBER,25,flag,IgnoreZOC,
UNIT_BOMBER,26,flag,NoZoc,
UNIT_BOMBER,27,flag,CantCaptureCity,
UNIT_BOMBER,28,flag,DeathEffectsHappy,
UNIT_BOMBER,29,flag,Explodes,
UNIT_BOMBER,30,flag,OnlyBuildOne,
UNIT_BOMBER,31,kv,SoundSelect1,SOUND_SELECT1_BOMBER
UNIT_BOMBER,32,kv,SoundSelect2,SOUND_SELECT2_BOMBER
UNIT_BOMBER,33,kv,SoundMove,SOUND_MOVE_BOMBER
UNIT_BOMBER,34,kv,SoundAcknowledge,SOUND_ACKNOWLEDGE_BOMBER
UNIT_BOMBER,35,kv,SoundCantMove,SOUND_CANTMOVE_BOMBER
UNIT_BOMBER,36,kv,SoundAttack,SOUND_ATTACK_BOMBER
UNIT_BOMBER,37,kv,SoundWork,SOUND_WORK_BOMBER
UNIT_BOMBER,38,kv,SoundVictory,SOUND_VICTORY_BOMBER
UNIT_BOMBER,39,kv,SoundDeath,SOUND_DEATH_BOMBER
UNIT_BOMBER,40,sublist,CanAttack,Air
UNIT_BOMBER,41,sublist,CanAttack,Land
UNIT_BOMBER,42,sublist,CanAttack,Mountain
UNIT_BOMBER,43,sublist,CanAttack,Sea
UNIT_BOMBER,44,sublist,CanAttack,ShallowWater
UNIT_BOMBER,45,sublist,CanBombard,Land
UNIT_BOMBER,46,sublist,CanBombard,Mountain
UNIT_BOMBER,47,sublist,CanBombard,Water
UNIT_BOMBER,48,sublist,CanCarry,SmallAir
UNIT_BOMBER,49,sublist,CanSee,Standard
UNIT_BOMBER,50,sublist,MovementType,Air
UNIT_BOMBER,51,sublist,Size,Medium
UNIT_BOMBER,52,sublist,VisionClass,Standard
UNIT_BOMBER,53,nested,CargoData,"[{""t"": ""kv"", ""k"": ""MaxCargo"", ""v"": ""1""}, {""t"": ""kv"", ""k"": ""Load"", ""v"": ""SOUND_ID_BOMBER_LOAD""}, {""t"": ""kv"", ""k"": ""Unload"", ""v"": ""SOUND_ID_BOMBER_UNLOAD""}]"
UNIT_CANNON,0,kv,Description,DESCRIPTION_UNIT_CANNON
UNIT_CANNON,1,kv,DefaultIcon,ICON_UNIT_CANNON
UNIT_CANNON,2,kv,DefaultSprite,SPRITE_CANNON
UNIT_CANNON,3,kv,Category,UNIT_CATEGORY_RANGED
UNIT_CANNON,4,kv,Attack,10
UNIT_CANNON,5,kv,Defense,15
UNIT_CANNON,6,kv,ZBRangeAttack,60
UNIT_CANNON,7,kv,Firepower,3
UNIT_CANNON,8,kv,Armor,1
UNIT_CANNON,9,kv,MaxHP,12
UNIT_CANNON,10,kv,ShieldCost,1200
UNIT_CANNON,11,kv,PowerPoints,52
UNIT_CANNON,12,kv,ShieldHunger,16
UNIT_CANNON,13,kv,FoodHunger,0
UNIT_CANNON,14,kv,MaxMovePoints,100
UNIT_CANNON,15,kv,VisionRange,1
UNIT_CANNON,16,kv,EnableAdvance,ADVANCE_CANNON_MAKING
UNIT_CANNON,17,kv,ObsoleteAdvance,ADVANCE_EXPLOSIVES
UNIT_CANNON,18,kv,BombRounds,5
UNIT_CANNON,19,kv,BombardRange,1
UNIT_CANNON,20,flag,CanCounterBombard,
UNIT_CANNON,21,kv,ActiveDefenseRange,0
UNIT_CANNON,22,flag,LossMoveToDmgNone,
UNIT_CANNON,23,kv,MaxFuel,0
UNIT_CANNON,24,flag,CanEntrench,
UNIT_CANNON,25,flag,CanExpel,
UNIT_CANNON,26,flag,CanPillage,
UNIT_CANNON,27,flag,CanPirate,
UNIT_CANNON,28,flag,ExertsMartialLaw,
UNIT_CANNON,29,flag,DeathEffectsHappy,
UNIT_CANNON,30,flag,Explodes,
UNIT_CANNON,31,flag,OnlyBuildOne,
UNIT_CANNON,32,kv,SoundSelect1,SOUND_SELECT1_CANNON
UNIT_CANNON,33,kv,SoundSelect2,SOUND_SELECT2_CANNON
UNIT_CANNON,34,kv,SoundMove,SOUND_MOVE_CANNON
UNIT_CANNON,35,kv,SoundAcknowledge,SOUND_ACKNOWLEDGE_CANNON
UNIT_CANNON,36,kv,SoundCantMove,SOUND_CANTMOVE_CANNON
UNIT_CANNON,37,kv,SoundAttack,SOUND_ATTACK_CANNON
UNIT_CANNON,38,kv,SoundWork,SOUND_WORK_CANNON
UNIT_CANNON,39,kv,SoundVictory,SOUND_VICTORY_CANNON
UNIT_CANNON,40,kv,SoundDeath,SOUND_DEATH_CANNON
UNIT_CANNON,41,sublist,CanAttack,Land
UNIT_CANNON,42,sublist,CanBombard,Land
UNIT_CANNON,43,sublist,CanBombard,Mountain
UNIT_CANNON,44,sublist,CanBombard,Water
UNIT_CANNON,45,sublist,CanSee,Standard
UNIT_CANNON,46,sublist,MovementType,Land
UNIT_CANNON,47,sublist,Size,Medium
UNIT_CANNON,48,sublist,VisionClass,Standard
UNIT_CANNON,49,nested,CanReform,"[{""t"": ""kv"", ""k"": ""Sound"", ""v"": ""SOUND_ID_REFORM_CITY""}, {""t"": ""kv"", ""k"": ""Effect"", ""v"": ""SPECEFFECT_REFORMCITY""}]"
UNIT_CARAVAN,0,kv,Description,DESCRIPTION_UNIT_WARRIOR
UNIT_CARAVAN,1,kv,DefaultIcon,ICON_UNIT_CARAVAN
UNIT_CARAVAN,2,kv,DefaultSprite,SPRITE_WARRIOR
UNIT_CARAVAN,3,kv,Category,UNIT_CATEGORY_SPECIAL
UNIT_CARAVAN,4,kv,Attack,0
UNIT_CARAVAN,5,kv,Defense,0
UNIT_CARAVAN,6,kv,ZBRangeAttack,0
UNIT_CARAVAN,7,kv,Firepower,0
UNIT_CARAVAN,8,kv,Armor,0
UNIT_CARAVAN,9,kv,MaxHP,10
UNIT_CARAVAN,10,kv,ShieldCost,500
UNIT_CARAVAN,11,kv,PowerPoints,0
UNIT_CARAVAN,12,kv,ShieldHunger,0
UNIT_CARAVAN,13,kv,FoodHunger,0
UNIT_CARAVAN,14,kv,MaxMovePoints,1
UNIT_CARAVAN,15,kv,VisionRange,0
UNIT_CARAVAN,16,kv,EnableAdvance,ADVANCE_TRADE
UNIT_CARAVAN,17,kv,ObsoleteAdvance,ADVANCE_TRADE_GUILDS
UNIT_CARAVAN,18,kv,ActiveDefenseRange,0
UNIT_CARAVAN,19,kv,MaxFuel,0
UNIT_CARAVAN,20,flag,IsTrader,
UNIT_CARAVAN,21,flag,OnlyBuildOne,
UNIT_CARAVAN,22,kv,SoundSelect1,SOUND_SELECT1_CARAVAN
UNIT_CARAVAN,23,kv,SoundSelect2,SOUND_SELECT2_CARAVAN
UNIT_CARAVAN,24,kv,SoundMove,SOUND_MOVE_CARAVAN
UNIT_CARAVAN,25,kv,SoundAcknowledge,SOUND_ACKNOWLEDGE_CARAVAN
UNIT_CARAVAN,26,kv,SoundCantMove,SOUND_CANTMOVE_CARAVAN
UNIT_CARAVAN,27,kv,SoundAttack,SOUND_ATTACK_CARAVAN
UNIT_CARAVAN,28,kv,SoundWork,SOUND_WORK_CARAVAN
UNIT_CARAVAN,29,kv,SoundVictory,SOUND_VICTORY_CARAVAN
UNIT_CARAVAN,30,kv,SoundDeath,SOUND_DEATH_CARAVAN
UNIT_CARAVAN,31,sublist,CanSee,Standard
UNIT_CARAVAN,32,sublist,MovementType,Trade
UNIT_CARAVAN,33,sublist,Size,Small
UNIT_CARAVAN,34,sublist,VisionClass,Standard
UNIT_CARGO_HELICOPTER,0,kv,Description,DESCRIPTION_UNIT_CARGO_HELICOPTER
UNIT_CARGO_HELICOPTER,1,kv,DefaultIcon,ICON_UNIT_CARGO_HELICOPTER
UNIT_CARGO_HELICOPTER,2,kv,DefaultSprite,SPRITE_CARGO_HELICOPTER
UNIT_CARGO_HELICOPTER,3,kv,Category,UNIT_CATEGORY_AERIAL
UNIT_CARGO_HELICOPTER,4,kv,Attack,0
UNIT_CARGO_HELICOPTER,5,kv,Defense,10
UNIT_CARGO_HELICOPTER,6,kv,ZBRangeAttack,0
UNIT_CARGO_HELICOPTER,7,kv,Firepower,1
UNIT_CARGO_HELICOPTER,8,kv,Armor,1
UNIT_CARGO_HELICOPTER,9,kv,MaxHP,15
UNIT_CARGO_HELICOPTER,10,kv,ShieldCost,2000
UNIT_CARGO_HELICOPTER,11,kv,PowerPoints,30
UNIT_CARGO_HELICOPTER,12,kv,ShieldHunger,22
UNIT_CARGO_HELICOPTER,13,kv,FoodHunger,0
UNIT_CARGO_HELICOPTER,14,kv,MaxMovePoints,600
UNIT_CARGO_HELICOPTER,15,kv,VisionRange,3
UNIT_CARGO_HELICOPTER,16,kv,EnableAdvance,ADVANCE_VERTICAL_FLIGHT_AIRCRAFT
UNIT_CARGO_HELICOPTER,17,kv,ActiveDefenseRange,0
UNIT_CARGO_HELICOPTER,18,flag,LossMoveToDmgNone,
UNIT_CARGO_HELICOPTER,19,kv,MaxFuel,0
UNIT_CARGO_HELICOPTER,20,flag,IgnoreZOC,
UNIT_CARGO_HELICOPTER,21,flag,NoZoc,
UNIT_CARGO_HELICOPTER,22,flag,CantCaptureCity,
UNIT_CARGO_HELICOPTER,23,flag,DeathEffectsHappy,
UNIT_CARGO_HELICOPTER,24,flag,ParatrooperTransport,
UNIT_CARGO_HELICOPTER,25,flag,Explodes,
UNIT_CARGO_HELICOPTER,26,flag,OnlyBuildOne,
UNIT_CARGO_HELICOPTER,27,kv,SoundSelect1,SOUND_SELECT1_CARGO_HELICOPTER
UNIT_CARGO_HELICOPTER,28,kv,SoundSelect2,SOUND_SELECT2_CARGO_HELICOPTER
UNIT_CARGO_HELICOPTER,29,kv,SoundMove,SOUND_MOVE_CARGO_HELICOPTER
UNIT_CARGO_HELICOPTER,30,kv,SoundAcknowledge,SOUND_ACKNOWLEDGE_CARGO_HELICOPTER
UNIT_CARGO_HELICOPTER,31,kv,SoundCantMove,SOUND_CANTMOVE_CARGO_HELICOPTER
UNIT_CARGO_HELICOPTER,32,kv,SoundAttack,SOUND_ATTACK_CARGO_HELICOPTER
UNIT_CARGO_HELICOPTER,33,kv,SoundWork,SOUND_WORK_CARGO_HELICOPTER
UNIT_CARGO_HELICOPTER,34,kv,SoundVictory,SOUND_VICTORY_CARGO_HELICOPTER
UNIT_CARGO_HELICOPTER,35,kv,SoundDeath,SOUND_DEATH_CARGO_HELICOPTER
UNIT_CARGO_HELICOPTER,36,sublist,CanAttack,Air
UNIT_CARGO_HELICOPTER,37,sublist,CanAttack,Land
UNIT_CARGO_HELICOPTER,38,sublist,CanAttack,Mountain
UNIT_CARGO_HELICOPTER,39,sublist,CanCarry,MedLand
UNIT_CARGO_HELICOPTER,40,sublist,CanCarry,SmallLand
UNIT_CARGO_HELICOPTER,41,sublist,CanSee,Standard
UNIT_CARGO_HELICOPTER,42,sublist,MovementType,Air
UNIT_CARGO_HELICOPTER,43,sublist,Size,Large
UNIT_CARGO_HELICOPTER,44,sublist,VisionClass,Standard
UNIT_CARGO_HELICOPTER,45,nested,CargoData,"[{""t"": ""kv"", ""k"": ""MaxCargo"", ""v"": ""5""}, {""t"": ""kv"", ""k"": ""Load"", ""v"": ""SOUND_ID_TRIREME_LOAD""}, {""t"": ""kv"", ""k"": ""Unload"", ""v"": ""SOUND_ID_TRIREME_UNLOAD""}]"
UNIT_CARRACK,0,kv,Description,DESCRIPTION_UNIT_GALLEY
UNIT_CARRACK,1,kv,DefaultIcon,ICON_UNIT_CARRACK
UNIT_CARRACK,2,kv,DefaultSprite,SPRITE_CARRACK
UNIT_CARRACK,3,kv,Category,UNIT_CATEGORY_NAVAL
UNIT_CARRACK,4,kv,Attack,10
UNIT_CARRACK,5,kv,Defense,10
UNIT_CARRACK,6,kv,ZBRangeAttack,0
UNIT_CARRACK,7,kv,Firepower,1
UNIT_CARRACK,8,kv,Armor,1
UNIT_CARRACK,9,kv,MaxHP,10
UNIT_CARRACK,10,kv,ShieldCost,525
UNIT_CARRACK,11,kv,PowerPoints,10
UNIT_CARRACK,12,kv,ShieldHunger,7
UNIT_CARRACK,13,kv,FoodHunger,0
UNIT_CARRACK,14,kv,MaxMovePoints,300
UNIT_CARRACK,15,kv,VisionRange,1
UNIT_CARRACK,16,kv,EnableAdvance,ADVANCE_COMPASS
UNIT_CARRACK,17,kv,ObsoleteAdvance,ADVANCE_CHRONOMETER
UNIT_CARRACK,18,kv,ActiveDefenseRange,0
UNIT_CARRACK,19,flag,LossMoveToDmgNone,
UNIT_CARRACK,20,kv,MaxFuel,0
UNIT_CARRACK,21,flag,NoZoc,
UNIT_CARRACK,22,flag,CantCaptureCity,
UNIT_CARRACK,23,flag,DeathEffectsHappy,
UNIT_CARRACK,24,flag,WoodenShip,
UNIT_CARRACK,25,flag,OnlyBuildOne,
UNIT_CARRACK,26,kv,SoundSelect1,SOUND_SELECT1_CARRACK
UNIT_CARRACK,27,kv,SoundSelect2,SOUND_SELECT2_CARRACK
UNIT_CARRACK,28,kv,SoundMove,SOUND_MOVE_CARRACK
UNIT_CARRACK,29,kv,SoundAcknowledge,SOUND_ACKNOWLEDGE_CARRACK
UNIT_CARRACK,30,kv,SoundCantMove,SOUND_CANTMOVE_CARRACK
UNIT_CARRACK,31,kv,SoundAttack,SOUND_ATTACK_CARRACK
UNIT_CARRACK,32,kv,SoundWork,SOUND_WORK_CARRACK
UNIT_CARRACK,33,kv,SoundVictory,SOUND_VICTORY_CARRACK
UNIT_CARRACK,34,kv,SoundDeath,SOUND_DEATH_CARRACK
UNIT_CARRACK,35,sublist,CanCarry,MedLand
UNIT_CARRACK,36,sublist,CanCarry,SmallLand
UNIT_CARRACK,37,sublist,CanSee,Standard
UNIT_CARRACK,38,sublist,MovementType,Sea
UNIT_CARRACK,39,sublist,MovementType,ShallowWater
UNIT_CARRACK,40,sublist,Size,Large
UNIT_CARRACK,41,sublist,VisionClass,Standard
UNIT_CARRACK,42,nested,CargoData,"[{""t"": ""kv"", ""k"": ""MaxCargo"", ""v"": ""5""}, {""t"": ""kv"", ""k"": ""Load"", ""v"": ""SOUND_ID_TRIREME_LOAD""}, {""t"": ""kv"", ""k"": ""Unload"", ""v"": ""SOUND_ID_TRIREME_UNLOAD""}]"
UNIT_CARRACK,43,nested,CanReform,"[{""t"": ""kv"", ""k"": ""Sound"", ""v"": ""SOUND_ID_REFORM_CITY""}, {""t"": ""kv"", ""k"": ""Effect"", ""v"": ""SPECEFFECT_REFORMCITY""}]"
UNIT_CATAPHRACT,0,kv,Description,DESCRIPTION_UNIT_MOUNTED_ARCHER
UNIT_CATAPHRACT,1,kv,DefaultIcon,ICON_UNIT_CATAPHRACT
UNIT_CATAPHRACT,2,kv,DefaultSprite,SPRITE_CATAPHRACT
UNIT_CATAPHRACT,3,kv,Category,UNIT_CATEGORY_FLANKER
UNIT_CATAPHRACT,4,kv,Attack,35
UNIT_CATAPHRACT,5,kv,Defense,20
UNIT_CATAPHRACT,6,kv,ZBRangeAttack,20
UNIT_CATAPHRACT,7,kv,Firepower,2
UNIT_CATAPHRACT,8,kv,Armor,1
UNIT_CATAPHRACT,9,kv,MaxHP,12
UNIT_CATAPHRACT,10,kv,ShieldCost,800
UNIT_CATAPHRACT,11,kv,PowerPoints,60
UNIT_CATAPHRACT,12,kv,ShieldHunger,10
UNIT_CATAPHRACT,13,kv,FoodHunger,0
UNIT_CATAPHRACT,14,kv,MaxMovePoints,400
UNIT_CATAPHRACT,15,kv,VisionRange,2
UNIT_CATAPHRACT,16,kv,EnableAdvance,ADVANCE_STIRRUP
UNIT_CATAPHRACT,17,kv,ObsoleteAdvance,ADVANCE_CAVALRY_TACTICS
UNIT_CATAPHRACT,18,kv,BombRounds,2
UNIT_CATAPHRACT,19,kv,BombardRange,1
UNIT_CATAPHRACT,20,flag,CanCounterBombard,
UNIT_CATAPHRACT,21,kv,ActiveDefenseRange,0
UNIT_CATAPHRACT,22,flag,LossMoveToDmgNone,
UNIT_CATAPHRACT,23,kv,MaxFuel,0
UNIT_CATAPHRACT,24,flag,CanEntrench,
UNIT_CATAPHRACT,25,flag,CanExpel,
UNIT_CATAPHRACT,26,flag,CanPillage,
UNIT_CATAPHRACT,27,flag,CanPirate,
UNIT_CATAPHRACT,28,flag,ExertsMartialLaw,
UNIT_CATAPHRACT,29,flag,DeathEffectsHappy,
UNIT_CATAPHRACT,30,flag,IsFlanker,
UNIT_CATAPHRACT,31,flag,OnlyBuildOne,
UNIT_CATAPHRACT,32,kv,SoundSelect1,SOUND_SELECT1_MOUNTED_ARCHER
UNIT_CATAPHRACT,33,kv,SoundSelect2,SOUND_SELECT2_MOUNTED_ARCHER
UNIT_CATAPHRACT,34,kv,SoundMove,SOUND_MOVE_MOUNTED_ARCHER
UNIT_CATAPHRACT,35,kv,SoundAcknowledge,SOUND_ACKNOWLEDGE_MOUNTED_ARCHER
UNIT_CATAPHRACT,36,kv,SoundCantMove,SOUND_CANTMOVE_MOUNTED_ARCHER
UNIT_CATAPHRACT,37,kv,SoundAttack,SOUND_ATTACK_MOUNTED_ARCHER
UNIT_CATAPHRACT,38,kv,SoundWork,SOUND_WORK_MOUNTED_ARCHER
UNIT_CATAPHRACT,39,kv,SoundVictory,SOUND_VICTORY_MOUNTED_ARCHER
UNIT_CATAPHRACT,40,kv,SoundDeath,SOUND_DEATH_MOUNTED_ARCHER
UNIT_CATAPHRACT,41,sublist,CanAttack,Land
UNIT_CATAPHRACT,42,sublist,CanSee,Standard
UNIT_CATAPHRACT,43,sublist,MovementType,Land
UNIT_CATAPHRACT,44,sublist,Size,Medium
UNIT_CATAPHRACT,45,sublist,VisionClass,Standard
UNIT_CATAPHRACT,46,nested,CanReform,"[{""t"": ""kv"", ""k"": ""Sound"", ""v"": ""SOUND_ID_REFORM_CITY""}, {""t"": ""kv"", ""k"": ""Effect"", ""v"": ""SPECEFFECT_REFORMCITY""}]"
UNIT_CATAPULT,0,kv,Description,DESCRIPTION_UNIT_CATAPULT
UNIT_CATAPULT,1,kv,DefaultIcon,ICON_UNIT_CATAPULT
UNIT_CATAPULT,2,kv,DefaultSprite,SPRITE_CATAPULT
UNIT_CATAPULT,3,kv,Category,UNIT_CATEGORY_RANGED
UNIT_CATAPULT,4,kv,Attack,10
UNIT_CATAPULT,5,kv,Defense,15
UNIT_CATAPULT,6,kv,ZBRangeAttack,30
UNIT_CATAPULT,7,kv,Firepower,2
UNIT_CATAPULT,8,kv,Armor,1
UNIT_CATAPULT,9,kv,MaxHP,10
UNIT_CATAPULT,10,kv,ShieldCost,800
UNIT_CATAPULT,11,kv,PowerPoints,52
UNIT_CATAPULT,12,kv,ShieldHunger,10
UNIT_CATAPULT,13,kv,FoodHunger,0
UNIT_CATAPULT,14,kv,MaxMovePoints,100
UNIT_CATAPULT,15,kv,VisionRange,1
UNIT_CATAPULT,16,kv,EnableAdvance,ADVANCE_SIEGE_WEAPONS
UNIT_CATAPULT,17,kv,ObsoleteAdvance,ADVANCE_GREEK_FIRE
UNIT_CATAPULT,18,kv,BombRounds,5
UNIT_CATAPULT,19,kv,BombardRange,1
UNIT_CATAPULT,20,flag,CanCounterBombard,
UNIT_CATAPULT,21,kv,ActiveDefenseRange,0
UNIT_CATAPULT,22,flag,LossMoveToDmgNone,
UNIT_CATAPULT,23,kv,MaxFuel,0
UNIT_CATAPULT,24,flag,CanEntrench,
UNIT_CATAPULT,25,flag,CanExpel,
UNIT_CATAPULT,26,flag,CanPillage,
UNIT_CATAPULT,27,flag,CanPirate,
UNIT_CATAPULT,28,flag,ExertsMartialLaw,
UNIT_CATAPULT,29,flag,DeathEffectsHappy,
UNIT_CATAPULT,30,flag,OnlyBuildOne,
UNIT_CATAPULT,31,kv,SoundSelect1,SOUND_SELECT1_CATAPULT
UNIT_CATAPULT,32,kv,SoundSelect2,SOUND_SELECT2_CATAPULT
UNIT_CATAPULT,33,kv,SoundMove,SOUND_MOVE_CATAPULT
UNIT_CATAPULT,34,kv,SoundAcknowledge,SOUND_ACKNOWLEDGE_CATAPULT
UNIT_CATAPULT,35,kv,SoundCantMove,SOUND_CANTMOVE_CATAPULT
UNIT_CATAPULT,36,kv,SoundAttack,SOUND_ATTACK_CATAPULT
UNIT_CATAPULT,37,kv,SoundWork,SOUND_WORK_CATAPULT
UNIT_CATAPULT,38,kv,SoundVictory,SOUND_VICTORY_CATAPULT
UNIT_CATAPULT,39,kv,SoundDeath,SOUND_DEATH_CATAPULT
UNIT_CATAPULT,40,sublist,CanAttack,Land
UNIT_CATAPULT,41,sublist,CanBombard,Land
UNIT_CATAPULT,42,sublist,CanBombard,Mountain
UNIT_CATAPULT,43,sublist,CanBombard,Water
UNIT_CATAPULT,44,sublist,CanSee,Standard
UNIT_CATAPULT,45,sublist,MovementType,Land
UNIT_CATAPULT,46,sublist,Size,Medium
UNIT_CATAPULT,47,sublist,VisionClass,Standard
UNIT_CATAPULT,48,nested,CanReform,"[{""t"": ""kv"", ""k"": ""Sound"", ""v"": ""SOUND_ID_REFORM_CITY""}, {""t"": ""kv"", ""k"": ""Effect"", ""v"": ""SPECEFFECT_REFORMCITY""}]"
UNIT_CAVALRY,0,kv,Description,DESCRIPTION_UNIT_CAVALRY
UNIT_CAVALRY,1,kv,DefaultIcon,ICON_UNIT_CAVALRY
UNIT_CAVALRY,2,kv,DefaultSprite,SPRITE_CAVALRY
UNIT_CAVALRY,3,kv,Category,UNIT_CATEGORY_FLANKER
UNIT_CAVALRY,4,kv,Attack,45
UNIT_CAVALRY,5,kv,Defense,35
UNIT_CAVALRY,6,kv,ZBRangeAttack,25
UNIT_CAVALRY,7,kv,Firepower,3
UNIT_CAVALRY,8,kv,Armor,1
UNIT_CAVALRY,9,kv,MaxHP,18
UNIT_CAVALRY,10,kv,ShieldCost,1700
UNIT_CAVALRY,11,kv,PowerPoints,60
UNIT_CAVALRY,12,kv,ShieldHunger,19
UNIT_CAVALRY,13,kv,FoodHunger,0
UNIT_CAVALRY,14,kv,MaxMovePoints,400
UNIT_CAVALRY,15,kv,VisionRange,2
UNIT_CAVALRY,16,kv,EnableAdvance,ADVANCE_CAVALRY_TACTICS
UNIT_CAVALRY,17,kv,ObsoleteAdvance,ADVANCE_TANK_WARFARE
UNIT_CAVALRY,18,kv,ActiveDefenseRange,0
UNIT_CAVALRY,19,flag,LossMoveToDmgNone,
UNIT_CAVALRY,20,kv,MaxFuel,0
UNIT_CAVALRY,21,flag,CanEntrench,
UNIT_CAVALRY,22,flag,CanExpel,
UNIT_CAVALRY,23,flag,CanPillage,
UNIT_CAVALRY,24,flag,CanPirate,
UNIT_CAVALRY,25,flag,ExertsMartialLaw,
UNIT_CAVALRY,26,flag,DeathEffectsHappy,
UNIT_CAVALRY,27,flag,IsFlanker,
UNIT_CAVALRY,28,flag,IsMounted,
UNIT_CAVALRY,29,flag,OnlyBuildOne,
UNIT_CAVALRY,30,kv,SoundSelect1,SOUND_SELECT1_CAVALRY
UNIT_CAVALRY,31,kv,SoundSelect2,SOUND_SELECT2_CAVALRY
UNIT_CAVALRY,32,kv,SoundMove,SOUND_MOVE_CAVALRY
UNIT_CAVALRY,33,kv,SoundAcknowledge,SOUND_ACKNOWLEDGE_CAVALRY
UNIT_CAVALRY,34,kv,SoundCantMove,SOUND_CANTMOVE_CAVALRY
UNIT_CAVALRY,35,kv,SoundAttack,SOUND_ATTACK_CAVALRY
UNIT_CAVALRY,36,kv,SoundWork,SOUND_WORK_CAVALRY
UNIT_CAVALRY,37,kv,SoundVictory,SOUND_VICTORY_CAVALRY
UNIT_CAVALRY,38,kv,SoundDeath,SOUND_DEATH_CAVALRY
UNIT_CAVALRY,39,sublist,CanAttack,Land
UNIT_CAVALRY,40,sublist,CanSee,Standard
UNIT_CAVALRY,41,sublist,MovementType,Land
UNIT_CAVALRY,42,sublist,Size,Medium
UNIT_CAVALRY,43,sublist,VisionClass,Standard
UNIT_CAVALRY,44,nested,CanReform,"[{""t"": ""kv"", ""k"": ""Sound"", ""v"": ""SOUND_ID_REFORM_CITY""}, {""t"": ""kv"", ""k"": ""Effect"", ""v"": ""SPECEFFECT_REFORMCITY""}]"
UNIT_CHARIOT,0,kv,Description,DESCRIPTION_UNIT_SWORDSMAN
UNIT_CHARIOT,1,kv,DefaultIcon,ICON_UNIT_CHARIOT
UNIT_CHARIOT,2,kv,DefaultSprite,SPRITE_CHARIOT
UNIT_CHARIOT,3,kv,Category,UNIT_CATEGORY_FLANKER
UNIT_CHARIOT,4,kv,Attack,20
UNIT_CHARIOT,5,kv,Defense,10
UNIT_CHARIOT,6,kv,ZBRangeAttack,15
UNIT_CHARIOT,7,kv,Firepower,1
UNIT_CHARIOT,8,kv,Armor,1
UNIT_CHARIOT,9,kv,MaxHP,10
UNIT_CHARIOT,10,kv,ShieldCost,325
UNIT_CHARIOT,11,kv,PowerPoints,60
UNIT_CHARIOT,12,kv,ShieldHunger,4
UNIT_CHARIOT,13,kv,FoodHunger,0
UNIT_CHARIOT,14,kv,MaxMovePoints,200
UNIT_CHARIOT,15,kv,VisionRange,2
UNIT_CHARIOT,16,kv,EnableAdvance,ADVANCE_CHARIOTS
UNIT_CHARIOT,17,kv,ObsoleteAdvance,ADVANCE_HORSE_ARMOR
UNIT_CHARIOT,18,kv,ActiveDefenseRange,0
UNIT_CHARIOT,19,flag,LossMoveToDmgNone,
UNIT_CHARIOT,20,kv,MaxFuel,0
UNIT_CHARIOT,21,flag,CanEntrench,
UNIT_CHARIOT,22,flag,CanExpel,
UNIT_CHARIOT,23,flag,CanPillage,
UNIT_CHARIOT,24,flag,CanPirate,
UNIT_CHARIOT,25,flag,ExertsMartialLaw,
UNIT_CHARIOT,26,flag,DeathEffectsHappy,
UNIT_CHARIOT,27,flag,IsMounted,
UNIT_CHARIOT,28,flag,IsFlanker,
UNIT_CHARIOT,29,flag,IsSpecialForces,
UNIT_CHARIOT,30,flag,OnlyBuildOne,
UNIT_CHARIOT,31,kv,SoundSelect1,SOUND_SELECT1_SAMURAI
UNIT_CHARIOT,32,kv,SoundSelect2,SOUND_SELECT2_SAMURAI
UNIT_CHARIOT,33,kv,SoundMove,SOUND_MOVE_SAMURAI
UNIT_CHARIOT,34,kv,SoundAcknowledge,SOUND_ACKNOWLEDGE_SAMURAI
UNIT_CHARIOT,35,kv,SoundCantMove,SOUND_CANTMOVE_SAMURAI
UNIT_CHARIOT,36,kv,SoundAttack,SOUND_ATTACK_SAMURAI
UNIT_CHARIOT,37,kv,SoundWork,SOUND_WORK_SAMURAI
UNIT_CHARIOT,38,kv,SoundVictory,SOUND_VICTORY_SAMURAI
UNIT_CHARIOT,39,kv,SoundDeath,SOUND_DEATH_SAMURAI
UNIT_CHARIOT,40,sublist,CanAttack,Land
UNIT_CHARIOT,41,sublist,CanSee,Standard
UNIT_CHARIOT,42,sublist,MovementType,Land
UNIT_CHARIOT,43,sublist,Size,Medium
UNIT_CHARIOT,44,sublist,VisionClass,Standard
UNIT_CHARIOT,45,nested,CanReform,"[{""t"": ""kv"", ""k"": ""Sound"", ""v"": ""SOUND_ID_REFORM_CITY""}, {""t"": ""kv"", ""k"": ""Effect"", ""v"": ""SPECEFFECT_REFORMCITY""}]"
UNIT_CHARIOT_ARCHER,0,kv,Description,DESCRIPTION_UNIT_CATAPULT
UNIT_CHARIOT_ARCHER,1,kv,DefaultIcon,ICON_UNIT_CHARIOT_ARCHER
UNIT_CHARIOT_ARCHER,2,kv,DefaultSprite,SPRITE_CHARIOT_ARCHER
UNIT_CHARIOT_ARCHER,3,kv,Category,UNIT_CATEGORY_RANGED
UNIT_CHARIOT_ARCHER,4,kv,Attack,15
UNIT_CHARIOT_ARCHER,5,kv,Defense,10
UNIT_CHARIOT_ARCHER,6,kv,ZBRangeAttack,20
UNIT_CHARIOT_ARCHER,7,kv,Firepower,1
UNIT_CHARIOT_ARCHER,8,kv,Armor,1
UNIT_CHARIOT_ARCHER,9,kv,MaxHP,12
UNIT_CHARIOT_ARCHER,10,kv,ShieldCost,400
UNIT_CHARIOT_ARCHER,11,kv,PowerPoints,50
UNIT_CHARIOT_ARCHER,12,kv,ShieldHunger,5
UNIT_CHARIOT_ARCHER,13,kv,FoodHunger,0
UNIT_CHARIOT_ARCHER,14,kv,MaxMovePoints,200
UNIT_CHARIOT_ARCHER,15,kv,VisionRange,2
UNIT_CHARIOT_ARCHER,16,kv,EnableAdvance,ADVANCE_ARISTOCRACY
UNIT_CHARIOT_ARCHER,17,kv,ObsoleteAdvance,ADVANCE_MOBILE_TACTICS
UNIT_CHARIOT_ARCHER,18,kv,BombRounds,2
UNIT_CHARIOT_ARCHER,19,kv,BombardRange,1
UNIT_CHARIOT_ARCHER,20,flag,CanCounterBombard,
UNIT_CHARIOT_ARCHER,21,kv,ActiveDefenseRange,0
UNIT_CHARIOT_ARCHER,22,flag,LossMoveToDmgNone,
UNIT_CHARIOT_ARCHER,23,kv,MaxFuel,0
UNIT_CHARIOT_ARCHER,24,flag,CanEntrench,
UNIT_CHARIOT_ARCHER,25,flag,CanExpel,
UNIT_CHARIOT_ARCHER,26,flag,CanPillage,
UNIT_CHARIOT_ARCHER,27,flag,CanPirate,
UNIT_CHARIOT_ARCHER,28,flag,ExertsMartialLaw,
UNIT_CHARIOT_ARCHER,29,flag,DeathEffectsHappy,
UNIT_CHARIOT_ARCHER,30,flag,IsFlanker,
UNIT_CHARIOT_ARCHER,31,flag,IsSpecialForces,
UNIT_CHARIOT_ARCHER,32,flag,IsMounted,
UNIT_CHARIOT_ARCHER,33,flag,OnlyBuildOne,
UNIT_CHARIOT_ARCHER,34,kv,SoundSelect1,SOUND_SELECT1_SAMURAI
UNIT_CHARIOT_ARCHER,35,kv,SoundSelect2,SOUND_SELECT2_SAMURAI
UNIT_CHARIOT_ARCHER,36,kv,SoundMove,SOUND_MOVE_SAMURAI
UNIT_CHARIOT_ARCHER,37,kv,SoundAcknowledge,SOUND_ACKNOWLEDGE_SAMURAI
UNIT_CHARIOT_ARCHER,38,kv,SoundCantMove,SOUND_CANTMOVE_SAMURAI
UNIT_CHARIOT_ARCHER,39,kv,SoundAttack,SOUND_ATTACK_SAMURAI
UNIT_CHARIOT_ARCHER,40,kv,SoundWork,SOUND_WORK_SAMURAI
UNIT_CHARIOT_ARCHER,41,kv,SoundVictory,SOUND_VICTORY_SAMURAI
UNIT_CHARIOT_ARCHER,42,kv,SoundDeath,SOUND_DEATH_SAMURAI
UNIT_CHARIOT_ARCHER,43,sublist,CanAttack,Land
UNIT_CHARIOT_ARCHER,44,sublist,CanBombard,Land
UNIT_CHARIOT_ARCHER,45,sublist,CanSee,Standard
UNIT_CHARIOT_ARCHER,46,sublist,MovementType,Land
UNIT_CHARIOT_ARCHER,47,sublist,Size,Medium
UNIT_CHARIOT_ARCHER,48,sublist,VisionClass,Standard
UNIT_CHARIOT_ARCHER,49,nested,CanReform,"[{""t"": ""kv"", ""k"": ""Sound"", ""v"": ""SOUND_ID_REFORM_CITY""}, {""t"": ""kv"", ""k"": ""Effect"", ""v"": ""SPECEFFECT_REFORMCITY""}]"
UNIT_CITY,0,kv,Description,DESCRIPTION_UNIT_CITY
UNIT_CITY,1,kv,DefaultIcon,ICON_UNIT_CITY
UNIT_CITY,2,kv,DefaultSprite,SPRITE_CITY
UNIT_CITY,3,kv,Category,UNIT_CATEGORY_GENERIC
UNIT_CITY,4,kv,Attack,0
UNIT_CITY,5,kv,Defense,0
UNIT_CITY,6,kv,ZBRangeAttack,0
UNIT_CITY,7,kv,Firepower,0
UNIT_CITY,8,kv,Armor,0
UNIT_CITY,9,kv,MaxHP,0
UNIT_CITY,10,kv,ShieldCost,0
UNIT_CITY,11,kv,PowerPoints,0
UNIT_CITY,12,kv,ShieldHunger,0
UNIT_CITY,13,kv,FoodHunger,0
UNIT_CITY,14,kv,MaxMovePoints,0
UNIT_CITY,15,kv,VisionRange,2
UNIT_CITY,16,kv,ActiveDefenseRange,0
UNIT_CITY,17,flag,LossMoveToDmgNone,
UNIT_CITY,18,kv,MaxFuel,0
UNIT_CITY,19,flag,HasPopAndCanBuild,
UNIT_CITY,20,flag,CantBuild,
UNIT_CITY,21,kv,CityGrowthCoefficient,1
UNIT_CITY,22,flag,NoIndex,
UNIT_CITY,23,flag,GLHidden,
UNIT_CITY,24,flag,CantCaptureCity,
UNIT_CITY,25,flag,NeedsNoSupport,
UNIT_CITY,26,kv,SoundSelect1,SOUND_SELECT1_CITY
UNIT_CITY,27,kv,SoundSelect2,SOUND_SELECT2_CITY
UNIT_CITY,28,kv,SoundMove,SOUND_MOVE_CITY
UNIT_CITY,29,kv,SoundAcknowledge,SOUND_ACKNOWLEDGE_CITY
UNIT_CITY,30,kv,SoundCantMove,SOUND_CANTMOVE_CITY
UNIT_CITY,31,kv,SoundAttack,SOUND_ATTACK_CITY
UNIT_CITY,32,kv,SoundWork,SOUND_WORK_CITY
UNIT_CITY,33,kv,SoundVictory,SOUND_VICTORY_CITY
UNIT_CITY,34,kv,SoundDeath,SOUND_DEATH_CITY
UNIT_CITY,35,sublist,CanAttack,Land
UNIT_CITY,36,sublist,CanAttack,Mountain
UNIT_CITY,37,sublist,CanSee,Standard
UNIT_CITY,38,sublist,MovementType,Land
UNIT_CITY,39,sublist,MovementType,Mountain
UNIT_CITY,40,sublist,Size,Medium
UNIT_CITY,41,sublist,VisionClass,Standard
UNIT_CITY,42,nested,Revolution,"[{""t"": ""kv"", ""k"": ""Sound"", ""v"": ""SOUND_ID_REVOLUTION""}, {""t"": ""kv"", ""k"": ""Effect"", ""v"": ""SPECEFFECT_REVOLUTION""}]"
UNIT_CLERIC,0,kv,Description,DESCRIPTION_UNIT_CLERIC
UNIT_CLERIC,1,kv,DefaultIcon,ICON_UNIT_CLERIC
UNIT_CLERIC,2,kv,DefaultSprite,SPRITE_CLERIC
UNIT_CLERIC,3,kv,Category,UNIT_CATEGORY_SPECIAL
UNIT_CLERIC,4,kv,Attack,0
UNIT_CLERIC,5,kv,Defense,10
UNIT_CLERIC,6,kv,ZBRangeAttack,0
UNIT_CLERIC,7,kv,Firepower,1
UNIT_CLERIC,8,kv,Armor,1
UNIT_CLERIC,9,kv,MaxHP,10
UNIT_CLERIC,10,kv,ShieldCost,1000
UNIT_CLERIC,11,kv,PowerPoints,3
UNIT_CLERIC,12,kv,ShieldHunger,12
UNIT_CLERIC,13,kv,FoodHunger,0
UNIT_CLERIC,14,kv,MaxMovePoints,300
UNIT_CLERIC,15,kv,VisionRange,1
UNIT_CLERIC,16,kv,EnableAdvance,ADVANCE_CHRISTIANITY
UNIT_CLERIC,17,kv,ObsoleteAdvance,ADVANCE_MASS_MEDIA
UNIT_CLERIC,18,kv,ActiveDefenseRange,0
UNIT_CLERIC,19,flag,LossMoveToDmgNone,
UNIT_CLERIC,20,kv,MaxFuel,0
UNIT_CLERIC,21,flag,CanEntrench,
UNIT_CLERIC,22,flag,IgnoreZOC,
UNIT_CLERIC,23,flag,NoZoc,
UNIT_CLERIC,24,flag,CanBeExpelled,
UNIT_CLERIC,25,flag,CanBeSued,
UNIT_CLERIC,26,flag,CantCaptureCity,
UNIT_CLERIC,27,flag,DeathEffectsHappy,
UNIT_CLERIC,28,flag,IsSpecialForces,
UNIT_CLERIC,29,flag,Civilian,
UNIT_CLERIC,30,flag,OnlyBuildOne,
UNIT_CLERIC,31,kv,SoundSelect1,SOUND_SELECT1_CLERIC
UNIT_CLERIC,32,kv,SoundSelect2,SOUND_SELECT2_CLERIC
UNIT_CLERIC,33,kv,SoundMove,SOUND_MOVE_CLERIC
UNIT_CLERIC,34,kv,SoundAcknowledge,SOUND_ACKNOWLEDGE_CLERIC
UNIT_CLERIC,35,kv,SoundCantMove,SOUND_CANTMOVE_CLERIC
UNIT_CLERIC,36,kv,SoundAttack,SOUND_ATTACK_CLERIC
UNIT_CLERIC,37,kv,SoundWork,SOUND_WORK_CLERIC
UNIT_CLERIC,38,kv,SoundVictory,SOUND_VICTORY_CLERIC
UNIT_CLERIC,39,kv,SoundDeath,SOUND_DEATH_CLERIC
UNIT_CLERIC,40,sublist,CanSee,Standard
UNIT_CLERIC,41,sublist,CanSee,Stealth
UNIT_CLERIC,42,sublist,MovementType,Land
UNIT_CLERIC,43,sublist,MovementType,Mountain
UNIT_CLERIC,44,sublist,Size,Small
UNIT_CLERIC,45,sublist,VisionClass,Stealth
UNIT_CLERIC,46,nested,CanSoothsay,"[{""t"": ""kv"", ""k"": ""Sound"", ""v"": ""SOUND_ID_CAN_SOOTHSAY_CL""}, {""t"": ""kv"", ""k"": ""Effect"", ""v"": ""SPECEFFECT_CAN_SOOTHSAY""}]"
UNIT_CLERIC,47,nested,CauseUnhappiness,"[{""t"": ""kv"", ""k"": ""Chance"", ""v"": ""1""}, {""t"": ""kv"", ""k"": ""Timer"", ""v"": ""1""}, {""t"": ""kv"", ""k"": ""Amount"", ""v"": ""2""}, {""t"": ""kv"", ""k"": ""Sound"", ""v"": ""SOUND_ID_CAN_SOOTHSAY_CL""}, {""t"": ""kv"", ""k"": ""Effect"", ""v"": ""SPECEFFECT_CAN_SOOTHSAY""}]"
UNIT_CLERIC,48,nested,ConvertCities,"[{""t"": ""kv"", ""k"": ""Chance"", ""v"": ""0.7""}, {""t"": ""kv"", ""k"": ""DeathChance"", ""v"": ""0.4""}, {""t"": ""kv"", ""k"": ""Sound"", ""v"": ""SOUND_ID_CONVERT_CITIES_CL""}, {""t"": ""kv"", ""k"": ""Effect"", ""v"": ""SPECEFFECT_CONVERT_CITIES""}]"
UNIT_CLERIC,49,nested,IndulgenceSales,"[{""t"": ""kv"", ""k"": ""Sound"", ""v"": ""SOUND_ID_INDULGENCE_SALES_CL""}, {""t"": ""kv"", ""k"": ""Effect"", ""v"": ""SPECEFFECT_INDULGENCE_SALES""}]"
UNIT_COLLOSUS,0,kv,Description,DESCRIPTION_UNIT_BATTLESHIP
UNIT_COLLOSUS,1,kv,DefaultIcon,ICON_UNIT_COLLOSUS
UNIT_COLLOSUS,2,kv,DefaultSprite,SPRITE_COLLOSUS
UNIT_COLLOSUS,3,kv,Category,UNIT_CATEGORY_UNDERSEA
UNIT_COLLOSUS,4,kv,Attack,110
UNIT_COLLOSUS,5,kv,Defense,85
UNIT_COLLOSUS,6,kv,ZBRangeAttack,110
UNIT_COLLOSUS,7,kv,Firepower,6
UNIT_COLLOSUS,8,kv,Armor,5
UNIT_COLLOSUS,9,kv,MaxHP,25
UNIT_COLLOSUS,10,kv,ShieldCost,8000
UNIT_COLLOSUS,11,kv,PowerPoints,20
UNIT_COLLOSUS,12,kv,ShieldHunger,90
UNIT_COLLOSUS,13,kv,FoodHunger,0
UNIT_COLLOSUS,14,kv,MaxMovePoints,700
UNIT_COLLOSUS,15,kv,VisionRange,4
UNIT_COLLOSUS,16,kv,EnableAdvance,ADVANCE_SMART_MATERIALS
UNIT_COLLOSUS,17,kv,ActiveDefenseRange,0
UNIT_COLLOSUS,18,flag,LossMoveToDmgNone,
UNIT_COLLOSUS,19,kv,MaxFuel,0
UNIT_COLLOSUS,20,flag,CanExpel,
UNIT_COLLOSUS,21,flag,CanPillage,
UNIT_COLLOSUS,22,flag,CanPirate,
UNIT_COLLOSUS,23,flag,DeathEffectsHappy,
UNIT_COLLOSUS,24,flag,IsSubmarine,
UNIT_COLLOSUS,25,flag,Explodes,
UNIT_COLLOSUS,26,flag,OnlyBuildOne,
UNIT_COLLOSUS,27,kv,SoundSelect1,SOUND_SELECT1_DREADNAUGHT
UNIT_COLLOSUS,28,kv,SoundSelect2,SOUND_SELECT2_DREADNAUGHT
UNIT_COLLOSUS,29,kv,SoundMove,SOUND_MOVE_DREADNAUGHT
UNIT_COLLOSUS,30,kv,SoundAcknowledge,SOUND_ACKNOWLEDGE_DREADNAUGHT
UNIT_COLLOSUS,31,kv,SoundCantMove,SOUND_CANTMOVE_DREADNAUGHT
UNIT_COLLOSUS,32,kv,SoundAttack,SOUND_ATTACK_DREADNAUGHT
UNIT_COLLOSUS,33,kv,SoundWork,SOUND_WORK_DREADNAUGHT
UNIT_COLLOSUS,34,kv,SoundVictory,SOUND_VICTORY_DREADNAUGHT
UNIT_COLLOSUS,35,kv,SoundDeath,SOUND_DEATH_DREADNAUGHT
UNIT_COLLOSUS,36,sublist,CanAttack,Sea
UNIT_COLLOSUS,37,sublist,CanAttack,Underwater
UNIT_COLLOSUS,38,sublist,CanAttack,ShallowWater
UNIT_COLLOSUS,39,sublist,CanSee,Standard
UNIT_COLLOSUS,40,sublist,CanSee,Underwater
UNIT_COLLOSUS,41,sublist,MovementType,Sea
UNIT_COLLOSUS,42,sublist,MovementType,ShallowWater
UNIT_COLLOSUS,43,sublist,Size,Large
UNIT_COLLOSUS,44,sublist,VisionClass,Underwater
UNIT_COLLOSUS,45,nested,CanReform,"[{""t"": ""kv"", ""k"": ""Sound"", ""v"": ""SOUND_ID_REFORM_CITY""}, {""t"": ""kv"", ""k"": ""Effect"", ""v"": ""SPECEFFECT_REFORMCITY""}]"
UNIT_COMPOSITE_ARCHER,0,kv,Description,DESCRIPTION_UNIT_ARCHER
UNIT_COMPOSITE_ARCHER,1,kv,DefaultIcon,ICON_UNIT_COMPOSITE_ARCHER
UNIT_COMPOSITE_ARCHER,2,kv,DefaultSprite,SPRITE_COMPOSITE_ARCHER
UNIT_COMPOSITE_ARCHER,3,kv,Category,UNIT_CATEGORY_RANGED
UNIT_COMPOSITE_ARCHER,4,kv,Attack,10
UNIT_COMPOSITE_ARCHER,5,kv,Defense,10
UNIT_COMPOSITE_ARCHER,6,kv,ZBRangeAttack,30
UNIT_COMPOSITE_ARCHER,7,kv,Firepower,2
UNIT_COMPOSITE_ARCHER,8,kv,Armor,1
UNIT_COMPOSITE_ARCHER,9,kv,MaxHP,10
UNIT_COMPOSITE_ARCHER,10,kv,ShieldCost,575
UNIT_COMPOSITE_ARCHER,11,kv,PowerPoints,50
UNIT_COMPOSITE_ARCHER,12,kv,ShieldHunger,7
UNIT_COMPOSITE_ARCHER,13,kv,FoodHunger,0
UNIT_COMPOSITE_ARCHER,14,kv,MaxMovePoints,100
UNIT_COMPOSITE_ARCHER,15,kv,VisionRange,2
UNIT_COMPOSITE_ARCHER,16,kv,EnableAdvance,ADVANCE_COMPOSITE_BOW
UNIT_COMPOSITE_ARCHER,17,kv,ObsoleteAdvance,ADVANCE_CROSSBOW
UNIT_COMPOSITE_ARCHER,18,kv,BombRounds,2
UNIT_COMPOSITE_ARCHER,19,kv,BombardRange,1
UNIT_COMPOSITE_ARCHER,20,flag,CanCounterBombard,
UNIT_COMPOSITE_ARCHER,21,kv,ActiveDefenseRange,0
UNIT_COMPOSITE_ARCHER,22,flag,LossMoveToDmgNone,
UNIT_COMPOSITE_ARCHER,23,kv,MaxFuel,0
UNIT_COMPOSITE_ARCHER,24,flag,CanEntrench,
UNIT_COMPOSITE_ARCHER,25,flag,CanExpel,
UNIT_COMPOSITE_ARCHER,26,flag,CanPillage,
UNIT_COMPOSITE_ARCHER,27,flag,CanPirate,
UNIT_COMPOSITE_ARCHER,28,flag,ExertsMartialLaw,
UNIT_COMPOSITE_ARCHER,29,flag,DeathEffectsHappy,
UNIT_COMPOSITE_ARCHER,30,flag,OnlyBuildOne,
UNIT_COMPOSITE_ARCHER,31,kv,SoundSelect1,SOUND_SELECT1_ARCHER
UNIT_COMPOSITE_ARCHER,32,kv,SoundSelect2,SOUND_SELECT2_ARCHER
UNIT_COMPOSITE_ARCHER,33,kv,SoundMove,SOUND_MOVE_ARCHER
UNIT_COMPOSITE_ARCHER,34,kv,SoundAcknowledge,SOUND_ACKNOWLEDGE_ARCHER
UNIT_COMPOSITE_ARCHER,35,kv,SoundCantMove,SOUND_CANTMOVE_ARCHER
UNIT_COMPOSITE_ARCHER,36,kv,SoundAttack,SOUND_ATTACK_ARCHER
UNIT_COMPOSITE_ARCHER,37,kv,SoundWork,SOUND_WORK_ARCHER
UNIT_COMPOSITE_ARCHER,38,kv,SoundVictory,SOUND_VICTORY_ARCHER
UNIT_COMPOSITE_ARCHER,39,kv,SoundDeath,SOUND_DEATH_ARCHER
UNIT_COMPOSITE_ARCHER,40,sublist,CanAttack,Land
UNIT_COMPOSITE_ARCHER,41,sublist,CanBombard,Land
UNIT_COMPOSITE_ARCHER,42,sublist,CanSee,Standard
UNIT_COMPOSITE_ARCHER,43,sublist,MovementType,Land
UNIT_COMPOSITE_ARCHER,44,sublist,MovementType,Mountain
UNIT_COMPOSITE_ARCHER,45,sublist,Size,Medium
UNIT_COMPOSITE_ARCHER,46,sublist,VisionClass,Standard
UNIT_COMPOSITE_ARCHER,47,nested,CanReform,"[{""t"": ""kv"", ""k"": ""Sound"", ""v"": ""SOUND_ID_REFORM_CITY""}, {""t"": ""kv"", ""k"": ""Effect"", ""v"": ""SPECEFFECT_REFORMCITY""}]"
UNIT_CONSCRIPT_LEGION,0,kv,Description,DESCRIPTION_UNIT_HOPLITE
UNIT_CONSCRIPT_LEGION,1,kv,DefaultIcon,ICON_UNIT_CONSCRIPT_LEGION
UNIT_CONSCRIPT_LEGION,2,kv,DefaultSprite,SPRITE_CONSCRIPT_LEGION
UNIT_CONSCRIPT_LEGION,3,kv,Category,UNIT_CATEGORY_DEFENSE
UNIT_CONSCRIPT_LEGION,4,kv,Attack,20
UNIT_CONSCRIPT_LEGION,5,kv,Defense,25
UNIT_CONSCRIPT_LEGION,6,kv,ZBRangeAttack,0
UNIT_CONSCRIPT_LEGION,7,kv,Firepower,2
UNIT_CONSCRIPT_LEGION,8,kv,Armor,1
UNIT_CONSCRIPT_LEGION,9,kv,MaxHP,13
UNIT_CONSCRIPT_LEGION,10,kv,ShieldCost,375
UNIT_CONSCRIPT_LEGION,11,kv,PowerPoints,70
UNIT_CONSCRIPT_LEGION,12,kv,ShieldHunger,4
UNIT_CONSCRIPT_LEGION,13,kv,FoodHunger,0
UNIT_CONSCRIPT_LEGION,14,kv,MaxMovePoints,100
UNIT_CONSCRIPT_LEGION,15,kv,VisionRange,1
UNIT_CONSCRIPT_LEGION,16,kv,EnableAdvance,ADVANCE_IRON_WORKING
UNIT_CONSCRIPT_LEGION,17,kv,ObsoleteAdvance,ADVANCE_DARK_AGES
UNIT_CONSCRIPT_LEGION,18,kv,ActiveDefenseRange,0
UNIT_CONSCRIPT_LEGION,19,flag,LossMoveToDmgNone,
UNIT_CONSCRIPT_LEGION,20,kv,MaxFuel,0
UNIT_CONSCRIPT_LEGION,21,flag,CanEntrench,
UNIT_CONSCRIPT_LEGION,22,flag,CanExpel,
UNIT_CONSCRIPT_LEGION,23,flag,CanPillage,
UNIT_CONSCRIPT_LEGION,24,flag,CanPirate,
UNIT_CONSCRIPT_LEGION,25,flag,ExertsMartialLaw,
UNIT_CONSCRIPT_LEGION,26,flag,DeathEffectsHappy,
UNIT_CONSCRIPT_LEGION,27,flag,BuildingRemovesAPop,
UNIT_CONSCRIPT_LEGION,28,flag,OnlyBuildOne,
UNIT_CONSCRIPT_LEGION,29,kv,SoundSelect1,SOUND_SELECT1_HOPLITE
UNIT_CONSCRIPT_LEGION,30,kv,SoundSelect2,SOUND_SELECT2_HOPLITE
UNIT_CONSCRIPT_LEGION,31,kv,SoundMove,SOUND_MOVE_HOPLITE
UNIT_CONSCRIPT_LEGION,32,kv,SoundAcknowledge,SOUND_ACKNOWLEDGE_HOPLITE
UNIT_CONSCRIPT_LEGION,33,kv,SoundCantMove,SOUND_CANTMOVE_HOPLITE
UNIT_CONSCRIPT_LEGION,34,kv,SoundAttack,SOUND_ATTACK_HOPLITE
UNIT_CONSCRIPT_LEGION,35,kv,SoundWork,SOUND_WORK_HOPLITE
UNIT_CONSCRIPT_LEGION,36,kv,SoundVictory,SOUND_VICTORY_HOPLITE
UNIT_CONSCRIPT_LEGION,37,kv,SoundDeath,SOUND_DEATH_HOPLITE
UNIT_CONSCRIPT_LEGION,38,sublist,CanAttack,Land
UNIT_CONSCRIPT_LEGION,39,sublist,CanAttack,Mountain
UNIT_CONSCRIPT_LEGION,40,sublist,CanSee,Standard
UNIT_CONSCRIPT_LEGION,41,sublist,MovementType,Land
UNIT_CONSCRIPT_LEGION,42,sublist,MovementType,Mountain
UNIT_CONSCRIPT_LEGION,43,sublist,Size,Medium
UNIT_CONSCRIPT_LEGION,44,sublist,VisionClass,Standard
UNIT_CONSCRIPT_LEGION,45,nested,CanReform,"[{""t"": ""kv"", ""k"": ""Sound"", ""v"": ""SOUND_ID_REFORM_CITY""}, {""t"": ""kv"", ""k"": ""Effect"", ""v"": ""SPECEFFECT_REFORMCITY""}]"
UNIT_CONSCRIPT_SWORDSMAN,0,kv,Description,DESCRIPTION_UNIT_HOPLITE
UNIT_CONSCRIPT_SWORDSMAN,1,kv,DefaultIcon,ICON_UNIT_CONSCRIPT_SWORDSMAN
UNIT_CONSCRIPT_SWORDSMAN,2,kv,DefaultSprite,SPRITE_CONSCRIPT_SWORDSMAN
UNIT_CONSCRIPT_SWORDSMAN,3,kv,Category,UNIT_CATEGORY_DEFENSE
UNIT_CONSCRIPT_SWORDSMAN,4,kv,Attack,15
UNIT_CONSCRIPT_SWORDSMAN,5,kv,Defense,10
UNIT_CONSCRIPT_SWORDSMAN,6,kv,ZBRangeAttack,0
UNIT_CONSCRIPT_SWORDSMAN,7,kv,Firepower,1
UNIT_CONSCRIPT_SWORDSMAN,8,kv,Armor,1
UNIT_CONSCRIPT_SWORDSMAN,9,kv,MaxHP,9
UNIT_CONSCRIPT_SWORDSMAN,10,kv,ShieldCost,125
UNIT_CONSCRIPT_SWORDSMAN,11,kv,PowerPoints,70
UNIT_CONSCRIPT_SWORDSMAN,12,kv,ShieldHunger,2
UNIT_CONSCRIPT_SWORDSMAN,13,kv,FoodHunger,0
UNIT_CONSCRIPT_SWORDSMAN,14,kv,MaxMovePoints,100
UNIT_CONSCRIPT_SWORDSMAN,15,kv,VisionRange,1
UNIT_CONSCRIPT_SWORDSMAN,16,kv,EnableAdvance,ADVANCE_COPPER_SMELTING
UNIT_CONSCRIPT_SWORDSMAN,17,kv,ObsoleteAdvance,ADVANCE_CITIZENSHIP
UNIT_CONSCRIPT_SWORDSMAN,18,kv,ActiveDefenseRange,0
UNIT_CONSCRIPT_SWORDSMAN,19,flag,LossMoveToDmgNone,
UNIT_CONSCRIPT_SWORDSMAN,20,kv,MaxFuel,0
UNIT_CONSCRIPT_SWORDSMAN,21,flag,CanEntrench,
UNIT_CONSCRIPT_SWORDSMAN,22,flag,CanExpel,
UNIT_CONSCRIPT_SWORDSMAN,23,flag,CanPillage,
UNIT_CONSCRIPT_SWORDSMAN,24,flag,CanPirate,
UNIT_CONSCRIPT_SWORDSMAN,25,flag,ExertsMartialLaw,
UNIT_CONSCRIPT_SWORDSMAN,26,flag,DeathEffectsHappy,
UNIT_CONSCRIPT_SWORDSMAN,27,flag,BuildingRemovesAPop,
UNIT_CONSCRIPT_SWORDSMAN,28,flag,OnlyBuildOne,
UNIT_CONSCRIPT_SWORDSMAN,29,kv,SoundSelect1,SOUND_SELECT1_HOPLITE
UNIT_CONSCRIPT_SWORDSMAN,30,kv,SoundSelect2,SOUND_SELECT2_HOPLITE
UNIT_CONSCRIPT_SWORDSMAN,31,kv,SoundMove,SOUND_MOVE_HOPLITE
UNIT_CONSCRIPT_SWORDSMAN,32,kv,SoundAcknowledge,SOUND_ACKNOWLEDGE_HOPLITE
UNIT_CONSCRIPT_SWORDSMAN,33,kv,SoundCantMove,SOUND_CANTMOVE_HOPLITE
UNIT_CONSCRIPT_SWORDSMAN,34,kv,SoundAttack,SOUND_ATTACK_HOPLITE
UNIT_CONSCRIPT_SWORDSMAN,35,kv,SoundWork,SOUND_WORK_HOPLITE
UNIT_CONSCRIPT_SWORDSMAN,36,kv,SoundVictory,SOUND_VICTORY_HOPLITE
UNIT_CONSCRIPT_SWORDSMAN,37,kv,SoundDeath,SOUND_DEATH_HOPLITE
UNIT_CONSCRIPT_SWORDSMAN,38,sublist,CanAttack,Land
UNIT_CONSCRIPT_SWORDSMAN,39,sublist,CanAttack,Mountain
UNIT_CONSCRIPT_SWORDSMAN,40,sublist,CanSee,Standard
UNIT_CONSCRIPT_SWORDSMAN,41,sublist,MovementType,Land
UNIT_CONSCRIPT_SWORDSMAN,42,sublist,MovementType,Mountain
UNIT_CONSCRIPT_SWORDSMAN,43,sublist,Size,Medium
UNIT_CONSCRIPT_SWORDSMAN,44,sublist,VisionClass,Standard
UNIT_CONSCRIPT_SWORDSMAN,45,nested,CanReform,"[{""t"": ""kv"", ""k"": ""Sound"", ""v"": ""SOUND_ID_REFORM_CITY""}, {""t"": ""kv"", ""k"": ""Effect"", ""v"": ""SPECEFFECT_REFORMCITY""}]"
UNIT_CORACLE,0,kv,Description,DESCRIPTION_UNIT_GALLEY
UNIT_CORACLE,1,kv,DefaultIcon,ICON_UNIT_CORACLE
UNIT_CORACLE,2,kv,DefaultSprite,SPRITE_CORACLE
UNIT_CORACLE,3,kv,Category,UNIT_CATEGORY_NAVAL
UNIT_CORACLE,4,kv,Attack,5
UNIT_CORACLE,5,kv,Defense,10
UNIT_CORACLE,6,kv,ZBRangeAttack,0
UNIT_CORACLE,7,kv,Firepower,1
UNIT_CORACLE,8,kv,Armor,1
UNIT_CORACLE,9,kv,MaxHP,10
UNIT_CORACLE,10,kv,ShieldCost,140
UNIT_CORACLE,11,kv,PowerPoints,10
UNIT_CORACLE,12,kv,ShieldHunger,1
UNIT_CORACLE,13,kv,FoodHunger,0
UNIT_CORACLE,14,kv,MaxMovePoints,200
UNIT_CORACLE,15,kv,VisionRange,1
UNIT_CORACLE,16,kv,EnableAdvance,ADVANCE_SHIP_BUILDING
UNIT_CORACLE,17,kv,ObsoleteAdvance,ADVANCE_SAILS
UNIT_CORACLE,18,kv,ActiveDefenseRange,0
UNIT_CORACLE,19,flag,LossMoveToDmgNone,
UNIT_CORACLE,20,kv,MaxFuel,0
UNIT_CORACLE,21,flag,CanExpel,
UNIT_CORACLE,22,flag,CanPillage,
UNIT_CORACLE,23,flag,CanPirate,
UNIT_CORACLE,24,flag,CantCaptureCity,
UNIT_CORACLE,25,flag,DeathEffectsHappy,
UNIT_CORACLE,26,flag,WoodenShip,
UNIT_CORACLE,27,flag,OnlyBuildOne,
UNIT_CORACLE,28,kv,SoundSelect1,SOUND_SELECT1_GREEK_FIRE_TRIREME
UNIT_CORACLE,29,kv,SoundSelect2,SOUND_SELECT2_GREEK_FIRE_TRIREME
UNIT_CORACLE,30,kv,SoundMove,SOUND_MOVE_GREEK_FIRE_TRIREME
UNIT_CORACLE,31,kv,SoundAcknowledge,SOUND_ACKNOWLEDGE_GREEK_FIRE_TRIREME
UNIT_CORACLE,32,kv,SoundCantMove,SOUND_CANTMOVE_GREEK_FIRE_TRIREME
UNIT_CORACLE,33,kv,SoundAttack,SOUND_ATTACK_GREEK_FIRE_TRIREME
UNIT_CORACLE,34,kv,SoundWork,SOUND_WORK_GREEK_FIRE_TRIREME
UNIT_CORACLE,35,kv,SoundVictory,SOUND_VICTORY_GREEK_FIRE_TRIREME
UNIT_CORACLE,36,kv,SoundDeath,SOUND_DEATH_GREEK_FIRE_TRIREME
UNIT_CORACLE,37,sublist,CanAttack,Sea
UNIT_CORACLE,38,sublist,CanAttack,ShallowWater
UNIT_CORACLE,39,sublist,CanCarry,MedLand
UNIT_CORACLE,40,sublist,CanCarry,SmallLand
UNIT_CORACLE,41,sublist,CanSee,Standard
UNIT_CORACLE,42,sublist,MovementType,ShallowWater
UNIT_CORACLE,43,sublist,Size,Large
UNIT_CORACLE,44,sublist,VisionClass,Standard
UNIT_CORACLE,45,nested,CanReform,"[{""t"": ""kv"", ""k"": ""Sound"", ""v"": ""SOUND_ID_REFORM_CITY""}, {""t"": ""kv"", ""k"": ""Effect"", ""v"": ""SPECEFFECT_REFORMCITY""}]"
UNIT_CORACLE,46,nested,CargoData,"[{""t"": ""kv"", ""k"": ""MaxCargo"", ""v"": ""2""}, {""t"": ""kv"", ""k"": ""Load"", ""v"": ""SOUND_ID_TRIREME_LOAD""}, {""t"": ""kv"", ""k"": ""Unload"", ""v"": ""SOUND_ID_TRIREME_UNLOAD""}]"
UNIT_CORPORATE_BRANCH,0,kv,Description,DESCRIPTION_UNIT_CORPORATE_BRANCH
UNIT_CORPORATE_BRANCH,1,kv,DefaultIcon,ICON_UNIT_CORPORATE_BRANCH
UNIT_CORPORATE_BRANCH,2,kv,DefaultSprite,SPRITE_CORPORATE_BRANCH
UNIT_CORPORATE_BRANCH,3,kv,Category,UNIT_CATEGORY_SPECIAL
UNIT_CORPORATE_BRANCH,4,kv,Attack,0
UNIT_CORPORATE_BRANCH,5,kv,Defense,10
UNIT_CORPORATE_BRANCH,6,kv,ZBRangeAttack,0
UNIT_CORPORATE_BRANCH,7,kv,Firepower,1
UNIT_CORPORATE_BRANCH,8,kv,Armor,1
UNIT_CORPORATE_BRANCH,9,kv,MaxHP,10
UNIT_CORPORATE_BRANCH,10,kv,ShieldCost,2000
UNIT_CORPORATE_BRANCH,11,kv,PowerPoints,3
UNIT_CORPORATE_BRANCH,12,kv,ShieldHunger,23
UNIT_CORPORATE_BRANCH,13,kv,FoodHunger,0
UNIT_CORPORATE_BRANCH,14,kv,MaxMovePoints,300
UNIT_CORPORATE_BRANCH,15,kv,VisionRange,2
UNIT_CORPORATE_BRANCH,16,kv,EnableAdvance,ADVANCE_CORPORATION
UNIT_CORPORATE_BRANCH,17,kv,ActiveDefenseRange,0
UNIT_CORPORATE_BRANCH,18,flag,LossMoveToDmgNone,
UNIT_CORPORATE_BRANCH,19,flag,CanEntrench,
UNIT_CORPORATE_BRANCH,20,kv,MaxFuel,0
UNIT_CORPORATE_BRANCH,21,flag,IgnoreZOC,
UNIT_CORPORATE_BRANCH,22,flag,NoZoc,
UNIT_CORPORATE_BRANCH,23,flag,CanBeSued,
UNIT_CORPORATE_BRANCH,24,flag,CantCaptureCity,
UNIT_CORPORATE_BRANCH,25,flag,DeathEffectsHappy,
UNIT_CORPORATE_BRANCH,26,flag,Advertise,
UNIT_CORPORATE_BRANCH,27,flag,IsSpecialForces,
UNIT_CORPORATE_BRANCH,28,flag,Civilian,
UNIT_CORPORATE_BRANCH,29,flag,OnlyBuildOne,
UNIT_CORPORATE_BRANCH,30,kv,SoundSelect1,SOUND_SELECT1_CORPORATE_BRANCH
UNIT_CORPORATE_BRANCH,31,kv,SoundSelect2,SOUND_SELECT2_CORPORATE_BRANCH
UNIT_CORPORATE_BRANCH,32,kv,SoundMove,SOUND_MOVE_CORPORATE_BRANCH
UNIT_CORPORATE_BRANCH,33,kv,SoundAcknowledge,SOUND_ACKNOWLEDGE_CORPORATE_BRANCH
UNIT_CORPORATE_BRANCH,34,kv,SoundCantMove,SOUND_CANTMOVE_CORPORATE_BRANCH
UNIT_CORPORATE_BRANCH,35,kv,SoundAttack,SOUND_ATTACK_CORPORATE_BRANCH
UNIT_CORPORATE_BRANCH,36,kv,SoundWork,SOUND_WORK_CORPORATE_BRANCH
UNIT_CORPORATE_BRANCH,37,kv,SoundVictory,SOUND_VICTORY_CORPORATE_BRANCH
UNIT_CORPORATE_BRANCH,38,kv,SoundDeath,SOUND_DEATH_CORPORATE_BRANCH
UNIT_CORPORATE_BRANCH,39,sublist,CanSee,Standard
UNIT_CORPORATE_BRANCH,40,sublist,CanSee,Stealth
UNIT_CORPORATE_BRANCH,41,sublist,MovementType,Land
UNIT_CORPORATE_BRANCH,42,sublist,MovementType,Mountain
UNIT_CORPORATE_BRANCH,43,sublist,Size,Small
UNIT_CORPORATE_BRANCH,44,sublist,VisionClass,Stealth
UNIT_CORPORATE_BRANCH,45,nested,CauseUnhappiness,"[{""t"": ""kv"", ""k"": ""Chance"", ""v"": ""1""}, {""t"": ""kv"", ""k"": ""Timer"", ""v"": ""1""}, {""t"": ""kv"", ""k"": ""Amount"", ""v"": ""5""}, {""t"": ""kv"", ""k"": ""Sound"", ""v"": ""SOUND_ID_ADVERTISE""}, {""t"": ""kv"", ""k"": ""Effect"", ""v"": ""SPECEFFECT_ADVERTISE""}]"
UNIT_CORPORATE_BRANCH,46,nested,CreateFranchise,"[{""t"": ""kv"", ""k"": ""Chance"", ""v"": ""0.75""}, {""t"": ""kv"", ""k"": ""Sound"", ""v"": ""SOUND_ID_CREATE_FRANCHISE""}, {""t"": ""kv"", ""k"": ""Effect"", ""v"": ""SPECEFFECT_CREATE_FRANCHISE""}]"
UNIT_CRAWLER,0,kv,Description,DESCRIPTION_UNIT_CRAWLER
UNIT_CRAWLER,1,kv,DefaultIcon,ICON_UNIT_CRAWLER
UNIT_CRAWLER,2,kv,DefaultSprite,SPRITE_CRAWLER
UNIT_CRAWLER,3,kv,Category,UNIT_CATEGORY_UNDERSEA
UNIT_CRAWLER,4,kv,Attack,0
UNIT_CRAWLER,5,kv,Defense,10
UNIT_CRAWLER,6,kv,ZBRangeAttack,0
UNIT_CRAWLER,7,kv,Firepower,1
UNIT_CRAWLER,8,kv,Armor,2
UNIT_CRAWLER,9,kv,MaxHP,20
UNIT_CRAWLER,10,kv,ShieldCost,5000
UNIT_CRAWLER,11,kv,PowerPoints,20
UNIT_CRAWLER,12,kv,ShieldHunger,55
UNIT_CRAWLER,13,kv,FoodHunger,0
UNIT_CRAWLER,14,kv,MaxMovePoints,600
UNIT_CRAWLER,15,kv,VisionRange,3
UNIT_CRAWLER,16,kv,EnableAdvance,ADVANCE_ULTRAPRESSURE_MACHINERY
UNIT_CRAWLER,17,kv,ActiveDefenseRange,0
UNIT_CRAWLER,18,flag,LossMoveToDmgNone,
UNIT_CRAWLER,19,kv,MaxFuel,0
UNIT_CRAWLER,20,flag,IgnoreZOC,
UNIT_CRAWLER,21,flag,NoZoc,
UNIT_CRAWLER,22,flag,CantCaptureCity,
UNIT_CRAWLER,23,flag,DeathEffectsHappy,
UNIT_CRAWLER,24,flag,IsSubmarine,
UNIT_CRAWLER,25,flag,Explodes,
UNIT_CRAWLER,26,flag,OnlyBuildOne,
UNIT_CRAWLER,27,kv,SoundSelect1,SOUND_SELECT1_CRAWLER
UNIT_CRAWLER,28,kv,SoundSelect2,SOUND_SELECT2_CRAWLER
UNIT_CRAWLER,29,kv,SoundMove,SOUND_MOVE_CRAWLER
UNIT_CRAWLER,30,kv,SoundAcknowledge,SOUND_ACKNOWLEDGE_CRAWLER
UNIT_CRAWLER,31,kv,SoundCantMove,SOUND_CANTMOVE_CRAWLER
UNIT_CRAWLER,32,kv,SoundAttack,SOUND_ATTACK_CRAWLER
UNIT_CRAWLER,33,kv,SoundWork,SOUND_WORK_CRAWLER
UNIT_CRAWLER,34,kv,SoundVictory,SOUND_VICTORY_CRAWLER
UNIT_CRAWLER,35,kv,SoundDeath,SOUND_DEATH_CRAWLER
UNIT_CRAWLER,36,sublist,CanCarry,MedLand
UNIT_CRAWLER,37,sublist,CanCarry,SmallLand
UNIT_CRAWLER,38,sublist,CanSee,Standard
UNIT_CRAWLER,39,sublist,CanSee,Underwater
UNIT_CRAWLER,40,sublist,MovementType,Sea
UNIT_CRAWLER,41,sublist,MovementType,ShallowWater
UNIT_CRAWLER,42,sublist,Size,Large
UNIT_CRAWLER,43,sublist,VisionClass,Underwater
UNIT_CRAWLER,44,nested,CargoData,"[{""t"": ""kv"", ""k"": ""MaxCargo"", ""v"": ""5""}, {""t"": ""kv"", ""k"": ""Load"", ""v"": ""SOUND_ID_CRAWLER_LOAD""}, {""t"": ""kv"", ""k"": ""Unload"", ""v"": ""SOUND_ID_CRAWLER_UNLOAD""}]"
UNIT_CROSSBOWMAN,0,kv,Description,DESCRIPTION_UNIT_ARCHER
UNIT_CROSSBOWMAN,1,kv,DefaultIcon,ICON_UNIT_CROSSBOWMAN
UNIT_CROSSBOWMAN,2,kv,DefaultSprite,SPRITE_CROSSBOWMAN
UNIT_CROSSBOWMAN,3,kv,Category,UNIT_CATEGORY_RANGED
UNIT_CROSSBOWMAN,4,kv,Attack,10
UNIT_CROSSBOWMAN,5,kv,Defense,15
UNIT_CROSSBOWMAN,6,kv,ZBRangeAttack,40
UNIT_CROSSBOWMAN,7,kv,Firepower,2
UNIT_CROSSBOWMAN,8,kv,Armor,1
UNIT_CROSSBOWMAN,9,kv,MaxHP,12
UNIT_CROSSBOWMAN,10,kv,ShieldCost,800
UNIT_CROSSBOWMAN,11,kv,PowerPoints,50
UNIT_CROSSBOWMAN,12,kv,ShieldHunger,9
UNIT_CROSSBOWMAN,13,kv,FoodHunger,0
UNIT_CROSSBOWMAN,14,kv,MaxMovePoints,100
UNIT_CROSSBOWMAN,15,kv,VisionRange,2
UNIT_CROSSBOWMAN,16,kv,EnableAdvance,ADVANCE_CROSSBOW
UNIT_CROSSBOWMAN,17,kv,ObsoleteAdvance,ADVANCE_CANNON_MAKING
UNIT_CROSSBOWMAN,18,kv,BombRounds,2
UNIT_CROSSBOWMAN,19,kv,BombardRange,1
UNIT_CROSSBOWMAN,20,flag,CanCounterBombard,
UNIT_CROSSBOWMAN,21,kv,ActiveDefenseRange,0
UNIT_CROSSBOWMAN,22,flag,LossMoveToDmgNone,
UNIT_CROSSBOWMAN,23,kv,MaxFuel,0
UNIT_CROSSBOWMAN,24,flag,CanEntrench,
UNIT_CROSSBOWMAN,25,flag,CanExpel,
UNIT_CROSSBOWMAN,26,flag,CanPillage,
UNIT_CROSSBOWMAN,27,flag,CanPirate,
UNIT_CROSSBOWMAN,28,flag,ExertsMartialLaw,
UNIT_CROSSBOWMAN,29,flag,DeathEffectsHappy,
UNIT_CROSSBOWMAN,30,flag,OnlyBuildOne,
UNIT_CROSSBOWMAN,31,kv,SoundSelect1,SOUND_SELECT1_ARCHER
UNIT_CROSSBOWMAN,32,kv,SoundSelect2,SOUND_SELECT2_ARCHER
UNIT_CROSSBOWMAN,33,kv,SoundMove,SOUND_MOVE_ARCHER
UNIT_CROSSBOWMAN,34,kv,SoundAcknowledge,SOUND_ACKNOWLEDGE_ARCHER
UNIT_CROSSBOWMAN,35,kv,SoundCantMove,SOUND_CANTMOVE_ARCHER
UNIT_CROSSBOWMAN,36,kv,SoundAttack,SOUND_ATTACK_ARCHER
UNIT_CROSSBOWMAN,37,kv,SoundWork,SOUND_WORK_ARCHER
UNIT_CROSSBOWMAN,38,kv,SoundVictory,SOUND_VICTORY_ARCHER
UNIT_CROSSBOWMAN,39,kv,SoundDeath,SOUND_DEATH_ARCHER
UNIT_CROSSBOWMAN,40,sublist,CanAttack,Land
UNIT_CROSSBOWMAN,41,sublist,CanBombard,Land
UNIT_CROSSBOWMAN,42,sublist,CanAttack,Mountain
UNIT_CROSSBOWMAN,43,sublist,CanSee,Standard
UNIT_CROSSBOWMAN,44,sublist,MovementType,Land
UNIT_CROSSBOWMAN,45,sublist,MovementType,Mountain
UNIT_CROSSBOWMAN,46,sublist,Size,Medium
UNIT_CROSSBOWMAN,47,sublist,VisionClass,Standard
UNIT_CROSSBOWMAN,48,nested,CanReform,"[{""t"": ""kv"", ""k"": ""Sound"", ""v"": ""SOUND_ID_REFORM_CITY""}, {""t"": ""kv"", ""k"": ""Effect"", ""v"": ""SPECEFFECT_REFORMCITY""}]"
UNIT_CRUISE_MISSILE,0,kv,Description,DESCRIPTION_UNIT_CRUISE_MISSILE
UNIT_CRUISE_MISSILE,1,kv,DefaultIcon,ICON_UNIT_CRUISE_MISSILE
UNIT_CRUISE_MISSILE,2,kv,DefaultSprite,SPRITE_CRUISE_MISSILE
UNIT_CRUISE_MISSILE,3,kv,Category,UNIT_CATEGORY_AERIAL
UNIT_CRUISE_MISSILE,4,kv,Attack,65
UNIT_CRUISE_MISSILE,5,kv,Defense,10
UNIT_CRUISE_MISSILE,6,kv,ZBRangeAttack,90
UNIT_CRUISE_MISSILE,7,kv,Firepower,4
UNIT_CRUISE_MISSILE,8,kv,Armor,1
UNIT_CRUISE_MISSILE,9,kv,MaxHP,10
UNIT_CRUISE_MISSILE,10,kv,ShieldCost,2400
UNIT_CRUISE_MISSILE,11,kv,PowerPoints,39
UNIT_CRUISE_MISSILE,12,kv,ShieldHunger,28
UNIT_CRUISE_MISSILE,13,kv,FoodHunger,0
UNIT_CRUISE_MISSILE,14,kv,MaxMovePoints,1000
UNIT_CRUISE_MISSILE,15,kv,VisionRange,2
UNIT_CRUISE_MISSILE,16,kv,EnableAdvance,ADVANCE_GUIDED_WEAPON_SYSTEMS
UNIT_CRUISE_MISSILE,17,kv,BombRounds,10
UNIT_CRUISE_MISSILE,18,kv,BombardRange,1
UNIT_CRUISE_MISSILE,19,kv,ActiveDefenseRange,0
UNIT_CRUISE_MISSILE,20,flag,LossMoveToDmgNone,
UNIT_CRUISE_MISSILE,21,flag,NoFuelThenCrash,
UNIT_CRUISE_MISSILE,22,kv,MaxFuel,1000
UNIT_CRUISE_MISSILE,23,flag,IgnoreZOC,
UNIT_CRUISE_MISSILE,24,flag,NoZoc,
UNIT_CRUISE_MISSILE,25,flag,CanBeachAssault,
UNIT_CRUISE_MISSILE,26,flag,CantCaptureCity,
UNIT_CRUISE_MISSILE,27,flag,SingleUse,
UNIT_CRUISE_MISSILE,28,flag,Explodes,
UNIT_CRUISE_MISSILE,29,flag,OnlyBuildOne,
UNIT_CRUISE_MISSILE,30,kv,SoundSelect1,SOUND_SELECT1_CRUISE_MISSILE
UNIT_CRUISE_MISSILE,31,kv,SoundSelect2,SOUND_SELECT2_CRUISE_MISSILE
UNIT_CRUISE_MISSILE,32,kv,SoundMove,SOUND_MOVE_CRUISE_MISSILE
UNIT_CRUISE_MISSILE,33,kv,SoundAcknowledge,SOUND_ACKNOWLEDGE_CRUISE_MISSILE
UNIT_CRUISE_MISSILE,34,kv,SoundCantMove,SOUND_CANTMOVE_CRUISE_MISSILE
UNIT_CRUISE_MISSILE,35,kv,SoundAttack,SOUND_ATTACK_CRUISE_MISSILE
UNIT_CRUISE_MISSILE,36,kv,SoundWork,SOUND_WORK_CRUISE_MISSILE
UNIT_CRUISE_MISSILE,37,kv,SoundVictory,SOUND_VICTORY_CRUISE_MISSILE
UNIT_CRUISE_MISSILE,38,kv,SoundDeath,SOUND_DEATH_CRUISE_MISSILE
UNIT_CRUISE_MISSILE,39,sublist,CanAttack,Land
UNIT_CRUISE_MISSILE,40,sublist,CanAttack,Mountain
UNIT_CRUISE_MISSILE,41,sublist,CanAttack,Air
UNIT_CRUISE_MISSILE,42,sublist,CanAttack,Sea
UNIT_CRUISE_MISSILE,43,sublist,CanAttack,ShallowWater
UNIT_CRUISE_MISSILE,44,sublist,CanSee,Standard
UNIT_CRUISE_MISSILE,45,sublist,MovementType,Air
UNIT_CRUISE_MISSILE,46,sublist,Size,Small
UNIT_CRUISE_MISSILE,47,sublist,VisionClass,Standard
UNIT_CYBER_NINJA,0,kv,Description,DESCRIPTION_UNIT_CYBER_NINJA
UNIT_CYBER_NINJA,1,kv,DefaultIcon,ICON_UNIT_CYBER_NINJA
UNIT_CYBER_NINJA,2,kv,DefaultSprite,SPRITE_CYBER_NINJA
UNIT_CYBER_NINJA,3,kv,Category,UNIT_CATEGORY_SPECIAL
UNIT_CYBER_NINJA,4,kv,Attack,0
UNIT_CYBER_NINJA,5,kv,Defense,10
UNIT_CYBER_NINJA,6,kv,ZBRangeAttack,0
UNIT_CYBER_NINJA,7,kv,Firepower,1
UNIT_CYBER_NINJA,8,kv,Armor,1
UNIT_CYBER_NINJA,9,kv,MaxHP,15
UNIT_CYBER_NINJA,10,kv,ShieldCost,3600
UNIT_CYBER_NINJA,11,kv,PowerPoints,3
UNIT_CYBER_NINJA,12,kv,ShieldHunger,40
UNIT_CYBER_NINJA,13,kv,FoodHunger,0
UNIT_CYBER_NINJA,14,kv,MaxMovePoints,400
UNIT_CYBER_NINJA,15,kv,VisionRange,3
UNIT_CYBER_NINJA,16,kv,EnableAdvance,ADVANCE_NEURAL_INTERFACE
UNIT_CYBER_NINJA,17,kv,ActiveDefenseRange,0
UNIT_CYBER_NINJA,18,flag,LossMoveToDmgNone,
UNIT_CYBER_NINJA,19,kv,MaxFuel,0
UNIT_CYBER_NINJA,20,flag,CanEntrench,
UNIT_CYBER_NINJA,21,flag,IgnoreZOC,
UNIT_CYBER_NINJA,22,flag,NoZoc,
UNIT_CYBER_NINJA,23,flag,CanBeExpelled,
UNIT_CYBER_NINJA,24,flag,CantCaptureCity,
UNIT_CYBER_NINJA,25,flag,IsSpecialForces,
UNIT_CYBER_NINJA,26,kv,DefendAgainstSpies,0.5
UNIT_CYBER_NINJA,27,flag,OnlyBuildOne,
UNIT_CYBER_NINJA,28,kv,SoundSelect1,SOUND_SELECT1_CYBER_NINJA
UNIT_CYBER_NINJA,29,kv,SoundSelect2,SOUND_SELECT2_CYBER_NINJA
UNIT_CYBER_NINJA,30,kv,SoundMove,SOUND_MOVE_CYBER_NINJA
UNIT_CYBER_NINJA,31,kv,SoundAcknowledge,SOUND_ACKNOWLEDGE_CYBER_NINJA
UNIT_CYBER_NINJA,32,kv,SoundCantMove,SOUND_CANTMOVE_CYBER_NINJA
UNIT_CYBER_NINJA,33,kv,SoundAttack,SOUND_ATTACK_CYBER_NINJA
UNIT_CYBER_NINJA,34,kv,SoundWork,SOUND_WORK_CYBER_NINJA
UNIT_CYBER_NINJA,35,kv,SoundVictory,SOUND_VICTORY_CYBER_NINJA
UNIT_CYBER_NINJA,36,kv,SoundDeath,SOUND_DEATH_CYBER_NINJA
UNIT_CYBER_NINJA,37,sublist,CanAttack,Land
UNIT_CYBER_NINJA,38,sublist,CanAttack,Mountain
UNIT_CYBER_NINJA,39,sublist,CanSee,Standard
UNIT_CYBER_NINJA,40,sublist,CanSee,Stealth
UNIT_CYBER_NINJA,41,sublist,MovementType,Land
UNIT_CYBER_NINJA,42,sublist,MovementType,Mountain
UNIT_CYBER_NINJA,43,sublist,Size,Small
UNIT_CYBER_NINJA,44,sublist,VisionClass,Stealth
UNIT_CYBER_NINJA,45,nested,InciteRevolution,"[{""t"": ""kv"", ""k"": ""Chance"", ""v"": ""0.35""}, {""t"": ""kv"", ""k"": ""EliteChance"", ""v"": ""0.5""}, {""t"": ""kv"", ""k"": ""DeathChance"", ""v"": ""0.25""}, {""t"": ""kv"", ""k"": ""Sound"", ""v"": ""SOUND_ID_INCITE_REVOLUTION_CN""}, {""t"": ""kv"", ""k"": ""Effect"", ""v"": ""SPECEFFECT_INCITE_REVOLUTION""}]"
UNIT_CYBER_NINJA,46,nested,InvestigateCity,"[{""t"": ""kv"", ""k"": ""Chance"", ""v"": ""0.85""}, {""t"": ""kv"", ""k"": ""EliteChance"", ""v"": ""0.9""}, {""t"": ""kv"", ""k"": ""DeathChance"", ""v"": ""0.25""}]"
UNIT_CYBER_NINJA,47,nested,PlantNuke,"[{""t"": ""kv"", ""k"": ""Chance"", ""v"": ""0.35""}, {""t"": ""kv"", ""k"": ""EscapeChance"", ""v"": ""0.5""}, {""t"": ""kv"", ""k"": ""Sound"", ""v"": ""SOUND_ID_PLANT_NUKE_CN""}, {""t"": ""kv"", ""k"": ""Effect"", ""v"": ""SPECEFFECT_PLANT_NUKE""}]"
UNIT_CYBER_NINJA,48,nested,StealTechnology,"[{""t"": ""kv"", ""k"": ""RandomChance"", ""v"": ""0.6""}, {""t"": ""kv"", ""k"": ""SpecificChance"", ""v"": ""0.25""}, {""t"": ""kv"", ""k"": ""DeathChance"", ""v"": ""0.25""}, {""t"": ""kv"", ""k"": ""Sound"", ""v"": ""SOUND_ID_STEAL_TECHNOLOGY_CN""}, {""t"": ""kv"", ""k"": ""Effect"", ""v"": ""SPECEFFECT_STEAL_TECHNOLOGY""}]"
UNIT_DESTROYER,0,kv,Description,DESCRIPTION_UNIT_DESTROYER
UNIT_DESTROYER,1,kv,DefaultIcon,ICON_UNIT_DESTROYER
UNIT_DESTROYER,2,kv,DefaultSprite,SPRITE_DESTROYER
UNIT_DESTROYER,3,kv,Category,UNIT_CATEGORY_NAVAL
UNIT_DESTROYER,4,kv,Attack,55
UNIT_DESTROYER,5,kv,Defense,45
UNIT_DESTROYER,6,kv,ZBRangeAttack,50
UNIT_DESTROYER,7,kv,Firepower,4
UNIT_DESTROYER,8,kv,Armor,2
UNIT_DESTROYER,9,kv,MaxHP,20
UNIT_DESTROYER,10,kv,ShieldCost,3000
UNIT_DESTROYER,11,kv,PowerPoints,12
UNIT_DESTROYER,12,kv,ShieldHunger,35
UNIT_DESTROYER,13,kv,FoodHunger,0
UNIT_DESTROYER,14,kv,MaxMovePoints,800
UNIT_DESTROYER,15,kv,VisionRange,3
UNIT_DESTROYER,16,kv,EnableAdvance,ADVANCE_MASS_PRODUCTION
UNIT_DESTROYER,17,kv,ObsoleteAdvance,ADVANCE_PLASMA_WEAPONRY
UNIT_DESTROYER,18,kv,BombRounds,5
UNIT_DESTROYER,19,kv,BombardRange,1
UNIT_DESTROYER,20,flag,CanCounterBombard,
UNIT_DESTROYER,21,kv,ActiveDefenseRange,1
UNIT_DESTROYER,22,flag,LossMoveToDmgNone,
UNIT_DESTROYER,23,kv,MaxFuel,0
UNIT_DESTROYER,24,flag,CanExpel,
UNIT_DESTROYER,25,flag,CanPillage,
UNIT_DESTROYER,26,flag,CanPirate,
UNIT_DESTROYER,27,flag,CantCaptureCity,
UNIT_DESTROYER,28,flag,ExertsMartialLaw,
UNIT_DESTROYER,29,flag,DeathEffectsHappy,
UNIT_DESTROYER,30,flag,IsFlanker,
UNIT_DESTROYER,31,flag,Explodes,
UNIT_DESTROYER,32,flag,OnlyBuildOne,
UNIT_DESTROYER,33,kv,SoundSelect1,SOUND_SELECT1_DESTROYER
UNIT_DESTROYER,34,kv,SoundSelect2,SOUND_SELECT2_DESTROYER
UNIT_DESTROYER,35,kv,SoundMove,SOUND_MOVE_DESTROYER
UNIT_DESTROYER,36,kv,SoundAcknowledge,SOUND_ACKNOWLEDGE_DESTROYER
UNIT_DESTROYER,37,kv,SoundCantMove,SOUND_CANTMOVE_DESTROYER
UNIT_DESTROYER,38,kv,SoundAttack,SOUND_ATTACK_DESTROYER
UNIT_DESTROYER,39,kv,SoundWork,SOUND_WORK_DESTROYER
UNIT_DESTROYER,40,kv,SoundVictory,SOUND_VICTORY_DESTROYER
UNIT_DESTROYER,41,kv,SoundDeath,SOUND_DEATH_DESTROYER
UNIT_DESTROYER,42,sublist,CanAttack,Air
UNIT_DESTROYER,43,sublist,CanAttack,Sea
UNIT_DESTROYER,44,sublist,CanAttack,ShallowWater
UNIT_DESTROYER,45,sublist,CanBombard,Land
UNIT_DESTROYER,46,sublist,CanBombard,Mountain
UNIT_DESTROYER,47,sublist,CanBombard,Air
UNIT_DESTROYER,48,sublist,CanBombard,Water
UNIT_DESTROYER,49,sublist,CanSee,Standard
UNIT_DESTROYER,50,sublist,MovementType,Sea
UNIT_DESTROYER,51,sublist,MovementType,ShallowWater
UNIT_DESTROYER,52,sublist,Size,Large
UNIT_DESTROYER,53,sublist,VisionClass,Standard
UNIT_DESTROYER,54,nested,CanReform,"[{""t"": ""kv"", ""k"": ""Sound"", ""v"": ""SOUND_ID_REFORM_CITY""}, {""t"": ""kv"", ""k"": ""Effect"", ""v"": ""SPECEFFECT_REFORMCITY""}]"
UNIT_DIPLOMAT,0,kv,Description,DESCRIPTION_UNIT_DIPLOMAT
UNIT_DIPLOMAT,1,kv,DefaultIcon,ICON_UNIT_DIPLOMAT
UNIT_DIPLOMAT,2,kv,DefaultSprite,SPRITE_DIPLOMAT
UNIT_DIPLOMAT,3,kv,Category,UNIT_CATEGORY_SPECIAL
UNIT_DIPLOMAT,4,kv,Attack,0
UNIT_DIPLOMAT,5,kv,Defense,10
UNIT_DIPLOMAT,6,kv,ZBRangeAttack,0
UNIT_DIPLOMAT,7,kv,Firepower,1
UNIT_DIPLOMAT,8,kv,Armor,1
UNIT_DIPLOMAT,9,kv,MaxHP,10
UNIT_DIPLOMAT,10,kv,ShieldCost,395
UNIT_DIPLOMAT,11,kv,PowerPoints,3
UNIT_DIPLOMAT,12,kv,ShieldHunger,5
UNIT_DIPLOMAT,13,kv,FoodHunger,0
UNIT_DIPLOMAT,14,kv,MaxMovePoints,200
UNIT_DIPLOMAT,15,kv,VisionRange,2
UNIT_DIPLOMAT,16,kv,EnableAdvance,ADVANCE_DYNASTY
UNIT_DIPLOMAT,17,kv,ObsoleteAdvance,ADVANCE_EUGENICS
UNIT_DIPLOMAT,18,kv,ActiveDefenseRange,0
UNIT_DIPLOMAT,19,flag,LossMoveToDmgNone,
UNIT_DIPLOMAT,20,kv,MaxFuel,0
UNIT_DIPLOMAT,21,flag,CanEntrench,
UNIT_DIPLOMAT,22,flag,IgnoreZOC,
UNIT_DIPLOMAT,23,flag,NoZoc,
UNIT_DIPLOMAT,24,flag,CanBeExpelled,
UNIT_DIPLOMAT,25,flag,CantCaptureCity,
UNIT_DIPLOMAT,26,flag,EstablishEmbassy,
UNIT_DIPLOMAT,27,flag,ThrowParty,
UNIT_DIPLOMAT,28,flag,DeathEffectsHappy,
UNIT_DIPLOMAT,29,flag,IsSpecialForces,
UNIT_DIPLOMAT,30,flag,Civilian,
UNIT_DIPLOMAT,31,flag,OnlyBuildOne,
UNIT_DIPLOMAT,32,kv,SoundSelect1,SOUND_SELECT1_DIPLOMAT
UNIT_DIPLOMAT,33,kv,SoundSelect2,SOUND_SELECT2_DIPLOMAT
UNIT_DIPLOMAT,34,kv,SoundMove,SOUND_MOVE_DIPLOMAT
UNIT_DIPLOMAT,35,kv,SoundAcknowledge,SOUND_ACKNOWLEDGE_DIPLOMAT
UNIT_DIPLOMAT,36,kv,SoundCantMove,SOUND_CANTMOVE_DIPLOMAT
UNIT_DIPLOMAT,37,kv,SoundAttack,SOUND_ATTACK_DIPLOMAT
UNIT_DIPLOMAT,38,kv,SoundWork,SOUND_WORK_DIPLOMAT
UNIT_DIPLOMAT,39,kv,SoundVictory,SOUND_VICTORY_DIPLOMAT
UNIT_DIPLOMAT,40,kv,SoundDeath,SOUND_DEATH_DIPLOMAT
UNIT_DIPLOMAT,41,sublist,CanSee,Standard
UNIT_DIPLOMAT,42,sublist,CanSee,Stealth
UNIT_DIPLOMAT,43,sublist,MovementType,Land
UNIT_DIPLOMAT,44,sublist,MovementType,Mountain
UNIT_DIPLOMAT,45,sublist,Size,Small
UNIT_DIPLOMAT,46,sublist,VisionClass,Standard
UNIT_DIPLOMAT,47,nested,InvestigateCity,"[{""t"": ""kv"", ""k"": ""Chance"", ""v"": ""0.3""}, {""t"": ""kv"", ""k"": ""EliteChance"", ""v"": ""0.5""}, {""t"": ""kv"", ""k"": ""DeathChance"", ""v"": ""0.3""}]"
UNIT_DIVE_BOMBER,0,kv,Description,DESCRIPTION_UNIT_BOMBER
UNIT_DIVE_BOMBER,1,kv,DefaultIcon,ICON_UNIT_DIVE_BOMBER
UNIT_DIVE_BOMBER,2,kv,DefaultSprite,SPRITE_DIVE_BOMBER
UNIT_DIVE_BOMBER,3,kv,Category,UNIT_CATEGORY_AERIAL
UNIT_DIVE_BOMBER,4,kv,Attack,30
UNIT_DIVE_BOMBER,5,kv,Defense,30
UNIT_DIVE_BOMBER,6,kv,ZBRangeAttack,50
UNIT_DIVE_BOMBER,7,kv,Firepower,3
UNIT_DIVE_BOMBER,8,kv,Armor,2
UNIT_DIVE_BOMBER,9,kv,MaxHP,15
UNIT_DIVE_BOMBER,10,kv,ShieldCost,3000
UNIT_DIVE_BOMBER,11,kv,PowerPoints,31
UNIT_DIVE_BOMBER,12,kv,ShieldHunger,33
UNIT_DIVE_BOMBER,13,kv,FoodHunger,0
UNIT_DIVE_BOMBER,14,kv,MaxMovePoints,1000
UNIT_DIVE_BOMBER,15,kv,VisionRange,2
UNIT_DIVE_BOMBER,16,kv,EnableAdvance,ADVANCE_AERODYNAMICS
UNIT_DIVE_BOMBER,17,kv,ObsoleteAdvance,ADVANCE_JET_PROPULSION
UNIT_DIVE_BOMBER,18,kv,BombRounds,5
UNIT_DIVE_BOMBER,19,kv,BombardRange,1
UNIT_DIVE_BOMBER,20,flag,CanCounterBombard,
UNIT_DIVE_BOMBER,21,kv,ActiveDefenseRange,0
UNIT_DIVE_BOMBER,22,flag,EnableCarrierDefenses,
UNIT_DIVE_BOMBER,23,flag,LossMoveToDmgNone,
UNIT_DIVE_BOMBER,24,flag,NoFuelThenCrash,
UNIT_DIVE_BOMBER,25,kv,MaxFuel,4000
UNIT_DIVE_BOMBER,26,flag,IgnoreZOC,
UNIT_DIVE_BOMBER,27,flag,NoZoc,
UNIT_DIVE_BOMBER,28,flag,CantCaptureCity,
UNIT_DIVE_BOMBER,29,flag,DeathEffectsHappy,
UNIT_DIVE_BOMBER,30,flag,BonusAgainstMounted,
UNIT_DIVE_BOMBER,31,kv,MountedBonus,0.50
UNIT_DIVE_BOMBER,32,flag,Explodes,
UNIT_DIVE_BOMBER,33,flag,OnlyBuildOne,
UNIT_DIVE_BOMBER,34,kv,SoundSelect1,SOUND_SELECT1_BOMBER
UNIT_DIVE_BOMBER,35,kv,SoundSelect2,SOUND_SELECT2_BOMBER
UNIT_DIVE_BOMBER,36,kv,SoundMove,SOUND_MOVE_BOMBER
UNIT_DIVE_BOMBER,37,kv,SoundAcknowledge,SOUND_ACKNOWLEDGE_BOMBER
UNIT_DIVE_BOMBER,38,kv,SoundCantMove,SOUND_CANTMOVE_BOMBER
UNIT_DIVE_BOMBER,39,kv,SoundAttack,SOUND_ATTACK_BOMBER
UNIT_DIVE_BOMBER,40,kv,SoundWork,SOUND_WORK_BOMBER
UNIT_DIVE_BOMBER,41,kv,SoundVictory,SOUND_VICTORY_BOMBER
UNIT_DIVE_BOMBER,42,kv,SoundDeath,SOUND_DEATH_BOMBER
UNIT_DIVE_BOMBER,43,sublist,CanAttack,Air
UNIT_DIVE_BOMBER,44,sublist,CanAttack,Land
UNIT_DIVE_BOMBER,45,sublist,CanAttack,Mountain
UNIT_DIVE_BOMBER,46,sublist,CanAttack,Sea
UNIT_DIVE_BOMBER,47,sublist,CanAttack,ShallowWater
UNIT_DIVE_BOMBER,48,sublist,CanBombard,Land
UNIT_DIVE_BOMBER,49,sublist,CanBombard,Mountain
UNIT_DIVE_BOMBER,50,sublist,CanBombard,Water
UNIT_DIVE_BOMBER,51,sublist,CanCarry,SmallAir
UNIT_DIVE_BOMBER,52,sublist,CanSee,Standard
UNIT_DIVE_BOMBER,53,sublist,MovementType,Air
UNIT_DIVE_BOMBER,54,sublist,Size,Medium
UNIT_DIVE_BOMBER,55,sublist,VisionClass,Standard
UNIT_DIVE_BOMBER,56,nested,CargoData,"[{""t"": ""kv"", ""k"": ""MaxCargo"", ""v"": ""1""}, {""t"": ""kv"", ""k"": ""Load"", ""v"": ""SOUND_ID_BOMBER_LOAD""}, {""t"": ""kv"", ""k"": ""Unload"", ""v"": ""SOUND_ID_BOMBER_UNLOAD""}]"
UNIT_DREADNAUGHT,0,kv,Description,DESCRIPTION_UNIT_BATTLESHIP
UNIT_DREADNAUGHT,1,kv,DefaultIcon,ICON_UNIT_DREADNAUGHT
UNIT_DREADNAUGHT,2,kv,DefaultSprite,SPRITE_DREADNAUGHT
UNIT_DREADNAUGHT,3,kv,Category,UNIT_CATEGORY_NAVAL
UNIT_DREADNAUGHT,4,kv,Attack,55
UNIT_DREADNAUGHT,5,kv,Defense,45
UNIT_DREADNAUGHT,6,kv,ZBRangeAttack,50
UNIT_DREADNAUGHT,7,kv,Firepower,3
UNIT_DREADNAUGHT,8,kv,Armor,3
UNIT_DREADNAUGHT,9,kv,MaxHP,20
UNIT_DREADNAUGHT,10,kv,ShieldCost,3600
UNIT_DREADNAUGHT,11,kv,PowerPoints,12
UNIT_DREADNAUGHT,12,kv,ShieldHunger,40
UNIT_DREADNAUGHT,13,kv,FoodHunger,0
UNIT_DREADNAUGHT,14,kv,MaxMovePoints,500
UNIT_DREADNAUGHT,15,kv,VisionRange,3
UNIT_DREADNAUGHT,16,kv,EnableAdvance,ADVANCE_STEEL
UNIT_DREADNAUGHT,17,kv,ObsoleteAdvance,ADVANCE_ADV_NAVAL_TACTICS
UNIT_DREADNAUGHT,18,kv,BombRounds,5
UNIT_DREADNAUGHT,19,kv,BombardRange,1
UNIT_DREADNAUGHT,20,flag,CanCounterBombard,
UNIT_DREADNAUGHT,21,kv,ActiveDefenseRange,0
UNIT_DREADNAUGHT,22,flag,LossMoveToDmgNone,
UNIT_DREADNAUGHT,23,kv,MaxFuel,0
UNIT_DREADNAUGHT,24,flag,CanExpel,
UNIT_DREADNAUGHT,25,flag,CanPillage,
UNIT_DREADNAUGHT,26,flag,CanPirate,
UNIT_DREADNAUGHT,27,flag,CantCaptureCity,
UNIT_DREADNAUGHT,28,flag,ExertsMartialLaw,
UNIT_DREADNAUGHT,29,flag,DeathEffectsHappy,
UNIT_DREADNAUGHT,30,flag,Explodes,
UNIT_DREADNAUGHT,31,flag,OnlyBuildOne,
UNIT_DREADNAUGHT,32,kv,SoundSelect1,SOUND_SELECT1_BATTLESHIP
UNIT_DREADNAUGHT,33,kv,SoundSelect2,SOUND_SELECT2_BATTLESHIP
UNIT_DREADNAUGHT,34,kv,SoundMove,SOUND_MOVE_BATTLESHIP
UNIT_DREADNAUGHT,35,kv,SoundAcknowledge,SOUND_ACKNOWLEDGE_BATTLESHIP
UNIT_DREADNAUGHT,36,kv,SoundCantMove,SOUND_CANTMOVE_BATTLESHIP
UNIT_DREADNAUGHT,37,kv,SoundAttack,SOUND_ATTACK_BATTLESHIP
UNIT_DREADNAUGHT,38,kv,SoundWork,SOUND_WORK_BATTLESHIP
UNIT_DREADNAUGHT,39,kv,SoundVictory,SOUND_VICTORY_BATTLESHIP
UNIT_DREADNAUGHT,40,kv,SoundDeath,SOUND_DEATH_BATTLESHIP
UNIT_DREADNAUGHT,41,sublist,CanAttack,Sea
UNIT_DREADNAUGHT,42,sublist,CanAttack,ShallowWater
UNIT_DREADNAUGHT,43,sublist,CanBombard,Land
UNIT_DREADNAUGHT,44,sublist,CanBombard,Mountain
UNIT_DREADNAUGHT,45,sublist,CanBombard,Water
UNIT_DREADNAUGHT,46,sublist,CanBombard,Air
UNIT_DREADNAUGHT,47,sublist,CanSee,Standard
UNIT_DREADNAUGHT,48,sublist,MovementType,Sea
UNIT_DREADNAUGHT,49,sublist,MovementType,ShallowWater
UNIT_DREADNAUGHT,50,sublist,Size,Large
UNIT_DREADNAUGHT,51,sublist,VisionClass,Standard
UNIT_DREADNAUGHT,52,nested,CanReform,"[{""t"": ""kv"", ""k"": ""Sound"", ""v"": ""SOUND_ID_REFORM_CITY""}, {""t"": ""kv"", ""k"": ""Effect"", ""v"": ""SPECEFFECT_REFORMCITY""}]"
UNIT_DROMON,0,kv,Description,DESCRIPTION_UNIT_LONGSHIP
UNIT_DROMON,1,kv,DefaultIcon,ICON_UNIT_DROMON
UNIT_DROMON,2,kv,DefaultSprite,SPRITE_DROMON
UNIT_DROMON,3,kv,Category,UNIT_CATEGORY_NAVAL
UNIT_DROMON,4,kv,Attack,30
UNIT_DROMON,5,kv,Defense,20
UNIT_DROMON,6,kv,ZBRangeAttack,25
UNIT_DROMON,7,kv,Firepower,2
UNIT_DROMON,8,kv,Armor,1
UNIT_DROMON,9,kv,MaxHP,15
UNIT_DROMON,10,kv,ShieldCost,800
UNIT_DROMON,11,kv,PowerPoints,12
UNIT_DROMON,12,kv,ShieldHunger,8
UNIT_DROMON,13,kv,FoodHunger,0
UNIT_DROMON,14,kv,MaxMovePoints,400
UNIT_DROMON,15,kv,VisionRange,2
UNIT_DROMON,16,kv,EnableAdvance,ADVANCE_ASTROLABE
UNIT_DROMON,17,kv,ObsoleteAdvance,ADVANCE_NAVAL_TACTICS
UNIT_DROMON,18,kv,BombRounds,2
UNIT_DROMON,19,kv,BombardRange,1
UNIT_DROMON,20,flag,CanCounterBombard,
UNIT_DROMON,21,kv,ActiveDefenseRange,0
UNIT_DROMON,22,flag,LossMoveToDmgNone,
UNIT_DROMON,23,kv,MaxFuel,0
UNIT_DROMON,24,flag,CanExpel,
UNIT_DROMON,25,flag,CanPillage,
UNIT_DROMON,26,flag,CanPirate,
UNIT_DROMON,27,flag,CantCaptureCity,
UNIT_DROMON,28,flag,DeathEffectsHappy,
UNIT_DROMON,29,flag,IsFlanker,
UNIT_DROMON,30,flag,WoodenShip,
UNIT_DROMON,31,flag,AttackWoodenShipBonus,
UNIT_DROMON,32,kv,WoodenShipBonus,0.15
UNIT_DROMON,33,flag,OnlyBuildOne,
UNIT_DROMON,34,kv,SoundSelect1,SOUND_SELECT1_LONGSHIP
UNIT_DROMON,35,kv,SoundSelect2,SOUND_SELECT2_LONGSHIP
UNIT_DROMON,36,kv,SoundMove,SOUND_MOVE_LONGSHIP
UNIT_DROMON,37,kv,SoundAcknowledge,SOUND_ACKNOWLEDGE_LONGSHIP
UNIT_DROMON,38,kv,SoundCantMove,SOUND_CANTMOVE_LONGSHIP
UNIT_DROMON,39,kv,SoundAttack,SOUND_ATTACK_LONGSHIP
UNIT_DROMON,40,kv,SoundWork,SOUND_WORK_LONGSHIP
UNIT_DROMON,41,kv,SoundVictory,SOUND_VICTORY_LONGSHIP
UNIT_DROMON,42,kv,SoundDeath,SOUND_DEATH_LONGSHIP
UNIT_DROMON,43,sublist,CanCarry,SmallLand
UNIT_DROMON,44,sublist,CanCarry,MedLand
UNIT_DROMON,45,sublist,CanAttack,Sea
UNIT_DROMON,46,sublist,CanAttack,ShallowWater
UNIT_DROMON,47,sublist,CanBombard,Land
UNIT_DROMON,48,sublist,CanBombard,Water
UNIT_DROMON,49,sublist,CanSee,Standard
UNIT_DROMON,50,sublist,MovementType,Sea
UNIT_DROMON,51,sublist,MovementType,ShallowWater
UNIT_DROMON,52,sublist,Size,Large
UNIT_DROMON,53,sublist,VisionClass,Standard
UNIT_DROMON,54,nested,CanReform,"[{""t"": ""kv"", ""k"": ""Sound"", ""v"": ""SOUND_ID_REFORM_CITY""}, {""t"": ""kv"", ""k"": ""Effect"", ""v"": ""SPECEFFECT_REFORMCITY""}]"
UNIT_DROMON,55,nested,CargoData,"[{""t"": ""kv"", ""k"": ""MaxCargo"", ""v"": ""2""}, {""t"": ""kv"", ""k"": ""Load"", ""v"": ""SOUND_ID_TRIREME_LOAD""}, {""t"": ""kv"", ""k"": ""Unload"", ""v"": ""SOUND_ID_TRIREME_UNLOAD""}]"
UNIT_EAGLE_ARCHER,0,kv,Description,DESCRIPTION_UNIT_ARCHER
UNIT_EAGLE_ARCHER,1,kv,DefaultIcon,ICON_UNIT_EAGLE_ARCHER
UNIT_EAGLE_ARCHER,2,kv,DefaultSprite,SPRITE_EAGLE_ARCHER
UNIT_EAGLE_ARCHER,3,kv,Category,UNIT_CATEGORY_RANGED
UNIT_EAGLE_ARCHER,4,kv,Attack,20
UNIT_EAGLE_ARCHER,5,kv,Defense,20
UNIT_EAGLE_ARCHER,6,kv,ZBRangeAttack,35
UNIT_EAGLE_ARCHER,7,kv,Firepower,2
UNIT_EAGLE_ARCHER,8,kv,Armor,1
UNIT_EAGLE_ARCHER,9,kv,MaxHP,12
UNIT_EAGLE_ARCHER,10,kv,ShieldCost,650
UNIT_EAGLE_ARCHER,11,kv,PowerPoints,50
UNIT_EAGLE_ARCHER,12,kv,ShieldHunger,9
UNIT_EAGLE_ARCHER,13,kv,FoodHunger,0
UNIT_EAGLE_ARCHER,14,kv,MaxMovePoints,200
UNIT_EAGLE_ARCHER,15,kv,VisionRange,2
UNIT_EAGLE_ARCHER,16,kv,EnableAdvance,ADVANCE_THEOCRATIC_MONARCHY
UNIT_EAGLE_ARCHER,17,kv,GovernmentType,GOVERNMENT_THEOCRATIC_MONARCHY
UNIT_EAGLE_ARCHER,18,kv,BombRounds,2
UNIT_EAGLE_ARCHER,19,kv,BombardRange,1
UNIT_EAGLE_ARCHER,20,flag,CanCounterBombard,
UNIT_EAGLE_ARCHER,21,kv,ActiveDefenseRange,0
UNIT_EAGLE_ARCHER,22,flag,LossMoveToDmgNone,
UNIT_EAGLE_ARCHER,23,kv,MaxFuel,0
UNIT_EAGLE_ARCHER,24,flag,CanEntrench,
UNIT_EAGLE_ARCHER,25,flag,CanExpel,
UNIT_EAGLE_ARCHER,26,flag,CanPillage,
UNIT_EAGLE_ARCHER,27,flag,CanPirate,
UNIT_EAGLE_ARCHER,28,flag,ExertsMartialLaw,
UNIT_EAGLE_ARCHER,29,flag,DeathEffectsHappy,
UNIT_EAGLE_ARCHER,30,flag,OnlyBuildOne,
UNIT_EAGLE_ARCHER,31,kv,SoundSelect1,SOUND_SELECT1_ARCHER
UNIT_EAGLE_ARCHER,32,kv,SoundSelect2,SOUND_SELECT2_ARCHER
UNIT_EAGLE_ARCHER,33,kv,SoundMove,SOUND_MOVE_ARCHER
UNIT_EAGLE_ARCHER,34,kv,SoundAcknowledge,SOUND_ACKNOWLEDGE_ARCHER
UNIT_EAGLE_ARCHER,35,kv,SoundCantMove,SOUND_CANTMOVE_ARCHER
UNIT_EAGLE_ARCHER,36,kv,SoundAttack,SOUND_ATTACK_ARCHER
UNIT_EAGLE_ARCHER,37,kv,SoundWork,SOUND_WORK_ARCHER
UNIT_EAGLE_ARCHER,38,kv,SoundVictory,SOUND_VICTORY_ARCHER
UNIT_EAGLE_ARCHER,39,kv,SoundDeath,SOUND_DEATH_ARCHER
UNIT_EAGLE_ARCHER,40,sublist,CanAttack,Land
UNIT_EAGLE_ARCHER,41,sublist,CanBombard,Land
UNIT_EAGLE_ARCHER,42,sublist,CanSee,Standard
UNIT_EAGLE_ARCHER,43,sublist,MovementType,Land
UNIT_EAGLE_ARCHER,44,sublist,MovementType,Mountain
UNIT_EAGLE_ARCHER,45,sublist,Size,Medium
UNIT_EAGLE_ARCHER,46,sublist,VisionClass,Standard
UNIT_EAGLE_ARCHER,47,nested,CanReform,"[{""t"": ""kv"", ""k"": ""Sound"", ""v"": ""SOUND_ID_REFORM_CITY""}, {""t"": ""kv"", ""k"": ""Effect"", ""v"": ""SPECEFFECT_REFORMCITY""}]"
UNIT_EAGLE_WARRIOR,0,kv,Description,DESCRIPTION_UNIT_PIKEMEN
UNIT_EAGLE_WARRIOR,1,kv,DefaultIcon,ICON_UNIT_EAGLE_WARRIOR
UNIT_EAGLE_WARRIOR,2,kv,DefaultSprite,SPRITE_EAGLE_WARRIOR
UNIT_EAGLE_WARRIOR,3,kv,Category,UNIT_CATEGORY_ATTACK
UNIT_EAGLE_WARRIOR,4,kv,Attack,30
UNIT_EAGLE_WARRIOR,5,kv,Defense,25
UNIT_EAGLE_WARRIOR,6,kv,ZBRangeAttack,0
UNIT_EAGLE_WARRIOR,7,kv,Firepower,2
UNIT_EAGLE_WARRIOR,8,kv,Armor,1
UNIT_EAGLE_WARRIOR,9,kv,MaxHP,15
UNIT_EAGLE_WARRIOR,10,kv,ShieldCost,600
UNIT_EAGLE_WARRIOR,11,kv,PowerPoints,81
UNIT_EAGLE_WARRIOR,12,kv,ShieldHunger,9
UNIT_EAGLE_WARRIOR,13,kv,FoodHunger,0
UNIT_EAGLE_WARRIOR,14,kv,MaxMovePoints,200
UNIT_EAGLE_WARRIOR,15,kv,VisionRange,1
UNIT_EAGLE_WARRIOR,16,kv,EnableAdvance,ADVANCE_THEOCRATIC_MONARCHY
UNIT_EAGLE_WARRIOR,17,kv,GovernmentType,GOVERNMENT_THEOCRATIC_MONARCHY
UNIT_EAGLE_WARRIOR,18,kv,ActiveDefenseRange,0
UNIT_EAGLE_WARRIOR,19,flag,LossMoveToDmgNone,
UNIT_EAGLE_WARRIOR,20,kv,MaxFuel,0
UNIT_EAGLE_WARRIOR,21,flag,CanEntrench,
UNIT_EAGLE_WARRIOR,22,flag,CanExpel,
UNIT_EAGLE_WARRIOR,23,flag,CanPillage,
UNIT_EAGLE_WARRIOR,24,flag,CanPirate,
UNIT_EAGLE_WARRIOR,25,flag,ExertsMartialLaw,
UNIT_EAGLE_WARRIOR,26,flag,DeathEffectsHappy,
UNIT_EAGLE_WARRIOR,27,flag,OnlyBuildOne,
UNIT_EAGLE_WARRIOR,28,kv,SoundSelect1,SOUND_SELECT1_PIKEMEN
UNIT_EAGLE_WARRIOR,29,kv,SoundSelect2,SOUND_SELECT2_PIKEMEN
UNIT_EAGLE_WARRIOR,30,kv,SoundMove,SOUND_MOVE_PIKEMEN
UNIT_EAGLE_WARRIOR,31,kv,SoundAcknowledge,SOUND_ACKNOWLEDGE_PIKEMEN
UNIT_EAGLE_WARRIOR,32,kv,SoundCantMove,SOUND_CANTMOVE_PIKEMEN
UNIT_EAGLE_WARRIOR,33,kv,SoundAttack,SOUND_ATTACK_PIKEMEN
UNIT_EAGLE_WARRIOR,34,kv,SoundWork,SOUND_WORK_PIKEMEN
UNIT_EAGLE_WARRIOR,35,kv,SoundVictory,SOUND_VICTORY_PIKEMEN
UNIT_EAGLE_WARRIOR,36,kv,SoundDeath,SOUND_DEATH_PIKEMEN
UNIT_EAGLE_WARRIOR,37,sublist,CanAttack,Land
UNIT_EAGLE_WARRIOR,38,sublist,CanAttack,Mountain
UNIT_EAGLE_WARRIOR,39,sublist,CanSee,Standard
UNIT_EAGLE_WARRIOR,40,sublist,MovementType,Land
UNIT_EAGLE_WARRIOR,41,sublist,MovementType,Mountain
UNIT_EAGLE_WARRIOR,42,sublist,Size,Medium
UNIT_EAGLE_WARRIOR,43,sublist,VisionClass,Standard
UNIT_EAGLE_WARRIOR,44,nested,CanReform,"[{""t"": ""kv"", ""k"": ""Sound"", ""v"": ""SOUND_ID_REFORM_CITY""}, {""t"": ""kv"", ""k"": ""Effect"", ""v"": ""SPECEFFECT_REFORMCITY""}]"
UNIT_ECO_RANGER,0,kv,Description,DESCRIPTION_UNIT_ECO_RANGER
UNIT_ECO_RANGER,1,kv,DefaultIcon,ICON_UNIT_ECO_RANGER
UNIT_ECO_RANGER,2,kv,DefaultSprite,SPRITE_ECO_RANGER
UNIT_ECO_RANGER,3,kv,Category,UNIT_CATEGORY_SPECIAL
UNIT_ECO_RANGER,4,kv,Attack,0
UNIT_ECO_RANGER,5,kv,Defense,10
UNIT_ECO_RANGER,6,kv,ZBRangeAttack,0
UNIT_ECO_RANGER,7,kv,Firepower,1
UNIT_ECO_RANGER,8,kv,Armor,1
UNIT_ECO_RANGER,9,kv,MaxHP,15
UNIT_ECO_RANGER,10,kv,ShieldCost,5500
UNIT_ECO_RANGER,11,kv,PowerPoints,3
UNIT_ECO_RANGER,12,kv,ShieldHunger,65
UNIT_ECO_RANGER,13,kv,FoodHunger,0
UNIT_ECO_RANGER,14,kv,MaxMovePoints,300
UNIT_ECO_RANGER,15,kv,VisionRange,3
UNIT_ECO_RANGER,16,kv,EnableAdvance,ADVANCE_ECOTOPIA
UNIT_ECO_RANGER,17,kv,GovernmentType,GOVERNMENT_ECOTOPIA
UNIT_ECO_RANGER,18,kv,ActiveDefenseRange,0
UNIT_ECO_RANGER,19,flag,LossMoveToDmgNone,
UNIT_ECO_RANGER,20,kv,MaxFuel,0
UNIT_ECO_RANGER,21,flag,CanEntrench,
UNIT_ECO_RANGER,22,flag,IgnoreZOC,
UNIT_ECO_RANGER,23,flag,NoZoc,
UNIT_ECO_RANGER,24,flag,CanBeExpelled,
UNIT_ECO_RANGER,25,flag,CantCaptureCity,
UNIT_ECO_RANGER,26,flag,DeathEffectsHappy,
UNIT_ECO_RANGER,27,flag,IsSpecialForces,
UNIT_ECO_RANGER,28,flag,OnlyBuildOne,
UNIT_ECO_RANGER,29,kv,SoundSelect1,SOUND_SELECT1_ECO_RANGER
UNIT_ECO_RANGER,30,kv,SoundSelect2,SOUND_SELECT2_ECO_RANGER
UNIT_ECO_RANGER,31,kv,SoundMove,SOUND_MOVE_ECO_RANGER
UNIT_ECO_RANGER,32,kv,SoundAcknowledge,SOUND_ACKNOWLEDGE_ECO_RANGER
UNIT_ECO_RANGER,33,kv,SoundCantMove,SOUND_CANTMOVE_ECO_RANGER
UNIT_ECO_RANGER,34,kv,SoundAttack,SOUND_ATTACK_ECO_RANGER
UNIT_ECO_RANGER,35,kv,SoundWork,SOUND_WORK_ECO_RANGER
UNIT_ECO_RANGER,36,kv,SoundVictory,SOUND_VICTORY_ECO_RANGER
UNIT_ECO_RANGER,37,kv,SoundDeath,SOUND_DEATH_ECO_RANGER
UNIT_ECO_RANGER,38,sublist,CanSee,Standard
UNIT_ECO_RANGER,39,sublist,MovementType,Land
UNIT_ECO_RANGER,40,sublist,MovementType,Mountain
UNIT_ECO_RANGER,41,sublist,Size,Small
UNIT_ECO_RANGER,42,sublist,VisionClass,Standard
UNIT_ECO_RANGER,43,nested,CreateParks,"[{""t"": ""kv"", ""k"": ""Sound"", ""v"": ""SOUND_ID_CREATE_PARKS""}, {""t"": ""kv"", ""k"": ""Effect"", ""v"": ""SPECEFFECT_CREATE_PARKS""}]"
UNIT_ECO_TERRORIST,0,kv,Description,DESCRIPTION_UNIT_ECO_TERRORIST
UNIT_ECO_TERRORIST,1,kv,DefaultIcon,ICON_UNIT_ECO_TERRORIST
UNIT_ECO_TERRORIST,2,kv,DefaultSprite,SPRITE_ECO_TERRORIST
UNIT_ECO_TERRORIST,3,kv,Category,UNIT_CATEGORY_SPECIAL
UNIT_ECO_TERRORIST,4,kv,Attack,0
UNIT_ECO_TERRORIST,5,kv,Defense,10
UNIT_ECO_TERRORIST,6,kv,ZBRangeAttack,0
UNIT_ECO_TERRORIST,7,kv,Firepower,1
UNIT_ECO_TERRORIST,8,kv,Armor,1
UNIT_ECO_TERRORIST,9,kv,MaxHP,15
UNIT_ECO_TERRORIST,10,kv,ShieldCost,5000
UNIT_ECO_TERRORIST,11,kv,PowerPoints,3
UNIT_ECO_TERRORIST,12,kv,ShieldHunger,60
UNIT_ECO_TERRORIST,13,kv,FoodHunger,0
UNIT_ECO_TERRORIST,14,kv,MaxMovePoints,400
UNIT_ECO_TERRORIST,15,kv,VisionRange,2
UNIT_ECO_TERRORIST,16,kv,EnableAdvance,ADVANCE_ECOTOPIA
UNIT_ECO_TERRORIST,17,kv,GovernmentType,GOVERNMENT_ECOTOPIA
UNIT_ECO_TERRORIST,18,kv,ActiveDefenseRange,0
UNIT_ECO_TERRORIST,19,flag,LossMoveToDmgNone,
UNIT_ECO_TERRORIST,20,kv,MaxFuel,0
UNIT_ECO_TERRORIST,21,flag,CanEntrench,
UNIT_ECO_TERRORIST,22,flag,IgnoreZOC,
UNIT_ECO_TERRORIST,23,flag,NoZoc,
UNIT_ECO_TERRORIST,24,flag,CanBeExpelled,
UNIT_ECO_TERRORIST,25,flag,CantCaptureCity,
UNIT_ECO_TERRORIST,26,flag,DeathEffectsHappy,
UNIT_ECO_TERRORIST,27,flag,IsSpecialForces,
UNIT_ECO_TERRORIST,28,flag,OnlyBuildOne,
UNIT_ECO_TERRORIST,29,kv,SoundSelect1,SOUND_SELECT1_ECOTERRORIST
UNIT_ECO_TERRORIST,30,kv,SoundSelect2,SOUND_SELECT2_ECOTERRORIST
UNIT_ECO_TERRORIST,31,kv,SoundMove,SOUND_MOVE_ECOTERRORIST
UNIT_ECO_TERRORIST,32,kv,SoundAcknowledge,SOUND_ACKNOWLEDGE_ECOTERRORIST
UNIT_ECO_TERRORIST,33,kv,SoundCantMove,SOUND_CANTMOVE_ECOTERRORIST
UNIT_ECO_TERRORIST,34,kv,SoundAttack,SOUND_ATTACK_ECOTERRORIST
UNIT_ECO_TERRORIST,35,kv,SoundWork,SOUND_WORK_ECOTERRORIST
UNIT_ECO_TERRORIST,36,kv,SoundVictory,SOUND_VICTORY_ECOTERRORIST
UNIT_ECO_TERRORIST,37,kv,SoundDeath,SOUND_DEATH_ECOTERRORIST
UNIT_ECO_TERRORIST,38,sublist,CanSee,Standard
UNIT_ECO_TERRORIST,39,sublist,CanSee,Stealth
UNIT_ECO_TERRORIST,40,sublist,MovementType,Land
UNIT_ECO_TERRORIST,41,sublist,MovementType,Mountain
UNIT_ECO_TERRORIST,42,sublist,Size,Small
UNIT_ECO_TERRORIST,43,sublist,VisionClass,Stealth
UNIT_ECO_TERRORIST,44,nested,AssasinateRuler,"[{""t"": ""kv"", ""k"": ""Chance"", ""v"": ""0.5""}, {""t"": ""kv"", ""k"": ""EliteChance"", ""v"": ""0.7""}, {""t"": ""kv"", ""k"": ""DeathChance"", ""v"": ""0.3""}]"
UNIT_ECO_TERRORIST,45,nested,NanoTerror,"[{""t"": ""kv"", ""k"": ""Chance"", ""v"": ""0.5""}, {""t"": ""kv"", ""k"": ""Sound"", ""v"": ""SOUND_ID_NANO_TERROR""}, {""t"": ""kv"", ""k"": ""Effect"", ""v"": ""SPECEFFECT_NANO""}]"
UNIT_ELEPHANT_WARRIOR,0,kv,Description,DESCRIPTION_UNIT_KNIGHT
UNIT_ELEPHANT_WARRIOR,1,kv,DefaultIcon,ICON_UNIT_ELEPHANT_WARRIOR
UNIT_ELEPHANT_WARRIOR,2,kv,DefaultSprite,SPRITE_ELEPHANT_WARRIOR
UNIT_ELEPHANT_WARRIOR,3,kv,Category,UNIT_CATEGORY_ATTACK
UNIT_ELEPHANT_WARRIOR,4,kv,Attack,25
UNIT_ELEPHANT_WARRIOR,5,kv,Defense,15
UNIT_ELEPHANT_WARRIOR,6,kv,ZBRangeAttack,15
UNIT_ELEPHANT_WARRIOR,7,kv,Firepower,1
UNIT_ELEPHANT_WARRIOR,8,kv,Armor,1
UNIT_ELEPHANT_WARRIOR,9,kv,MaxHP,13
UNIT_ELEPHANT_WARRIOR,10,kv,ShieldCost,400
UNIT_ELEPHANT_WARRIOR,11,kv,PowerPoints,70
UNIT_ELEPHANT_WARRIOR,12,kv,ShieldHunger,4
UNIT_ELEPHANT_WARRIOR,13,kv,FoodHunger,0
UNIT_ELEPHANT_WARRIOR,14,kv,MaxMovePoints,200
UNIT_ELEPHANT_WARRIOR,15,kv,VisionRange,1
UNIT_ELEPHANT_WARRIOR,16,kv,EnableAdvance,ADVANCE_OLIGARCHY
UNIT_ELEPHANT_WARRIOR,17,kv,ObsoleteAdvance,ADVANCE_DARK_AGES
UNIT_ELEPHANT_WARRIOR,18,kv,ActiveDefenseRange,0
UNIT_ELEPHANT_WARRIOR,19,flag,LossMoveToDmgNone,
UNIT_ELEPHANT_WARRIOR,20,kv,MaxFuel,0
UNIT_ELEPHANT_WARRIOR,21,flag,CanEntrench,
UNIT_ELEPHANT_WARRIOR,22,flag,CanExpel,
UNIT_ELEPHANT_WARRIOR,23,flag,CanPillage,
UNIT_ELEPHANT_WARRIOR,24,flag,CanPirate,
UNIT_ELEPHANT_WARRIOR,25,flag,ExertsMartialLaw,
UNIT_ELEPHANT_WARRIOR,26,flag,DeathEffectsHappy,
UNIT_ELEPHANT_WARRIOR,27,flag,IsSpecialForces,
UNIT_ELEPHANT_WARRIOR,28,flag,OnlyBuildOne,
UNIT_ELEPHANT_WARRIOR,29,kv,SoundSelect1,SOUND_ID_ELEPHANT
UNIT_ELEPHANT_WARRIOR,30,kv,SoundSelect2,SOUND_SELECT2_PIKEMEN
UNIT_ELEPHANT_WARRIOR,31,kv,SoundMove,SOUND_MOVE_PIKEMEN
UNIT_ELEPHANT_WARRIOR,32,kv,SoundAcknowledge,SOUND_ID_ELEPHANT
UNIT_ELEPHANT_WARRIOR,33,kv,SoundCantMove,SOUND_CANTMOVE_PIKEMEN
UNIT_ELEPHANT_WARRIOR,34,kv,SoundAttack,SOUND_ID_ELEPHANT
UNIT_ELEPHANT_WARRIOR,35,kv,SoundWork,SOUND_WORK_PIKEMEN
UNIT_ELEPHANT_WARRIOR,36,kv,SoundVictory,SOUND_ID_ELEPHANT
UNIT_ELEPHANT_WARRIOR,37,kv,SoundDeath,SOUND_ID_ELEPHANT
UNIT_ELEPHANT_WARRIOR,38,sublist,CanAttack,Land
UNIT_ELEPHANT_WARRIOR,39,sublist,CanSee,Standard
UNIT_ELEPHANT_WARRIOR,40,sublist,MovementType,Land
UNIT_ELEPHANT_WARRIOR,41,sublist,Size,Large
UNIT_ELEPHANT_WARRIOR,42,sublist,VisionClass,Standard
UNIT_ELEPHANT_WARRIOR,43,nested,CanReform,"[{""t"": ""kv"", ""k"": ""Sound"", ""v"": ""SOUND_ID_REFORM_CITY""}, {""t"": ""kv"", ""k"": ""Effect"", ""v"": ""SPECEFFECT_REFORMCITY""}]"
UNIT_EMPATHIC_DIPLOMAT,0,kv,Description,DESCRIPTION_UNIT_EMPATHIC_DIPLOMAT
UNIT_EMPATHIC_DIPLOMAT,1,kv,DefaultIcon,ICON_UNIT_EMPATHIC_DIPLOMAT
UNIT_EMPATHIC_DIPLOMAT,2,kv,DefaultSprite,SPRITE_EMPATHIC_DIPLOMAT
UNIT_EMPATHIC_DIPLOMAT,3,kv,Category,UNIT_CATEGORY_SPECIAL
UNIT_EMPATHIC_DIPLOMAT,4,kv,Attack,0
UNIT_EMPATHIC_DIPLOMAT,5,kv,Defense,10
UNIT_EMPATHIC_DIPLOMAT,6,kv,ZBRangeAttack,0
UNIT_EMPATHIC_DIPLOMAT,7,kv,Firepower,1
UNIT_EMPATHIC_DIPLOMAT,8,kv,Armor,1
UNIT_EMPATHIC_DIPLOMAT,9,kv,MaxHP,10
UNIT_EMPATHIC_DIPLOMAT,10,kv,ShieldCost,2000
UNIT_EMPATHIC_DIPLOMAT,11,kv,PowerPoints,3
UNIT_EMPATHIC_DIPLOMAT,12,kv,ShieldHunger,30
UNIT_EMPATHIC_DIPLOMAT,13,kv,FoodHunger,0
UNIT_EMPATHIC_DIPLOMAT,14,kv,MaxMovePoints,300
UNIT_EMPATHIC_DIPLOMAT,15,kv,VisionRange,2
UNIT_EMPATHIC_DIPLOMAT,16,kv,EnableAdvance,ADVANCE_EUGENICS
UNIT_EMPATHIC_DIPLOMAT,17,kv,ActiveDefenseRange,0
UNIT_EMPATHIC_DIPLOMAT,18,flag,LossMoveToDmgNone,
UNIT_EMPATHIC_DIPLOMAT,19,kv,MaxFuel,0
UNIT_EMPATHIC_DIPLOMAT,20,flag,CanEntrench,
UNIT_EMPATHIC_DIPLOMAT,21,flag,IgnoreZOC,
UNIT_EMPATHIC_DIPLOMAT,22,flag,NoZoc,
UNIT_EMPATHIC_DIPLOMAT,23,flag,CanBeExpelled,
UNIT_EMPATHIC_DIPLOMAT,24,flag,CantCaptureCity,
UNIT_EMPATHIC_DIPLOMAT,25,flag,EstablishEmbassy,
UNIT_EMPATHIC_DIPLOMAT,26,flag,ThrowParty,
UNIT_EMPATHIC_DIPLOMAT,27,flag,DeathEffectsHappy,
UNIT_EMPATHIC_DIPLOMAT,28,flag,IsSpecialForces,
UNIT_EMPATHIC_DIPLOMAT,29,flag,Civilian,
UNIT_EMPATHIC_DIPLOMAT,30,flag,OnlyBuildOne,
UNIT_EMPATHIC_DIPLOMAT,31,kv,SoundSelect1,SOUND_SELECT1_EMPATHIC_DIPLOMAT
UNIT_EMPATHIC_DIPLOMAT,32,kv,SoundSelect2,SOUND_SELECT2_EMPATHIC_DIPLOMAT
UNIT_EMPATHIC_DIPLOMAT,33,kv,SoundMove,SOUND_MOVE_EMPATHIC_DIPLOMAT
UNIT_EMPATHIC_DIPLOMAT,34,kv,SoundAcknowledge,SOUND_ACKNOWLEDGE_EMPATHIC_DIPLOMAT
UNIT_EMPATHIC_DIPLOMAT,35,kv,SoundCantMove,SOUND_CANTMOVE_EMPATHIC_DIPLOMAT
UNIT_EMPATHIC_DIPLOMAT,36,kv,SoundAttack,SOUND_ATTACK_EMPATHIC_DIPLOMAT
UNIT_EMPATHIC_DIPLOMAT,37,kv,SoundWork,SOUND_WORK_EMPATHIC_DIPLOMAT
UNIT_EMPATHIC_DIPLOMAT,38,kv,SoundVictory,SOUND_VICTORY_EMPATHIC_DIPLOMAT
UNIT_EMPATHIC_DIPLOMAT,39,kv,SoundDeath,SOUND_DEATH_EMPATHIC_DIPLOMAT
UNIT_EMPATHIC_DIPLOMAT,40,sublist,CanSee,Standard
UNIT_EMPATHIC_DIPLOMAT,41,sublist,CanSee,Stealth
UNIT_EMPATHIC_DIPLOMAT,42,sublist,MovementType,Land
UNIT_EMPATHIC_DIPLOMAT,43,sublist,MovementType,Mountain
UNIT_EMPATHIC_DIPLOMAT,44,sublist,Size,Small
UNIT_EMPATHIC_DIPLOMAT,45,sublist,VisionClass,Standard
UNIT_EMPATHIC_DIPLOMAT,46,nested,InvestigateCity,"[{""t"": ""kv"", ""k"": ""Chance"", ""v"": ""0.6""}, {""t"": ""kv"", ""k"": ""EliteChance"", ""v"": ""0.7""}, {""t"": ""kv"", ""k"": ""DeathChance"", ""v"": ""0.2""}]"
UNIT_EMPATHIC_DIPLOMAT,47,nested,PlantNuke,"[{""t"": ""kv"", ""k"": ""Chance"", ""v"": ""0.25""}, {""t"": ""kv"", ""k"": ""EscapeChance"", ""v"": ""0.4""}, {""t"": ""kv"", ""k"": ""Sound"", ""v"": ""SOUND_ID_PLANT_NUKE_SP""}, {""t"": ""kv"", ""k"": ""Effect"", ""v"": ""SPECEFFECT_PLANT_NUKE""}]"
UNIT_FASCIST,0,kv,Description,DESCRIPTION_UNIT_FASCIST
UNIT_FASCIST,1,kv,DefaultIcon,ICON_UNIT_FASCIST
UNIT_FASCIST,2,kv,DefaultSprite,SPRITE_FASCIST
UNIT_FASCIST,3,kv,Category,UNIT_CATEGORY_ATTACK
UNIT_FASCIST,4,kv,Attack,65
UNIT_FASCIST,5,kv,Defense,45
UNIT_FASCIST,6,kv,ZBRangeAttack,45
UNIT_FASCIST,7,kv,Firepower,3
UNIT_FASCIST,8,kv,Armor,1
UNIT_FASCIST,9,kv,MaxHP,23
UNIT_FASCIST,10,kv,ShieldCost,1400
UNIT_FASCIST,11,kv,PowerPoints,70
UNIT_FASCIST,12,kv,ShieldHunger,16
UNIT_FASCIST,13,kv,FoodHunger,0
UNIT_FASCIST,14,kv,MaxMovePoints,200
UNIT_FASCIST,15,kv,VisionRange,2
UNIT_FASCIST,16,kv,EnableAdvance,ADVANCE_FASCISM
UNIT_FASCIST,17,kv,ObsoleteAdvance,ADVANCE_MILITARY_TRADITION
UNIT_FASCIST,18,kv,ActiveDefenseRange,0
UNIT_FASCIST,19,flag,LossMoveToDmgNone,
UNIT_FASCIST,20,kv,MaxFuel,0
UNIT_FASCIST,21,flag,CanEntrench,
UNIT_FASCIST,22,flag,CanExpel,
UNIT_FASCIST,23,flag,CanPillage,
UNIT_FASCIST,24,flag,CanPirate,
UNIT_FASCIST,25,flag,ExertsMartialLaw,
UNIT_FASCIST,26,flag,DeathEffectsHappy,
UNIT_FASCIST,27,flag,IsSpecialForces,
UNIT_FASCIST,28,kv,DefendAgainstSpies,0.25
UNIT_FASCIST,29,flag,OnlyBuildOne,
UNIT_FASCIST,30,kv,SoundSelect1,SOUND_SELECT1_FASCIST
UNIT_FASCIST,31,kv,SoundSelect2,SOUND_SELECT2_FASCIST
UNIT_FASCIST,32,kv,SoundMove,SOUND_MOVE_FASCIST
UNIT_FASCIST,33,kv,SoundAcknowledge,SOUND_ACKNOWLEDGE_FASCIST
UNIT_FASCIST,34,kv,SoundCantMove,SOUND_CANTMOVE_FASCIST
UNIT_FASCIST,35,kv,SoundAttack,SOUND_ATTACK_FASCIST
UNIT_FASCIST,36,kv,SoundWork,SOUND_WORK_FASCIST
UNIT_FASCIST,37,kv,SoundVictory,SOUND_VICTORY_FASCIST
UNIT_FASCIST,38,kv,SoundDeath,SOUND_DEATH_FASCIST
UNIT_FASCIST,39,sublist,CanAttack,Land
UNIT_FASCIST,40,sublist,CanAttack,Mountain
UNIT_FASCIST,41,sublist,CanSee,Standard
UNIT_FASCIST,42,sublist,MovementType,Land
UNIT_FASCIST,43,sublist,MovementType,Mountain
UNIT_FASCIST,44,sublist,Size,Medium
UNIT_FASCIST,45,sublist,VisionClass,Standard
UNIT_FASCIST,46,nested,CanReform,"[{""t"": ""kv"", ""k"": ""Sound"", ""v"": ""SOUND_ID_REFORM_CITY""}, {""t"": ""kv"", ""k"": ""Effect"", ""v"": ""SPECEFFECT_REFORMCITY""}]"
UNIT_FEUDAL_CAVALRY,0,kv,Description,DESCRIPTION_UNIT_KNIGHT
UNIT_FEUDAL_CAVALRY,1,kv,DefaultIcon,ICON_UNIT_FEUDAL_CAVALRY
UNIT_FEUDAL_CAVALRY,2,kv,DefaultSprite,SPRITE_FEUDAL_CAVALRY
UNIT_FEUDAL_CAVALRY,3,kv,Category,UNIT_CATEGORY_FLANKER
UNIT_FEUDAL_CAVALRY,4,kv,Attack,40
UNIT_FEUDAL_CAVALRY,5,kv,Defense,25
UNIT_FEUDAL_CAVALRY,6,kv,ZBRangeAttack,0
UNIT_FEUDAL_CAVALRY,7,kv,Firepower,2
UNIT_FEUDAL_CAVALRY,8,kv,Armor,1
UNIT_FEUDAL_CAVALRY,9,kv,MaxHP,14
UNIT_FEUDAL_CAVALRY,10,kv,ShieldCost,900
UNIT_FEUDAL_CAVALRY,11,kv,PowerPoints,60
UNIT_FEUDAL_CAVALRY,12,kv,ShieldHunger,11
UNIT_FEUDAL_CAVALRY,13,kv,FoodHunger,0
UNIT_FEUDAL_CAVALRY,14,kv,MaxMovePoints,300
UNIT_FEUDAL_CAVALRY,15,kv,VisionRange,2
UNIT_FEUDAL_CAVALRY,16,kv,EnableAdvance,ADVANCE_CHIVALRY
UNIT_FEUDAL_CAVALRY,17,kv,ObsoleteAdvance,ADVANCE_CAVALRY_TACTICS
UNIT_FEUDAL_CAVALRY,18,kv,ActiveDefenseRange,0
UNIT_FEUDAL_CAVALRY,19,flag,LossMoveToDmgNone,
UNIT_FEUDAL_CAVALRY,20,kv,MaxFuel,0
UNIT_FEUDAL_CAVALRY,21,flag,CanEntrench,
UNIT_FEUDAL_CAVALRY,22,flag,CanExpel,
UNIT_FEUDAL_CAVALRY,23,flag,CanPillage,
UNIT_FEUDAL_CAVALRY,24,flag,CanPirate,
UNIT_FEUDAL_CAVALRY,25,flag,ExertsMartialLaw,
UNIT_FEUDAL_CAVALRY,26,flag,DeathEffectsHappy,
UNIT_FEUDAL_CAVALRY,27,flag,IsMounted,
UNIT_FEUDAL_CAVALRY,28,flag,IsFlanker,
UNIT_FEUDAL_CAVALRY,29,flag,IsSpecialForces,
UNIT_FEUDAL_CAVALRY,30,flag,OnlyBuildOne,
UNIT_FEUDAL_CAVALRY,31,kv,SoundSelect1,SOUND_SELECT1_KNIGHT
UNIT_FEUDAL_CAVALRY,32,kv,SoundSelect2,SOUND_SELECT2_KNIGHT
UNIT_FEUDAL_CAVALRY,33,kv,SoundMove,SOUND_MOVE_KNIGHT
UNIT_FEUDAL_CAVALRY,34,kv,SoundAcknowledge,SOUND_ACKNOWLEDGE_KNIGHT
UNIT_FEUDAL_CAVALRY,35,kv,SoundCantMove,SOUND_CANTMOVE_KNIGHT
UNIT_FEUDAL_CAVALRY,36,kv,SoundAttack,SOUND_ATTACK_KNIGHT
UNIT_FEUDAL_CAVALRY,37,kv,SoundWork,SOUND_WORK_KNIGHT
UNIT_FEUDAL_CAVALRY,38,kv,SoundVictory,SOUND_VICTORY_KNIGHT
UNIT_FEUDAL_CAVALRY,39,kv,SoundDeath,SOUND_DEATH_KNIGHT
UNIT_FEUDAL_CAVALRY,40,sublist,CanAttack,Land
UNIT_FEUDAL_CAVALRY,41,sublist,CanSee,Standard
UNIT_FEUDAL_CAVALRY,42,sublist,MovementType,Land
UNIT_FEUDAL_CAVALRY,43,sublist,Size,Medium
UNIT_FEUDAL_CAVALRY,44,sublist,VisionClass,Standard
UNIT_FEUDAL_CAVALRY,45,nested,CanReform,"[{""t"": ""kv"", ""k"": ""Sound"", ""v"": ""SOUND_ID_REFORM_CITY""}, {""t"": ""kv"", ""k"": ""Effect"", ""v"": ""SPECEFFECT_REFORMCITY""}]"
UNIT_FEUDAL_INFANTRY,0,kv,Description,DESCRIPTION_UNIT_PIKEMEN
UNIT_FEUDAL_INFANTRY,1,kv,DefaultIcon,ICON_UNIT_FEUDAL_INFANTRY
UNIT_FEUDAL_INFANTRY,2,kv,DefaultSprite,SPRITE_FEUDAL_INFANTRY
UNIT_FEUDAL_INFANTRY,3,kv,Category,UNIT_CATEGORY_DEFENSE
UNIT_FEUDAL_INFANTRY,4,kv,Attack,30
UNIT_FEUDAL_INFANTRY,5,kv,Defense,25
UNIT_FEUDAL_INFANTRY,6,kv,ZBRangeAttack,0
UNIT_FEUDAL_INFANTRY,7,kv,Firepower,2
UNIT_FEUDAL_INFANTRY,8,kv,Armor,1
UNIT_FEUDAL_INFANTRY,9,kv,MaxHP,13
UNIT_FEUDAL_INFANTRY,10,kv,ShieldCost,525
UNIT_FEUDAL_INFANTRY,11,kv,PowerPoints,81
UNIT_FEUDAL_INFANTRY,12,kv,ShieldHunger,7
UNIT_FEUDAL_INFANTRY,13,kv,FoodHunger,0
UNIT_FEUDAL_INFANTRY,14,kv,MaxMovePoints,100
UNIT_FEUDAL_INFANTRY,15,kv,VisionRange,1
UNIT_FEUDAL_INFANTRY,16,kv,EnableAdvance,ADVANCE_DARK_AGES
UNIT_FEUDAL_INFANTRY,17,kv,ObsoleteAdvance,ADVANCE_FLINTLOCK
UNIT_FEUDAL_INFANTRY,18,kv,ActiveDefenseRange,0
UNIT_FEUDAL_INFANTRY,19,flag,LossMoveToDmgNone,
UNIT_FEUDAL_INFANTRY,20,kv,MaxFuel,0
UNIT_FEUDAL_INFANTRY,21,flag,CanEntrench,
UNIT_FEUDAL_INFANTRY,22,flag,CanExpel,
UNIT_FEUDAL_INFANTRY,23,flag,CanPillage,
UNIT_FEUDAL_INFANTRY,24,flag,CanPirate,
UNIT_FEUDAL_INFANTRY,25,flag,ExertsMartialLaw,
UNIT_FEUDAL_INFANTRY,26,flag,DeathEffectsHappy,
UNIT_FEUDAL_INFANTRY,27,flag,OnlyBuildOne,
UNIT_FEUDAL_INFANTRY,28,kv,SoundSelect1,SOUND_SELECT1_PIKEMEN
UNIT_FEUDAL_INFANTRY,29,kv,SoundSelect2,SOUND_SELECT2_PIKEMEN
UNIT_FEUDAL_INFANTRY,30,kv,SoundMove,SOUND_MOVE_PIKEMEN
UNIT_FEUDAL_INFANTRY,31,kv,SoundAcknowledge,SOUND_ACKNOWLEDGE_PIKEMEN
UNIT_FEUDAL_INFANTRY,32,kv,SoundCantMove,SOUND_CANTMOVE_PIKEMEN
UNIT_FEUDAL_INFANTRY,33,kv,SoundAttack,SOUND_ATTACK_PIKEMEN
UNIT_FEUDAL_INFANTRY,34,kv,SoundWork,SOUND_WORK_PIKEMEN
UNIT_FEUDAL_INFANTRY,35,kv,SoundVictory,SOUND_VICTORY_PIKEMEN
UNIT_FEUDAL_INFANTRY,36,kv,SoundDeath,SOUND_DEATH_PIKEMEN
UNIT_FEUDAL_INFANTRY,37,sublist,CanAttack,Land
UNIT_FEUDAL_INFANTRY,38,sublist,CanAttack,Mountain
UNIT_FEUDAL_INFANTRY,39,sublist,CanSee,Standard
UNIT_FEUDAL_INFANTRY,40,sublist,MovementType,Land
UNIT_FEUDAL_INFANTRY,41,sublist,MovementType,Mountain
UNIT_FEUDAL_INFANTRY,42,sublist,Size,Medium
UNIT_FEUDAL_INFANTRY,43,sublist,VisionClass,Standard
UNIT_FEUDAL_INFANTRY,44,nested,CanReform,"[{""t"": ""kv"", ""k"": ""Sound"", ""v"": ""SOUND_ID_REFORM_CITY""}, {""t"": ""kv"", ""k"": ""Effect"", ""v"": ""SPECEFFECT_REFORMCITY""}]"
UNIT_FIGHTER,0,kv,Description,DESCRIPTION_UNIT_FIGHTER
UNIT_FIGHTER,1,kv,DefaultIcon,ICON_UNIT_FIGHTER
UNIT_FIGHTER,2,kv,DefaultSprite,SPRITE_FIGHTER
UNIT_FIGHTER,3,kv,Category,UNIT_CATEGORY_AERIAL
UNIT_FIGHTER,4,kv,Attack,50
UNIT_FIGHTER,5,kv,Defense,45
UNIT_FIGHTER,6,kv,ZBRangeAttack,40
UNIT_FIGHTER,7,kv,Firepower,3
UNIT_FIGHTER,8,kv,Armor,2
UNIT_FIGHTER,9,kv,MaxHP,20
UNIT_FIGHTER,10,kv,ShieldCost,2100
UNIT_FIGHTER,11,kv,PowerPoints,31
UNIT_FIGHTER,12,kv,ShieldHunger,25
UNIT_FIGHTER,13,kv,FoodHunger,0
UNIT_FIGHTER,14,kv,MaxMovePoints,1000
UNIT_FIGHTER,15,kv,VisionRange,3
UNIT_FIGHTER,16,kv,EnableAdvance,ADVANCE_AERODYNAMICS
UNIT_FIGHTER,17,kv,ObsoleteAdvance,ADVANCE_SUPERSONIC_FLIGHT
UNIT_FIGHTER,18,kv,BombRounds,5
UNIT_FIGHTER,19,kv,BombardRange,1
UNIT_FIGHTER,20,flag,CanCounterBombard,
UNIT_FIGHTER,21,kv,ActiveDefenseRange,1
UNIT_FIGHTER,22,flag,EnableCarrierDefenses,
UNIT_FIGHTER,23,flag,LossMoveToDmgNone,
UNIT_FIGHTER,24,flag,NoFuelThenCrash,
UNIT_FIGHTER,25,kv,MaxFuel,3000
UNIT_FIGHTER,26,flag,IgnoreZOC,
UNIT_FIGHTER,27,flag,NoZoc,
UNIT_FIGHTER,28,flag,CanBeachAssault,
UNIT_FIGHTER,29,flag,CantCaptureCity,
UNIT_FIGHTER,30,flag,DeathEffectsHappy,
UNIT_FIGHTER,31,flag,Explodes,
UNIT_FIGHTER,32,flag,OnlyBuildOne,
UNIT_FIGHTER,33,kv,SoundSelect1,SOUND_SELECT1_FIGHTER
UNIT_FIGHTER,34,kv,SoundSelect2,SOUND_SELECT2_FIGHTER
UNIT_FIGHTER,35,kv,SoundMove,SOUND_MOVE_FIGHTER
UNIT_FIGHTER,36,kv,SoundAcknowledge,SOUND_ACKNOWLEDGE_FIGHTER
UNIT_FIGHTER,37,kv,SoundCantMove,SOUND_CANTMOVE_FIGHTER
UNIT_FIGHTER,38,kv,SoundAttack,SOUND_ATTACK_FIGHTER
UNIT_FIGHTER,39,kv,SoundWork,SOUND_WORK_FIGHTER
UNIT_FIGHTER,40,kv,SoundVictory,SOUND_VICTORY_FIGHTER
UNIT_FIGHTER,41,kv,SoundDeath,SOUND_DEATH_FIGHTER
UNIT_FIGHTER,42,sublist,CanAttack,Air
UNIT_FIGHTER,43,sublist,CanAttack,Land
UNIT_FIGHTER,44,sublist,CanAttack,Mountain
UNIT_FIGHTER,45,sublist,CanAttack,Sea
UNIT_FIGHTER,46,sublist,CanAttack,ShallowWater
UNIT_FIGHTER,47,sublist,CanSee,Standard
UNIT_FIGHTER,48,sublist,MovementType,Air
UNIT_FIGHTER,49,sublist,Size,Medium
UNIT_FIGHTER,50,sublist,VisionClass,Standard
UNIT_FRIGATE,0,kv,Description,DESCRIPTION_UNIT_FRIGATE
UNIT_FRIGATE,1,kv,DefaultIcon,ICON_UNIT_FRIGATE
UNIT_FRIGATE,2,kv,DefaultSprite,SPRITE_FRIGATE
UNIT_FRIGATE,3,kv,Category,UNIT_CATEGORY_NAVAL
UNIT_FRIGATE,4,kv,Attack,50
UNIT_FRIGATE,5,kv,Defense,40
UNIT_FRIGATE,6,kv,ZBRangeAttack,40
UNIT_FRIGATE,7,kv,Firepower,4
UNIT_FRIGATE,8,kv,Armor,2
UNIT_FRIGATE,9,kv,MaxHP,20
UNIT_FRIGATE,10,kv,ShieldCost,2800
UNIT_FRIGATE,11,kv,PowerPoints,12
UNIT_FRIGATE,12,kv,ShieldHunger,33
UNIT_FRIGATE,13,kv,FoodHunger,0
UNIT_FRIGATE,14,kv,MaxMovePoints,700
UNIT_FRIGATE,15,kv,VisionRange,3
UNIT_FRIGATE,16,kv,EnableAdvance,ADVANCE_MASS_PRODUCTION
UNIT_FRIGATE,17,kv,ObsoleteAdvance,ADVANCE_PLASMA_WEAPONRY
UNIT_FRIGATE,18,kv,BombRounds,5
UNIT_FRIGATE,19,kv,BombardRange,1
UNIT_FRIGATE,20,flag,CanCounterBombard,
UNIT_FRIGATE,21,kv,ActiveDefenseRange,1
UNIT_FRIGATE,22,flag,LossMoveToDmgNone,
UNIT_FRIGATE,23,kv,MaxFuel,0
UNIT_FRIGATE,24,flag,CanExpel,
UNIT_FRIGATE,25,flag,CanPillage,
UNIT_FRIGATE,26,flag,CanPirate,
UNIT_FRIGATE,27,flag,CantCaptureCity,
UNIT_FRIGATE,28,flag,DeathEffectsHappy,
UNIT_FRIGATE,29,flag,Explodes,
UNIT_FRIGATE,30,flag,OnlyBuildOne,
UNIT_FRIGATE,31,kv,SoundSelect1,SOUND_SELECT1_FRIGATE
UNIT_FRIGATE,32,kv,SoundSelect2,SOUND_SELECT2_FRIGATE
UNIT_FRIGATE,33,kv,SoundMove,SOUND_MOVE_FRIGATE
UNIT_FRIGATE,34,kv,SoundAcknowledge,SOUND_ACKNOWLEDGE_FRIGATE
UNIT_FRIGATE,35,kv,SoundCantMove,SOUND_CANTMOVE_FRIGATE
UNIT_FRIGATE,36,kv,SoundAttack,SOUND_ATTACK_FRIGATE
UNIT_FRIGATE,37,kv,SoundWork,SOUND_WORK_FRIGATE
UNIT_FRIGATE,38,kv,SoundVictory,SOUND_VICTORY_FRIGATE
UNIT_FRIGATE,39,kv,SoundDeath,SOUND_DEATH_FRIGATE
UNIT_FRIGATE,40,sublist,CanAttack,Sea
UNIT_FRIGATE,41,sublist,CanAttack,ShallowWater
UNIT_FRIGATE,42,sublist,CanAttack,Underwater
UNIT_FRIGATE,43,sublist,CanBombard,Land
UNIT_FRIGATE,44,sublist,CanBombard,Mountain
UNIT_FRIGATE,45,sublist,CanBombard,Water
UNIT_FRIGATE,46,sublist,CanSee,Underwater
UNIT_FRIGATE,47,sublist,CanSee,Standard
UNIT_FRIGATE,48,sublist,MovementType,Sea
UNIT_FRIGATE,49,sublist,MovementType,ShallowWater
UNIT_FRIGATE,50,sublist,Size,Large
UNIT_FRIGATE,51,sublist,VisionClass,Standard
UNIT_FRIGATE,52,nested,CanReform,"[{""t"": ""kv"", ""k"": ""Sound"", ""v"": ""SOUND_ID_REFORM_CITY""}, {""t"": ""kv"", ""k"": ""Effect"", ""v"": ""SPECEFFECT_REFORMCITY""}]"
UNIT_FUSION_TANK,0,kv,Description,DESCRIPTION_UNIT_FUSION_TANK
UNIT_FUSION_TANK,1,kv,DefaultIcon,ICON_UNIT_FUSION_TANK
UNIT_FUSION_TANK,2,kv,DefaultSprite,SPRITE_FUSION_TANK
UNIT_FUSION_TANK,3,kv,Category,UNIT_CATEGORY_FLANKER
UNIT_FUSION_TANK,4,kv,Attack,80
UNIT_FUSION_TANK,5,kv,Defense,65
UNIT_FUSION_TANK,6,kv,ZBRangeAttack,80
UNIT_FUSION_TANK,7,kv,Firepower,4
UNIT_FUSION_TANK,8,kv,Armor,3
UNIT_FUSION_TANK,9,kv,MaxHP,25
UNIT_FUSION_TANK,10,kv,ShieldCost,7000
UNIT_FUSION_TANK,11,kv,PowerPoints,60
UNIT_FUSION_TANK,12,kv,ShieldHunger,80
UNIT_FUSION_TANK,13,kv,FoodHunger,0
UNIT_FUSION_TANK,14,kv,MaxMovePoints,800
UNIT_FUSION_TANK,15,kv,VisionRange,3
UNIT_FUSION_TANK,16,kv,EnableAdvance,ADVANCE_FUSION
UNIT_FUSION_TANK,17,kv,ActiveDefenseRange,0
UNIT_FUSION_TANK,18,flag,LossMoveToDmgNone,
UNIT_FUSION_TANK,19,kv,MaxFuel,0
UNIT_FUSION_TANK,20,flag,CanEntrench,
UNIT_FUSION_TANK,21,flag,CanExpel,
UNIT_FUSION_TANK,22,flag,CanPillage,
UNIT_FUSION_TANK,23,flag,CanPirate,
UNIT_FUSION_TANK,24,flag,ExertsMartialLaw,
UNIT_FUSION_TANK,25,flag,DeathEffectsHappy,
UNIT_FUSION_TANK,26,flag,IsFlanker,
UNIT_FUSION_TANK,27,flag,Explodes,
UNIT_FUSION_TANK,28,flag,OnlyBuildOne,
UNIT_FUSION_TANK,29,kv,SoundSelect1,SOUND_SELECT1_FUSION_TANK
UNIT_FUSION_TANK,30,kv,SoundSelect2,SOUND_SELECT2_FUSION_TANK
UNIT_FUSION_TANK,31,kv,SoundMove,SOUND_MOVE_FUSION_TANK
UNIT_FUSION_TANK,32,kv,SoundAcknowledge,SOUND_ACKNOWLEDGE_FUSION_TANK
UNIT_FUSION_TANK,33,kv,SoundCantMove,SOUND_CANTMOVE_FUSION_TANK
UNIT_FUSION_TANK,34,kv,SoundAttack,SOUND_ATTACK_FUSION_TANK
UNIT_FUSION_TANK,35,kv,SoundWork,SOUND_WORK_FUSION_TANK
UNIT_FUSION_TANK,36,kv,SoundVictory,SOUND_VICTORY_FUSION_TANK
UNIT_FUSION_TANK,37,kv,SoundDeath,SOUND_DEATH_FUSION_TANK
UNIT_FUSION_TANK,38,sublist,CanAttack,Land
UNIT_FUSION_TANK,39,sublist,CanAttack,ShallowWater
UNIT_FUSION_TANK,40,sublist,CanSee,Standard
UNIT_FUSION_TANK,41,sublist,MovementType,Land
UNIT_FUSION_TANK,42,sublist,MovementType,ShallowWater
UNIT_FUSION_TANK,43,sublist,Size,Medium
UNIT_FUSION_TANK,44,sublist,VisionClass,Standard
UNIT_FUSION_TANK,45,nested,CanReform,"[{""t"": ""kv"", ""k"": ""Sound"", ""v"": ""SOUND_ID_REFORM_CITY""}, {""t"": ""kv"", ""k"": ""Effect"", ""v"": ""SPECEFFECT_REFORMCITY""}]"
UNIT_GALLEON,0,kv,Description,DESCRIPTION_UNIT_SHIP_OF_THE_LINE
UNIT_GALLEON,1,kv,DefaultIcon,ICON_UNIT_GALLEON
UNIT_GALLEON,2,kv,DefaultSprite,SPRITE_GALLEON
UNIT_GALLEON,3,kv,Category,UNIT_CATEGORY_NAVAL
UNIT_GALLEON,4,kv,Attack,35
UNIT_GALLEON,5,kv,Defense,25
UNIT_GALLEON,6,kv,ZBRangeAttack,30
UNIT_GALLEON,7,kv,Firepower,2
UNIT_GALLEON,8,kv,Armor,1
UNIT_GALLEON,9,kv,MaxHP,15
UNIT_GALLEON,10,kv,ShieldCost,1200
UNIT_GALLEON,11,kv,PowerPoints,12
UNIT_GALLEON,12,kv,ShieldHunger,13
UNIT_GALLEON,13,kv,FoodHunger,0
UNIT_GALLEON,14,kv,MaxMovePoints,400
UNIT_GALLEON,15,kv,VisionRange,2
UNIT_GALLEON,16,kv,EnableAdvance,ADVANCE_CHRONOMETER
UNIT_GALLEON,17,kv,ObsoleteAdvance,ADVANCE_NAVAL_TACTICS
UNIT_GALLEON,18,kv,BombRounds,5
UNIT_GALLEON,19,kv,BombardRange,1
UNIT_GALLEON,20,flag,CanCounterBombard,
UNIT_GALLEON,21,kv,ActiveDefenseRange,0
UNIT_GALLEON,22,flag,LossMoveToDmgNone,
UNIT_GALLEON,23,kv,MaxFuel,0
UNIT_GALLEON,24,flag,CanExpel,
UNIT_GALLEON,25,flag,CanPillage,
UNIT_GALLEON,26,flag,CanPirate,
UNIT_GALLEON,27,flag,CantCaptureCity,
UNIT_GALLEON,28,flag,ExertsMartialLaw,
UNIT_GALLEON,29,flag,DeathEffectsHappy,
UNIT_GALLEON,30,flag,OnlyBuildOne,
UNIT_GALLEON,31,kv,SoundSelect1,SOUND_SELECT1_SHIP_OF_THE_LINE
UNIT_GALLEON,32,kv,SoundSelect2,SOUND_SELECT2_SHIP_OF_THE_LINE
UNIT_GALLEON,33,kv,SoundMove,SOUND_MOVE_SHIP_OF_THE_LINE
UNIT_GALLEON,34,kv,SoundAcknowledge,SOUND_ACKNOWLEDGE_SHIP_OF_THE_LINE
UNIT_GALLEON,35,kv,SoundCantMove,SOUND_CANTMOVE_SHIP_OF_THE_LINE
UNIT_GALLEON,36,kv,SoundAttack,SOUND_ATTACK_SHIP_OF_THE_LINE
UNIT_GALLEON,37,kv,SoundWork,SOUND_WORK_SHIP_OF_THE_LINE
UNIT_GALLEON,38,kv,SoundVictory,SOUND_VICTORY_SHIP_OF_THE_LINE
UNIT_GALLEON,39,kv,SoundDeath,SOUND_DEATH_SHIP_OF_THE_LINE
UNIT_GALLEON,40,sublist,CanCarry,SmallLand
UNIT_GALLEON,41,sublist,CanCarry,MedLand
UNIT_GALLEON,42,sublist,CanAttack,Sea
UNIT_GALLEON,43,sublist,CanAttack,ShallowWater
UNIT_GALLEON,44,sublist,CanBombard,Land
UNIT_GALLEON,45,sublist,CanBombard,Mountain
UNIT_GALLEON,46,sublist,CanBombard,Water
UNIT_GALLEON,47,sublist,CanSee,Standard
UNIT_GALLEON,48,sublist,MovementType,Sea
UNIT_GALLEON,49,sublist,MovementType,ShallowWater
UNIT_GALLEON,50,sublist,Size,Large
UNIT_GALLEON,51,sublist,VisionClass,Standard
UNIT_GALLEON,52,nested,CargoData,"[{""t"": ""kv"", ""k"": ""MaxCargo"", ""v"": ""4""}, {""t"": ""kv"", ""k"": ""Load"", ""v"": ""SOUND_ID_TRIREME_LOAD""}, {""t"": ""kv"", ""k"": ""Unload"", ""v"": ""SOUND_ID_TRIREME_UNLOAD""}]"
UNIT_GALLEON,53,nested,CanReform,"[{""t"": ""kv"", ""k"": ""Sound"", ""v"": ""SOUND_ID_REFORM_CITY""}, {""t"": ""kv"", ""k"": ""Effect"", ""v"": ""SPECEFFECT_REFORMCITY""}]"
UNIT_GALLEY,0,kv,Description,DESCRIPTION_UNIT_FIRE_TRIREME
UNIT_GALLEY,1,kv,DefaultIcon,ICON_UNIT_GALLEY
UNIT_GALLEY,2,kv,DefaultSprite,SPRITE_GALLEY
UNIT_GALLEY,3,kv,Category,UNIT_CATEGORY_NAVAL
UNIT_GALLEY,4,kv,Attack,15
UNIT_GALLEY,5,kv,Defense,10
UNIT_GALLEY,6,kv,ZBRangeAttack,10
UNIT_GALLEY,7,kv,Firepower,1
UNIT_GALLEY,8,kv,Armor,1
UNIT_GALLEY,9,kv,MaxHP,11
UNIT_GALLEY,10,kv,ShieldCost,350
UNIT_GALLEY,11,kv,PowerPoints,11
UNIT_GALLEY,12,kv,ShieldHunger,4
UNIT_GALLEY,13,kv,FoodHunger,0
UNIT_GALLEY,14,kv,MaxMovePoints,300
UNIT_GALLEY,15,kv,VisionRange,1
UNIT_GALLEY,16,kv,EnableAdvance,ADVANCE_SEAMANSHIP
UNIT_GALLEY,17,kv,ObsoleteAdvance,ADVANCE_ALCHEMY
UNIT_GALLEY,18,kv,BombRounds,2
UNIT_GALLEY,19,kv,BombardRange,1
UNIT_GALLEY,20,flag,CanCounterBombard,
UNIT_GALLEY,21,kv,ActiveDefenseRange,0
UNIT_GALLEY,22,flag,LossMoveToDmgNone,
UNIT_GALLEY,23,kv,MaxFuel,0
UNIT_GALLEY,24,flag,CanExpel,
UNIT_GALLEY,25,flag,CanPillage,
UNIT_GALLEY,26,flag,CanPirate,
UNIT_GALLEY,27,flag,CantCaptureCity,
UNIT_GALLEY,28,flag,ExertsMartialLaw,
UNIT_GALLEY,29,flag,DeathEffectsHappy,
UNIT_GALLEY,30,flag,IsFlanker,
UNIT_GALLEY,31,flag,WoodenShip,
UNIT_GALLEY,32,flag,OnlyBuildOne,
UNIT_GALLEY,33,kv,SoundSelect1,SOUND_SELECT1_GREEK_FIRE_TRIREME
UNIT_GALLEY,34,kv,SoundSelect2,SOUND_SELECT2_GREEK_FIRE_TRIREME
UNIT_GALLEY,35,kv,SoundMove,SOUND_MOVE_GREEK_FIRE_TRIREME
UNIT_GALLEY,36,kv,SoundAcknowledge,SOUND_ACKNOWLEDGE_GREEK_FIRE_TRIREME
UNIT_GALLEY,37,kv,SoundCantMove,SOUND_CANTMOVE_GREEK_FIRE_TRIREME
UNIT_GALLEY,38,kv,SoundAttack,SOUND_ATTACK_GREEK_FIRE_TRIREME
UNIT_GALLEY,39,kv,SoundWork,SOUND_WORK_GREEK_FIRE_TRIREME
UNIT_GALLEY,40,kv,SoundVictory,SOUND_VICTORY_GREEK_FIRE_TRIREME
UNIT_GALLEY,41,kv,SoundDeath,SOUND_DEATH_GREEK_FIRE_TRIREME
UNIT_GALLEY,42,sublist,CanCarry,SmallLand
UNIT_GALLEY,43,sublist,CanCarry,MedLand
UNIT_GALLEY,44,sublist,CanAttack,Sea
UNIT_GALLEY,45,sublist,CanAttack,ShallowWater
UNIT_GALLEY,46,sublist,CanBombard,Water
UNIT_GALLEY,47,sublist,CanSee,Standard
UNIT_GALLEY,48,sublist,MovementType,ShallowWater
UNIT_GALLEY,49,sublist,Size,Large
UNIT_GALLEY,50,sublist,VisionClass,Standard
UNIT_GALLEY,51,nested,CanReform,"[{""t"": ""kv"", ""k"": ""Sound"", ""v"": ""SOUND_ID_REFORM_CITY""}, {""t"": ""kv"", ""k"": ""Effect"", ""v"": ""SPECEFFECT_REFORMCITY""}]"
UNIT_GALLEY,52,nested,CargoData,"[{""t"": ""kv"", ""k"": ""MaxCargo"", ""v"": ""2""}, {""t"": ""kv"", ""k"": ""Load"", ""v"": ""SOUND_ID_TRIREME_LOAD""}, {""t"": ""kv"", ""k"": ""Unload"", ""v"": ""SOUND_ID_TRIREME_UNLOAD""}]"
UNIT_HEAVY_CAVALRY,0,kv,Description,DESCRIPTION_UNIT_KNIGHT
UNIT_HEAVY_CAVALRY,1,kv,DefaultIcon,ICON_UNIT_HEAVY_CAVALRY
UNIT_HEAVY_CAVALRY,2,kv,DefaultSprite,SPRITE_HEAVY_CAVALRY
UNIT_HEAVY_CAVALRY,3,kv,Category,UNIT_CATEGORY_FLANKER
UNIT_HEAVY_CAVALRY,4,kv,Attack,30
UNIT_HEAVY_CAVALRY,5,kv,Defense,20
UNIT_HEAVY_CAVALRY,6,kv,ZBRangeAttack,0
UNIT_HEAVY_CAVALRY,7,kv,Firepower,2
UNIT_HEAVY_CAVALRY,8,kv,Armor,1
UNIT_HEAVY_CAVALRY,9,kv,MaxHP,11
UNIT_HEAVY_CAVALRY,10,kv,ShieldCost,725
UNIT_HEAVY_CAVALRY,11,kv,PowerPoints,60
UNIT_HEAVY_CAVALRY,12,kv,ShieldHunger,8
UNIT_HEAVY_CAVALRY,13,kv,FoodHunger,0
UNIT_HEAVY_CAVALRY,14,kv,MaxMovePoints,300
UNIT_HEAVY_CAVALRY,15,kv,VisionRange,2
UNIT_HEAVY_CAVALRY,16,kv,EnableAdvance,ADVANCE_ANIMAL_HUSBANDRY
UNIT_HEAVY_CAVALRY,17,kv,ObsoleteAdvance,ADVANCE_STIRRUP
UNIT_HEAVY_CAVALRY,18,kv,ActiveDefenseRange,0
UNIT_HEAVY_CAVALRY,19,flag,LossMoveToDmgNone,
UNIT_HEAVY_CAVALRY,20,kv,MaxFuel,0
UNIT_HEAVY_CAVALRY,21,flag,CanEntrench,
UNIT_HEAVY_CAVALRY,22,flag,CanExpel,
UNIT_HEAVY_CAVALRY,23,flag,CanPillage,
UNIT_HEAVY_CAVALRY,24,flag,CanPirate,
UNIT_HEAVY_CAVALRY,25,flag,ExertsMartialLaw,
UNIT_HEAVY_CAVALRY,26,flag,DeathEffectsHappy,
UNIT_HEAVY_CAVALRY,27,flag,IsFlanker,
UNIT_HEAVY_CAVALRY,28,flag,IsSpecialForces,
UNIT_HEAVY_CAVALRY,29,flag,IsMounted,
UNIT_HEAVY_CAVALRY,30,flag,OnlyBuildOne,
UNIT_HEAVY_CAVALRY,31,kv,SoundSelect1,SOUND_SELECT1_KNIGHT
UNIT_HEAVY_CAVALRY,32,kv,SoundSelect2,SOUND_SELECT2_KNIGHT
UNIT_HEAVY_CAVALRY,33,kv,SoundMove,SOUND_MOVE_KNIGHT
UNIT_HEAVY_CAVALRY,34,kv,SoundAcknowledge,SOUND_ACKNOWLEDGE_KNIGHT
UNIT_HEAVY_CAVALRY,35,kv,SoundCantMove,SOUND_CANTMOVE_KNIGHT
UNIT_HEAVY_CAVALRY,36,kv,SoundAttack,SOUND_ATTACK_KNIGHT
UNIT_HEAVY_CAVALRY,37,kv,SoundWork,SOUND_WORK_KNIGHT
UNIT_HEAVY_CAVALRY,38,kv,SoundVictory,SOUND_VICTORY_KNIGHT
UNIT_HEAVY_CAVALRY,39,kv,SoundDeath,SOUND_DEATH_KNIGHT
UNIT_HEAVY_CAVALRY,40,sublist,CanAttack,Land
UNIT_HEAVY_CAVALRY,41,sublist,CanSee,Standard
UNIT_HEAVY_CAVALRY,42,sublist,MovementType,Land
UNIT_HEAVY_CAVALRY,43,sublist,Size,Medium
UNIT_HEAVY_CAVALRY,44,sublist,VisionClass,Standard
UNIT_HEAVY_CAVALRY,45,nested,CanReform,"[{""t"": ""kv"", ""k"": ""Sound"", ""v"": ""SOUND_ID_REFORM_CITY""}, {""t"": ""kv"", ""k"": ""Effect"", ""v"": ""SPECEFFECT_REFORMCITY""}]"
UNIT_HEAVY_SPEARMAN,0,kv,Description,DESCRIPTION_UNIT_WARRIOR
UNIT_HEAVY_SPEARMAN,1,kv,DefaultIcon,ICON_UNIT_HEAVY_SPEARMAN
UNIT_HEAVY_SPEARMAN,2,kv,DefaultSprite,SPRITE_HEAVY_SPEARMAN
UNIT_HEAVY_SPEARMAN,3,kv,Category,UNIT_CATEGORY_DEFENSE
UNIT_HEAVY_SPEARMAN,4,kv,Attack,10
UNIT_HEAVY_SPEARMAN,5,kv,Defense,20
UNIT_HEAVY_SPEARMAN,6,kv,ZBRangeAttack,0
UNIT_HEAVY_SPEARMAN,7,kv,Firepower,1
UNIT_HEAVY_SPEARMAN,8,kv,Armor,1
UNIT_HEAVY_SPEARMAN,9,kv,MaxHP,11
UNIT_HEAVY_SPEARMAN,10,kv,ShieldCost,250
UNIT_HEAVY_SPEARMAN,11,kv,PowerPoints,81
UNIT_HEAVY_SPEARMAN,12,kv,ShieldHunger,2
UNIT_HEAVY_SPEARMAN,13,kv,FoodHunger,0
UNIT_HEAVY_SPEARMAN,14,kv,MaxMovePoints,100
UNIT_HEAVY_SPEARMAN,15,kv,VisionRange,1
UNIT_HEAVY_SPEARMAN,16,kv,EnableAdvance,ADVANCE_PLOUGH
UNIT_HEAVY_SPEARMAN,17,kv,ObsoleteAdvance,ADVANCE_BRONZE_WORKING
UNIT_HEAVY_SPEARMAN,18,kv,ActiveDefenseRange,0
UNIT_HEAVY_SPEARMAN,19,flag,LossMoveToDmgNone,
UNIT_HEAVY_SPEARMAN,20,kv,MaxFuel,0
UNIT_HEAVY_SPEARMAN,21,flag,CanEntrench,
UNIT_HEAVY_SPEARMAN,22,flag,CanExpel,
UNIT_HEAVY_SPEARMAN,23,flag,CanPillage,
UNIT_HEAVY_SPEARMAN,24,flag,CanPirate,
UNIT_HEAVY_SPEARMAN,25,flag,ExertsMartialLaw,
UNIT_HEAVY_SPEARMAN,26,flag,DeathEffectsHappy,
UNIT_HEAVY_SPEARMAN,27,flag,OnlyBuildOne,
UNIT_HEAVY_SPEARMAN,28,kv,SoundSelect1,SOUND_SELECT1_PIKEMEN
UNIT_HEAVY_SPEARMAN,29,kv,SoundSelect2,SOUND_SELECT2_PIKEMEN
UNIT_HEAVY_SPEARMAN,30,kv,SoundMove,SOUND_MOVE_PIKEMEN
UNIT_HEAVY_SPEARMAN,31,kv,SoundAcknowledge,SOUND_ACKNOWLEDGE_PIKEMEN
UNIT_HEAVY_SPEARMAN,32,kv,SoundCantMove,SOUND_CANTMOVE_PIKEMEN
UNIT_HEAVY_SPEARMAN,33,kv,SoundAttack,SOUND_ATTACK_PIKEMEN
UNIT_HEAVY_SPEARMAN,34,kv,SoundWork,SOUND_WORK_PIKEMEN
UNIT_HEAVY_SPEARMAN,35,kv,SoundVictory,SOUND_VICTORY_PIKEMEN
UNIT_HEAVY_SPEARMAN,36,kv,SoundDeath,SOUND_DEATH_PIKEMEN
UNIT_HEAVY_SPEARMAN,37,sublist,CanAttack,Land
UNIT_HEAVY_SPEARMAN,38,sublist,CanAttack,Mountain
UNIT_HEAVY_SPEARMAN,39,sublist,CanSee,Standard
UNIT_HEAVY_SPEARMAN,40,sublist,MovementType,Land
UNIT_HEAVY_SPEARMAN,41,sublist,MovementType,Mountain
UNIT_HEAVY_SPEARMAN,42,sublist,Size,Medium
UNIT_HEAVY_SPEARMAN,43,sublist,VisionClass,Standard
UNIT_HEAVY_SPEARMAN,44,nested,CanReform,"[{""t"": ""kv"", ""k"": ""Sound"", ""v"": ""SOUND_ID_REFORM_CITY""}, {""t"": ""kv"", ""k"": ""Effect"", ""v"": ""SPECEFFECT_REFORMCITY""}]"
UNIT_HEAVY_SWORDSMAN,0,kv,Description,DESCRIPTION_UNIT_HOPLITE
UNIT_HEAVY_SWORDSMAN,1,kv,DefaultIcon,ICON_UNIT_HEAVY_SWORDSMAN
UNIT_HEAVY_SWORDSMAN,2,kv,DefaultSprite,SPRITE_HEAVY_SWORDSMAN
UNIT_HEAVY_SWORDSMAN,3,kv,Category,UNIT_CATEGORY_ATTACK
UNIT_HEAVY_SWORDSMAN,4,kv,Attack,20
UNIT_HEAVY_SWORDSMAN,5,kv,Defense,15
UNIT_HEAVY_SWORDSMAN,6,kv,ZBRangeAttack,0
UNIT_HEAVY_SWORDSMAN,7,kv,Firepower,1
UNIT_HEAVY_SWORDSMAN,8,kv,Armor,1
UNIT_HEAVY_SWORDSMAN,9,kv,MaxHP,10
UNIT_HEAVY_SWORDSMAN,10,kv,ShieldCost,250
UNIT_HEAVY_SWORDSMAN,11,kv,PowerPoints,70
UNIT_HEAVY_SWORDSMAN,12,kv,ShieldHunger,3
UNIT_HEAVY_SWORDSMAN,13,kv,FoodHunger,0
UNIT_HEAVY_SWORDSMAN,14,kv,MaxMovePoints,100
UNIT_HEAVY_SWORDSMAN,15,kv,VisionRange,1
UNIT_HEAVY_SWORDSMAN,16,kv,EnableAdvance,ADVANCE_COPPER_SMELTING
UNIT_HEAVY_SWORDSMAN,17,kv,ObsoleteAdvance,ADVANCE_CITIZENSHIP
UNIT_HEAVY_SWORDSMAN,18,kv,ActiveDefenseRange,0
UNIT_HEAVY_SWORDSMAN,19,flag,LossMoveToDmgNone,
UNIT_HEAVY_SWORDSMAN,20,kv,MaxFuel,0
UNIT_HEAVY_SWORDSMAN,21,flag,CanEntrench,
UNIT_HEAVY_SWORDSMAN,22,flag,CanExpel,
UNIT_HEAVY_SWORDSMAN,23,flag,CanPillage,
UNIT_HEAVY_SWORDSMAN,24,flag,CanPirate,
UNIT_HEAVY_SWORDSMAN,25,flag,ExertsMartialLaw,
UNIT_HEAVY_SWORDSMAN,26,flag,DeathEffectsHappy,
UNIT_HEAVY_SWORDSMAN,27,flag,OnlyBuildOne,
UNIT_HEAVY_SWORDSMAN,28,kv,SoundSelect1,SOUND_SELECT1_HOPLITE
UNIT_HEAVY_SWORDSMAN,29,kv,SoundSelect2,SOUND_SELECT2_HOPLITE
UNIT_HEAVY_SWORDSMAN,30,kv,SoundMove,SOUND_MOVE_HOPLITE
UNIT_HEAVY_SWORDSMAN,31,kv,SoundAcknowledge,SOUND_ACKNOWLEDGE_HOPLITE
UNIT_HEAVY_SWORDSMAN,32,kv,SoundCantMove,SOUND_CANTMOVE_HOPLITE
UNIT_HEAVY_SWORDSMAN,33,kv,SoundAttack,SOUND_ATTACK_HOPLITE
UNIT_HEAVY_SWORDSMAN,34,kv,SoundWork,SOUND_WORK_HOPLITE
UNIT_HEAVY_SWORDSMAN,35,kv,SoundVictory,SOUND_VICTORY_HOPLITE
UNIT_HEAVY_SWORDSMAN,36,kv,SoundDeath,SOUND_DEATH_HOPLITE
UNIT_HEAVY_SWORDSMAN,37,sublist,CanAttack,Land
UNIT_HEAVY_SWORDSMAN,38,sublist,CanAttack,Mountain
UNIT_HEAVY_SWORDSMAN,39,sublist,CanSee,Standard
UNIT_HEAVY_SWORDSMAN,40,sublist,MovementType,Land
UNIT_HEAVY_SWORDSMAN,41,sublist,MovementType,Mountain
UNIT_HEAVY_SWORDSMAN,42,sublist,Size,Medium
UNIT_HEAVY_SWORDSMAN,43,sublist,VisionClass,Standard
UNIT_HEAVY_SWORDSMAN,44,nested,CanReform,"[{""t"": ""kv"", ""k"": ""Sound"", ""v"": ""SOUND_ID_REFORM_CITY""}, {""t"": ""kv"", ""k"": ""Effect"", ""v"": ""SPECEFFECT_REFORMCITY""}]"
UNIT_HEPTIREME,0,kv,Description,DESCRIPTION_UNIT_GALLEY
UNIT_HEPTIREME,1,kv,DefaultIcon,ICON_UNIT_HEPTIREME
UNIT_HEPTIREME,2,kv,DefaultSprite,SPRITE_HEPTIREME
UNIT_HEPTIREME,3,kv,Category,UNIT_CATEGORY_NAVAL
UNIT_HEPTIREME,4,kv,Attack,25
UNIT_HEPTIREME,5,kv,Defense,15
UNIT_HEPTIREME,6,kv,ZBRangeAttack,15
UNIT_HEPTIREME,7,kv,Firepower,2
UNIT_HEPTIREME,8,kv,Armor,1
UNIT_HEPTIREME,9,kv,MaxHP,15
UNIT_HEPTIREME,10,kv,ShieldCost,600
UNIT_HEPTIREME,11,kv,PowerPoints,12
UNIT_HEPTIREME,12,kv,ShieldHunger,6
UNIT_HEPTIREME,13,kv,FoodHunger,0
UNIT_HEPTIREME,14,kv,MaxMovePoints,400
UNIT_HEPTIREME,15,kv,VisionRange,1
UNIT_HEPTIREME,16,kv,EnableAdvance,ADVANCE_HULL_MAKING
UNIT_HEPTIREME,17,kv,ObsoleteAdvance,ADVANCE_CHRONOMETER
UNIT_HEPTIREME,18,kv,BombRounds,2
UNIT_HEPTIREME,19,kv,BombardRange,1
UNIT_HEPTIREME,20,flag,CanCounterBombard,
UNIT_HEPTIREME,21,kv,ActiveDefenseRange,0
UNIT_HEPTIREME,22,flag,LossMoveToDmgNone,
UNIT_HEPTIREME,23,kv,MaxFuel,0
UNIT_HEPTIREME,24,flag,CanExpel,
UNIT_HEPTIREME,25,flag,CanPillage,
UNIT_HEPTIREME,26,flag,CanPirate,
UNIT_HEPTIREME,27,flag,CantCaptureCity,
UNIT_HEPTIREME,28,flag,DeathEffectsHappy,
UNIT_HEPTIREME,29,flag,IsFlanker,
UNIT_HEPTIREME,30,flag,WoodenShip,
UNIT_HEPTIREME,31,flag,OnlyBuildOne,
UNIT_HEPTIREME,32,kv,SoundSelect1,SOUND_SELECT1_GREEK_FIRE_TRIREME
UNIT_HEPTIREME,33,kv,SoundSelect2,SOUND_SELECT2_GREEK_FIRE_TRIREME
UNIT_HEPTIREME,34,kv,SoundMove,SOUND_MOVE_GREEK_FIRE_TRIREME
UNIT_HEPTIREME,35,kv,SoundAcknowledge,SOUND_ACKNOWLEDGE_GREEK_FIRE_TRIREME
UNIT_HEPTIREME,36,kv,SoundCantMove,SOUND_CANTMOVE_GREEK_FIRE_TRIREME
UNIT_HEPTIREME,37,kv,SoundAttack,SOUND_ATTACK_GREEK_FIRE_TRIREME
UNIT_HEPTIREME,38,kv,SoundWork,SOUND_WORK_GREEK_FIRE_TRIREME
UNIT_HEPTIREME,39,kv,SoundVictory,SOUND_VICTORY_GREEK_FIRE_TRIREME
UNIT_HEPTIREME,40,kv,SoundDeath,SOUND_DEATH_GREEK_FIRE_TRIREME
UNIT_HEPTIREME,41,sublist,CanAttack,Sea
UNIT_HEPTIREME,42,sublist,CanAttack,ShallowWater
UNIT_HEPTIREME,43,sublist,CanCarry,MedLand
UNIT_HEPTIREME,44,sublist,CanCarry,SmallLand
UNIT_HEPTIREME,45,sublist,CanBombard,Water
UNIT_HEPTIREME,46,sublist,CanSee,Standard
UNIT_HEPTIREME,47,sublist,MovementType,ShallowWater
UNIT_HEPTIREME,48,sublist,Size,Large
UNIT_HEPTIREME,49,sublist,VisionClass,Standard
UNIT_HEPTIREME,50,nested,CanReform,"[{""t"": ""kv"", ""k"": ""Sound"", ""v"": ""SOUND_ID_REFORM_CITY""}, {""t"": ""kv"", ""k"": ""Effect"", ""v"": ""SPECEFFECT_REFORMCITY""}]"
UNIT_HEPTIREME,51,nested,CargoData,"[{""t"": ""kv"", ""k"": ""MaxCargo"", ""v"": ""2""}, {""t"": ""kv"", ""k"": ""Load"", ""v"": ""SOUND_ID_TRIREME_LOAD""}, {""t"": ""kv"", ""k"": ""Unload"", ""v"": ""SOUND_ID_TRIREME_UNLOAD""}]"
UNIT_HOPLITE,0,kv,Description,DESCRIPTION_UNIT_HOPLITE
UNIT_HOPLITE,1,kv,DefaultIcon,ICON_UNIT_HOPLITE
UNIT_HOPLITE,2,kv,DefaultSprite,SPRITE_HOPLITE
UNIT_HOPLITE,3,kv,Category,UNIT_CATEGORY_DEFENSE
UNIT_HOPLITE,4,kv,Attack,15
UNIT_HOPLITE,5,kv,Defense,20
UNIT_HOPLITE,6,kv,ZBRangeAttack,0
UNIT_HOPLITE,7,kv,Firepower,1
UNIT_HOPLITE,8,kv,Armor,1
UNIT_HOPLITE,9,kv,MaxHP,12
UNIT_HOPLITE,10,kv,ShieldCost,280
UNIT_HOPLITE,11,kv,PowerPoints,81
UNIT_HOPLITE,12,kv,ShieldHunger,3
UNIT_HOPLITE,13,kv,FoodHunger,0
UNIT_HOPLITE,14,kv,MaxMovePoints,100
UNIT_HOPLITE,15,kv,VisionRange,1
UNIT_HOPLITE,16,kv,EnableAdvance,ADVANCE_BRONZE_WORKING
UNIT_HOPLITE,17,kv,ObsoleteAdvance,ADVANCE_IRON_WORKING
UNIT_HOPLITE,18,kv,ActiveDefenseRange,0
UNIT_HOPLITE,19,flag,LossMoveToDmgNone,
UNIT_HOPLITE,20,kv,MaxFuel,0
UNIT_HOPLITE,21,flag,CanEntrench,
UNIT_HOPLITE,22,flag,CanExpel,
UNIT_HOPLITE,23,flag,CanPillage,
UNIT_HOPLITE,24,flag,CanPirate,
UNIT_HOPLITE,25,flag,ExertsMartialLaw,
UNIT_HOPLITE,26,flag,DeathEffectsHappy,
UNIT_HOPLITE,27,flag,OnlyBuildOne,
UNIT_HOPLITE,28,kv,SoundSelect1,SOUND_SELECT1_HOPLITE
UNIT_HOPLITE,29,kv,SoundSelect2,SOUND_SELECT2_HOPLITE
UNIT_HOPLITE,30,kv,SoundMove,SOUND_MOVE_HOPLITE
UNIT_HOPLITE,31,kv,SoundAcknowledge,SOUND_ACKNOWLEDGE_HOPLITE
UNIT_HOPLITE,32,kv,SoundCantMove,SOUND_CANTMOVE_HOPLITE
UNIT_HOPLITE,33,kv,SoundAttack,SOUND_ATTACK_HOPLITE
UNIT_HOPLITE,34,kv,SoundWork,SOUND_WORK_HOPLITE
UNIT_HOPLITE,35,kv,SoundVictory,SOUND_VICTORY_HOPLITE
UNIT_HOPLITE,36,kv,SoundDeath,SOUND_DEATH_HOPLITE
UNIT_HOPLITE,37,sublist,CanAttack,Land
UNIT_HOPLITE,38,sublist,CanAttack,Mountain
UNIT_HOPLITE,39,sublist,CanSee,Standard
UNIT_HOPLITE,40,sublist,MovementType,Land
UNIT_HOPLITE,41,sublist,MovementType,Mountain
UNIT_HOPLITE,42,sublist,Size,Medium
UNIT_HOPLITE,43,sublist,VisionClass,Standard
UNIT_HOPLITE,44,nested,CanReform,"[{""t"": ""kv"", ""k"": ""Sound"", ""v"": ""SOUND_ID_REFORM_CITY""}, {""t"": ""kv"", ""k"": ""Effect"", ""v"": ""SPECEFFECT_REFORMCITY""}]"
UNIT_HORSEMAN,0,kv,Description,DESCRIPTION_UNIT_KNIGHT
UNIT_HORSEMAN,1,kv,DefaultIcon,ICON_UNIT_HORSEMAN
UNIT_HORSEMAN,2,kv,DefaultSprite,SPRITE_HORSEMAN
UNIT_HORSEMAN,3,kv,Category,UNIT_CATEGORY_FLANKER
UNIT_HORSEMAN,4,kv,Attack,25
UNIT_HORSEMAN,5,kv,Defense,15
UNIT_HORSEMAN,6,kv,ZBRangeAttack,15
UNIT_HORSEMAN,7,kv,Firepower,1
UNIT_HORSEMAN,8,kv,Armor,1
UNIT_HORSEMAN,9,kv,MaxHP,12
UNIT_HORSEMAN,10,kv,ShieldCost,600
UNIT_HORSEMAN,11,kv,PowerPoints,60
UNIT_HORSEMAN,12,kv,ShieldHunger,6
UNIT_HORSEMAN,13,kv,FoodHunger,0
UNIT_HORSEMAN,14,kv,MaxMovePoints,300
UNIT_HORSEMAN,15,kv,VisionRange,2
UNIT_HORSEMAN,16,kv,EnableAdvance,ADVANCE_HORSE_ARMOR
UNIT_HORSEMAN,17,kv,ObsoleteAdvance,ADVANCE_STIRRUP
UNIT_HORSEMAN,18,kv,ActiveDefenseRange,0
UNIT_HORSEMAN,19,flag,LossMoveToDmgNone,
UNIT_HORSEMAN,20,kv,MaxFuel,0
UNIT_HORSEMAN,21,flag,CanEntrench,
UNIT_HORSEMAN,22,flag,CanExpel,
UNIT_HORSEMAN,23,flag,CanPillage,
UNIT_HORSEMAN,24,flag,CanPirate,
UNIT_HORSEMAN,25,flag,ExertsMartialLaw,
UNIT_HORSEMAN,26,flag,DeathEffectsHappy,
UNIT_HORSEMAN,27,flag,IsMounted,
UNIT_HORSEMAN,28,flag,IsFlanker,
UNIT_HORSEMAN,29,flag,OnlyBuildOne,
UNIT_HORSEMAN,30,kv,SoundSelect1,SOUND_SELECT1_KNIGHT
UNIT_HORSEMAN,31,kv,SoundSelect2,SOUND_SELECT2_KNIGHT
UNIT_HORSEMAN,32,kv,SoundMove,SOUND_MOVE_KNIGHT
UNIT_HORSEMAN,33,kv,SoundAcknowledge,SOUND_ACKNOWLEDGE_KNIGHT
UNIT_HORSEMAN,34,kv,SoundCantMove,SOUND_CANTMOVE_KNIGHT
UNIT_HORSEMAN,35,kv,SoundAttack,SOUND_ATTACK_KNIGHT
UNIT_HORSEMAN,36,kv,SoundWork,SOUND_WORK_KNIGHT
UNIT_HORSEMAN,37,kv,SoundVictory,SOUND_VICTORY_KNIGHT
UNIT_HORSEMAN,38,kv,SoundDeath,SOUND_DEATH_KNIGHT
UNIT_HORSEMAN,39,sublist,CanAttack,Land
UNIT_HORSEMAN,40,sublist,CanSee,Standard
UNIT_HORSEMAN,41,sublist,MovementType,Land
UNIT_HORSEMAN,42,sublist,Size,Medium
UNIT_HORSEMAN,43,sublist,VisionClass,Standard
UNIT_HORSEMAN,44,nested,CanReform,"[{""t"": ""kv"", ""k"": ""Sound"", ""v"": ""SOUND_ID_REFORM_CITY""}, {""t"": ""kv"", ""k"": ""Effect"", ""v"": ""SPECEFFECT_REFORMCITY""}]"
UNIT_HOVER_INFANTRY,0,kv,Description,DESCRIPTION_UNIT_HOVER_INFANTRY
UNIT_HOVER_INFANTRY,1,kv,DefaultIcon,ICON_UNIT_HOVER_INFANTRY
UNIT_HOVER_INFANTRY,2,kv,DefaultSprite,SPRITE_HOVER_INFANTRY
UNIT_HOVER_INFANTRY,3,kv,Category,UNIT_CATEGORY_ATTACK
UNIT_HOVER_INFANTRY,4,kv,Attack,85
UNIT_HOVER_INFANTRY,5,kv,Defense,70
UNIT_HOVER_INFANTRY,6,kv,ZBRangeAttack,60
UNIT_HOVER_INFANTRY,7,kv,Firepower,4
UNIT_HOVER_INFANTRY,8,kv,Armor,2
UNIT_HOVER_INFANTRY,9,kv,MaxHP,25
UNIT_HOVER_INFANTRY,10,kv,ShieldCost,3400
UNIT_HOVER_INFANTRY,11,kv,PowerPoints,70
UNIT_HOVER_INFANTRY,12,kv,ShieldHunger,38
UNIT_HOVER_INFANTRY,13,kv,FoodHunger,0
UNIT_HOVER_INFANTRY,14,kv,MaxMovePoints,500
UNIT_HOVER_INFANTRY,15,kv,VisionRange,4
UNIT_HOVER_INFANTRY,16,kv,EnableAdvance,ADVANCE_CHAOS_THEORY
UNIT_HOVER_INFANTRY,17,kv,ActiveDefenseRange,0
UNIT_HOVER_INFANTRY,18,flag,LossMoveToDmgNone,
UNIT_HOVER_INFANTRY,19,kv,MaxFuel,0
UNIT_HOVER_INFANTRY,20,flag,CanEntrench,
UNIT_HOVER_INFANTRY,21,flag,CanExpel,
UNIT_HOVER_INFANTRY,22,flag,CanPillage,
UNIT_HOVER_INFANTRY,23,flag,CanPirate,
UNIT_HOVER_INFANTRY,24,flag,ExertsMartialLaw,
UNIT_HOVER_INFANTRY,25,flag,DeathEffectsHappy,
UNIT_HOVER_INFANTRY,26,flag,OnlyBuildOne,
UNIT_HOVER_INFANTRY,27,kv,SoundSelect1,SOUND_SELECT1_HOVER_INFANTRY
UNIT_HOVER_INFANTRY,28,kv,SoundSelect2,SOUND_SELECT2_HOVER_INFANTRY
UNIT_HOVER_INFANTRY,29,kv,SoundMove,SOUND_MOVE_HOVER_INFANTRY
UNIT_HOVER_INFANTRY,30,kv,SoundAcknowledge,SOUND_ACKNOWLEDGE_HOVER_INFANTRY
UNIT_HOVER_INFANTRY,31,kv,SoundCantMove,SOUND_CANTMOVE_HOVER_INFANTRY
UNIT_HOVER_INFANTRY,32,kv,SoundAttack,SOUND_ATTACK_HOVER_INFANTRY
UNIT_HOVER_INFANTRY,33,kv,SoundWork,SOUND_WORK_HOVER_INFANTRY
UNIT_HOVER_INFANTRY,34,kv,SoundVictory,SOUND_VICTORY_HOVER_INFANTRY
UNIT_HOVER_INFANTRY,35,kv,SoundDeath,SOUND_DEATH_HOVER_INFANTRY
UNIT_HOVER_INFANTRY,36,sublist,CanAttack,Land
UNIT_HOVER_INFANTRY,37,sublist,CanAttack,Mountain
UNIT_HOVER_INFANTRY,38,sublist,CanSee,Standard
UNIT_HOVER_INFANTRY,39,sublist,MovementType,Land
UNIT_HOVER_INFANTRY,40,sublist,MovementType,Mountain
UNIT_HOVER_INFANTRY,41,sublist,Size,Medium
UNIT_HOVER_INFANTRY,42,sublist,VisionClass,Standard
UNIT_HOVER_INFANTRY,43,nested,CanReform,"[{""t"": ""kv"", ""k"": ""Sound"", ""v"": ""SOUND_ID_REFORM_CITY""}, {""t"": ""kv"", ""k"": ""Effect"", ""v"": ""SPECEFFECT_REFORMCITY""}]"
UNIT_HUN_RAIDER,0,kv,Description,DESCRIPTION_UNIT_MOUNTED_ARCHER
UNIT_HUN_RAIDER,1,kv,DefaultIcon,ICON_UNIT_HUN_RAIDER
UNIT_HUN_RAIDER,2,kv,DefaultSprite,SPRITE_HUN_RAIDER
UNIT_HUN_RAIDER,3,kv,Category,UNIT_CATEGORY_RANGED
UNIT_HUN_RAIDER,4,kv,Attack,25
UNIT_HUN_RAIDER,5,kv,Defense,20
UNIT_HUN_RAIDER,6,kv,ZBRangeAttack,25
UNIT_HUN_RAIDER,7,kv,Firepower,1
UNIT_HUN_RAIDER,8,kv,Armor,1
UNIT_HUN_RAIDER,9,kv,MaxHP,12
UNIT_HUN_RAIDER,10,kv,ShieldCost,700
UNIT_HUN_RAIDER,11,kv,PowerPoints,60
UNIT_HUN_RAIDER,12,kv,ShieldHunger,7
UNIT_HUN_RAIDER,13,kv,FoodHunger,0
UNIT_HUN_RAIDER,14,kv,MaxMovePoints,400
UNIT_HUN_RAIDER,15,kv,VisionRange,2
UNIT_HUN_RAIDER,16,kv,EnableAdvance,ADVANCE_MIGRATION
UNIT_HUN_RAIDER,17,kv,ObsoleteAdvance,ADVANCE_CAVALRY_TACTICS
UNIT_HUN_RAIDER,18,kv,BombRounds,2
UNIT_HUN_RAIDER,19,kv,BombardRange,1
UNIT_HUN_RAIDER,20,flag,CanCounterBombard,
UNIT_HUN_RAIDER,21,kv,ActiveDefenseRange,0
UNIT_HUN_RAIDER,22,flag,LossMoveToDmgNone,
UNIT_HUN_RAIDER,23,kv,MaxFuel,0
UNIT_HUN_RAIDER,24,flag,CanEntrench,
UNIT_HUN_RAIDER,25,flag,CanExpel,
UNIT_HUN_RAIDER,26,flag,CanPillage,
UNIT_HUN_RAIDER,27,flag,CanPirate,
UNIT_HUN_RAIDER,28,flag,ExertsMartialLaw,
UNIT_HUN_RAIDER,29,flag,DeathEffectsHappy,
UNIT_HUN_RAIDER,30,flag,IsFlanker,
UNIT_HUN_RAIDER,31,flag,IsSpecialForces,
UNIT_HUN_RAIDER,32,flag,IsMounted,
UNIT_HUN_RAIDER,33,flag,OnlyBuildOne,
UNIT_HUN_RAIDER,34,kv,SoundSelect1,SOUND_SELECT1_MOUNTED_ARCHER
UNIT_HUN_RAIDER,35,kv,SoundSelect2,SOUND_SELECT2_MOUNTED_ARCHER
UNIT_HUN_RAIDER,36,kv,SoundMove,SOUND_MOVE_MOUNTED_ARCHER
UNIT_HUN_RAIDER,37,kv,SoundAcknowledge,SOUND_ACKNOWLEDGE_MOUNTED_ARCHER
UNIT_HUN_RAIDER,38,kv,SoundCantMove,SOUND_CANTMOVE_MOUNTED_ARCHER
UNIT_HUN_RAIDER,39,kv,SoundAttack,SOUND_ATTACK_MOUNTED_ARCHER
UNIT_HUN_RAIDER,40,kv,SoundWork,SOUND_WORK_MOUNTED_ARCHER
UNIT_HUN_RAIDER,41,kv,SoundVictory,SOUND_VICTORY_MOUNTED_ARCHER
UNIT_HUN_RAIDER,42,kv,SoundDeath,SOUND_DEATH_MOUNTED_ARCHER
UNIT_HUN_RAIDER,43,sublist,CanAttack,Land
UNIT_HUN_RAIDER,44,sublist,CanBombard,Land
UNIT_HUN_RAIDER,45,sublist,CanSee,Standard
UNIT_HUN_RAIDER,46,sublist,MovementType,Land
UNIT_HUN_RAIDER,47,sublist,MovementType,Mountain
UNIT_HUN_RAIDER,48,sublist,Size,Medium
UNIT_HUN_RAIDER,49,sublist,VisionClass,Standard
UNIT_HUN_RAIDER,50,nested,CanReform,"[{""t"": ""kv"", ""k"": ""Sound"", ""v"": ""SOUND_ID_REFORM_CITY""}, {""t"": ""kv"", ""k"": ""Effect"", ""v"": ""SPECEFFECT_REFORMCITY""}]"
UNIT_HYPASPISTS,0,kv,Description,DESCRIPTION_UNIT_WARRIOR
UNIT_HYPASPISTS,1,kv,DefaultIcon,ICON_UNIT_HYPASPISTS
UNIT_HYPASPISTS,2,kv,DefaultSprite,SPRITE_HYPASPISTS
UNIT_HYPASPISTS,3,kv,Category,UNIT_CATEGORY_FLANKER
UNIT_HYPASPISTS,4,kv,Attack,20
UNIT_HYPASPISTS,5,kv,Defense,20
UNIT_HYPASPISTS,6,kv,ZBRangeAttack,0
UNIT_HYPASPISTS,7,kv,Firepower,1
UNIT_HYPASPISTS,8,kv,Armor,1
UNIT_HYPASPISTS,9,kv,MaxHP,12
UNIT_HYPASPISTS,10,kv,ShieldCost,400
UNIT_HYPASPISTS,11,kv,PowerPoints,60
UNIT_HYPASPISTS,12,kv,ShieldHunger,5
UNIT_HYPASPISTS,13,kv,FoodHunger,0
UNIT_HYPASPISTS,14,kv,MaxMovePoints,200
UNIT_HYPASPISTS,15,kv,VisionRange,1
UNIT_HYPASPISTS,16,kv,EnableAdvance,ADVANCE_BARRACKS
UNIT_HYPASPISTS,17,kv,ObsoleteAdvance,ADVANCE_CIVIC_ENGINEERING
UNIT_HYPASPISTS,18,kv,ActiveDefenseRange,0
UNIT_HYPASPISTS,19,flag,LossMoveToDmgNone,
UNIT_HYPASPISTS,20,kv,MaxFuel,0
UNIT_HYPASPISTS,21,flag,CanEntrench,
UNIT_HYPASPISTS,22,flag,CanExpel,
UNIT_HYPASPISTS,23,flag,CanPillage,
UNIT_HYPASPISTS,24,flag,CanPirate,
UNIT_HYPASPISTS,25,flag,ExertsMartialLaw,
UNIT_HYPASPISTS,26,flag,DeathEffectsHappy,
UNIT_HYPASPISTS,27,flag,IsFlanker,
UNIT_HYPASPISTS,28,flag,OnlyBuildOne,
UNIT_HYPASPISTS,29,kv,SoundSelect1,SOUND_SELECT1_HOPLITE
UNIT_HYPASPISTS,30,kv,SoundSelect2,SOUND_SELECT2_HOPLITE
UNIT_HYPASPISTS,31,kv,SoundMove,SOUND_MOVE_HOPLITE
UNIT_HYPASPISTS,32,kv,SoundAcknowledge,SOUND_ACKNOWLEDGE_HOPLITE
UNIT_HYPASPISTS,33,kv,SoundCantMove,SOUND_CANTMOVE_HOPLITE
UNIT_HYPASPISTS,34,kv,SoundAttack,SOUND_ATTACK_HOPLITE
UNIT_HYPASPISTS,35,kv,SoundWork,SOUND_WORK_HOPLITE
UNIT_HYPASPISTS,36,kv,SoundVictory,SOUND_VICTORY_HOPLITE
UNIT_HYPASPISTS,37,kv,SoundDeath,SOUND_DEATH_HOPLITE
UNIT_HYPASPISTS,38,sublist,CanAttack,Land
UNIT_HYPASPISTS,39,sublist,CanAttack,Mountain
UNIT_HYPASPISTS,40,sublist,CanSee,Standard
UNIT_HYPASPISTS,41,sublist,MovementType,Land
UNIT_HYPASPISTS,42,sublist,MovementType,Mountain
UNIT_HYPASPISTS,43,sublist,Size,Medium
UNIT_HYPASPISTS,44,sublist,VisionClass,Standard
UNIT_HYPASPISTS,45,nested,CanReform,"[{""t"": ""kv"", ""k"": ""Sound"", ""v"": ""SOUND_ID_REFORM_CITY""}, {""t"": ""kv"", ""k"": ""Effect"", ""v"": ""SPECEFFECT_REFORMCITY""}]"
UNIT_IMPERIAL_ENVOY,0,flag,CantBuild,
UNIT_IMPERIAL_ENVOY,1,kv,Description,DESCRIPTION_UNIT_DIPLOMAT
UNIT_IMPERIAL_ENVOY,2,kv,DefaultIcon,ICON_UNIT_IMPERIAL_ENVOY
UNIT_IMPERIAL_ENVOY,3,kv,DefaultSprite,SPRITE_IMPERIAL_ENVOY
UNIT_IMPERIAL_ENVOY,4,kv,Category,UNIT_CATEGORY_SPECIAL
UNIT_IMPERIAL_ENVOY,5,kv,Attack,0
UNIT_IMPERIAL_ENVOY,6,kv,Defense,10
UNIT_IMPERIAL_ENVOY,7,kv,ZBRangeAttack,0
UNIT_IMPERIAL_ENVOY,8,kv,Firepower,1
UNIT_IMPERIAL_ENVOY,9,kv,Armor,1
UNIT_IMPERIAL_ENVOY,10,kv,MaxHP,10
UNIT_IMPERIAL_ENVOY,11,kv,ShieldCost,750
UNIT_IMPERIAL_ENVOY,12,kv,PowerPoints,3
UNIT_IMPERIAL_ENVOY,13,kv,ShieldHunger,10
UNIT_IMPERIAL_ENVOY,14,kv,FoodHunger,0
UNIT_IMPERIAL_ENVOY,15,kv,MaxMovePoints,200
UNIT_IMPERIAL_ENVOY,16,kv,VisionRange,2
UNIT_IMPERIAL_ENVOY,17,kv,EnableAdvance,ADVANCE_DYNASTY
UNIT_IMPERIAL_ENVOY,18,kv,ObsoleteAdvance,ADVANCE_DEMOCRACY
UNIT_IMPERIAL_ENVOY,19,kv,ActiveDefenseRange,0
UNIT_IMPERIAL_ENVOY,20,flag,LossMoveToDmgNone,
UNIT_IMPERIAL_ENVOY,21,kv,MaxFuel,0
UNIT_IMPERIAL_ENVOY,22,flag,CanEntrench,
UNIT_IMPERIAL_ENVOY,23,flag,IgnoreZOC,
UNIT_IMPERIAL_ENVOY,24,flag,NoZoc,
UNIT_IMPERIAL_ENVOY,25,flag,CanBeExpelled,
UNIT_IMPERIAL_ENVOY,26,flag,CantCaptureCity,
UNIT_IMPERIAL_ENVOY,27,flag,EstablishEmbassy,
UNIT_IMPERIAL_ENVOY,28,flag,ThrowParty,
UNIT_IMPERIAL_ENVOY,29,flag,DeathEffectsHappy,
UNIT_IMPERIAL_ENVOY,30,flag,IsSpecialForces,
UNIT_IMPERIAL_ENVOY,31,flag,Civilian,
UNIT_IMPERIAL_ENVOY,32,flag,OnlyBuildOne,
UNIT_IMPERIAL_ENVOY,33,kv,SoundSelect1,SOUND_SELECT1_DIPLOMAT
UNIT_IMPERIAL_ENVOY,34,kv,SoundSelect2,SOUND_SELECT2_DIPLOMAT
UNIT_IMPERIAL_ENVOY,35,kv,SoundMove,SOUND_MOVE_DIPLOMAT
UNIT_IMPERIAL_ENVOY,36,kv,SoundAcknowledge,SOUND_ACKNOWLEDGE_DIPLOMAT
UNIT_IMPERIAL_ENVOY,37,kv,SoundCantMove,SOUND_CANTMOVE_DIPLOMAT
UNIT_IMPERIAL_ENVOY,38,kv,SoundAttack,SOUND_ATTACK_DIPLOMAT
UNIT_IMPERIAL_ENVOY,39,kv,SoundWork,SOUND_WORK_DIPLOMAT
UNIT_IMPERIAL_ENVOY,40,kv,SoundVictory,SOUND_VICTORY_DIPLOMAT
UNIT_IMPERIAL_ENVOY,41,kv,SoundDeath,SOUND_DEATH_DIPLOMAT
UNIT_IMPERIAL_ENVOY,42,sublist,CanSee,Standard
UNIT_IMPERIAL_ENVOY,43,sublist,CanSee,Stealth
UNIT_IMPERIAL_ENVOY,44,sublist,MovementType,Land
UNIT_IMPERIAL_ENVOY,45,sublist,MovementType,Mountain
UNIT_IMPERIAL_ENVOY,46,sublist,Size,Small
UNIT_IMPERIAL_ENVOY,47,sublist,VisionClass,Standard
UNIT_IMPERIAL_ENVOY,48,nested,InvestigateCity,"[{""t"": ""kv"", ""k"": ""Chance"", ""v"": ""0.3""}, {""t"": ""kv"", ""k"": ""EliteChance"", ""v"": ""0.5""}, {""t"": ""kv"", ""k"": ""DeathChance"", ""v"": ""0.3""}]"
UNIT_IMPERIAL_ENVOY,49,nested,ConvertCities,"[{""t"": ""kv"", ""k"": ""Chance"", ""v"": ""0.6""}, {""t"": ""kv"", ""k"": ""DeathChance"", ""v"": ""0.1""}, {""t"": ""kv"", ""k"": ""Sound"", ""v"": ""SOUND_ID_CONVERT_CITIES_CL""}, {""t"": ""kv"", ""k"": ""Effect"", ""v"": ""SPECEFFECT_CONVERT_CITIES""}]"
UNIT_INFANTRYMAN,0,kv,Description,DESCRIPTION_UNIT_INFANTRYMAN
UNIT_INFANTRYMAN,1,kv,DefaultIcon,ICON_UNIT_INFANTRYMAN
UNIT_INFANTRYMAN,2,kv,DefaultSprite,SPRITE_INFANTRYMAN
UNIT_INFANTRYMAN,3,kv,Category,UNIT_CATEGORY_DEFENSE
UNIT_INFANTRYMAN,4,kv,Attack,65
UNIT_INFANTRYMAN,5,kv,Defense,60
UNIT_INFANTRYMAN,6,kv,ZBRangeAttack,45
UNIT_INFANTRYMAN,7,kv,Firepower,3
UNIT_INFANTRYMAN,8,kv,Armor,1
UNIT_INFANTRYMAN,9,kv,MaxHP,23
UNIT_INFANTRYMAN,10,kv,ShieldCost,1700
UNIT_INFANTRYMAN,11,kv,PowerPoints,70
UNIT_INFANTRYMAN,12,kv,ShieldHunger,19
UNIT_INFANTRYMAN,13,kv,FoodHunger,0
UNIT_INFANTRYMAN,14,kv,MaxMovePoints,200
UNIT_INFANTRYMAN,15,kv,VisionRange,2
UNIT_INFANTRYMAN,16,kv,EnableAdvance,ADVANCE_MILITARY_TRADITION
UNIT_INFANTRYMAN,17,kv,ActiveDefenseRange,0
UNIT_INFANTRYMAN,18,flag,LossMoveToDmgNone,
UNIT_INFANTRYMAN,19,kv,MaxFuel,0
UNIT_INFANTRYMAN,20,flag,CanEntrench,
UNIT_INFANTRYMAN,21,flag,CanExpel,
UNIT_INFANTRYMAN,22,flag,CanPillage,
UNIT_INFANTRYMAN,23,flag,CanPirate,
UNIT_INFANTRYMAN,24,flag,ExertsMartialLaw,
UNIT_INFANTRYMAN,25,flag,DeathEffectsHappy,
UNIT_INFANTRYMAN,26,flag,OnlyBuildOne,
UNIT_INFANTRYMAN,27,kv,SoundSelect1,SOUND_SELECT1_MARINES
UNIT_INFANTRYMAN,28,kv,SoundSelect2,SOUND_SELECT2_MARINES
UNIT_INFANTRYMAN,29,kv,SoundMove,SOUND_MOVE_MARINES
UNIT_INFANTRYMAN,30,kv,SoundAcknowledge,SOUND_ACKNOWLEDGE_MARINES
UNIT_INFANTRYMAN,31,kv,SoundCantMove,SOUND_CANTMOVE_MARINES
UNIT_INFANTRYMAN,32,kv,SoundAttack,SOUND_ATTACK_MARINES
UNIT_INFANTRYMAN,33,kv,SoundWork,SOUND_WORK_MARINES
UNIT_INFANTRYMAN,34,kv,SoundVictory,SOUND_VICTORY_MARINES
UNIT_INFANTRYMAN,35,kv,SoundDeath,SOUND_DEATH_MARINES
UNIT_INFANTRYMAN,36,sublist,CanAttack,Land
UNIT_INFANTRYMAN,37,sublist,CanAttack,Mountain
UNIT_INFANTRYMAN,38,sublist,CanSee,Standard
UNIT_INFANTRYMAN,39,sublist,MovementType,Land
UNIT_INFANTRYMAN,40,sublist,MovementType,Mountain
UNIT_INFANTRYMAN,41,sublist,Size,Medium
UNIT_INFANTRYMAN,42,sublist,VisionClass,Standard
UNIT_INFANTRYMAN,43,nested,CanReform,"[{""t"": ""kv"", ""k"": ""Sound"", ""v"": ""SOUND_ID_REFORM_CITY""}, {""t"": ""kv"", ""k"": ""Effect"", ""v"": ""SPECEFFECT_REFORMCITY""}]"
UNIT_INFECTOR,0,kv,Description,DESCRIPTION_UNIT_INFECTOR
UNIT_INFECTOR,1,kv,DefaultIcon,ICON_UNIT_INFECTOR
UNIT_INFECTOR,2,kv,DefaultSprite,SPRITE_INFECTOR
UNIT_INFECTOR,3,kv,Category,UNIT_CATEGORY_SPECIAL
UNIT_INFECTOR,4,kv,Attack,0
UNIT_INFECTOR,5,kv,Defense,10
UNIT_INFECTOR,6,kv,ZBRangeAttack,0
UNIT_INFECTOR,7,kv,Firepower,1
UNIT_INFECTOR,8,kv,Armor,1
UNIT_INFECTOR,9,kv,MaxHP,15
UNIT_INFECTOR,10,kv,ShieldCost,4200
UNIT_INFECTOR,11,kv,PowerPoints,3
UNIT_INFECTOR,12,kv,ShieldHunger,45
UNIT_INFECTOR,13,kv,FoodHunger,0
UNIT_INFECTOR,14,kv,MaxMovePoints,300
UNIT_INFECTOR,15,kv,VisionRange,2
UNIT_INFECTOR,16,kv,EnableAdvance,ADVANCE_NANO_WARFARE
UNIT_INFECTOR,17,kv,ActiveDefenseRange,0
UNIT_INFECTOR,18,flag,LossMoveToDmgNone,
UNIT_INFECTOR,19,kv,MaxFuel,0
UNIT_INFECTOR,20,flag,CanEntrench,
UNIT_INFECTOR,21,flag,IgnoreZOC,
UNIT_INFECTOR,22,flag,NoZoc,
UNIT_INFECTOR,23,flag,CanBeExpelled,
UNIT_INFECTOR,24,flag,CantCaptureCity,
UNIT_INFECTOR,25,flag,DeathEffectsHappy,
UNIT_INFECTOR,26,flag,IsSpecialForces,
UNIT_INFECTOR,27,flag,OnlyBuildOne,
UNIT_INFECTOR,28,kv,SoundSelect1,SOUND_SELECT1_INFECTOR
UNIT_INFECTOR,29,kv,SoundSelect2,SOUND_SELECT2_INFECTOR
UNIT_INFECTOR,30,kv,SoundMove,SOUND_MOVE_INFECTOR
UNIT_INFECTOR,31,kv,SoundAcknowledge,SOUND_ACKNOWLEDGE_INFECTOR
UNIT_INFECTOR,32,kv,SoundCantMove,SOUND_CANTMOVE_INFECTOR
UNIT_INFECTOR,33,kv,SoundAttack,SOUND_ATTACK_INFECTOR
UNIT_INFECTOR,34,kv,SoundWork,SOUND_WORK_INFECTOR
UNIT_INFECTOR,35,kv,SoundVictory,SOUND_VICTORY_INFECTOR
UNIT_INFECTOR,36,kv,SoundDeath,SOUND_DEATH_INFECTOR
UNIT_INFECTOR,37,sublist,CanSee,Standard
UNIT_INFECTOR,38,sublist,CanSee,Stealth
UNIT_INFECTOR,39,sublist,MovementType,Land
UNIT_INFECTOR,40,sublist,MovementType,Mountain
UNIT_INFECTOR,41,sublist,Size,Small
UNIT_INFECTOR,42,sublist,VisionClass,Stealth
UNIT_INFECTOR,43,nested,BioTerror,"[{""t"": ""kv"", ""k"": ""Chance"", ""v"": ""0.75""}, {""t"": ""kv"", ""k"": ""Sound"", ""v"": ""SOUND_ID_BIO_TERROR""}, {""t"": ""kv"", ""k"": ""Effect"", ""v"": ""SPECEFFECT_BIO_TERROR""}]"
UNIT_INFECTOR,44,nested,Plague,"[{""t"": ""kv"", ""k"": ""Chance"", ""v"": ""0.5""}, {""t"": ""kv"", ""k"": ""Sound"", ""v"": ""SOUND_ID_BIO_TERROR""}, {""t"": ""kv"", ""k"": ""Effect"", ""v"": ""SPECEFFECT_BIO_TERROR""}]"
UNIT_INTERCEPTOR,0,kv,Description,DESCRIPTION_UNIT_INTERCEPTOR
UNIT_INTERCEPTOR,1,kv,DefaultIcon,ICON_UNIT_INTERCEPTOR
UNIT_INTERCEPTOR,2,kv,DefaultSprite,SPRITE_INTERCEPTOR
UNIT_INTERCEPTOR,3,kv,Category,UNIT_CATEGORY_AERIAL
UNIT_INTERCEPTOR,4,kv,Attack,65
UNIT_INTERCEPTOR,5,kv,Defense,65
UNIT_INTERCEPTOR,6,kv,ZBRangeAttack,65
UNIT_INTERCEPTOR,7,kv,Firepower,4
UNIT_INTERCEPTOR,8,kv,Armor,2
UNIT_INTERCEPTOR,9,kv,MaxHP,25
UNIT_INTERCEPTOR,10,kv,ShieldCost,3500
UNIT_INTERCEPTOR,11,kv,PowerPoints,30
UNIT_INTERCEPTOR,12,kv,ShieldHunger,38
UNIT_INTERCEPTOR,13,kv,FoodHunger,0
UNIT_INTERCEPTOR,14,kv,MaxMovePoints,1200
UNIT_INTERCEPTOR,15,kv,VisionRange,4
UNIT_INTERCEPTOR,16,kv,EnableAdvance,ADVANCE_SUPERSONIC_FLIGHT
UNIT_INTERCEPTOR,17,kv,ObsoleteAdvance,ADVANCE_AI_SURVEILLANCE
UNIT_INTERCEPTOR,18,kv,BombRounds,5
UNIT_INTERCEPTOR,19,kv,BombardRange,1
UNIT_INTERCEPTOR,20,flag,CanCounterBombard,
UNIT_INTERCEPTOR,21,kv,ActiveDefenseRange,1
UNIT_INTERCEPTOR,22,flag,EnableCarrierDefenses,
UNIT_INTERCEPTOR,23,flag,LossMoveToDmgNone,
UNIT_INTERCEPTOR,24,flag,NoFuelThenCrash,
UNIT_INTERCEPTOR,25,kv,MaxFuel,3600
UNIT_INTERCEPTOR,26,flag,IgnoreZOC,
UNIT_INTERCEPTOR,27,flag,NoZoc,
UNIT_INTERCEPTOR,28,flag,CanBeachAssault,
UNIT_INTERCEPTOR,29,flag,CantCaptureCity,
UNIT_INTERCEPTOR,30,flag,DeathEffectsHappy,
UNIT_INTERCEPTOR,31,flag,Explodes,
UNIT_INTERCEPTOR,32,flag,OnlyBuildOne,
UNIT_INTERCEPTOR,33,kv,SoundSelect1,SOUND_SELECT1_INTERCEPTORS
UNIT_INTERCEPTOR,34,kv,SoundSelect2,SOUND_SELECT2_INTERCEPTORS
UNIT_INTERCEPTOR,35,kv,SoundMove,SOUND_MOVE_INTERCEPTORS
UNIT_INTERCEPTOR,36,kv,SoundAcknowledge,SOUND_ACKNOWLEDGE_INTERCEPTORS
UNIT_INTERCEPTOR,37,kv,SoundCantMove,SOUND_CANTMOVE_INTERCEPTORS
UNIT_INTERCEPTOR,38,kv,SoundAttack,SOUND_ATTACK_INTERCEPTORS
UNIT_INTERCEPTOR,39,kv,SoundWork,SOUND_WORK_INTERCEPTORS
UNIT_INTERCEPTOR,40,kv,SoundVictory,SOUND_VICTORY_INTERCEPTORS
UNIT_INTERCEPTOR,41,kv,SoundDeath,SOUND_DEATH_INTERCEPTORS
UNIT_INTERCEPTOR,42,sublist,CanAttack,Land
UNIT_INTERCEPTOR,43,sublist,CanAttack,Mountain
UNIT_INTERCEPTOR,44,sublist,CanAttack,Air
UNIT_INTERCEPTOR,45,sublist,CanAttack,Sea
UNIT_INTERCEPTOR,46,sublist,CanAttack,ShallowWater
UNIT_INTERCEPTOR,47,sublist,CanSee,Standard
UNIT_INTERCEPTOR,48,sublist,MovementType,Air
UNIT_INTERCEPTOR,49,sublist,Size,Medium
UNIT_INTERCEPTOR,50,sublist,VisionClass,Standard
UNIT_IRONCLAD,0,kv,Description,DESCRIPTION_UNIT_IRONCLAD
UNIT_IRONCLAD,1,kv,DefaultIcon,ICON_UNIT_IRONCLAD
UNIT_IRONCLAD,2,kv,DefaultSprite,SPRITE_IRONCLAD
UNIT_IRONCLAD,3,kv,Category,UNIT_CATEGORY_NAVAL
UNIT_IRONCLAD,4,kv,Attack,40
UNIT_IRONCLAD,5,kv,Defense,40
UNIT_IRONCLAD,6,kv,ZBRangeAttack,40
UNIT_IRONCLAD,7,kv,Firepower,3
UNIT_IRONCLAD,8,kv,Armor,1
UNIT_IRONCLAD,9,kv,MaxHP,18
UNIT_IRONCLAD,10,kv,ShieldCost,1800
UNIT_IRONCLAD,11,kv,PowerPoints,12
UNIT_IRONCLAD,12,kv,ShieldHunger,20
UNIT_IRONCLAD,13,kv,FoodHunger,0
UNIT_IRONCLAD,14,kv,MaxMovePoints,400
UNIT_IRONCLAD,15,kv,VisionRange,2
UNIT_IRONCLAD,16,kv,EnableAdvance,ADVANCE_INDUSTRIAL_REVOLUTION
UNIT_IRONCLAD,17,kv,ObsoleteAdvance,ADVANCE_ADV_NAVAL_TACTICS
UNIT_IRONCLAD,18,kv,BombRounds,5
UNIT_IRONCLAD,19,kv,BombardRange,1
UNIT_IRONCLAD,20,flag,CanCounterBombard,
UNIT_IRONCLAD,21,kv,ActiveDefenseRange,0
UNIT_IRONCLAD,22,flag,LossMoveToDmgNone,
UNIT_IRONCLAD,23,kv,MaxFuel,0
UNIT_IRONCLAD,24,flag,CanExpel,
UNIT_IRONCLAD,25,flag,CanPillage,
UNIT_IRONCLAD,26,flag,CanPirate,
UNIT_IRONCLAD,27,flag,CantCaptureCity,
UNIT_IRONCLAD,28,flag,ExertsMartialLaw,
UNIT_IRONCLAD,29,flag,DeathEffectsHappy,
UNIT_IRONCLAD,30,flag,Explodes,
UNIT_IRONCLAD,31,flag,OnlyBuildOne,
UNIT_IRONCLAD,32,kv,SoundSelect1,SOUND_SELECT1_IRONCLAD
UNIT_IRONCLAD,33,kv,SoundSelect2,SOUND_SELECT2_IRONCLAD
UNIT_IRONCLAD,34,kv,SoundMove,SOUND_MOVE_IRONCLAD
UNIT_IRONCLAD,35,kv,SoundAcknowledge,SOUND_ACKNOWLEDGE_IRONCLAD
UNIT_IRONCLAD,36,kv,SoundCantMove,SOUND_CANTMOVE_IRONCLAD
UNIT_IRONCLAD,37,kv,SoundAttack,SOUND_ATTACK_IRONCLAD
UNIT_IRONCLAD,38,kv,SoundWork,SOUND_WORK_IRONCLAD
UNIT_IRONCLAD,39,kv,SoundVictory,SOUND_VICTORY_IRONCLAD
UNIT_IRONCLAD,40,kv,SoundDeath,SOUND_DEATH_IRONCLAD
UNIT_IRONCLAD,41,sublist,CanAttack,Sea
UNIT_IRONCLAD,42,sublist,CanAttack,ShallowWater
UNIT_IRONCLAD,43,sublist,CanBombard,Land
UNIT_IRONCLAD,44,sublist,CanBombard,Mountain
UNIT_IRONCLAD,45,sublist,CanBombard,Water
UNIT_IRONCLAD,46,sublist,CanSee,Standard
UNIT_IRONCLAD,47,sublist,MovementType,Sea
UNIT_IRONCLAD,48,sublist,MovementType,ShallowWater
UNIT_IRONCLAD,49,sublist,Size,Large
UNIT_IRONCLAD,50,sublist,VisionClass,Standard
UNIT_IRONCLAD,51,nested,CanReform,"[{""t"": ""kv"", ""k"": ""Sound"", ""v"": ""SOUND_ID_REFORM_CITY""}, {""t"": ""kv"", ""k"": ""Effect"", ""v"": ""SPECEFFECT_REFORMCITY""}]"
UNIT_JANISSARY,0,kv,Description,DESCRIPTION_UNIT_SWORDSMAN
UNIT_JANISSARY,1,kv,DefaultIcon,ICON_UNIT_JANISSARY
UNIT_JANISSARY,2,kv,DefaultSprite,SPRITE_JANISSARY
UNIT_JANISSARY,3,kv,Category,UNIT_CATEGORY_ATTACK
UNIT_JANISSARY,4,kv,Attack,35
UNIT_JANISSARY,5,kv,Defense,30
UNIT_JANISSARY,6,kv,ZBRangeAttack,20
UNIT_JANISSARY,7,kv,Firepower,2
UNIT_JANISSARY,8,kv,Armor,1
UNIT_JANISSARY,9,kv,MaxHP,16
UNIT_JANISSARY,10,kv,ShieldCost,775
UNIT_JANISSARY,11,kv,PowerPoints,70
UNIT_JANISSARY,12,kv,ShieldHunger,8
UNIT_JANISSARY,13,kv,FoodHunger,0
UNIT_JANISSARY,14,kv,MaxMovePoints,200
UNIT_JANISSARY,15,kv,VisionRange,2
UNIT_JANISSARY,16,kv,EnableAdvance,ADVANCE_CALIPHATE
UNIT_JANISSARY,17,kv,GovernmentType,GOVERNMENT_CALIPHATE
UNIT_JANISSARY,18,kv,ActiveDefenseRange,0
UNIT_JANISSARY,19,flag,LossMoveToDmgNone,
UNIT_JANISSARY,20,kv,MaxFuel,0
UNIT_JANISSARY,21,flag,CanEntrench,
UNIT_JANISSARY,22,flag,CanBeachAssault,
UNIT_JANISSARY,23,flag,CanExpel,
UNIT_JANISSARY,24,flag,CanPillage,
UNIT_JANISSARY,25,flag,CanPirate,
UNIT_JANISSARY,26,flag,ExertsMartialLaw,
UNIT_JANISSARY,27,flag,VictoryEnslavement,
UNIT_JANISSARY,28,flag,DeathEffectsHappy,
UNIT_JANISSARY,29,flag,IsSpecialForces,
UNIT_JANISSARY,30,flag,OnlyBuildOne,
UNIT_JANISSARY,31,kv,SoundSelect1,SOUND_SELECT1_SAMURAI
UNIT_JANISSARY,32,kv,SoundSelect2,SOUND_SELECT2_SAMURAI
UNIT_JANISSARY,33,kv,SoundMove,SOUND_MOVE_SAMURAI
UNIT_JANISSARY,34,kv,SoundAcknowledge,SOUND_ACKNOWLEDGE_SAMURAI
UNIT_JANISSARY,35,kv,SoundCantMove,SOUND_CANTMOVE_SAMURAI
UNIT_JANISSARY,36,kv,SoundAttack,SOUND_ATTACK_SAMURAI
UNIT_JANISSARY,37,kv,SoundWork,SOUND_WORK_SAMURAI
UNIT_JANISSARY,38,kv,SoundVictory,SOUND_VICTORY_SAMURAI
UNIT_JANISSARY,39,kv,SoundDeath,SOUND_DEATH_SAMURAI
UNIT_JANISSARY,40,sublist,CanAttack,Land
UNIT_JANISSARY,41,sublist,CanAttack,Mountain
UNIT_JANISSARY,42,sublist,CanSee,Standard
UNIT_JANISSARY,43,sublist,MovementType,Land
UNIT_JANISSARY,44,sublist,MovementType,Mountain
UNIT_JANISSARY,45,sublist,Size,Medium
UNIT_JANISSARY,46,sublist,VisionClass,Standard
UNIT_JANISSARY,47,nested,CanReform,"[{""t"": ""kv"", ""k"": ""Sound"", ""v"": ""SOUND_ID_REFORM_CITY""}, {""t"": ""kv"", ""k"": ""Effect"", ""v"": ""SPECEFFECT_REFORMCITY""}]"
UNIT_JAVELIN_CAVALRY,0,kv,Description,DESCRIPTION_UNIT_MOUNTED_ARCHER
UNIT_JAVELIN_CAVALRY,1,kv,DefaultIcon,ICON_UNIT_JAVELIN_CAVALRY
UNIT_JAVELIN_CAVALRY,2,kv,DefaultSprite,SPRITE_JAVELIN_CAVALRY
UNIT_JAVELIN_CAVALRY,3,kv,Category,UNIT_CATEGORY_FLANKER
UNIT_JAVELIN_CAVALRY,4,kv,Attack,15
UNIT_JAVELIN_CAVALRY,5,kv,Defense,10
UNIT_JAVELIN_CAVALRY,6,kv,ZBRangeAttack,0
UNIT_JAVELIN_CAVALRY,7,kv,Firepower,1
UNIT_JAVELIN_CAVALRY,8,kv,Armor,1
UNIT_JAVELIN_CAVALRY,9,kv,MaxHP,10
UNIT_JAVELIN_CAVALRY,10,kv,ShieldCost,290
UNIT_JAVELIN_CAVALRY,11,kv,PowerPoints,60
UNIT_JAVELIN_CAVALRY,12,kv,ShieldHunger,3
UNIT_JAVELIN_CAVALRY,13,kv,FoodHunger,0
UNIT_JAVELIN_CAVALRY,14,kv,MaxMovePoints,300
UNIT_JAVELIN_CAVALRY,15,kv,VisionRange,2
UNIT_JAVELIN_CAVALRY,16,kv,EnableAdvance,ADVANCE_HORSE_RIDING
UNIT_JAVELIN_CAVALRY,17,kv,ObsoleteAdvance,ADVANCE_HORSE_ARMOR
UNIT_JAVELIN_CAVALRY,18,kv,ActiveDefenseRange,0
UNIT_JAVELIN_CAVALRY,19,flag,LossMoveToDmgNone,
UNIT_JAVELIN_CAVALRY,20,kv,MaxFuel,0
UNIT_JAVELIN_CAVALRY,21,flag,CanEntrench,
UNIT_JAVELIN_CAVALRY,22,flag,CanExpel,
UNIT_JAVELIN_CAVALRY,23,flag,CanPillage,
UNIT_JAVELIN_CAVALRY,24,flag,CanPirate,
UNIT_JAVELIN_CAVALRY,25,flag,ExertsMartialLaw,
UNIT_JAVELIN_CAVALRY,26,flag,DeathEffectsHappy,
UNIT_JAVELIN_CAVALRY,27,flag,IsMounted,
UNIT_JAVELIN_CAVALRY,28,flag,IsFlanker,
UNIT_JAVELIN_CAVALRY,29,flag,OnlyBuildOne,
UNIT_JAVELIN_CAVALRY,30,kv,SoundSelect1,SOUND_SELECT1_MOUNTED_ARCHER
UNIT_JAVELIN_CAVALRY,31,kv,SoundSelect2,SOUND_SELECT2_MOUNTED_ARCHER
UNIT_JAVELIN_CAVALRY,32,kv,SoundMove,SOUND_MOVE_MOUNTED_ARCHER
UNIT_JAVELIN_CAVALRY,33,kv,SoundAcknowledge,SOUND_ACKNOWLEDGE_MOUNTED_ARCHER
UNIT_JAVELIN_CAVALRY,34,kv,SoundCantMove,SOUND_CANTMOVE_MOUNTED_ARCHER
UNIT_JAVELIN_CAVALRY,35,kv,SoundAttack,SOUND_ATTACK_MOUNTED_ARCHER
UNIT_JAVELIN_CAVALRY,36,kv,SoundWork,SOUND_WORK_MOUNTED_ARCHER
UNIT_JAVELIN_CAVALRY,37,kv,SoundVictory,SOUND_VICTORY_MOUNTED_ARCHER
UNIT_JAVELIN_CAVALRY,38,kv,SoundDeath,SOUND_DEATH_MOUNTED_ARCHER
UNIT_JAVELIN_CAVALRY,39,sublist,CanAttack,Land
UNIT_JAVELIN_CAVALRY,40,sublist,CanSee,Standard
UNIT_JAVELIN_CAVALRY,41,sublist,MovementType,Land
UNIT_JAVELIN_CAVALRY,42,sublist,Size,Medium
UNIT_JAVELIN_CAVALRY,43,sublist,VisionClass,Standard
UNIT_JAVELIN_CAVALRY,44,nested,CanReform,"[{""t"": ""kv"", ""k"": ""Sound"", ""v"": ""SOUND_ID_REFORM_CITY""}, {""t"": ""kv"", ""k"": ""Effect"", ""v"": ""SPECEFFECT_REFORMCITY""}]"
UNIT_JAVELINEER,0,kv,Description,DESCRIPTION_UNIT_ARCHER
UNIT_JAVELINEER,1,kv,DefaultIcon,ICON_UNIT_JAVELINEER
UNIT_JAVELINEER,2,kv,DefaultSprite,SPRITE_JAVELINEER
UNIT_JAVELINEER,3,kv,Category,UNIT_CATEGORY_FLANKER
UNIT_JAVELINEER,4,kv,Attack,10
UNIT_JAVELINEER,5,kv,Defense,10
UNIT_JAVELINEER,6,kv,ZBRangeAttack,10
UNIT_JAVELINEER,7,kv,Firepower,1
UNIT_JAVELINEER,8,kv,Armor,1
UNIT_JAVELINEER,9,kv,MaxHP,10
UNIT_JAVELINEER,10,kv,ShieldCost,270
UNIT_JAVELINEER,11,kv,PowerPoints,50
UNIT_JAVELINEER,12,kv,ShieldHunger,3
UNIT_JAVELINEER,13,kv,FoodHunger,0
UNIT_JAVELINEER,14,kv,MaxMovePoints,200
UNIT_JAVELINEER,15,kv,VisionRange,1
UNIT_JAVELINEER,16,kv,EnableAdvance,ADVANCE_BRICK_MAKING
UNIT_JAVELINEER,17,kv,ObsoleteAdvance,ADVANCE_ARCHERY
UNIT_JAVELINEER,18,kv,ActiveDefenseRange,0
UNIT_JAVELINEER,19,flag,LossMoveToDmgNone,
UNIT_JAVELINEER,20,kv,MaxFuel,0
UNIT_JAVELINEER,21,flag,CanEntrench,
UNIT_JAVELINEER,22,flag,CanExpel,
UNIT_JAVELINEER,23,flag,CanPillage,
UNIT_JAVELINEER,24,flag,CanPirate,
UNIT_JAVELINEER,25,flag,OnlyBuildOne,
UNIT_JAVELINEER,26,flag,ExertsMartialLaw,
UNIT_JAVELINEER,27,flag,DeathEffectsHappy,
UNIT_JAVELINEER,28,flag,IsFlanker,
UNIT_JAVELINEER,29,kv,SoundSelect1,SOUND_SELECT1_ARCHER
UNIT_JAVELINEER,30,kv,SoundSelect2,SOUND_SELECT2_ARCHER
UNIT_JAVELINEER,31,kv,SoundMove,SOUND_MOVE_ARCHER
UNIT_JAVELINEER,32,kv,SoundAcknowledge,SOUND_ACKNOWLEDGE_ARCHER
UNIT_JAVELINEER,33,kv,SoundCantMove,SOUND_CANTMOVE_ARCHER
UNIT_JAVELINEER,34,kv,SoundAttack,SOUND_ATTACK_ARCHER
UNIT_JAVELINEER,35,kv,SoundWork,SOUND_WORK_ARCHER
UNIT_JAVELINEER,36,kv,SoundVictory,SOUND_VICTORY_ARCHER
UNIT_JAVELINEER,37,kv,SoundDeath,SOUND_DEATH_ARCHER
UNIT_JAVELINEER,38,sublist,CanAttack,Land
UNIT_JAVELINEER,39,sublist,CanAttack,Mountain
UNIT_JAVELINEER,40,sublist,CanSee,Standard
UNIT_JAVELINEER,41,sublist,MovementType,Land
UNIT_JAVELINEER,42,sublist,MovementType,Mountain
UNIT_JAVELINEER,43,sublist,Size,Medium
UNIT_JAVELINEER,44,sublist,VisionClass,Standard
UNIT_JAVELINEER,45,nested,CanReform,"[{""t"": ""kv"", ""k"": ""Sound"", ""v"": ""SOUND_ID_REFORM_CITY""}, {""t"": ""kv"", ""k"": ""Effect"", ""v"": ""SPECEFFECT_REFORMCITY""}]"
UNIT_KNIGHT,0,kv,Description,DESCRIPTION_UNIT_KNIGHT
UNIT_KNIGHT,1,kv,DefaultIcon,ICON_UNIT_KNIGHT
UNIT_KNIGHT,2,kv,DefaultSprite,SPRITE_KNIGHT
UNIT_KNIGHT,3,kv,Category,UNIT_CATEGORY_FLANKER
UNIT_KNIGHT,4,kv,Attack,45
UNIT_KNIGHT,5,kv,Defense,30
UNIT_KNIGHT,6,kv,ZBRangeAttack,0
UNIT_KNIGHT,7,kv,Firepower,2
UNIT_KNIGHT,8,kv,Armor,1
UNIT_KNIGHT,9,kv,MaxHP,16
UNIT_KNIGHT,10,kv,ShieldCost,1050
UNIT_KNIGHT,11,kv,PowerPoints,65
UNIT_KNIGHT,12,kv,ShieldHunger,12
UNIT_KNIGHT,13,kv,FoodHunger,0
UNIT_KNIGHT,14,kv,MaxMovePoints,300
UNIT_KNIGHT,15,kv,VisionRange,2
UNIT_KNIGHT,16,kv,EnableAdvance,ADVANCE_PLATE_ARMOUR
UNIT_KNIGHT,17,kv,ObsoleteAdvance,ADVANCE_CAVALRY_TACTICS
UNIT_KNIGHT,18,kv,ActiveDefenseRange,0
UNIT_KNIGHT,19,flag,LossMoveToDmgNone,
UNIT_KNIGHT,20,kv,MaxFuel,0
UNIT_KNIGHT,21,flag,CanEntrench,
UNIT_KNIGHT,22,flag,CanExpel,
UNIT_KNIGHT,23,flag,CanPillage,
UNIT_KNIGHT,24,flag,CanPirate,
UNIT_KNIGHT,25,flag,ExertsMartialLaw,
UNIT_KNIGHT,26,flag,DeathEffectsHappy,
UNIT_KNIGHT,27,flag,IsMounted,
UNIT_KNIGHT,28,flag,IsFlanker,
UNIT_KNIGHT,29,flag,IsSpecialForces,
UNIT_KNIGHT,30,flag,OnlyBuildOne,
UNIT_KNIGHT,31,kv,SoundSelect1,SOUND_SELECT1_KNIGHT
UNIT_KNIGHT,32,kv,SoundSelect2,SOUND_SELECT2_KNIGHT
UNIT_KNIGHT,33,kv,SoundMove,SOUND_MOVE_KNIGHT
UNIT_KNIGHT,34,kv,SoundAcknowledge,SOUND_ACKNOWLEDGE_KNIGHT
UNIT_KNIGHT,35,kv,SoundCantMove,SOUND_CANTMOVE_KNIGHT
UNIT_KNIGHT,36,kv,SoundAttack,SOUND_ATTACK_KNIGHT
UNIT_KNIGHT,37,kv,SoundWork,SOUND_WORK_KNIGHT
UNIT_KNIGHT,38,kv,SoundVictory,SOUND_VICTORY_KNIGHT
UNIT_KNIGHT,39,kv,SoundDeath,SOUND_DEATH_KNIGHT
UNIT_KNIGHT,40,sublist,CanAttack,Land
UNIT_KNIGHT,41,sublist,CanSee,Standard
UNIT_KNIGHT,42,sublist,MovementType,Land
UNIT_KNIGHT,43,sublist,Size,Medium
UNIT_KNIGHT,44,sublist,VisionClass,Standard
UNIT_KNIGHT,45,nested,CanReform,"[{""t"": ""kv"", ""k"": ""Sound"", ""v"": ""SOUND_ID_REFORM_CITY""}, {""t"": ""kv"", ""k"": ""Effect"", ""v"": ""SPECEFFECT_REFORMCITY""}]"
UNIT_KNIGHT_TEMPLAR,0,kv,Description,DESCRIPTION_UNIT_PIKEMEN
UNIT_KNIGHT_TEMPLAR,1,kv,DefaultIcon,ICON_UNIT_KNIGHT_TEMPLAR
UNIT_KNIGHT_TEMPLAR,2,kv,DefaultSprite,SPRITE_KNIGHT_TEMPLAR
UNIT_KNIGHT_TEMPLAR,3,kv,Category,UNIT_CATEGORY_ATTACK
UNIT_KNIGHT_TEMPLAR,4,kv,Attack,40
UNIT_KNIGHT_TEMPLAR,5,kv,Defense,30
UNIT_KNIGHT_TEMPLAR,6,kv,ZBRangeAttack,0
UNIT_KNIGHT_TEMPLAR,7,kv,Firepower,2
UNIT_KNIGHT_TEMPLAR,8,kv,Armor,1
UNIT_KNIGHT_TEMPLAR,9,kv,MaxHP,18
UNIT_KNIGHT_TEMPLAR,10,kv,ShieldCost,900
UNIT_KNIGHT_TEMPLAR,11,kv,PowerPoints,81
UNIT_KNIGHT_TEMPLAR,12,kv,ShieldHunger,12
UNIT_KNIGHT_TEMPLAR,13,kv,FoodHunger,0
UNIT_KNIGHT_TEMPLAR,14,kv,MaxMovePoints,100
UNIT_KNIGHT_TEMPLAR,15,kv,VisionRange,1
UNIT_KNIGHT_TEMPLAR,16,kv,EnableAdvance,ADVANCE_THEOCRACY
UNIT_KNIGHT_TEMPLAR,17,kv,GovernmentType,GOVERNMENT_THEOCRACY
UNIT_KNIGHT_TEMPLAR,18,kv,ActiveDefenseRange,0
UNIT_KNIGHT_TEMPLAR,19,flag,LossMoveToDmgNone,
UNIT_KNIGHT_TEMPLAR,20,kv,MaxFuel,0
UNIT_KNIGHT_TEMPLAR,21,flag,CanEntrench,
UNIT_KNIGHT_TEMPLAR,22,flag,CanExpel,
UNIT_KNIGHT_TEMPLAR,23,flag,CanPillage,
UNIT_KNIGHT_TEMPLAR,24,flag,CanPirate,
UNIT_KNIGHT_TEMPLAR,25,flag,ExertsMartialLaw,
UNIT_KNIGHT_TEMPLAR,26,flag,DeathEffectsHappy,
UNIT_KNIGHT_TEMPLAR,27,flag,OnlyBuildOne,
UNIT_KNIGHT_TEMPLAR,28,kv,SoundSelect1,SOUND_SELECT1_PIKEMEN
UNIT_KNIGHT_TEMPLAR,29,kv,SoundSelect2,SOUND_SELECT2_PIKEMEN
UNIT_KNIGHT_TEMPLAR,30,kv,SoundMove,SOUND_MOVE_PIKEMEN
UNIT_KNIGHT_TEMPLAR,31,kv,SoundAcknowledge,SOUND_ACKNOWLEDGE_PIKEMEN
UNIT_KNIGHT_TEMPLAR,32,kv,SoundCantMove,SOUND_CANTMOVE_PIKEMEN
UNIT_KNIGHT_TEMPLAR,33,kv,SoundAttack,SOUND_ATTACK_PIKEMEN
UNIT_KNIGHT_TEMPLAR,34,kv,SoundWork,SOUND_WORK_PIKEMEN
UNIT_KNIGHT_TEMPLAR,35,kv,SoundVictory,SOUND_VICTORY_PIKEMEN
UNIT_KNIGHT_TEMPLAR,36,kv,SoundDeath,SOUND_DEATH_PIKEMEN
UNIT_KNIGHT_TEMPLAR,37,sublist,CanAttack,Land
UNIT_KNIGHT_TEMPLAR,38,sublist,CanAttack,Mountain
UNIT_KNIGHT_TEMPLAR,39,sublist,CanSee,Standard
UNIT_KNIGHT_TEMPLAR,40,sublist,MovementType,Land
UNIT_KNIGHT_TEMPLAR,41,sublist,MovementType,Mountain
UNIT_KNIGHT_TEMPLAR,42,sublist,Size,Medium
UNIT_KNIGHT_TEMPLAR,43,sublist,VisionClass,Standard
UNIT_KNIGHT_TEMPLAR,44,nested,CanReform,"[{""t"": ""kv"", ""k"": ""Sound"", ""v"": ""SOUND_ID_REFORM_CITY""}, {""t"": ""kv"", ""k"": ""Effect"", ""v"": ""SPECEFFECT_REFORMCITY""}]"
UNIT_KRAKEN,0,kv,Description,DESCRIPTION_UNIT_KRAKEN
UNIT_KRAKEN,1,kv,DefaultIcon,ICON_UNIT_KRAKEN
UNIT_KRAKEN,2,kv,DefaultSprite,SPRITE_KRAKEN
UNIT_KRAKEN,3,kv,Category,UNIT_CATEGORY_UNDERSEA
UNIT_KRAKEN,4,kv,Attack,80
UNIT_KRAKEN,5,kv,Defense,60
UNIT_KRAKEN,6,kv,ZBRangeAttack,80
UNIT_KRAKEN,7,kv,Firepower,5
UNIT_KRAKEN,8,kv,Armor,5
UNIT_KRAKEN,9,kv,MaxHP,25
UNIT_KRAKEN,10,kv,ShieldCost,6200
UNIT_KRAKEN,11,kv,PowerPoints,20
UNIT_KRAKEN,12,kv,ShieldHunger,72
UNIT_KRAKEN,13,kv,FoodHunger,0
UNIT_KRAKEN,14,kv,MaxMovePoints,600
UNIT_KRAKEN,15,kv,VisionRange,3
UNIT_KRAKEN,16,kv,EnableAdvance,ADVANCE_GENETIC_TAILORING
UNIT_KRAKEN,17,kv,ActiveDefenseRange,0
UNIT_KRAKEN,18,flag,LossMoveToDmgNone,
UNIT_KRAKEN,19,kv,MaxFuel,0
UNIT_KRAKEN,20,flag,CanExpel,
UNIT_KRAKEN,21,flag,CanPillage,
UNIT_KRAKEN,22,flag,CanPirate,
UNIT_KRAKEN,23,flag,DeathEffectsHappy,
UNIT_KRAKEN,24,flag,IsFlanker,
UNIT_KRAKEN,25,flag,IsSubmarine,
UNIT_KRAKEN,26,flag,Explodes,
UNIT_KRAKEN,27,flag,OnlyBuildOne,
UNIT_KRAKEN,28,kv,SoundSelect1,SOUND_SELECT1_KRAKEN
UNIT_KRAKEN,29,kv,SoundSelect2,SOUND_SELECT2_KRAKEN
UNIT_KRAKEN,30,kv,SoundMove,SOUND_MOVE_KRAKEN
UNIT_KRAKEN,31,kv,SoundAcknowledge,SOUND_ACKNOWLEDGE_KRAKEN
UNIT_KRAKEN,32,kv,SoundCantMove,SOUND_CANTMOVE_KRAKEN
UNIT_KRAKEN,33,kv,SoundAttack,SOUND_ATTACK_KRAKEN
UNIT_KRAKEN,34,kv,SoundWork,SOUND_WORK_KRAKEN
UNIT_KRAKEN,35,kv,SoundVictory,SOUND_VICTORY_KRAKEN
UNIT_KRAKEN,36,kv,SoundDeath,SOUND_DEATH_KRAKEN
UNIT_KRAKEN,37,sublist,CanAttack,Sea
UNIT_KRAKEN,38,sublist,CanAttack,Underwater
UNIT_KRAKEN,39,sublist,CanAttack,ShallowWater
UNIT_KRAKEN,40,sublist,CanSee,Standard
UNIT_KRAKEN,41,sublist,CanSee,Underwater
UNIT_KRAKEN,42,sublist,MovementType,Sea
UNIT_KRAKEN,43,sublist,MovementType,ShallowWater
UNIT_KRAKEN,44,sublist,Size,Large
UNIT_KRAKEN,45,sublist,VisionClass,Underwater
UNIT_KRAKEN,46,nested,CanReform,"[{""t"": ""kv"", ""k"": ""Sound"", ""v"": ""SOUND_ID_REFORM_CITY""}, {""t"": ""kv"", ""k"": ""Effect"", ""v"": ""SPECEFFECT_REFORMCITY""}]"
UNIT_LAWYER,0,kv,Description,DESCRIPTION_UNIT_LAWYER
UNIT_LAWYER,1,kv,DefaultIcon,ICON_UNIT_LAWYER
UNIT_LAWYER,2,kv,DefaultSprite,SPRITE_LAWYER
UNIT_LAWYER,3,kv,Category,UNIT_CATEGORY_SPECIAL
UNIT_LAWYER,4,kv,Attack,0
UNIT_LAWYER,5,kv,Defense,10
UNIT_LAWYER,6,kv,ZBRangeAttack,0
UNIT_LAWYER,7,kv,Firepower,1
UNIT_LAWYER,8,kv,Armor,1
UNIT_LAWYER,9,kv,MaxHP,10
UNIT_LAWYER,10,kv,ShieldCost,2000
UNIT_LAWYER,11,kv,PowerPoints,3
UNIT_LAWYER,12,kv,ShieldHunger,25
UNIT_LAWYER,13,kv,FoodHunger,0
UNIT_LAWYER,14,kv,MaxMovePoints,300
UNIT_LAWYER,15,kv,VisionRange,2
UNIT_LAWYER,16,kv,EnableAdvance,ADVANCE_CRIMINAL_CODE
UNIT_LAWYER,17,kv,ActiveDefenseRange,0
UNIT_LAWYER,18,flag,LossMoveToDmgNone,
UNIT_LAWYER,19,kv,MaxFuel,0
UNIT_LAWYER,20,flag,CanEntrench,
UNIT_LAWYER,21,flag,IgnoreZOC,
UNIT_LAWYER,22,flag,NoZoc,
UNIT_LAWYER,23,flag,CanSue,
UNIT_LAWYER,24,flag,CanBeSued,
UNIT_LAWYER,25,flag,CantCaptureCity,
UNIT_LAWYER,26,flag,DeathEffectsHappy,
UNIT_LAWYER,27,flag,IsSpecialForces,
UNIT_LAWYER,28,flag,Civilian,
UNIT_LAWYER,29,flag,OnlyBuildOne,
UNIT_LAWYER,30,kv,SoundSelect1,SOUND_SELECT1_LAWYER
UNIT_LAWYER,31,kv,SoundSelect2,SOUND_SELECT2_LAWYER
UNIT_LAWYER,32,kv,SoundMove,SOUND_MOVE_LAWYER
UNIT_LAWYER,33,kv,SoundAcknowledge,SOUND_ACKNOWLEDGE_LAWYER
UNIT_LAWYER,34,kv,SoundCantMove,SOUND_CANTMOVE_LAWYER
UNIT_LAWYER,35,kv,SoundAttack,SOUND_ATTACK_LAWYER
UNIT_LAWYER,36,kv,SoundWork,SOUND_WORK_LAWYER
UNIT_LAWYER,37,kv,SoundVictory,SOUND_VICTORY_LAWYER
UNIT_LAWYER,38,kv,SoundDeath,SOUND_DEATH_LAWYER
UNIT_LAWYER,39,sublist,CanSee,Standard
UNIT_LAWYER,40,sublist,CanSee,Stealth
UNIT_LAWYER,41,sublist,MovementType,Land
UNIT_LAWYER,42,sublist,MovementType,Mountain
UNIT_LAWYER,43,sublist,Size,Small
UNIT_LAWYER,44,sublist,VisionClass,Stealth
UNIT_LAWYER,45,nested,CanInjoin,"[{""t"": ""kv"", ""k"": ""Sound"", ""v"": ""SOUND_ID_INJUNCTION""}, {""t"": ""kv"", ""k"": ""Effect"", ""v"": ""SPECEFFECT_INJUNCTIONS""}]"
UNIT_LEGION,0,kv,Description,DESCRIPTION_UNIT_KNIGHT
UNIT_LEGION,1,kv,DefaultIcon,ICON_UNIT_LEGION
UNIT_LEGION,2,kv,DefaultSprite,SPRITE_LEGION
UNIT_LEGION,3,kv,Category,UNIT_CATEGORY_ATTACK
UNIT_LEGION,4,kv,Attack,30
UNIT_LEGION,5,kv,Defense,25
UNIT_LEGION,6,kv,ZBRangeAttack,0
UNIT_LEGION,7,kv,Firepower,2
UNIT_LEGION,8,kv,Armor,1
UNIT_LEGION,9,kv,MaxHP,16
UNIT_LEGION,10,kv,ShieldCost,525
UNIT_LEGION,11,kv,PowerPoints,70
UNIT_LEGION,12,kv,ShieldHunger,7
UNIT_LEGION,13,kv,FoodHunger,0
UNIT_LEGION,14,kv,MaxMovePoints,100
UNIT_LEGION,15,kv,VisionRange,1
UNIT_LEGION,16,kv,EnableAdvance,ADVANCE_IRON_WORKING
UNIT_LEGION,17,kv,ObsoleteAdvance,ADVANCE_DARK_AGES
UNIT_LEGION,18,kv,ActiveDefenseRange,0
UNIT_LEGION,19,flag,LossMoveToDmgNone,
UNIT_LEGION,20,kv,MaxFuel,0
UNIT_LEGION,21,flag,CanEntrench,
UNIT_LEGION,22,flag,CanBeachAssault,
UNIT_LEGION,23,flag,CanExpel,
UNIT_LEGION,24,flag,CanPillage,
UNIT_LEGION,25,flag,CanPirate,
UNIT_LEGION,26,flag,BonusAgainstMounted,
UNIT_LEGION,27,kv,MountedBonus,0.10
UNIT_LEGION,28,flag,ExertsMartialLaw,
UNIT_LEGION,29,flag,DeathEffectsHappy,
UNIT_LEGION,30,flag,OnlyBuildOne,
UNIT_LEGION,31,kv,SoundSelect1,SOUND_SELECT1_SAMURAI
UNIT_LEGION,32,kv,SoundSelect2,SOUND_SELECT2_SAMURAI
UNIT_LEGION,33,kv,SoundMove,SOUND_MOVE_SAMURAI
UNIT_LEGION,34,kv,SoundAcknowledge,SOUND_ACKNOWLEDGE_SAMURAI
UNIT_LEGION,35,kv,SoundCantMove,SOUND_CANTMOVE_SAMURAI
UNIT_LEGION,36,kv,SoundAttack,SOUND_ATTACK_SAMURAI
UNIT_LEGION,37,kv,SoundWork,SOUND_WORK_SAMURAI
UNIT_LEGION,38,kv,SoundVictory,SOUND_VICTORY_SAMURAI
UNIT_LEGION,39,kv,SoundDeath,SOUND_DEATH_SAMURAI
UNIT_LEGION,40,sublist,CanAttack,Land
UNIT_LEGION,41,sublist,CanAttack,Mountain
UNIT_LEGION,42,sublist,CanSee,Standard
UNIT_LEGION,43,sublist,MovementType,Land
UNIT_LEGION,44,sublist,MovementType,Mountain
UNIT_LEGION,45,sublist,Size,Medium
UNIT_LEGION,46,sublist,VisionClass,Standard
UNIT_LEGION,47,nested,CanReform,"[{""t"": ""kv"", ""k"": ""Sound"", ""v"": ""SOUND_ID_REFORM_CITY""}, {""t"": ""kv"", ""k"": ""Effect"", ""v"": ""SPECEFFECT_REFORMCITY""}]"
UNIT_LEVIATHON,0,kv,Description,DESCRIPTION_UNIT_LEVIATHON
UNIT_LEVIATHON,1,kv,DefaultIcon,ICON_UNIT_LEVIATHON
UNIT_LEVIATHON,2,kv,DefaultSprite,SPRITE_LEVIATHON
UNIT_LEVIATHON,3,kv,Category,UNIT_CATEGORY_DEFENSE
UNIT_LEVIATHON,4,kv,Attack,95
UNIT_LEVIATHON,5,kv,Defense,100
UNIT_LEVIATHON,6,kv,ZBRangeAttack,95
UNIT_LEVIATHON,7,kv,Firepower,5
UNIT_LEVIATHON,8,kv,Armor,4
UNIT_LEVIATHON,9,kv,MaxHP,30
UNIT_LEVIATHON,10,kv,ShieldCost,11000
UNIT_LEVIATHON,11,kv,PowerPoints,80
UNIT_LEVIATHON,12,kv,ShieldHunger,120
UNIT_LEVIATHON,13,kv,FoodHunger,0
UNIT_LEVIATHON,14,kv,MaxMovePoints,300
UNIT_LEVIATHON,15,kv,VisionRange,3
UNIT_LEVIATHON,16,kv,EnableAdvance,ADVANCE_UNIFIED_PHYSICS
UNIT_LEVIATHON,17,kv,BombRounds,5
UNIT_LEVIATHON,18,kv,BombardRange,1
UNIT_LEVIATHON,19,flag,CanCounterBombard,
UNIT_LEVIATHON,20,kv,ActiveDefenseRange,1
UNIT_LEVIATHON,21,flag,LossMoveToDmgNone,
UNIT_LEVIATHON,22,kv,MaxFuel,0
UNIT_LEVIATHON,23,flag,CanEntrench,
UNIT_LEVIATHON,24,flag,CanExpel,
UNIT_LEVIATHON,25,flag,CanPillage,
UNIT_LEVIATHON,26,flag,CanPirate,
UNIT_LEVIATHON,27,flag,ExertsMartialLaw,
UNIT_LEVIATHON,28,flag,DeathEffectsHappy,
UNIT_LEVIATHON,29,flag,IsSpecialForces,
UNIT_LEVIATHON,30,flag,Explodes,
UNIT_LEVIATHON,31,flag,OnlyBuildOne,
UNIT_LEVIATHON,32,kv,SoundSelect1,SOUND_SELECT1_LEVIATHAN
UNIT_LEVIATHON,33,kv,SoundSelect2,SOUND_SELECT2_LEVIATHAN
UNIT_LEVIATHON,34,kv,SoundMove,SOUND_MOVE_LEVIATHAN
UNIT_LEVIATHON,35,kv,SoundAcknowledge,SOUND_ACKNOWLEDGE_LEVIATHAN
UNIT_LEVIATHON,36,kv,SoundCantMove,SOUND_CANTMOVE_LEVIATHAN
UNIT_LEVIATHON,37,kv,SoundAttack,SOUND_ATTACK_LEVIATHAN
UNIT_LEVIATHON,38,kv,SoundWork,SOUND_WORK_LEVIATHAN
UNIT_LEVIATHON,39,kv,SoundVictory,SOUND_VICTORY_LEVIATHAN
UNIT_LEVIATHON,40,kv,SoundDeath,SOUND_DEATH_LEVIATHAN
UNIT_LEVIATHON,41,sublist,CanAttack,Air
UNIT_LEVIATHON,42,sublist,CanAttack,Land
UNIT_LEVIATHON,43,sublist,CanBombard,Land
UNIT_LEVIATHON,44,sublist,CanBombard,Mountain
UNIT_LEVIATHON,45,sublist,CanBombard,Water
UNIT_LEVIATHON,46,sublist,CanBombard,Air
UNIT_LEVIATHON,47,sublist,CanSee,Standard
UNIT_LEVIATHON,48,sublist,Defend,Air
UNIT_LEVIATHON,49,sublist,MovementType,Land
UNIT_LEVIATHON,50,sublist,Size,Large
UNIT_LEVIATHON,51,sublist,VisionClass,Standard
UNIT_LEVIATHON,52,nested,CanReform,"[{""t"": ""kv"", ""k"": ""Sound"", ""v"": ""SOUND_ID_REFORM_CITY""}, {""t"": ""kv"", ""k"": ""Effect"", ""v"": ""SPECEFFECT_REFORMCITY""}]"
UNIT_LONGBOW,0,kv,Description,DESCRIPTION_UNIT_ARCHER
UNIT_LONGBOW,1,kv,DefaultIcon,ICON_UNIT_LONGBOW
UNIT_LONGBOW,2,kv,DefaultSprite,SPRITE_LONGBOW
UNIT_LONGBOW,3,kv,Category,UNIT_CATEGORY_RANGED
UNIT_LONGBOW,4,kv,Attack,15
UNIT_LONGBOW,5,kv,Defense,15
UNIT_LONGBOW,6,kv,ZBRangeAttack,50
UNIT_LONGBOW,7,kv,Firepower,2
UNIT_LONGBOW,8,kv,Armor,1
UNIT_LONGBOW,9,kv,MaxHP,11
UNIT_LONGBOW,10,kv,ShieldCost,950
UNIT_LONGBOW,11,kv,PowerPoints,50
UNIT_LONGBOW,12,kv,ShieldHunger,12
UNIT_LONGBOW,13,kv,FoodHunger,0
UNIT_LONGBOW,14,kv,MaxMovePoints,100
UNIT_LONGBOW,15,kv,VisionRange,2
UNIT_LONGBOW,16,kv,EnableAdvance,ADVANCE_YEOMANRY
UNIT_LONGBOW,17,kv,ObsoleteAdvance,ADVANCE_CANNON_MAKING
UNIT_LONGBOW,18,kv,BombRounds,2
UNIT_LONGBOW,19,kv,BombardRange,1
UNIT_LONGBOW,20,flag,CanCounterBombard,
UNIT_LONGBOW,21,kv,ActiveDefenseRange,0
UNIT_LONGBOW,22,flag,LossMoveToDmgNone,
UNIT_LONGBOW,23,kv,MaxFuel,0
UNIT_LONGBOW,24,flag,CanEntrench,
UNIT_LONGBOW,25,flag,CanExpel,
UNIT_LONGBOW,26,flag,CanPillage,
UNIT_LONGBOW,27,flag,CanPirate,
UNIT_LONGBOW,28,flag,ExertsMartialLaw,
UNIT_LONGBOW,29,flag,DeathEffectsHappy,
UNIT_LONGBOW,30,flag,OnlyBuildOne,
UNIT_LONGBOW,31,kv,SoundSelect1,SOUND_SELECT1_ARCHER
UNIT_LONGBOW,32,kv,SoundSelect2,SOUND_SELECT2_ARCHER
UNIT_LONGBOW,33,kv,SoundMove,SOUND_MOVE_ARCHER
UNIT_LONGBOW,34,kv,SoundAcknowledge,SOUND_ACKNOWLEDGE_ARCHER
UNIT_LONGBOW,35,kv,SoundCantMove,SOUND_CANTMOVE_ARCHER
UNIT_LONGBOW,36,kv,SoundAttack,SOUND_ATTACK_ARCHER
UNIT_LONGBOW,37,kv,SoundWork,SOUND_WORK_ARCHER
UNIT_LONGBOW,38,kv,SoundVictory,SOUND_VICTORY_ARCHER
UNIT_LONGBOW,39,kv,SoundDeath,SOUND_DEATH_ARCHER
UNIT_LONGBOW,40,sublist,CanAttack,Land
UNIT_LONGBOW,41,sublist,CanBombard,Land
UNIT_LONGBOW,42,sublist,CanAttack,Mountain
UNIT_LONGBOW,43,sublist,CanSee,Standard
UNIT_LONGBOW,44,sublist,MovementType,Land
UNIT_LONGBOW,45,sublist,MovementType,Mountain
UNIT_LONGBOW,46,sublist,Size,Medium
UNIT_LONGBOW,47,sublist,VisionClass,Standard
UNIT_LONGBOW,48,nested,CanReform,"[{""t"": ""kv"", ""k"": ""Sound"", ""v"": ""SOUND_ID_REFORM_CITY""}, {""t"": ""kv"", ""k"": ""Effect"", ""v"": ""SPECEFFECT_REFORMCITY""}]"
UNIT_LONGSHIP,0,kv,Description,DESCRIPTION_UNIT_LONGSHIP
UNIT_LONGSHIP,1,kv,DefaultIcon,ICON_UNIT_LONGSHIP
UNIT_LONGSHIP,2,kv,DefaultSprite,SPRITE_LONGSHIP
UNIT_LONGSHIP,3,kv,Category,UNIT_CATEGORY_NAVAL
UNIT_LONGSHIP,4,kv,Attack,10
UNIT_LONGSHIP,5,kv,Defense,10
UNIT_LONGSHIP,6,kv,ZBRangeAttack,10
UNIT_LONGSHIP,7,kv,Firepower,1
UNIT_LONGSHIP,8,kv,Armor,1
UNIT_LONGSHIP,9,kv,MaxHP,10
UNIT_LONGSHIP,10,kv,ShieldCost,650
UNIT_LONGSHIP,11,kv,PowerPoints,12
UNIT_LONGSHIP,12,kv,ShieldHunger,7
UNIT_LONGSHIP,13,kv,FoodHunger,0
UNIT_LONGSHIP,14,kv,MaxMovePoints,400
UNIT_LONGSHIP,15,kv,VisionRange,2
UNIT_LONGSHIP,16,kv,EnableAdvance,ADVANCE_OCEAN_FARING
UNIT_LONGSHIP,17,kv,ObsoleteAdvance,ADVANCE_CHRONOMETER
UNIT_LONGSHIP,18,kv,BombRounds,2
UNIT_LONGSHIP,19,kv,BombardRange,1
UNIT_LONGSHIP,20,flag,CanCounterBombard,
UNIT_LONGSHIP,21,kv,ActiveDefenseRange,0
UNIT_LONGSHIP,22,flag,LossMoveToDmgNone,
UNIT_LONGSHIP,23,kv,MaxFuel,0
UNIT_LONGSHIP,24,flag,NoZoc,
UNIT_LONGSHIP,25,flag,CantCaptureCity,
UNIT_LONGSHIP,26,flag,DeathEffectsHappy,
UNIT_LONGSHIP,27,flag,WoodenShip,
UNIT_LONGSHIP,28,flag,OnlyBuildOne,
UNIT_LONGSHIP,29,kv,SoundSelect1,SOUND_SELECT1_LONGSHIP
UNIT_LONGSHIP,30,kv,SoundSelect2,SOUND_SELECT2_LONGSHIP
UNIT_LONGSHIP,31,kv,SoundMove,SOUND_MOVE_LONGSHIP
UNIT_LONGSHIP,32,kv,SoundAcknowledge,SOUND_ACKNOWLEDGE_LONGSHIP
UNIT_LONGSHIP,33,kv,SoundCantMove,SOUND_CANTMOVE_LONGSHIP
UNIT_LONGSHIP,34,kv,SoundAttack,SOUND_ATTACK_LONGSHIP
UNIT_LONGSHIP,35,kv,SoundWork,SOUND_WORK_LONGSHIP
UNIT_LONGSHIP,36,kv,SoundVictory,SOUND_VICTORY_LONGSHIP
UNIT_LONGSHIP,37,kv,SoundDeath,SOUND_DEATH_LONGSHIP
UNIT_LONGSHIP,38,sublist,CanCarry,SmallLand
UNIT_LONGSHIP,39,sublist,CanCarry,MedLand
UNIT_LONGSHIP,40,sublist,CanAttack,Sea
UNIT_LONGSHIP,41,sublist,CanAttack,ShallowWater
UNIT_LONGSHIP,42,sublist,CanBombard,Land
UNIT_LONGSHIP,43,sublist,CanBombard,Water
UNIT_LONGSHIP,44,sublist,CanSee,Standard
UNIT_LONGSHIP,45,sublist,MovementType,Sea
UNIT_LONGSHIP,46,sublist,MovementType,ShallowWater
UNIT_LONGSHIP,47,sublist,Size,Large
UNIT_LONGSHIP,48,sublist,VisionClass,Standard
UNIT_LONGSHIP,49,nested,CargoData,"[{""t"": ""kv"", ""k"": ""MaxCargo"", ""v"": ""2""}, {""t"": ""kv"", ""k"": ""Load"", ""v"": ""SOUND_ID_LONGSHIP_LOAD""}, {""t"": ""kv"", ""k"": ""Unload"", ""v"": ""SOUND_ID_LONGSHIP_UNLOAD""}]"
UNIT_LONGSHIP,50,nested,CanReform,"[{""t"": ""kv"", ""k"": ""Sound"", ""v"": ""SOUND_ID_REFORM_CITY""}, {""t"": ""kv"", ""k"": ""Effect"", ""v"": ""SPECEFFECT_REFORMCITY""}]"
UNIT_MACHINE_GUNNER,0,kv,Description,DESCRIPTION_UNIT_MACHINE_GUNNER
UNIT_MACHINE_GUNNER,1,kv,DefaultIcon,ICON_UNIT_MACHINE_GUNNER
UNIT_MACHINE_GUNNER,2,kv,DefaultSprite,SPRITE_MACHINE_GUNNER
UNIT_MACHINE_GUNNER,3,kv,Category,UNIT_CATEGORY_ATTACK
UNIT_MACHINE_GUNNER,4,kv,Attack,50
UNIT_MACHINE_GUNNER,5,kv,Defense,50
UNIT_MACHINE_GUNNER,6,kv,ZBRangeAttack,40
UNIT_MACHINE_GUNNER,7,kv,Firepower,3
UNIT_MACHINE_GUNNER,8,kv,Armor,1
UNIT_MACHINE_GUNNER,9,kv,MaxHP,20
UNIT_MACHINE_GUNNER,10,kv,ShieldCost,1700
UNIT_MACHINE_GUNNER,11,kv,PowerPoints,70
UNIT_MACHINE_GUNNER,12,kv,ShieldHunger,20
UNIT_MACHINE_GUNNER,13,kv,FoodHunger,0
UNIT_MACHINE_GUNNER,14,kv,MaxMovePoints,200
UNIT_MACHINE_GUNNER,15,kv,VisionRange,2
UNIT_MACHINE_GUNNER,16,kv,EnableAdvance,ADVANCE_MASS_PRODUCTION
UNIT_MACHINE_GUNNER,17,kv,ObsoleteAdvance,ADVANCE_CHAOS_THEORY
UNIT_MACHINE_GUNNER,18,kv,ActiveDefenseRange,0
UNIT_MACHINE_GUNNER,19,flag,LossMoveToDmgNone,
UNIT_MACHINE_GUNNER,20,kv,MaxFuel,0
UNIT_MACHINE_GUNNER,21,flag,CanEntrench,
UNIT_MACHINE_GUNNER,22,flag,CanExpel,
UNIT_MACHINE_GUNNER,23,flag,CanPillage,
UNIT_MACHINE_GUNNER,24,flag,CanPirate,
UNIT_MACHINE_GUNNER,25,flag,ExertsMartialLaw,
UNIT_MACHINE_GUNNER,26,flag,DeathEffectsHappy,
UNIT_MACHINE_GUNNER,27,flag,OnlyBuildOne,
UNIT_MACHINE_GUNNER,28,kv,SoundSelect1,SOUND_SELECT1_MACHINE_GUNNER
UNIT_MACHINE_GUNNER,29,kv,SoundSelect2,SOUND_SELECT2_MACHINE_GUNNER
UNIT_MACHINE_GUNNER,30,kv,SoundMove,SOUND_MOVE_MACHINE_GUNNER
UNIT_MACHINE_GUNNER,31,kv,SoundAcknowledge,SOUND_ACKNOWLEDGE_MACHINE_GUNNER
UNIT_MACHINE_GUNNER,32,kv,SoundCantMove,SOUND_CANTMOVE_MACHINE_GUNNER
UNIT_MACHINE_GUNNER,33,kv,SoundAttack,SOUND_ATTACK_MACHINE_GUNNER
UNIT_MACHINE_GUNNER,34,kv,SoundWork,SOUND_WORK_MACHINE_GUNNER
UNIT_MACHINE_GUNNER,35,kv,SoundVictory,SOUND_VICTORY_MACHINE_GUNNER
UNIT_MACHINE_GUNNER,36,kv,SoundDeath,SOUND_DEATH_MACHINE_GUNNER
UNIT_MACHINE_GUNNER,37,sublist,CanAttack,Land
UNIT_MACHINE_GUNNER,38,sublist,CanAttack,Mountain
UNIT_MACHINE_GUNNER,39,sublist,CanSee,Standard
UNIT_MACHINE_GUNNER,40,sublist,MovementType,Land
UNIT_MACHINE_GUNNER,41,sublist,MovementType,Mountain
UNIT_MACHINE_GUNNER,42,sublist,Size,Medium
UNIT_MACHINE_GUNNER,43,sublist,VisionClass,Standard
UNIT_MACHINE_GUNNER,44,nested,CanReform,"[{""t"": ""kv"", ""k"": ""Sound"", ""v"": ""SOUND_ID_REFORM_CITY""}, {""t"": ""kv"", ""k"": ""Effect"", ""v"": ""SPECEFFECT_REFORMCITY""}]"
UNIT_MAMELUKE,0,kv,Description,DESCRIPTION_UNIT_MOUNTED_ARCHER
UNIT_MAMELUKE,1,kv,DefaultIcon,ICON_UNIT_MAMELUKE
UNIT_MAMELUKE,2,kv,DefaultSprite,SPRITE_MAMELUKE
UNIT_MAMELUKE,3,kv,Category,UNIT_CATEGORY_FLANKER
UNIT_MAMELUKE,4,kv,Attack,40
UNIT_MAMELUKE,5,kv,Defense,25
UNIT_MAMELUKE,6,kv,ZBRangeAttack,20
UNIT_MAMELUKE,7,kv,Firepower,2
UNIT_MAMELUKE,8,kv,Armor,1
UNIT_MAMELUKE,9,kv,MaxHP,13
UNIT_MAMELUKE,10,kv,ShieldCost,1000
UNIT_MAMELUKE,11,kv,PowerPoints,60
UNIT_MAMELUKE,12,kv,ShieldHunger,12
UNIT_MAMELUKE,13,kv,FoodHunger,0
UNIT_MAMELUKE,14,kv,MaxMovePoints,200
UNIT_MAMELUKE,15,kv,VisionRange,2
UNIT_MAMELUKE,16,kv,EnableAdvance,ADVANCE_CALIPHATE
UNIT_MAMELUKE,17,kv,GovernmentType,GOVERNMENT_CALIPHATE
UNIT_MAMELUKE,18,kv,BombRounds,2
UNIT_MAMELUKE,19,kv,BombardRange,1
UNIT_MAMELUKE,20,flag,CanCounterBombard,
UNIT_MAMELUKE,21,kv,ActiveDefenseRange,0
UNIT_MAMELUKE,22,flag,LossMoveToDmgNone,
UNIT_MAMELUKE,23,kv,MaxFuel,0
UNIT_MAMELUKE,24,flag,CanEntrench,
UNIT_MAMELUKE,25,flag,CanExpel,
UNIT_MAMELUKE,26,flag,CanPillage,
UNIT_MAMELUKE,27,flag,CanPirate,
UNIT_MAMELUKE,28,flag,BonusAgainstMounted,
UNIT_MAMELUKE,29,kv,MountedBonus,0.25
UNIT_MAMELUKE,30,flag,ExertsMartialLaw,
UNIT_MAMELUKE,31,flag,DeathEffectsHappy,
UNIT_MAMELUKE,32,flag,IsFlanker,
UNIT_MAMELUKE,33,flag,OnlyBuildOne,
UNIT_MAMELUKE,34,kv,SoundSelect1,SOUND_SELECT1_MOUNTED_ARCHER
UNIT_MAMELUKE,35,kv,SoundSelect2,SOUND_SELECT2_MOUNTED_ARCHER
UNIT_MAMELUKE,36,kv,SoundMove,SOUND_MOVE_MOUNTED_ARCHER
UNIT_MAMELUKE,37,kv,SoundAcknowledge,SOUND_ACKNOWLEDGE_MOUNTED_ARCHER
UNIT_MAMELUKE,38,kv,SoundCantMove,SOUND_CANTMOVE_MOUNTED_ARCHER
UNIT_MAMELUKE,39,kv,SoundAttack,SOUND_ATTACK_MOUNTED_ARCHER
UNIT_MAMELUKE,40,kv,SoundWork,SOUND_WORK_MOUNTED_ARCHER
UNIT_MAMELUKE,41,kv,SoundVictory,SOUND_VICTORY_MOUNTED_ARCHER
UNIT_MAMELUKE,42,kv,SoundDeath,SOUND_DEATH_MOUNTED_ARCHER
UNIT_MAMELUKE,43,sublist,CanAttack,Land
UNIT_MAMELUKE,44,sublist,CanSee,Standard
UNIT_MAMELUKE,45,sublist,MovementType,Land
UNIT_MAMELUKE,46,sublist,Size,Medium
UNIT_MAMELUKE,47,sublist,VisionClass,Standard
UNIT_MAMELUKE,48,nested,CanReform,"[{""t"": ""kv"", ""k"": ""Sound"", ""v"": ""SOUND_ID_REFORM_CITY""}, {""t"": ""kv"", ""k"": ""Effect"", ""v"": ""SPECEFFECT_REFORMCITY""}]"
UNIT_MAN_AT_ARMS,0,kv,Description,DESCRIPTION_UNIT_PIKEMEN
UNIT_MAN_AT_ARMS,1,kv,DefaultIcon,ICON_UNIT_MAN_AT_ARMS
UNIT_MAN_AT_ARMS,2,kv,DefaultSprite,SPRITE_MAN_AT_ARMS
UNIT_MAN_AT_ARMS,3,kv,Category,UNIT_CATEGORY_DEFENSE
UNIT_MAN_AT_ARMS,4,kv,Attack,30
UNIT_MAN_AT_ARMS,5,kv,Defense,30
UNIT_MAN_AT_ARMS,6,kv,ZBRangeAttack,0
UNIT_MAN_AT_ARMS,7,kv,Firepower,2
UNIT_MAN_AT_ARMS,8,kv,Armor,1
UNIT_MAN_AT_ARMS,9,kv,MaxHP,16
UNIT_MAN_AT_ARMS,10,kv,ShieldCost,620
UNIT_MAN_AT_ARMS,11,kv,PowerPoints,81
UNIT_MAN_AT_ARMS,12,kv,ShieldHunger,7
UNIT_MAN_AT_ARMS,13,kv,FoodHunger,0
UNIT_MAN_AT_ARMS,14,kv,MaxMovePoints,100
UNIT_MAN_AT_ARMS,15,kv,VisionRange,1
UNIT_MAN_AT_ARMS,16,kv,EnableAdvance,ADVANCE_CHAIN_MAIL
UNIT_MAN_AT_ARMS,17,kv,ObsoleteAdvance,ADVANCE_GUNPOWDER
UNIT_MAN_AT_ARMS,18,kv,ActiveDefenseRange,0
UNIT_MAN_AT_ARMS,19,flag,LossMoveToDmgNone,
UNIT_MAN_AT_ARMS,20,kv,MaxFuel,0
UNIT_MAN_AT_ARMS,21,flag,CanEntrench,
UNIT_MAN_AT_ARMS,22,flag,CanExpel,
UNIT_MAN_AT_ARMS,23,flag,CanPillage,
UNIT_MAN_AT_ARMS,24,flag,CanPirate,
UNIT_MAN_AT_ARMS,25,flag,ExertsMartialLaw,
UNIT_MAN_AT_ARMS,26,flag,DeathEffectsHappy,
UNIT_MAN_AT_ARMS,27,flag,OnlyBuildOne,
UNIT_MAN_AT_ARMS,28,kv,SoundSelect1,SOUND_SELECT1_PIKEMEN
UNIT_MAN_AT_ARMS,29,kv,SoundSelect2,SOUND_SELECT2_PIKEMEN
UNIT_MAN_AT_ARMS,30,kv,SoundMove,SOUND_MOVE_PIKEMEN
UNIT_MAN_AT_ARMS,31,kv,SoundAcknowledge,SOUND_ACKNOWLEDGE_PIKEMEN
UNIT_MAN_AT_ARMS,32,kv,SoundCantMove,SOUND_CANTMOVE_PIKEMEN
UNIT_MAN_AT_ARMS,33,kv,SoundAttack,SOUND_ATTACK_PIKEMEN
UNIT_MAN_AT_ARMS,34,kv,SoundWork,SOUND_WORK_PIKEMEN
UNIT_MAN_AT_ARMS,35,kv,SoundVictory,SOUND_VICTORY_PIKEMEN
UNIT_MAN_AT_ARMS,36,kv,SoundDeath,SOUND_DEATH_PIKEMEN
UNIT_MAN_AT_ARMS,37,sublist,CanAttack,Land
UNIT_MAN_AT_ARMS,38,sublist,CanAttack,Mountain
UNIT_MAN_AT_ARMS,39,sublist,CanSee,Standard
UNIT_MAN_AT_ARMS,40,sublist,MovementType,Land
UNIT_MAN_AT_ARMS,41,sublist,MovementType,Mountain
UNIT_MAN_AT_ARMS,42,sublist,Size,Medium
UNIT_MAN_AT_ARMS,43,sublist,VisionClass,Standard
UNIT_MAN_AT_ARMS,44,nested,CanReform,"[{""t"": ""kv"", ""k"": ""Sound"", ""v"": ""SOUND_ID_REFORM_CITY""}, {""t"": ""kv"", ""k"": ""Effect"", ""v"": ""SPECEFFECT_REFORMCITY""}]"
UNIT_MARINE,0,kv,Description,DESCRIPTION_UNIT_MARINE
UNIT_MARINE,1,kv,DefaultIcon,ICON_UNIT_MARINE
UNIT_MARINE,2,kv,DefaultSprite,SPRITE_MARINE
UNIT_MARINE,3,kv,Category,UNIT_CATEGORY_ATTACK
UNIT_MARINE,4,kv,Attack,70
UNIT_MARINE,5,kv,Defense,55
UNIT_MARINE,6,kv,ZBRangeAttack,40
UNIT_MARINE,7,kv,Firepower,3
UNIT_MARINE,8,kv,Armor,1
UNIT_MARINE,9,kv,MaxHP,23
UNIT_MARINE,10,kv,ShieldCost,2100
UNIT_MARINE,11,kv,PowerPoints,70
UNIT_MARINE,12,kv,ShieldHunger,25
UNIT_MARINE,13,kv,FoodHunger,0
UNIT_MARINE,14,kv,MaxMovePoints,300
UNIT_MARINE,15,kv,VisionRange,2
UNIT_MARINE,16,kv,EnableAdvance,ADVANCE_ADV_INFANTRY_TACTICS
UNIT_MARINE,17,kv,ActiveDefenseRange,0
UNIT_MARINE,18,flag,LossMoveToDmgNone,
UNIT_MARINE,19,kv,MaxFuel,0
UNIT_MARINE,20,flag,CanEntrench,
UNIT_MARINE,21,flag,CanBeachAssault,
UNIT_MARINE,22,flag,CanExpel,
UNIT_MARINE,23,flag,CanPillage,
UNIT_MARINE,24,flag,CanPirate,
UNIT_MARINE,25,flag,ExertsMartialLaw,
UNIT_MARINE,26,flag,DeathEffectsHappy,
UNIT_MARINE,27,flag,IsSpecialForces,
UNIT_MARINE,28,flag,OnlyBuildOne,
UNIT_MARINE,29,kv,SoundSelect1,SOUND_SELECT1_MARINES
UNIT_MARINE,30,kv,SoundSelect2,SOUND_SELECT2_MARINES
UNIT_MARINE,31,kv,SoundMove,SOUND_MOVE_MARINES
UNIT_MARINE,32,kv,SoundAcknowledge,SOUND_ACKNOWLEDGE_MARINES
UNIT_MARINE,33,kv,SoundCantMove,SOUND_CANTMOVE_MARINES
UNIT_MARINE,34,kv,SoundAttack,SOUND_ATTACK_MARINES
UNIT_MARINE,35,kv,SoundWork,SOUND_WORK_MARINES
UNIT_MARINE,36,kv,SoundVictory,SOUND_VICTORY_MARINES
UNIT_MARINE,37,kv,SoundDeath,SOUND_DEATH_MARINES
UNIT_MARINE,38,sublist,CanAttack,Land
UNIT_MARINE,39,sublist,CanAttack,Mountain
UNIT_MARINE,40,sublist,CanSee,Standard
UNIT_MARINE,41,sublist,MovementType,Land
UNIT_MARINE,42,sublist,MovementType,Mountain
UNIT_MARINE,43,sublist,Size,Medium
UNIT_MARINE,44,sublist,VisionClass,Standard
UNIT_MARINE,45,nested,CanReform,"[{""t"": ""kv"", ""k"": ""Sound"", ""v"": ""SOUND_ID_REFORM_CITY""}, {""t"": ""kv"", ""k"": ""Effect"", ""v"": ""SPECEFFECT_REFORMCITY""}]"
UNIT_MECHANISED_INFANTRY,0,kv,Description,DESCRIPTION_UNIT_HOVER_INFANTRY
UNIT_MECHANISED_INFANTRY,1,kv,DefaultIcon,ICON_UNIT_MECHANISED_INFANTRY
UNIT_MECHANISED_INFANTRY,2,kv,DefaultSprite,SPRITE_MECHANISED_INFANTRY
UNIT_MECHANISED_INFANTRY,3,kv,Category,UNIT_CATEGORY_DEFENSE
UNIT_MECHANISED_INFANTRY,4,kv,Attack,55
UNIT_MECHANISED_INFANTRY,5,kv,Defense,70
UNIT_MECHANISED_INFANTRY,6,kv,ZBRangeAttack,40
UNIT_MECHANISED_INFANTRY,7,kv,Firepower,3
UNIT_MECHANISED_INFANTRY,8,kv,Armor,2
UNIT_MECHANISED_INFANTRY,9,kv,MaxHP,25
UNIT_MECHANISED_INFANTRY,10,kv,ShieldCost,2700
UNIT_MECHANISED_INFANTRY,11,kv,PowerPoints,70
UNIT_MECHANISED_INFANTRY,12,kv,ShieldHunger,30
UNIT_MECHANISED_INFANTRY,13,kv,FoodHunger,0
UNIT_MECHANISED_INFANTRY,14,kv,MaxMovePoints,300
UNIT_MECHANISED_INFANTRY,15,kv,VisionRange,2
UNIT_MECHANISED_INFANTRY,16,kv,EnableAdvance,ADVANCE_FIBRE_OPTICS
UNIT_MECHANISED_INFANTRY,17,kv,ObsoleteAdvance,ADVANCE_CHAOS_THEORY
UNIT_MECHANISED_INFANTRY,18,kv,ActiveDefenseRange,0
UNIT_MECHANISED_INFANTRY,19,flag,LossMoveToDmgNone,
UNIT_MECHANISED_INFANTRY,20,kv,MaxFuel,0
UNIT_MECHANISED_INFANTRY,21,flag,CanEntrench,
UNIT_MECHANISED_INFANTRY,22,flag,CanExpel,
UNIT_MECHANISED_INFANTRY,23,flag,CanPillage,
UNIT_MECHANISED_INFANTRY,24,flag,CanPirate,
UNIT_MECHANISED_INFANTRY,25,flag,ExertsMartialLaw,
UNIT_MECHANISED_INFANTRY,26,flag,DeathEffectsHappy,
UNIT_MECHANISED_INFANTRY,27,flag,OnlyBuildOne,
UNIT_MECHANISED_INFANTRY,28,kv,SoundSelect1,SOUND_SELECT1_HOVER_INFANTRY
UNIT_MECHANISED_INFANTRY,29,kv,SoundSelect2,SOUND_SELECT2_HOVER_INFANTRY
UNIT_MECHANISED_INFANTRY,30,kv,SoundMove,SOUND_MOVE_HOVER_INFANTRY
UNIT_MECHANISED_INFANTRY,31,kv,SoundAcknowledge,SOUND_ACKNOWLEDGE_HOVER_INFANTRY
UNIT_MECHANISED_INFANTRY,32,kv,SoundCantMove,SOUND_CANTMOVE_HOVER_INFANTRY
UNIT_MECHANISED_INFANTRY,33,kv,SoundAttack,SOUND_ATTACK_HOVER_INFANTRY
UNIT_MECHANISED_INFANTRY,34,kv,SoundWork,SOUND_WORK_HOVER_INFANTRY
UNIT_MECHANISED_INFANTRY,35,kv,SoundVictory,SOUND_VICTORY_HOVER_INFANTRY
UNIT_MECHANISED_INFANTRY,36,kv,SoundDeath,SOUND_DEATH_HOVER_INFANTRY
UNIT_MECHANISED_INFANTRY,37,sublist,CanAttack,Land
UNIT_MECHANISED_INFANTRY,38,sublist,CanAttack,Mountain
UNIT_MECHANISED_INFANTRY,39,sublist,CanSee,Standard
UNIT_MECHANISED_INFANTRY,40,sublist,MovementType,Land
UNIT_MECHANISED_INFANTRY,41,sublist,MovementType,Mountain
UNIT_MECHANISED_INFANTRY,42,sublist,Size,Medium
UNIT_MECHANISED_INFANTRY,43,sublist,VisionClass,Standard
UNIT_MECHANISED_INFANTRY,44,nested,CanReform,"[{""t"": ""kv"", ""k"": ""Sound"", ""v"": ""SOUND_ID_REFORM_CITY""}, {""t"": ""kv"", ""k"": ""Effect"", ""v"": ""SPECEFFECT_REFORMCITY""}]"
UNIT_MEDIEVAL_INFANTRY,0,kv,Description,DESCRIPTION_UNIT_PIKEMEN
UNIT_MEDIEVAL_INFANTRY,1,kv,DefaultIcon,ICON_UNIT_MEDIEVAL_INFANTRY
UNIT_MEDIEVAL_INFANTRY,2,kv,DefaultSprite,SPRITE_MEDIEVAL_INFANTRY
UNIT_MEDIEVAL_INFANTRY,3,kv,Category,UNIT_CATEGORY_DEFENSE
UNIT_MEDIEVAL_INFANTRY,4,kv,Attack,35
UNIT_MEDIEVAL_INFANTRY,5,kv,Defense,30
UNIT_MEDIEVAL_INFANTRY,6,kv,ZBRangeAttack,0
UNIT_MEDIEVAL_INFANTRY,7,kv,Firepower,2
UNIT_MEDIEVAL_INFANTRY,8,kv,Armor,1
UNIT_MEDIEVAL_INFANTRY,9,kv,MaxHP,17
UNIT_MEDIEVAL_INFANTRY,10,kv,ShieldCost,700
UNIT_MEDIEVAL_INFANTRY,11,kv,PowerPoints,81
UNIT_MEDIEVAL_INFANTRY,12,kv,ShieldHunger,9
UNIT_MEDIEVAL_INFANTRY,13,kv,FoodHunger,0
UNIT_MEDIEVAL_INFANTRY,14,kv,MaxMovePoints,100
UNIT_MEDIEVAL_INFANTRY,15,kv,VisionRange,1
UNIT_MEDIEVAL_INFANTRY,16,kv,EnableAdvance,ADVANCE_IRON_CASTING
UNIT_MEDIEVAL_INFANTRY,17,kv,ObsoleteAdvance,ADVANCE_FLINTLOCK
UNIT_MEDIEVAL_INFANTRY,18,kv,ActiveDefenseRange,0
UNIT_MEDIEVAL_INFANTRY,19,flag,LossMoveToDmgNone,
UNIT_MEDIEVAL_INFANTRY,20,kv,MaxFuel,0
UNIT_MEDIEVAL_INFANTRY,21,flag,CanEntrench,
UNIT_MEDIEVAL_INFANTRY,22,flag,CanExpel,
UNIT_MEDIEVAL_INFANTRY,23,flag,CanPillage,
UNIT_MEDIEVAL_INFANTRY,24,flag,CanPirate,
UNIT_MEDIEVAL_INFANTRY,25,flag,ExertsMartialLaw,
UNIT_MEDIEVAL_INFANTRY,26,flag,DeathEffectsHappy,
UNIT_MEDIEVAL_INFANTRY,27,flag,OnlyBuildOne,
UNIT_MEDIEVAL_INFANTRY,28,kv,SoundSelect1,SOUND_SELECT1_PIKEMEN
UNIT_MEDIEVAL_INFANTRY,29,kv,SoundSelect2,SOUND_SELECT2_PIKEMEN
UNIT_MEDIEVAL_INFANTRY,30,kv,SoundMove,SOUND_MOVE_PIKEMEN
UNIT_MEDIEVAL_INFANTRY,31,kv,SoundAcknowledge,SOUND_ACKNOWLEDGE_PIKEMEN
UNIT_MEDIEVAL_INFANTRY,32,kv,SoundCantMove,SOUND_CANTMOVE_PIKEMEN
UNIT_MEDIEVAL_INFANTRY,33,kv,SoundAttack,SOUND_ATTACK_PIKEMEN
UNIT_MEDIEVAL_INFANTRY,34,kv,SoundWork,SOUND_WORK_PIKEMEN
UNIT_MEDIEVAL_INFANTRY,35,kv,SoundVictory,SOUND_VICTORY_PIKEMEN
UNIT_MEDIEVAL_INFANTRY,36,kv,SoundDeath,SOUND_DEATH_PIKEMEN
UNIT_MEDIEVAL_INFANTRY,37,sublist,CanAttack,Land
UNIT_MEDIEVAL_INFANTRY,38,sublist,CanAttack,Mountain
UNIT_MEDIEVAL_INFANTRY,39,sublist,CanSee,Standard
UNIT_MEDIEVAL_INFANTRY,40,sublist,MovementType,Land
UNIT_MEDIEVAL_INFANTRY,41,sublist,MovementType,Mountain
UNIT_MEDIEVAL_INFANTRY,42,sublist,Size,Medium
UNIT_MEDIEVAL_INFANTRY,43,sublist,VisionClass,Standard
UNIT_MEDIEVAL_INFANTRY,44,nested,CanReform,"[{""t"": ""kv"", ""k"": ""Sound"", ""v"": ""SOUND_ID_REFORM_CITY""}, {""t"": ""kv"", ""k"": ""Effect"", ""v"": ""SPECEFFECT_REFORMCITY""}]"
UNIT_MERCHANT_TRADER,0,kv,Description,DESCRIPTION_UNIT_WARRIOR
UNIT_MERCHANT_TRADER,1,kv,DefaultIcon,ICON_UNIT_MERCHANT_TRADER
UNIT_MERCHANT_TRADER,2,kv,DefaultSprite,SPRITE_WARRIOR
UNIT_MERCHANT_TRADER,3,kv,Category,UNIT_CATEGORY_SPECIAL
UNIT_MERCHANT_TRADER,4,kv,Attack,0
UNIT_MERCHANT_TRADER,5,kv,Defense,0
UNIT_MERCHANT_TRADER,6,kv,ZBRangeAttack,0
UNIT_MERCHANT_TRADER,7,kv,Firepower,0
UNIT_MERCHANT_TRADER,8,kv,Armor,0
UNIT_MERCHANT_TRADER,9,kv,MaxHP,10
UNIT_MERCHANT_TRADER,10,kv,ShieldCost,1300
UNIT_MERCHANT_TRADER,11,kv,PowerPoints,3
UNIT_MERCHANT_TRADER,12,kv,ShieldHunger,0
UNIT_MERCHANT_TRADER,13,kv,FoodHunger,0
UNIT_MERCHANT_TRADER,14,kv,MaxMovePoints,2
UNIT_MERCHANT_TRADER,15,kv,VisionRange,0
UNIT_MERCHANT_TRADER,16,kv,EnableAdvance,ADVANCE_TRADE_GUILDS
UNIT_MERCHANT_TRADER,17,kv,ActiveDefenseRange,0
UNIT_MERCHANT_TRADER,18,kv,MaxFuel,0
UNIT_MERCHANT_TRADER,19,flag,IsTrader,
UNIT_MERCHANT_TRADER,20,flag,OnlyBuildOne,
UNIT_MERCHANT_TRADER,21,kv,SoundSelect1,SOUND_SELECT1_CARAVAN
UNIT_MERCHANT_TRADER,22,kv,SoundSelect2,SOUND_SELECT2_CARAVAN
UNIT_MERCHANT_TRADER,23,kv,SoundMove,SOUND_MOVE_CARAVAN
UNIT_MERCHANT_TRADER,24,kv,SoundAcknowledge,SOUND_ACKNOWLEDGE_CARAVAN
UNIT_MERCHANT_TRADER,25,kv,SoundCantMove,SOUND_CANTMOVE_CARAVAN
UNIT_MERCHANT_TRADER,26,kv,SoundAttack,SOUND_ATTACK_CARAVAN
UNIT_MERCHANT_TRADER,27,kv,SoundWork,SOUND_WORK_CARAVAN
UNIT_MERCHANT_TRADER,28,kv,SoundVictory,SOUND_VICTORY_CARAVAN
UNIT_MERCHANT_TRADER,29,kv,SoundDeath,SOUND_DEATH_CARAVAN
UNIT_MIGRANT,0,kv,Description,DESCRIPTION_UNIT_HOPLITE
UNIT_MIGRANT,1,kv,DefaultIcon,ICON_UNIT_MIGRANT
UNIT_MIGRANT,2,kv,DefaultSprite,SPRITE_MIGRANT
UNIT_MIGRANT,3,kv,Category,UNIT_CATEGORY_DEFENSE
UNIT_MIGRANT,4,kv,Attack,5
UNIT_MIGRANT,5,kv,Defense,5
UNIT_MIGRANT,6,kv,ZBRangeAttack,0
UNIT_MIGRANT,7,kv,Firepower,1
UNIT_MIGRANT,8,kv,Armor,1
UNIT_MIGRANT,9,kv,MaxHP,9
UNIT_MIGRANT,10,kv,ShieldCost,125
UNIT_MIGRANT,11,kv,PowerPoints,70
UNIT_MIGRANT,12,kv,ShieldHunger,1
UNIT_MIGRANT,13,kv,FoodHunger,0
UNIT_MIGRANT,14,kv,MaxMovePoints,100
UNIT_MIGRANT,15,kv,VisionRange,1
UNIT_MIGRANT,16,kv,EnableAdvance,ADVANCE_DYNASTY
UNIT_MIGRANT,17,kv,ObsoleteAdvance,ADVANCE_ARCOLOGIES
UNIT_MIGRANT,18,kv,ActiveDefenseRange,0
UNIT_MIGRANT,19,flag,LossMoveToDmgNone,
UNIT_MIGRANT,20,kv,MaxFuel,0
UNIT_MIGRANT,21,flag,CanEntrench,
UNIT_MIGRANT,22,flag,CanExpel,
UNIT_MIGRANT,23,flag,CanPillage,
UNIT_MIGRANT,24,flag,CanPirate,
UNIT_MIGRANT,25,flag,ExertsMartialLaw,
UNIT_MIGRANT,26,flag,DeathEffectsHappy,
UNIT_MIGRANT,27,flag,BuildingRemovesAPop,
UNIT_MIGRANT,28,flag,OnlyBuildOne,
UNIT_MIGRANT,29,kv,SoundSelect1,SOUND_SELECT1_HOPLITE
UNIT_MIGRANT,30,kv,SoundSelect2,SOUND_SELECT2_HOPLITE
UNIT_MIGRANT,31,kv,SoundMove,SOUND_MOVE_HOPLITE
UNIT_MIGRANT,32,kv,SoundAcknowledge,SOUND_ACKNOWLEDGE_HOPLITE
UNIT_MIGRANT,33,kv,SoundCantMove,SOUND_CANTMOVE_HOPLITE
UNIT_MIGRANT,34,kv,SoundAttack,SOUND_ATTACK_HOPLITE
UNIT_MIGRANT,35,kv,SoundWork,SOUND_WORK_HOPLITE
UNIT_MIGRANT,36,kv,SoundVictory,SOUND_VICTORY_HOPLITE
UNIT_MIGRANT,37,kv,SoundDeath,SOUND_DEATH_HOPLITE
UNIT_MIGRANT,38,sublist,CanAttack,Land
UNIT_MIGRANT,39,sublist,CanAttack,Mountain
UNIT_MIGRANT,40,sublist,CanSee,Standard
UNIT_MIGRANT,41,sublist,MovementType,Land
UNIT_MIGRANT,42,sublist,MovementType,Mountain
UNIT_MIGRANT,43,sublist,Size,Medium
UNIT_MIGRANT,44,sublist,VisionClass,Standard
UNIT_MIGRANT,45,nested,CanReform,"[{""t"": ""kv"", ""k"": ""Sound"", ""v"": ""SOUND_ID_REFORM_CITY""}, {""t"": ""kv"", ""k"": ""Effect"", ""v"": ""SPECEFFECT_REFORMCITY""}]"
UNIT_MOBILE_SAM,0,kv,Description,DESCRIPTION_UNIT_MOBILE_SAM
UNIT_MOBILE_SAM,1,kv,DefaultIcon,ICON_UNIT_MOBILE_SAM
UNIT_MOBILE_SAM,2,kv,DefaultSprite,SPRITE_MOBILE_SAM
UNIT_MOBILE_SAM,3,kv,Category,UNIT_CATEGORY_RANGED
UNIT_MOBILE_SAM,4,kv,Attack,10
UNIT_MOBILE_SAM,5,kv,Defense,20
UNIT_MOBILE_SAM,6,kv,ZBRangeAttack,80
UNIT_MOBILE_SAM,7,kv,Firepower,3
UNIT_MOBILE_SAM,8,kv,Armor,1
UNIT_MOBILE_SAM,9,kv,MaxHP,15
UNIT_MOBILE_SAM,10,kv,ShieldCost,2700
UNIT_MOBILE_SAM,11,kv,PowerPoints,52
UNIT_MOBILE_SAM,12,kv,ShieldHunger,30
UNIT_MOBILE_SAM,13,kv,FoodHunger,0
UNIT_MOBILE_SAM,14,kv,MaxMovePoints,400
UNIT_MOBILE_SAM,15,kv,VisionRange,3
UNIT_MOBILE_SAM,16,kv,EnableAdvance,ADVANCE_RADAR
UNIT_MOBILE_SAM,17,kv,BombRounds,5
UNIT_MOBILE_SAM,18,kv,BombardRange,1
UNIT_MOBILE_SAM,19,flag,CanCounterBombard,
UNIT_MOBILE_SAM,20,kv,ActiveDefenseRange,1
UNIT_MOBILE_SAM,21,flag,LossMoveToDmgNone,
UNIT_MOBILE_SAM,22,kv,MaxFuel,0
UNIT_MOBILE_SAM,23,flag,CanEntrench,
UNIT_MOBILE_SAM,24,flag,CanExpel,
UNIT_MOBILE_SAM,25,flag,CanPillage,
UNIT_MOBILE_SAM,26,flag,CanPirate,
UNIT_MOBILE_SAM,27,flag,ExertsMartialLaw,
UNIT_MOBILE_SAM,28,flag,DeathEffectsHappy,
UNIT_MOBILE_SAM,29,flag,Explodes,
UNIT_MOBILE_SAM,30,flag,OnlyBuildOne,
UNIT_MOBILE_SAM,31,kv,SoundSelect1,SOUND_SELECT1_MOBILE_SAM
UNIT_MOBILE_SAM,32,kv,SoundSelect2,SOUND_SELECT2_MOBILE_SAM
UNIT_MOBILE_SAM,33,kv,SoundMove,SOUND_MOVE_MOBILE_SAM
UNIT_MOBILE_SAM,34,kv,SoundAcknowledge,SOUND_ACKNOWLEDGE_MOBILE_SAM
UNIT_MOBILE_SAM,35,kv,SoundCantMove,SOUND_CANTMOVE_MOBILE_SAM
UNIT_MOBILE_SAM,36,kv,SoundAttack,SOUND_ATTACK_MOBILE_SAM
UNIT_MOBILE_SAM,37,kv,SoundWork,SOUND_WORK_MOBILE_SAM
UNIT_MOBILE_SAM,38,kv,SoundVictory,SOUND_VICTORY_MOBILE_SAM
UNIT_MOBILE_SAM,39,kv,SoundDeath,SOUND_DEATH_MOBILE_SAM
UNIT_MOBILE_SAM,40,sublist,CanAttack,Air
UNIT_MOBILE_SAM,41,sublist,CanBombard,Air
UNIT_MOBILE_SAM,42,sublist,CanBombard,Land
UNIT_MOBILE_SAM,43,sublist,CanBombard,Mountain
UNIT_MOBILE_SAM,44,sublist,CanBombard,Water
UNIT_MOBILE_SAM,45,sublist,CanSee,Standard
UNIT_MOBILE_SAM,46,sublist,Defend,Air
UNIT_MOBILE_SAM,47,sublist,MovementType,Land
UNIT_MOBILE_SAM,48,sublist,Size,Medium
UNIT_MOBILE_SAM,49,sublist,VisionClass,Standard
UNIT_MOBILE_SAM,50,nested,CanReform,"[{""t"": ""kv"", ""k"": ""Sound"", ""v"": ""SOUND_ID_REFORM_CITY""}, {""t"": ""kv"", ""k"": ""Effect"", ""v"": ""SPECEFFECT_REFORMCITY""}]"
UNIT_MODERN_ARMOUR,0,kv,Description,DESCRIPTION_UNIT_TANK
UNIT_MODERN_ARMOUR,1,kv,DefaultIcon,ICON_UNIT_MODERN_ARMOUR
UNIT_MODERN_ARMOUR,2,kv,DefaultSprite,SPRITE_MODERN_ARMOUR
UNIT_MODERN_ARMOUR,3,kv,Category,UNIT_CATEGORY_FLANKER
UNIT_MODERN_ARMOUR,4,kv,Attack,75
UNIT_MODERN_ARMOUR,5,kv,Defense,60
UNIT_MODERN_ARMOUR,6,kv,ZBRangeAttack,65
UNIT_MODERN_ARMOUR,7,kv,Firepower,4
UNIT_MODERN_ARMOUR,8,kv,Armor,2
UNIT_MODERN_ARMOUR,9,kv,MaxHP,30
UNIT_MODERN_ARMOUR,10,kv,ShieldCost,4500
UNIT_MODERN_ARMOUR,11,kv,PowerPoints,60
UNIT_MODERN_ARMOUR,12,kv,ShieldHunger,50
UNIT_MODERN_ARMOUR,13,kv,FoodHunger,0
UNIT_MODERN_ARMOUR,14,kv,MaxMovePoints,600
UNIT_MODERN_ARMOUR,15,kv,VisionRange,3
UNIT_MODERN_ARMOUR,16,kv,EnableAdvance,ADVANCE_CYBERNETICS
UNIT_MODERN_ARMOUR,17,kv,ActiveDefenseRange,0
UNIT_MODERN_ARMOUR,18,flag,LossMoveToDmgNone,
UNIT_MODERN_ARMOUR,19,kv,MaxFuel,0
UNIT_MODERN_ARMOUR,20,flag,CanEntrench,
UNIT_MODERN_ARMOUR,21,flag,CanExpel,
UNIT_MODERN_ARMOUR,22,flag,CanPillage,
UNIT_MODERN_ARMOUR,23,flag,CanPirate,
UNIT_MODERN_ARMOUR,24,flag,ExertsMartialLaw,
UNIT_MODERN_ARMOUR,25,flag,DeathEffectsHappy,
UNIT_MODERN_ARMOUR,26,flag,IsFlanker,
UNIT_MODERN_ARMOUR,27,flag,IsMounted,
UNIT_MODERN_ARMOUR,28,flag,Explodes,
UNIT_MODERN_ARMOUR,29,flag,OnlyBuildOne,
UNIT_MODERN_ARMOUR,30,kv,SoundSelect1,SOUND_SELECT1_TANK
UNIT_MODERN_ARMOUR,31,kv,SoundSelect2,SOUND_SELECT2_TANK
UNIT_MODERN_ARMOUR,32,kv,SoundMove,SOUND_MOVE_TANK
UNIT_MODERN_ARMOUR,33,kv,SoundAcknowledge,SOUND_ACKNOWLEDGE_TANK
UNIT_MODERN_ARMOUR,34,kv,SoundCantMove,SOUND_CANTMOVE_TANK
UNIT_MODERN_ARMOUR,35,kv,SoundAttack,SOUND_ATTACK_TANK
UNIT_MODERN_ARMOUR,36,kv,SoundWork,SOUND_WORK_TANK
UNIT_MODERN_ARMOUR,37,kv,SoundVictory,SOUND_VICTORY_TANK
UNIT_MODERN_ARMOUR,38,kv,SoundDeath,SOUND_DEATH_TANK
UNIT_MODERN_ARMOUR,39,sublist,CanAttack,Land
UNIT_MODERN_ARMOUR,40,sublist,CanSee,Standard
UNIT_MODERN_ARMOUR,41,sublist,MovementType,Land
UNIT_MODERN_ARMOUR,42,sublist,Size,Medium
UNIT_MODERN_ARMOUR,43,sublist,VisionClass,Standard
UNIT_MODERN_ARMOUR,44,nested,CanReform,"[{""t"": ""kv"", ""k"": ""Sound"", ""v"": ""SOUND_ID_REFORM_CITY""}, {""t"": ""kv"", ""k"": ""Effect"", ""v"": ""SPECEFFECT_REFORMCITY""}]"
UNIT_MOREY_STRIKER,0,kv,Description,DESCRIPTION_UNIT_MOREY_STRIKER
UNIT_MOREY_STRIKER,1,kv,DefaultIcon,ICON_UNIT_MOREY_STRIKER
UNIT_MOREY_STRIKER,2,kv,DefaultSprite,SPRITE_MOREY_STRIKER
UNIT_MOREY_STRIKER,3,kv,Category,UNIT_CATEGORY_UNDERSEA
UNIT_MOREY_STRIKER,4,kv,Attack,70
UNIT_MOREY_STRIKER,5,kv,Defense,80
UNIT_MOREY_STRIKER,6,kv,ZBRangeAttack,70
UNIT_MOREY_STRIKER,7,kv,Firepower,4
UNIT_MOREY_STRIKER,8,kv,Armor,4
UNIT_MOREY_STRIKER,9,kv,MaxHP,25
UNIT_MOREY_STRIKER,10,kv,ShieldCost,5500
UNIT_MOREY_STRIKER,11,kv,PowerPoints,20
UNIT_MOREY_STRIKER,12,kv,ShieldHunger,60
UNIT_MOREY_STRIKER,13,kv,FoodHunger,0
UNIT_MOREY_STRIKER,14,kv,MaxMovePoints,800
UNIT_MOREY_STRIKER,15,kv,VisionRange,3
UNIT_MOREY_STRIKER,16,kv,EnableAdvance,ADVANCE_GENETICS
UNIT_MOREY_STRIKER,17,kv,BombRounds,5
UNIT_MOREY_STRIKER,18,kv,BombardRange,1
UNIT_MOREY_STRIKER,19,flag,CanCounterBombard,
UNIT_MOREY_STRIKER,20,kv,ActiveDefenseRange,1
UNIT_MOREY_STRIKER,21,flag,LossMoveToDmgNone,
UNIT_MOREY_STRIKER,22,kv,MaxFuel,0
UNIT_MOREY_STRIKER,23,flag,CanExpel,
UNIT_MOREY_STRIKER,24,flag,CanPillage,
UNIT_MOREY_STRIKER,25,flag,CanPirate,
UNIT_MOREY_STRIKER,26,flag,DeathEffectsHappy,
UNIT_MOREY_STRIKER,27,flag,IsFlanker,
UNIT_MOREY_STRIKER,28,flag,IsSubmarine,
UNIT_MOREY_STRIKER,29,flag,Explodes,
UNIT_MOREY_STRIKER,30,flag,OnlyBuildOne,
UNIT_MOREY_STRIKER,31,kv,SoundSelect1,SOUND_SELECT1_MOREY_STRIKER
UNIT_MOREY_STRIKER,32,kv,SoundSelect2,SOUND_SELECT2_MOREY_STRIKER
UNIT_MOREY_STRIKER,33,kv,SoundMove,SOUND_MOVE_MOREY_STRIKER
UNIT_MOREY_STRIKER,34,kv,SoundAcknowledge,SOUND_ACKNOWLEDGE_MOREY_STRIKER
UNIT_MOREY_STRIKER,35,kv,SoundCantMove,SOUND_CANTMOVE_MOREY_STRIKER
UNIT_MOREY_STRIKER,36,kv,SoundAttack,SOUND_ATTACK_MOREY_STRIKER
UNIT_MOREY_STRIKER,37,kv,SoundWork,SOUND_WORK_MOREY_STRIKER
UNIT_MOREY_STRIKER,38,kv,SoundVictory,SOUND_VICTORY_MOREY_STRIKER
UNIT_MOREY_STRIKER,39,kv,SoundDeath,SOUND_DEATH_MOREY_STRIKER
UNIT_MOREY_STRIKER,40,sublist,CanAttack,Sea
UNIT_MOREY_STRIKER,41,sublist,CanAttack,Underwater
UNIT_MOREY_STRIKER,42,sublist,CanAttack,ShallowWater
UNIT_MOREY_STRIKER,43,sublist,CanBombard,Water
UNIT_MOREY_STRIKER,44,sublist,CanSee,Standard
UNIT_MOREY_STRIKER,45,sublist,MovementType,Sea
UNIT_MOREY_STRIKER,46,sublist,MovementType,ShallowWater
UNIT_MOREY_STRIKER,47,sublist,Size,Large
UNIT_MOREY_STRIKER,48,sublist,VisionClass,Underwater
UNIT_MOREY_STRIKER,49,nested,CanReform,"[{""t"": ""kv"", ""k"": ""Sound"", ""v"": ""SOUND_ID_REFORM_CITY""}, {""t"": ""kv"", ""k"": ""Effect"", ""v"": ""SPECEFFECT_REFORMCITY""}]"
UNIT_MOUNTED_ARCHER,0,kv,Description,DESCRIPTION_UNIT_MOUNTED_ARCHER
UNIT_MOUNTED_ARCHER,1,kv,DefaultIcon,ICON_UNIT_MOUNTED_ARCHER
UNIT_MOUNTED_ARCHER,2,kv,DefaultSprite,SPRITE_MOUNTED_ARCHER
UNIT_MOUNTED_ARCHER,3,kv,Category,UNIT_CATEGORY_RANGED
UNIT_MOUNTED_ARCHER,4,kv,Attack,15
UNIT_MOUNTED_ARCHER,5,kv,Defense,10
UNIT_MOUNTED_ARCHER,6,kv,ZBRangeAttack,20
UNIT_MOUNTED_ARCHER,7,kv,Firepower,1
UNIT_MOUNTED_ARCHER,8,kv,Armor,1
UNIT_MOUNTED_ARCHER,9,kv,MaxHP,10
UNIT_MOUNTED_ARCHER,10,kv,ShieldCost,525
UNIT_MOUNTED_ARCHER,11,kv,PowerPoints,50
UNIT_MOUNTED_ARCHER,12,kv,ShieldHunger,6
UNIT_MOUNTED_ARCHER,13,kv,FoodHunger,0
UNIT_MOUNTED_ARCHER,14,kv,MaxMovePoints,400
UNIT_MOUNTED_ARCHER,15,kv,VisionRange,2
UNIT_MOUNTED_ARCHER,16,kv,EnableAdvance,ADVANCE_MOBILE_TACTICS
UNIT_MOUNTED_ARCHER,17,kv,ObsoleteAdvance,ADVANCE_DARK_AGES
UNIT_MOUNTED_ARCHER,18,kv,BombRounds,2
UNIT_MOUNTED_ARCHER,19,kv,BombardRange,1
UNIT_MOUNTED_ARCHER,20,flag,CanCounterBombard,
UNIT_MOUNTED_ARCHER,21,kv,ActiveDefenseRange,0
UNIT_MOUNTED_ARCHER,22,flag,LossMoveToDmgNone,
UNIT_MOUNTED_ARCHER,23,kv,MaxFuel,0
UNIT_MOUNTED_ARCHER,24,flag,CanEntrench,
UNIT_MOUNTED_ARCHER,25,flag,CanExpel,
UNIT_MOUNTED_ARCHER,26,flag,CanPillage,
UNIT_MOUNTED_ARCHER,27,flag,CanPirate,
UNIT_MOUNTED_ARCHER,28,flag,ExertsMartialLaw,
UNIT_MOUNTED_ARCHER,29,flag,DeathEffectsHappy,
UNIT_MOUNTED_ARCHER,30,flag,IsMounted,
UNIT_MOUNTED_ARCHER,31,flag,OnlyBuildOne,
UNIT_MOUNTED_ARCHER,32,kv,SoundSelect1,SOUND_SELECT1_MOUNTED_ARCHER
UNIT_MOUNTED_ARCHER,33,kv,SoundSelect2,SOUND_SELECT2_MOUNTED_ARCHER
UNIT_MOUNTED_ARCHER,34,kv,SoundMove,SOUND_MOVE_MOUNTED_ARCHER
UNIT_MOUNTED_ARCHER,35,kv,SoundAcknowledge,SOUND_ACKNOWLEDGE_MOUNTED_ARCHER
UNIT_MOUNTED_ARCHER,36,kv,SoundCantMove,SOUND_CANTMOVE_MOUNTED_ARCHER
UNIT_MOUNTED_ARCHER,37,kv,SoundAttack,SOUND_ATTACK_MOUNTED_ARCHER
UNIT_MOUNTED_ARCHER,38,kv,SoundWork,SOUND_WORK_MOUNTED_ARCHER
UNIT_MOUNTED_ARCHER,39,kv,SoundVictory,SOUND_VICTORY_MOUNTED_ARCHER
UNIT_MOUNTED_ARCHER,40,kv,SoundDeath,SOUND_DEATH_MOUNTED_ARCHER
UNIT_MOUNTED_ARCHER,41,sublist,CanAttack,Land
UNIT_MOUNTED_ARCHER,42,sublist,CanBombard,Land
UNIT_MOUNTED_ARCHER,43,sublist,CanSee,Standard
UNIT_MOUNTED_ARCHER,44,sublist,MovementType,Land
UNIT_MOUNTED_ARCHER,45,sublist,Size,Medium
UNIT_MOUNTED_ARCHER,46,sublist,VisionClass,Standard
UNIT_MOUNTED_ARCHER,47,nested,CanReform,"[{""t"": ""kv"", ""k"": ""Sound"", ""v"": ""SOUND_ID_REFORM_CITY""}, {""t"": ""kv"", ""k"": ""Effect"", ""v"": ""SPECEFFECT_REFORMCITY""}]"
UNIT_MUSKETMAN,0,kv,Description,DESCRIPTION_UNIT_INFANTRYMAN
UNIT_MUSKETMAN,1,kv,DefaultIcon,ICON_UNIT_MUSKETMAN
UNIT_MUSKETMAN,2,kv,DefaultSprite,SPRITE_MUSKETMAN
UNIT_MUSKETMAN,3,kv,Category,UNIT_CATEGORY_ATTACK
UNIT_MUSKETMAN,4,kv,Attack,45
UNIT_MUSKETMAN,5,kv,Defense,45
UNIT_MUSKETMAN,6,kv,ZBRangeAttack,40
UNIT_MUSKETMAN,7,kv,Firepower,2
UNIT_MUSKETMAN,8,kv,Armor,1
UNIT_MUSKETMAN,9,kv,MaxHP,18
UNIT_MUSKETMAN,10,kv,ShieldCost,1050
UNIT_MUSKETMAN,11,kv,PowerPoints,70
UNIT_MUSKETMAN,12,kv,ShieldHunger,13
UNIT_MUSKETMAN,13,kv,FoodHunger,0
UNIT_MUSKETMAN,14,kv,MaxMovePoints,100
UNIT_MUSKETMAN,15,kv,VisionRange,2
UNIT_MUSKETMAN,16,kv,EnableAdvance,ADVANCE_FLINTLOCK
UNIT_MUSKETMAN,17,kv,ObsoleteAdvance,ADVANCE_REPLACEABLE_PARTS
UNIT_MUSKETMAN,18,kv,ActiveDefenseRange,0
UNIT_MUSKETMAN,19,flag,LossMoveToDmgNone,
UNIT_MUSKETMAN,20,kv,MaxFuel,0
UNIT_MUSKETMAN,21,flag,CanEntrench,
UNIT_MUSKETMAN,22,flag,CanExpel,
UNIT_MUSKETMAN,23,flag,CanPillage,
UNIT_MUSKETMAN,24,flag,CanPirate,
UNIT_MUSKETMAN,25,flag,ExertsMartialLaw,
UNIT_MUSKETMAN,26,flag,DeathEffectsHappy,
UNIT_MUSKETMAN,27,flag,OnlyBuildOne,
UNIT_MUSKETMAN,28,kv,SoundSelect1,SOUND_SELECT1_INFANTRYMAN
UNIT_MUSKETMAN,29,kv,SoundSelect2,SOUND_SELECT2_INFANTRYMAN
UNIT_MUSKETMAN,30,kv,SoundMove,SOUND_MOVE_INFANTRYMAN
UNIT_MUSKETMAN,31,kv,SoundAcknowledge,SOUND_ACKNOWLEDGE_INFANTRYMAN
UNIT_MUSKETMAN,32,kv,SoundCantMove,SOUND_CANTMOVE_INFANTRYMAN
UNIT_MUSKETMAN,33,kv,SoundAttack,SOUND_ATTACK_INFANTRYMAN
UNIT_MUSKETMAN,34,kv,SoundWork,SOUND_WORK_INFANTRYMAN
UNIT_MUSKETMAN,35,kv,SoundVictory,SOUND_VICTORY_INFANTRYMAN
UNIT_MUSKETMAN,36,kv,SoundDeath,SOUND_DEATH_INFANTRYMAN
UNIT_MUSKETMAN,37,sublist,CanAttack,Land
UNIT_MUSKETMAN,38,sublist,CanAttack,Mountain
UNIT_MUSKETMAN,39,sublist,CanSee,Standard
UNIT_MUSKETMAN,40,sublist,MovementType,Land
UNIT_MUSKETMAN,41,sublist,MovementType,Mountain
UNIT_MUSKETMAN,42,sublist,Size,Medium
UNIT_MUSKETMAN,43,sublist,VisionClass,Standard
UNIT_MUSKETMAN,44,nested,CanReform,"[{""t"": ""kv"", ""k"": ""Sound"", ""v"": ""SOUND_ID_REFORM_CITY""}, {""t"": ""kv"", ""k"": ""Effect"", ""v"": ""SPECEFFECT_REFORMCITY""}]"
UNIT_NOMAD,0,kv,Description,DESCRIPTION_UNIT_SETTLER
UNIT_NOMAD,1,kv,DefaultIcon,ICON_UNIT_NOMAD
UNIT_NOMAD,2,kv,DefaultSprite,SPRITE_NOMAD
UNIT_NOMAD,3,kv,Category,UNIT_CATEGORY_SETTLER
UNIT_NOMAD,4,kv,Attack,0
UNIT_NOMAD,5,kv,Defense,10
UNIT_NOMAD,6,kv,ZBRangeAttack,0
UNIT_NOMAD,7,kv,Firepower,1
UNIT_NOMAD,8,kv,Armor,1
UNIT_NOMAD,9,kv,MaxHP,10
UNIT_NOMAD,10,kv,ShieldCost,750
UNIT_NOMAD,11,kv,PowerPoints,1
UNIT_NOMAD,12,kv,ShieldHunger,0
UNIT_NOMAD,13,kv,FoodHunger,0
UNIT_NOMAD,14,kv,MaxMovePoints,100
UNIT_NOMAD,15,kv,VisionRange,1
UNIT_NOMAD,16,kv,ObsoleteAdvance,ADVANCE_TRIBUNAL_EMPIRE
UNIT_NOMAD,17,kv,ActiveDefenseRange,0
UNIT_NOMAD,18,flag,LossMoveToDmgNone,
UNIT_NOMAD,19,kv,MaxFuel,0
UNIT_NOMAD,20,flag,CanEntrench,
UNIT_NOMAD,21,flag,NoZoc,
UNIT_NOMAD,22,kv,SettleCityType,UNIT_CITY
UNIT_NOMAD,23,kv,SettleSize,1
UNIT_NOMAD,24,flag,CanBeExpelled,
UNIT_NOMAD,25,flag,CantCaptureCity,
UNIT_NOMAD,26,flag,DeathEffectsHappy,
UNIT_NOMAD,27,flag,BuildingRemovesAPop,
UNIT_NOMAD,28,flag,IsSpecialForces,
UNIT_NOMAD,29,flag,Civilian,
UNIT_NOMAD,30,flag,OnlyBuildOne,
UNIT_NOMAD,31,kv,SoundSelect1,SOUND_SELECT1_SETTLER
UNIT_NOMAD,32,kv,SoundSelect2,SOUND_SELECT2_SETTLER
UNIT_NOMAD,33,kv,SoundMove,SOUND_MOVE_SETTLER
UNIT_NOMAD,34,kv,SoundAcknowledge,SOUND_ACKNOWLEDGE_SETTLER
UNIT_NOMAD,35,kv,SoundCantMove,SOUND_CANTMOVE_SETTLER
UNIT_NOMAD,36,kv,SoundAttack,SOUND_ATTACK_SETTLER
UNIT_NOMAD,37,kv,SoundWork,SOUND_WORK_SETTLER
UNIT_NOMAD,38,kv,SoundVictory,SOUND_VICTORY_SETTLER
UNIT_NOMAD,39,kv,SoundDeath,SOUND_DEATH_SETTLER
UNIT_NOMAD,40,sublist,CanSee,Standard
UNIT_NOMAD,41,sublist,MovementType,Land
UNIT_NOMAD,42,sublist,MovementType,Mountain
UNIT_NOMAD,43,sublist,Settle,Land
UNIT_NOMAD,44,sublist,Settle,Mountain
UNIT_NOMAD,45,sublist,Size,Small
UNIT_NOMAD,46,sublist,VisionClass,Standard
UNIT_NUCLEAR_SUBMARINE,0,kv,Description,DESCRIPTION_UNIT_NUCLEAR_SUBMARINE
UNIT_NUCLEAR_SUBMARINE,1,kv,DefaultIcon,ICON_UNIT_NUCLEAR_SUBMARINE
UNIT_NUCLEAR_SUBMARINE,2,kv,DefaultSprite,SPRITE_NUCLEAR_SUBMARINE
UNIT_NUCLEAR_SUBMARINE,3,kv,Category,UNIT_CATEGORY_UNDERSEA
UNIT_NUCLEAR_SUBMARINE,4,kv,Attack,50
UNIT_NUCLEAR_SUBMARINE,5,kv,Defense,40
UNIT_NUCLEAR_SUBMARINE,6,kv,ZBRangeAttack,55
UNIT_NUCLEAR_SUBMARINE,7,kv,Firepower,4
UNIT_NUCLEAR_SUBMARINE,8,kv,Armor,3
UNIT_NUCLEAR_SUBMARINE,9,kv,MaxHP,15
UNIT_NUCLEAR_SUBMARINE,10,kv,ShieldCost,4500
UNIT_NUCLEAR_SUBMARINE,11,kv,PowerPoints,21
UNIT_NUCLEAR_SUBMARINE,12,kv,ShieldHunger,50
UNIT_NUCLEAR_SUBMARINE,13,kv,FoodHunger,0
UNIT_NUCLEAR_SUBMARINE,14,kv,MaxMovePoints,500
UNIT_NUCLEAR_SUBMARINE,15,kv,VisionRange,3
UNIT_NUCLEAR_SUBMARINE,16,kv,EnableAdvance,ADVANCE_NUCLEAR_POWER
UNIT_NUCLEAR_SUBMARINE,17,kv,ObsoleteAdvance,ADVANCE_GENETIC_TAILORING
UNIT_NUCLEAR_SUBMARINE,18,kv,BombRounds,5
UNIT_NUCLEAR_SUBMARINE,19,kv,BombardRange,1
UNIT_NUCLEAR_SUBMARINE,20,flag,CanCounterBombard,
UNIT_NUCLEAR_SUBMARINE,21,kv,ActiveDefenseRange,0
UNIT_NUCLEAR_SUBMARINE,22,flag,LossMoveToDmgNone,
UNIT_NUCLEAR_SUBMARINE,23,kv,MaxFuel,0
UNIT_NUCLEAR_SUBMARINE,24,flag,CanExpel,
UNIT_NUCLEAR_SUBMARINE,25,flag,CanPillage,
UNIT_NUCLEAR_SUBMARINE,26,flag,CanPirate,
UNIT_NUCLEAR_SUBMARINE,27,flag,CantCaptureCity,
UNIT_NUCLEAR_SUBMARINE,28,flag,DeathEffectsHappy,
UNIT_NUCLEAR_SUBMARINE,29,flag,IsFlanker,
UNIT_NUCLEAR_SUBMARINE,30,flag,IsSubmarine,
UNIT_NUCLEAR_SUBMARINE,31,flag,Explodes,
UNIT_NUCLEAR_SUBMARINE,32,flag,OnlyBuildOne,
UNIT_NUCLEAR_SUBMARINE,33,kv,SoundSelect1,SOUND_SELECT1_NUCLEAR_SUBMARINE
UNIT_NUCLEAR_SUBMARINE,34,kv,SoundSelect2,SOUND_SELECT2_NUCLEAR_SUBMARINE
UNIT_NUCLEAR_SUBMARINE,35,kv,SoundMove,SOUND_MOVE_NUCLEAR_SUBMARINE
UNIT_NUCLEAR_SUBMARINE,36,kv,SoundAcknowledge,SOUND_ACKNOWLEDGE_NUCLEAR_SUBMARINE
UNIT_NUCLEAR_SUBMARINE,37,kv,SoundCantMove,SOUND_CANTMOVE_NUCLEAR_SUBMARINE
UNIT_NUCLEAR_SUBMARINE,38,kv,SoundAttack,SOUND_ATTACK_NUCLEAR_SUBMARINE
UNIT_NUCLEAR_SUBMARINE,39,kv,SoundWork,SOUND_WORK_NUCLEAR_SUBMARINE
UNIT_NUCLEAR_SUBMARINE,40,kv,SoundVictory,SOUND_VICTORY_NUCLEAR_SUBMARINE
UNIT_NUCLEAR_SUBMARINE,41,kv,SoundDeath,SOUND_DEATH_NUCLEAR_SUBMARINE
UNIT_NUCLEAR_SUBMARINE,42,sublist,CanAttack,ShallowWater
UNIT_NUCLEAR_SUBMARINE,43,sublist,CanAttack,Sea
UNIT_NUCLEAR_SUBMARINE,44,sublist,CanAttack,Underwater
UNIT_NUCLEAR_SUBMARINE,45,sublist,CanBombard,Water
UNIT_NUCLEAR_SUBMARINE,46,sublist,CanCarry,SmallAir
UNIT_NUCLEAR_SUBMARINE,47,sublist,CanCarry,SmallLand
UNIT_NUCLEAR_SUBMARINE,48,sublist,CanSee,Standard
UNIT_NUCLEAR_SUBMARINE,49,sublist,CanSee,Underwater
UNIT_NUCLEAR_SUBMARINE,50,sublist,MovementType,Sea
UNIT_NUCLEAR_SUBMARINE,51,sublist,MovementType,ShallowWater
UNIT_NUCLEAR_SUBMARINE,52,sublist,Size,Large
UNIT_NUCLEAR_SUBMARINE,53,sublist,VisionClass,Underwater
UNIT_NUCLEAR_SUBMARINE,54,nested,CanReform,"[{""t"": ""kv"", ""k"": ""Sound"", ""v"": ""SOUND_ID_REFORM_CITY""}, {""t"": ""kv"", ""k"": ""Effect"", ""v"": ""SPECEFFECT_REFORMCITY""}]"
UNIT_NUCLEAR_SUBMARINE,55,nested,CargoData,"[{""t"": ""kv"", ""k"": ""MaxCargo"", ""v"": ""2""}, {""t"": ""kv"", ""k"": ""Load"", ""v"": ""SOUND_ID_SUBMARINE_LOAD""}, {""t"": ""kv"", ""k"": ""Unload"", ""v"": ""SOUND_ID_SUBMARINE_UNLOAD""}]"
UNIT_NUKE,0,kv,Description,DESCRIPTION_UNIT_NUKE
UNIT_NUKE,1,kv,DefaultIcon,ICON_UNIT_NUKE
UNIT_NUKE,2,kv,DefaultSprite,SPRITE_NUKE
UNIT_NUKE,3,kv,Category,UNIT_CATEGORY_AERIAL
UNIT_NUKE,4,kv,Attack,1000
UNIT_NUKE,5,kv,Defense,30
UNIT_NUKE,6,kv,ZBRangeAttack,0
UNIT_NUKE,7,kv,Firepower,3
UNIT_NUKE,8,kv,Armor,3
UNIT_NUKE,9,kv,MaxHP,20
UNIT_NUKE,10,kv,ShieldCost,4000
UNIT_NUKE,11,kv,PowerPoints,39
UNIT_NUKE,12,kv,ShieldHunger,50
UNIT_NUKE,13,kv,FoodHunger,0
UNIT_NUKE,14,kv,MaxMovePoints,2000
UNIT_NUKE,15,kv,VisionRange,2
UNIT_NUKE,16,kv,EnableAdvance,ADVANCE_NUCLEAR_POWER
UNIT_NUKE,17,kv,ActiveDefenseRange,0
UNIT_NUKE,18,flag,LossMoveToDmgNone,
UNIT_NUKE,19,flag,NoFuelThenCrash,
UNIT_NUKE,20,kv,MaxFuel,2000
UNIT_NUKE,21,flag,IgnoreZOC,
UNIT_NUKE,22,flag,NoZoc,
UNIT_NUKE,23,flag,CanBeachAssault,
UNIT_NUKE,24,flag,CantCaptureCity,
UNIT_NUKE,25,flag,SingleUse,
UNIT_NUKE,26,flag,IsSpecialForces,
UNIT_NUKE,27,flag,Explodes,
UNIT_NUKE,28,flag,OnlyBuildOne,
UNIT_NUKE,29,kv,SoundSelect1,SOUND_SELECT1_NUKE
UNIT_NUKE,30,kv,SoundSelect2,SOUND_SELECT2_NUKE
UNIT_NUKE,31,kv,SoundMove,SOUND_MOVE_NUKE
UNIT_NUKE,32,kv,SoundAcknowledge,SOUND_ACKNOWLEDGE_NUKE
UNIT_NUKE,33,kv,SoundCantMove,SOUND_CANTMOVE_NUKE
UNIT_NUKE,34,kv,SoundAttack,SOUND_ATTACK_NUKE
UNIT_NUKE,35,kv,SoundWork,SOUND_WORK_NUKE
UNIT_NUKE,36,kv,SoundVictory,SOUND_VICTORY_NUKE
UNIT_NUKE,37,kv,SoundDeath,SOUND_DEATH_NUKE
UNIT_NUKE,38,sublist,CanAttack,Air
UNIT_NUKE,39,sublist,CanAttack,Land
UNIT_NUKE,40,sublist,CanAttack,Mountain
UNIT_NUKE,41,sublist,CanAttack,Sea
UNIT_NUKE,42,sublist,CanAttack,ShallowWater
UNIT_NUKE,43,sublist,CanSee,Standard
UNIT_NUKE,44,sublist,MovementType,Air
UNIT_NUKE,45,sublist,Size,Small
UNIT_NUKE,46,sublist,VisionClass,Standard
UNIT_NUKE,47,nested,NuclearAttack,"[{""t"": ""kv"", ""k"": ""Sound"", ""v"": ""SOUND_ID_NUCLEAR_ATTACK""}, {""t"": ""kv"", ""k"": ""Effect"", ""v"": ""SPECEFFECT_NUCLEAR_ATTACK""}]"
UNIT_OCEAN_CITY,0,kv,Description,DESCRIPTION_UNIT_OCEAN_CITY
UNIT_OCEAN_CITY,1,kv,DefaultIcon,ICON_UNIT_OCEAN_CITY
UNIT_OCEAN_CITY,2,kv,DefaultSprite,SPRITE_OCEAN_CITY
UNIT_OCEAN_CITY,3,kv,Category,UNIT_CATEGORY_GENERIC
UNIT_OCEAN_CITY,4,kv,Attack,0
UNIT_OCEAN_CITY,5,kv,Defense,0
UNIT_OCEAN_CITY,6,kv,ZBRangeAttack,0
UNIT_OCEAN_CITY,7,kv,Firepower,0
UNIT_OCEAN_CITY,8,kv,Armor,0
UNIT_OCEAN_CITY,9,kv,MaxHP,0
UNIT_OCEAN_CITY,10,kv,ShieldCost,0
UNIT_OCEAN_CITY,11,kv,PowerPoints,0
UNIT_OCEAN_CITY,12,kv,ShieldHunger,0
UNIT_OCEAN_CITY,13,kv,FoodHunger,0
UNIT_OCEAN_CITY,14,kv,MaxMovePoints,0
UNIT_OCEAN_CITY,15,kv,VisionRange,2
UNIT_OCEAN_CITY,16,kv,ActiveDefenseRange,0
UNIT_OCEAN_CITY,17,flag,LossMoveToDmgNone,
UNIT_OCEAN_CITY,18,kv,MaxFuel,0
UNIT_OCEAN_CITY,19,flag,HasPopAndCanBuild,
UNIT_OCEAN_CITY,20,flag,CantBuild,
UNIT_OCEAN_CITY,21,kv,CityGrowthCoefficient,0.5
UNIT_OCEAN_CITY,22,flag,NoIndex,
UNIT_OCEAN_CITY,23,flag,GLHidden,
UNIT_OCEAN_CITY,24,flag,CantCaptureCity,
UNIT_OCEAN_CITY,25,flag,NeedsNoSupport,
UNIT_OCEAN_CITY,26,kv,SoundSelect1,SOUND_SELECT1_OCEAN_CITY
UNIT_OCEAN_CITY,27,kv,SoundSelect2,SOUND_SELECT2_OCEAN_CITY
UNIT_OCEAN_CITY,28,kv,SoundMove,SOUND_MOVE_OCEAN_CITY
UNIT_OCEAN_CITY,29,kv,SoundAcknowledge,SOUND_ACKNOWLEDGE_OCEAN_CITY
UNIT_OCEAN_CITY,30,kv,SoundCantMove,SOUND_CANTMOVE_OCEAN_CITY
UNIT_OCEAN_CITY,31,kv,SoundAttack,SOUND_ATTACK_OCEAN_CITY
UNIT_OCEAN_CITY,32,kv,SoundWork,SOUND_WORK_OCEAN_CITY
UNIT_OCEAN_CITY,33,kv,SoundVictory,SOUND_VICTORY_OCEAN_CITY
UNIT_OCEAN_CITY,34,kv,SoundDeath,SOUND_DEATH_OCEAN_CITY
UNIT_OCEAN_CITY,35,sublist,CanAttack,Land
UNIT_OCEAN_CITY,36,sublist,CanAttack,Sea
UNIT_OCEAN_CITY,37,sublist,CanAttack,ShallowWater
UNIT_OCEAN_CITY,38,sublist,CanSee,Standard
UNIT_OCEAN_CITY,39,sublist,MovementType,Land
UNIT_OCEAN_CITY,40,sublist,MovementType,Sea
UNIT_OCEAN_CITY,41,sublist,MovementType,ShallowWater
UNIT_OCEAN_CITY,42,sublist,Size,Medium
UNIT_OCEAN_CITY,43,sublist,VisionClass,Standard
UNIT_OCEAN_CITY,44,nested,Revolution,"[{""t"": ""kv"", ""k"": ""Sound"", ""v"": ""SOUND_ID_REVOLUTION""}, {""t"": ""kv"", ""k"": ""Effect"", ""v"": ""SPECEFFECT_REVOLUTION""}]"
UNIT_ONAGER,0,kv,Description,DESCRIPTION_UNIT_CATAPULT
UNIT_ONAGER,1,kv,DefaultIcon,ICON_UNIT_ONAGER
UNIT_ONAGER,2,kv,DefaultSprite,SPRITE_ONAGER
UNIT_ONAGER,3,kv,Category,UNIT_CATEGORY_RANGED
UNIT_ONAGER,4,kv,Attack,15
UNIT_ONAGER,5,kv,Defense,20
UNIT_ONAGER,6,kv,ZBRangeAttack,35
UNIT_ONAGER,7,kv,Firepower,2
UNIT_ONAGER,8,kv,Armor,1
UNIT_ONAGER,9,kv,MaxHP,12
UNIT_ONAGER,10,kv,ShieldCost,900
UNIT_ONAGER,11,kv,PowerPoints,52
UNIT_ONAGER,12,kv,ShieldHunger,11
UNIT_ONAGER,13,kv,FoodHunger,0
UNIT_ONAGER,14,kv,MaxMovePoints,100
UNIT_ONAGER,15,kv,VisionRange,1
UNIT_ONAGER,16,kv,EnableAdvance,ADVANCE_JOINERY
UNIT_ONAGER,17,kv,ObsoleteAdvance,ADVANCE_GUNPOWDER
UNIT_ONAGER,18,kv,BombRounds,5
UNIT_ONAGER,19,kv,BombardRange,1
UNIT_ONAGER,20,flag,CanCounterBombard,
UNIT_ONAGER,21,kv,ActiveDefenseRange,0
UNIT_ONAGER,22,flag,LossMoveToDmgNone,
UNIT_ONAGER,23,kv,MaxFuel,0
UNIT_ONAGER,24,flag,CanEntrench,
UNIT_ONAGER,25,flag,CanExpel,
UNIT_ONAGER,26,flag,CanPillage,
UNIT_ONAGER,27,flag,CanPirate,
UNIT_ONAGER,28,flag,ExertsMartialLaw,
UNIT_ONAGER,29,flag,DeathEffectsHappy,
UNIT_ONAGER,30,flag,OnlyBuildOne,
UNIT_ONAGER,31,kv,SoundSelect1,SOUND_SELECT1_CATAPULT
UNIT_ONAGER,32,kv,SoundSelect2,SOUND_SELECT2_CATAPULT
UNIT_ONAGER,33,kv,SoundMove,SOUND_MOVE_CATAPULT
UNIT_ONAGER,34,kv,SoundAcknowledge,SOUND_ACKNOWLEDGE_CATAPULT
UNIT_ONAGER,35,kv,SoundCantMove,SOUND_CANTMOVE_CATAPULT
UNIT_ONAGER,36,kv,SoundAttack,SOUND_ATTACK_CATAPULT
UNIT_ONAGER,37,kv,SoundWork,SOUND_WORK_CATAPULT
UNIT_ONAGER,38,kv,SoundVictory,SOUND_VICTORY_CATAPULT
UNIT_ONAGER,39,kv,SoundDeath,SOUND_DEATH_CATAPULT
UNIT_ONAGER,40,sublist,CanAttack,Land
UNIT_ONAGER,41,sublist,CanBombard,Land
UNIT_ONAGER,42,sublist,CanBombard,Mountain
UNIT_ONAGER,43,sublist,CanBombard,Water
UNIT_ONAGER,44,sublist,CanSee,Standard
UNIT_ONAGER,45,sublist,MovementType,Land
UNIT_ONAGER,46,sublist,Size,Medium
UNIT_ONAGER,47,sublist,VisionClass,Standard
UNIT_ONAGER,48,nested,CanReform,"[{""t"": ""kv"", ""k"": ""Sound"", ""v"": ""SOUND_ID_REFORM_CITY""}, {""t"": ""kv"", ""k"": ""Effect"", ""v"": ""SPECEFFECT_REFORMCITY""}]"
UNIT_PARATROOPER,0,kv,Description,DESCRIPTION_UNIT_PARATROOPER
UNIT_PARATROOPER,1,kv,DefaultIcon,ICON_UNIT_PARATROOPER
UNIT_PARATROOPER,2,kv,DefaultSprite,SPRITE_PARATROOPER
UNIT_PARATROOPER,3,kv,Category,UNIT_CATEGORY_ATTACK
UNIT_PARATROOPER,4,kv,Attack,60
UNIT_PARATROOPER,5,kv,Defense,45
UNIT_PARATROOPER,6,kv,ZBRangeAttack,40
UNIT_PARATROOPER,7,kv,Firepower,3
UNIT_PARATROOPER,8,kv,Armor,1
UNIT_PARATROOPER,9,kv,MaxHP,20
UNIT_PARATROOPER,10,kv,ShieldCost,2400
UNIT_PARATROOPER,11,kv,PowerPoints,70
UNIT_PARATROOPER,12,kv,ShieldHunger,28
UNIT_PARATROOPER,13,kv,FoodHunger,0
UNIT_PARATROOPER,14,kv,MaxMovePoints,300
UNIT_PARATROOPER,15,kv,VisionRange,2
UNIT_PARATROOPER,16,kv,EnableAdvance,ADVANCE_ADV_INFANTRY_TACTICS
UNIT_PARATROOPER,17,kv,ActiveDefenseRange,0
UNIT_PARATROOPER,18,flag,LossMoveToDmgNone,
UNIT_PARATROOPER,19,kv,MaxFuel,0
UNIT_PARATROOPER,20,flag,CanEntrench,
UNIT_PARATROOPER,21,flag,CanExpel,
UNIT_PARATROOPER,22,flag,CanPillage,
UNIT_PARATROOPER,23,flag,CanPirate,
UNIT_PARATROOPER,24,flag,ExertsMartialLaw,
UNIT_PARATROOPER,25,flag,DeathEffectsHappy,
UNIT_PARATROOPER,26,flag,IsSpecialForces,
UNIT_PARATROOPER,27,flag,Paratrooper,
UNIT_PARATROOPER,28,flag,OnlyBuildOne,
UNIT_PARATROOPER,29,kv,SoundSelect1,SOUND_SELECT1_PARATROOPER
UNIT_PARATROOPER,30,kv,SoundSelect2,SOUND_SELECT2_PARATROOPER
UNIT_PARATROOPER,31,kv,SoundMove,SOUND_MOVE_PARATROOPER
UNIT_PARATROOPER,32,kv,SoundAcknowledge,SOUND_ACKNOWLEDGE_PARATROOPER
UNIT_PARATROOPER,33,kv,SoundCantMove,SOUND_CANTMOVE_PARATROOPER
UNIT_PARATROOPER,34,kv,SoundAttack,SOUND_ATTACK_PARATROOPER
UNIT_PARATROOPER,35,kv,SoundWork,SOUND_WORK_PARATROOPER
UNIT_PARATROOPER,36,kv,SoundVictory,SOUND_VICTORY_PARATROOPER
UNIT_PARATROOPER,37,kv,SoundDeath,SOUND_DEATH_PARATROOPER
UNIT_PARATROOPER,38,sublist,CanAttack,Land
UNIT_PARATROOPER,39,sublist,CanAttack,Mountain
UNIT_PARATROOPER,40,sublist,CanSee,Standard
UNIT_PARATROOPER,41,sublist,MovementType,Land
UNIT_PARATROOPER,42,sublist,MovementType,Mountain
UNIT_PARATROOPER,43,sublist,Size,Small
UNIT_PARATROOPER,44,sublist,VisionClass,Standard
UNIT_PARATROOPER,45,nested,CanReform,"[{""t"": ""kv"", ""k"": ""Sound"", ""v"": ""SOUND_ID_REFORM_CITY""}, {""t"": ""kv"", ""k"": ""Effect"", ""v"": ""SPECEFFECT_REFORMCITY""}]"
UNIT_PEZHETEROI,0,kv,Description,DESCRIPTION_UNIT_WARRIOR
UNIT_PEZHETEROI,1,kv,DefaultIcon,ICON_UNIT_PEZHETEROI
UNIT_PEZHETEROI,2,kv,DefaultSprite,SPRITE_PEZHETEROI
UNIT_PEZHETEROI,3,kv,Category,UNIT_CATEGORY_DEFENSE
UNIT_PEZHETEROI,4,kv,Attack,15
UNIT_PEZHETEROI,5,kv,Defense,25
UNIT_PEZHETEROI,6,kv,ZBRangeAttack,0
UNIT_PEZHETEROI,7,kv,Firepower,2
UNIT_PEZHETEROI,8,kv,Armor,1
UNIT_PEZHETEROI,9,kv,MaxHP,13
UNIT_PEZHETEROI,10,kv,ShieldCost,300
UNIT_PEZHETEROI,11,kv,PowerPoints,81
UNIT_PEZHETEROI,12,kv,ShieldHunger,4
UNIT_PEZHETEROI,13,kv,FoodHunger,0
UNIT_PEZHETEROI,14,kv,MaxMovePoints,100
UNIT_PEZHETEROI,15,kv,VisionRange,1
UNIT_PEZHETEROI,16,kv,EnableAdvance,ADVANCE_REPUBLIC
UNIT_PEZHETEROI,17,kv,ObsoleteAdvance,ADVANCE_DARK_AGES
UNIT_PEZHETEROI,18,kv,ActiveDefenseRange,0
UNIT_PEZHETEROI,19,flag,LossMoveToDmgNone,
UNIT_PEZHETEROI,20,kv,MaxFuel,0
UNIT_PEZHETEROI,21,flag,CanEntrench,
UNIT_PEZHETEROI,22,flag,CanBeachAssault,
UNIT_PEZHETEROI,23,flag,CanExpel,
UNIT_PEZHETEROI,24,flag,CanPillage,
UNIT_PEZHETEROI,25,flag,CanPirate,
UNIT_PEZHETEROI,26,flag,ExertsMartialLaw,
UNIT_PEZHETEROI,27,flag,DeathEffectsHappy,
UNIT_PEZHETEROI,28,flag,VictoryEnslavement,
UNIT_PEZHETEROI,29,flag,IsSpecialForces,
UNIT_PEZHETEROI,30,flag,BonusAgainstMounted,
UNIT_PEZHETEROI,31,kv,MountedBonus,0.10
UNIT_PEZHETEROI,32,flag,OnlyBuildOne,
UNIT_PEZHETEROI,33,kv,SoundSelect1,SOUND_SELECT1_SAMURAI
UNIT_PEZHETEROI,34,kv,SoundSelect2,SOUND_SELECT2_SAMURAI
UNIT_PEZHETEROI,35,kv,SoundMove,SOUND_MOVE_SAMURAI
UNIT_PEZHETEROI,36,kv,SoundAcknowledge,SOUND_ACKNOWLEDGE_SAMURAI
UNIT_PEZHETEROI,37,kv,SoundCantMove,SOUND_CANTMOVE_SAMURAI
UNIT_PEZHETEROI,38,kv,SoundAttack,SOUND_ATTACK_SAMURAI
UNIT_PEZHETEROI,39,kv,SoundWork,SOUND_WORK_SAMURAI
UNIT_PEZHETEROI,40,kv,SoundVictory,SOUND_VICTORY_SAMURAI
UNIT_PEZHETEROI,41,kv,SoundDeath,SOUND_DEATH_SAMURAI
UNIT_PEZHETEROI,42,sublist,CanAttack,Land
UNIT_PEZHETEROI,43,sublist,CanAttack,Mountain
UNIT_PEZHETEROI,44,sublist,CanSee,Standard
UNIT_PEZHETEROI,45,sublist,MovementType,Land
UNIT_PEZHETEROI,46,sublist,MovementType,Mountain
UNIT_PEZHETEROI,47,sublist,Size,Medium
UNIT_PEZHETEROI,48,sublist,VisionClass,Standard
UNIT_PEZHETEROI,49,nested,CanReform,"[{""t"": ""kv"", ""k"": ""Sound"", ""v"": ""SOUND_ID_REFORM_CITY""}, {""t"": ""kv"", ""k"": ""Effect"", ""v"": ""SPECEFFECT_REFORMCITY""}]"
UNIT_PHALANX,0,kv,Description,DESCRIPTION_UNIT_HOPLITE
UNIT_PHALANX,1,kv,DefaultIcon,ICON_UNIT_PHALANX
UNIT_PHALANX,2,kv,DefaultSprite,SPRITE_PHALANX
UNIT_PHALANX,3,kv,Category,UNIT_CATEGORY_DEFENSE
UNIT_PHALANX,4,kv,Attack,20
UNIT_PHALANX,5,kv,Defense,25
UNIT_PHALANX,6,kv,ZBRangeAttack,0
UNIT_PHALANX,7,kv,Firepower,1
UNIT_PHALANX,8,kv,Armor,1
UNIT_PHALANX,9,kv,MaxHP,15
UNIT_PHALANX,10,kv,ShieldCost,310
UNIT_PHALANX,11,kv,PowerPoints,81
UNIT_PHALANX,12,kv,ShieldHunger,5
UNIT_PHALANX,13,kv,FoodHunger,0
UNIT_PHALANX,14,kv,MaxMovePoints,100
UNIT_PHALANX,15,kv,VisionRange,1
UNIT_PHALANX,16,kv,EnableAdvance,ADVANCE_CITIZENSHIP
UNIT_PHALANX,17,kv,ObsoleteAdvance,ADVANCE_DARK_AGES
UNIT_PHALANX,18,kv,ActiveDefenseRange,0
UNIT_PHALANX,19,flag,LossMoveToDmgNone,
UNIT_PHALANX,20,kv,MaxFuel,0
UNIT_PHALANX,21,flag,CanEntrench,
UNIT_PHALANX,22,flag,CanExpel,
UNIT_PHALANX,23,flag,CanPillage,
UNIT_PHALANX,24,flag,CanPirate,
UNIT_PHALANX,25,flag,ExertsMartialLaw,
UNIT_PHALANX,26,flag,DeathEffectsHappy,
UNIT_PHALANX,27,flag,BonusAgainstMounted,
UNIT_PHALANX,28,kv,MountedBonus,0.25
UNIT_PHALANX,29,flag,OnlyBuildOne,
UNIT_PHALANX,30,kv,SoundSelect1,SOUND_SELECT1_HOPLITE
UNIT_PHALANX,31,kv,SoundSelect2,SOUND_SELECT2_HOPLITE
UNIT_PHALANX,32,kv,SoundMove,SOUND_MOVE_HOPLITE
UNIT_PHALANX,33,kv,SoundAcknowledge,SOUND_ACKNOWLEDGE_HOPLITE
UNIT_PHALANX,34,kv,SoundCantMove,SOUND_CANTMOVE_HOPLITE
UNIT_PHALANX,35,kv,SoundAttack,SOUND_ATTACK_HOPLITE
UNIT_PHALANX,36,kv,SoundWork,SOUND_WORK_HOPLITE
UNIT_PHALANX,37,kv,SoundVictory,SOUND_VICTORY_HOPLITE
UNIT_PHALANX,38,kv,SoundDeath,SOUND_DEATH_HOPLITE
UNIT_PHALANX,39,sublist,CanAttack,Land
UNIT_PHALANX,40,sublist,CanAttack,Mountain
UNIT_PHALANX,41,sublist,CanSee,Standard
UNIT_PHALANX,42,sublist,MovementType,Land
UNIT_PHALANX,43,sublist,Size,Medium
UNIT_PHALANX,44,sublist,VisionClass,Standard
UNIT_PHALANX,45,nested,CanReform,"[{""t"": ""kv"", ""k"": ""Sound"", ""v"": ""SOUND_ID_REFORM_CITY""}, {""t"": ""kv"", ""k"": ""Effect"", ""v"": ""SPECEFFECT_REFORMCITY""}]"
UNIT_PIKEMEN,0,kv,Description,DESCRIPTION_UNIT_PIKEMEN
UNIT_PIKEMEN,1,kv,DefaultIcon,ICON_UNIT_PIKEMEN
UNIT_PIKEMEN,2,kv,DefaultSprite,SPRITE_PIKEMEN
UNIT_PIKEMEN,3,kv,Category,UNIT_CATEGORY_ATTACK
UNIT_PIKEMEN,4,kv,Attack,35
UNIT_PIKEMEN,5,kv,Defense,35
UNIT_PIKEMEN,6,kv,ZBRangeAttack,0
UNIT_PIKEMEN,7,kv,Firepower,2
UNIT_PIKEMEN,8,kv,Armor,1
UNIT_PIKEMEN,9,kv,MaxHP,16
UNIT_PIKEMEN,10,kv,ShieldCost,750
UNIT_PIKEMEN,11,kv,PowerPoints,70
UNIT_PIKEMEN,12,kv,ShieldHunger,8
UNIT_PIKEMEN,13,kv,FoodHunger,0
UNIT_PIKEMEN,14,kv,MaxMovePoints,100
UNIT_PIKEMEN,15,kv,VisionRange,1
UNIT_PIKEMEN,16,kv,EnableAdvance,ADVANCE_BANKING
UNIT_PIKEMEN,17,kv,ObsoleteAdvance,ADVANCE_FLINTLOCK
UNIT_PIKEMEN,18,kv,ActiveDefenseRange,0
UNIT_PIKEMEN,19,flag,LossMoveToDmgNone,
UNIT_PIKEMEN,20,kv,MaxFuel,0
UNIT_PIKEMEN,21,flag,CanEntrench,
UNIT_PIKEMEN,22,flag,CanExpel,
UNIT_PIKEMEN,23,flag,CanPillage,
UNIT_PIKEMEN,24,flag,CanPirate,
UNIT_PIKEMEN,25,flag,ExertsMartialLaw,
UNIT_PIKEMEN,26,flag,DeathEffectsHappy,
UNIT_PIKEMEN,27,flag,BonusAgainstMounted,
UNIT_PIKEMEN,28,kv,MountedBonus,0.5
UNIT_PIKEMEN,29,flag,OnlyBuildOne,
UNIT_PIKEMEN,30,kv,SoundSelect1,SOUND_SELECT1_PIKEMEN
UNIT_PIKEMEN,31,kv,SoundSelect2,SOUND_SELECT2_PIKEMEN
UNIT_PIKEMEN,32,kv,SoundMove,SOUND_MOVE_PIKEMEN
UNIT_PIKEMEN,33,kv,SoundAcknowledge,SOUND_ACKNOWLEDGE_PIKEMEN
UNIT_PIKEMEN,34,kv,SoundCantMove,SOUND_CANTMOVE_PIKEMEN
UNIT_PIKEMEN,35,kv,SoundAttack,SOUND_ATTACK_PIKEMEN
UNIT_PIKEMEN,36,kv,SoundWork,SOUND_WORK_PIKEMEN
UNIT_PIKEMEN,37,kv,SoundVictory,SOUND_VICTORY_PIKEMEN
UNIT_PIKEMEN,38,kv,SoundDeath,SOUND_DEATH_PIKEMEN
UNIT_PIKEMEN,39,sublist,CanAttack,Land
UNIT_PIKEMEN,40,sublist,CanAttack,Mountain
UNIT_PIKEMEN,41,sublist,CanSee,Standard
UNIT_PIKEMEN,42,sublist,MovementType,Land
UNIT_PIKEMEN,43,sublist,MovementType,Mountain
UNIT_PIKEMEN,44,sublist,Size,Small
UNIT_PIKEMEN,45,sublist,VisionClass,Standard
UNIT_PIKEMEN,46,nested,CanReform,"[{""t"": ""kv"", ""k"": ""Sound"", ""v"": ""SOUND_ID_REFORM_CITY""}, {""t"": ""kv"", ""k"": ""Effect"", ""v"": ""SPECEFFECT_REFORMCITY""}]"
UNIT_PLASMA_DESTROYER,0,kv,Description,DESCRIPTION_UNIT_PLASMA_DESTROYER
UNIT_PLASMA_DESTROYER,1,kv,DefaultIcon,ICON_UNIT_PLASMA_DESTROYER
UNIT_PLASMA_DESTROYER,2,kv,DefaultSprite,SPRITE_PLASMA_DESTROYER
UNIT_PLASMA_DESTROYER,3,kv,Category,UNIT_CATEGORY_NAVAL
UNIT_PLASMA_DESTROYER,4,kv,Attack,90
UNIT_PLASMA_DESTROYER,5,kv,Defense,60
UNIT_PLASMA_DESTROYER,6,kv,ZBRangeAttack,90
UNIT_PLASMA_DESTROYER,7,kv,Firepower,4
UNIT_PLASMA_DESTROYER,8,kv,Armor,5
UNIT_PLASMA_DESTROYER,9,kv,MaxHP,25
UNIT_PLASMA_DESTROYER,10,kv,ShieldCost,6200
UNIT_PLASMA_DESTROYER,11,kv,PowerPoints,12
UNIT_PLASMA_DESTROYER,12,kv,ShieldHunger,72
UNIT_PLASMA_DESTROYER,13,kv,FoodHunger,0
UNIT_PLASMA_DESTROYER,14,kv,MaxMovePoints,1000
UNIT_PLASMA_DESTROYER,15,kv,VisionRange,4
UNIT_PLASMA_DESTROYER,16,kv,EnableAdvance,ADVANCE_PLASMA_WEAPONRY
UNIT_PLASMA_DESTROYER,17,kv,BombRounds,5
UNIT_PLASMA_DESTROYER,18,kv,BombardRange,1
UNIT_PLASMA_DESTROYER,19,flag,CanCounterBombard,
UNIT_PLASMA_DESTROYER,20,kv,ActiveDefenseRange,1
UNIT_PLASMA_DESTROYER,21,flag,LossMoveToDmgNone,
UNIT_PLASMA_DESTROYER,22,kv,MaxFuel,0
UNIT_PLASMA_DESTROYER,23,flag,CanExpel,
UNIT_PLASMA_DESTROYER,24,flag,CanPillage,
UNIT_PLASMA_DESTROYER,25,flag,CanPirate,
UNIT_PLASMA_DESTROYER,26,flag,ExertsMartialLaw,
UNIT_PLASMA_DESTROYER,27,flag,DeathEffectsHappy,
UNIT_PLASMA_DESTROYER,28,flag,Explodes,
UNIT_PLASMA_DESTROYER,29,flag,OnlyBuildOne,
UNIT_PLASMA_DESTROYER,30,kv,SoundSelect1,SOUND_SELECT1_PLASMA_DESTROYER
UNIT_PLASMA_DESTROYER,31,kv,SoundSelect2,SOUND_SELECT2_PLASMA_DESTROYER
UNIT_PLASMA_DESTROYER,32,kv,SoundMove,SOUND_MOVE_PLASMA_DESTROYER
UNIT_PLASMA_DESTROYER,33,kv,SoundAcknowledge,SOUND_ACKNOWLEDGE_PLASMA_DESTROYER
UNIT_PLASMA_DESTROYER,34,kv,SoundCantMove,SOUND_CANTMOVE_PLASMA_DESTROYER
UNIT_PLASMA_DESTROYER,35,kv,SoundAttack,SOUND_ATTACK_PLASMA_DESTROYER
UNIT_PLASMA_DESTROYER,36,kv,SoundWork,SOUND_WORK_PLASMA_DESTROYER
UNIT_PLASMA_DESTROYER,37,kv,SoundVictory,SOUND_VICTORY_PLASMA_DESTROYER
UNIT_PLASMA_DESTROYER,38,kv,SoundDeath,SOUND_DEATH_PLASMA_DESTROYER
UNIT_PLASMA_DESTROYER,39,sublist,CanAttack,Air
UNIT_PLASMA_DESTROYER,40,sublist,CanAttack,Sea
UNIT_PLASMA_DESTROYER,41,sublist,CanAttack,Underwater
UNIT_PLASMA_DESTROYER,42,sublist,CanAttack,ShallowWater
UNIT_PLASMA_DESTROYER,43,sublist,CanBombard,Land
UNIT_PLASMA_DESTROYER,44,sublist,CanBombard,Mountain
UNIT_PLASMA_DESTROYER,45,sublist,CanBombard,Water
UNIT_PLASMA_DESTROYER,46,sublist,CanBombard,Air
UNIT_PLASMA_DESTROYER,47,sublist,CanSee,Standard
UNIT_PLASMA_DESTROYER,48,sublist,CanSee,Underwater
UNIT_PLASMA_DESTROYER,49,sublist,Defend,Air
UNIT_PLASMA_DESTROYER,50,sublist,MovementType,Sea
UNIT_PLASMA_DESTROYER,51,sublist,MovementType,ShallowWater
UNIT_PLASMA_DESTROYER,52,sublist,Size,Large
UNIT_PLASMA_DESTROYER,53,sublist,VisionClass,Standard
UNIT_PLASMA_DESTROYER,54,nested,CanReform,"[{""t"": ""kv"", ""k"": ""Sound"", ""v"": ""SOUND_ID_REFORM_CITY""}, {""t"": ""kv"", ""k"": ""Effect"", ""v"": ""SPECEFFECT_REFORMCITY""}]"
UNIT_PELTAST,0,kv,Description,DESCRIPTION_UNIT_ARCHER
UNIT_PELTAST,1,kv,DefaultIcon,ICON_UNIT_PELTAST
UNIT_PELTAST,2,kv,DefaultSprite,SPRITE_PELTAST
UNIT_PELTAST,3,kv,Category,UNIT_CATEGORY_FLANKER
UNIT_PELTAST,4,kv,Attack,15
UNIT_PELTAST,5,kv,Defense,15
UNIT_PELTAST,6,kv,ZBRangeAttack,0
UNIT_PELTAST,7,kv,Firepower,1
UNIT_PELTAST,8,kv,Armor,1
UNIT_PELTAST,9,kv,MaxHP,10
UNIT_PELTAST,10,kv,ShieldCost,300
UNIT_PELTAST,11,kv,PowerPoints,70
UNIT_PELTAST,12,kv,ShieldHunger,4
UNIT_PELTAST,13,kv,FoodHunger,0
UNIT_PELTAST,14,kv,MaxMovePoints,200
UNIT_PELTAST,15,kv,VisionRange,1
UNIT_PELTAST,16,kv,EnableAdvance,ADVANCE_METAL_WORKING
UNIT_PELTAST,17,kv,ObsoleteAdvance,ADVANCE_BARRACKS
UNIT_PELTAST,18,kv,ActiveDefenseRange,0
UNIT_PELTAST,19,flag,LossMoveToDmgNone,
UNIT_PELTAST,20,kv,MaxFuel,0
UNIT_PELTAST,21,flag,CanEntrench,
UNIT_PELTAST,22,flag,CanExpel,
UNIT_PELTAST,23,flag,CanPillage,
UNIT_PELTAST,24,flag,CanPirate,
UNIT_PELTAST,25,flag,OnlyBuildOne,
UNIT_PELTAST,26,flag,ExertsMartialLaw,
UNIT_PELTAST,27,flag,DeathEffectsHappy,
UNIT_PELTAST,28,flag,IsFlanker,
UNIT_PELTAST,29,kv,SoundSelect1,SOUND_SELECT1_ARCHER
UNIT_PELTAST,30,kv,SoundSelect2,SOUND_SELECT2_ARCHER
UNIT_PELTAST,31,kv,SoundMove,SOUND_MOVE_ARCHER
UNIT_PELTAST,32,kv,SoundAcknowledge,SOUND_ACKNOWLEDGE_ARCHER
UNIT_PELTAST,33,kv,SoundCantMove,SOUND_CANTMOVE_ARCHER
UNIT_PELTAST,34,kv,SoundAttack,SOUND_ATTACK_ARCHER
UNIT_PELTAST,35,kv,SoundWork,SOUND_WORK_ARCHER
UNIT_PELTAST,36,kv,SoundVictory,SOUND_VICTORY_ARCHER
UNIT_PELTAST,37,kv,SoundDeath,SOUND_DEATH_ARCHER
UNIT_PELTAST,38,sublist,CanAttack,Land
UNIT_PELTAST,39,sublist,CanAttack,Mountain
UNIT_PELTAST,40,sublist,CanSee,Standard
UNIT_PELTAST,41,sublist,MovementType,Land
UNIT_PELTAST,42,sublist,MovementType,Mountain
UNIT_PELTAST,43,sublist,Size,Medium
UNIT_PELTAST,44,sublist,VisionClass,Standard
UNIT_PELTAST,45,nested,CanReform,"[{""t"": ""kv"", ""k"": ""Sound"", ""v"": ""SOUND_ID_REFORM_CITY""}, {""t"": ""kv"", ""k"": ""Effect"", ""v"": ""SPECEFFECT_REFORMCITY""}]"
UNIT_PRAETORIANS,0,kv,Description,DESCRIPTION_UNIT_KNIGHT
UNIT_PRAETORIANS,1,kv,DefaultIcon,ICON_UNIT_PRAETORIANS
UNIT_PRAETORIANS,2,kv,DefaultSprite,SPRITE_PRAETORIANS
UNIT_PRAETORIANS,3,kv,Category,UNIT_CATEGORY_DEFENSE
UNIT_PRAETORIANS,4,kv,Attack,30
UNIT_PRAETORIANS,5,kv,Defense,30
UNIT_PRAETORIANS,6,kv,ZBRangeAttack,0
UNIT_PRAETORIANS,7,kv,Firepower,2
UNIT_PRAETORIANS,8,kv,Armor,1
UNIT_PRAETORIANS,9,kv,MaxHP,18
UNIT_PRAETORIANS,10,kv,ShieldCost,600
UNIT_PRAETORIANS,11,kv,PowerPoints,81
UNIT_PRAETORIANS,12,kv,ShieldHunger,8
UNIT_PRAETORIANS,13,kv,FoodHunger,0
UNIT_PRAETORIANS,14,kv,MaxMovePoints,100
UNIT_PRAETORIANS,15,kv,VisionRange,1
UNIT_PRAETORIANS,16,kv,EnableAdvance,ADVANCE_DICTATORSHIP
UNIT_PRAETORIANS,17,kv,GovernmentType,GOVERNMENT_DICTATORSHIP
UNIT_PRAETORIANS,18,kv,ActiveDefenseRange,0
UNIT_PRAETORIANS,19,flag,LossMoveToDmgNone,
UNIT_PRAETORIANS,20,kv,MaxFuel,0
UNIT_PRAETORIANS,21,flag,CanEntrench,
UNIT_PRAETORIANS,22,flag,CanExpel,
UNIT_PRAETORIANS,23,flag,CanPillage,
UNIT_PRAETORIANS,24,flag,CanPirate,
UNIT_PRAETORIANS,25,flag,ExertsMartialLaw,
UNIT_PRAETORIANS,26,flag,DeathEffectsHappy,
UNIT_PRAETORIANS,27,flag,VictoryEnslavement,
UNIT_PRAETORIANS,28,flag,IsSpecialForces,
UNIT_PRAETORIANS,29,flag,OnlyBuildOne,
UNIT_PRAETORIANS,30,kv,SoundSelect1,SOUND_SELECT1_SAMURAI
UNIT_PRAETORIANS,31,kv,SoundSelect2,SOUND_SELECT2_SAMURAI
UNIT_PRAETORIANS,32,kv,SoundMove,SOUND_MOVE_SAMURAI
UNIT_PRAETORIANS,33,kv,SoundAcknowledge,SOUND_ACKNOWLEDGE_SAMURAI
UNIT_PRAETORIANS,34,kv,SoundCantMove,SOUND_CANTMOVE_SAMURAI
UNIT_PRAETORIANS,35,kv,SoundAttack,SOUND_ATTACK_SAMURAI
UNIT_PRAETORIANS,36,kv,SoundWork,SOUND_WORK_SAMURAI
UNIT_PRAETORIANS,37,kv,SoundVictory,SOUND_VICTORY_SAMURAI
UNIT_PRAETORIANS,38,kv,SoundDeath,SOUND_DEATH_SAMURAI
UNIT_PRAETORIANS,39,sublist,CanAttack,Land
UNIT_PRAETORIANS,40,sublist,CanAttack,Mountain
UNIT_PRAETORIANS,41,sublist,CanSee,Standard
UNIT_PRAETORIANS,42,sublist,MovementType,Land
UNIT_PRAETORIANS,43,sublist,MovementType,Mountain
UNIT_PRAETORIANS,44,sublist,Size,Medium
UNIT_PRAETORIANS,45,sublist,VisionClass,Standard
UNIT_PRAETORIANS,46,nested,CanReform,"[{""t"": ""kv"", ""k"": ""Sound"", ""v"": ""SOUND_ID_REFORM_CITY""}, {""t"": ""kv"", ""k"": ""Effect"", ""v"": ""SPECEFFECT_REFORMCITY""}]"
UNIT_PRINCESS,0,flag,CantBuild,
UNIT_PRINCESS,1,kv,Description,DESCRIPTION_UNIT_DIPLOMAT
UNIT_PRINCESS,2,kv,DefaultIcon,ICON_UNIT_PRINCESS
UNIT_PRINCESS,3,kv,DefaultSprite,SPRITE_PRINCESS
UNIT_PRINCESS,4,kv,Category,UNIT_CATEGORY_SPECIAL
UNIT_PRINCESS,5,kv,Attack,0
UNIT_PRINCESS,6,kv,Defense,10
UNIT_PRINCESS,7,kv,ZBRangeAttack,0
UNIT_PRINCESS,8,kv,Firepower,1
UNIT_PRINCESS,9,kv,Armor,1
UNIT_PRINCESS,10,kv,MaxHP,10
UNIT_PRINCESS,11,kv,ShieldCost,750
UNIT_PRINCESS,12,kv,PowerPoints,3
UNIT_PRINCESS,13,kv,ShieldHunger,15
UNIT_PRINCESS,14,kv,FoodHunger,0
UNIT_PRINCESS,15,kv,MaxMovePoints,200
UNIT_PRINCESS,16,kv,VisionRange,2
UNIT_PRINCESS,17,kv,EnableAdvance,ADVANCE_DYNASTY
UNIT_PRINCESS,18,kv,ObsoleteAdvance,ADVANCE_DEMOCRACY
UNIT_PRINCESS,19,kv,ActiveDefenseRange,0
UNIT_PRINCESS,20,flag,LossMoveToDmgNone,
UNIT_PRINCESS,21,kv,MaxFuel,0
UNIT_PRINCESS,22,flag,CanEntrench,
UNIT_PRINCESS,23,flag,IgnoreZOC,
UNIT_PRINCESS,24,flag,NoZoc,
UNIT_PRINCESS,25,flag,CanBeExpelled,
UNIT_PRINCESS,26,flag,CantCaptureCity,
UNIT_PRINCESS,27,flag,EstablishEmbassy,
UNIT_PRINCESS,28,flag,ThrowParty,
UNIT_PRINCESS,29,flag,DeathEffectsHappy,
UNIT_PRINCESS,30,flag,IsSpecialForces,
UNIT_PRINCESS,31,flag,Civilian,
UNIT_PRINCESS,32,flag,OnlyBuildOne,
UNIT_PRINCESS,33,kv,SoundSelect1,SOUND_SELECT1_DIPLOMAT
UNIT_PRINCESS,34,kv,SoundSelect2,SOUND_SELECT2_DIPLOMAT
UNIT_PRINCESS,35,kv,SoundMove,SOUND_MOVE_DIPLOMAT
UNIT_PRINCESS,36,kv,SoundAcknowledge,SOUND_ACKNOWLEDGE_DIPLOMAT
UNIT_PRINCESS,37,kv,SoundCantMove,SOUND_CANTMOVE_DIPLOMAT
UNIT_PRINCESS,38,kv,SoundAttack,SOUND_ATTACK_DIPLOMAT
UNIT_PRINCESS,39,kv,SoundWork,SOUND_WORK_DIPLOMAT
UNIT_PRINCESS,40,kv,SoundVictory,SOUND_VICTORY_DIPLOMAT
UNIT_PRINCESS,41,kv,SoundDeath,SOUND_DEATH_DIPLOMAT
UNIT_PRINCESS,42,sublist,CanSee,Standard
UNIT_PRINCESS,43,sublist,CanSee,Stealth
UNIT_PRINCESS,44,sublist,MovementType,Land
UNIT_PRINCESS,45,sublist,MovementType,Mountain
UNIT_PRINCESS,46,sublist,Size,Small
UNIT_PRINCESS,47,sublist,VisionClass,Standard
UNIT_PRINCESS,48,nested,InvestigateCity,"[{""t"": ""kv"", ""k"": ""Chance"", ""v"": ""0.3""}, {""t"": ""kv"", ""k"": ""EliteChance"", ""v"": ""0.5""}, {""t"": ""kv"", ""k"": ""DeathChance"", ""v"": ""0.2""}]"
UNIT_PRINCESS,49,nested,ConvertCities,"[{""t"": ""kv"", ""k"": ""Chance"", ""v"": ""0.5""}, {""t"": ""kv"", ""k"": ""DeathChance"", ""v"": ""0.1""}, {""t"": ""kv"", ""k"": ""Sound"", ""v"": ""SOUND_ID_CONVERT_CITIES_CL""}, {""t"": ""kv"", ""k"": ""Effect"", ""v"": ""SPECEFFECT_CONVERT_CITIES""}]"
UNIT_PROPHET,0,kv,Description,DESCRIPTION_UNIT_CLERIC
UNIT_PROPHET,1,kv,DefaultIcon,ICON_UNIT_PROPHET
UNIT_PROPHET,2,kv,DefaultSprite,SPRITE_PROPHET
UNIT_PROPHET,3,kv,Category,UNIT_CATEGORY_SPECIAL
UNIT_PROPHET,4,kv,Attack,0
UNIT_PROPHET,5,kv,Defense,10
UNIT_PROPHET,6,kv,ZBRangeAttack,0
UNIT_PROPHET,7,kv,Firepower,1
UNIT_PROPHET,8,kv,Armor,1
UNIT_PROPHET,9,kv,MaxHP,10
UNIT_PROPHET,10,kv,ShieldCost,500
UNIT_PROPHET,11,kv,PowerPoints,3
UNIT_PROPHET,12,kv,ShieldHunger,9
UNIT_PROPHET,13,kv,FoodHunger,0
UNIT_PROPHET,14,kv,MaxMovePoints,200
UNIT_PROPHET,15,kv,VisionRange,1
UNIT_PROPHET,16,kv,EnableAdvance,ADVANCE_MONOTHEISM
UNIT_PROPHET,17,kv,ObsoleteAdvance,ADVANCE_CHRISTIANITY
UNIT_PROPHET,18,kv,ActiveDefenseRange,0
UNIT_PROPHET,19,flag,LossMoveToDmgNone,
UNIT_PROPHET,20,kv,MaxFuel,0
UNIT_PROPHET,21,flag,CanEntrench,
UNIT_PROPHET,22,flag,IgnoreZOC,
UNIT_PROPHET,23,flag,NoZoc,
UNIT_PROPHET,24,flag,CanBeExpelled,
UNIT_PROPHET,25,flag,CanBeSued,
UNIT_PROPHET,26,flag,CantCaptureCity,
UNIT_PROPHET,27,flag,DeathEffectsHappy,
UNIT_PROPHET,28,flag,IsSpecialForces,
UNIT_PROPHET,29,flag,Civilian,
UNIT_PROPHET,30,flag,OnlyBuildOne,
UNIT_PROPHET,31,kv,SoundSelect1,SOUND_SELECT1_CLERIC
UNIT_PROPHET,32,kv,SoundSelect2,SOUND_SELECT2_CLERIC
UNIT_PROPHET,33,kv,SoundMove,SOUND_MOVE_CLERIC
UNIT_PROPHET,34,kv,SoundAcknowledge,SOUND_ACKNOWLEDGE_CLERIC
UNIT_PROPHET,35,kv,SoundCantMove,SOUND_CANTMOVE_CLERIC
UNIT_PROPHET,36,kv,SoundAttack,SOUND_ATTACK_CLERIC
UNIT_PROPHET,37,kv,SoundWork,SOUND_WORK_CLERIC
UNIT_PROPHET,38,kv,SoundVictory,SOUND_VICTORY_CLERIC
UNIT_PROPHET,39,kv,SoundDeath,SOUND_DEATH_CLERIC
UNIT_PROPHET,40,sublist,CanSee,Standard
UNIT_PROPHET,41,sublist,CanSee,Stealth
UNIT_PROPHET,42,sublist,MovementType,Land
UNIT_PROPHET,43,sublist,MovementType,Mountain
UNIT_PROPHET,44,sublist,Size,Small
UNIT_PROPHET,45,sublist,VisionClass,Stealth
UNIT_PROPHET,46,nested,InciteRevolution,"[{""t"": ""kv"", ""k"": ""Chance"", ""v"": ""0.2""}, {""t"": ""kv"", ""k"": ""EliteChance"", ""v"": ""0.3""}, {""t"": ""kv"", ""k"": ""DeathChance"", ""v"": ""0.6""}, {""t"": ""kv"", ""k"": ""Sound"", ""v"": ""SOUND_ID_INCITE_REVOLUTION_SP""}, {""t"": ""kv"", ""k"": ""Effect"", ""v"": ""SPECEFFECT_INCITE_REVOLUTION""}]"
UNIT_PROPHET,47,nested,CanSoothsay,"[{""t"": ""kv"", ""k"": ""Sound"", ""v"": ""SOUND_ID_CAN_SOOTHSAY_CL""}, {""t"": ""kv"", ""k"": ""Effect"", ""v"": ""SPECEFFECT_CAN_SOOTHSAY""}]"
UNIT_PROPHET,48,nested,CauseUnhappiness,"[{""t"": ""kv"", ""k"": ""Chance"", ""v"": ""1""}, {""t"": ""kv"", ""k"": ""Timer"", ""v"": ""1""}, {""t"": ""kv"", ""k"": ""Amount"", ""v"": ""2""}, {""t"": ""kv"", ""k"": ""Sound"", ""v"": ""SOUND_ID_CAN_SOOTHSAY_CL""}, {""t"": ""kv"", ""k"": ""Effect"", ""v"": ""SPECEFFECT_CAN_SOOTHSAY""}]"
UNIT_PROPHET,49,nested,ConvertCities,"[{""t"": ""kv"", ""k"": ""Chance"", ""v"": ""0.6""}, {""t"": ""kv"", ""k"": ""DeathChance"", ""v"": ""0.6""}, {""t"": ""kv"", ""k"": ""Sound"", ""v"": ""SOUND_ID_CONVERT_CITIES_CL""}, {""t"": ""kv"", ""k"": ""Effect"", ""v"": ""SPECEFFECT_CONVERT_CITIES""}]"
UNIT_PROPHET,50,nested,IndulgenceSales,"[{""t"": ""kv"", ""k"": ""Sound"", ""v"": ""SOUND_ID_INDULGENCE_SALES_CL""}, {""t"": ""kv"", ""k"": ""Effect"", ""v"": ""SPECEFFECT_INDULGENCE_SALES""}]"
UNIT_RADAR_ARTILLERY,0,kv,Description,DESCRIPTION_UNIT_ARTILLERY
UNIT_RADAR_ARTILLERY,1,kv,DefaultIcon,ICON_UNIT_RADAR_ARTILLERY
UNIT_RADAR_ARTILLERY,2,kv,DefaultSprite,SPRITE_RADAR_ARTILLERY
UNIT_RADAR_ARTILLERY,3,kv,Category,UNIT_CATEGORY_RANGED
UNIT_RADAR_ARTILLERY,4,kv,Attack,30
UNIT_RADAR_ARTILLERY,5,kv,Defense,50
UNIT_RADAR_ARTILLERY,6,kv,ZBRangeAttack,100
UNIT_RADAR_ARTILLERY,7,kv,Firepower,3
UNIT_RADAR_ARTILLERY,8,kv,Armor,2
UNIT_RADAR_ARTILLERY,9,kv,MaxHP,15
UNIT_RADAR_ARTILLERY,10,kv,ShieldCost,3000
UNIT_RADAR_ARTILLERY,11,kv,PowerPoints,52
UNIT_RADAR_ARTILLERY,12,kv,ShieldHunger,34
UNIT_RADAR_ARTILLERY,13,kv,FoodHunger,0
UNIT_RADAR_ARTILLERY,14,kv,MaxMovePoints,300
UNIT_RADAR_ARTILLERY,15,kv,VisionRange,2
UNIT_RADAR_ARTILLERY,16,kv,EnableAdvance,ADVANCE_COMPUTER
UNIT_RADAR_ARTILLERY,17,kv,BombRounds,5
UNIT_RADAR_ARTILLERY,18,kv,BombardRange,1
UNIT_RADAR_ARTILLERY,19,flag,CanCounterBombard,
UNIT_RADAR_ARTILLERY,20,kv,ActiveDefenseRange,0
UNIT_RADAR_ARTILLERY,21,flag,LossMoveToDmgNone,
UNIT_RADAR_ARTILLERY,22,kv,MaxFuel,0
UNIT_RADAR_ARTILLERY,23,flag,CanEntrench,
UNIT_RADAR_ARTILLERY,24,flag,CanExpel,
UNIT_RADAR_ARTILLERY,25,flag,CanPillage,
UNIT_RADAR_ARTILLERY,26,flag,CanPirate,
UNIT_RADAR_ARTILLERY,27,flag,ExertsMartialLaw,
UNIT_RADAR_ARTILLERY,28,flag,DeathEffectsHappy,
UNIT_RADAR_ARTILLERY,29,flag,Explodes,
UNIT_RADAR_ARTILLERY,30,flag,OnlyBuildOne,
UNIT_RADAR_ARTILLERY,31,kv,SoundSelect1,SOUND_SELECT1_ARTILLERY
UNIT_RADAR_ARTILLERY,32,kv,SoundSelect2,SOUND_SELECT2_ARTILLERY
UNIT_RADAR_ARTILLERY,33,kv,SoundMove,SOUND_MOVE_ARTILLERY
UNIT_RADAR_ARTILLERY,34,kv,SoundAcknowledge,SOUND_ACKNOWLEDGE_ARTILLERY
UNIT_RADAR_ARTILLERY,35,kv,SoundCantMove,SOUND_CANTMOVE_ARTILLERY
UNIT_RADAR_ARTILLERY,36,kv,SoundAttack,SOUND_ATTACK_ARTILLERY
UNIT_RADAR_ARTILLERY,37,kv,SoundWork,SOUND_WORK_ARTILLERY
UNIT_RADAR_ARTILLERY,38,kv,SoundVictory,SOUND_VICTORY_ARTILLERY
UNIT_RADAR_ARTILLERY,39,kv,SoundDeath,SOUND_DEATH_ARTILLERY
UNIT_RADAR_ARTILLERY,40,sublist,CanAttack,Air
UNIT_RADAR_ARTILLERY,41,sublist,CanAttack,Land
UNIT_RADAR_ARTILLERY,42,sublist,CanBombard,Land
UNIT_RADAR_ARTILLERY,43,sublist,CanBombard,Mountain
UNIT_RADAR_ARTILLERY,44,sublist,CanBombard,Water
UNIT_RADAR_ARTILLERY,45,sublist,CanBombard,Air
UNIT_RADAR_ARTILLERY,46,sublist,CanSee,Standard
UNIT_RADAR_ARTILLERY,47,sublist,MovementType,Land
UNIT_RADAR_ARTILLERY,48,sublist,Size,Medium
UNIT_RADAR_ARTILLERY,49,sublist,VisionClass,Standard
UNIT_RADAR_ARTILLERY,50,nested,CanReform,"[{""t"": ""kv"", ""k"": ""Sound"", ""v"": ""SOUND_ID_REFORM_CITY""}, {""t"": ""kv"", ""k"": ""Effect"", ""v"": ""SPECEFFECT_REFORMCITY""}]"
UNIT_REVOLUTIONARY,0,kv,Description,DESCRIPTION_UNIT_SPY
UNIT_REVOLUTIONARY,1,kv,DefaultIcon,ICON_UNIT_REVOLUTIONARY
UNIT_REVOLUTIONARY,2,kv,DefaultSprite,SPRITE_REVOLUTIONARY
UNIT_REVOLUTIONARY,3,kv,Category,UNIT_CATEGORY_SPECIAL
UNIT_REVOLUTIONARY,4,kv,Attack,0
UNIT_REVOLUTIONARY,5,kv,Defense,10
UNIT_REVOLUTIONARY,6,kv,ZBRangeAttack,0
UNIT_REVOLUTIONARY,7,kv,Firepower,1
UNIT_REVOLUTIONARY,8,kv,Armor,1
UNIT_REVOLUTIONARY,9,kv,MaxHP,10
UNIT_REVOLUTIONARY,10,kv,ShieldCost,1750
UNIT_REVOLUTIONARY,11,kv,PowerPoints,3
UNIT_REVOLUTIONARY,12,kv,ShieldHunger,22
UNIT_REVOLUTIONARY,13,kv,FoodHunger,0
UNIT_REVOLUTIONARY,14,kv,MaxMovePoints,300
UNIT_REVOLUTIONARY,15,kv,VisionRange,3
UNIT_REVOLUTIONARY,16,kv,EnableAdvance,ADVANCE_COMMUNISM
UNIT_REVOLUTIONARY,17,kv,ObsoleteAdvance,ADVANCE_HEXTAPUL
UNIT_REVOLUTIONARY,18,kv,ActiveDefenseRange,0
UNIT_REVOLUTIONARY,19,flag,LossMoveToDmgNone,
UNIT_REVOLUTIONARY,20,kv,MaxFuel,0
UNIT_REVOLUTIONARY,21,flag,CanEntrench,
UNIT_REVOLUTIONARY,22,flag,IgnoreZOC,
UNIT_REVOLUTIONARY,23,flag,NoZoc,
UNIT_REVOLUTIONARY,24,flag,CanBeExpelled,
UNIT_REVOLUTIONARY,25,flag,CantCaptureCity,
UNIT_REVOLUTIONARY,26,flag,DeathEffectsHappy,
UNIT_REVOLUTIONARY,27,flag,IsSpecialForces,
UNIT_REVOLUTIONARY,28,kv,DefendAgainstSpies,0.25
UNIT_REVOLUTIONARY,29,flag,OnlyBuildOne,
UNIT_REVOLUTIONARY,30,kv,SoundSelect1,SOUND_SELECT1_SPY
UNIT_REVOLUTIONARY,31,kv,SoundSelect2,SOUND_SELECT2_SPY
UNIT_REVOLUTIONARY,32,kv,SoundMove,SOUND_MOVE_SPY
UNIT_REVOLUTIONARY,33,kv,SoundAcknowledge,SOUND_ACKNOWLEDGE_SPY
UNIT_REVOLUTIONARY,34,kv,SoundCantMove,SOUND_CANTMOVE_SPY
UNIT_REVOLUTIONARY,35,kv,SoundAttack,SOUND_ATTACK_SPY
UNIT_REVOLUTIONARY,36,kv,SoundWork,SOUND_WORK_SPY
UNIT_REVOLUTIONARY,37,kv,SoundVictory,SOUND_VICTORY_SPY
UNIT_REVOLUTIONARY,38,kv,SoundDeath,SOUND_DEATH_SPY
UNIT_REVOLUTIONARY,39,sublist,CanSee,Standard
UNIT_REVOLUTIONARY,40,sublist,CanSee,Stealth
UNIT_REVOLUTIONARY,41,sublist,MovementType,Land
UNIT_REVOLUTIONARY,42,sublist,MovementType,Mountain
UNIT_REVOLUTIONARY,43,sublist,Size,Small
UNIT_REVOLUTIONARY,44,sublist,VisionClass,Stealth
UNIT_REVOLUTIONARY,45,nested,AssasinateRuler,"[{""t"": ""kv"", ""k"": ""Chance"", ""v"": ""0.4""}, {""t"": ""kv"", ""k"": ""EliteChance"", ""v"": ""0.5""}, {""t"": ""kv"", ""k"": ""DeathChance"", ""v"": ""0.5""}]"
UNIT_REVOLUTIONARY,46,nested,InciteRevolution,"[{""t"": ""kv"", ""k"": ""Chance"", ""v"": ""0.25""}, {""t"": ""kv"", ""k"": ""EliteChance"", ""v"": ""0.35""}, {""t"": ""kv"", ""k"": ""DeathChance"", ""v"": ""0.5""}, {""t"": ""kv"", ""k"": ""Sound"", ""v"": ""SOUND_ID_INCITE_REVOLUTION_SP""}, {""t"": ""kv"", ""k"": ""Effect"", ""v"": ""SPECEFFECT_INCITE_REVOLUTION""}]"
UNIT_REVOLUTIONARY,47,nested,InvestigateCity,"[{""t"": ""kv"", ""k"": ""Chance"", ""v"": ""0.75""}, {""t"": ""kv"", ""k"": ""EliteChance"", ""v"": ""0.5""}, {""t"": ""kv"", ""k"": ""DeathChance"", ""v"": ""0.5""}]"
UNIT_REVOLUTIONARY,48,nested,StealTechnology,"[{""t"": ""kv"", ""k"": ""RandomChance"", ""v"": ""0.45""}, {""t"": ""kv"", ""k"": ""SpecificChance"", ""v"": ""0.25""}, {""t"": ""kv"", ""k"": ""DeathChance"", ""v"": ""0.5""}, {""t"": ""kv"", ""k"": ""Sound"", ""v"": ""SOUND_ID_STEAL_TECHNOLOGY_SP""}, {""t"": ""kv"", ""k"": ""Effect"", ""v"": ""SPECEFFECT_STEAL_TECHNOLOGY""}]"
UNIT_RIFLEMAN,0,kv,Description,DESCRIPTION_UNIT_INFANTRYMAN
UNIT_RIFLEMAN,1,kv,DefaultIcon,ICON_UNIT_RIFLEMAN
UNIT_RIFLEMAN,2,kv,DefaultSprite,SPRITE_RIFLEMAN
UNIT_RIFLEMAN,3,kv,Category,UNIT_CATEGORY_ATTACK
UNIT_RIFLEMAN,4,kv,Attack,45
UNIT_RIFLEMAN,5,kv,Defense,45
UNIT_RIFLEMAN,6,kv,ZBRangeAttack,35
UNIT_RIFLEMAN,7,kv,Firepower,3
UNIT_RIFLEMAN,8,kv,Armor,1
UNIT_RIFLEMAN,9,kv,MaxHP,18
UNIT_RIFLEMAN,10,kv,ShieldCost,1300
UNIT_RIFLEMAN,11,kv,PowerPoints,70
UNIT_RIFLEMAN,12,kv,ShieldHunger,16
UNIT_RIFLEMAN,13,kv,FoodHunger,0
UNIT_RIFLEMAN,14,kv,MaxMovePoints,100
UNIT_RIFLEMAN,15,kv,VisionRange,2
UNIT_RIFLEMAN,16,kv,EnableAdvance,ADVANCE_REPLACEABLE_PARTS
UNIT_RIFLEMAN,17,kv,ObsoleteAdvance,ADVANCE_MASS_PRODUCTION
UNIT_RIFLEMAN,18,kv,ActiveDefenseRange,0
UNIT_RIFLEMAN,19,flag,LossMoveToDmgNone,
UNIT_RIFLEMAN,20,kv,MaxFuel,0
UNIT_RIFLEMAN,21,flag,CanEntrench,
UNIT_RIFLEMAN,22,flag,CanBeachAssault,
UNIT_RIFLEMAN,23,flag,CanExpel,
UNIT_RIFLEMAN,24,flag,CanPillage,
UNIT_RIFLEMAN,25,flag,CanPirate,
UNIT_RIFLEMAN,26,flag,ExertsMartialLaw,
UNIT_RIFLEMAN,27,flag,DeathEffectsHappy,
UNIT_RIFLEMAN,28,flag,OnlyBuildOne,
UNIT_RIFLEMAN,29,kv,SoundSelect1,SOUND_SELECT1_INFANTRYMAN
UNIT_RIFLEMAN,30,kv,SoundSelect2,SOUND_SELECT2_INFANTRYMAN
UNIT_RIFLEMAN,31,kv,SoundMove,SOUND_MOVE_INFANTRYMAN
UNIT_RIFLEMAN,32,kv,SoundAcknowledge,SOUND_ACKNOWLEDGE_INFANTRYMAN
UNIT_RIFLEMAN,33,kv,SoundCantMove,SOUND_CANTMOVE_INFANTRYMAN
UNIT_RIFLEMAN,34,kv,SoundAttack,SOUND_ATTACK_INFANTRYMAN
UNIT_RIFLEMAN,35,kv,SoundWork,SOUND_WORK_INFANTRYMAN
UNIT_RIFLEMAN,36,kv,SoundVictory,SOUND_VICTORY_INFANTRYMAN
UNIT_RIFLEMAN,37,kv,SoundDeath,SOUND_DEATH_INFANTRYMAN
UNIT_RIFLEMAN,38,sublist,CanAttack,Land
UNIT_RIFLEMAN,39,sublist,CanAttack,Mountain
UNIT_RIFLEMAN,40,sublist,CanSee,Standard
UNIT_RIFLEMAN,41,sublist,MovementType,Land
UNIT_RIFLEMAN,42,sublist,MovementType,Mountain
UNIT_RIFLEMAN,43,sublist,Size,Medium
UNIT_RIFLEMAN,44,sublist,VisionClass,Standard
UNIT_RIFLEMAN,45,nested,CanReform,"[{""t"": ""kv"", ""k"": ""Sound"", ""v"": ""SOUND_ID_REFORM_CITY""}, {""t"": ""kv"", ""k"": ""Effect"", ""v"": ""SPECEFFECT_REFORMCITY""}]"
UNIT_SAPHIA,0,kv,Description,DESCRIPTION_UNIT_MOUNTED_ARCHER
UNIT_SAPHIA,1,kv,DefaultIcon,ICON_UNIT_SAPHIA
UNIT_SAPHIA,2,kv,DefaultSprite,SPRITE_SAPHIA
UNIT_SAPHIA,3,kv,Category,UNIT_CATEGORY_FLANKER
UNIT_SAPHIA,4,kv,Attack,40
UNIT_SAPHIA,5,kv,Defense,25
UNIT_SAPHIA,6,kv,ZBRangeAttack,20
UNIT_SAPHIA,7,kv,Firepower,2
UNIT_SAPHIA,8,kv,Armor,1
UNIT_SAPHIA,9,kv,MaxHP,13
UNIT_SAPHIA,10,kv,ShieldCost,1050
UNIT_SAPHIA,11,kv,PowerPoints,60
UNIT_SAPHIA,12,kv,ShieldHunger,12
UNIT_SAPHIA,13,kv,FoodHunger,0
UNIT_SAPHIA,14,kv,MaxMovePoints,400
UNIT_SAPHIA,15,kv,VisionRange,2
UNIT_SAPHIA,16,kv,EnableAdvance,ADVANCE_SULTANATE
UNIT_SAPHIA,17,kv,GovernmentType,GOVERNMENT_SULTANATE
UNIT_SAPHIA,18,kv,BombRounds,2
UNIT_SAPHIA,19,kv,BombardRange,1
UNIT_SAPHIA,20,flag,CanCounterBombard,
UNIT_SAPHIA,21,kv,ActiveDefenseRange,0
UNIT_SAPHIA,22,flag,LossMoveToDmgNone,
UNIT_SAPHIA,23,kv,MaxFuel,0
UNIT_SAPHIA,24,flag,CanEntrench,
UNIT_SAPHIA,25,flag,CanExpel,
UNIT_SAPHIA,26,flag,CanPillage,
UNIT_SAPHIA,27,flag,CanPirate,
UNIT_SAPHIA,28,flag,BonusAgainstMounted,
UNIT_SAPHIA,29,kv,MountedBonus,0.25
UNIT_SAPHIA,30,flag,ExertsMartialLaw,
UNIT_SAPHIA,31,flag,DeathEffectsHappy,
UNIT_SAPHIA,32,flag,IsFlanker,
UNIT_SAPHIA,33,flag,OnlyBuildOne,
UNIT_SAPHIA,34,kv,SoundSelect1,SOUND_SELECT1_MOUNTED_ARCHER
UNIT_SAPHIA,35,kv,SoundSelect2,SOUND_SELECT2_MOUNTED_ARCHER
UNIT_SAPHIA,36,kv,SoundMove,SOUND_MOVE_MOUNTED_ARCHER
UNIT_SAPHIA,37,kv,SoundAcknowledge,SOUND_ACKNOWLEDGE_MOUNTED_ARCHER
UNIT_SAPHIA,38,kv,SoundCantMove,SOUND_CANTMOVE_MOUNTED_ARCHER
UNIT_SAPHIA,39,kv,SoundAttack,SOUND_ATTACK_MOUNTED_ARCHER
UNIT_SAPHIA,40,kv,SoundWork,SOUND_WORK_MOUNTED_ARCHER
UNIT_SAPHIA,41,kv,SoundVictory,SOUND_VICTORY_MOUNTED_ARCHER
UNIT_SAPHIA,42,kv,SoundDeath,SOUND_DEATH_MOUNTED_ARCHER
UNIT_SAPHIA,43,sublist,CanAttack,Land
UNIT_SAPHIA,44,sublist,CanSee,Standard
UNIT_SAPHIA,45,sublist,MovementType,Land
UNIT_SAPHIA,46,sublist,Size,Medium
UNIT_SAPHIA,47,sublist,VisionClass,Standard
UNIT_SAPHIA,48,nested,CanReform,"[{""t"": ""kv"", ""k"": ""Sound"", ""v"": ""SOUND_ID_REFORM_CITY""}, {""t"": ""kv"", ""k"": ""Effect"", ""v"": ""SPECEFFECT_REFORMCITY""}]"
UNIT_SAMURAI,0,kv,Description,DESCRIPTION_UNIT_PIKEMEN
UNIT_SAMURAI,1,kv,DefaultIcon,ICON_UNIT_SAMURAI
UNIT_SAMURAI,2,kv,DefaultSprite,SPRITE_SAMURAI
UNIT_SAMURAI,3,kv,Category,UNIT_CATEGORY_ATTACK
UNIT_SAMURAI,4,kv,Attack,40
UNIT_SAMURAI,5,kv,Defense,30
UNIT_SAMURAI,6,kv,ZBRangeAttack,30
UNIT_SAMURAI,7,kv,Firepower,2
UNIT_SAMURAI,8,kv,Armor,1
UNIT_SAMURAI,9,kv,MaxHP,16
UNIT_SAMURAI,10,kv,ShieldCost,950
UNIT_SAMURAI,11,kv,PowerPoints,81
UNIT_SAMURAI,12,kv,ShieldHunger,12
UNIT_SAMURAI,13,kv,FoodHunger,0
UNIT_SAMURAI,14,kv,MaxMovePoints,200
UNIT_SAMURAI,15,kv,VisionRange,1
UNIT_SAMURAI,16,kv,EnableAdvance,ADVANCE_DYNASTIC_EMPIRE
UNIT_SAMURAI,17,kv,GovernmentType,GOVERNMENT_DYNASTIC_EMPIRE
UNIT_SAMURAI,18,kv,ActiveDefenseRange,0
UNIT_SAMURAI,19,flag,LossMoveToDmgNone,
UNIT_SAMURAI,20,kv,MaxFuel,0
UNIT_SAMURAI,21,flag,CanEntrench,
UNIT_SAMURAI,22,flag,CanExpel,
UNIT_SAMURAI,23,flag,CanPillage,
UNIT_SAMURAI,24,flag,CanPirate,
UNIT_SAMURAI,25,flag,ExertsMartialLaw,
UNIT_SAMURAI,26,flag,DeathEffectsHappy,
UNIT_SAMURAI,27,flag,OnlyBuildOne,
UNIT_SAMURAI,28,kv,SoundSelect1,SOUND_SELECT1_PIKEMEN
UNIT_SAMURAI,29,kv,SoundSelect2,SOUND_SELECT2_PIKEMEN
UNIT_SAMURAI,30,kv,SoundMove,SOUND_MOVE_PIKEMEN
UNIT_SAMURAI,31,kv,SoundAcknowledge,SOUND_ACKNOWLEDGE_PIKEMEN
UNIT_SAMURAI,32,kv,SoundCantMove,SOUND_CANTMOVE_PIKEMEN
UNIT_SAMURAI,33,kv,SoundAttack,SOUND_ATTACK_PIKEMEN
UNIT_SAMURAI,34,kv,SoundWork,SOUND_WORK_PIKEMEN
UNIT_SAMURAI,35,kv,SoundVictory,SOUND_VICTORY_PIKEMEN
UNIT_SAMURAI,36,kv,SoundDeath,SOUND_DEATH_PIKEMEN
UNIT_SAMURAI,37,sublist,CanAttack,Land
UNIT_SAMURAI,38,sublist,CanAttack,Mountain
UNIT_SAMURAI,39,sublist,CanSee,Standard
UNIT_SAMURAI,40,sublist,MovementType,Land
UNIT_SAMURAI,41,sublist,MovementType,Mountain
UNIT_SAMURAI,42,sublist,Size,Medium
UNIT_SAMURAI,43,sublist,VisionClass,Standard
UNIT_SAMURAI,44,nested,CanReform,"[{""t"": ""kv"", ""k"": ""Sound"", ""v"": ""SOUND_ID_REFORM_CITY""}, {""t"": ""kv"", ""k"": ""Effect"", ""v"": ""SPECEFFECT_REFORMCITY""}]"
UNIT_SCOUT,0,kv,Description,DESCRIPTION_UNIT_WARRIOR
UNIT_SCOUT,1,kv,DefaultIcon,ICON_UNIT_SCOUT
UNIT_SCOUT,2,kv,DefaultSprite,SPRITE_SCOUT
UNIT_SCOUT,3,kv,Category,UNIT_CATEGORY_ATTACK
UNIT_SCOUT,4,kv,Attack,10
UNIT_SCOUT,5,kv,Defense,10
UNIT_SCOUT,6,kv,ZBRangeAttack,0
UNIT_SCOUT,7,kv,Firepower,1
UNIT_SCOUT,8,kv,Armor,1
UNIT_SCOUT,9,kv,MaxHP,8
UNIT_SCOUT,10,kv,ShieldCost,225
UNIT_SCOUT,11,kv,PowerPoints,70
UNIT_SCOUT,12,kv,ShieldHunger,2
UNIT_SCOUT,13,kv,FoodHunger,0
UNIT_SCOUT,14,kv,MaxMovePoints,200
UNIT_SCOUT,15,kv,VisionRange,2
UNIT_SCOUT,16,kv,EnableAdvance,ADVANCE_WATER_LIFTS
UNIT_SCOUT,17,kv,ObsoleteAdvance,ADVANCE_DARK_AGES
UNIT_SCOUT,18,kv,ActiveDefenseRange,0
UNIT_SCOUT,19,flag,LossMoveToDmgNone,
UNIT_SCOUT,20,kv,MaxFuel,0
UNIT_SCOUT,21,flag,CanEntrench,
UNIT_SCOUT,22,flag,CanExpel,
UNIT_SCOUT,23,flag,CanPillage,
UNIT_SCOUT,24,flag,CanPirate,
UNIT_SCOUT,25,flag,ExertsMartialLaw,
UNIT_SCOUT,26,flag,DeathEffectsHappy,
UNIT_SCOUT,27,flag,OnlyBuildOne,
UNIT_SCOUT,28,kv,SoundSelect1,SOUND_SELECT1_WARRIOR
UNIT_SCOUT,29,kv,SoundSelect2,SOUND_SELECT2_WARRIOR
UNIT_SCOUT,30,kv,SoundMove,SOUND_MOVE_WARRIOR
UNIT_SCOUT,31,kv,SoundAcknowledge,SOUND_ACKNOWLEDGE_WARRIOR
UNIT_SCOUT,32,kv,SoundCantMove,SOUND_CANTMOVE_WARRIOR
UNIT_SCOUT,33,kv,SoundAttack,SOUND_ATTACK_WARRIOR
UNIT_SCOUT,34,kv,SoundWork,SOUND_WORK_WARRIOR
UNIT_SCOUT,35,kv,SoundVictory,SOUND_VICTORY_WARRIOR
UNIT_SCOUT,36,kv,SoundDeath,SOUND_DEATH_WARRIOR
UNIT_SCOUT,37,sublist,CanAttack,Land
UNIT_SCOUT,38,sublist,CanAttack,Mountain
UNIT_SCOUT,39,sublist,CanSee,Standard
UNIT_SCOUT,40,sublist,MovementType,Land
UNIT_SCOUT,41,sublist,MovementType,Mountain
UNIT_SCOUT,42,sublist,Size,Medium
UNIT_SCOUT,43,sublist,VisionClass,Standard
UNIT_SCOUT,44,nested,CanReform,"[{""t"": ""kv"", ""k"": ""Sound"", ""v"": ""SOUND_ID_REFORM_CITY""}, {""t"": ""kv"", ""k"": ""Effect"", ""v"": ""SPECEFFECT_REFORMCITY""}]"
UNIT_SCOUT_SUB,0,kv,Description,DESCRIPTION_UNIT_SCOUT_SUB
UNIT_SCOUT_SUB,1,kv,DefaultIcon,ICON_UNIT_SCOUT_SUB
UNIT_SCOUT_SUB,2,kv,DefaultSprite,SPRITE_SCOUT_SUB
UNIT_SCOUT_SUB,3,kv,Category,UNIT_CATEGORY_UNDERSEA
UNIT_SCOUT_SUB,4,kv,Attack,45
UNIT_SCOUT_SUB,5,kv,Defense,25
UNIT_SCOUT_SUB,6,kv,ZBRangeAttack,45
UNIT_SCOUT_SUB,7,kv,Firepower,3
UNIT_SCOUT_SUB,8,kv,Armor,1
UNIT_SCOUT_SUB,9,kv,MaxHP,15
UNIT_SCOUT_SUB,10,kv,ShieldCost,3300
UNIT_SCOUT_SUB,11,kv,PowerPoints,20
UNIT_SCOUT_SUB,12,kv,ShieldHunger,40
UNIT_SCOUT_SUB,13,kv,FoodHunger,0
UNIT_SCOUT_SUB,14,kv,MaxMovePoints,800
UNIT_SCOUT_SUB,15,kv,VisionRange,6
UNIT_SCOUT_SUB,16,kv,EnableAdvance,ADVANCE_LIQUID_BREATHING_APPARATUS
UNIT_SCOUT_SUB,17,kv,ActiveDefenseRange,0
UNIT_SCOUT_SUB,18,flag,LossMoveToDmgNone,
UNIT_SCOUT_SUB,19,kv,MaxFuel,0
UNIT_SCOUT_SUB,20,flag,CanExpel,
UNIT_SCOUT_SUB,21,flag,CanPillage,
UNIT_SCOUT_SUB,22,flag,CanPirate,
UNIT_SCOUT_SUB,23,flag,CantCaptureCity,
UNIT_SCOUT_SUB,24,flag,DeathEffectsHappy,
UNIT_SCOUT_SUB,25,flag,IsFlanker,
UNIT_SCOUT_SUB,26,flag,IsSubmarine,
UNIT_SCOUT_SUB,27,flag,Explodes,
UNIT_SCOUT_SUB,28,flag,OnlyBuildOne,
UNIT_SCOUT_SUB,29,kv,SoundSelect1,SOUND_SELECT1_SCOUT_SUB
UNIT_SCOUT_SUB,30,kv,SoundSelect2,SOUND_SELECT2_SCOUT_SUB
UNIT_SCOUT_SUB,31,kv,SoundMove,SOUND_MOVE_SCOUT_SUB
UNIT_SCOUT_SUB,32,kv,SoundAcknowledge,SOUND_ACKNOWLEDGE_SCOUT_SUB
UNIT_SCOUT_SUB,33,kv,SoundCantMove,SOUND_CANTMOVE_SCOUT_SUB
UNIT_SCOUT_SUB,34,kv,SoundAttack,SOUND_ATTACK_SCOUT_SUB
UNIT_SCOUT_SUB,35,kv,SoundWork,SOUND_WORK_SCOUT_SUB
UNIT_SCOUT_SUB,36,kv,SoundVictory,SOUND_VICTORY_SCOUT_SUB
UNIT_SCOUT_SUB,37,kv,SoundDeath,SOUND_DEATH_SCOUT_SUB
UNIT_SCOUT_SUB,38,sublist,CanAttack,Sea
UNIT_SCOUT_SUB,39,sublist,CanAttack,Underwater
UNIT_SCOUT_SUB,40,sublist,CanAttack,ShallowWater
UNIT_SCOUT_SUB,41,sublist,CanSee,Standard
UNIT_SCOUT_SUB,42,sublist,CanSee,Underwater
UNIT_SCOUT_SUB,43,sublist,MovementType,Sea
UNIT_SCOUT_SUB,44,sublist,MovementType,ShallowWater
UNIT_SCOUT_SUB,45,sublist,Size,Large
UNIT_SCOUT_SUB,46,sublist,VisionClass,Underwater
UNIT_SCOUT_SUB,47,nested,CanReform,"[{""t"": ""kv"", ""k"": ""Sound"", ""v"": ""SOUND_ID_REFORM_CITY""}, {""t"": ""kv"", ""k"": ""Effect"", ""v"": ""SPECEFFECT_REFORMCITY""}]"
UNIT_SEA_ENGINEER,0,kv,Description,DESCRIPTION_UNIT_SEA_ENGINEER
UNIT_SEA_ENGINEER,1,kv,DefaultIcon,ICON_UNIT_SEA_ENGINEER
UNIT_SEA_ENGINEER,2,kv,DefaultSprite,SPRITE_SEA_ENGINEER
UNIT_SEA_ENGINEER,3,kv,Category,UNIT_CATEGORY_SETTLER
UNIT_SEA_ENGINEER,4,kv,Attack,0
UNIT_SEA_ENGINEER,5,kv,Defense,10
UNIT_SEA_ENGINEER,6,kv,ZBRangeAttack,0
UNIT_SEA_ENGINEER,7,kv,Firepower,1
UNIT_SEA_ENGINEER,8,kv,Armor,1
UNIT_SEA_ENGINEER,9,kv,MaxHP,10
UNIT_SEA_ENGINEER,10,kv,ShieldCost,3900
UNIT_SEA_ENGINEER,11,kv,PowerPoints,2
UNIT_SEA_ENGINEER,12,kv,ShieldHunger,44
UNIT_SEA_ENGINEER,13,kv,FoodHunger,0
UNIT_SEA_ENGINEER,14,kv,MaxMovePoints,400
UNIT_SEA_ENGINEER,15,kv,VisionRange,2
UNIT_SEA_ENGINEER,16,kv,EnableAdvance,ADVANCE_NANO_ASSEMBLY
UNIT_SEA_ENGINEER,17,kv,ActiveDefenseRange,0
UNIT_SEA_ENGINEER,18,flag,LossMoveToDmgNone,
UNIT_SEA_ENGINEER,19,kv,MaxFuel,0
UNIT_SEA_ENGINEER,20,flag,IgnoreZOC,
UNIT_SEA_ENGINEER,21,flag,NoZoc,
UNIT_SEA_ENGINEER,22,kv,SettleCityType,UNIT_OCEAN_CITY
UNIT_SEA_ENGINEER,23,flag,CanBeExpelled,
UNIT_SEA_ENGINEER,24,flag,CantCaptureCity,
UNIT_SEA_ENGINEER,25,flag,DeathEffectsHappy,
UNIT_SEA_ENGINEER,26,flag,BuildingRemovesAPop,
UNIT_SEA_ENGINEER,27,flag,IsSpecialForces,
UNIT_SEA_ENGINEER,28,flag,Civilian,
UNIT_SEA_ENGINEER,29,flag,OnlyBuildOne,
UNIT_SEA_ENGINEER,30,kv,SoundSelect1,SOUND_SELECT1_SEA_ENGINEER
UNIT_SEA_ENGINEER,31,kv,SoundSelect2,SOUND_SELECT2_SEA_ENGINEER
UNIT_SEA_ENGINEER,32,kv,SoundMove,SOUND_MOVE_SEA_ENGINEER
UNIT_SEA_ENGINEER,33,kv,SoundAcknowledge,SOUND_ACKNOWLEDGE_SEA_ENGINEER
UNIT_SEA_ENGINEER,34,kv,SoundCantMove,SOUND_CANTMOVE_SEA_ENGINEER
UNIT_SEA_ENGINEER,35,kv,SoundAttack,SOUND_ATTACK_SEA_ENGINEER
UNIT_SEA_ENGINEER,36,kv,SoundWork,SOUND_WORK_SEA_ENGINEER
UNIT_SEA_ENGINEER,37,kv,SoundVictory,SOUND_VICTORY_SEA_ENGINEER
UNIT_SEA_ENGINEER,38,kv,SoundDeath,SOUND_DEATH_SEA_ENGINEER
UNIT_SEA_ENGINEER,39,sublist,CanSee,Standard
UNIT_SEA_ENGINEER,40,sublist,CanSee,Underwater
UNIT_SEA_ENGINEER,41,sublist,MovementType,Sea
UNIT_SEA_ENGINEER,42,sublist,MovementType,ShallowWater
UNIT_SEA_ENGINEER,43,sublist,Settle,Water
UNIT_SEA_ENGINEER,44,sublist,Size,Small
UNIT_SEA_ENGINEER,45,sublist,VisionClass,Underwater
UNIT_SETTLER,0,kv,Description,DESCRIPTION_UNIT_SETTLER
UNIT_SETTLER,1,kv,DefaultIcon,ICON_UNIT_SETTLER
UNIT_SETTLER,2,kv,DefaultSprite,SPRITE_SETTLER
UNIT_SETTLER,3,kv,Category,UNIT_CATEGORY_SETTLER
UNIT_SETTLER,4,kv,Attack,0
UNIT_SETTLER,5,kv,Defense,15
UNIT_SETTLER,6,kv,ZBRangeAttack,0
UNIT_SETTLER,7,kv,Firepower,1
UNIT_SETTLER,8,kv,Armor,1
UNIT_SETTLER,9,kv,MaxHP,10
UNIT_SETTLER,10,kv,ShieldCost,2200
UNIT_SETTLER,11,kv,PowerPoints,1
UNIT_SETTLER,12,kv,ShieldHunger,25
UNIT_SETTLER,13,kv,FoodHunger,0
UNIT_SETTLER,14,kv,MaxMovePoints,100
UNIT_SETTLER,15,kv,VisionRange,1
UNIT_SETTLER,16,kv,EnableAdvance,ADVANCE_TRIBUNAL_EMPIRE
UNIT_SETTLER,17,kv,ObsoleteAdvance,ADVANCE_ADV_URBAN_PLANNING
UNIT_SETTLER,18,kv,ActiveDefenseRange,0
UNIT_SETTLER,19,flag,LossMoveToDmgNone,
UNIT_SETTLER,20,kv,MaxFuel,0
UNIT_SETTLER,21,flag,CanEntrench,
UNIT_SETTLER,22,flag,NoZoc,
UNIT_SETTLER,23,kv,SettleCityType,UNIT_CITY
UNIT_SETTLER,24,kv,SettleSize,1
UNIT_SETTLER,25,flag,CanBeExpelled,
UNIT_SETTLER,26,flag,CantCaptureCity,
UNIT_SETTLER,27,flag,DeathEffectsHappy,
UNIT_SETTLER,28,flag,BuildingRemovesAPop,
UNIT_SETTLER,29,flag,IsSpecialForces,
UNIT_SETTLER,30,flag,Civilian,
UNIT_SETTLER,31,flag,OnlyBuildOne,
UNIT_SETTLER,32,kv,SoundSelect1,SOUND_SELECT1_SETTLER
UNIT_SETTLER,33,kv,SoundSelect2,SOUND_SELECT2_SETTLER
UNIT_SETTLER,34,kv,SoundMove,SOUND_MOVE_SETTLER
UNIT_SETTLER,35,kv,SoundAcknowledge,SOUND_ACKNOWLEDGE_SETTLER
UNIT_SETTLER,36,kv,SoundCantMove,SOUND_CANTMOVE_SETTLER
UNIT_SETTLER,37,kv,SoundAttack,SOUND_ATTACK_SETTLER
UNIT_SETTLER,38,kv,SoundWork,SOUND_WORK_SETTLER
UNIT_SETTLER,39,kv,SoundVictory,SOUND_VICTORY_SETTLER
UNIT_SETTLER,40,kv,SoundDeath,SOUND_DEATH_SETTLER
UNIT_SETTLER,41,kv,SettleBuilding,IMPROVE_SHRINE
UNIT_SETTLER,42,kv,SettleBuilding,IMPROVE_THEATER
UNIT_SETTLER,43,kv,SettleBuilding,IMPROVE_STOCKADE
UNIT_SETTLER,44,sublist,CanSee,Standard
UNIT_SETTLER,45,sublist,MovementType,Land
UNIT_SETTLER,46,sublist,MovementType,Mountain
UNIT_SETTLER,47,sublist,Settle,Land
UNIT_SETTLER,48,sublist,Settle,Mountain
UNIT_SETTLER,49,sublist,Size,Small
UNIT_SETTLER,50,sublist,VisionClass,Standard
UNIT_SHIP_OF_THE_LINE,0,kv,Description,DESCRIPTION_UNIT_SHIP_OF_THE_LINE
UNIT_SHIP_OF_THE_LINE,1,kv,DefaultIcon,ICON_UNIT_SHIP_OF_THE_LINE
UNIT_SHIP_OF_THE_LINE,2,kv,DefaultSprite,SPRITE_SHIP_OF_THE_LINE
UNIT_SHIP_OF_THE_LINE,3,kv,Category,UNIT_CATEGORY_NAVAL
UNIT_SHIP_OF_THE_LINE,4,kv,Attack,40
UNIT_SHIP_OF_THE_LINE,5,kv,Defense,25
UNIT_SHIP_OF_THE_LINE,6,kv,ZBRangeAttack,40
UNIT_SHIP_OF_THE_LINE,7,kv,Firepower,2
UNIT_SHIP_OF_THE_LINE,8,kv,Armor,1
UNIT_SHIP_OF_THE_LINE,9,kv,MaxHP,15
UNIT_SHIP_OF_THE_LINE,10,kv,ShieldCost,1600
UNIT_SHIP_OF_THE_LINE,11,kv,PowerPoints,12
UNIT_SHIP_OF_THE_LINE,12,kv,ShieldHunger,18
UNIT_SHIP_OF_THE_LINE,13,kv,FoodHunger,0
UNIT_SHIP_OF_THE_LINE,14,kv,MaxMovePoints,400
UNIT_SHIP_OF_THE_LINE,15,kv,VisionRange,2
UNIT_SHIP_OF_THE_LINE,16,kv,EnableAdvance,ADVANCE_NAVAL_TACTICS
UNIT_SHIP_OF_THE_LINE,17,kv,ObsoleteAdvance,ADVANCE_MASS_PRODUCTION
UNIT_SHIP_OF_THE_LINE,18,kv,BombRounds,5
UNIT_SHIP_OF_THE_LINE,19,kv,BombardRange,1
UNIT_SHIP_OF_THE_LINE,20,flag,CanCounterBombard,
UNIT_SHIP_OF_THE_LINE,21,kv,ActiveDefenseRange,0
UNIT_SHIP_OF_THE_LINE,22,flag,LossMoveToDmgNone,
UNIT_SHIP_OF_THE_LINE,23,kv,MaxFuel,0
UNIT_SHIP_OF_THE_LINE,24,flag,CanExpel,
UNIT_SHIP_OF_THE_LINE,25,flag,CanPillage,
UNIT_SHIP_OF_THE_LINE,26,flag,CanPirate,
UNIT_SHIP_OF_THE_LINE,27,flag,CantCaptureCity,
UNIT_SHIP_OF_THE_LINE,28,flag,ExertsMartialLaw,
UNIT_SHIP_OF_THE_LINE,29,flag,DeathEffectsHappy,
UNIT_SHIP_OF_THE_LINE,30,flag,OnlyBuildOne,
UNIT_SHIP_OF_THE_LINE,31,kv,SoundSelect1,SOUND_SELECT1_SHIP_OF_THE_LINE
UNIT_SHIP_OF_THE_LINE,32,kv,SoundSelect2,SOUND_SELECT2_SHIP_OF_THE_LINE
UNIT_SHIP_OF_THE_LINE,33,kv,SoundMove,SOUND_MOVE_SHIP_OF_THE_LINE
UNIT_SHIP_OF_THE_LINE,34,kv,SoundAcknowledge,SOUND_ACKNOWLEDGE_SHIP_OF_THE_LINE
UNIT_SHIP_OF_THE_LINE,35,kv,SoundCantMove,SOUND_CANTMOVE_SHIP_OF_THE_LINE
UNIT_SHIP_OF_THE_LINE,36,kv,SoundAttack,SOUND_ATTACK_SHIP_OF_THE_LINE
UNIT_SHIP_OF_THE_LINE,37,kv,SoundWork,SOUND_WORK_SHIP_OF_THE_LINE
UNIT_SHIP_OF_THE_LINE,38,kv,SoundVictory,SOUND_VICTORY_SHIP_OF_THE_LINE
UNIT_SHIP_OF_THE_LINE,39,kv,SoundDeath,SOUND_DEATH_SHIP_OF_THE_LINE
UNIT_SHIP_OF_THE_LINE,40,sublist,CanCarry,MedLand
UNIT_SHIP_OF_THE_LINE,41,sublist,CanCarry,SmallLand
UNIT_SHIP_OF_THE_LINE,42,sublist,CanAttack,Sea
UNIT_SHIP_OF_THE_LINE,43,sublist,CanAttack,ShallowWater
UNIT_SHIP_OF_THE_LINE,44,sublist,CanBombard,Land
UNIT_SHIP_OF_THE_LINE,45,sublist,CanBombard,Mountain
UNIT_SHIP_OF_THE_LINE,46,sublist,CanBombard,Water
UNIT_SHIP_OF_THE_LINE,47,sublist,CanSee,Standard
UNIT_SHIP_OF_THE_LINE,48,sublist,MovementType,Sea
UNIT_SHIP_OF_THE_LINE,49,sublist,MovementType,ShallowWater
UNIT_SHIP_OF_THE_LINE,50,sublist,Size,Large
UNIT_SHIP_OF_THE_LINE,51,sublist,VisionClass,Standard
UNIT_SHIP_OF_THE_LINE,52,nested,CanReform,"[{""t"": ""kv"", ""k"": ""Sound"", ""v"": ""SOUND_ID_REFORM_CITY""}, {""t"": ""kv"", ""k"": ""Effect"", ""v"": ""SPECEFFECT_REFORMCITY""}]"
UNIT_SHIP_OF_THE_LINE,53,nested,CargoData,"[{""t"": ""kv"", ""k"": ""MaxCargo"", ""v"": ""2""}, {""t"": ""kv"", ""k"": ""Load"", ""v"": ""SOUND_ID_TRIREME_LOAD""}, {""t"": ""kv"", ""k"": ""Unload"", ""v"": ""SOUND_ID_TRIREME_UNLOAD""}]"
UNIT_SLAVEMASTER,0,kv,Description,DESCRIPTION_UNIT_ARCHER
UNIT_SLAVEMASTER,1,kv,DefaultIcon,ICON_UNIT_SLAVEMASTER
UNIT_SLAVEMASTER,2,kv,DefaultSprite,SPRITE_SLAVEMASTER
UNIT_SLAVEMASTER,3,kv,Category,UNIT_CATEGORY_RANGED
UNIT_SLAVEMASTER,4,kv,Attack,10
UNIT_SLAVEMASTER,5,kv,Defense,5
UNIT_SLAVEMASTER,6,kv,ZBRangeAttack,15
UNIT_SLAVEMASTER,7,kv,Firepower,1
UNIT_SLAVEMASTER,8,kv,Armor,1
UNIT_SLAVEMASTER,9,kv,MaxHP,8
UNIT_SLAVEMASTER,10,kv,ShieldCost,700
UNIT_SLAVEMASTER,11,kv,PowerPoints,50
UNIT_SLAVEMASTER,12,kv,ShieldHunger,10
UNIT_SLAVEMASTER,13,kv,FoodHunger,0
UNIT_SLAVEMASTER,14,kv,MaxMovePoints,100
UNIT_SLAVEMASTER,15,kv,VisionRange,1
UNIT_SLAVEMASTER,16,kv,EnableAdvance,ADVANCE_COPPER_SMELTING
UNIT_SLAVEMASTER,17,kv,ObsoleteAdvance,ADVANCE_CHIVALRY
UNIT_SLAVEMASTER,18,kv,ActiveDefenseRange,0
UNIT_SLAVEMASTER,19,flag,LossMoveToDmgNone,
UNIT_SLAVEMASTER,20,kv,MaxFuel,0
UNIT_SLAVEMASTER,21,flag,CanEntrench,
UNIT_SLAVEMASTER,22,flag,CanExpel,
UNIT_SLAVEMASTER,23,flag,CanPillage,
UNIT_SLAVEMASTER,24,flag,CanPirate,
UNIT_SLAVEMASTER,25,flag,ExertsMartialLaw,
UNIT_SLAVEMASTER,26,flag,VictoryEnslavement,
UNIT_SLAVEMASTER,27,flag,DeathEffectsHappy,
UNIT_SLAVEMASTER,28,flag,OnlyBuildOne,
UNIT_SLAVEMASTER,29,kv,SoundSelect1,SOUND_SELECT1_ARCHER
UNIT_SLAVEMASTER,30,kv,SoundSelect2,SOUND_SELECT2_ARCHER
UNIT_SLAVEMASTER,31,kv,SoundMove,SOUND_MOVE_ARCHER
UNIT_SLAVEMASTER,32,kv,SoundAcknowledge,SOUND_ACKNOWLEDGE_ARCHER
UNIT_SLAVEMASTER,33,kv,SoundCantMove,SOUND_CANTMOVE_ARCHER
UNIT_SLAVEMASTER,34,kv,SoundAttack,SOUND_ATTACK_ARCHER
UNIT_SLAVEMASTER,35,kv,SoundWork,SOUND_WORK_ARCHER
UNIT_SLAVEMASTER,36,kv,SoundVictory,SOUND_VICTORY_ARCHER
UNIT_SLAVEMASTER,37,kv,SoundDeath,SOUND_DEATH_ARCHER
UNIT_SLAVEMASTER,38,sublist,CanAttack,Land
UNIT_SLAVEMASTER,39,sublist,CanAttack,Mountain
UNIT_SLAVEMASTER,40,sublist,CanSee,Standard
UNIT_SLAVEMASTER,41,sublist,MovementType,Land
UNIT_SLAVEMASTER,42,sublist,MovementType,Mountain
UNIT_SLAVEMASTER,43,sublist,Size,Medium
UNIT_SLAVEMASTER,44,sublist,VisionClass,Standard
UNIT_SLAVEMASTER,45,nested,CanReform,"[{""t"": ""kv"", ""k"": ""Sound"", ""v"": ""SOUND_ID_REFORM_CITY""}, {""t"": ""kv"", ""k"": ""Effect"", ""v"": ""SPECEFFECT_REFORMCITY""}]"
UNIT_SLAVER,0,kv,Description,DESCRIPTION_UNIT_SLAVER
UNIT_SLAVER,1,kv,DefaultIcon,ICON_UNIT_SLAVER
UNIT_SLAVER,2,kv,DefaultSprite,SPRITE_SLAVER
UNIT_SLAVER,3,kv,Category,UNIT_CATEGORY_SPECIAL
UNIT_SLAVER,4,kv,Attack,0
UNIT_SLAVER,5,kv,Defense,10
UNIT_SLAVER,6,kv,ZBRangeAttack,0
UNIT_SLAVER,7,kv,Firepower,1
UNIT_SLAVER,8,kv,Armor,1
UNIT_SLAVER,9,kv,MaxHP,10
UNIT_SLAVER,10,kv,ShieldCost,400
UNIT_SLAVER,11,kv,PowerPoints,3
UNIT_SLAVER,12,kv,ShieldHunger,6
UNIT_SLAVER,13,kv,FoodHunger,0
UNIT_SLAVER,14,kv,MaxMovePoints,200
UNIT_SLAVER,15,kv,VisionRange,1
UNIT_SLAVER,16,kv,EnableAdvance,ADVANCE_SLAVE_LABOR
UNIT_SLAVER,17,kv,ObsoleteAdvance,ADVANCE_CHIVALRY
UNIT_SLAVER,18,kv,ActiveDefenseRange,0
UNIT_SLAVER,19,flag,LossMoveToDmgNone,
UNIT_SLAVER,20,kv,MaxFuel,0
UNIT_SLAVER,21,flag,CanEntrench,
UNIT_SLAVER,22,flag,IgnoreZOC,
UNIT_SLAVER,23,flag,NoZoc,
UNIT_SLAVER,24,flag,CanBeExpelled,
UNIT_SLAVER,25,flag,CantCaptureCity,
UNIT_SLAVER,26,flag,DeathEffectsHappy,
UNIT_SLAVER,27,flag,IsSpecialForces,
UNIT_SLAVER,28,flag,OnlyBuildOne,
UNIT_SLAVER,29,kv,SoundSelect1,SOUND_SELECT1_SLAVER
UNIT_SLAVER,30,kv,SoundSelect2,SOUND_SELECT2_SLAVER
UNIT_SLAVER,31,kv,SoundMove,SOUND_MOVE_SLAVER
UNIT_SLAVER,32,kv,SoundAcknowledge,SOUND_ACKNOWLEDGE_SLAVER
UNIT_SLAVER,33,kv,SoundCantMove,SOUND_CANTMOVE_SLAVER
UNIT_SLAVER,34,kv,SoundAttack,SOUND_ATTACK_SLAVER
UNIT_SLAVER,35,kv,SoundWork,SOUND_WORK_SLAVER
UNIT_SLAVER,36,kv,SoundVictory,SOUND_VICTORY_SLAVER
UNIT_SLAVER,37,kv,SoundDeath,SOUND_DEATH_SLAVER
UNIT_SLAVER,38,sublist,CanSee,Standard
UNIT_SLAVER,39,sublist,CanSee,Stealth
UNIT_SLAVER,40,sublist,MovementType,Land
UNIT_SLAVER,41,sublist,MovementType,Mountain
UNIT_SLAVER,42,sublist,Size,Small
UNIT_SLAVER,43,sublist,VisionClass,Stealth
UNIT_SLAVER,44,nested,SettlerSlaveRaids,"[{""t"": ""kv"", ""k"": ""Sound"", ""v"": ""SOUND_ID_SETTLER_SLAVE_RAIDS""}, {""t"": ""kv"", ""k"": ""Effect"", ""v"": ""SPECEFFECT_SETTLER_SLAVE_RAIDS""}]"
UNIT_SLAVER,45,nested,SlaveRaids,"[{""t"": ""kv"", ""k"": ""Chance"", ""v"": ""0.6""}, {""t"": ""kv"", ""k"": ""DeathChance"", ""v"": ""0.75""}, {""t"": ""kv"", ""k"": ""Timer"", ""v"": ""2""}, {""t"": ""kv"", ""k"": ""Amount"", ""v"": ""4""}, {""t"": ""kv"", ""k"": ""Sound"", ""v"": ""SOUND_ID_SLAVE_RAIDS""}, {""t"": ""kv"", ""k"": ""Effect"", ""v"": ""SPECEFFECT_SLAVE_RAIDS""}]"
UNIT_SLINGER,0,kv,Description,DESCRIPTION_UNIT_ARCHER
UNIT_SLINGER,1,kv,DefaultIcon,ICON_UNIT_SLINGER
UNIT_SLINGER,2,kv,DefaultSprite,SPRITE_SLINGER
UNIT_SLINGER,3,kv,Category,UNIT_CATEGORY_RANGED
UNIT_SLINGER,4,kv,Attack,5
UNIT_SLINGER,5,kv,Defense,5
UNIT_SLINGER,6,kv,ZBRangeAttack,15
UNIT_SLINGER,7,kv,Firepower,1
UNIT_SLINGER,8,kv,Armor,1
UNIT_SLINGER,9,kv,MaxHP,8
UNIT_SLINGER,10,kv,ShieldCost,275
UNIT_SLINGER,11,kv,PowerPoints,50
UNIT_SLINGER,12,kv,ShieldHunger,2
UNIT_SLINGER,13,kv,FoodHunger,0
UNIT_SLINGER,14,kv,MaxMovePoints,100
UNIT_SLINGER,15,kv,VisionRange,1
UNIT_SLINGER,16,kv,EnableAdvance,ADVANCE_PROJECTILE_WEAPONS
UNIT_SLINGER,17,kv,ObsoleteAdvance,ADVANCE_ARCHERY
UNIT_SLINGER,18,kv,ActiveDefenseRange,0
UNIT_SLINGER,19,flag,LossMoveToDmgNone,
UNIT_SLINGER,20,kv,MaxFuel,0
UNIT_SLINGER,21,flag,CanEntrench,
UNIT_SLINGER,22,flag,CanExpel,
UNIT_SLINGER,23,flag,CanPillage,
UNIT_SLINGER,24,flag,CanPirate,
UNIT_SLINGER,25,flag,ExertsMartialLaw,
UNIT_SLINGER,26,flag,DeathEffectsHappy,
UNIT_SLINGER,27,flag,OnlyBuildOne,
UNIT_SLINGER,28,kv,SoundSelect1,SOUND_SELECT1_ARCHER
UNIT_SLINGER,29,kv,SoundSelect2,SOUND_SELECT2_ARCHER
UNIT_SLINGER,30,kv,SoundMove,SOUND_MOVE_ARCHER
UNIT_SLINGER,31,kv,SoundAcknowledge,SOUND_ACKNOWLEDGE_ARCHER
UNIT_SLINGER,32,kv,SoundCantMove,SOUND_CANTMOVE_ARCHER
UNIT_SLINGER,33,kv,SoundAttack,SOUND_ATTACK_ARCHER
UNIT_SLINGER,34,kv,SoundWork,SOUND_WORK_ARCHER
UNIT_SLINGER,35,kv,SoundVictory,SOUND_VICTORY_ARCHER
UNIT_SLINGER,36,kv,SoundDeath,SOUND_DEATH_ARCHER
UNIT_SLINGER,37,sublist,CanAttack,Land
UNIT_SLINGER,38,sublist,CanAttack,Mountain
UNIT_SLINGER,39,sublist,CanSee,Standard
UNIT_SLINGER,40,sublist,MovementType,Land
UNIT_SLINGER,41,sublist,MovementType,Mountain
UNIT_SLINGER,42,sublist,Size,Medium
UNIT_SLINGER,43,sublist,VisionClass,Standard
UNIT_SLINGER,44,nested,CanReform,"[{""t"": ""kv"", ""k"": ""Sound"", ""v"": ""SOUND_ID_REFORM_CITY""}, {""t"": ""kv"", ""k"": ""Effect"", ""v"": ""SPECEFFECT_REFORMCITY""}]"
UNIT_SPACE_CITY,0,kv,Description,DESCRIPTION_UNIT_SPACE_CITY
UNIT_SPACE_CITY,1,kv,DefaultIcon,ICON_UNIT_SPACE_CITY
UNIT_SPACE_CITY,2,kv,DefaultSprite,SPRITE_SPACE_CITY
UNIT_SPACE_CITY,3,kv,Category,UNIT_CATEGORY_GENERIC
UNIT_SPACE_CITY,4,kv,Attack,0
UNIT_SPACE_CITY,5,kv,Defense,0
UNIT_SPACE_CITY,6,kv,ZBRangeAttack,0
UNIT_SPACE_CITY,7,kv,Firepower,0
UNIT_SPACE_CITY,8,kv,Armor,0
UNIT_SPACE_CITY,9,kv,MaxHP,0
UNIT_SPACE_CITY,10,kv,ShieldCost,0
UNIT_SPACE_CITY,11,kv,PowerPoints,0
UNIT_SPACE_CITY,12,kv,ShieldHunger,0
UNIT_SPACE_CITY,13,kv,FoodHunger,0
UNIT_SPACE_CITY,14,kv,MaxMovePoints,0
UNIT_SPACE_CITY,15,kv,VisionRange,2
UNIT_SPACE_CITY,16,kv,ActiveDefenseRange,0
UNIT_SPACE_CITY,17,flag,LossMoveToDmgNone,
UNIT_SPACE_CITY,18,kv,MaxFuel,0
UNIT_SPACE_CITY,19,flag,HasPopAndCanBuild,
UNIT_SPACE_CITY,20,flag,CantBuild,
UNIT_SPACE_CITY,21,kv,CityGrowthCoefficient,0.5
UNIT_SPACE_CITY,22,flag,NoIndex,
UNIT_SPACE_CITY,23,flag,GLHidden,
UNIT_SPACE_CITY,24,flag,CantCaptureCity,
UNIT_SPACE_CITY,25,flag,NeedsNoSupport,
UNIT_SPACE_CITY,26,kv,SoundSelect1,SOUND_SELECT1_SPACE_CITY
UNIT_SPACE_CITY,27,kv,SoundSelect2,SOUND_SELECT2_SPACE_CITY
UNIT_SPACE_CITY,28,kv,SoundMove,SOUND_MOVE_SPACE_CITY
UNIT_SPACE_CITY,29,kv,SoundAcknowledge,SOUND_ACKNOWLEDGE_SPACE_CITY
UNIT_SPACE_CITY,30,kv,SoundCantMove,SOUND_CANTMOVE_SPACE_CITY
UNIT_SPACE_CITY,31,kv,SoundAttack,SOUND_ATTACK_SPACE_CITY
UNIT_SPACE_CITY,32,kv,SoundWork,SOUND_WORK_SPACE_CITY
UNIT_SPACE_CITY,33,kv,SoundVictory,SOUND_VICTORY_SPACE_CITY
UNIT_SPACE_CITY,34,kv,SoundDeath,SOUND_DEATH_SPACE_CITY
UNIT_SPACE_CITY,35,sublist,CanAttack,Land
UNIT_SPACE_CITY,36,sublist,CanSee,Standard
UNIT_SPACE_CITY,37,sublist,MovementType,Land
UNIT_SPACE_CITY,38,sublist,Size,Medium
UNIT_SPACE_CITY,39,sublist,VisionClass,Standard
UNIT_SPACE_CITY,40,nested,Revolution,"[{""t"": ""kv"", ""k"": ""Sound"", ""v"": ""SOUND_ID_REVOLUTION""}, {""t"": ""kv"", ""k"": ""Effect"", ""v"": ""SPECEFFECT_REVOLUTION""}]"
UNIT_SPACE_PLANE,0,kv,Description,DESCRIPTION_UNIT_SPACE_PLANE
UNIT_SPACE_PLANE,1,kv,DefaultIcon,ICON_UNIT_SPACE_PLANE
UNIT_SPACE_PLANE,2,kv,DefaultSprite,SPRITE_SPACE_PLANE
UNIT_SPACE_PLANE,3,kv,Category,UNIT_CATEGORY_AERIAL
UNIT_SPACE_PLANE,4,kv,Attack,0
UNIT_SPACE_PLANE,5,kv,Defense,10
UNIT_SPACE_PLANE,6,kv,ZBRangeAttack,0
UNIT_SPACE_PLANE,7,kv,Firepower,1
UNIT_SPACE_PLANE,8,kv,Armor,1
UNIT_SPACE_PLANE,9,kv,MaxHP,15
UNIT_SPACE_PLANE,10,kv,ShieldCost,3000
UNIT_SPACE_PLANE,11,kv,PowerPoints,30
UNIT_SPACE_PLANE,12,kv,ShieldHunger,35
UNIT_SPACE_PLANE,13,kv,FoodHunger,0
UNIT_SPACE_PLANE,14,kv,MaxMovePoints,1500
UNIT_SPACE_PLANE,15,kv,VisionRange,1
UNIT_SPACE_PLANE,16,kv,EnableAdvance,ADVANCE_SPACE_FLIGHT
UNIT_SPACE_PLANE,17,kv,ActiveDefenseRange,0
UNIT_SPACE_PLANE,18,flag,LossMoveToDmgNone,
UNIT_SPACE_PLANE,19,flag,NoFuelThenCrash,
UNIT_SPACE_PLANE,20,kv,MaxFuel,4500
UNIT_SPACE_PLANE,21,flag,IgnoreZOC,
UNIT_SPACE_PLANE,22,flag,NoZoc,
UNIT_SPACE_PLANE,23,flag,CantCaptureCity,
UNIT_SPACE_PLANE,24,kv,SpaceLaunch,3
UNIT_SPACE_PLANE,25,flag,DeathEffectsHappy,
UNIT_SPACE_PLANE,26,flag,Explodes,
UNIT_SPACE_PLANE,27,flag,OnlyBuildOne,
UNIT_SPACE_PLANE,28,kv,SoundSelect1,SOUND_SELECT1_SPACE_PLANE
UNIT_SPACE_PLANE,29,kv,SoundSelect2,SOUND_SELECT2_SPACE_PLANE
UNIT_SPACE_PLANE,30,kv,SoundMove,SOUND_MOVE_SPACE_PLANE
UNIT_SPACE_PLANE,31,kv,SoundAcknowledge,SOUND_ACKNOWLEDGE_SPACE_PLANE
UNIT_SPACE_PLANE,32,kv,SoundCantMove,SOUND_CANTMOVE_SPACE_PLANE
UNIT_SPACE_PLANE,33,kv,SoundAttack,SOUND_ATTACK_SPACE_PLANE
UNIT_SPACE_PLANE,34,kv,SoundWork,SOUND_WORK_SPACE_PLANE
UNIT_SPACE_PLANE,35,kv,SoundVictory,SOUND_VICTORY_SPACE_PLANE
UNIT_SPACE_PLANE,36,kv,SoundDeath,SOUND_DEATH_SPACE_PLANE
UNIT_SPACE_PLANE,37,sublist,CanCarry,SmallLand
UNIT_SPACE_PLANE,38,sublist,CanCarry,MedLand
UNIT_SPACE_PLANE,39,sublist,CanSee,Standard
UNIT_SPACE_PLANE,40,sublist,MovementType,Air
UNIT_SPACE_PLANE,41,sublist,Size,Large
UNIT_SPACE_PLANE,42,sublist,VisionClass,Standard
UNIT_SPACE_PLANE,43,nested,CargoData,"[{""t"": ""kv"", ""k"": ""MaxCargo"", ""v"": ""5""}, {""t"": ""kv"", ""k"": ""Load"", ""v"": ""SOUND_ID_SPACE_PLANE_LOAD""}, {""t"": ""kv"", ""k"": ""Unload"", ""v"": ""SOUND_ID_SPACE_PLANE_UNLOAD""}]"
UNIT_SPEARMAN,0,kv,Description,DESCRIPTION_UNIT_WARRIOR
UNIT_SPEARMAN,1,kv,DefaultIcon,ICON_UNIT_SPEARMAN
UNIT_SPEARMAN,2,kv,DefaultSprite,SPRITE_SPEARMAN
UNIT_SPEARMAN,3,kv,Category,UNIT_CATEGORY_DEFENSE
UNIT_SPEARMAN,4,kv,Attack,10
UNIT_SPEARMAN,5,kv,Defense,15
UNIT_SPEARMAN,6,kv,ZBRangeAttack,0
UNIT_SPEARMAN,7,kv,Firepower,1
UNIT_SPEARMAN,8,kv,Armor,1
UNIT_SPEARMAN,9,kv,MaxHP,10
UNIT_SPEARMAN,10,kv,ShieldCost,180
UNIT_SPEARMAN,11,kv,PowerPoints,81
UNIT_SPEARMAN,12,kv,ShieldHunger,1
UNIT_SPEARMAN,13,kv,FoodHunger,0
UNIT_SPEARMAN,14,kv,MaxMovePoints,100
UNIT_SPEARMAN,15,kv,VisionRange,1
UNIT_SPEARMAN,16,kv,EnableAdvance,ADVANCE_TOOLMAKING
UNIT_SPEARMAN,17,kv,ObsoleteAdvance,ADVANCE_BRONZE_WORKING
UNIT_SPEARMAN,18,kv,ActiveDefenseRange,0
UNIT_SPEARMAN,19,flag,LossMoveToDmgNone,
UNIT_SPEARMAN,20,kv,MaxFuel,0
UNIT_SPEARMAN,21,flag,CanEntrench,
UNIT_SPEARMAN,22,flag,CanExpel,
UNIT_SPEARMAN,23,flag,CanPillage,
UNIT_SPEARMAN,24,flag,CanPirate,
UNIT_SPEARMAN,25,flag,ExertsMartialLaw,
UNIT_SPEARMAN,26,flag,DeathEffectsHappy,
UNIT_SPEARMAN,27,flag,OnlyBuildOne,
UNIT_SPEARMAN,28,kv,SoundSelect1,SOUND_SELECT1_PIKEMEN
UNIT_SPEARMAN,29,kv,SoundSelect2,SOUND_SELECT2_PIKEMEN
UNIT_SPEARMAN,30,kv,SoundMove,SOUND_MOVE_PIKEMEN
UNIT_SPEARMAN,31,kv,SoundAcknowledge,SOUND_ACKNOWLEDGE_PIKEMEN
UNIT_SPEARMAN,32,kv,SoundCantMove,SOUND_CANTMOVE_PIKEMEN
UNIT_SPEARMAN,33,kv,SoundAttack,SOUND_ATTACK_PIKEMEN
UNIT_SPEARMAN,34,kv,SoundWork,SOUND_WORK_PIKEMEN
UNIT_SPEARMAN,35,kv,SoundVictory,SOUND_VICTORY_PIKEMEN
UNIT_SPEARMAN,36,kv,SoundDeath,SOUND_DEATH_PIKEMEN
UNIT_SPEARMAN,37,sublist,CanAttack,Land
UNIT_SPEARMAN,38,sublist,CanAttack,Mountain
UNIT_SPEARMAN,39,sublist,CanSee,Standard
UNIT_SPEARMAN,40,sublist,MovementType,Land
UNIT_SPEARMAN,41,sublist,MovementType,Mountain
UNIT_SPEARMAN,42,sublist,Size,Medium
UNIT_SPEARMAN,43,sublist,VisionClass,Standard
UNIT_SPEARMAN,44,nested,CanReform,"[{""t"": ""kv"", ""k"": ""Sound"", ""v"": ""SOUND_ID_REFORM_CITY""}, {""t"": ""kv"", ""k"": ""Effect"", ""v"": ""SPECEFFECT_REFORMCITY""}]"
UNIT_SPY,0,kv,Description,DESCRIPTION_UNIT_SPY
UNIT_SPY,1,kv,DefaultIcon,ICON_UNIT_SPY
UNIT_SPY,2,kv,DefaultSprite,SPRITE_SPY
UNIT_SPY,3,kv,Category,UNIT_CATEGORY_SPECIAL
UNIT_SPY,4,kv,Attack,0
UNIT_SPY,5,kv,Defense,10
UNIT_SPY,6,kv,ZBRangeAttack,0
UNIT_SPY,7,kv,Firepower,1
UNIT_SPY,8,kv,Armor,1
UNIT_SPY,9,kv,MaxHP,10
UNIT_SPY,10,kv,ShieldCost,1000
UNIT_SPY,11,kv,PowerPoints,3
UNIT_SPY,12,kv,ShieldHunger,12
UNIT_SPY,13,kv,FoodHunger,0
UNIT_SPY,14,kv,MaxMovePoints,200
UNIT_SPY,15,kv,VisionRange,2
UNIT_SPY,16,kv,EnableAdvance,ADVANCE_REPUBLIC
UNIT_SPY,17,kv,ObsoleteAdvance,ADVANCE_COMMUNISM
UNIT_SPY,18,kv,ActiveDefenseRange,0
UNIT_SPY,19,flag,LossMoveToDmgNone,
UNIT_SPY,20,kv,MaxFuel,0
UNIT_SPY,21,flag,CanEntrench,
UNIT_SPY,22,flag,IgnoreZOC,
UNIT_SPY,23,flag,NoZoc,
UNIT_SPY,24,flag,CanBeExpelled,
UNIT_SPY,25,flag,CantCaptureCity,
UNIT_SPY,26,flag,DeathEffectsHappy,
UNIT_SPY,27,flag,IsSpecialForces,
UNIT_SPY,28,kv,DefendAgainstSpies,0.25
UNIT_SPY,29,flag,OnlyBuildOne,
UNIT_SPY,30,kv,SoundSelect1,SOUND_SELECT1_SPY
UNIT_SPY,31,kv,SoundSelect2,SOUND_SELECT2_SPY
UNIT_SPY,32,kv,SoundMove,SOUND_MOVE_SPY
UNIT_SPY,33,kv,SoundAcknowledge,SOUND_ACKNOWLEDGE_SPY
UNIT_SPY,34,kv,SoundCantMove,SOUND_CANTMOVE_SPY
UNIT_SPY,35,kv,SoundAttack,SOUND_ATTACK_SPY
UNIT_SPY,36,kv,SoundWork,SOUND_WORK_SPY
UNIT_SPY,37,kv,SoundVictory,SOUND_VICTORY_SPY
UNIT_SPY,38,kv,SoundDeath,SOUND_DEATH_SPY
UNIT_SPY,39,sublist,CanSee,Standard
UNIT_SPY,40,sublist,CanSee,Stealth
UNIT_SPY,41,sublist,MovementType,Land
UNIT_SPY,42,sublist,MovementType,Mountain
UNIT_SPY,43,sublist,Size,Small
UNIT_SPY,44,sublist,VisionClass,Stealth
UNIT_SPY,45,nested,AssasinateRuler,"[{""t"": ""kv"", ""k"": ""Chance"", ""v"": ""0.3""}, {""t"": ""kv"", ""k"": ""EliteChance"", ""v"": ""0.5""}, {""t"": ""kv"", ""k"": ""DeathChance"", ""v"": ""0.5""}]"
UNIT_SPY,46,nested,InvestigateCity,"[{""t"": ""kv"", ""k"": ""Chance"", ""v"": ""0.6""}, {""t"": ""kv"", ""k"": ""EliteChance"", ""v"": ""0.7""}, {""t"": ""kv"", ""k"": ""DeathChance"", ""v"": ""0.5""}]"
UNIT_SPY,47,nested,StealTechnology,"[{""t"": ""kv"", ""k"": ""RandomChance"", ""v"": ""0.35""}, {""t"": ""kv"", ""k"": ""SpecificChance"", ""v"": ""0.25""}, {""t"": ""kv"", ""k"": ""DeathChance"", ""v"": ""0.5""}, {""t"": ""kv"", ""k"": ""Sound"", ""v"": ""SOUND_ID_STEAL_TECHNOLOGY_SP""}, {""t"": ""kv"", ""k"": ""Effect"", ""v"": ""SPECEFFECT_STEAL_TECHNOLOGY""}]"
UNIT_SPY_PLANE,0,kv,Description,DESCRIPTION_UNIT_SPY_PLANE
UNIT_SPY_PLANE,1,kv,DefaultIcon,ICON_UNIT_SPY_PLANE
UNIT_SPY_PLANE,2,kv,DefaultSprite,SPRITE_SPY_PLANE
UNIT_SPY_PLANE,3,kv,Category,UNIT_CATEGORY_AERIAL
UNIT_SPY_PLANE,4,kv,Attack,10
UNIT_SPY_PLANE,5,kv,Defense,20
UNIT_SPY_PLANE,6,kv,ZBRangeAttack,10
UNIT_SPY_PLANE,7,kv,Firepower,2
UNIT_SPY_PLANE,8,kv,Armor,2
UNIT_SPY_PLANE,9,kv,MaxHP,15
UNIT_SPY_PLANE,10,kv,ShieldCost,3800
UNIT_SPY_PLANE,11,kv,PowerPoints,38
UNIT_SPY_PLANE,12,kv,ShieldHunger,43
UNIT_SPY_PLANE,13,kv,FoodHunger,0
UNIT_SPY_PLANE,14,kv,MaxMovePoints,1000
UNIT_SPY_PLANE,15,kv,VisionRange,6
UNIT_SPY_PLANE,16,kv,EnableAdvance,ADVANCE_AI_SURVEILLANCE
UNIT_SPY_PLANE,17,kv,ActiveDefenseRange,0
UNIT_SPY_PLANE,18,flag,LossMoveToDmgNone,
UNIT_SPY_PLANE,19,flag,NoFuelThenCrash,
UNIT_SPY_PLANE,20,kv,MaxFuel,10000
UNIT_SPY_PLANE,21,flag,IgnoreZOC,
UNIT_SPY_PLANE,22,flag,NoZoc,
UNIT_SPY_PLANE,23,flag,CantCaptureCity,
UNIT_SPY_PLANE,24,flag,DeathEffectsHappy,
UNIT_SPY_PLANE,25,flag,Explodes,
UNIT_SPY_PLANE,26,flag,OnlyBuildOne,
UNIT_SPY_PLANE,27,kv,SoundSelect1,SOUND_SELECT1_SPY_PLANE
UNIT_SPY_PLANE,28,kv,SoundSelect2,SOUND_SELECT2_SPY_PLANE
UNIT_SPY_PLANE,29,kv,SoundMove,SOUND_MOVE_SPY_PLANE
UNIT_SPY_PLANE,30,kv,SoundAcknowledge,SOUND_ACKNOWLEDGE_SPY_PLANE
UNIT_SPY_PLANE,31,kv,SoundCantMove,SOUND_CANTMOVE_SPY_PLANE
UNIT_SPY_PLANE,32,kv,SoundAttack,SOUND_ATTACK_SPY_PLANE
UNIT_SPY_PLANE,33,kv,SoundWork,SOUND_WORK_SPY_PLANE
UNIT_SPY_PLANE,34,kv,SoundVictory,SOUND_VICTORY_SPY_PLANE
UNIT_SPY_PLANE,35,kv,SoundDeath,SOUND_DEATH_SPY_PLANE
UNIT_SPY_PLANE,36,sublist,CanAttack,Air
UNIT_SPY_PLANE,37,sublist,CanSee,Standard
UNIT_SPY_PLANE,38,sublist,CanSee,Underwater
UNIT_SPY_PLANE,39,sublist,MovementType,Air
UNIT_SPY_PLANE,40,sublist,Size,Medium
UNIT_SPY_PLANE,41,sublist,VisionClass,Standard
UNIT_STEALTH_BOMBER,0,kv,Description,DESCRIPTION_UNIT_STEALTH_BOMBER
UNIT_STEALTH_BOMBER,1,kv,DefaultIcon,ICON_UNIT_STEALTH_BOMBER
UNIT_STEALTH_BOMBER,2,kv,DefaultSprite,SPRITE_STEALTH_BOMBER
UNIT_STEALTH_BOMBER,3,kv,Category,UNIT_CATEGORY_AERIAL
UNIT_STEALTH_BOMBER,4,kv,Attack,80
UNIT_STEALTH_BOMBER,5,kv,Defense,80
UNIT_STEALTH_BOMBER,6,kv,ZBRangeAttack,95
UNIT_STEALTH_BOMBER,7,kv,Firepower,4
UNIT_STEALTH_BOMBER,8,kv,Armor,3
UNIT_STEALTH_BOMBER,9,kv,MaxHP,20
UNIT_STEALTH_BOMBER,10,kv,ShieldCost,4500
UNIT_STEALTH_BOMBER,11,kv,PowerPoints,31
UNIT_STEALTH_BOMBER,12,kv,ShieldHunger,49
UNIT_STEALTH_BOMBER,13,kv,FoodHunger,0
UNIT_STEALTH_BOMBER,14,kv,MaxMovePoints,1000
UNIT_STEALTH_BOMBER,15,kv,VisionRange,4
UNIT_STEALTH_BOMBER,16,kv,EnableAdvance,ADVANCE_ADVANCED_COMPOSITES
UNIT_STEALTH_BOMBER,17,kv,BombRounds,5
UNIT_STEALTH_BOMBER,18,kv,BombardRange,1
UNIT_STEALTH_BOMBER,19,flag,CanCounterBombard,
UNIT_STEALTH_BOMBER,20,kv,ActiveDefenseRange,0
UNIT_STEALTH_BOMBER,21,flag,EnableCarrierDefenses,
UNIT_STEALTH_BOMBER,22,flag,LossMoveToDmgNone,
UNIT_STEALTH_BOMBER,23,flag,NoFuelThenCrash,
UNIT_STEALTH_BOMBER,24,kv,MaxFuel,5000
UNIT_STEALTH_BOMBER,25,flag,IgnoreZOC,
UNIT_STEALTH_BOMBER,26,flag,NoZoc,
UNIT_STEALTH_BOMBER,27,flag,CanBeachAssault,
UNIT_STEALTH_BOMBER,28,flag,CantCaptureCity,
UNIT_STEALTH_BOMBER,29,flag,DeathEffectsHappy,
UNIT_STEALTH_BOMBER,30,flag,Explodes,
UNIT_STEALTH_BOMBER,31,flag,OnlyBuildOne,
UNIT_STEALTH_BOMBER,32,kv,SoundSelect1,SOUND_SELECT1_STEALTH_BOMBER
UNIT_STEALTH_BOMBER,33,kv,SoundSelect2,SOUND_SELECT2_STEALTH_BOMBER
UNIT_STEALTH_BOMBER,34,kv,SoundMove,SOUND_MOVE_STEALTH_BOMBER
UNIT_STEALTH_BOMBER,35,kv,SoundAcknowledge,SOUND_ACKNOWLEDGE_STEALTH_BOMBER
UNIT_STEALTH_BOMBER,36,kv,SoundCantMove,SOUND_CANTMOVE_STEALTH_BOMBER
UNIT_STEALTH_BOMBER,37,kv,SoundAttack,SOUND_ATTACK_STEALTH_BOMBER
UNIT_STEALTH_BOMBER,38,kv,SoundWork,SOUND_WORK_STEALTH_BOMBER
UNIT_STEALTH_BOMBER,39,kv,SoundVictory,SOUND_VICTORY_STEALTH_BOMBER
UNIT_STEALTH_BOMBER,40,kv,SoundDeath,SOUND_DEATH_STEALTH_BOMBER
UNIT_STEALTH_BOMBER,41,sublist,CanAttack,Air
UNIT_STEALTH_BOMBER,42,sublist,CanAttack,Land
UNIT_STEALTH_BOMBER,43,sublist,CanAttack,Mountain
UNIT_STEALTH_BOMBER,44,sublist,CanAttack,Sea
UNIT_STEALTH_BOMBER,45,sublist,CanAttack,ShallowWater
UNIT_STEALTH_BOMBER,46,sublist,CanBombard,Land
UNIT_STEALTH_BOMBER,47,sublist,CanBombard,Mountain
UNIT_STEALTH_BOMBER,48,sublist,CanBombard,Water
UNIT_STEALTH_BOMBER,49,sublist,CanCarry,SmallAir
UNIT_STEALTH_BOMBER,50,sublist,CanSee,Standard
UNIT_STEALTH_BOMBER,51,sublist,MovementType,Air
UNIT_STEALTH_BOMBER,52,sublist,Size,Medium
UNIT_STEALTH_BOMBER,53,sublist,VisionClass,Standard
UNIT_STEALTH_BOMBER,54,nested,CargoData,"[{""t"": ""kv"", ""k"": ""MaxCargo"", ""v"": ""2""}, {""t"": ""kv"", ""k"": ""Load"", ""v"": ""SOUND_ID_STEALTH_BOMBER_LOAD""}, {""t"": ""kv"", ""k"": ""Unload"", ""v"": ""SOUND_ID_STEALTH_BOMBER_UNLOAD""}]"
UNIT_STEALTH_FIGHTER,0,kv,Description,DESCRIPTION_UNIT_STEALTH_FIGHTER
UNIT_STEALTH_FIGHTER,1,kv,DefaultIcon,ICON_UNIT_STEALTH_FIGHTER
UNIT_STEALTH_FIGHTER,2,kv,DefaultSprite,SPRITE_STEALTH_FIGHTER
UNIT_STEALTH_FIGHTER,3,kv,Category,UNIT_CATEGORY_AERIAL
UNIT_STEALTH_FIGHTER,4,kv,Attack,90
UNIT_STEALTH_FIGHTER,5,kv,Defense,80
UNIT_STEALTH_FIGHTER,6,kv,ZBRangeAttack,90
UNIT_STEALTH_FIGHTER,7,kv,Firepower,5
UNIT_STEALTH_FIGHTER,8,kv,Armor,3
UNIT_STEALTH_FIGHTER,9,kv,MaxHP,20
UNIT_STEALTH_FIGHTER,10,kv,ShieldCost,3800
UNIT_STEALTH_FIGHTER,11,kv,PowerPoints,30
UNIT_STEALTH_FIGHTER,12,kv,ShieldHunger,43
UNIT_STEALTH_FIGHTER,13,kv,FoodHunger,0
UNIT_STEALTH_FIGHTER,14,kv,MaxMovePoints,1500
UNIT_STEALTH_FIGHTER,15,kv,VisionRange,4
UNIT_STEALTH_FIGHTER,16,kv,EnableAdvance,ADVANCE_ADVANCED_COMPOSITES
UNIT_STEALTH_FIGHTER,17,flag,CanCounterBombard,
UNIT_STEALTH_FIGHTER,18,kv,ActiveDefenseRange,1
UNIT_STEALTH_FIGHTER,19,flag,EnableCarrierDefenses,
UNIT_STEALTH_FIGHTER,20,flag,LossMoveToDmgNone,
UNIT_STEALTH_FIGHTER,21,flag,NoFuelThenCrash,
UNIT_STEALTH_FIGHTER,22,kv,MaxFuel,3000
UNIT_STEALTH_FIGHTER,23,flag,IgnoreZOC,
UNIT_STEALTH_FIGHTER,24,flag,NoZoc,
UNIT_STEALTH_FIGHTER,25,flag,CanBeachAssault,
UNIT_STEALTH_FIGHTER,26,flag,CantCaptureCity,
UNIT_STEALTH_FIGHTER,27,flag,DeathEffectsHappy,
UNIT_STEALTH_FIGHTER,28,flag,Explodes,
UNIT_STEALTH_FIGHTER,29,flag,OnlyBuildOne,
UNIT_STEALTH_FIGHTER,30,kv,SoundSelect1,SOUND_SELECT1_STEALTH_FIGHTER
UNIT_STEALTH_FIGHTER,31,kv,SoundSelect2,SOUND_SELECT2_STEALTH_FIGHTER
UNIT_STEALTH_FIGHTER,32,kv,SoundMove,SOUND_MOVE_STEALTH_FIGHTER
UNIT_STEALTH_FIGHTER,33,kv,SoundAcknowledge,SOUND_ACKNOWLEDGE_STEALTH_FIGHTER
UNIT_STEALTH_FIGHTER,34,kv,SoundCantMove,SOUND_CANTMOVE_STEALTH_FIGHTER
UNIT_STEALTH_FIGHTER,35,kv,SoundAttack,SOUND_ATTACK_STEALTH_FIGHTER
UNIT_STEALTH_FIGHTER,36,kv,SoundWork,SOUND_WORK_STEALTH_FIGHTER
UNIT_STEALTH_FIGHTER,37,kv,SoundVictory,SOUND_VICTORY_STEALTH_FIGHTER
UNIT_STEALTH_FIGHTER,38,kv,SoundDeath,SOUND_DEATH_STEALTH_FIGHTER
UNIT_STEALTH_FIGHTER,39,sublist,CanAttack,Air
UNIT_STEALTH_FIGHTER,40,sublist,CanAttack,Land
UNIT_STEALTH_FIGHTER,41,sublist,CanAttack,Mountain
UNIT_STEALTH_FIGHTER,42,sublist,CanAttack,Sea
UNIT_STEALTH_FIGHTER,43,sublist,CanAttack,ShallowWater
UNIT_STEALTH_FIGHTER,44,sublist,CanSee,Standard
UNIT_STEALTH_FIGHTER,45,sublist,Defend,Air
UNIT_STEALTH_FIGHTER,46,sublist,MovementType,Air
UNIT_STEALTH_FIGHTER,47,sublist,Size,Medium
UNIT_STEALTH_FIGHTER,48,sublist,VisionClass,Standard
UNIT_SUBMARINE,0,kv,Description,DESCRIPTION_UNIT_SUBMARINE
UNIT_SUBMARINE,1,kv,DefaultIcon,ICON_UNIT_SUBMARINE
UNIT_SUBMARINE,2,kv,DefaultSprite,SPRITE_SUBMARINE
UNIT_SUBMARINE,3,kv,Category,UNIT_CATEGORY_UNDERSEA
UNIT_SUBMARINE,4,kv,Attack,40
UNIT_SUBMARINE,5,kv,Defense,30
UNIT_SUBMARINE,6,kv,ZBRangeAttack,40
UNIT_SUBMARINE,7,kv,Firepower,3
UNIT_SUBMARINE,8,kv,Armor,2
UNIT_SUBMARINE,9,kv,MaxHP,10
UNIT_SUBMARINE,10,kv,ShieldCost,1900
UNIT_SUBMARINE,11,kv,PowerPoints,21
UNIT_SUBMARINE,12,kv,ShieldHunger,24
UNIT_SUBMARINE,13,kv,FoodHunger,0
UNIT_SUBMARINE,14,kv,MaxMovePoints,400
UNIT_SUBMARINE,15,kv,VisionRange,2
UNIT_SUBMARINE,16,kv,EnableAdvance,ADVANCE_OIL_REFINING
UNIT_SUBMARINE,17,kv,ObsoleteAdvance,ADVANCE_NUCLEAR_POWER
UNIT_SUBMARINE,18,kv,BombRounds,5
UNIT_SUBMARINE,19,kv,BombardRange,1
UNIT_SUBMARINE,20,flag,CanCounterBombard,
UNIT_SUBMARINE,21,kv,ActiveDefenseRange,0
UNIT_SUBMARINE,22,flag,LossMoveToDmgNone,
UNIT_SUBMARINE,23,kv,MaxFuel,0
UNIT_SUBMARINE,24,flag,IgnoreZOC,
UNIT_SUBMARINE,25,flag,NoZoc,
UNIT_SUBMARINE,26,flag,CanExpel,
UNIT_SUBMARINE,27,flag,CanPillage,
UNIT_SUBMARINE,28,flag,CanPirate,
UNIT_SUBMARINE,29,flag,CantCaptureCity,
UNIT_SUBMARINE,30,flag,DeathEffectsHappy,
UNIT_SUBMARINE,31,flag,IsSubmarine,
UNIT_SUBMARINE,32,flag,IsFlanker,
UNIT_SUBMARINE,33,flag,Explodes,
UNIT_SUBMARINE,34,flag,OnlyBuildOne,
UNIT_SUBMARINE,35,kv,SoundSelect1,SOUND_SELECT1_SUBMARINE
UNIT_SUBMARINE,36,kv,SoundSelect2,SOUND_SELECT2_SUBMARINE
UNIT_SUBMARINE,37,kv,SoundMove,SOUND_MOVE_SUBMARINE
UNIT_SUBMARINE,38,kv,SoundAcknowledge,SOUND_ACKNOWLEDGE_SUBMARINE
UNIT_SUBMARINE,39,kv,SoundCantMove,SOUND_CANTMOVE_SUBMARINE
UNIT_SUBMARINE,40,kv,SoundAttack,SOUND_ATTACK_SUBMARINE
UNIT_SUBMARINE,41,kv,SoundWork,SOUND_WORK_SUBMARINE
UNIT_SUBMARINE,42,kv,SoundVictory,SOUND_VICTORY_SUBMARINE
UNIT_SUBMARINE,43,kv,SoundDeath,SOUND_DEATH_SUBMARINE
UNIT_SUBMARINE,44,sublist,CanAttack,Sea
UNIT_SUBMARINE,45,sublist,CanAttack,Underwater
UNIT_SUBMARINE,46,sublist,CanAttack,ShallowWater
UNIT_SUBMARINE,47,sublist,CanCarry,SmallAir
UNIT_SUBMARINE,48,sublist,CanCarry,SmallLand
UNIT_SUBMARINE,49,sublist,CanBombard,Water
UNIT_SUBMARINE,50,sublist,CanSee,Standard
UNIT_SUBMARINE,51,sublist,CanSee,Underwater
UNIT_SUBMARINE,52,sublist,MovementType,Sea
UNIT_SUBMARINE,53,sublist,MovementType,ShallowWater
UNIT_SUBMARINE,54,sublist,Size,Large
UNIT_SUBMARINE,55,sublist,VisionClass,Underwater
UNIT_SUBMARINE,56,nested,CanReform,"[{""t"": ""kv"", ""k"": ""Sound"", ""v"": ""SOUND_ID_REFORM_CITY""}, {""t"": ""kv"", ""k"": ""Effect"", ""v"": ""SPECEFFECT_REFORMCITY""}]"
UNIT_SUBMARINE,57,nested,CargoData,"[{""t"": ""kv"", ""k"": ""MaxCargo"", ""v"": ""1""}, {""t"": ""kv"", ""k"": ""Load"", ""v"": ""SOUND_ID_SUBMARINE_LOAD""}, {""t"": ""kv"", ""k"": ""Unload"", ""v"": ""SOUND_ID_SUBMARINE_UNLOAD""}]"
UNIT_SUPPLY_TRAIN,0,kv,Description,DESCRIPTION_UNIT_SETTLER
UNIT_SUPPLY_TRAIN,1,kv,DefaultIcon,ICON_UNIT_SUPPLY_TRAIN
UNIT_SUPPLY_TRAIN,2,kv,DefaultSprite,SPRITE_SUPPLY_TRAIN
UNIT_SUPPLY_TRAIN,3,kv,Category,UNIT_CATEGORY_SETTLER
UNIT_SUPPLY_TRAIN,4,kv,Attack,0
UNIT_SUPPLY_TRAIN,5,kv,Defense,10
UNIT_SUPPLY_TRAIN,6,kv,ZBRangeAttack,0
UNIT_SUPPLY_TRAIN,7,kv,Firepower,1
UNIT_SUPPLY_TRAIN,8,kv,Armor,1
UNIT_SUPPLY_TRAIN,9,kv,MaxHP,10
UNIT_SUPPLY_TRAIN,10,kv,ShieldCost,1000
UNIT_SUPPLY_TRAIN,11,kv,PowerPoints,1
UNIT_SUPPLY_TRAIN,12,kv,ShieldHunger,25
UNIT_SUPPLY_TRAIN,13,kv,FoodHunger,0
UNIT_SUPPLY_TRAIN,14,kv,MaxMovePoints,100
UNIT_SUPPLY_TRAIN,15,kv,VisionRange,1
UNIT_SUPPLY_TRAIN,16,kv,EnableAdvance,ADVANCE_PAPER
UNIT_SUPPLY_TRAIN,17,kv,ObsoleteAdvance,ADVANCE_DARK_AGES
UNIT_SUPPLY_TRAIN,18,kv,ActiveDefenseRange,0
UNIT_SUPPLY_TRAIN,19,flag,LossMoveToDmgNone,
UNIT_SUPPLY_TRAIN,20,kv,MaxFuel,0
UNIT_SUPPLY_TRAIN,21,flag,CanEntrench,
UNIT_SUPPLY_TRAIN,22,flag,NoZoc,
UNIT_SUPPLY_TRAIN,23,kv,SettleCityType,UNIT_CITY
UNIT_SUPPLY_TRAIN,24,kv,SettleSize,1
UNIT_SUPPLY_TRAIN,25,flag,CanBeExpelled,
UNIT_SUPPLY_TRAIN,26,flag,CantCaptureCity,
UNIT_SUPPLY_TRAIN,27,flag,DeathEffectsHappy,
UNIT_SUPPLY_TRAIN,28,flag,BuildingRemovesAPop,
UNIT_SUPPLY_TRAIN,29,flag,IsSpecialForces,
UNIT_SUPPLY_TRAIN,30,flag,Civilian,
UNIT_SUPPLY_TRAIN,31,flag,OnlyBuildOne,
UNIT_SUPPLY_TRAIN,32,kv,SoundSelect1,SOUND_SELECT1_SETTLER
UNIT_SUPPLY_TRAIN,33,kv,SoundSelect2,SOUND_SELECT2_SETTLER
UNIT_SUPPLY_TRAIN,34,kv,SoundMove,SOUND_MOVE_SETTLER
UNIT_SUPPLY_TRAIN,35,kv,SoundAcknowledge,SOUND_ACKNOWLEDGE_SETTLER
UNIT_SUPPLY_TRAIN,36,kv,SoundCantMove,SOUND_CANTMOVE_SETTLER
UNIT_SUPPLY_TRAIN,37,kv,SoundAttack,SOUND_ATTACK_SETTLER
UNIT_SUPPLY_TRAIN,38,kv,SoundWork,SOUND_WORK_SETTLER
UNIT_SUPPLY_TRAIN,39,kv,SoundVictory,SOUND_VICTORY_SETTLER
UNIT_SUPPLY_TRAIN,40,kv,SoundDeath,SOUND_DEATH_SETTLER
UNIT_SUPPLY_TRAIN,41,sublist,CanSee,Standard
UNIT_SUPPLY_TRAIN,42,sublist,MovementType,Land
UNIT_SUPPLY_TRAIN,43,sublist,MovementType,Mountain
UNIT_SUPPLY_TRAIN,44,sublist,Settle,Land
UNIT_SUPPLY_TRAIN,45,sublist,Settle,Mountain
UNIT_SUPPLY_TRAIN,46,sublist,Size,Small
UNIT_SUPPLY_TRAIN,47,sublist,VisionClass,Standard
UNIT_SUPPLY_COLUMN,0,kv,Description,DESCRIPTION_UNIT_SETTLER
UNIT_SUPPLY_COLUMN,1,kv,DefaultIcon,ICON_UNIT_SUPPLY_COLUMN
UNIT_SUPPLY_COLUMN,2,kv,DefaultSprite,SPRITE_SUPPLY_COLUMN
UNIT_SUPPLY_COLUMN,3,kv,Category,UNIT_CATEGORY_SETTLER
UNIT_SUPPLY_COLUMN,4,kv,Attack,0
UNIT_SUPPLY_COLUMN,5,kv,Defense,30
UNIT_SUPPLY_COLUMN,6,kv,ZBRangeAttack,0
UNIT_SUPPLY_COLUMN,7,kv,Firepower,1
UNIT_SUPPLY_COLUMN,8,kv,Armor,1
UNIT_SUPPLY_COLUMN,9,kv,MaxHP,10
UNIT_SUPPLY_COLUMN,10,kv,ShieldCost,3000
UNIT_SUPPLY_COLUMN,11,kv,PowerPoints,1
UNIT_SUPPLY_COLUMN,12,kv,ShieldHunger,50
UNIT_SUPPLY_COLUMN,13,kv,FoodHunger,0
UNIT_SUPPLY_COLUMN,14,kv,MaxMovePoints,300
UNIT_SUPPLY_COLUMN,15,kv,VisionRange,1
UNIT_SUPPLY_COLUMN,16,kv,EnableAdvance,ADVANCE_MASS_PRODUCTION
UNIT_SUPPLY_COLUMN,17,kv,ActiveDefenseRange,0
UNIT_SUPPLY_COLUMN,18,flag,LossMoveToDmgNone,
UNIT_SUPPLY_COLUMN,19,kv,MaxFuel,0
UNIT_SUPPLY_COLUMN,20,flag,CanEntrench,
UNIT_SUPPLY_COLUMN,21,flag,NoZoc,
UNIT_SUPPLY_COLUMN,22,kv,SettleCityType,UNIT_CITY
UNIT_SUPPLY_COLUMN,23,kv,SettleSize,1
UNIT_SUPPLY_COLUMN,24,flag,CanBeExpelled,
UNIT_SUPPLY_COLUMN,25,flag,CantCaptureCity,
UNIT_SUPPLY_COLUMN,26,flag,DeathEffectsHappy,
UNIT_SUPPLY_COLUMN,27,flag,BuildingRemovesAPop,
UNIT_SUPPLY_COLUMN,28,flag,IsSpecialForces,
UNIT_SUPPLY_COLUMN,29,flag,Civilian,
UNIT_SUPPLY_COLUMN,30,flag,OnlyBuildOne,
UNIT_SUPPLY_COLUMN,31,kv,SoundSelect1,SOUND_SELECT1_TANK
UNIT_SUPPLY_COLUMN,32,kv,SoundSelect2,SOUND_SELECT2_TANK
UNIT_SUPPLY_COLUMN,33,kv,SoundMove,SOUND_MOVE_TANK
UNIT_SUPPLY_COLUMN,34,kv,SoundAcknowledge,SOUND_ACKNOWLEDGE_TANK
UNIT_SUPPLY_COLUMN,35,kv,SoundCantMove,SOUND_CANTMOVE_TANK
UNIT_SUPPLY_COLUMN,36,kv,SoundAttack,SOUND_ATTACK_TANK
UNIT_SUPPLY_COLUMN,37,kv,SoundWork,SOUND_WORK_TANK
UNIT_SUPPLY_COLUMN,38,kv,SoundVictory,SOUND_VICTORY_TANK
UNIT_SUPPLY_COLUMN,39,kv,SoundDeath,SOUND_DEATH_TANK
UNIT_SUPPLY_COLUMN,40,sublist,CanSee,Standard
UNIT_SUPPLY_COLUMN,41,sublist,MovementType,Land
UNIT_SUPPLY_COLUMN,42,sublist,MovementType,Mountain
UNIT_SUPPLY_COLUMN,43,sublist,Settle,Land
UNIT_SUPPLY_COLUMN,44,sublist,Settle,Mountain
UNIT_SUPPLY_COLUMN,45,sublist,Size,Small
UNIT_SUPPLY_COLUMN,46,sublist,VisionClass,Standard
UNIT_SWORDSMAN,0,flag,CantBuild,
UNIT_SWORDSMAN,1,flag,GLHidden,
UNIT_SWORDSMAN,2,kv,Description,DESCRIPTION_UNIT_SWORDSMAN
UNIT_SWORDSMAN,3,kv,DefaultIcon,ICON_UNIT_SWORDSMAN
UNIT_SWORDSMAN,4,kv,DefaultSprite,SPRITE_SWORDSMAN
UNIT_SWORDSMAN,5,kv,Category,UNIT_CATEGORY_ATTACK
UNIT_SWORDSMAN,6,kv,Attack,20
UNIT_SWORDSMAN,7,kv,Defense,10
UNIT_SWORDSMAN,8,kv,ZBRangeAttack,0
UNIT_SWORDSMAN,9,kv,Firepower,2
UNIT_SWORDSMAN,10,kv,Armor,1
UNIT_SWORDSMAN,11,kv,MaxHP,10
UNIT_SWORDSMAN,12,kv,ShieldCost,1200
UNIT_SWORDSMAN,13,kv,PowerPoints,70
UNIT_SWORDSMAN,14,kv,ShieldHunger,46
UNIT_SWORDSMAN,15,kv,FoodHunger,0
UNIT_SWORDSMAN,16,kv,MaxMovePoints,200
UNIT_SWORDSMAN,17,kv,VisionRange,1
UNIT_SWORDSMAN,18,kv,EnableAdvance,ADVANCE_HEXTAPUL
UNIT_SWORDSMAN,19,kv,ActiveDefenseRange,0
UNIT_SWORDSMAN,20,flag,LossMoveToDmgNone,
UNIT_SWORDSMAN,21,kv,MaxFuel,0
UNIT_SWORDSMAN,22,flag,CanEntrench,
UNIT_SWORDSMAN,23,flag,CanExpel,
UNIT_SWORDSMAN,24,flag,CanPillage,
UNIT_SWORDSMAN,25,flag,CanPirate,
UNIT_SWORDSMAN,26,flag,ExertsMartialLaw,
UNIT_SWORDSMAN,27,flag,DeathEffectsHappy,
UNIT_SWORDSMAN,28,flag,IsSpecialForces,
UNIT_SWORDSMAN,29,flag,OnlyBuildOne,
UNIT_SWORDSMAN,30,kv,SoundSelect1,SOUND_SELECT1_SAMURAI
UNIT_SWORDSMAN,31,kv,SoundSelect2,SOUND_SELECT2_SAMURAI
UNIT_SWORDSMAN,32,kv,SoundMove,SOUND_MOVE_SAMURAI
UNIT_SWORDSMAN,33,kv,SoundAcknowledge,SOUND_ACKNOWLEDGE_SAMURAI
UNIT_SWORDSMAN,34,kv,SoundCantMove,SOUND_CANTMOVE_SAMURAI
UNIT_SWORDSMAN,35,kv,SoundAttack,SOUND_ATTACK_SAMURAI
UNIT_SWORDSMAN,36,kv,SoundWork,SOUND_WORK_SAMURAI
UNIT_SWORDSMAN,37,kv,SoundVictory,SOUND_VICTORY_SAMURAI
UNIT_SWORDSMAN,38,kv,SoundDeath,SOUND_DEATH_SAMURAI
UNIT_SWORDSMAN,39,sublist,CanAttack,Land
UNIT_SWORDSMAN,40,sublist,CanAttack,Mountain
UNIT_SWORDSMAN,41,sublist,CanSee,Standard
UNIT_SWORDSMAN,42,sublist,MovementType,Land
UNIT_SWORDSMAN,43,sublist,MovementType,Mountain
UNIT_SWORDSMAN,44,sublist,Size,Medium
UNIT_SWORDSMAN,45,sublist,VisionClass,Standard
UNIT_SWORDSMAN,46,nested,CanReform,"[{""t"": ""kv"", ""k"": ""Sound"", ""v"": ""SOUND_ID_REFORM_CITY""}, {""t"": ""kv"", ""k"": ""Effect"", ""v"": ""SPECEFFECT_REFORMCITY""}]"
UNIT_TANK,0,kv,Description,DESCRIPTION_UNIT_TANK
UNIT_TANK,1,kv,DefaultIcon,ICON_UNIT_TANK
UNIT_TANK,2,kv,DefaultSprite,SPRITE_TANK
UNIT_TANK,3,kv,Category,UNIT_CATEGORY_FLANKER
UNIT_TANK,4,kv,Attack,65
UNIT_TANK,5,kv,Defense,50
UNIT_TANK,6,kv,ZBRangeAttack,50
UNIT_TANK,7,kv,Firepower,3
UNIT_TANK,8,kv,Armor,2
UNIT_TANK,9,kv,MaxHP,20
UNIT_TANK,10,kv,ShieldCost,2800
UNIT_TANK,11,kv,PowerPoints,60
UNIT_TANK,12,kv,ShieldHunger,32
UNIT_TANK,13,kv,FoodHunger,0
UNIT_TANK,14,kv,MaxMovePoints,400
UNIT_TANK,15,kv,VisionRange,2
UNIT_TANK,16,kv,EnableAdvance,ADVANCE_MOBILE_WARFARE
UNIT_TANK,17,kv,ObsoleteAdvance,ADVANCE_TANK_WARFARE
UNIT_TANK,18,kv,ActiveDefenseRange,0
UNIT_TANK,19,flag,LossMoveToDmgNone,
UNIT_TANK,20,kv,MaxFuel,0
UNIT_TANK,21,flag,CanEntrench,
UNIT_TANK,22,flag,CanExpel,
UNIT_TANK,23,flag,CanPillage,
UNIT_TANK,24,flag,CanPirate,
UNIT_TANK,25,flag,ExertsMartialLaw,
UNIT_TANK,26,flag,DeathEffectsHappy,
UNIT_TANK,27,flag,IsFlanker,
UNIT_TANK,28,flag,IsMounted,
UNIT_TANK,29,flag,Explodes,
UNIT_TANK,30,flag,OnlyBuildOne,
UNIT_TANK,31,kv,SoundSelect1,SOUND_SELECT1_TANK
UNIT_TANK,32,kv,SoundSelect2,SOUND_SELECT2_TANK
UNIT_TANK,33,kv,SoundMove,SOUND_MOVE_TANK
UNIT_TANK,34,kv,SoundAcknowledge,SOUND_ACKNOWLEDGE_TANK
UNIT_TANK,35,kv,SoundCantMove,SOUND_CANTMOVE_TANK
UNIT_TANK,36,kv,SoundAttack,SOUND_ATTACK_TANK
UNIT_TANK,37,kv,SoundWork,SOUND_WORK_TANK
UNIT_TANK,38,kv,SoundVictory,SOUND_VICTORY_TANK
UNIT_TANK,39,kv,SoundDeath,SOUND_DEATH_TANK
UNIT_TANK,40,sublist,CanAttack,Land
UNIT_TANK,41,sublist,CanSee,Standard
UNIT_TANK,42,sublist,MovementType,Land
UNIT_TANK,43,sublist,Size,Medium
UNIT_TANK,44,sublist,VisionClass,Standard
UNIT_TANK,45,nested,CanReform,"[{""t"": ""kv"", ""k"": ""Sound"", ""v"": ""SOUND_ID_REFORM_CITY""}, {""t"": ""kv"", ""k"": ""Effect"", ""v"": ""SPECEFFECT_REFORMCITY""}]"
UNIT_TELEVANGELIST,0,kv,Description,DESCRIPTION_UNIT_TELEVANGELIST
UNIT_TELEVANGELIST,1,kv,DefaultIcon,ICON_UNIT_TELEVANGELIST
UNIT_TELEVANGELIST,2,kv,DefaultSprite,SPRITE_TELEVANGELIST
UNIT_TELEVANGELIST,3,kv,Category,UNIT_CATEGORY_SPECIAL
UNIT_TELEVANGELIST,4,kv,Attack,0
UNIT_TELEVANGELIST,5,kv,Defense,10
UNIT_TELEVANGELIST,6,kv,ZBRangeAttack,0
UNIT_TELEVANGELIST,7,kv,Firepower,1
UNIT_TELEVANGELIST,8,kv,Armor,1
UNIT_TELEVANGELIST,9,kv,MaxHP,10
UNIT_TELEVANGELIST,10,kv,ShieldCost,1800
UNIT_TELEVANGELIST,11,kv,PowerPoints,3
UNIT_TELEVANGELIST,12,kv,ShieldHunger,25
UNIT_TELEVANGELIST,13,kv,FoodHunger,0
UNIT_TELEVANGELIST,14,kv,MaxMovePoints,400
UNIT_TELEVANGELIST,15,kv,VisionRange,2
UNIT_TELEVANGELIST,16,kv,EnableAdvance,ADVANCE_MASS_MEDIA
UNIT_TELEVANGELIST,17,kv,GovernmentType,GOVERNMENT_DEMOCRACY
UNIT_TELEVANGELIST,18,kv,ActiveDefenseRange,0
UNIT_TELEVANGELIST,19,flag,LossMoveToDmgNone,
UNIT_TELEVANGELIST,20,kv,MaxFuel,0
UNIT_TELEVANGELIST,21,flag,CanEntrench,
UNIT_TELEVANGELIST,22,flag,IgnoreZOC,
UNIT_TELEVANGELIST,23,flag,NoZoc,
UNIT_TELEVANGELIST,24,flag,CanBeExpelled,
UNIT_TELEVANGELIST,25,flag,CanBeSued,
UNIT_TELEVANGELIST,26,flag,CantCaptureCity,
UNIT_TELEVANGELIST,27,flag,DeathEffectsHappy,
UNIT_TELEVANGELIST,28,flag,IsSpecialForces,
UNIT_TELEVANGELIST,29,flag,IsTelevangelist,
UNIT_TELEVANGELIST,30,flag,Civilian,
UNIT_TELEVANGELIST,31,flag,OnlyBuildOne,
UNIT_TELEVANGELIST,32,kv,SoundSelect1,SOUND_SELECT1_TELEVANGELIST
UNIT_TELEVANGELIST,33,kv,SoundSelect2,SOUND_SELECT2_TELEVANGELIST
UNIT_TELEVANGELIST,34,kv,SoundMove,SOUND_MOVE_TELEVANGELIST
UNIT_TELEVANGELIST,35,kv,SoundAcknowledge,SOUND_ACKNOWLEDGE_TELEVANGELIST
UNIT_TELEVANGELIST,36,kv,SoundCantMove,SOUND_CANTMOVE_TELEVANGELIST
UNIT_TELEVANGELIST,37,kv,SoundAttack,SOUND_ATTACK_TELEVANGELIST
UNIT_TELEVANGELIST,38,kv,SoundWork,SOUND_WORK_TELEVANGELIST
UNIT_TELEVANGELIST,39,kv,SoundVictory,SOUND_VICTORY_TELEVANGELIST
UNIT_TELEVANGELIST,40,kv,SoundDeath,SOUND_DEATH_TELEVANGELIST
UNIT_TELEVANGELIST,41,sublist,CanSee,Standard
UNIT_TELEVANGELIST,42,sublist,CanSee,Stealth
UNIT_TELEVANGELIST,43,sublist,MovementType,Land
UNIT_TELEVANGELIST,44,sublist,MovementType,Mountain
UNIT_TELEVANGELIST,45,sublist,Size,Small
UNIT_TELEVANGELIST,46,sublist,VisionClass,Stealth
UNIT_TELEVANGELIST,47,nested,CanSoothsay,"[{""t"": ""kv"", ""k"": ""Sound"", ""v"": ""SOUND_ID_CAN_SOOTHSAY_TV""}, {""t"": ""kv"", ""k"": ""Effect"", ""v"": ""SPECEFFECT_CAN_SOOTHSAY""}]"
UNIT_TELEVANGELIST,48,nested,CauseUnhappiness,"[{""t"": ""kv"", ""k"": ""Chance"", ""v"": ""1""}, {""t"": ""kv"", ""k"": ""Timer"", ""v"": ""1""}, {""t"": ""kv"", ""k"": ""Amount"", ""v"": ""3""}, {""t"": ""kv"", ""k"": ""Sound"", ""v"": ""SOUND_ID_CAN_SOOTHSAY_TV""}, {""t"": ""kv"", ""k"": ""Effect"", ""v"": ""SPECEFFECT_CAN_SOOTHSAY""}]"
UNIT_TELEVANGELIST,49,nested,ConvertCities,"[{""t"": ""kv"", ""k"": ""Chance"", ""v"": ""0.75""}, {""t"": ""kv"", ""k"": ""DeathChance"", ""v"": ""0.25""}, {""t"": ""kv"", ""k"": ""Sound"", ""v"": ""SOUND_ID_CONVERT_CITIES_TV""}, {""t"": ""kv"", ""k"": ""Effect"", ""v"": ""SPECEFFECT_CONVERT_CITIES""}]"
UNIT_TELEVANGELIST,50,nested,IndulgenceSales,"[{""t"": ""kv"", ""k"": ""Sound"", ""v"": ""SOUND_ID_INDULGENCE_SALES_TV""}, {""t"": ""kv"", ""k"": ""Effect"", ""v"": ""SPECEFFECT_INDULGENCE_SALES""}]"
UNIT_TEUTONIC_KNIGHT,0,kv,Description,DESCRIPTION_UNIT_KNIGHT
UNIT_TEUTONIC_KNIGHT,1,kv,DefaultIcon,ICON_UNIT_TEUTONIC_KNIGHT
UNIT_TEUTONIC_KNIGHT,2,kv,DefaultSprite,SPRITE_TEUTONIC_KNIGHT
UNIT_TEUTONIC_KNIGHT,3,kv,Category,UNIT_CATEGORY_FLANKER
UNIT_TEUTONIC_KNIGHT,4,kv,Attack,45
UNIT_TEUTONIC_KNIGHT,5,kv,Defense,30
UNIT_TEUTONIC_KNIGHT,6,kv,ZBRangeAttack,15
UNIT_TEUTONIC_KNIGHT,7,kv,Firepower,2
UNIT_TEUTONIC_KNIGHT,8,kv,Armor,1
UNIT_TEUTONIC_KNIGHT,9,kv,MaxHP,17
UNIT_TEUTONIC_KNIGHT,10,kv,ShieldCost,1100
UNIT_TEUTONIC_KNIGHT,11,kv,PowerPoints,65
UNIT_TEUTONIC_KNIGHT,12,kv,ShieldHunger,13
UNIT_TEUTONIC_KNIGHT,13,kv,FoodHunger,0
UNIT_TEUTONIC_KNIGHT,14,kv,MaxMovePoints,300
UNIT_TEUTONIC_KNIGHT,15,kv,VisionRange,2
UNIT_TEUTONIC_KNIGHT,16,kv,EnableAdvance,ADVANCE_THEOCRACY
UNIT_TEUTONIC_KNIGHT,17,kv,GovernmentType,GOVERNMENT_THEOCRACY
UNIT_TEUTONIC_KNIGHT,18,kv,ActiveDefenseRange,0
UNIT_TEUTONIC_KNIGHT,19,flag,LossMoveToDmgNone,
UNIT_TEUTONIC_KNIGHT,20,kv,MaxFuel,0
UNIT_TEUTONIC_KNIGHT,21,flag,CanEntrench,
UNIT_TEUTONIC_KNIGHT,22,flag,CanExpel,
UNIT_TEUTONIC_KNIGHT,23,flag,CanPillage,
UNIT_TEUTONIC_KNIGHT,24,flag,CanPirate,
UNIT_TEUTONIC_KNIGHT,25,flag,ExertsMartialLaw,
UNIT_TEUTONIC_KNIGHT,26,flag,DeathEffectsHappy,
UNIT_TEUTONIC_KNIGHT,27,flag,IsFlanker,
UNIT_TEUTONIC_KNIGHT,28,flag,IsSpecialForces,
UNIT_TEUTONIC_KNIGHT,29,flag,OnlyBuildOne,
UNIT_TEUTONIC_KNIGHT,30,kv,SoundSelect1,SOUND_SELECT1_KNIGHT
UNIT_TEUTONIC_KNIGHT,31,kv,SoundSelect2,SOUND_SELECT2_KNIGHT
UNIT_TEUTONIC_KNIGHT,32,kv,SoundMove,SOUND_MOVE_KNIGHT
UNIT_TEUTONIC_KNIGHT,33,kv,SoundAcknowledge,SOUND_ACKNOWLEDGE_KNIGHT
UNIT_TEUTONIC_KNIGHT,34,kv,SoundCantMove,SOUND_CANTMOVE_KNIGHT
UNIT_TEUTONIC_KNIGHT,35,kv,SoundAttack,SOUND_ATTACK_KNIGHT
UNIT_TEUTONIC_KNIGHT,36,kv,SoundWork,SOUND_WORK_KNIGHT
UNIT_TEUTONIC_KNIGHT,37,kv,SoundVictory,SOUND_VICTORY_KNIGHT
UNIT_TEUTONIC_KNIGHT,38,kv,SoundDeath,SOUND_DEATH_KNIGHT
UNIT_TEUTONIC_KNIGHT,39,sublist,CanAttack,Land
UNIT_TEUTONIC_KNIGHT,40,sublist,CanSee,Standard
UNIT_TEUTONIC_KNIGHT,41,sublist,MovementType,Land
UNIT_TEUTONIC_KNIGHT,42,sublist,Size,Medium
UNIT_TEUTONIC_KNIGHT,43,sublist,VisionClass,Standard
UNIT_TEUTONIC_KNIGHT,44,nested,CanReform,"[{""t"": ""kv"", ""k"": ""Sound"", ""v"": ""SOUND_ID_REFORM_CITY""}, {""t"": ""kv"", ""k"": ""Effect"", ""v"": ""SPECEFFECT_REFORMCITY""}]"
UNIT_TREBUCHET,0,kv,Description,DESCRIPTION_UNIT_CATAPULT
UNIT_TREBUCHET,1,kv,DefaultIcon,ICON_UNIT_TREBUCHET
UNIT_TREBUCHET,2,kv,DefaultSprite,SPRITE_TREBUCHET
UNIT_TREBUCHET,3,kv,Category,UNIT_CATEGORY_RANGED
UNIT_TREBUCHET,4,kv,Attack,10
UNIT_TREBUCHET,5,kv,Defense,15
UNIT_TREBUCHET,6,kv,ZBRangeAttack,45
UNIT_TREBUCHET,7,kv,Firepower,2
UNIT_TREBUCHET,8,kv,Armor,1
UNIT_TREBUCHET,9,kv,MaxHP,11
UNIT_TREBUCHET,10,kv,ShieldCost,1100
UNIT_TREBUCHET,11,kv,PowerPoints,51
UNIT_TREBUCHET,12,kv,ShieldHunger,13
UNIT_TREBUCHET,13,kv,FoodHunger,0
UNIT_TREBUCHET,14,kv,MaxMovePoints,100
UNIT_TREBUCHET,15,kv,VisionRange,1
UNIT_TREBUCHET,16,kv,EnableAdvance,ADVANCE_GREEK_FIRE
UNIT_TREBUCHET,17,kv,ObsoleteAdvance,ADVANCE_CANNON_MAKING
UNIT_TREBUCHET,18,kv,BombRounds,5
UNIT_TREBUCHET,19,kv,BombardRange,1
UNIT_TREBUCHET,20,flag,CanCounterBombard,
UNIT_TREBUCHET,21,kv,ActiveDefenseRange,0
UNIT_TREBUCHET,22,flag,LossMoveToDmgNone,
UNIT_TREBUCHET,23,kv,MaxFuel,0
UNIT_TREBUCHET,24,flag,CanEntrench,
UNIT_TREBUCHET,25,flag,CanExpel,
UNIT_TREBUCHET,26,flag,CanPillage,
UNIT_TREBUCHET,27,flag,CanPirate,
UNIT_TREBUCHET,28,flag,ExertsMartialLaw,
UNIT_TREBUCHET,29,flag,DeathEffectsHappy,
UNIT_TREBUCHET,30,flag,OnlyBuildOne,
UNIT_TREBUCHET,31,kv,SoundSelect1,SOUND_SELECT1_CATAPULT
UNIT_TREBUCHET,32,kv,SoundSelect2,SOUND_SELECT2_CATAPULT
UNIT_TREBUCHET,33,kv,SoundMove,SOUND_MOVE_CATAPULT
UNIT_TREBUCHET,34,kv,SoundAcknowledge,SOUND_ACKNOWLEDGE_CATAPULT
UNIT_TREBUCHET,35,kv,SoundCantMove,SOUND_CANTMOVE_CATAPULT
UNIT_TREBUCHET,36,kv,SoundAttack,SOUND_ATTACK_CATAPULT
UNIT_TREBUCHET,37,kv,SoundWork,SOUND_WORK_CATAPULT
UNIT_TREBUCHET,38,kv,SoundVictory,SOUND_VICTORY_CATAPULT
UNIT_TREBUCHET,39,kv,SoundDeath,SOUND_DEATH_CATAPULT
UNIT_TREBUCHET,40,sublist,CanAttack,Land
UNIT_TREBUCHET,41,sublist,CanBombard,Land
UNIT_TREBUCHET,42,sublist,CanBombard,Mountain
UNIT_TREBUCHET,43,sublist,CanBombard,Water
UNIT_TREBUCHET,44,sublist,CanSee,Standard
UNIT_TREBUCHET,45,sublist,MovementType,Land
UNIT_TREBUCHET,46,sublist,Size,Medium
UNIT_TREBUCHET,47,sublist,VisionClass,Standard
UNIT_TREBUCHET,48,nested,CanReform,"[{""t"": ""kv"", ""k"": ""Sound"", ""v"": ""SOUND_ID_REFORM_CITY""}, {""t"": ""kv"", ""k"": ""Effect"", ""v"": ""SPECEFFECT_REFORMCITY""}]"
UNIT_TRIREME,0,kv,Description,DESCRIPTION_UNIT_FIRE_TRIREME
UNIT_TRIREME,1,kv,DefaultIcon,ICON_UNIT_TRIREME
UNIT_TRIREME,2,kv,DefaultSprite,SPRITE_TRIREME
UNIT_TRIREME,3,kv,Category,UNIT_CATEGORY_NAVAL
UNIT_TRIREME,4,kv,Attack,20
UNIT_TRIREME,5,kv,Defense,10
UNIT_TRIREME,6,kv,ZBRangeAttack,15
UNIT_TRIREME,7,kv,Firepower,1
UNIT_TRIREME,8,kv,Armor,1
UNIT_TRIREME,9,kv,MaxHP,13
UNIT_TRIREME,10,kv,ShieldCost,420
UNIT_TRIREME,11,kv,PowerPoints,11
UNIT_TRIREME,12,kv,ShieldHunger,5
UNIT_TRIREME,13,kv,FoodHunger,0
UNIT_TRIREME,14,kv,MaxMovePoints,300
UNIT_TRIREME,15,kv,VisionRange,1
UNIT_TRIREME,16,kv,EnableAdvance,ADVANCE_ALCHEMY
UNIT_TRIREME,17,kv,ObsoleteAdvance,ADVANCE_COMPASS
UNIT_TRIREME,18,kv,BombRounds,2
UNIT_TRIREME,19,kv,BombardRange,1
UNIT_TRIREME,20,flag,CanCounterBombard,
UNIT_TRIREME,21,kv,ActiveDefenseRange,0
UNIT_TRIREME,22,flag,LossMoveToDmgNone,
UNIT_TRIREME,23,kv,MaxFuel,0
UNIT_TRIREME,24,flag,CanExpel,
UNIT_TRIREME,25,flag,CanPillage,
UNIT_TRIREME,26,flag,CanPirate,
UNIT_TRIREME,27,flag,CantCaptureCity,
UNIT_TRIREME,28,flag,ExertsMartialLaw,
UNIT_TRIREME,29,flag,DeathEffectsHappy,
UNIT_TRIREME,30,flag,IsFlanker,
UNIT_TRIREME,31,flag,WoodenShip,
UNIT_TRIREME,32,flag,OnlyBuildOne,
UNIT_TRIREME,33,kv,SoundSelect1,SOUND_SELECT1_GREEK_FIRE_TRIREME
UNIT_TRIREME,34,kv,SoundSelect2,SOUND_SELECT2_GREEK_FIRE_TRIREME
UNIT_TRIREME,35,kv,SoundMove,SOUND_MOVE_GREEK_FIRE_TRIREME
UNIT_TRIREME,36,kv,SoundAcknowledge,SOUND_ACKNOWLEDGE_GREEK_FIRE_TRIREME
UNIT_TRIREME,37,kv,SoundCantMove,SOUND_CANTMOVE_GREEK_FIRE_TRIREME
UNIT_TRIREME,38,kv,SoundAttack,SOUND_ATTACK_GREEK_FIRE_TRIREME
UNIT_TRIREME,39,kv,SoundWork,SOUND_WORK_GREEK_FIRE_TRIREME
UNIT_TRIREME,40,kv,SoundVictory,SOUND_VICTORY_GREEK_FIRE_TRIREME
UNIT_TRIREME,41,kv,SoundDeath,SOUND_DEATH_GREEK_FIRE_TRIREME
UNIT_TRIREME,42,sublist,CanCarry,SmallLand
UNIT_TRIREME,43,sublist,CanCarry,MedLand
UNIT_TRIREME,44,sublist,CanAttack,Sea
UNIT_TRIREME,45,sublist,CanAttack,ShallowWater
UNIT_TRIREME,46,sublist,CanBombard,Water
UNIT_TRIREME,47,sublist,CanSee,Standard
UNIT_TRIREME,48,sublist,MovementType,ShallowWater
UNIT_TRIREME,49,sublist,Size,Large
UNIT_TRIREME,50,sublist,VisionClass,Standard
UNIT_TRIREME,51,nested,CanReform,"[{""t"": ""kv"", ""k"": ""Sound"", ""v"": ""SOUND_ID_REFORM_CITY""}, {""t"": ""kv"", ""k"": ""Effect"", ""v"": ""SPECEFFECT_REFORMCITY""}]"
UNIT_TRIREME,52,nested,CargoData,"[{""t"": ""kv"", ""k"": ""MaxCargo"", ""v"": ""2""}, {""t"": ""kv"", ""k"": ""Load"", ""v"": ""SOUND_ID_TRIREME_LOAD""}, {""t"": ""kv"", ""k"": ""Unload"", ""v"": ""SOUND_ID_TRIREME_UNLOAD""}]"
UNIT_TROOP_SHIP,0,kv,Description,DESCRIPTION_UNIT_TROOP_SHIP
UNIT_TROOP_SHIP,1,kv,DefaultIcon,ICON_UNIT_TROOP_SHIP
UNIT_TROOP_SHIP,2,kv,DefaultSprite,SPRITE_TROOP_SHIP
UNIT_TROOP_SHIP,3,kv,Category,UNIT_CATEGORY_NAVAL
UNIT_TROOP_SHIP,4,kv,Attack,0
UNIT_TROOP_SHIP,5,kv,Defense,10
UNIT_TROOP_SHIP,6,kv,ZBRangeAttack,0
UNIT_TROOP_SHIP,7,kv,Firepower,1
UNIT_TROOP_SHIP,8,kv,Armor,1
UNIT_TROOP_SHIP,9,kv,MaxHP,20
UNIT_TROOP_SHIP,10,kv,ShieldCost,1700
UNIT_TROOP_SHIP,11,kv,PowerPoints,10
UNIT_TROOP_SHIP,12,kv,ShieldHunger,20
UNIT_TROOP_SHIP,13,kv,FoodHunger,0
UNIT_TROOP_SHIP,14,kv,MaxMovePoints,500
UNIT_TROOP_SHIP,15,kv,VisionRange,2
UNIT_TROOP_SHIP,16,kv,EnableAdvance,ADVANCE_INTERNAL_COMBUSTION
UNIT_TROOP_SHIP,17,kv,ActiveDefenseRange,0
UNIT_TROOP_SHIP,18,flag,LossMoveToDmgNone,
UNIT_TROOP_SHIP,19,kv,MaxFuel,0
UNIT_TROOP_SHIP,20,flag,NoZoc,
UNIT_TROOP_SHIP,21,flag,CantCaptureCity,
UNIT_TROOP_SHIP,22,flag,DeathEffectsHappy,
UNIT_TROOP_SHIP,23,flag,Explodes,
UNIT_TROOP_SHIP,24,flag,OnlyBuildOne,
UNIT_TROOP_SHIP,25,kv,SoundSelect1,SOUND_SELECT1_TROOP_SHIP
UNIT_TROOP_SHIP,26,kv,SoundSelect2,SOUND_SELECT2_TROOP_SHIP
UNIT_TROOP_SHIP,27,kv,SoundMove,SOUND_MOVE_TROOP_SHIP
UNIT_TROOP_SHIP,28,kv,SoundAcknowledge,SOUND_ACKNOWLEDGE_TROOP_SHIP
UNIT_TROOP_SHIP,29,kv,SoundCantMove,SOUND_CANTMOVE_TROOP_SHIP
UNIT_TROOP_SHIP,30,kv,SoundAttack,SOUND_ATTACK_TROOP_SHIP
UNIT_TROOP_SHIP,31,kv,SoundWork,SOUND_WORK_TROOP_SHIP
UNIT_TROOP_SHIP,32,kv,SoundVictory,SOUND_VICTORY_TROOP_SHIP
UNIT_TROOP_SHIP,33,kv,SoundDeath,SOUND_DEATH_TROOP_SHIP
UNIT_TROOP_SHIP,34,sublist,CanCarry,SmallLand
UNIT_TROOP_SHIP,35,sublist,CanCarry,MedLand
UNIT_TROOP_SHIP,36,sublist,CanSee,Standard
UNIT_TROOP_SHIP,37,sublist,MovementType,Sea
UNIT_TROOP_SHIP,38,sublist,MovementType,ShallowWater
UNIT_TROOP_SHIP,39,sublist,Size,Large
UNIT_TROOP_SHIP,40,sublist,VisionClass,Standard
UNIT_TROOP_SHIP,41,nested,CargoData,"[{""t"": ""kv"", ""k"": ""MaxCargo"", ""v"": ""5""}, {""t"": ""kv"", ""k"": ""Load"", ""v"": ""SOUND_ID_TROOP_SHIP_LOAD""}, {""t"": ""kv"", ""k"": ""Unload"", ""v"": ""SOUND_ID_TROOP_SHIP_UNLOAD""}]"
UNIT_URBAN_PLANNER,0,kv,Description,DESCRIPTION_UNIT_URBAN_PLANNER
UNIT_URBAN_PLANNER,1,kv,DefaultIcon,ICON_UNIT_URBAN_PLANNER
UNIT_URBAN_PLANNER,2,kv,DefaultSprite,SPRITE_URBAN_PLANNER
UNIT_URBAN_PLANNER,3,kv,Category,UNIT_CATEGORY_SETTLER
UNIT_URBAN_PLANNER,4,kv,Attack,0
UNIT_URBAN_PLANNER,5,kv,Defense,10
UNIT_URBAN_PLANNER,6,kv,ZBRangeAttack,0
UNIT_URBAN_PLANNER,7,kv,Firepower,1
UNIT_URBAN_PLANNER,8,kv,Armor,1
UNIT_URBAN_PLANNER,9,kv,MaxHP,15
UNIT_URBAN_PLANNER,10,kv,ShieldCost,5500
UNIT_URBAN_PLANNER,11,kv,PowerPoints,2
UNIT_URBAN_PLANNER,12,kv,ShieldHunger,55
UNIT_URBAN_PLANNER,13,kv,FoodHunger,0
UNIT_URBAN_PLANNER,14,kv,MaxMovePoints,200
UNIT_URBAN_PLANNER,15,kv,VisionRange,2
UNIT_URBAN_PLANNER,16,kv,EnableAdvance,ADVANCE_ADV_URBAN_PLANNING
UNIT_URBAN_PLANNER,17,kv,ActiveDefenseRange,0
UNIT_URBAN_PLANNER,18,flag,LossMoveToDmgNone,
UNIT_URBAN_PLANNER,19,kv,MaxFuel,0
UNIT_URBAN_PLANNER,20,flag,CanEntrench,
UNIT_URBAN_PLANNER,21,flag,NoZoc,
UNIT_URBAN_PLANNER,22,kv,SettleCityType,UNIT_CITY
UNIT_URBAN_PLANNER,23,kv,SettleSize,3
UNIT_URBAN_PLANNER,24,flag,CanBeExpelled,
UNIT_URBAN_PLANNER,25,flag,CantCaptureCity,
UNIT_URBAN_PLANNER,26,flag,DeathEffectsHappy,
UNIT_URBAN_PLANNER,27,flag,BuildingRemovesAPop,
UNIT_URBAN_PLANNER,28,flag,IsSpecialForces,
UNIT_URBAN_PLANNER,29,flag,Civilian,
UNIT_URBAN_PLANNER,30,flag,OnlyBuildOne,
UNIT_URBAN_PLANNER,31,kv,SoundSelect1,SOUND_SELECT1_URBAN_PLANNER
UNIT_URBAN_PLANNER,32,kv,SoundSelect2,SOUND_SELECT2_URBAN_PLANNER
UNIT_URBAN_PLANNER,33,kv,SoundMove,SOUND_MOVE_URBAN_PLANNER
UNIT_URBAN_PLANNER,34,kv,SoundAcknowledge,SOUND_ACKNOWLEDGE_URBAN_PLANNER
UNIT_URBAN_PLANNER,35,kv,SoundCantMove,SOUND_CANTMOVE_URBAN_PLANNER
UNIT_URBAN_PLANNER,36,kv,SoundAttack,SOUND_ATTACK_URBAN_PLANNER
UNIT_URBAN_PLANNER,37,kv,SoundWork,SOUND_WORK_URBAN_PLANNER
UNIT_URBAN_PLANNER,38,kv,SoundVictory,SOUND_VICTORY_URBAN_PLANNER
UNIT_URBAN_PLANNER,39,kv,SoundDeath,SOUND_DEATH_URBAN_PLANNER
UNIT_URBAN_PLANNER,40,kv,SettleBuilding,IMPROVE_ACADEMY
UNIT_URBAN_PLANNER,41,kv,SettleBuilding,IMPROVE_COURTHOUSE
UNIT_URBAN_PLANNER,42,kv,SettleBuilding,IMPROVE_GRANARY
UNIT_URBAN_PLANNER,43,kv,SettleBuilding,IMPROVE_SHRINE
UNIT_URBAN_PLANNER,44,kv,SettleBuilding,IMPROVE_THEATER
UNIT_URBAN_PLANNER,45,kv,SettleBuilding,IMPROVE_APOTHECARY
UNIT_URBAN_PLANNER,46,sublist,CanSee,Standard
UNIT_URBAN_PLANNER,47,sublist,MovementType,Land
UNIT_URBAN_PLANNER,48,sublist,MovementType,Mountain
UNIT_URBAN_PLANNER,49,sublist,Settle,Land
UNIT_URBAN_PLANNER,50,sublist,Settle,Mountain
UNIT_URBAN_PLANNER,51,sublist,Size,Small
UNIT_URBAN_PLANNER,52,sublist,VisionClass,Standard
UNIT_WAR_WALKER,0,kv,Description,DESCRIPTION_UNIT_WAR_WALKER
UNIT_WAR_WALKER,1,kv,DefaultIcon,ICON_UNIT_WAR_WALKER
UNIT_WAR_WALKER,2,kv,DefaultSprite,SPRITE_WAR_WALKER
UNIT_WAR_WALKER,3,kv,Category,UNIT_CATEGORY_RANGED
UNIT_WAR_WALKER,4,kv,Attack,75
UNIT_WAR_WALKER,5,kv,Defense,60
UNIT_WAR_WALKER,6,kv,ZBRangeAttack,95
UNIT_WAR_WALKER,7,kv,Firepower,4
UNIT_WAR_WALKER,8,kv,Armor,3
UNIT_WAR_WALKER,9,kv,MaxHP,25
UNIT_WAR_WALKER,10,kv,ShieldCost,5800
UNIT_WAR_WALKER,11,kv,PowerPoints,51
UNIT_WAR_WALKER,12,kv,ShieldHunger,62
UNIT_WAR_WALKER,13,kv,FoodHunger,0
UNIT_WAR_WALKER,14,kv,MaxMovePoints,500
UNIT_WAR_WALKER,15,kv,VisionRange,4
UNIT_WAR_WALKER,16,kv,EnableAdvance,ADVANCE_CYBERNETICS
UNIT_WAR_WALKER,17,kv,BombRounds,5
UNIT_WAR_WALKER,18,kv,BombardRange,1
UNIT_WAR_WALKER,19,flag,CanCounterBombard,
UNIT_WAR_WALKER,20,kv,ActiveDefenseRange,1
UNIT_WAR_WALKER,21,flag,LossMoveToDmgNone,
UNIT_WAR_WALKER,22,kv,MaxFuel,0
UNIT_WAR_WALKER,23,flag,CanEntrench,
UNIT_WAR_WALKER,24,flag,CanExpel,
UNIT_WAR_WALKER,25,flag,CanPillage,
UNIT_WAR_WALKER,26,flag,CanPirate,
UNIT_WAR_WALKER,27,flag,ExertsMartialLaw,
UNIT_WAR_WALKER,28,flag,DeathEffectsHappy,
UNIT_WAR_WALKER,29,flag,Explodes,
UNIT_WAR_WALKER,30,flag,OnlyBuildOne,
UNIT_WAR_WALKER,31,kv,SoundSelect1,SOUND_SELECT1_WAR_WALKER
UNIT_WAR_WALKER,32,kv,SoundSelect2,SOUND_SELECT2_WAR_WALKER
UNIT_WAR_WALKER,33,kv,SoundMove,SOUND_MOVE_WAR_WALKER
UNIT_WAR_WALKER,34,kv,SoundAcknowledge,SOUND_ACKNOWLEDGE_WAR_WALKER
UNIT_WAR_WALKER,35,kv,SoundCantMove,SOUND_CANTMOVE_WAR_WALKER
UNIT_WAR_WALKER,36,kv,SoundAttack,SOUND_ATTACK_WAR_WALKER
UNIT_WAR_WALKER,37,kv,SoundWork,SOUND_WORK_WAR_WALKER
UNIT_WAR_WALKER,38,kv,SoundVictory,SOUND_VICTORY_WAR_WALKER
UNIT_WAR_WALKER,39,kv,SoundDeath,SOUND_DEATH_WAR_WALKER
UNIT_WAR_WALKER,40,sublist,CanAttack,Air
UNIT_WAR_WALKER,41,sublist,CanAttack,Land
UNIT_WAR_WALKER,42,sublist,CanAttack,Mountain
UNIT_WAR_WALKER,43,sublist,CanBombard,Land
UNIT_WAR_WALKER,44,sublist,CanBombard,Mountain
UNIT_WAR_WALKER,45,sublist,CanBombard,Water
UNIT_WAR_WALKER,46,sublist,CanBombard,Air
UNIT_WAR_WALKER,47,sublist,CanSee,Standard
UNIT_WAR_WALKER,48,sublist,Defend,Air
UNIT_WAR_WALKER,49,sublist,MovementType,Land
UNIT_WAR_WALKER,50,sublist,MovementType,Mountain
UNIT_WAR_WALKER,51,sublist,Size,Medium
UNIT_WAR_WALKER,52,sublist,VisionClass,Standard
UNIT_WAR_WALKER,53,nested,CanReform,"[{""t"": ""kv"", ""k"": ""Sound"", ""v"": ""SOUND_ID_REFORM_CITY""}, {""t"": ""kv"", ""k"": ""Effect"", ""v"": ""SPECEFFECT_REFORMCITY""}]"
UNIT_WARRIOR,0,kv,Description,DESCRIPTION_UNIT_WARRIOR
UNIT_WARRIOR,1,kv,DefaultIcon,ICON_UNIT_WARRIOR
UNIT_WARRIOR,2,kv,DefaultSprite,SPRITE_WARRIOR
UNIT_WARRIOR,3,kv,Category,UNIT_CATEGORY_ATTACK
UNIT_WARRIOR,4,kv,Attack,15
UNIT_WARRIOR,5,kv,Defense,10
UNIT_WARRIOR,6,kv,ZBRangeAttack,0
UNIT_WARRIOR,7,kv,Firepower,1
UNIT_WARRIOR,8,kv,Armor,1
UNIT_WARRIOR,9,kv,MaxHP,8
UNIT_WARRIOR,10,kv,ShieldCost,225
UNIT_WARRIOR,11,kv,PowerPoints,70
UNIT_WARRIOR,12,kv,ShieldHunger,2
UNIT_WARRIOR,13,kv,FoodHunger,0
UNIT_WARRIOR,14,kv,MaxMovePoints,100
UNIT_WARRIOR,15,kv,VisionRange,1
UNIT_WARRIOR,16,kv,EnableAdvance,ADVANCE_AGRICULTURE
UNIT_WARRIOR,17,kv,ObsoleteAdvance,ADVANCE_TRIBES
UNIT_WARRIOR,18,kv,ActiveDefenseRange,0
UNIT_WARRIOR,19,flag,LossMoveToDmgNone,
UNIT_WARRIOR,20,kv,MaxFuel,0
UNIT_WARRIOR,21,flag,CanEntrench,
UNIT_WARRIOR,22,flag,CanExpel,
UNIT_WARRIOR,23,flag,CanPillage,
UNIT_WARRIOR,24,flag,CanPirate,
UNIT_WARRIOR,25,flag,ExertsMartialLaw,
UNIT_WARRIOR,26,flag,DeathEffectsHappy,
UNIT_WARRIOR,27,flag,OnlyBuildOne,
UNIT_WARRIOR,28,kv,SoundSelect1,SOUND_SELECT1_WARRIOR
UNIT_WARRIOR,29,kv,SoundSelect2,SOUND_SELECT2_WARRIOR
UNIT_WARRIOR,30,kv,SoundMove,SOUND_MOVE_WARRIOR
UNIT_WARRIOR,31,kv,SoundAcknowledge,SOUND_ACKNOWLEDGE_WARRIOR
UNIT_WARRIOR,32,kv,SoundCantMove,SOUND_CANTMOVE_WARRIOR
UNIT_WARRIOR,33,kv,SoundAttack,SOUND_ATTACK_WARRIOR
UNIT_WARRIOR,34,kv,SoundWork,SOUND_WORK_WARRIOR
UNIT_WARRIOR,35,kv,SoundVictory,SOUND_VICTORY_WARRIOR
UNIT_WARRIOR,36,kv,SoundDeath,SOUND_DEATH_WARRIOR
UNIT_WARRIOR,37,sublist,CanAttack,Land
UNIT_WARRIOR,38,sublist,CanAttack,Mountain
UNIT_WARRIOR,39,sublist,CanSee,Standard
UNIT_WARRIOR,40,sublist,MovementType,Land
UNIT_WARRIOR,41,sublist,MovementType,Mountain
UNIT_WARRIOR,42,sublist,Size,Medium
UNIT_WARRIOR,43,sublist,VisionClass,Standard
UNIT_WARRIOR,44,nested,CanReform,"[{""t"": ""kv"", ""k"": ""Sound"", ""v"": ""SOUND_ID_REFORM_CITY""}, {""t"": ""kv"", ""k"": ""Effect"", ""v"": ""SPECEFFECT_REFORMCITY""}]"
UNIT_Z_FREIGHT_TRANSPORT,0,kv,Description,DESCRIPTION_UNIT_WARRIOR
UNIT_Z_FREIGHT_TRANSPORT,1,kv,DefaultIcon,ICON_UNIT_FREIGHT_TRANSPORT
UNIT_Z_FREIGHT_TRANSPORT,2,kv,DefaultSprite,SPRITE_WARRIOR
UNIT_Z_FREIGHT_TRANSPORT,3,kv,Category,UNIT_CATEGORY_SPECIAL
UNIT_Z_FREIGHT_TRANSPORT,4,kv,Attack,0
UNIT_Z_FREIGHT_TRANSPORT,5,kv,Defense,0
UNIT_Z_FREIGHT_TRANSPORT,6,kv,ZBRangeAttack,0
UNIT_Z_FREIGHT_TRANSPORT,7,kv,Firepower,0
UNIT_Z_FREIGHT_TRANSPORT,8,kv,Armor,0
UNIT_Z_FREIGHT_TRANSPORT,9,kv,MaxHP,10
UNIT_Z_FREIGHT_TRANSPORT,10,kv,ShieldCost,1800
UNIT_Z_FREIGHT_TRANSPORT,11,kv,PowerPoints,3
UNIT_Z_FREIGHT_TRANSPORT,12,kv,ShieldHunger,0
UNIT_Z_FREIGHT_TRANSPORT,13,kv,FoodHunger,0
UNIT_Z_FREIGHT_TRANSPORT,14,kv,MaxMovePoints,3
UNIT_Z_FREIGHT_TRANSPORT,15,kv,VisionRange,0
UNIT_Z_FREIGHT_TRANSPORT,16,kv,EnableAdvance,ADVANCE_GLOBAL_ECONOMICS
UNIT_Z_FREIGHT_TRANSPORT,17,kv,ActiveDefenseRange,0
UNIT_Z_FREIGHT_TRANSPORT,18,kv,MaxFuel,0
UNIT_Z_FREIGHT_TRANSPORT,19,flag,IsTrader,
UNIT_Z_FREIGHT_TRANSPORT,20,flag,OnlyBuildOne,
UNIT_Z_FREIGHT_TRANSPORT,21,kv,SoundSelect1,SOUND_SELECT1_CARAVAN
UNIT_Z_FREIGHT_TRANSPORT,22,kv,SoundSelect2,SOUND_SELECT2_CARAVAN
UNIT_Z_FREIGHT_TRANSPORT,23,kv,SoundMove,SOUND_MOVE_CARAVAN
UNIT_Z_FREIGHT_TRANSPORT,24,kv,SoundAcknowledge,SOUND_ACKNOWLEDGE_CARAVAN
UNIT_Z_FREIGHT_TRANSPORT,25,kv,SoundCantMove,SOUND_CANTMOVE_CARAVAN
UNIT_Z_FREIGHT_TRANSPORT,26,kv,SoundAttack,SOUND_ATTACK_CARAVAN
UNIT_Z_FREIGHT_TRANSPORT,27,kv,SoundWork,SOUND_WORK_CARAVAN
UNIT_Z_FREIGHT_TRANSPORT,28,kv,SoundVictory,SOUND_VICTORY_CARAVAN
UNIT_Z_FREIGHT_TRANSPORT,29,kv,SoundDeath,SOUND_DEATH_CARAVAN
UNIT_GENERAL,0,flag,CantBuild,
UNIT_GENERAL,1,kv,Description,DESCRIPTION_UNIT_KNIGHT
UNIT_GENERAL,2,kv,DefaultIcon,ICON_UNIT_GENERAL
UNIT_GENERAL,3,kv,DefaultSprite,SPRITE_GENERAL
UNIT_GENERAL,4,kv,Category,UNIT_CATEGORY_RANGED
UNIT_GENERAL,5,kv,Attack,30
UNIT_GENERAL,6,kv,Defense,25
UNIT_GENERAL,7,kv,ZBRangeAttack,35
UNIT_GENERAL,8,kv,Firepower,2
UNIT_GENERAL,9,kv,Armor,1
UNIT_GENERAL,10,kv,MaxHP,16
UNIT_GENERAL,11,kv,ShieldCost,600
UNIT_GENERAL,12,kv,PowerPoints,70
UNIT_GENERAL,13,kv,ShieldHunger,13
UNIT_GENERAL,14,kv,FoodHunger,0
UNIT_GENERAL,15,kv,MaxMovePoints,200
UNIT_GENERAL,16,kv,VisionRange,1
UNIT_GENERAL,17,kv,EnableAdvance,ADVANCE_HEXTAPUL
UNIT_GENERAL,18,kv,ActiveDefenseRange,0
UNIT_GENERAL,19,flag,LossMoveToDmgNone,
UNIT_GENERAL,20,kv,MaxFuel,0
UNIT_GENERAL,21,flag,CanEntrench,
UNIT_GENERAL,22,flag,CanBeachAssault,
UNIT_GENERAL,23,flag,CanExpel,
UNIT_GENERAL,24,flag,CanPillage,
UNIT_GENERAL,25,flag,CanPirate,
UNIT_GENERAL,26,flag,BonusAgainstMounted,
UNIT_GENERAL,27,kv,MountedBonus,0.25
UNIT_GENERAL,28,flag,ExertsMartialLaw,
UNIT_GENERAL,29,flag,DeathEffectsHappy,
UNIT_GENERAL,30,flag,OnlyBuildOne,
UNIT_GENERAL,31,kv,SoundSelect1,SOUND_SELECT1_SAMURAI
UNIT_GENERAL,32,kv,SoundSelect2,SOUND_SELECT2_SAMURAI
UNIT_GENERAL,33,kv,SoundMove,SOUND_MOVE_SAMURAI
UNIT_GENERAL,34,kv,SoundAcknowledge,SOUND_ACKNOWLEDGE_SAMURAI
UNIT_GENERAL,35,kv,SoundCantMove,SOUND_CANTMOVE_SAMURAI
UNIT_GENERAL,36,kv,SoundAttack,SOUND_ATTACK_SAMURAI
UNIT_GENERAL,37,kv,SoundWork,SOUND_WORK_SAMURAI
UNIT_GENERAL,38,kv,SoundVictory,SOUND_VICTORY_SAMURAI
UNIT_GENERAL,39,kv,SoundDeath,SOUND_DEATH_SAMURAI
UNIT_GENERAL,40,sublist,CanAttack,Land
UNIT_GENERAL,41,sublist,CanAttack,Mountain
UNIT_GENERAL,42,sublist,CanSee,Standard
UNIT_GENERAL,43,sublist,MovementType,Land
UNIT_GENERAL,44,sublist,MovementType,Mountain
UNIT_GENERAL,45,sublist,Size,Medium
UNIT_GENERAL,46,sublist,VisionClass,Standard
UNIT_GENERAL,47,nested,CanReform,"[{""t"": ""kv"", ""k"": ""Sound"", ""v"": ""SOUND_ID_REFORM_CITY""}, {""t"": ""kv"", ""k"": ""Effect"", ""v"": ""SPECEFFECT_REFORMCITY""}]"
UNIT_BARON,0,flag,CantBuild,
UNIT_BARON,1,kv,Description,DESCRIPTION_UNIT_KNIGHT
UNIT_BARON,2,kv,DefaultIcon,ICON_UNIT_BARON
UNIT_BARON,3,kv,DefaultSprite,SPRITE_BARON
UNIT_BARON,4,kv,Category,UNIT_CATEGORY_RANGED
UNIT_BARON,5,kv,Attack,30
UNIT_BARON,6,kv,Defense,30
UNIT_BARON,7,kv,ZBRangeAttack,45
UNIT_BARON,8,kv,Firepower,2
UNIT_BARON,9,kv,Armor,1
UNIT_BARON,10,kv,MaxHP,17
UNIT_BARON,11,kv,ShieldCost,900
UNIT_BARON,12,kv,PowerPoints,70
UNIT_BARON,13,kv,ShieldHunger,15
UNIT_BARON,14,kv,FoodHunger,0
UNIT_BARON,15,kv,MaxMovePoints,200
UNIT_BARON,16,kv,VisionRange,1
UNIT_BARON,17,kv,EnableAdvance,ADVANCE_HEXTAPUL
UNIT_BARON,18,kv,ActiveDefenseRange,0
UNIT_BARON,19,flag,LossMoveToDmgNone,
UNIT_BARON,20,kv,MaxFuel,0
UNIT_BARON,21,flag,CanEntrench,
UNIT_BARON,22,flag,CanBeachAssault,
UNIT_BARON,23,flag,CanExpel,
UNIT_BARON,24,flag,CanPillage,
UNIT_BARON,25,flag,CanPirate,
UNIT_BARON,26,flag,BonusAgainstMounted,
UNIT_BARON,27,kv,MountedBonus,0.25
UNIT_BARON,28,flag,ExertsMartialLaw,
UNIT_BARON,29,flag,DeathEffectsHappy,
UNIT_BARON,30,flag,OnlyBuildOne,
UNIT_BARON,31,kv,SoundSelect1,SOUND_SELECT1_SAMURAI
UNIT_BARON,32,kv,SoundSelect2,SOUND_SELECT2_SAMURAI
UNIT_BARON,33,kv,SoundMove,SOUND_MOVE_SAMURAI
UNIT_BARON,34,kv,SoundAcknowledge,SOUND_ACKNOWLEDGE_SAMURAI
UNIT_BARON,35,kv,SoundCantMove,SOUND_CANTMOVE_SAMURAI
UNIT_BARON,36,kv,SoundAttack,SOUND_ATTACK_SAMURAI
UNIT_BARON,37,kv,SoundWork,SOUND_WORK_SAMURAI
UNIT_BARON,38,kv,SoundVictory,SOUND_VICTORY_SAMURAI
UNIT_BARON,39,kv,SoundDeath,SOUND_DEATH_SAMURAI
UNIT_BARON,40,sublist,CanAttack,Land
UNIT_BARON,41,sublist,CanAttack,Mountain
UNIT_BARON,42,sublist,CanSee,Standard
UNIT_BARON,43,sublist,MovementType,Land
UNIT_BARON,44,sublist,MovementType,Mountain
UNIT_BARON,45,sublist,Size,Medium
UNIT_BARON,46,sublist,VisionClass,Standard
UNIT_BARON,47,nested,CanReform,"[{""t"": ""kv"", ""k"": ""Sound"", ""v"": ""SOUND_ID_REFORM_CITY""}, {""t"": ""kv"", ""k"": ""Effect"", ""v"": ""SPECEFFECT_REFORMCITY""}]"
UNIT_MARSHALL,0,flag,CantBuild,
UNIT_MARSHALL,1,kv,Description,DESCRIPTION_UNIT_KNIGHT
UNIT_MARSHALL,2,kv,DefaultIcon,ICON_UNIT_MARSHALL
UNIT_MARSHALL,3,kv,DefaultSprite,SPRITE_MARSHALL
UNIT_MARSHALL,4,kv,Category,UNIT_CATEGORY_RANGED
UNIT_MARSHALL,5,kv,Attack,35
UNIT_MARSHALL,6,kv,Defense,45
UNIT_MARSHALL,7,kv,ZBRangeAttack,50
UNIT_MARSHALL,8,kv,Firepower,3
UNIT_MARSHALL,9,kv,Armor,1
UNIT_MARSHALL,10,kv,MaxHP,17
UNIT_MARSHALL,11,kv,ShieldCost,1500
UNIT_MARSHALL,12,kv,PowerPoints,70
UNIT_MARSHALL,13,kv,ShieldHunger,28
UNIT_MARSHALL,14,kv,FoodHunger,0
UNIT_MARSHALL,15,kv,MaxMovePoints,400
UNIT_MARSHALL,16,kv,VisionRange,1
UNIT_MARSHALL,17,kv,EnableAdvance,ADVANCE_HEXTAPUL
UNIT_MARSHALL,18,kv,ActiveDefenseRange,0
UNIT_MARSHALL,19,flag,LossMoveToDmgNone,
UNIT_MARSHALL,20,kv,MaxFuel,0
UNIT_MARSHALL,21,flag,CanEntrench,
UNIT_MARSHALL,22,flag,CanBeachAssault,
UNIT_MARSHALL,23,flag,CanExpel,
UNIT_MARSHALL,24,flag,CanPillage,
UNIT_MARSHALL,25,flag,CanPirate,
UNIT_MARSHALL,26,flag,BonusAgainstMounted,
UNIT_MARSHALL,27,kv,MountedBonus,0.25
UNIT_MARSHALL,28,flag,ExertsMartialLaw,
UNIT_MARSHALL,29,flag,DeathEffectsHappy,
UNIT_MARSHALL,30,flag,OnlyBuildOne,
UNIT_MARSHALL,31,kv,SoundSelect1,SOUND_SELECT1_SAMURAI
UNIT_MARSHALL,32,kv,SoundSelect2,SOUND_SELECT2_SAMURAI
UNIT_MARSHALL,33,kv,SoundMove,SOUND_MOVE_SAMURAI
UNIT_MARSHALL,34,kv,SoundAcknowledge,SOUND_ACKNOWLEDGE_SAMURAI
UNIT_MARSHALL,35,kv,SoundCantMove,SOUND_CANTMOVE_SAMURAI
UNIT_MARSHALL,36,kv,SoundAttack,SOUND_ATTACK_SAMURAI
UNIT_MARSHALL,37,kv,SoundWork,SOUND_WORK_SAMURAI
UNIT_MARSHALL,38,kv,SoundVictory,SOUND_VICTORY_SAMURAI
UNIT_MARSHALL,39,kv,SoundDeath,SOUND_DEATH_SAMURAI
UNIT_MARSHALL,40,sublist,CanAttack,Land
UNIT_MARSHALL,41,sublist,CanAttack,Mountain
UNIT_MARSHALL,42,sublist,CanSee,Standard
UNIT_MARSHALL,43,sublist,MovementType,Land
UNIT_MARSHALL,44,sublist,MovementType,Mountain
UNIT_MARSHALL,45,sublist,Size,Medium
UNIT_MARSHALL,46,sublist,VisionClass,Standard
UNIT_MARSHALL,47,nested,CanReform,"[{""t"": ""kv"", ""k"": ""Sound"", ""v"": ""SOUND_ID_REFORM_CITY""}, {""t"": ""kv"", ""k"": ""Effect"", ""v"": ""SPECEFFECT_REFORMCITY""}]"
UNIT_FIELD_MARSHALL,0,flag,CantBuild,
UNIT_FIELD_MARSHALL,1,kv,Description,DESCRIPTION_UNIT_KNIGHT
UNIT_FIELD_MARSHALL,2,kv,DefaultIcon,ICON_UNIT_FIELD_MARSHALL
UNIT_FIELD_MARSHALL,3,kv,DefaultSprite,SPRITE_FIELD_MARSHALL
UNIT_FIELD_MARSHALL,4,kv,Category,UNIT_CATEGORY_RANGED
UNIT_FIELD_MARSHALL,5,kv,Attack,40
UNIT_FIELD_MARSHALL,6,kv,Defense,40
UNIT_FIELD_MARSHALL,7,kv,ZBRangeAttack,60
UNIT_FIELD_MARSHALL,8,kv,Firepower,3
UNIT_FIELD_MARSHALL,9,kv,Firepower,3
UNIT_FIELD_MARSHALL,10,kv,Armor,1
UNIT_FIELD_MARSHALL,11,kv,MaxHP,17
UNIT_FIELD_MARSHALL,12,kv,ShieldCost,2500
UNIT_FIELD_MARSHALL,13,kv,PowerPoints,70
UNIT_FIELD_MARSHALL,14,kv,ShieldHunger,32
UNIT_FIELD_MARSHALL,15,kv,FoodHunger,0
UNIT_FIELD_MARSHALL,16,kv,MaxMovePoints,300
UNIT_FIELD_MARSHALL,17,kv,VisionRange,1
UNIT_FIELD_MARSHALL,18,kv,EnableAdvance,ADVANCE_HEXTAPUL
UNIT_FIELD_MARSHALL,19,kv,ActiveDefenseRange,0
UNIT_FIELD_MARSHALL,20,flag,LossMoveToDmgNone,
UNIT_FIELD_MARSHALL,21,kv,MaxFuel,0
UNIT_FIELD_MARSHALL,22,flag,CanEntrench,
UNIT_FIELD_MARSHALL,23,flag,CanBeachAssault,
UNIT_FIELD_MARSHALL,24,flag,CanExpel,
UNIT_FIELD_MARSHALL,25,flag,CanPillage,
UNIT_FIELD_MARSHALL,26,flag,CanPirate,
UNIT_FIELD_MARSHALL,27,flag,BonusAgainstMounted,
UNIT_FIELD_MARSHALL,28,kv,MountedBonus,0.25
UNIT_FIELD_MARSHALL,29,flag,ExertsMartialLaw,
UNIT_FIELD_MARSHALL,30,flag,DeathEffectsHappy,
UNIT_FIELD_MARSHALL,31,flag,OnlyBuildOne,
UNIT_FIELD_MARSHALL,32,kv,SoundSelect1,SOUND_SELECT1_SAMURAI
UNIT_FIELD_MARSHALL,33,kv,SoundSelect2,SOUND_SELECT2_SAMURAI
UNIT_FIELD_MARSHALL,34,kv,SoundMove,SOUND_MOVE_SAMURAI
UNIT_FIELD_MARSHALL,35,kv,SoundAcknowledge,SOUND_ACKNOWLEDGE_SAMURAI
UNIT_FIELD_MARSHALL,36,kv,SoundCantMove,SOUND_CANTMOVE_SAMURAI
UNIT_FIELD_MARSHALL,37,kv,SoundAttack,SOUND_ATTACK_SAMURAI
UNIT_FIELD_MARSHALL,38,kv,SoundWork,SOUND_WORK_SAMURAI
UNIT_FIELD_MARSHALL,39,kv,SoundVictory,SOUND_VICTORY_SAMURAI
UNIT_FIELD_MARSHALL,40,kv,SoundDeath,SOUND_DEATH_SAMURAI
UNIT_FIELD_MARSHALL,41,sublist,CanAttack,Land
UNIT_FIELD_MARSHALL,42,sublist,CanAttack,Mountain
UNIT_FIELD_MARSHALL,43,sublist,CanSee,Standard
UNIT_FIELD_MARSHALL,44,sublist,MovementType,Land
UNIT_FIELD_MARSHALL,45,sublist,MovementType,Mountain
UNIT_FIELD_MARSHALL,46,sublist,Size,Medium
UNIT_FIELD_MARSHALL,47,sublist,VisionClass,Standard
UNIT_FIELD_MARSHALL,48,nested,CanReform,"[{""t"": ""kv"", ""k"": ""Sound"", ""v"": ""SOUND_ID_REFORM_CITY""}, {""t"": ""kv"", ""k"": ""Effect"", ""v"": ""SPECEFFECT_REFORMCITY""}]"
UNIT_TRIBAL_LEADER,0,flag,CantBuild,
UNIT_TRIBAL_LEADER,1,kv,Description,DESCRIPTION_UNIT_HOPLITE
UNIT_TRIBAL_LEADER,2,kv,DefaultIcon,ICON_UNIT_TRIBAL_LEADER
UNIT_TRIBAL_LEADER,3,kv,DefaultSprite,SPRITE_TRIBAL_LEADER
UNIT_TRIBAL_LEADER,4,kv,Category,UNIT_CATEGORY_DEFENSE
UNIT_TRIBAL_LEADER,5,kv,Attack,25
UNIT_TRIBAL_LEADER,6,kv,Defense,20
UNIT_TRIBAL_LEADER,7,kv,ZBRangeAttack,0
UNIT_TRIBAL_LEADER,8,kv,Firepower,1
UNIT_TRIBAL_LEADER,9,kv,Armor,1
UNIT_TRIBAL_LEADER,10,kv,MaxHP,13
UNIT_TRIBAL_LEADER,11,kv,ShieldCost,280
UNIT_TRIBAL_LEADER,12,kv,PowerPoints,81
UNIT_TRIBAL_LEADER,13,kv,ShieldHunger,3
UNIT_TRIBAL_LEADER,14,kv,FoodHunger,0
UNIT_TRIBAL_LEADER,15,kv,MaxMovePoints,0
UNIT_TRIBAL_LEADER,16,kv,VisionRange,1
UNIT_TRIBAL_LEADER,17,kv,EnableAdvance,ADVANCE_HEXTAPUL
UNIT_TRIBAL_LEADER,18,kv,ActiveDefenseRange,0
UNIT_TRIBAL_LEADER,19,flag,LossMoveToDmgNone,
UNIT_TRIBAL_LEADER,20,kv,MaxFuel,0
UNIT_TRIBAL_LEADER,21,flag,CanEntrench,
UNIT_TRIBAL_LEADER,22,flag,CanExpel,
UNIT_TRIBAL_LEADER,23,flag,CanPillage,
UNIT_TRIBAL_LEADER,24,flag,CanPirate,
UNIT_TRIBAL_LEADER,25,flag,ExertsMartialLaw,
UNIT_TRIBAL_LEADER,26,flag,DeathEffectsHappy,
UNIT_TRIBAL_LEADER,27,flag,OnlyBuildOne,
UNIT_TRIBAL_LEADER,28,kv,SoundSelect1,SOUND_SELECT1_HOPLITE
UNIT_TRIBAL_LEADER,29,kv,SoundSelect2,SOUND_SELECT2_HOPLITE
UNIT_TRIBAL_LEADER,30,kv,SoundMove,SOUND_MOVE_HOPLITE
UNIT_TRIBAL_LEADER,31,kv,SoundAcknowledge,SOUND_ACKNOWLEDGE_HOPLITE
UNIT_TRIBAL_LEADER,32,kv,SoundCantMove,SOUND_CANTMOVE_HOPLITE
UNIT_TRIBAL_LEADER,33,kv,SoundAttack,SOUND_ATTACK_HOPLITE
UNIT_TRIBAL_LEADER,34,kv,SoundWork,SOUND_WORK_HOPLITE
UNIT_TRIBAL_LEADER,35,kv,SoundVictory,SOUND_VICTORY_HOPLITE
UNIT_TRIBAL_LEADER,36,kv,SoundDeath,SOUND_DEATH_HOPLITE
UNIT_TRIBAL_LEADER,37,sublist,CanAttack,Land
UNIT_TRIBAL_LEADER,38,sublist,CanAttack,Mountain
UNIT_TRIBAL_LEADER,39,sublist,CanSee,Standard
UNIT_TRIBAL_LEADER,40,sublist,MovementType,Land
UNIT_TRIBAL_LEADER,41,sublist,MovementType,Mountain
UNIT_TRIBAL_LEADER,42,sublist,Size,Medium
UNIT_TRIBAL_LEADER,43,sublist,VisionClass,Standard
UNIT_TRIBAL_LEADER,44,nested,CanReform,"[{""t"": ""kv"", ""k"": ""Sound"", ""v"": ""SOUND_ID_REFORM_CITY""}, {""t"": ""kv"", ""k"": ""Effect"", ""v"": ""SPECEFFECT_REFORMCITY""}]"
UNIT_TARKAN,0,flag,CantBuild,
UNIT_TARKAN,1,kv,Description,DESCRIPTION_UNIT_KNIGHT
UNIT_TARKAN,2,kv,DefaultIcon,ICON_UNIT_TARKAN
UNIT_TARKAN,3,kv,DefaultSprite,SPRITE_TARKAN
UNIT_TARKAN,4,kv,Category,UNIT_CATEGORY_FLANKER
UNIT_TARKAN,5,kv,Attack,35
UNIT_TARKAN,6,kv,Defense,25
UNIT_TARKAN,7,kv,ZBRangeAttack,25
UNIT_TARKAN,8,kv,Firepower,2
UNIT_TARKAN,9,kv,Armor,1
UNIT_TARKAN,10,kv,MaxHP,13
UNIT_TARKAN,11,kv,ShieldCost,825
UNIT_TARKAN,12,kv,PowerPoints,60
UNIT_TARKAN,13,kv,ShieldHunger,9
UNIT_TARKAN,14,kv,FoodHunger,0
UNIT_TARKAN,15,kv,MaxMovePoints,400
UNIT_TARKAN,16,kv,VisionRange,2
UNIT_TARKAN,17,kv,EnableAdvance,ADVANCE_HEXTAPUL
UNIT_TARKAN,18,kv,BombRounds,2
UNIT_TARKAN,19,kv,BombardRange,1
UNIT_TARKAN,20,flag,CanCounterBombard,
UNIT_TARKAN,21,kv,ActiveDefenseRange,0
UNIT_TARKAN,22,flag,LossMoveToDmgNone,
UNIT_TARKAN,23,kv,MaxFuel,0
UNIT_TARKAN,24,flag,CanEntrench,
UNIT_TARKAN,25,flag,CanExpel,
UNIT_TARKAN,26,flag,CanPillage,
UNIT_TARKAN,27,flag,CanPirate,
UNIT_TARKAN,28,flag,ExertsMartialLaw,
UNIT_TARKAN,29,flag,VictoryEnslavement,
UNIT_TARKAN,30,flag,DeathEffectsHappy,
UNIT_TARKAN,31,flag,IsFlanker,
UNIT_TARKAN,32,flag,IsSpecialForces,
UNIT_TARKAN,33,flag,IsMounted,
UNIT_TARKAN,34,flag,OnlyBuildOne,
UNIT_TARKAN,35,kv,SoundSelect1,SOUND_SELECT1_KNIGHT
UNIT_TARKAN,36,kv,SoundSelect2,SOUND_SELECT2_KNIGHT
UNIT_TARKAN,37,kv,SoundMove,SOUND_MOVE_KNIGHT
UNIT_TARKAN,38,kv,SoundAcknowledge,SOUND_ACKNOWLEDGE_KNIGHT
UNIT_TARKAN,39,kv,SoundCantMove,SOUND_CANTMOVE_KNIGHT
UNIT_TARKAN,40,kv,SoundAttack,SOUND_ATTACK_KNIGHT
UNIT_TARKAN,41,kv,SoundWork,SOUND_WORK_KNIGHT
UNIT_TARKAN,42,kv,SoundVictory,SOUND_VICTORY_KNIGHT
UNIT_TARKAN,43,kv,SoundDeath,SOUND_DEATH_KNIGHT
UNIT_TARKAN,44,sublist,CanAttack,Land
UNIT_TARKAN,45,sublist,CanBombard,Land
UNIT_TARKAN,46,sublist,CanSee,Standard
UNIT_TARKAN,47,sublist,MovementType,Land
UNIT_TARKAN,48,sublist,MovementType,Mountain
UNIT_TARKAN,49,sublist,Size,Medium
UNIT_TARKAN,50,sublist,VisionClass,Standard
UNIT_TARKAN,51,nested,CanReform,"[{""t"": ""kv"", ""k"": ""Sound"", ""v"": ""SOUND_ID_REFORM_CITY""}, {""t"": ""kv"", ""k"": ""Effect"", ""v"": ""SPECEFFECT_REFORMCITY""}]"
UNIT_KESHIK,0,flag,CantBuild,
UNIT_KESHIK,1,kv,Description,DESCRIPTION_UNIT_KNIGHT
UNIT_KESHIK,2,kv,DefaultIcon,ICON_UNIT_KESHIK
UNIT_KESHIK,3,kv,DefaultSprite,SPRITE_KESHIK
UNIT_KESHIK,4,kv,Category,UNIT_CATEGORY_ATTACK
UNIT_KESHIK,5,kv,Attack,45
UNIT_KESHIK,6,kv,Defense,30
UNIT_KESHIK,7,kv,ZBRangeAttack,25
UNIT_KESHIK,8,kv,Firepower,2
UNIT_KESHIK,9,kv,Armor,1
UNIT_KESHIK,10,kv,MaxHP,13
UNIT_KESHIK,11,kv,ShieldCost,925
UNIT_KESHIK,12,kv,PowerPoints,60
UNIT_KESHIK,13,kv,ShieldHunger,9
UNIT_KESHIK,14,kv,FoodHunger,0
UNIT_KESHIK,15,kv,MaxMovePoints,400
UNIT_KESHIK,16,kv,VisionRange,2
UNIT_KESHIK,17,kv,EnableAdvance,ADVANCE_HEXTAPUL
UNIT_KESHIK,18,kv,BombRounds,2
UNIT_KESHIK,19,kv,BombardRange,1
UNIT_KESHIK,20,flag,CanCounterBombard,
UNIT_KESHIK,21,kv,ActiveDefenseRange,0
UNIT_KESHIK,22,flag,LossMoveToDmgNone,
UNIT_KESHIK,23,kv,MaxFuel,0
UNIT_KESHIK,24,flag,CanEntrench,
UNIT_KESHIK,25,flag,CanExpel,
UNIT_KESHIK,26,flag,CanPillage,
UNIT_KESHIK,27,flag,CanPirate,
UNIT_KESHIK,28,flag,ExertsMartialLaw,
UNIT_KESHIK,29,flag,VictoryEnslavement,
UNIT_KESHIK,30,flag,DeathEffectsHappy,
UNIT_KESHIK,31,flag,IsFlanker,
UNIT_KESHIK,32,flag,IsSpecialForces,
UNIT_KESHIK,33,flag,IsMounted,
UNIT_KESHIK,34,flag,OnlyBuildOne,
UNIT_KESHIK,35,kv,SoundSelect1,SOUND_SELECT1_KNIGHT
UNIT_KESHIK,36,kv,SoundSelect2,SOUND_SELECT2_KNIGHT
UNIT_KESHIK,37,kv,SoundMove,SOUND_MOVE_KNIGHT
UNIT_KESHIK,38,kv,SoundAcknowledge,SOUND_ACKNOWLEDGE_KNIGHT
UNIT_KESHIK,39,kv,SoundCantMove,SOUND_CANTMOVE_KNIGHT
UNIT_KESHIK,40,kv,SoundAttack,SOUND_ATTACK_KNIGHT
UNIT_KESHIK,41,kv,SoundWork,SOUND_WORK_KNIGHT
UNIT_KESHIK,42,kv,SoundVictory,SOUND_VICTORY_KNIGHT
UNIT_KESHIK,43,kv,SoundDeath,SOUND_DEATH_KNIGHT
UNIT_KESHIK,44,sublist,CanAttack,Land
UNIT_KESHIK,45,sublist,CanSee,Standard
UNIT_KESHIK,46,sublist,MovementType,Land
UNIT_KESHIK,47,sublist,MovementType,Mountain
UNIT_KESHIK,48,sublist,Size,Medium
UNIT_KESHIK,49,sublist,VisionClass,Standard
UNIT_KESHIK,50,nested,CanReform,"[{""t"": ""kv"", ""k"": ""Sound"", ""v"": ""SOUND_ID_REFORM_CITY""}, {""t"": ""kv"", ""k"": ""Effect"", ""v"": ""SPECEFFECT_REFORMCITY""}]"
UNIT_HURRICANE,0,flag,CantBuild,
UNIT_HURRICANE,1,flag,GLHidden,
UNIT_HURRICANE,2,kv,Description,DESCRIPTION_UNIT_FIGHTER
UNIT_HURRICANE,3,kv,DefaultIcon,ICON_UNIT_HURRICANE
UNIT_HURRICANE,4,kv,DefaultSprite,SPRITE_HURRICANE
UNIT_HURRICANE,5,kv,Category,UNIT_CATEGORY_AERIAL
UNIT_HURRICANE,6,kv,Attack,100
UNIT_HURRICANE,7,kv,Defense,100
UNIT_HURRICANE,8,kv,ZBRangeAttack,0
UNIT_HURRICANE,9,kv,Firepower,3
UNIT_HURRICANE,10,kv,Armor,2
UNIT_HURRICANE,11,kv,MaxHP,10
UNIT_HURRICANE,12,kv,ShieldCost,1125
UNIT_HURRICANE,13,kv,PowerPoints,1500
UNIT_HURRICANE,14,kv,ShieldHunger,0
UNIT_HURRICANE,15,kv,FoodHunger,0
UNIT_HURRICANE,16,kv,MaxMovePoints,1200
UNIT_HURRICANE,17,kv,VisionRange,20
UNIT_HURRICANE,18,kv,EnableAdvance,ADVANCE_SUBNEURAL_ADS
UNIT_HURRICANE,19,kv,ActiveDefenseRange,20
UNIT_HURRICANE,20,flag,NoFuelThenCrash,
UNIT_HURRICANE,21,kv,MaxFuel,4800
UNIT_HURRICANE,22,flag,IgnoreZOC,
UNIT_HURRICANE,23,flag,NoZoc,
UNIT_HURRICANE,24,flag,CanBeachAssault,
UNIT_HURRICANE,25,flag,CantCaptureCity,
UNIT_HURRICANE,26,kv,SoundSelect1,SOUND_SELECT1_SPACE_PLANE
UNIT_HURRICANE,27,kv,SoundSelect2,SOUND_SELECT2_SPACE_PLANE
UNIT_HURRICANE,28,kv,SoundMove,SOUND_MOVE_SPACE_PLANE
UNIT_HURRICANE,29,kv,SoundAcknowledge,SOUND_ACKNOWLEDGE_SPACE_PLANE
UNIT_HURRICANE,30,kv,SoundCantMove,SOUND_CANTMOVE_SPACE_PLANE
UNIT_HURRICANE,31,kv,SoundAttack,SOUND_ATTACK_SPACE_PLANE
UNIT_HURRICANE,32,kv,SoundWork,SOUND_WORK_SPACE_PLANE
UNIT_HURRICANE,33,kv,SoundVictory,SOUND_VICTORY_SPACE_PLANE
UNIT_HURRICANE,34,kv,SoundDeath,SOUND_DEATH_SPACE_PLANE
UNIT_HURRICANE,35,sublist,CanAttack,Air
UNIT_HURRICANE,36,sublist,CanAttack,Land
UNIT_HURRICANE,37,sublist,CanAttack,Mountain
UNIT_HURRICANE,38,sublist,CanAttack,Sea
UNIT_HURRICANE,39,sublist,CanAttack,ShallowWater
UNIT_HURRICANE,40,sublist,CanSee,Standard
UNIT_HURRICANE,41,sublist,MovementType,Air
UNIT_HURRICANE,42,sublist,Size,Large
UNIT_HURRICANE,43,sublist,VisionClass,Standard
UNIT_CATAMARAN,0,flag,CantBuild,
UNIT_CATAMARAN,1,flag,GLHidden,
UNIT_CATAMARAN,2,kv,Description,DESCRIPTION_UNIT_CATAMARAN
UNIT_CATAMARAN,3,kv,DefaultIcon,ICON_UNIT_CATAMARANS
UNIT_CATAMARAN,4,kv,DefaultSprite,SPRITE_CATAMARAN
UNIT_CATAMARAN,5,kv,Category,UNIT_CATEGORY_NAVAL
UNIT_CATAMARAN,6,kv,Attack,15
UNIT_CATAMARAN,7,kv,Defense,15
UNIT_CATAMARAN,8,kv,ZBRangeAttack,0
UNIT_CATAMARAN,9,kv,Firepower,1
UNIT_CATAMARAN,10,kv,Armor,1
UNIT_CATAMARAN,11,kv,MaxHP,10
UNIT_CATAMARAN,12,kv,ShieldCost,400
UNIT_CATAMARAN,13,kv,PowerPoints,0
UNIT_CATAMARAN,14,kv,ShieldHunger,4
UNIT_CATAMARAN,15,kv,FoodHunger,0
UNIT_CATAMARAN,16,kv,MaxMovePoints,100
UNIT_CATAMARAN,17,kv,VisionRange,1
UNIT_CATAMARAN,18,kv,EnableAdvance,ADVANCE_HEXTAPUL
UNIT_CATAMARAN,19,kv,ActiveDefenseRange,0
UNIT_CATAMARAN,20,flag,LossMoveToDmgNone,
UNIT_CATAMARAN,21,kv,MaxFuel,0
UNIT_CATAMARAN,22,flag,CanEntrench,
UNIT_CATAMARAN,23,flag,CanExpel,
UNIT_CATAMARAN,24,flag,CanPillage,
UNIT_CATAMARAN,25,flag,CanPirate,
UNIT_CATAMARAN,26,flag,ExertsMartialLaw,
UNIT_CATAMARAN,27,flag,DeathEffectsHappy,
UNIT_CATAMARAN,28,flag,OnlyBuildOne,
UNIT_CATAMARAN,29,kv,SoundSelect1,SOUND_SELECT1_HOPLITE
UNIT_CATAMARAN,30,kv,SoundSelect2,SOUND_SELECT2_HOPLITE
UNIT_CATAMARAN,31,kv,SoundMove,SOUND_MOVE_HOPLITE
UNIT_CATAMARAN,32,kv,SoundAcknowledge,SOUND_ACKNOWLEDGE_HOPLITE
UNIT_CATAMARAN,33,kv,SoundCantMove,SOUND_CANTMOVE_HOPLITE
UNIT_CATAMARAN,34,kv,SoundAttack,SOUND_ATTACK_HOPLITE
UNIT_CATAMARAN,35,kv,SoundWork,SOUND_WORK_HOPLITE
UNIT_CATAMARAN,36,kv,SoundVictory,SOUND_VICTORY_HOPLITE
UNIT_CATAMARAN,37,kv,SoundDeath,SOUND_DEATH_HOPLITE
UNIT_CATAMARAN,38,sublist,CanAttack,Land
UNIT_CATAMARAN,39,sublist,CanAttack,Mountain
UNIT_CATAMARAN,40,sublist,CanSee,Standard
UNIT_CATAMARAN,41,sublist,MovementType,Land
UNIT_CATAMARAN,42,sublist,MovementType,Mountain
UNIT_CATAMARAN,43,sublist,Size,Small
UNIT_CATAMARAN,44,sublist,VisionClass,Standard
UNIT_CATAMARAN,45,nested,CanReform,"[{""t"": ""kv"", ""k"": ""Sound"", ""v"": ""SOUND_ID_REFORM_CITY""}, {""t"": ""kv"", ""k"": ""Effect"", ""v"": ""SPECEFFECT_REFORMCITY""}]"
UNIT_HAMMURABI,0,flag,CantBuild,
UNIT_HAMMURABI,1,kv,Description,DESCRIPTION_UNIT_MOUNTED_ARCHER
UNIT_HAMMURABI,2,kv,DefaultIcon,ICON_UNIT_HAMMURABI
UNIT_HAMMURABI,3,kv,DefaultSprite,SPRITE_HAMMURABI
UNIT_HAMMURABI,4,kv,Category,UNIT_CATEGORY_RANGED
UNIT_HAMMURABI,5,kv,Attack,20
UNIT_HAMMURABI,6,kv,Defense,10
UNIT_HAMMURABI,7,kv,ZBRangeAttack,25
UNIT_HAMMURABI,8,kv,Firepower,2
UNIT_HAMMURABI,9,kv,Armor,1
UNIT_HAMMURABI,10,kv,MaxHP,15
UNIT_HAMMURABI,11,kv,ShieldCost,700
UNIT_HAMMURABI,12,kv,PowerPoints,50
UNIT_HAMMURABI,13,kv,ShieldHunger,15
UNIT_HAMMURABI,14,kv,FoodHunger,0
UNIT_HAMMURABI,15,kv,MaxMovePoints,300
UNIT_HAMMURABI,16,kv,VisionRange,3
UNIT_HAMMURABI,17,kv,EnableAdvance,ADVANCE_HEXTAPUL
UNIT_HAMMURABI,18,kv,ActiveDefenseRange,0
UNIT_HAMMURABI,19,flag,LossMoveToDmgNone,
UNIT_HAMMURABI,20,kv,MaxFuel,0
UNIT_HAMMURABI,21,flag,CanEntrench,
UNIT_HAMMURABI,22,flag,CanExpel,
UNIT_HAMMURABI,23,flag,CanPillage,
UNIT_HAMMURABI,24,flag,CanPirate,
UNIT_HAMMURABI,25,flag,ExertsMartialLaw,
UNIT_HAMMURABI,26,flag,VictoryEnslavement,
UNIT_HAMMURABI,27,flag,DeathEffectsHappy,
UNIT_HAMMURABI,28,flag,IsSpecialForces,
UNIT_HAMMURABI,29,flag,IsMounted,
UNIT_HAMMURABI,30,flag,IsFlanker,
UNIT_HAMMURABI,31,kv,SoundSelect1,SOUND_SELECT1_MOUNTED_ARCHER
UNIT_HAMMURABI,32,kv,SoundSelect2,SOUND_SELECT2_MOUNTED_ARCHER
UNIT_HAMMURABI,33,kv,SoundMove,SOUND_MOVE_MOUNTED_ARCHER
UNIT_HAMMURABI,34,kv,SoundAcknowledge,SOUND_ACKNOWLEDGE_MOUNTED_ARCHER
UNIT_HAMMURABI,35,kv,SoundCantMove,SOUND_CANTMOVE_MOUNTED_ARCHER
UNIT_HAMMURABI,36,kv,SoundAttack,SOUND_ATTACK_MOUNTED_ARCHER
UNIT_HAMMURABI,37,kv,SoundWork,SOUND_WORK_MOUNTED_ARCHER
UNIT_HAMMURABI,38,kv,SoundVictory,SOUND_VICTORY_MOUNTED_ARCHER
UNIT_HAMMURABI,39,kv,SoundDeath,SOUND_DEATH_MOUNTED_ARCHER
UNIT_HAMMURABI,40,sublist,CanAttack,Land
UNIT_HAMMURABI,41,sublist,CanAttack,Mountain
UNIT_HAMMURABI,42,sublist,CanSee,Standard
UNIT_HAMMURABI,43,sublist,MovementType,Land
UNIT_HAMMURABI,44,sublist,MovementType,Mountain
UNIT_HAMMURABI,45,sublist,Size,Small
UNIT_HAMMURABI,46,sublist,VisionClass,Standard
UNIT_HAMMURABI,47,nested,CanReform,"[{""t"": ""kv"", ""k"": ""Sound"", ""v"": ""SOUND_ID_REFORM_CITY""}, {""t"": ""kv"", ""k"": ""Effect"", ""v"": ""SPECEFFECT_REFORMCITY""}]"
UNIT_RAMSES,0,flag,CantBuild,
UNIT_RAMSES,1,kv,Description,DESCRIPTION_UNIT_SWORDSMAN
UNIT_RAMSES,2,kv,DefaultIcon,ICON_UNIT_RAMSES
UNIT_RAMSES,3,kv,DefaultSprite,SPRITE_RAMSES
UNIT_RAMSES,4,kv,Category,UNIT_CATEGORY_RANGED
UNIT_RAMSES,5,kv,Attack,15
UNIT_RAMSES,6,kv,Defense,15
UNIT_RAMSES,7,kv,ZBRangeAttack,35
UNIT_RAMSES,8,kv,Firepower,2
UNIT_RAMSES,9,kv,Armor,1
UNIT_RAMSES,10,kv,MaxHP,15
UNIT_RAMSES,11,kv,ShieldCost,800
UNIT_RAMSES,12,kv,PowerPoints,50
UNIT_RAMSES,13,kv,ShieldHunger,18
UNIT_RAMSES,14,kv,FoodHunger,0
UNIT_RAMSES,15,kv,MaxMovePoints,200
UNIT_RAMSES,16,kv,VisionRange,3
UNIT_RAMSES,17,kv,EnableAdvance,ADVANCE_HEXTAPUL
UNIT_RAMSES,18,kv,ActiveDefenseRange,0
UNIT_RAMSES,19,flag,LossMoveToDmgNone,
UNIT_RAMSES,20,kv,MaxFuel,0
UNIT_RAMSES,21,flag,CanEntrench,
UNIT_RAMSES,22,flag,CanExpel,
UNIT_RAMSES,23,flag,CanPillage,
UNIT_RAMSES,24,flag,CanPirate,
UNIT_RAMSES,25,flag,ExertsMartialLaw,
UNIT_RAMSES,26,flag,VictoryEnslavement,
UNIT_RAMSES,27,flag,DeathEffectsHappy,
UNIT_RAMSES,28,flag,IsFlanker,
UNIT_RAMSES,29,flag,IsSpecialForces,
UNIT_RAMSES,30,kv,SoundSelect1,SOUND_SELECT1_SAMURAI
UNIT_RAMSES,31,kv,SoundSelect2,SOUND_SELECT2_SAMURAI
UNIT_RAMSES,32,kv,SoundMove,SOUND_MOVE_SAMURAI
UNIT_RAMSES,33,kv,SoundAcknowledge,SOUND_ACKNOWLEDGE_SAMURAI
UNIT_RAMSES,34,kv,SoundCantMove,SOUND_CANTMOVE_SAMURAI
UNIT_RAMSES,35,kv,SoundAttack,SOUND_ATTACK_SAMURAI
UNIT_RAMSES,36,kv,SoundWork,SOUND_WORK_SAMURAI
UNIT_RAMSES,37,kv,SoundVictory,SOUND_VICTORY_SAMURAI
UNIT_RAMSES,38,kv,SoundDeath,SOUND_DEATH_SAMURAI
UNIT_RAMSES,39,sublist,CanAttack,Land
UNIT_RAMSES,40,sublist,CanAttack,Mountain
UNIT_RAMSES,41,sublist,CanSee,Standard
UNIT_RAMSES,42,sublist,MovementType,Land
UNIT_RAMSES,43,sublist,MovementType,Mountain
UNIT_RAMSES,44,sublist,Size,Small
UNIT_RAMSES,45,sublist,VisionClass,Standard
UNIT_RAMSES,46,nested,CanReform,"[{""t"": ""kv"", ""k"": ""Sound"", ""v"": ""SOUND_ID_REFORM_CITY""}, {""t"": ""kv"", ""k"": ""Effect"", ""v"": ""SPECEFFECT_REFORMCITY""}]"
UNIT_NEBUCHADNEZZER,0,flag,CantBuild,
UNIT_NEBUCHADNEZZER,1,kv,Description,DESCRIPTION_UNIT_WARRIOR
UNIT_NEBUCHADNEZZER,2,kv,DefaultIcon,ICON_UNIT_NEBUCHADNEZZER
UNIT_NEBUCHADNEZZER,3,kv,DefaultSprite,SPRITE_NEBUCHADNEZZER
UNIT_NEBUCHADNEZZER,4,kv,Category,UNIT_CATEGORY_RANGED
UNIT_NEBUCHADNEZZER,5,kv,Attack,20
UNIT_NEBUCHADNEZZER,6,kv,Defense,15
UNIT_NEBUCHADNEZZER,7,kv,ZBRangeAttack,40
UNIT_NEBUCHADNEZZER,8,kv,Firepower,2
UNIT_NEBUCHADNEZZER,9,kv,Armor,1
UNIT_NEBUCHADNEZZER,10,kv,MaxHP,15
UNIT_NEBUCHADNEZZER,11,kv,ShieldCost,1300
UNIT_NEBUCHADNEZZER,12,kv,PowerPoints,50
UNIT_NEBUCHADNEZZER,13,kv,ShieldHunger,22
UNIT_NEBUCHADNEZZER,14,kv,FoodHunger,0
UNIT_NEBUCHADNEZZER,15,kv,MaxMovePoints,200
UNIT_NEBUCHADNEZZER,16,kv,VisionRange,3
UNIT_NEBUCHADNEZZER,17,kv,EnableAdvance,ADVANCE_HEXTAPUL
UNIT_NEBUCHADNEZZER,18,kv,ActiveDefenseRange,0
UNIT_NEBUCHADNEZZER,19,flag,LossMoveToDmgNone,
UNIT_NEBUCHADNEZZER,20,kv,MaxFuel,0
UNIT_NEBUCHADNEZZER,21,flag,CanEntrench,
UNIT_NEBUCHADNEZZER,22,flag,CanExpel,
UNIT_NEBUCHADNEZZER,23,flag,CanPillage,
UNIT_NEBUCHADNEZZER,24,flag,CanPirate,
UNIT_NEBUCHADNEZZER,25,flag,ExertsMartialLaw,
UNIT_NEBUCHADNEZZER,26,flag,VictoryEnslavement,
UNIT_NEBUCHADNEZZER,27,flag,DeathEffectsHappy,
UNIT_NEBUCHADNEZZER,28,flag,IsSpecialForces,
UNIT_NEBUCHADNEZZER,29,flag,IsFlanker,
UNIT_NEBUCHADNEZZER,30,kv,SoundSelect1,SOUND_SELECT1_KNIGHT
UNIT_NEBUCHADNEZZER,31,kv,SoundSelect2,SOUND_SELECT2_KNIGHT
UNIT_NEBUCHADNEZZER,32,kv,SoundMove,SOUND_MOVE_KNIGHT
UNIT_NEBUCHADNEZZER,33,kv,SoundAcknowledge,SOUND_ACKNOWLEDGE_KNIGHT
UNIT_NEBUCHADNEZZER,34,kv,SoundCantMove,SOUND_CANTMOVE_KNIGHT
UNIT_NEBUCHADNEZZER,35,kv,SoundAttack,SOUND_ATTACK_KNIGHT
UNIT_NEBUCHADNEZZER,36,kv,SoundWork,SOUND_WORK_KNIGHT
UNIT_NEBUCHADNEZZER,37,kv,SoundVictory,SOUND_VICTORY_KNIGHT
UNIT_NEBUCHADNEZZER,38,kv,SoundDeath,SOUND_DEATH_KNIGHT
UNIT_NEBUCHADNEZZER,39,sublist,CanAttack,Land
UNIT_NEBUCHADNEZZER,40,sublist,CanAttack,Mountain
UNIT_NEBUCHADNEZZER,41,sublist,CanSee,Standard
UNIT_NEBUCHADNEZZER,42,sublist,MovementType,Land
UNIT_NEBUCHADNEZZER,43,sublist,MovementType,Mountain
UNIT_NEBUCHADNEZZER,44,sublist,Size,Small
UNIT_NEBUCHADNEZZER,45,sublist,VisionClass,Standard
UNIT_NEBUCHADNEZZER,46,nested,CanReform,"[{""t"": ""kv"", ""k"": ""Sound"", ""v"": ""SOUND_ID_REFORM_CITY""}, {""t"": ""kv"", ""k"": ""Effect"", ""v"": ""SPECEFFECT_REFORMCITY""}]"
UNIT_ALEXANDER_THE_GREAT,0,flag,CantBuild,
UNIT_ALEXANDER_THE_GREAT,1,kv,Description,DESCRIPTION_UNIT_WARRIOR
UNIT_ALEXANDER_THE_GREAT,2,kv,DefaultIcon,ICON_UNIT_ALEXANDER_THE_GREAT
UNIT_ALEXANDER_THE_GREAT,3,kv,DefaultSprite,SPRITE_ALEXANDER_THE_GREAT
UNIT_ALEXANDER_THE_GREAT,4,kv,Category,UNIT_CATEGORY_RANGED
UNIT_ALEXANDER_THE_GREAT,5,kv,Attack,20
UNIT_ALEXANDER_THE_GREAT,6,kv,Defense,20
UNIT_ALEXANDER_THE_GREAT,7,kv,ZBRangeAttack,40
UNIT_ALEXANDER_THE_GREAT,8,kv,Firepower,2
UNIT_ALEXANDER_THE_GREAT,9,kv,Armor,1
UNIT_ALEXANDER_THE_GREAT,10,kv,MaxHP,18
UNIT_ALEXANDER_THE_GREAT,11,kv,ShieldCost,1300
UNIT_ALEXANDER_THE_GREAT,12,kv,PowerPoints,50
UNIT_ALEXANDER_THE_GREAT,13,kv,ShieldHunger,22
UNIT_ALEXANDER_THE_GREAT,14,kv,FoodHunger,0
UNIT_ALEXANDER_THE_GREAT,15,kv,MaxMovePoints,300
UNIT_ALEXANDER_THE_GREAT,16,kv,VisionRange,3
UNIT_ALEXANDER_THE_GREAT,17,kv,EnableAdvance,ADVANCE_HEXTAPUL
UNIT_ALEXANDER_THE_GREAT,18,kv,ActiveDefenseRange,0
UNIT_ALEXANDER_THE_GREAT,19,flag,LossMoveToDmgNone,
UNIT_ALEXANDER_THE_GREAT,20,kv,MaxFuel,0
UNIT_ALEXANDER_THE_GREAT,21,flag,CanEntrench,
UNIT_ALEXANDER_THE_GREAT,22,flag,CanExpel,
UNIT_ALEXANDER_THE_GREAT,23,flag,CanPillage,
UNIT_ALEXANDER_THE_GREAT,24,flag,CanPirate,
UNIT_ALEXANDER_THE_GREAT,25,flag,ExertsMartialLaw,
UNIT_ALEXANDER_THE_GREAT,26,flag,DeathEffectsHappy,
UNIT_ALEXANDER_THE_GREAT,27,flag,VictoryEnslavement,
UNIT_ALEXANDER_THE_GREAT,28,flag,IsSpecialForces,
UNIT_ALEXANDER_THE_GREAT,29,flag,BonusAgainstMounted,
UNIT_ALEXANDER_THE_GREAT,30,kv,MountedBonus,0.25
UNIT_ALEXANDER_THE_GREAT,31,kv,SoundSelect1,SOUND_SELECT1_SAMURAI
UNIT_ALEXANDER_THE_GREAT,32,kv,SoundSelect2,SOUND_SELECT2_SAMURAI
UNIT_ALEXANDER_THE_GREAT,33,kv,SoundMove,SOUND_MOVE_SAMURAI
UNIT_ALEXANDER_THE_GREAT,34,kv,SoundAcknowledge,SOUND_ACKNOWLEDGE_SAMURAI
UNIT_ALEXANDER_THE_GREAT,35,kv,SoundCantMove,SOUND_CANTMOVE_SAMURAI
UNIT_ALEXANDER_THE_GREAT,36,kv,SoundAttack,SOUND_ATTACK_SAMURAI
UNIT_ALEXANDER_THE_GREAT,37,kv,SoundWork,SOUND_WORK_SAMURAI
UNIT_ALEXANDER_THE_GREAT,38,kv,SoundVictory,SOUND_VICTORY_SAMURAI
UNIT_ALEXANDER_THE_GREAT,39,kv,SoundDeath,SOUND_DEATH_SAMURAI
UNIT_ALEXANDER_THE_GREAT,40,sublist,CanAttack,Land
UNIT_ALEXANDER_THE_GREAT,41,sublist,CanAttack,Mountain
UNIT_ALEXANDER_THE_GREAT,42,sublist,CanSee,Standard
UNIT_ALEXANDER_THE_GREAT,43,sublist,MovementType,Land
UNIT_ALEXANDER_THE_GREAT,44,sublist,MovementType,Mountain
UNIT_ALEXANDER_THE_GREAT,45,sublist,Size,Small
UNIT_ALEXANDER_THE_GREAT,46,sublist,VisionClass,Standard
UNIT_ALEXANDER_THE_GREAT,47,nested,CanReform,"[{""t"": ""kv"", ""k"": ""Sound"", ""v"": ""SOUND_ID_REFORM_CITY""}, {""t"": ""kv"", ""k"": ""Effect"", ""v"": ""SPECEFFECT_REFORMCITY""}]"
UNIT_CAESAR,0,flag,CantBuild,
UNIT_CAESAR,1,kv,Description,DESCRIPTION_UNIT_KNIGHT
UNIT_CAESAR,2,kv,DefaultIcon,ICON_UNIT_CAESAR
UNIT_CAESAR,3,kv,DefaultSprite,SPRITE_CAESAR
UNIT_CAESAR,4,kv,Category,UNIT_CATEGORY_RANGED
UNIT_CAESAR,5,kv,Attack,20
UNIT_CAESAR,6,kv,Defense,25
UNIT_CAESAR,7,kv,ZBRangeAttack,40
UNIT_CAESAR,8,kv,Firepower,2
UNIT_CAESAR,9,kv,Armor,1
UNIT_CAESAR,10,kv,MaxHP,18
UNIT_CAESAR,11,kv,ShieldCost,1300
UNIT_CAESAR,12,kv,PowerPoints,50
UNIT_CAESAR,13,kv,ShieldHunger,25
UNIT_CAESAR,14,kv,FoodHunger,0
UNIT_CAESAR,15,kv,MaxMovePoints,300
UNIT_CAESAR,16,kv,VisionRange,3
UNIT_CAESAR,17,kv,EnableAdvance,ADVANCE_HEXTAPUL
UNIT_CAESAR,18,kv,ActiveDefenseRange,0
UNIT_CAESAR,19,flag,LossMoveToDmgNone,
UNIT_CAESAR,20,kv,MaxFuel,0
UNIT_CAESAR,21,flag,CanEntrench,
UNIT_CAESAR,22,flag,CanExpel,
UNIT_CAESAR,23,flag,CanPillage,
UNIT_CAESAR,24,flag,CanPirate,
UNIT_CAESAR,25,flag,ExertsMartialLaw,
UNIT_CAESAR,26,flag,DeathEffectsHappy,
UNIT_CAESAR,27,flag,VictoryEnslavement,
UNIT_CAESAR,28,flag,IsSpecialForces,
UNIT_CAESAR,29,kv,SoundSelect1,SOUND_SELECT1_SAMURAI
UNIT_CAESAR,30,kv,SoundSelect2,SOUND_SELECT2_SAMURAI
UNIT_CAESAR,31,kv,SoundMove,SOUND_MOVE_SAMURAI
UNIT_CAESAR,32,kv,SoundAcknowledge,SOUND_ACKNOWLEDGE_SAMURAI
UNIT_CAESAR,33,kv,SoundCantMove,SOUND_CANTMOVE_SAMURAI
UNIT_CAESAR,34,kv,SoundAttack,SOUND_ATTACK_SAMURAI
UNIT_CAESAR,35,kv,SoundWork,SOUND_WORK_SAMURAI
UNIT_CAESAR,36,kv,SoundVictory,SOUND_VICTORY_SAMURAI
UNIT_CAESAR,37,kv,SoundDeath,SOUND_DEATH_SAMURAI
UNIT_CAESAR,38,sublist,CanAttack,Land
UNIT_CAESAR,39,sublist,CanAttack,Mountain
UNIT_CAESAR,40,sublist,CanSee,Standard
UNIT_CAESAR,41,sublist,MovementType,Land
UNIT_CAESAR,42,sublist,MovementType,Mountain
UNIT_CAESAR,43,sublist,Size,Small
UNIT_CAESAR,44,sublist,VisionClass,Standard
UNIT_CAESAR,45,nested,CanReform,"[{""t"": ""kv"", ""k"": ""Sound"", ""v"": ""SOUND_ID_REFORM_CITY""}, {""t"": ""kv"", ""k"": ""Effect"", ""v"": ""SPECEFFECT_REFORMCITY""}]"
UNIT_ATTILA,0,flag,CantBuild,
UNIT_ATTILA,1,kv,Description,DESCRIPTION_UNIT_KNIGHT
UNIT_ATTILA,2,kv,DefaultIcon,ICON_UNIT_ATTILA
UNIT_ATTILA,3,kv,DefaultSprite,SPRITE_ATTILA
UNIT_ATTILA,4,kv,Category,UNIT_CATEGORY_RANGED
UNIT_ATTILA,5,kv,Attack,20
UNIT_ATTILA,6,kv,Defense,15
UNIT_ATTILA,7,kv,ZBRangeAttack,40
UNIT_ATTILA,8,kv,Firepower,2
UNIT_ATTILA,9,kv,Armor,1
UNIT_ATTILA,10,kv,MaxHP,18
UNIT_ATTILA,11,kv,ShieldCost,500
UNIT_ATTILA,12,kv,PowerPoints,50
UNIT_ATTILA,13,kv,ShieldHunger,20
UNIT_ATTILA,14,kv,FoodHunger,0
UNIT_ATTILA,15,kv,MaxMovePoints,300
UNIT_ATTILA,16,kv,VisionRange,3
UNIT_ATTILA,17,kv,EnableAdvance,ADVANCE_HEXTAPUL
UNIT_ATTILA,18,kv,ActiveDefenseRange,0
UNIT_ATTILA,19,flag,LossMoveToDmgNone,
UNIT_ATTILA,20,kv,MaxFuel,0
UNIT_ATTILA,21,flag,CanEntrench,
UNIT_ATTILA,22,flag,CanExpel,
UNIT_ATTILA,23,flag,CanPillage,
UNIT_ATTILA,24,flag,CanPirate,
UNIT_ATTILA,25,flag,ExertsMartialLaw,
UNIT_ATTILA,26,flag,VictoryEnslavement,
UNIT_ATTILA,27,flag,DeathEffectsHappy,
UNIT_ATTILA,28,flag,VictoryEnslavement,
UNIT_ATTILA,29,flag,IsSpecialForces,
UNIT_ATTILA,30,kv,SoundSelect1,SOUND_SELECT1_SAMURAI
UNIT_ATTILA,31,kv,SoundSelect2,SOUND_SELECT2_SAMURAI
UNIT_ATTILA,32,kv,SoundMove,SOUND_MOVE_SAMURAI
UNIT_ATTILA,33,kv,SoundAcknowledge,SOUND_ACKNOWLEDGE_SAMURAI
UNIT_ATTILA,34,kv,SoundCantMove,SOUND_CANTMOVE_SAMURAI
UNIT_ATTILA,35,kv,SoundAttack,SOUND_ATTACK_SAMURAI
UNIT_ATTILA,36,kv,SoundWork,SOUND_WORK_SAMURAI
UNIT_ATTILA,37,kv,SoundVictory,SOUND_VICTORY_SAMURAI
UNIT_ATTILA,38,kv,SoundDeath,SOUND_DEATH_SAMURAI
UNIT_ATTILA,39,sublist,CanAttack,Land
UNIT_ATTILA,40,sublist,CanAttack,Mountain
UNIT_ATTILA,41,sublist,CanSee,Standard
UNIT_ATTILA,42,sublist,MovementType,Land
UNIT_ATTILA,43,sublist,MovementType,Mountain
UNIT_ATTILA,44,sublist,Size,Small
UNIT_ATTILA,45,sublist,VisionClass,Standard
UNIT_ATTILA,46,nested,CanReform,"[{""t"": ""kv"", ""k"": ""Sound"", ""v"": ""SOUND_ID_REFORM_CITY""}, {""t"": ""kv"", ""k"": ""Effect"", ""v"": ""SPECEFFECT_REFORMCITY""}]"
UNIT_SALADIN,0,flag,CantBuild,
UNIT_SALADIN,1,kv,Description,DESCRIPTION_UNIT_SWORDSMAN
UNIT_SALADIN,2,kv,DefaultIcon,ICON_UNIT_SALADIN
UNIT_SALADIN,3,kv,DefaultSprite,SPRITE_SALADIN
UNIT_SALADIN,4,kv,Category,UNIT_CATEGORY_RANGED
UNIT_SALADIN,5,kv,Attack,25
UNIT_SALADIN,6,kv,Defense,25
UNIT_SALADIN,7,kv,ZBRangeAttack,45
UNIT_SALADIN,8,kv,Firepower,2
UNIT_SALADIN,9,kv,Armor,1
UNIT_SALADIN,10,kv,MaxHP,18
UNIT_SALADIN,11,kv,ShieldCost,1500
UNIT_SALADIN,12,kv,PowerPoints,50
UNIT_SALADIN,13,kv,ShieldHunger,26
UNIT_SALADIN,14,kv,FoodHunger,0
UNIT_SALADIN,15,kv,MaxMovePoints,200
UNIT_SALADIN,16,kv,VisionRange,3
UNIT_SALADIN,17,kv,EnableAdvance,ADVANCE_HEXTAPUL
UNIT_SALADIN,18,kv,ActiveDefenseRange,0
UNIT_SALADIN,19,flag,LossMoveToDmgNone,
UNIT_SALADIN,20,kv,MaxFuel,0
UNIT_SALADIN,21,flag,CanEntrench,
UNIT_SALADIN,22,flag,CanExpel,
UNIT_SALADIN,23,flag,CanPillage,
UNIT_SALADIN,24,flag,CanPirate,
UNIT_SALADIN,25,flag,ExertsMartialLaw,
UNIT_SALADIN,26,flag,VictoryEnslavement,
UNIT_SALADIN,27,flag,DeathEffectsHappy,
UNIT_SALADIN,28,flag,IsSpecialForces,
UNIT_SALADIN,29,kv,SoundSelect1,SOUND_SELECT1_SAMURAI
UNIT_SALADIN,30,kv,SoundSelect2,SOUND_SELECT2_SAMURAI
UNIT_SALADIN,31,kv,SoundMove,SOUND_MOVE_SAMURAI
UNIT_SALADIN,32,kv,SoundAcknowledge,SOUND_ACKNOWLEDGE_SAMURAI
UNIT_SALADIN,33,kv,SoundCantMove,SOUND_CANTMOVE_SAMURAI
UNIT_SALADIN,34,kv,SoundAttack,SOUND_ATTACK_SAMURAI
UNIT_SALADIN,35,kv,SoundWork,SOUND_WORK_SAMURAI
UNIT_SALADIN,36,kv,SoundVictory,SOUND_VICTORY_SAMURAI
UNIT_SALADIN,37,kv,SoundDeath,SOUND_DEATH_SAMURAI
UNIT_SALADIN,38,sublist,CanAttack,Land
UNIT_SALADIN,39,sublist,CanAttack,Mountain
UNIT_SALADIN,40,sublist,CanSee,Standard
UNIT_SALADIN,41,sublist,MovementType,Land
UNIT_SALADIN,42,sublist,MovementType,Mountain
UNIT_SALADIN,43,sublist,Size,Small
UNIT_SALADIN,44,sublist,VisionClass,Standard
UNIT_SALADIN,45,nested,CanReform,"[{""t"": ""kv"", ""k"": ""Sound"", ""v"": ""SOUND_ID_REFORM_CITY""}, {""t"": ""kv"", ""k"": ""Effect"", ""v"": ""SPECEFFECT_REFORMCITY""}]"
UNIT_CHARLEMANGE,0,flag,CantBuild,
UNIT_CHARLEMANGE,1,kv,Description,DESCRIPTION_UNIT_KNIGHT
UNIT_CHARLEMANGE,2,kv,DefaultIcon,ICON_UNIT_CHARLEMANGE
UNIT_CHARLEMANGE,3,kv,DefaultSprite,SPRITE_CHARLEMANGE
UNIT_CHARLEMANGE,4,kv,Category,UNIT_CATEGORY_RANGED
UNIT_CHARLEMANGE,5,kv,Attack,30
UNIT_CHARLEMANGE,6,kv,Defense,25
UNIT_CHARLEMANGE,7,kv,ZBRangeAttack,45
UNIT_CHARLEMANGE,8,kv,Firepower,2
UNIT_CHARLEMANGE,9,kv,Armor,1
UNIT_CHARLEMANGE,10,kv,MaxHP,18
UNIT_CHARLEMANGE,11,kv,ShieldCost,1600
UNIT_CHARLEMANGE,12,kv,PowerPoints,50
UNIT_CHARLEMANGE,13,kv,ShieldHunger,26
UNIT_CHARLEMANGE,14,kv,FoodHunger,0
UNIT_CHARLEMANGE,15,kv,MaxMovePoints,300
UNIT_CHARLEMANGE,16,kv,VisionRange,3
UNIT_CHARLEMANGE,17,kv,EnableAdvance,ADVANCE_HEXTAPUL
UNIT_CHARLEMANGE,18,kv,ActiveDefenseRange,0
UNIT_CHARLEMANGE,19,flag,LossMoveToDmgNone,
UNIT_CHARLEMANGE,20,kv,MaxFuel,0
UNIT_CHARLEMANGE,21,flag,CanEntrench,
UNIT_CHARLEMANGE,22,flag,CanExpel,
UNIT_CHARLEMANGE,23,flag,CanPillage,
UNIT_CHARLEMANGE,24,flag,CanPirate,
UNIT_CHARLEMANGE,25,flag,ExertsMartialLaw,
UNIT_CHARLEMANGE,26,flag,VictoryEnslavement,
UNIT_CHARLEMANGE,27,flag,DeathEffectsHappy,
UNIT_CHARLEMANGE,28,flag,IsFlanker,
UNIT_CHARLEMANGE,29,flag,IsSpecialForces,
UNIT_CHARLEMANGE,30,kv,SoundSelect1,SOUND_SELECT1_KNIGHT
UNIT_CHARLEMANGE,31,kv,SoundSelect2,SOUND_SELECT2_KNIGHT
UNIT_CHARLEMANGE,32,kv,SoundMove,SOUND_MOVE_KNIGHT
UNIT_CHARLEMANGE,33,kv,SoundAcknowledge,SOUND_ACKNOWLEDGE_KNIGHT
UNIT_CHARLEMANGE,34,kv,SoundCantMove,SOUND_CANTMOVE_KNIGHT
UNIT_CHARLEMANGE,35,kv,SoundAttack,SOUND_ATTACK_KNIGHT
UNIT_CHARLEMANGE,36,kv,SoundWork,SOUND_WORK_KNIGHT
UNIT_CHARLEMANGE,37,kv,SoundVictory,SOUND_VICTORY_KNIGHT
UNIT_CHARLEMANGE,38,kv,SoundDeath,SOUND_DEATH_KNIGHT
UNIT_CHARLEMANGE,39,sublist,CanAttack,Land
UNIT_CHARLEMANGE,40,sublist,CanAttack,Mountain
UNIT_CHARLEMANGE,41,sublist,CanSee,Standard
UNIT_CHARLEMANGE,42,sublist,MovementType,Land
UNIT_CHARLEMANGE,43,sublist,MovementType,Mountain
UNIT_CHARLEMANGE,44,sublist,Size,Small
UNIT_CHARLEMANGE,45,sublist,VisionClass,Standard
UNIT_CHARLEMANGE,46,nested,CanReform,"[{""t"": ""kv"", ""k"": ""Sound"", ""v"": ""SOUND_ID_REFORM_CITY""}, {""t"": ""kv"", ""k"": ""Effect"", ""v"": ""SPECEFFECT_REFORMCITY""}]"
UNIT_HERNAN_CORTES,0,flag,CantBuild,
UNIT_HERNAN_CORTES,1,kv,Description,DESCRIPTION_UNIT_CAVALRY
UNIT_HERNAN_CORTES,2,kv,DefaultIcon,ICON_UNIT_HERNAN_CORTES
UNIT_HERNAN_CORTES,3,kv,DefaultSprite,SPRITE_HERNAN_CORTES
UNIT_HERNAN_CORTES,4,kv,Category,UNIT_CATEGORY_RANGED
UNIT_HERNAN_CORTES,5,kv,Attack,35
UNIT_HERNAN_CORTES,6,kv,Defense,30
UNIT_HERNAN_CORTES,7,kv,ZBRangeAttack,45
UNIT_HERNAN_CORTES,8,kv,Firepower,3
UNIT_HERNAN_CORTES,9,kv,Armor,1
UNIT_HERNAN_CORTES,10,kv,MaxHP,18
UNIT_HERNAN_CORTES,11,kv,ShieldCost,2000
UNIT_HERNAN_CORTES,12,kv,PowerPoints,50
UNIT_HERNAN_CORTES,13,kv,ShieldHunger,30
UNIT_HERNAN_CORTES,14,kv,FoodHunger,0
UNIT_HERNAN_CORTES,15,kv,MaxMovePoints,400
UNIT_HERNAN_CORTES,16,kv,VisionRange,2
UNIT_HERNAN_CORTES,17,kv,EnableAdvance,ADVANCE_HEXTAPUL
UNIT_HERNAN_CORTES,18,kv,ActiveDefenseRange,0
UNIT_HERNAN_CORTES,19,flag,LossMoveToDmgNone,
UNIT_HERNAN_CORTES,20,kv,MaxFuel,0
UNIT_HERNAN_CORTES,21,flag,CanEntrench,
UNIT_HERNAN_CORTES,22,flag,CanExpel,
UNIT_HERNAN_CORTES,23,flag,CanPillage,
UNIT_HERNAN_CORTES,24,flag,CanPirate,
UNIT_HERNAN_CORTES,25,flag,ExertsMartialLaw,
UNIT_HERNAN_CORTES,26,flag,DeathEffectsHappy,
UNIT_HERNAN_CORTES,27,flag,IsFlanker,
UNIT_HERNAN_CORTES,28,flag,IsMounted,
UNIT_HERNAN_CORTES,29,kv,SoundSelect1,SOUND_SELECT1_CAVALRY
UNIT_HERNAN_CORTES,30,kv,SoundSelect2,SOUND_SELECT2_CAVALRY
UNIT_HERNAN_CORTES,31,kv,SoundMove,SOUND_MOVE_CAVALRY
UNIT_HERNAN_CORTES,32,kv,SoundAcknowledge,SOUND_ACKNOWLEDGE_CAVALRY
UNIT_HERNAN_CORTES,33,kv,SoundCantMove,SOUND_CANTMOVE_CAVALRY
UNIT_HERNAN_CORTES,34,kv,SoundAttack,SOUND_ATTACK_CAVALRY
UNIT_HERNAN_CORTES,35,kv,SoundWork,SOUND_WORK_CAVALRY
UNIT_HERNAN_CORTES,36,kv,SoundVictory,SOUND_VICTORY_CAVALRY
UNIT_HERNAN_CORTES,37,kv,SoundDeath,SOUND_DEATH_CAVALRY
UNIT_HERNAN_CORTES,38,sublist,CanAttack,Land
UNIT_HERNAN_CORTES,39,sublist,CanAttack,Mountain
UNIT_HERNAN_CORTES,40,sublist,CanSee,Standard
UNIT_HERNAN_CORTES,41,sublist,MovementType,Land
UNIT_HERNAN_CORTES,42,sublist,MovementType,Mountain
UNIT_HERNAN_CORTES,43,sublist,Size,Small
UNIT_HERNAN_CORTES,44,sublist,VisionClass,Standard
UNIT_HERNAN_CORTES,45,nested,CanReform,"[{""t"": ""kv"", ""k"": ""Sound"", ""v"": ""SOUND_ID_REFORM_CITY""}, {""t"": ""kv"", ""k"": ""Effect"", ""v"": ""SPECEFFECT_REFORMCITY""}]"
UNIT_ULYSSES_GRANT,0,flag,CantBuild,
UNIT_ULYSSES_GRANT,1,kv,Description,DESCRIPTION_UNIT_INFANTRYMAN
UNIT_ULYSSES_GRANT,2,kv,DefaultIcon,ICON_UNIT_ULYSSES_GRANT
UNIT_ULYSSES_GRANT,3,kv,DefaultSprite,SPRITE_ULYSSES_GRANT
UNIT_ULYSSES_GRANT,4,kv,Category,UNIT_CATEGORY_RANGED
UNIT_ULYSSES_GRANT,5,kv,Attack,40
UNIT_ULYSSES_GRANT,6,kv,Defense,30
UNIT_ULYSSES_GRANT,7,kv,ZBRangeAttack,45
UNIT_ULYSSES_GRANT,8,kv,Firepower,3
UNIT_ULYSSES_GRANT,9,kv,Armor,1
UNIT_ULYSSES_GRANT,10,kv,MaxHP,20
UNIT_ULYSSES_GRANT,11,kv,ShieldCost,2000
UNIT_ULYSSES_GRANT,12,kv,PowerPoints,50
UNIT_ULYSSES_GRANT,13,kv,ShieldHunger,34
UNIT_ULYSSES_GRANT,14,kv,FoodHunger,0
UNIT_ULYSSES_GRANT,15,kv,MaxMovePoints,400
UNIT_ULYSSES_GRANT,16,kv,VisionRange,3
UNIT_ULYSSES_GRANT,17,kv,EnableAdvance,ADVANCE_HEXTAPUL
UNIT_ULYSSES_GRANT,18,kv,ActiveDefenseRange,0
UNIT_ULYSSES_GRANT,19,flag,LossMoveToDmgNone,
UNIT_ULYSSES_GRANT,20,kv,MaxFuel,0
UNIT_ULYSSES_GRANT,21,flag,CanEntrench,
UNIT_ULYSSES_GRANT,22,flag,CanBeachAssault,
UNIT_ULYSSES_GRANT,23,flag,CanExpel,
UNIT_ULYSSES_GRANT,24,flag,CanPillage,
UNIT_ULYSSES_GRANT,25,flag,CanPirate,
UNIT_ULYSSES_GRANT,26,flag,ExertsMartialLaw,
UNIT_ULYSSES_GRANT,27,flag,DeathEffectsHappy,
UNIT_ULYSSES_GRANT,28,kv,SoundSelect1,SOUND_SELECT1_INFANTRYMAN
UNIT_ULYSSES_GRANT,29,kv,SoundSelect2,SOUND_SELECT2_INFANTRYMAN
UNIT_ULYSSES_GRANT,30,kv,SoundMove,SOUND_MOVE_INFANTRYMAN
UNIT_ULYSSES_GRANT,31,kv,SoundAcknowledge,SOUND_ACKNOWLEDGE_INFANTRYMAN
UNIT_ULYSSES_GRANT,32,kv,SoundCantMove,SOUND_CANTMOVE_INFANTRYMAN
UNIT_ULYSSES_GRANT,33,kv,SoundAttack,SOUND_ATTACK_INFANTRYMAN
UNIT_ULYSSES_GRANT,34,kv,SoundWork,SOUND_WORK_INFANTRYMAN
UNIT_ULYSSES_GRANT,35,kv,SoundVictory,SOUND_VICTORY_INFANTRYMAN
UNIT_ULYSSES_GRANT,36,kv,SoundDeath,SOUND_DEATH_INFANTRYMAN
UNIT_ULYSSES_GRANT,37,sublist,CanAttack,Land
UNIT_ULYSSES_GRANT,38,sublist,CanAttack,Mountain
UNIT_ULYSSES_GRANT,39,sublist,CanSee,Standard
UNIT_ULYSSES_GRANT,40,sublist,MovementType,Land
UNIT_ULYSSES_GRANT,41,sublist,MovementType,Mountain
UNIT_ULYSSES_GRANT,42,sublist,Size,Small
UNIT_ULYSSES_GRANT,43,sublist,VisionClass,Standard
UNIT_ULYSSES_GRANT,44,nested,CanReform,"[{""t"": ""kv"", ""k"": ""Sound"", ""v"": ""SOUND_ID_REFORM_CITY""}, {""t"": ""kv"", ""k"": ""Effect"", ""v"": ""SPECEFFECT_REFORMCITY""}]"
UNIT_GUSTAVAS_ADOLPHUS,0,flag,CantBuild,
UNIT_GUSTAVAS_ADOLPHUS,1,kv,Description,DESCRIPTION_UNIT_INFANTRYMAN
UNIT_GUSTAVAS_ADOLPHUS,2,kv,DefaultIcon,ICON_UNIT_GUSTAVAS_ADOLPHUS
UNIT_GUSTAVAS_ADOLPHUS,3,kv,DefaultSprite,SPRITE_GUSTAVAS_ADOLPHUS
UNIT_GUSTAVAS_ADOLPHUS,4,kv,Category,UNIT_CATEGORY_RANGED
UNIT_GUSTAVAS_ADOLPHUS,5,kv,Attack,40
UNIT_GUSTAVAS_ADOLPHUS,6,kv,Defense,30
UNIT_GUSTAVAS_ADOLPHUS,7,kv,ZBRangeAttack,45
UNIT_GUSTAVAS_ADOLPHUS,8,kv,Firepower,3
UNIT_GUSTAVAS_ADOLPHUS,9,kv,Armor,1
UNIT_GUSTAVAS_ADOLPHUS,10,kv,MaxHP,20
UNIT_GUSTAVAS_ADOLPHUS,11,kv,ShieldCost,2000
UNIT_GUSTAVAS_ADOLPHUS,12,kv,PowerPoints,50
UNIT_GUSTAVAS_ADOLPHUS,13,kv,ShieldHunger,34
UNIT_GUSTAVAS_ADOLPHUS,14,kv,FoodHunger,0
UNIT_GUSTAVAS_ADOLPHUS,15,kv,MaxMovePoints,400
UNIT_GUSTAVAS_ADOLPHUS,16,kv,VisionRange,3
UNIT_GUSTAVAS_ADOLPHUS,17,kv,EnableAdvance,ADVANCE_HEXTAPUL
UNIT_GUSTAVAS_ADOLPHUS,18,kv,ActiveDefenseRange,0
UNIT_GUSTAVAS_ADOLPHUS,19,flag,LossMoveToDmgNone,
UNIT_GUSTAVAS_ADOLPHUS,20,kv,MaxFuel,0
UNIT_GUSTAVAS_ADOLPHUS,21,flag,CanEntrench,
UNIT_GUSTAVAS_ADOLPHUS,22,flag,CanBeachAssault,
UNIT_GUSTAVAS_ADOLPHUS,23,flag,CanExpel,
UNIT_GUSTAVAS_ADOLPHUS,24,flag,CanPillage,
UNIT_GUSTAVAS_ADOLPHUS,25,flag,CanPirate,
UNIT_GUSTAVAS_ADOLPHUS,26,flag,ExertsMartialLaw,
UNIT_GUSTAVAS_ADOLPHUS,27,flag,DeathEffectsHappy,
UNIT_GUSTAVAS_ADOLPHUS,28,kv,SoundSelect1,SOUND_SELECT1_INFANTRYMAN
UNIT_GUSTAVAS_ADOLPHUS,29,kv,SoundSelect2,SOUND_SELECT2_INFANTRYMAN
UNIT_GUSTAVAS_ADOLPHUS,30,kv,SoundMove,SOUND_MOVE_INFANTRYMAN
UNIT_GUSTAVAS_ADOLPHUS,31,kv,SoundAcknowledge,SOUND_ACKNOWLEDGE_INFANTRYMAN
UNIT_GUSTAVAS_ADOLPHUS,32,kv,SoundCantMove,SOUND_CANTMOVE_INFANTRYMAN
UNIT_GUSTAVAS_ADOLPHUS,33,kv,SoundAttack,SOUND_ATTACK_INFANTRYMAN
UNIT_GUSTAVAS_ADOLPHUS,34,kv,SoundWork,SOUND_WORK_INFANTRYMAN
UNIT_GUSTAVAS_ADOLPHUS,35,kv,SoundVictory,SOUND_VICTORY_INFANTRYMAN
UNIT_GUSTAVAS_ADOLPHUS,36,kv,SoundDeath,SOUND_DEATH_INFANTRYMAN
UNIT_GUSTAVAS_ADOLPHUS,37,sublist,CanAttack,Land
UNIT_GUSTAVAS_ADOLPHUS,38,sublist,CanAttack,Mountain
UNIT_GUSTAVAS_ADOLPHUS,39,sublist,CanSee,Standard
UNIT_GUSTAVAS_ADOLPHUS,40,sublist,MovementType,Land
UNIT_GUSTAVAS_ADOLPHUS,41,sublist,MovementType,Mountain
UNIT_GUSTAVAS_ADOLPHUS,42,sublist,Size,Small
UNIT_GUSTAVAS_ADOLPHUS,43,sublist,VisionClass,Standard
UNIT_GUSTAVAS_ADOLPHUS,44,nested,CanReform,"[{""t"": ""kv"", ""k"": ""Sound"", ""v"": ""SOUND_ID_REFORM_CITY""}, {""t"": ""kv"", ""k"": ""Effect"", ""v"": ""SPECEFFECT_REFORMCITY""}]"
UNIT_WILLIAM_PITT,0,flag,CantBuild,
UNIT_WILLIAM_PITT,1,kv,Description,DESCRIPTION_UNIT_INFANTRYMAN
UNIT_WILLIAM_PITT,2,kv,DefaultIcon,ICON_UNIT_WILLIAM_PITT
UNIT_WILLIAM_PITT,3,kv,DefaultSprite,SPRITE_WILLIAM_PITT
UNIT_WILLIAM_PITT,4,kv,Category,UNIT_CATEGORY_RANGED
UNIT_WILLIAM_PITT,5,kv,Attack,40
UNIT_WILLIAM_PITT,6,kv,Defense,30
UNIT_WILLIAM_PITT,7,kv,ZBRangeAttack,45
UNIT_WILLIAM_PITT,8,kv,Firepower,3
UNIT_WILLIAM_PITT,9,kv,Armor,1
UNIT_WILLIAM_PITT,10,kv,MaxHP,20
UNIT_WILLIAM_PITT,11,kv,ShieldCost,2000
UNIT_WILLIAM_PITT,12,kv,PowerPoints,50
UNIT_WILLIAM_PITT,13,kv,ShieldHunger,34
UNIT_WILLIAM_PITT,14,kv,FoodHunger,0
UNIT_WILLIAM_PITT,15,kv,MaxMovePoints,400
UNIT_WILLIAM_PITT,16,kv,VisionRange,3
UNIT_WILLIAM_PITT,17,kv,EnableAdvance,ADVANCE_HEXTAPUL
UNIT_WILLIAM_PITT,18,kv,ActiveDefenseRange,0
UNIT_WILLIAM_PITT,19,flag,LossMoveToDmgNone,
UNIT_WILLIAM_PITT,20,kv,MaxFuel,0
UNIT_WILLIAM_PITT,21,flag,CanEntrench,
UNIT_WILLIAM_PITT,22,flag,CanBeachAssault,
UNIT_WILLIAM_PITT,23,flag,CanExpel,
UNIT_WILLIAM_PITT,24,flag,CanPillage,
UNIT_WILLIAM_PITT,25,flag,CanPirate,
UNIT_WILLIAM_PITT,26,flag,ExertsMartialLaw,
UNIT_WILLIAM_PITT,27,flag,DeathEffectsHappy,
UNIT_WILLIAM_PITT,28,kv,SoundSelect1,SOUND_SELECT1_INFANTRYMAN
UNIT_WILLIAM_PITT,29,kv,SoundSelect2,SOUND_SELECT2_INFANTRYMAN
UNIT_WILLIAM_PITT,30,kv,SoundMove,SOUND_MOVE_INFANTRYMAN
UNIT_WILLIAM_PITT,31,kv,SoundAcknowledge,SOUND_ACKNOWLEDGE_INFANTRYMAN
UNIT_WILLIAM_PITT,32,kv,SoundCantMove,SOUND_CANTMOVE_INFANTRYMAN
UNIT_WILLIAM_PITT,33,kv,SoundAttack,SOUND_ATTACK_INFANTRYMAN
UNIT_WILLIAM_PITT,34,kv,SoundWork,SOUND_WORK_INFANTRYMAN
UNIT_WILLIAM_PITT,35,kv,SoundVictory,SOUND_VICTORY_INFANTRYMAN
UNIT_WILLIAM_PITT,36,kv,SoundDeath,SOUND_DEATH_INFANTRYMAN
UNIT_WILLIAM_PITT,37,sublist,CanAttack,Land
UNIT_WILLIAM_PITT,38,sublist,CanAttack,Mountain
UNIT_WILLIAM_PITT,39,sublist,CanSee,Standard
UNIT_WILLIAM_PITT,40,sublist,MovementType,Land
UNIT_WILLIAM_PITT,41,sublist,MovementType,Mountain
UNIT_WILLIAM_PITT,42,sublist,Size,Small
UNIT_WILLIAM_PITT,43,sublist,VisionClass,Standard
UNIT_WILLIAM_PITT,44,nested,CanReform,"[{""t"": ""kv"", ""k"": ""Sound"", ""v"": ""SOUND_ID_REFORM_CITY""}, {""t"": ""kv"", ""k"": ""Effect"", ""v"": ""SPECEFFECT_REFORMCITY""}]"
UNIT_NAPOLEON,0,flag,CantBuild,
UNIT_NAPOLEON,1,kv,Description,DESCRIPTION_UNIT_INFANTRYMAN
UNIT_NAPOLEON,2,kv,DefaultIcon,ICON_UNIT_NAPOLEON
UNIT_NAPOLEON,3,kv,DefaultSprite,SPRITE_NAPOLEON
UNIT_NAPOLEON,4,kv,Category,UNIT_CATEGORY_RANGED
UNIT_NAPOLEON,5,kv,Attack,40
UNIT_NAPOLEON,6,kv,Defense,30
UNIT_NAPOLEON,7,kv,ZBRangeAttack,45
UNIT_NAPOLEON,8,kv,Firepower,3
UNIT_NAPOLEON,9,kv,Armor,1
UNIT_NAPOLEON,10,kv,MaxHP,20
UNIT_NAPOLEON,11,kv,ShieldCost,2000
UNIT_NAPOLEON,12,kv,PowerPoints,50
UNIT_NAPOLEON,13,kv,ShieldHunger,34
UNIT_NAPOLEON,14,kv,FoodHunger,0
UNIT_NAPOLEON,15,kv,MaxMovePoints,400
UNIT_NAPOLEON,16,kv,VisionRange,3
UNIT_NAPOLEON,17,kv,EnableAdvance,ADVANCE_HEXTAPUL
UNIT_NAPOLEON,18,kv,ActiveDefenseRange,0
UNIT_NAPOLEON,19,flag,LossMoveToDmgNone,
UNIT_NAPOLEON,20,kv,MaxFuel,0
UNIT_NAPOLEON,21,flag,CanEntrench,
UNIT_NAPOLEON,22,flag,CanBeachAssault,
UNIT_NAPOLEON,23,flag,CanExpel,
UNIT_NAPOLEON,24,flag,CanPillage,
UNIT_NAPOLEON,25,flag,CanPirate,
UNIT_NAPOLEON,26,flag,ExertsMartialLaw,
UNIT_NAPOLEON,27,flag,DeathEffectsHappy,
UNIT_NAPOLEON,28,kv,SoundSelect1,SOUND_SELECT1_INFANTRYMAN
UNIT_NAPOLEON,29,kv,SoundSelect2,SOUND_SELECT2_INFANTRYMAN
UNIT_NAPOLEON,30,kv,SoundMove,SOUND_MOVE_INFANTRYMAN
UNIT_NAPOLEON,31,kv,SoundAcknowledge,SOUND_ACKNOWLEDGE_INFANTRYMAN
UNIT_NAPOLEON,32,kv,SoundCantMove,SOUND_CANTMOVE_INFANTRYMAN
UNIT_NAPOLEON,33,kv,SoundAttack,SOUND_ATTACK_INFANTRYMAN
UNIT_NAPOLEON,34,kv,SoundWork,SOUND_WORK_INFANTRYMAN
UNIT_NAPOLEON,35,kv,SoundVictory,SOUND_VICTORY_INFANTRYMAN
UNIT_NAPOLEON,36,kv,SoundDeath,SOUND_DEATH_INFANTRYMAN
UNIT_NAPOLEON,37,sublist,CanAttack,Land
UNIT_NAPOLEON,38,sublist,CanAttack,Mountain
UNIT_NAPOLEON,39,sublist,CanSee,Standard
UNIT_NAPOLEON,40,sublist,MovementType,Land
UNIT_NAPOLEON,41,sublist,MovementType,Mountain
UNIT_NAPOLEON,42,sublist,Size,Small
UNIT_NAPOLEON,43,sublist,VisionClass,Standard
UNIT_NAPOLEON,44,nested,CanReform,"[{""t"": ""kv"", ""k"": ""Sound"", ""v"": ""SOUND_ID_REFORM_CITY""}, {""t"": ""kv"", ""k"": ""Effect"", ""v"": ""SPECEFFECT_REFORMCITY""}]"
UNIT_TOKUGAWA,0,flag,CantBuild,
UNIT_TOKUGAWA,1,kv,Description,DESCRIPTION_UNIT_INFANTRYMAN
UNIT_TOKUGAWA,2,kv,DefaultIcon,ICON_UNIT_TOKUGAWA
UNIT_TOKUGAWA,3,kv,DefaultSprite,SPRITE_TOKUGAWA
UNIT_TOKUGAWA,4,kv,Category,UNIT_CATEGORY_RANGED
UNIT_TOKUGAWA,5,kv,Attack,35
UNIT_TOKUGAWA,6,kv,Defense,30
UNIT_TOKUGAWA,7,kv,ZBRangeAttack,45
UNIT_TOKUGAWA,8,kv,Firepower,3
UNIT_TOKUGAWA,9,kv,Armor,1
UNIT_TOKUGAWA,10,kv,MaxHP,18
UNIT_TOKUGAWA,11,kv,ShieldCost,2000
UNIT_TOKUGAWA,12,kv,PowerPoints,50
UNIT_TOKUGAWA,13,kv,ShieldHunger,34
UNIT_TOKUGAWA,14,kv,FoodHunger,0
UNIT_TOKUGAWA,15,kv,MaxMovePoints,300
UNIT_TOKUGAWA,16,kv,VisionRange,2
UNIT_TOKUGAWA,17,kv,EnableAdvance,ADVANCE_HEXTAPUL
UNIT_TOKUGAWA,18,kv,ActiveDefenseRange,0
UNIT_TOKUGAWA,19,flag,LossMoveToDmgNone,
UNIT_TOKUGAWA,20,kv,MaxFuel,0
UNIT_TOKUGAWA,21,flag,CanEntrench,
UNIT_TOKUGAWA,22,flag,CanExpel,
UNIT_TOKUGAWA,23,flag,CanPillage,
UNIT_TOKUGAWA,24,flag,CanPirate,
UNIT_TOKUGAWA,25,flag,ExertsMartialLaw,
UNIT_TOKUGAWA,26,flag,DeathEffectsHappy,
UNIT_TOKUGAWA,27,kv,SoundSelect1,SOUND_SELECT1_INFANTRYMAN
UNIT_TOKUGAWA,28,kv,SoundSelect2,SOUND_SELECT2_INFANTRYMAN
UNIT_TOKUGAWA,29,kv,SoundMove,SOUND_MOVE_INFANTRYMAN
UNIT_TOKUGAWA,30,kv,SoundAcknowledge,SOUND_ACKNOWLEDGE_INFANTRYMAN
UNIT_TOKUGAWA,31,kv,SoundCantMove,SOUND_CANTMOVE_INFANTRYMAN
UNIT_TOKUGAWA,32,kv,SoundAttack,SOUND_ATTACK_INFANTRYMAN
UNIT_TOKUGAWA,33,kv,SoundWork,SOUND_WORK_INFANTRYMAN
UNIT_TOKUGAWA,34,kv,SoundVictory,SOUND_VICTORY_INFANTRYMAN
UNIT_TOKUGAWA,35,kv,SoundDeath,SOUND_DEATH_INFANTRYMAN
UNIT_TOKUGAWA,36,sublist,CanAttack,Land
UNIT_TOKUGAWA,37,sublist,CanAttack,Mountain
UNIT_TOKUGAWA,38,sublist,CanSee,Standard
UNIT_TOKUGAWA,39,sublist,MovementType,Land
UNIT_TOKUGAWA,40,sublist,MovementType,Mountain
UNIT_TOKUGAWA,41,sublist,Size,Small
UNIT_TOKUGAWA,42,sublist,VisionClass,Standard
UNIT_TOKUGAWA,43,nested,CanReform,"[{""t"": ""kv"", ""k"": ""Sound"", ""v"": ""SOUND_ID_REFORM_CITY""}, {""t"": ""kv"", ""k"": ""Effect"", ""v"": ""SPECEFFECT_REFORMCITY""}]"
UNIT_DWIGHT_EISENHOWER,0,flag,CantBuild,
UNIT_DWIGHT_EISENHOWER,1,kv,Description,DESCRIPTION_UNIT_TANK
UNIT_DWIGHT_EISENHOWER,2,kv,DefaultIcon,ICON_UNIT_DWIGHT_EISENHOWER
UNIT_DWIGHT_EISENHOWER,3,kv,DefaultSprite,SPRITE_DWIGHT_EISENHOWER
UNIT_DWIGHT_EISENHOWER,4,kv,Category,UNIT_CATEGORY_RANGED
UNIT_DWIGHT_EISENHOWER,5,kv,Attack,55
UNIT_DWIGHT_EISENHOWER,6,kv,Defense,50
UNIT_DWIGHT_EISENHOWER,7,kv,ZBRangeAttack,65
UNIT_DWIGHT_EISENHOWER,8,kv,Firepower,4
UNIT_DWIGHT_EISENHOWER,9,kv,Armor,3
UNIT_DWIGHT_EISENHOWER,10,kv,MaxHP,20
UNIT_DWIGHT_EISENHOWER,11,kv,ShieldCost,3000
UNIT_DWIGHT_EISENHOWER,12,kv,PowerPoints,50
UNIT_DWIGHT_EISENHOWER,13,kv,ShieldHunger,55
UNIT_DWIGHT_EISENHOWER,14,kv,FoodHunger,0
UNIT_DWIGHT_EISENHOWER,15,kv,MaxMovePoints,700
UNIT_DWIGHT_EISENHOWER,16,kv,VisionRange,3
UNIT_DWIGHT_EISENHOWER,17,kv,EnableAdvance,ADVANCE_HEXTAPUL
UNIT_DWIGHT_EISENHOWER,18,kv,ActiveDefenseRange,0
UNIT_DWIGHT_EISENHOWER,19,flag,LossMoveToDmgNone,
UNIT_DWIGHT_EISENHOWER,20,kv,MaxFuel,0
UNIT_DWIGHT_EISENHOWER,21,flag,CanEntrench,
UNIT_DWIGHT_EISENHOWER,22,flag,CanExpel,
UNIT_DWIGHT_EISENHOWER,23,flag,CanPillage,
UNIT_DWIGHT_EISENHOWER,24,flag,CanPirate,
UNIT_DWIGHT_EISENHOWER,25,flag,ExertsMartialLaw,
UNIT_DWIGHT_EISENHOWER,26,flag,DeathEffectsHappy,
UNIT_DWIGHT_EISENHOWER,27,flag,IsFlanker,
UNIT_DWIGHT_EISENHOWER,28,flag,Explodes,
UNIT_DWIGHT_EISENHOWER,29,kv,SoundSelect1,SOUND_SELECT1_TANK
UNIT_DWIGHT_EISENHOWER,30,kv,SoundSelect2,SOUND_SELECT2_TANK
UNIT_DWIGHT_EISENHOWER,31,kv,SoundMove,SOUND_MOVE_TANK
UNIT_DWIGHT_EISENHOWER,32,kv,SoundAcknowledge,SOUND_ACKNOWLEDGE_TANK
UNIT_DWIGHT_EISENHOWER,33,kv,SoundCantMove,SOUND_CANTMOVE_TANK
UNIT_DWIGHT_EISENHOWER,34,kv,SoundAttack,SOUND_ATTACK_TANK
UNIT_DWIGHT_EISENHOWER,35,kv,SoundWork,SOUND_WORK_TANK
UNIT_DWIGHT_EISENHOWER,36,kv,SoundVictory,SOUND_VICTORY_TANK
UNIT_DWIGHT_EISENHOWER,37,kv,SoundDeath,SOUND_DEATH_TANK
UNIT_DWIGHT_EISENHOWER,38,sublist,CanAttack,Land
UNIT_DWIGHT_EISENHOWER,39,sublist,CanAttack,Mountain
UNIT_DWIGHT_EISENHOWER,40,sublist,CanSee,Standard
UNIT_DWIGHT_EISENHOWER,41,sublist,MovementType,Land
UNIT_DWIGHT_EISENHOWER,42,sublist,MovementType,Mountain
UNIT_DWIGHT_EISENHOWER,43,sublist,Size,Small
UNIT_DWIGHT_EISENHOWER,44,sublist,VisionClass,Standard
UNIT_DWIGHT_EISENHOWER,45,nested,CanReform,"[{""t"": ""kv"", ""k"": ""Sound"", ""v"": ""SOUND_ID_REFORM_CITY""}, {""t"": ""kv"", ""k"": ""Effect"", ""v"": ""SPECEFFECT_REFORMCITY""}]"
UNIT_NORMAN_SCHWARZKOPF,0,flag,CantBuild,
UNIT_NORMAN_SCHWARZKOPF,1,kv,Description,DESCRIPTION_UNIT_INTERCEPTOR
UNIT_NORMAN_SCHWARZKOPF,2,kv,DefaultIcon,ICON_UNIT_NORMAN_SCHWARZKOPF
UNIT_NORMAN_SCHWARZKOPF,3,kv,DefaultSprite,SPRITE_NORMAN_SCHWARZKOPF
UNIT_NORMAN_SCHWARZKOPF,4,kv,Category,UNIT_CATEGORY_RANGED
UNIT_NORMAN_SCHWARZKOPF,5,kv,Attack,65
UNIT_NORMAN_SCHWARZKOPF,6,kv,Defense,65
UNIT_NORMAN_SCHWARZKOPF,7,kv,ZBRangeAttack,80
UNIT_NORMAN_SCHWARZKOPF,8,kv,Firepower,4
UNIT_NORMAN_SCHWARZKOPF,9,kv,Armor,2
UNIT_NORMAN_SCHWARZKOPF,10,kv,MaxHP,20
UNIT_NORMAN_SCHWARZKOPF,11,kv,ShieldCost,3000
UNIT_NORMAN_SCHWARZKOPF,12,kv,PowerPoints,50
UNIT_NORMAN_SCHWARZKOPF,13,kv,ShieldHunger,70
UNIT_NORMAN_SCHWARZKOPF,14,kv,FoodHunger,0
UNIT_NORMAN_SCHWARZKOPF,15,kv,MaxMovePoints,1200
UNIT_NORMAN_SCHWARZKOPF,16,kv,VisionRange,5
UNIT_NORMAN_SCHWARZKOPF,17,kv,EnableAdvance,ADVANCE_HEXTAPUL
UNIT_NORMAN_SCHWARZKOPF,18,kv,ActiveDefenseRange,0
UNIT_NORMAN_SCHWARZKOPF,19,flag,EnableCarrierDefenses,
UNIT_NORMAN_SCHWARZKOPF,20,flag,LossMoveToDmgNone,
UNIT_NORMAN_SCHWARZKOPF,21,flag,NoFuelThenCrash,
UNIT_NORMAN_SCHWARZKOPF,22,kv,MaxFuel,3600
UNIT_NORMAN_SCHWARZKOPF,23,flag,IgnoreZOC,
UNIT_NORMAN_SCHWARZKOPF,24,flag,NoZoc,
UNIT_NORMAN_SCHWARZKOPF,25,flag,CanBeachAssault,
UNIT_NORMAN_SCHWARZKOPF,26,flag,CantCaptureCity,
UNIT_NORMAN_SCHWARZKOPF,27,flag,DeathEffectsHappy,
UNIT_NORMAN_SCHWARZKOPF,28,flag,Explodes,
UNIT_NORMAN_SCHWARZKOPF,29,kv,SoundSelect1,SOUND_SELECT1_INTERCEPTORS
UNIT_NORMAN_SCHWARZKOPF,30,kv,SoundSelect2,SOUND_SELECT2_INTERCEPTORS
UNIT_NORMAN_SCHWARZKOPF,31,kv,SoundMove,SOUND_MOVE_INTERCEPTORS
UNIT_NORMAN_SCHWARZKOPF,32,kv,SoundAcknowledge,SOUND_ACKNOWLEDGE_INTERCEPTORS
UNIT_NORMAN_SCHWARZKOPF,33,kv,SoundCantMove,SOUND_CANTMOVE_INTERCEPTORS
UNIT_NORMAN_SCHWARZKOPF,34,kv,SoundAttack,SOUND_ATTACK_INTERCEPTORS
UNIT_NORMAN_SCHWARZKOPF,35,kv,SoundWork,SOUND_WORK_INTERCEPTORS
UNIT_NORMAN_SCHWARZKOPF,36,kv,SoundVictory,SOUND_VICTORY_INTERCEPTORS
UNIT_NORMAN_SCHWARZKOPF,37,kv,SoundDeath,SOUND_DEATH_INTERCEPTORS
UNIT_NORMAN_SCHWARZKOPF,38,sublist,CanAttack,Land
UNIT_NORMAN_SCHWARZKOPF,39,sublist,CanAttack,Mountain
UNIT_NORMAN_SCHWARZKOPF,40,sublist,CanAttack,Air
UNIT_NORMAN_SCHWARZKOPF,41,sublist,CanAttack,Sea
UNIT_NORMAN_SCHWARZKOPF,42,sublist,CanAttack,ShallowWater
UNIT_NORMAN_SCHWARZKOPF,43,sublist,CanSee,Standard
UNIT_NORMAN_SCHWARZKOPF,44,sublist,MovementType,Air
UNIT_NORMAN_SCHWARZKOPF,45,sublist,Size,Medium
UNIT_NORMAN_SCHWARZKOPF,46,sublist,VisionClass,Standard
UNIT_HERACLIUS,0,flag,CantBuild,
UNIT_HERACLIUS,1,kv,Description,DESCRIPTION_UNIT_KNIGHT
UNIT_HERACLIUS,2,kv,DefaultIcon,ICON_UNIT_HERACLIUS
UNIT_HERACLIUS,3,kv,DefaultSprite,SPRITE_HERACLIUS
UNIT_HERACLIUS,4,kv,Category,UNIT_CATEGORY_RANGED
UNIT_HERACLIUS,5,kv,Attack,30
UNIT_HERACLIUS,6,kv,Defense,15
UNIT_HERACLIUS,7,kv,ZBRangeAttack,45
UNIT_HERACLIUS,8,kv,Firepower,2
UNIT_HERACLIUS,9,kv,Armor,1
UNIT_HERACLIUS,10,kv,MaxHP,18
UNIT_HERACLIUS,11,kv,ShieldCost,1600
UNIT_HERACLIUS,12,kv,PowerPoints,50
UNIT_HERACLIUS,13,kv,ShieldHunger,26
UNIT_HERACLIUS,14,kv,FoodHunger,0
UNIT_HERACLIUS,15,kv,MaxMovePoints,300
UNIT_HERACLIUS,16,kv,VisionRange,3
UNIT_HERACLIUS,17,kv,EnableAdvance,ADVANCE_HEXTAPUL
UNIT_HERACLIUS,18,kv,ActiveDefenseRange,0
UNIT_HERACLIUS,19,flag,LossMoveToDmgNone,
UNIT_HERACLIUS,20,kv,MaxFuel,0
UNIT_HERACLIUS,21,flag,CanEntrench,
UNIT_HERACLIUS,22,flag,CanExpel,
UNIT_HERACLIUS,23,flag,CanPillage,
UNIT_HERACLIUS,24,flag,CanPirate,
UNIT_HERACLIUS,25,flag,ExertsMartialLaw,
UNIT_HERACLIUS,26,flag,VictoryEnslavement,
UNIT_HERACLIUS,27,flag,DeathEffectsHappy,
UNIT_HERACLIUS,28,flag,IsFlanker,
UNIT_HERACLIUS,29,flag,IsSpecialForces,
UNIT_HERACLIUS,30,kv,SoundSelect1,SOUND_SELECT1_KNIGHT
UNIT_HERACLIUS,31,kv,SoundSelect2,SOUND_SELECT2_KNIGHT
UNIT_HERACLIUS,32,kv,SoundMove,SOUND_MOVE_KNIGHT
UNIT_HERACLIUS,33,kv,SoundAcknowledge,SOUND_ACKNOWLEDGE_KNIGHT
UNIT_HERACLIUS,34,kv,SoundCantMove,SOUND_CANTMOVE_KNIGHT
UNIT_HERACLIUS,35,kv,SoundAttack,SOUND_ATTACK_KNIGHT
UNIT_HERACLIUS,36,kv,SoundWork,SOUND_WORK_KNIGHT
UNIT_HERACLIUS,37,kv,SoundVictory,SOUND_VICTORY_KNIGHT
UNIT_HERACLIUS,38,kv,SoundDeath,SOUND_DEATH_KNIGHT
UNIT_HERACLIUS,39,sublist,CanAttack,Land
UNIT_HERACLIUS,40,sublist,CanAttack,Mountain
UNIT_HERACLIUS,41,sublist,CanSee,Standard
UNIT_HERACLIUS,42,sublist,MovementType,Land
UNIT_HERACLIUS,43,sublist,MovementType,Mountain
UNIT_HERACLIUS,44,sublist,Size,Small
UNIT_HERACLIUS,45,sublist,VisionClass,Standard
UNIT_HERACLIUS,46,nested,CanReform,"[{""t"": ""kv"", ""k"": ""Sound"", ""v"": ""SOUND_ID_REFORM_CITY""}, {""t"": ""kv"", ""k"": ""Effect"", ""v"": ""SPECEFFECT_REFORMCITY""}]"
UNIT_BARBAROSSA,0,flag,CantBuild,
UNIT_BARBAROSSA,1,kv,Description,DESCRIPTION_UNIT_KNIGHT
UNIT_BARBAROSSA,2,kv,DefaultIcon,ICON_UNIT_BARBAROSSA
UNIT_BARBAROSSA,3,kv,DefaultSprite,SPRITE_BARBAROSSA
UNIT_BARBAROSSA,4,kv,Category,UNIT_CATEGORY_RANGED
UNIT_BARBAROSSA,5,kv,Attack,30
UNIT_BARBAROSSA,6,kv,Defense,35
UNIT_BARBAROSSA,7,kv,ZBRangeAttack,45
UNIT_BARBAROSSA,8,kv,Firepower,2
UNIT_BARBAROSSA,9,kv,Armor,1
UNIT_BARBAROSSA,10,kv,MaxHP,18
UNIT_BARBAROSSA,11,kv,ShieldCost,1600
UNIT_BARBAROSSA,12,kv,PowerPoints,50
UNIT_BARBAROSSA,13,kv,ShieldHunger,26
UNIT_BARBAROSSA,14,kv,FoodHunger,0
UNIT_BARBAROSSA,15,kv,MaxMovePoints,300
UNIT_BARBAROSSA,16,kv,VisionRange,3
UNIT_BARBAROSSA,17,kv,EnableAdvance,ADVANCE_HEXTAPUL
UNIT_BARBAROSSA,18,kv,ActiveDefenseRange,0
UNIT_BARBAROSSA,19,flag,LossMoveToDmgNone,
UNIT_BARBAROSSA,20,kv,MaxFuel,0
UNIT_BARBAROSSA,21,flag,CanEntrench,
UNIT_BARBAROSSA,22,flag,CanExpel,
UNIT_BARBAROSSA,23,flag,CanPillage,
UNIT_BARBAROSSA,24,flag,CanPirate,
UNIT_BARBAROSSA,25,flag,ExertsMartialLaw,
UNIT_BARBAROSSA,26,flag,VictoryEnslavement,
UNIT_BARBAROSSA,27,flag,DeathEffectsHappy,
UNIT_BARBAROSSA,28,flag,IsFlanker,
UNIT_BARBAROSSA,29,flag,IsSpecialForces,
UNIT_BARBAROSSA,30,kv,SoundSelect1,SOUND_SELECT1_KNIGHT
UNIT_BARBAROSSA,31,kv,SoundSelect2,SOUND_SELECT2_KNIGHT
UNIT_BARBAROSSA,32,kv,SoundMove,SOUND_MOVE_KNIGHT
UNIT_BARBAROSSA,33,kv,SoundAcknowledge,SOUND_ACKNOWLEDGE_KNIGHT
UNIT_BARBAROSSA,34,kv,SoundCantMove,SOUND_CANTMOVE_KNIGHT
UNIT_BARBAROSSA,35,kv,SoundAttack,SOUND_ATTACK_KNIGHT
UNIT_BARBAROSSA,36,kv,SoundWork,SOUND_WORK_KNIGHT
UNIT_BARBAROSSA,37,kv,SoundVictory,SOUND_VICTORY_KNIGHT
UNIT_BARBAROSSA,38,kv,SoundDeath,SOUND_DEATH_KNIGHT
UNIT_BARBAROSSA,39,sublist,CanAttack,Land
UNIT_BARBAROSSA,40,sublist,CanAttack,Mountain
UNIT_BARBAROSSA,41,sublist,CanSee,Standard
UNIT_BARBAROSSA,42,sublist,MovementType,Land
UNIT_BARBAROSSA,43,sublist,MovementType,Mountain
UNIT_BARBAROSSA,44,sublist,Size,Small
UNIT_BARBAROSSA,45,sublist,VisionClass,Standard
UNIT_BARBAROSSA,46,nested,CanReform,"[{""t"": ""kv"", ""k"": ""Sound"", ""v"": ""SOUND_ID_REFORM_CITY""}, {""t"": ""kv"", ""k"": ""Effect"", ""v"": ""SPECEFFECT_REFORMCITY""}]"
UNIT_MONTEZUMA,0,flag,CantBuild,
UNIT_MONTEZUMA,1,kv,Description,DESCRIPTION_UNIT_KNIGHT
UNIT_MONTEZUMA,2,kv,DefaultIcon,ICON_UNIT_MONTEZUMA
UNIT_MONTEZUMA,3,kv,DefaultSprite,SPRITE_MONTEZUMA
UNIT_MONTEZUMA,4,kv,Category,UNIT_CATEGORY_RANGED
UNIT_MONTEZUMA,5,kv,Attack,30
UNIT_MONTEZUMA,6,kv,Defense,25
UNIT_MONTEZUMA,7,kv,ZBRangeAttack,45
UNIT_MONTEZUMA,8,kv,Firepower,2
UNIT_MONTEZUMA,9,kv,Armor,1
UNIT_MONTEZUMA,10,kv,MaxHP,18
UNIT_MONTEZUMA,11,kv,ShieldCost,1600
UNIT_MONTEZUMA,12,kv,PowerPoints,50
UNIT_MONTEZUMA,13,kv,ShieldHunger,26
UNIT_MONTEZUMA,14,kv,FoodHunger,0
UNIT_MONTEZUMA,15,kv,MaxMovePoints,300
UNIT_MONTEZUMA,16,kv,VisionRange,3
UNIT_MONTEZUMA,17,kv,EnableAdvance,ADVANCE_HEXTAPUL
UNIT_MONTEZUMA,18,kv,ActiveDefenseRange,0
UNIT_MONTEZUMA,19,flag,LossMoveToDmgNone,
UNIT_MONTEZUMA,20,kv,MaxFuel,0
UNIT_MONTEZUMA,21,flag,CanEntrench,
UNIT_MONTEZUMA,22,flag,CanExpel,
UNIT_MONTEZUMA,23,flag,CanPillage,
UNIT_MONTEZUMA,24,flag,CanPirate,
UNIT_MONTEZUMA,25,flag,ExertsMartialLaw,
UNIT_MONTEZUMA,26,flag,VictoryEnslavement,
UNIT_MONTEZUMA,27,flag,DeathEffectsHappy,
UNIT_MONTEZUMA,28,flag,IsFlanker,
UNIT_MONTEZUMA,29,flag,IsSpecialForces,
UNIT_MONTEZUMA,30,kv,SoundSelect1,SOUND_SELECT1_KNIGHT
UNIT_MONTEZUMA,31,kv,SoundSelect2,SOUND_SELECT2_KNIGHT
UNIT_MONTEZUMA,32,kv,SoundMove,SOUND_MOVE_KNIGHT
UNIT_MONTEZUMA,33,kv,SoundAcknowledge,SOUND_ACKNOWLEDGE_KNIGHT
UNIT_MONTEZUMA,34,kv,SoundCantMove,SOUND_CANTMOVE_KNIGHT
UNIT_MONTEZUMA,35,kv,SoundAttack,SOUND_ATTACK_KNIGHT
UNIT_MONTEZUMA,36,kv,SoundWork,SOUND_WORK_KNIGHT
UNIT_MONTEZUMA,37,kv,SoundVictory,SOUND_VICTORY_KNIGHT
UNIT_MONTEZUMA,38,kv,SoundDeath,SOUND_DEATH_KNIGHT
UNIT_MONTEZUMA,39,sublist,CanAttack,Land
UNIT_MONTEZUMA,40,sublist,CanAttack,Mountain
UNIT_MONTEZUMA,41,sublist,CanSee,Standard
UNIT_MONTEZUMA,42,sublist,MovementType,Land
UNIT_MONTEZUMA,43,sublist,MovementType,Mountain
UNIT_MONTEZUMA,44,sublist,Size,Small
UNIT_MONTEZUMA,45,sublist,VisionClass,Standard
UNIT_MONTEZUMA,46,nested,CanReform,"[{""t"": ""kv"", ""k"": ""Sound"", ""v"": ""SOUND_ID_REFORM_CITY""}, {""t"": ""kv"", ""k"": ""Effect"", ""v"": ""SPECEFFECT_REFORMCITY""}]"
UNIT_WILLIAM_THE_CONQUEROR,0,flag,CantBuild,
UNIT_WILLIAM_THE_CONQUEROR,1,kv,Description,DESCRIPTION_UNIT_KNIGHT
UNIT_WILLIAM_THE_CONQUEROR,2,kv,DefaultIcon,ICON_UNIT_WILLIAM_THE_CONQUEROR
UNIT_WILLIAM_THE_CONQUEROR,3,kv,DefaultSprite,SPRITE_WILLIAM_THE_CONQUEROR
UNIT_WILLIAM_THE_CONQUEROR,4,kv,Category,UNIT_CATEGORY_RANGED
UNIT_WILLIAM_THE_CONQUEROR,5,kv,Attack,30
UNIT_WILLIAM_THE_CONQUEROR,6,kv,Defense,25
UNIT_WILLIAM_THE_CONQUEROR,7,kv,ZBRangeAttack,45
UNIT_WILLIAM_THE_CONQUEROR,8,kv,Firepower,2
UNIT_WILLIAM_THE_CONQUEROR,9,kv,Armor,1
UNIT_WILLIAM_THE_CONQUEROR,10,kv,MaxHP,18
UNIT_WILLIAM_THE_CONQUEROR,11,kv,ShieldCost,1600
UNIT_WILLIAM_THE_CONQUEROR,12,kv,PowerPoints,50
UNIT_WILLIAM_THE_CONQUEROR,13,kv,ShieldHunger,26
UNIT_WILLIAM_THE_CONQUEROR,14,kv,FoodHunger,0
UNIT_WILLIAM_THE_CONQUEROR,15,kv,MaxMovePoints,300
UNIT_WILLIAM_THE_CONQUEROR,16,kv,VisionRange,3
UNIT_WILLIAM_THE_CONQUEROR,17,kv,EnableAdvance,ADVANCE_HEXTAPUL
UNIT_WILLIAM_THE_CONQUEROR,18,kv,ActiveDefenseRange,0
UNIT_WILLIAM_THE_CONQUEROR,19,flag,LossMoveToDmgNone,
UNIT_WILLIAM_THE_CONQUEROR,20,kv,MaxFuel,0
UNIT_WILLIAM_THE_CONQUEROR,21,flag,CanEntrench,
UNIT_WILLIAM_THE_CONQUEROR,22,flag,CanExpel,
UNIT_WILLIAM_THE_CONQUEROR,23,flag,CanPillage,
UNIT_WILLIAM_THE_CONQUEROR,24,flag,CanPirate,
UNIT_WILLIAM_THE_CONQUEROR,25,flag,ExertsMartialLaw,
UNIT_WILLIAM_THE_CONQUEROR,26,flag,VictoryEnslavement,
UNIT_WILLIAM_THE_CONQUEROR,27,flag,DeathEffectsHappy,
UNIT_WILLIAM_THE_CONQUEROR,28,flag,IsFlanker,
UNIT_WILLIAM_THE_CONQUEROR,29,flag,IsSpecialForces,
UNIT_WILLIAM_THE_CONQUEROR,30,kv,SoundSelect1,SOUND_SELECT1_KNIGHT
UNIT_WILLIAM_THE_CONQUEROR,31,kv,SoundSelect2,SOUND_SELECT2_KNIGHT
UNIT_WILLIAM_THE_CONQUEROR,32,kv,SoundMove,SOUND_MOVE_KNIGHT
UNIT_WILLIAM_THE_CONQUEROR,33,kv,SoundAcknowledge,SOUND_ACKNOWLEDGE_KNIGHT
UNIT_WILLIAM_THE_CONQUEROR,34,kv,SoundCantMove,SOUND_CANTMOVE_KNIGHT
UNIT_WILLIAM_THE_CONQUEROR,35,kv,SoundAttack,SOUND_ATTACK_KNIGHT
UNIT_WILLIAM_THE_CONQUEROR,36,kv,SoundWork,SOUND_WORK_KNIGHT
UNIT_WILLIAM_THE_CONQUEROR,37,kv,SoundVictory,SOUND_VICTORY_KNIGHT
UNIT_WILLIAM_THE_CONQUEROR,38,kv,SoundDeath,SOUND_DEATH_KNIGHT
UNIT_WILLIAM_THE_CONQUEROR,39,sublist,CanAttack,Land
UNIT_WILLIAM_THE_CONQUEROR,40,sublist,CanAttack,Mountain
UNIT_WILLIAM_THE_CONQUEROR,41,sublist,CanSee,Standard
UNIT_WILLIAM_THE_CONQUEROR,42,sublist,MovementType,Land
UNIT_WILLIAM_THE_CONQUEROR,43,sublist,MovementType,Mountain
UNIT_WILLIAM_THE_CONQUEROR,44,sublist,Size,Small
UNIT_WILLIAM_THE_CONQUEROR,45,sublist,VisionClass,Standard
UNIT_WILLIAM_THE_CONQUEROR,46,nested,CanReform,"[{""t"": ""kv"", ""k"": ""Sound"", ""v"": ""SOUND_ID_REFORM_CITY""}, {""t"": ""kv"", ""k"": ""Effect"", ""v"": ""SPECEFFECT_REFORMCITY""}]"
UNIT_GENGHIS_KHAN,0,flag,CantBuild,
UNIT_GENGHIS_KHAN,1,kv,Description,DESCRIPTION_UNIT_KNIGHT
UNIT_GENGHIS_KHAN,2,kv,DefaultIcon,ICON_UNIT_GENGHIS_KHAN
UNIT_GENGHIS_KHAN,3,kv,DefaultSprite,SPRITE_GENGHIS_KHAN
UNIT_GENGHIS_KHAN,4,kv,Category,UNIT_CATEGORY_RANGED
UNIT_GENGHIS_KHAN,5,kv,Attack,25
UNIT_GENGHIS_KHAN,6,kv,Defense,25
UNIT_GENGHIS_KHAN,7,kv,ZBRangeAttack,45
UNIT_GENGHIS_KHAN,8,kv,Firepower,2
UNIT_GENGHIS_KHAN,9,kv,Armor,1
UNIT_GENGHIS_KHAN,10,kv,MaxHP,18
UNIT_GENGHIS_KHAN,11,kv,ShieldCost,1300
UNIT_GENGHIS_KHAN,12,kv,PowerPoints,50
UNIT_GENGHIS_KHAN,13,kv,ShieldHunger,25
UNIT_GENGHIS_KHAN,14,kv,FoodHunger,0
UNIT_GENGHIS_KHAN,15,kv,MaxMovePoints,400
UNIT_GENGHIS_KHAN,16,kv,VisionRange,3
UNIT_GENGHIS_KHAN,17,kv,EnableAdvance,ADVANCE_HEXTAPUL
UNIT_GENGHIS_KHAN,18,kv,ActiveDefenseRange,0
UNIT_GENGHIS_KHAN,19,flag,LossMoveToDmgNone,
UNIT_GENGHIS_KHAN,20,kv,MaxFuel,0
UNIT_GENGHIS_KHAN,21,flag,CanEntrench,
UNIT_GENGHIS_KHAN,22,flag,CanExpel,
UNIT_GENGHIS_KHAN,23,flag,CanPillage,
UNIT_GENGHIS_KHAN,24,flag,CanPirate,
UNIT_GENGHIS_KHAN,25,flag,ExertsMartialLaw,
UNIT_GENGHIS_KHAN,26,flag,VictoryEnslavement,
UNIT_GENGHIS_KHAN,27,flag,DeathEffectsHappy,
UNIT_GENGHIS_KHAN,28,flag,VictoryEnslavement,
UNIT_GENGHIS_KHAN,29,flag,IsSpecialForces,
UNIT_GENGHIS_KHAN,30,kv,SoundSelect1,SOUND_SELECT1_SAMURAI
UNIT_GENGHIS_KHAN,31,kv,SoundSelect2,SOUND_SELECT2_SAMURAI
UNIT_GENGHIS_KHAN,32,kv,SoundMove,SOUND_MOVE_SAMURAI
UNIT_GENGHIS_KHAN,33,kv,SoundAcknowledge,SOUND_ACKNOWLEDGE_SAMURAI
UNIT_GENGHIS_KHAN,34,kv,SoundCantMove,SOUND_CANTMOVE_SAMURAI
UNIT_GENGHIS_KHAN,35,kv,SoundAttack,SOUND_ATTACK_SAMURAI
UNIT_GENGHIS_KHAN,36,kv,SoundWork,SOUND_WORK_SAMURAI
UNIT_GENGHIS_KHAN,37,kv,SoundVictory,SOUND_VICTORY_SAMURAI
UNIT_GENGHIS_KHAN,38,kv,SoundDeath,SOUND_DEATH_SAMURAI
UNIT_GENGHIS_KHAN,39,sublist,CanAttack,Land
UNIT_GENGHIS_KHAN,40,sublist,CanAttack,Mountain
UNIT_GENGHIS_KHAN,41,sublist,CanSee,Standard
UNIT_GENGHIS_KHAN,42,sublist,MovementType,Land
UNIT_GENGHIS_KHAN,43,sublist,MovementType,Mountain
UNIT_GENGHIS_KHAN,44,sublist,Size,Small
UNIT_GENGHIS_KHAN,45,sublist,VisionClass,Standard
UNIT_GENGHIS_KHAN,46,nested,CanReform,"[{""t"": ""kv"", ""k"": ""Sound"", ""v"": ""SOUND_ID_REFORM_CITY""}, {""t"": ""kv"", ""k"": ""Effect"", ""v"": ""SPECEFFECT_REFORMCITY""}]"
UNIT_SOLIMAN_THE_MAGNIFICENT,0,flag,CantBuild,
UNIT_SOLIMAN_THE_MAGNIFICENT,1,kv,Description,DESCRIPTION_UNIT_KNIGHT
UNIT_SOLIMAN_THE_MAGNIFICENT,2,kv,DefaultIcon,ICON_UNIT_SOLIMAN_THE_MAGNIFICENT
UNIT_SOLIMAN_THE_MAGNIFICENT,3,kv,DefaultSprite,SPRITE_SOLIMAN_THE_MAGNIFICENT
UNIT_SOLIMAN_THE_MAGNIFICENT,4,kv,Category,UNIT_CATEGORY_RANGED
UNIT_SOLIMAN_THE_MAGNIFICENT,5,kv,Attack,30
UNIT_SOLIMAN_THE_MAGNIFICENT,6,kv,Defense,25
UNIT_SOLIMAN_THE_MAGNIFICENT,7,kv,ZBRangeAttack,45
UNIT_SOLIMAN_THE_MAGNIFICENT,8,kv,Firepower,2
UNIT_SOLIMAN_THE_MAGNIFICENT,9,kv,Armor,1
UNIT_SOLIMAN_THE_MAGNIFICENT,10,kv,MaxHP,18
UNIT_SOLIMAN_THE_MAGNIFICENT,11,kv,ShieldCost,1600
UNIT_SOLIMAN_THE_MAGNIFICENT,12,kv,PowerPoints,50
UNIT_SOLIMAN_THE_MAGNIFICENT,13,kv,ShieldHunger,26
UNIT_SOLIMAN_THE_MAGNIFICENT,14,kv,FoodHunger,0
UNIT_SOLIMAN_THE_MAGNIFICENT,15,kv,MaxMovePoints,300
UNIT_SOLIMAN_THE_MAGNIFICENT,16,kv,VisionRange,3
UNIT_SOLIMAN_THE_MAGNIFICENT,17,kv,EnableAdvance,ADVANCE_HEXTAPUL
UNIT_SOLIMAN_THE_MAGNIFICENT,18,kv,ActiveDefenseRange,0
UNIT_SOLIMAN_THE_MAGNIFICENT,19,flag,LossMoveToDmgNone,
UNIT_SOLIMAN_THE_MAGNIFICENT,20,kv,MaxFuel,0
UNIT_SOLIMAN_THE_MAGNIFICENT,21,flag,CanEntrench,
UNIT_SOLIMAN_THE_MAGNIFICENT,22,flag,CanExpel,
UNIT_SOLIMAN_THE_MAGNIFICENT,23,flag,CanPillage,
UNIT_SOLIMAN_THE_MAGNIFICENT,24,flag,CanPirate,
UNIT_SOLIMAN_THE_MAGNIFICENT,25,flag,ExertsMartialLaw,
UNIT_SOLIMAN_THE_MAGNIFICENT,26,flag,VictoryEnslavement,
UNIT_SOLIMAN_THE_MAGNIFICENT,27,flag,DeathEffectsHappy,
UNIT_SOLIMAN_THE_MAGNIFICENT,28,flag,IsFlanker,
UNIT_SOLIMAN_THE_MAGNIFICENT,29,flag,IsSpecialForces,
UNIT_SOLIMAN_THE_MAGNIFICENT,30,kv,SoundSelect1,SOUND_SELECT1_KNIGHT
UNIT_SOLIMAN_THE_MAGNIFICENT,31,kv,SoundSelect2,SOUND_SELECT2_KNIGHT
UNIT_SOLIMAN_THE_MAGNIFICENT,32,kv,SoundMove,SOUND_MOVE_KNIGHT
UNIT_SOLIMAN_THE_MAGNIFICENT,33,kv,SoundAcknowledge,SOUND_ACKNOWLEDGE_KNIGHT
UNIT_SOLIMAN_THE_MAGNIFICENT,34,kv,SoundCantMove,SOUND_CANTMOVE_KNIGHT
UNIT_SOLIMAN_THE_MAGNIFICENT,35,kv,SoundAttack,SOUND_ATTACK_KNIGHT
UNIT_SOLIMAN_THE_MAGNIFICENT,36,kv,SoundWork,SOUND_WORK_KNIGHT
UNIT_SOLIMAN_THE_MAGNIFICENT,37,kv,SoundVictory,SOUND_VICTORY_KNIGHT
UNIT_SOLIMAN_THE_MAGNIFICENT,38,kv,SoundDeath,SOUND_DEATH_KNIGHT
UNIT_SOLIMAN_THE_MAGNIFICENT,39,sublist,CanAttack,Land
UNIT_SOLIMAN_THE_MAGNIFICENT,40,sublist,CanAttack,Mountain
UNIT_SOLIMAN_THE_MAGNIFICENT,41,sublist,CanSee,Standard
UNIT_SOLIMAN_THE_MAGNIFICENT,42,sublist,MovementType,Land
UNIT_SOLIMAN_THE_MAGNIFICENT,43,sublist,MovementType,Mountain
UNIT_SOLIMAN_THE_MAGNIFICENT,44,sublist,Size,Small
UNIT_SOLIMAN_THE_MAGNIFICENT,45,sublist,VisionClass,Standard
UNIT_SOLIMAN_THE_MAGNIFICENT,46,nested,CanReform,"[{""t"": ""kv"", ""k"": ""Sound"", ""v"": ""SOUND_ID_REFORM_CITY""}, {""t"": ""kv"", ""k"": ""Effect"", ""v"": ""SPECEFFECT_REFORMCITY""}]"
UNIT_SUN_TZU,0,flag,CantBuild,
UNIT_SUN_TZU,1,kv,Description,DESCRIPTION_UNIT_KNIGHT
UNIT_SUN_TZU,2,kv,DefaultIcon,ICON_UNIT_SUN_TZU
UNIT_SUN_TZU,3,kv,DefaultSprite,SPRITE_SUN_TZU
UNIT_SUN_TZU,4,kv,Category,UNIT_CATEGORY_RANGED
UNIT_SUN_TZU,5,kv,Attack,30
UNIT_SUN_TZU,6,kv,Defense,25
UNIT_SUN_TZU,7,kv,ZBRangeAttack,45
UNIT_SUN_TZU,8,kv,Firepower,2
UNIT_SUN_TZU,9,kv,Armor,1
UNIT_SUN_TZU,10,kv,MaxHP,18
UNIT_SUN_TZU,11,kv,ShieldCost,1600
UNIT_SUN_TZU,12,kv,PowerPoints,50
UNIT_SUN_TZU,13,kv,ShieldHunger,26
UNIT_SUN_TZU,14,kv,FoodHunger,0
UNIT_SUN_TZU,15,kv,MaxMovePoints,200
UNIT_SUN_TZU,16,kv,VisionRange,3
UNIT_SUN_TZU,17,kv,EnableAdvance,ADVANCE_HEXTAPUL
UNIT_SUN_TZU,18,kv,ActiveDefenseRange,0
UNIT_SUN_TZU,19,flag,LossMoveToDmgNone,
UNIT_SUN_TZU,20,kv,MaxFuel,0
UNIT_SUN_TZU,21,flag,CanEntrench,
UNIT_SUN_TZU,22,flag,CanExpel,
UNIT_SUN_TZU,23,flag,CanPillage,
UNIT_SUN_TZU,24,flag,CanPirate,
UNIT_SUN_TZU,25,flag,ExertsMartialLaw,
UNIT_SUN_TZU,26,flag,VictoryEnslavement,
UNIT_SUN_TZU,27,flag,DeathEffectsHappy,
UNIT_SUN_TZU,28,flag,IsFlanker,
UNIT_SUN_TZU,29,flag,IsSpecialForces,
UNIT_SUN_TZU,30,kv,SoundSelect1,SOUND_SELECT1_KNIGHT
UNIT_SUN_TZU,31,kv,SoundSelect2,SOUND_SELECT2_KNIGHT
UNIT_SUN_TZU,32,kv,SoundMove,SOUND_MOVE_KNIGHT
UNIT_SUN_TZU,33,kv,SoundAcknowledge,SOUND_ACKNOWLEDGE_KNIGHT
UNIT_SUN_TZU,34,kv,SoundCantMove,SOUND_CANTMOVE_KNIGHT
UNIT_SUN_TZU,35,kv,SoundAttack,SOUND_ATTACK_KNIGHT
UNIT_SUN_TZU,36,kv,SoundWork,SOUND_WORK_KNIGHT
UNIT_SUN_TZU,37,kv,SoundVictory,SOUND_VICTORY_KNIGHT
UNIT_SUN_TZU,38,kv,SoundDeath,SOUND_DEATH_KNIGHT
UNIT_SUN_TZU,39,sublist,CanAttack,Land
UNIT_SUN_TZU,40,sublist,CanAttack,Mountain
UNIT_SUN_TZU,41,sublist,CanSee,Standard
UNIT_SUN_TZU,42,sublist,MovementType,Land
UNIT_SUN_TZU,43,sublist,MovementType,Mountain
UNIT_SUN_TZU,44,sublist,Size,Small
UNIT_SUN_TZU,45,sublist,VisionClass,Standard
UNIT_SUN_TZU,46,nested,CanReform,"[{""t"": ""kv"", ""k"": ""Sound"", ""v"": ""SOUND_ID_REFORM_CITY""}, {""t"": ""kv"", ""k"": ""Effect"", ""v"": ""SPECEFFECT_REFORMCITY""}]"
UNIT_SPARTACUS,0,flag,CantBuild,
UNIT_SPARTACUS,1,kv,Description,DESCRIPTION_UNIT_KNIGHT
UNIT_SPARTACUS,2,kv,DefaultIcon,ICON_UNIT_SPARTACUS
UNIT_SPARTACUS,3,kv,DefaultSprite,SPRITE_SPARTACUS
UNIT_SPARTACUS,4,kv,Category,UNIT_CATEGORY_ATTACK
UNIT_SPARTACUS,5,kv,Attack,40
UNIT_SPARTACUS,6,kv,Defense,25
UNIT_SPARTACUS,7,kv,ZBRangeAttack,0
UNIT_SPARTACUS,8,kv,Firepower,2
UNIT_SPARTACUS,9,kv,Armor,1
UNIT_SPARTACUS,10,kv,MaxHP,18
UNIT_SPARTACUS,11,kv,ShieldCost,625
UNIT_SPARTACUS,12,kv,PowerPoints,70
UNIT_SPARTACUS,13,kv,ShieldHunger,15
UNIT_SPARTACUS,14,kv,FoodHunger,0
UNIT_SPARTACUS,15,kv,MaxMovePoints,200
UNIT_SPARTACUS,16,kv,VisionRange,1
UNIT_SPARTACUS,17,kv,EnableAdvance,ADVANCE_HEXTAPUL
UNIT_SPARTACUS,18,kv,ActiveDefenseRange,0
UNIT_SPARTACUS,19,flag,LossMoveToDmgNone,
UNIT_SPARTACUS,20,kv,MaxFuel,0
UNIT_SPARTACUS,21,flag,CanEntrench,
UNIT_SPARTACUS,22,flag,CanBeachAssault,
UNIT_SPARTACUS,23,flag,CanExpel,
UNIT_SPARTACUS,24,flag,CanPillage,
UNIT_SPARTACUS,25,flag,CanPirate,
UNIT_SPARTACUS,26,flag,BonusAgainstMounted,
UNIT_SPARTACUS,27,kv,MountedBonus,0.25
UNIT_SPARTACUS,28,flag,ExertsMartialLaw,
UNIT_SPARTACUS,29,flag,DeathEffectsHappy,
UNIT_SPARTACUS,30,flag,OnlyBuildOne,
UNIT_SPARTACUS,31,kv,SoundSelect1,SOUND_SELECT1_SAMURAI
UNIT_SPARTACUS,32,kv,SoundSelect2,SOUND_SELECT2_SAMURAI
UNIT_SPARTACUS,33,kv,SoundMove,SOUND_MOVE_SAMURAI
UNIT_SPARTACUS,34,kv,SoundAcknowledge,SOUND_ACKNOWLEDGE_SAMURAI
UNIT_SPARTACUS,35,kv,SoundCantMove,SOUND_CANTMOVE_SAMURAI
UNIT_SPARTACUS,36,kv,SoundAttack,SOUND_ATTACK_SAMURAI
UNIT_SPARTACUS,37,kv,SoundWork,SOUND_WORK_SAMURAI
UNIT_SPARTACUS,38,kv,SoundVictory,SOUND_VICTORY_SAMURAI
UNIT_SPARTACUS,39,kv,SoundDeath,SOUND_DEATH_SAMURAI
UNIT_SPARTACUS,40,sublist,CanAttack,Land
UNIT_SPARTACUS,41,sublist,CanAttack,Mountain
UNIT_SPARTACUS,42,sublist,CanSee,Standard
UNIT_SPARTACUS,43,sublist,MovementType,Land
UNIT_SPARTACUS,44,sublist,MovementType,Mountain
UNIT_SPARTACUS,45,sublist,Size,Medium
UNIT_SPARTACUS,46,sublist,VisionClass,Standard
UNIT_SPARTACUS,47,nested,CanReform,"[{""t"": ""kv"", ""k"": ""Sound"", ""v"": ""SOUND_ID_REFORM_CITY""}, {""t"": ""kv"", ""k"": ""Effect"", ""v"": ""SPECEFFECT_REFORMCITY""}]"
UNIT_LEONIDAS,0,flag,CantBuild,
UNIT_LEONIDAS,1,kv,Description,DESCRIPTION_UNIT_KNIGHT
UNIT_LEONIDAS,2,kv,DefaultIcon,ICON_UNIT_LEONIDAS
UNIT_LEONIDAS,3,kv,DefaultSprite,SPRITE_LEONIDAS
UNIT_LEONIDAS,4,kv,Category,UNIT_CATEGORY_ATTACK
UNIT_LEONIDAS,5,kv,Attack,40
UNIT_LEONIDAS,6,kv,Defense,25
UNIT_LEONIDAS,7,kv,ZBRangeAttack,0
UNIT_LEONIDAS,8,kv,Firepower,2
UNIT_LEONIDAS,9,kv,Armor,1
UNIT_LEONIDAS,10,kv,MaxHP,18
UNIT_LEONIDAS,11,kv,ShieldCost,625
UNIT_LEONIDAS,12,kv,PowerPoints,70
UNIT_LEONIDAS,13,kv,ShieldHunger,15
UNIT_LEONIDAS,14,kv,FoodHunger,0
UNIT_LEONIDAS,15,kv,MaxMovePoints,200
UNIT_LEONIDAS,16,kv,VisionRange,1
UNIT_LEONIDAS,17,kv,EnableAdvance,ADVANCE_HEXTAPUL
UNIT_LEONIDAS,18,kv,ActiveDefenseRange,0
UNIT_LEONIDAS,19,flag,LossMoveToDmgNone,
UNIT_LEONIDAS,20,kv,MaxFuel,0
UNIT_LEONIDAS,21,flag,CanEntrench,
UNIT_LEONIDAS,22,flag,CanBeachAssault,
UNIT_LEONIDAS,23,flag,CanExpel,
UNIT_LEONIDAS,24,flag,CanPillage,
UNIT_LEONIDAS,25,flag,CanPirate,
UNIT_LEONIDAS,26,flag,BonusAgainstMounted,
UNIT_LEONIDAS,27,kv,MountedBonus,0.25
UNIT_LEONIDAS,28,flag,ExertsMartialLaw,
UNIT_LEONIDAS,29,flag,DeathEffectsHappy,
UNIT_LEONIDAS,30,flag,OnlyBuildOne,
UNIT_LEONIDAS,31,kv,SoundSelect1,SOUND_SELECT1_SAMURAI
UNIT_LEONIDAS,32,kv,SoundSelect2,SOUND_SELECT2_SAMURAI
UNIT_LEONIDAS,33,kv,SoundMove,SOUND_MOVE_SAMURAI
UNIT_LEONIDAS,34,kv,SoundAcknowledge,SOUND_ACKNOWLEDGE_SAMURAI
UNIT_LEONIDAS,35,kv,SoundCantMove,SOUND_CANTMOVE_SAMURAI
UNIT_LEONIDAS,36,kv,SoundAttack,SOUND_ATTACK_SAMURAI
UNIT_LEONIDAS,37,kv,SoundWork,SOUND_WORK_SAMURAI
UNIT_LEONIDAS,38,kv,SoundVictory,SOUND_VICTORY_SAMURAI
UNIT_LEONIDAS,39,kv,SoundDeath,SOUND_DEATH_SAMURAI
UNIT_LEONIDAS,40,sublist,CanAttack,Land
UNIT_LEONIDAS,41,sublist,CanAttack,Mountain
UNIT_LEONIDAS,42,sublist,CanSee,Standard
UNIT_LEONIDAS,43,sublist,MovementType,Land
UNIT_LEONIDAS,44,sublist,MovementType,Mountain
UNIT_LEONIDAS,45,sublist,Size,Medium
UNIT_LEONIDAS,46,sublist,VisionClass,Standard
UNIT_LEONIDAS,47,nested,CanReform,"[{""t"": ""kv"", ""k"": ""Sound"", ""v"": ""SOUND_ID_REFORM_CITY""}, {""t"": ""kv"", ""k"": ""Effect"", ""v"": ""SPECEFFECT_REFORMCITY""}]"
UNIT_TUTHMOSIS_III,0,flag,CantBuild,
UNIT_TUTHMOSIS_III,1,kv,Description,DESCRIPTION_UNIT_KNIGHT
UNIT_TUTHMOSIS_III,2,kv,DefaultIcon,ICON_UNIT_TUTHMOSIS_III
UNIT_TUTHMOSIS_III,3,kv,DefaultSprite,SPRITE_TUTHMOSIS_III
UNIT_TUTHMOSIS_III,4,kv,Category,UNIT_CATEGORY_ATTACK
UNIT_TUTHMOSIS_III,5,kv,Attack,40
UNIT_TUTHMOSIS_III,6,kv,Defense,25
UNIT_TUTHMOSIS_III,7,kv,ZBRangeAttack,0
UNIT_TUTHMOSIS_III,8,kv,Firepower,2
UNIT_TUTHMOSIS_III,9,kv,Armor,1
UNIT_TUTHMOSIS_III,10,kv,MaxHP,18
UNIT_TUTHMOSIS_III,11,kv,ShieldCost,625
UNIT_TUTHMOSIS_III,12,kv,PowerPoints,70
UNIT_TUTHMOSIS_III,13,kv,ShieldHunger,15
UNIT_TUTHMOSIS_III,14,kv,FoodHunger,0
UNIT_TUTHMOSIS_III,15,kv,MaxMovePoints,200
UNIT_TUTHMOSIS_III,16,kv,VisionRange,1
UNIT_TUTHMOSIS_III,17,kv,EnableAdvance,ADVANCE_HEXTAPUL
UNIT_TUTHMOSIS_III,18,kv,ActiveDefenseRange,0
UNIT_TUTHMOSIS_III,19,flag,LossMoveToDmgNone,
UNIT_TUTHMOSIS_III,20,kv,MaxFuel,0
UNIT_TUTHMOSIS_III,21,flag,CanEntrench,
UNIT_TUTHMOSIS_III,22,flag,CanBeachAssault,
UNIT_TUTHMOSIS_III,23,flag,CanExpel,
UNIT_TUTHMOSIS_III,24,flag,CanPillage,
UNIT_TUTHMOSIS_III,25,flag,CanPirate,
UNIT_TUTHMOSIS_III,26,flag,BonusAgainstMounted,
UNIT_TUTHMOSIS_III,27,kv,MountedBonus,0.25
UNIT_TUTHMOSIS_III,28,flag,ExertsMartialLaw,
UNIT_TUTHMOSIS_III,29,flag,DeathEffectsHappy,
UNIT_TUTHMOSIS_III,30,flag,OnlyBuildOne,
UNIT_TUTHMOSIS_III,31,kv,SoundSelect1,SOUND_SELECT1_SAMURAI
UNIT_TUTHMOSIS_III,32,kv,SoundSelect2,SOUND_SELECT2_SAMURAI
UNIT_TUTHMOSIS_III,33,kv,SoundMove,SOUND_MOVE_SAMURAI
UNIT_TUTHMOSIS_III,34,kv,SoundAcknowledge,SOUND_ACKNOWLEDGE_SAMURAI
UNIT_TUTHMOSIS_III,35,kv,SoundCantMove,SOUND_CANTMOVE_SAMURAI
UNIT_TUTHMOSIS_III,36,kv,SoundAttack,SOUND_ATTACK_SAMURAI
UNIT_TUTHMOSIS_III,37,kv,SoundWork,SOUND_WORK_SAMURAI
UNIT_TUTHMOSIS_III,38,kv,SoundVictory,SOUND_VICTORY_SAMURAI
UNIT_TUTHMOSIS_III,39,kv,SoundDeath,SOUND_DEATH_SAMURAI
UNIT_TUTHMOSIS_III,40,sublist,CanAttack,Land
UNIT_TUTHMOSIS_III,41,sublist,CanAttack,Mountain
UNIT_TUTHMOSIS_III,42,sublist,CanSee,Standard
UNIT_TUTHMOSIS_III,43,sublist,MovementType,Land
UNIT_TUTHMOSIS_III,44,sublist,MovementType,Mountain
UNIT_TUTHMOSIS_III,45,sublist,Size,Medium
UNIT_TUTHMOSIS_III,46,sublist,VisionClass,Standard
UNIT_TUTHMOSIS_III,47,nested,CanReform,"[{""t"": ""kv"", ""k"": ""Sound"", ""v"": ""SOUND_ID_REFORM_CITY""}, {""t"": ""kv"", ""k"": ""Effect"", ""v"": ""SPECEFFECT_REFORMCITY""}]"
UNIT_EPAMINONDAS,0,flag,CantBuild,
UNIT_EPAMINONDAS,1,kv,Description,DESCRIPTION_UNIT_KNIGHT
UNIT_EPAMINONDAS,2,kv,DefaultIcon,ICON_UNIT_EPAMINONDAS
UNIT_EPAMINONDAS,3,kv,DefaultSprite,SPRITE_EPAMINONDAS
UNIT_EPAMINONDAS,4,kv,Category,UNIT_CATEGORY_ATTACK
UNIT_EPAMINONDAS,5,kv,Attack,40
UNIT_EPAMINONDAS,6,kv,Defense,25
UNIT_EPAMINONDAS,7,kv,ZBRangeAttack,0
UNIT_EPAMINONDAS,8,kv,Firepower,2
UNIT_EPAMINONDAS,9,kv,Armor,1
UNIT_EPAMINONDAS,10,kv,MaxHP,18
UNIT_EPAMINONDAS,11,kv,ShieldCost,625
UNIT_EPAMINONDAS,12,kv,PowerPoints,70
UNIT_EPAMINONDAS,13,kv,ShieldHunger,15
UNIT_EPAMINONDAS,14,kv,FoodHunger,0
UNIT_EPAMINONDAS,15,kv,MaxMovePoints,200
UNIT_EPAMINONDAS,16,kv,VisionRange,1
UNIT_EPAMINONDAS,17,kv,EnableAdvance,ADVANCE_HEXTAPUL
UNIT_EPAMINONDAS,18,kv,ActiveDefenseRange,0
UNIT_EPAMINONDAS,19,flag,LossMoveToDmgNone,
UNIT_EPAMINONDAS,20,kv,MaxFuel,0
UNIT_EPAMINONDAS,21,flag,CanEntrench,
UNIT_EPAMINONDAS,22,flag,CanBeachAssault,
UNIT_EPAMINONDAS,23,flag,CanExpel,
UNIT_EPAMINONDAS,24,flag,CanPillage,
UNIT_EPAMINONDAS,25,flag,CanPirate,
UNIT_EPAMINONDAS,26,flag,BonusAgainstMounted,
UNIT_EPAMINONDAS,27,kv,MountedBonus,0.25
UNIT_EPAMINONDAS,28,flag,ExertsMartialLaw,
UNIT_EPAMINONDAS,29,flag,DeathEffectsHappy,
UNIT_EPAMINONDAS,30,flag,OnlyBuildOne,
UNIT_EPAMINONDAS,31,kv,SoundSelect1,SOUND_SELECT1_SAMURAI
UNIT_EPAMINONDAS,32,kv,SoundSelect2,SOUND_SELECT2_SAMURAI
UNIT_EPAMINONDAS,33,kv,SoundMove,SOUND_MOVE_SAMURAI
UNIT_EPAMINONDAS,34,kv,SoundAcknowledge,SOUND_ACKNOWLEDGE_SAMURAI
UNIT_EPAMINONDAS,35,kv,SoundCantMove,SOUND_CANTMOVE_SAMURAI
UNIT_EPAMINONDAS,36,kv,SoundAttack,SOUND_ATTACK_SAMURAI
UNIT_EPAMINONDAS,37,kv,SoundWork,SOUND_WORK_SAMURAI
UNIT_EPAMINONDAS,38,kv,SoundVictory,SOUND_VICTORY_SAMURAI
UNIT_EPAMINONDAS,39,kv,SoundDeath,SOUND_DEATH_SAMURAI
UNIT_EPAMINONDAS,40,sublist,CanAttack,Land
UNIT_EPAMINONDAS,41,sublist,CanAttack,Mountain
UNIT_EPAMINONDAS,42,sublist,CanSee,Standard
UNIT_EPAMINONDAS,43,sublist,MovementType,Land
UNIT_EPAMINONDAS,44,sublist,MovementType,Mountain
UNIT_EPAMINONDAS,45,sublist,Size,Medium
UNIT_EPAMINONDAS,46,sublist,VisionClass,Standard
UNIT_EPAMINONDAS,47,nested,CanReform,"[{""t"": ""kv"", ""k"": ""Sound"", ""v"": ""SOUND_ID_REFORM_CITY""}, {""t"": ""kv"", ""k"": ""Effect"", ""v"": ""SPECEFFECT_REFORMCITY""}]"
UNIT_HANNIBAL,0,flag,CantBuild,
UNIT_HANNIBAL,1,kv,Description,DESCRIPTION_UNIT_KNIGHT
UNIT_HANNIBAL,2,kv,DefaultIcon,ICON_UNIT_HANNIBAL
UNIT_HANNIBAL,3,kv,DefaultSprite,SPRITE_HANNIBAL
UNIT_HANNIBAL,4,kv,Category,UNIT_CATEGORY_ATTACK
UNIT_HANNIBAL,5,kv,Attack,40
UNIT_HANNIBAL,6,kv,Defense,25
UNIT_HANNIBAL,7,kv,ZBRangeAttack,0
UNIT_HANNIBAL,8,kv,Firepower,2
UNIT_HANNIBAL,9,kv,Armor,1
UNIT_HANNIBAL,10,kv,MaxHP,18
UNIT_HANNIBAL,11,kv,ShieldCost,625
UNIT_HANNIBAL,12,kv,PowerPoints,70
UNIT_HANNIBAL,13,kv,ShieldHunger,15
UNIT_HANNIBAL,14,kv,FoodHunger,0
UNIT_HANNIBAL,15,kv,MaxMovePoints,200
UNIT_HANNIBAL,16,kv,VisionRange,1
UNIT_HANNIBAL,17,kv,EnableAdvance,ADVANCE_HEXTAPUL
UNIT_HANNIBAL,18,kv,ActiveDefenseRange,0
UNIT_HANNIBAL,19,flag,LossMoveToDmgNone,
UNIT_HANNIBAL,20,kv,MaxFuel,0
UNIT_HANNIBAL,21,flag,CanEntrench,
UNIT_HANNIBAL,22,flag,CanBeachAssault,
UNIT_HANNIBAL,23,flag,CanExpel,
UNIT_HANNIBAL,24,flag,CanPillage,
UNIT_HANNIBAL,25,flag,CanPirate,
UNIT_HANNIBAL,26,flag,BonusAgainstMounted,
UNIT_HANNIBAL,27,kv,MountedBonus,0.25
UNIT_HANNIBAL,28,flag,ExertsMartialLaw,
UNIT_HANNIBAL,29,flag,DeathEffectsHappy,
UNIT_HANNIBAL,30,flag,OnlyBuildOne,
UNIT_HANNIBAL,31,kv,SoundSelect1,SOUND_SELECT1_SAMURAI
UNIT_HANNIBAL,32,kv,SoundSelect2,SOUND_SELECT2_SAMURAI
UNIT_HANNIBAL,33,kv,SoundMove,SOUND_MOVE_SAMURAI
UNIT_HANNIBAL,34,kv,SoundAcknowledge,SOUND_ACKNOWLEDGE_SAMURAI
UNIT_HANNIBAL,35,kv,SoundCantMove,SOUND_CANTMOVE_SAMURAI
UNIT_HANNIBAL,36,kv,SoundAttack,SOUND_ATTACK_SAMURAI
UNIT_HANNIBAL,37,kv,SoundWork,SOUND_WORK_SAMURAI
UNIT_HANNIBAL,38,kv,SoundVictory,SOUND_VICTORY_SAMURAI
UNIT_HANNIBAL,39,kv,SoundDeath,SOUND_DEATH_SAMURAI
UNIT_HANNIBAL,40,sublist,CanAttack,Land
UNIT_HANNIBAL,41,sublist,CanAttack,Mountain
UNIT_HANNIBAL,42,sublist,CanSee,Standard
UNIT_HANNIBAL,43,sublist,MovementType,Land
UNIT_HANNIBAL,44,sublist,MovementType,Mountain
UNIT_HANNIBAL,45,sublist,Size,Medium
UNIT_HANNIBAL,46,sublist,VisionClass,Standard
UNIT_HANNIBAL,47,nested,CanReform,"[{""t"": ""kv"", ""k"": ""Sound"", ""v"": ""SOUND_ID_REFORM_CITY""}, {""t"": ""kv"", ""k"": ""Effect"", ""v"": ""SPECEFFECT_REFORMCITY""}]"
UNIT_VERCINGETORIX,0,flag,CantBuild,
UNIT_VERCINGETORIX,1,kv,Description,DESCRIPTION_UNIT_KNIGHT
UNIT_VERCINGETORIX,2,kv,DefaultIcon,ICON_UNIT_VERCINGETORIX
UNIT_VERCINGETORIX,3,kv,DefaultSprite,SPRITE_VERCINGETORIX
UNIT_VERCINGETORIX,4,kv,Category,UNIT_CATEGORY_ATTACK
UNIT_VERCINGETORIX,5,kv,Attack,40
UNIT_VERCINGETORIX,6,kv,Defense,25
UNIT_VERCINGETORIX,7,kv,ZBRangeAttack,0
UNIT_VERCINGETORIX,8,kv,Firepower,2
UNIT_VERCINGETORIX,9,kv,Armor,1
UNIT_VERCINGETORIX,10,kv,MaxHP,18
UNIT_VERCINGETORIX,11,kv,ShieldCost,625
UNIT_VERCINGETORIX,12,kv,PowerPoints,70
UNIT_VERCINGETORIX,13,kv,ShieldHunger,15
UNIT_VERCINGETORIX,14,kv,FoodHunger,0
UNIT_VERCINGETORIX,15,kv,MaxMovePoints,200
UNIT_VERCINGETORIX,16,kv,VisionRange,1
UNIT_VERCINGETORIX,17,kv,EnableAdvance,ADVANCE_HEXTAPUL
UNIT_VERCINGETORIX,18,kv,ActiveDefenseRange,0
UNIT_VERCINGETORIX,19,flag,LossMoveToDmgNone,
UNIT_VERCINGETORIX,20,kv,MaxFuel,0
UNIT_VERCINGETORIX,21,flag,CanEntrench,
UNIT_VERCINGETORIX,22,flag,CanBeachAssault,
UNIT_VERCINGETORIX,23,flag,CanExpel,
UNIT_VERCINGETORIX,24,flag,CanPillage,
UNIT_VERCINGETORIX,25,flag,CanPirate,
UNIT_VERCINGETORIX,26,flag,BonusAgainstMounted,
UNIT_VERCINGETORIX,27,kv,MountedBonus,0.25
UNIT_VERCINGETORIX,28,flag,ExertsMartialLaw,
UNIT_VERCINGETORIX,29,flag,DeathEffectsHappy,
UNIT_VERCINGETORIX,30,flag,OnlyBuildOne,
UNIT_VERCINGETORIX,31,kv,SoundSelect1,SOUND_SELECT1_SAMURAI
UNIT_VERCINGETORIX,32,kv,SoundSelect2,SOUND_SELECT2_SAMURAI
UNIT_VERCINGETORIX,33,kv,SoundMove,SOUND_MOVE_SAMURAI
UNIT_VERCINGETORIX,34,kv,SoundAcknowledge,SOUND_ACKNOWLEDGE_SAMURAI
UNIT_VERCINGETORIX,35,kv,SoundCantMove,SOUND_CANTMOVE_SAMURAI
UNIT_VERCINGETORIX,36,kv,SoundAttack,SOUND_ATTACK_SAMURAI
UNIT_VERCINGETORIX,37,kv,SoundWork,SOUND_WORK_SAMURAI
UNIT_VERCINGETORIX,38,kv,SoundVictory,SOUND_VICTORY_SAMURAI
UNIT_VERCINGETORIX,39,kv,SoundDeath,SOUND_DEATH_SAMURAI
UNIT_VERCINGETORIX,40,sublist,CanAttack,Land
UNIT_VERCINGETORIX,41,sublist,CanAttack,Mountain
UNIT_VERCINGETORIX,42,sublist,CanSee,Standard
UNIT_VERCINGETORIX,43,sublist,MovementType,Land
UNIT_VERCINGETORIX,44,sublist,MovementType,Mountain
UNIT_VERCINGETORIX,45,sublist,Size,Medium
UNIT_VERCINGETORIX,46,sublist,VisionClass,Standard
UNIT_VERCINGETORIX,47,nested,CanReform,"[{""t"": ""kv"", ""k"": ""Sound"", ""v"": ""SOUND_ID_REFORM_CITY""}, {""t"": ""kv"", ""k"": ""Effect"", ""v"": ""SPECEFFECT_REFORMCITY""}]"
UNIT_MARIUS,0,flag,CantBuild,
UNIT_MARIUS,1,kv,Description,DESCRIPTION_UNIT_KNIGHT
UNIT_MARIUS,2,kv,DefaultIcon,ICON_UNIT_MARIUS
UNIT_MARIUS,3,kv,DefaultSprite,SPRITE_MARIUS
UNIT_MARIUS,4,kv,Category,UNIT_CATEGORY_ATTACK
UNIT_MARIUS,5,kv,Attack,40
UNIT_MARIUS,6,kv,Defense,25
UNIT_MARIUS,7,kv,ZBRangeAttack,0
UNIT_MARIUS,8,kv,Firepower,2
UNIT_MARIUS,9,kv,Armor,1
UNIT_MARIUS,10,kv,MaxHP,18
UNIT_MARIUS,11,kv,ShieldCost,625
UNIT_MARIUS,12,kv,PowerPoints,70
UNIT_MARIUS,13,kv,ShieldHunger,15
UNIT_MARIUS,14,kv,FoodHunger,0
UNIT_MARIUS,15,kv,MaxMovePoints,200
UNIT_MARIUS,16,kv,VisionRange,1
UNIT_MARIUS,17,kv,EnableAdvance,ADVANCE_HEXTAPUL
UNIT_MARIUS,18,kv,ActiveDefenseRange,0
UNIT_MARIUS,19,flag,LossMoveToDmgNone,
UNIT_MARIUS,20,kv,MaxFuel,0
UNIT_MARIUS,21,flag,CanEntrench,
UNIT_MARIUS,22,flag,CanBeachAssault,
UNIT_MARIUS,23,flag,CanExpel,
UNIT_MARIUS,24,flag,CanPillage,
UNIT_MARIUS,25,flag,CanPirate,
UNIT_MARIUS,26,flag,BonusAgainstMounted,
UNIT_MARIUS,27,kv,MountedBonus,0.25
UNIT_MARIUS,28,flag,ExertsMartialLaw,
UNIT_MARIUS,29,flag,DeathEffectsHappy,
UNIT_MARIUS,30,flag,OnlyBuildOne,
UNIT_MARIUS,31,kv,SoundSelect1,SOUND_SELECT1_SAMURAI
UNIT_MARIUS,32,kv,SoundSelect2,SOUND_SELECT2_SAMURAI
UNIT_MARIUS,33,kv,SoundMove,SOUND_MOVE_SAMURAI
UNIT_MARIUS,34,kv,SoundAcknowledge,SOUND_ACKNOWLEDGE_SAMURAI
UNIT_MARIUS,35,kv,SoundCantMove,SOUND_CANTMOVE_SAMURAI
UNIT_MARIUS,36,kv,SoundAttack,SOUND_ATTACK_SAMURAI
UNIT_MARIUS,37,kv,SoundWork,SOUND_WORK_SAMURAI
UNIT_MARIUS,38,kv,SoundVictory,SOUND_VICTORY_SAMURAI
UNIT_MARIUS,39,kv,SoundDeath,SOUND_DEATH_SAMURAI
UNIT_MARIUS,40,sublist,CanAttack,Land
UNIT_MARIUS,41,sublist,CanAttack,Mountain
UNIT_MARIUS,42,sublist,CanSee,Standard
UNIT_MARIUS,43,sublist,MovementType,Land
UNIT_MARIUS,44,sublist,MovementType,Mountain
UNIT_MARIUS,45,sublist,Size,Medium
UNIT_MARIUS,46,sublist,VisionClass,Standard
UNIT_MARIUS,47,nested,CanReform,"[{""t"": ""kv"", ""k"": ""Sound"", ""v"": ""SOUND_ID_REFORM_CITY""}, {""t"": ""kv"", ""k"": ""Effect"", ""v"": ""SPECEFFECT_REFORMCITY""}]"
UNIT_SCIPIO_AFRICANUS,0,flag,CantBuild,
UNIT_SCIPIO_AFRICANUS,1,kv,Description,DESCRIPTION_UNIT_KNIGHT
UNIT_SCIPIO_AFRICANUS,2,kv,DefaultIcon,ICON_UNIT_SCIPIO_AFRICANUS
UNIT_SCIPIO_AFRICANUS,3,kv,DefaultSprite,SPRITE_SCIPIO_AFRICANUS
UNIT_SCIPIO_AFRICANUS,4,kv,Category,UNIT_CATEGORY_ATTACK
UNIT_SCIPIO_AFRICANUS,5,kv,Attack,40
UNIT_SCIPIO_AFRICANUS,6,kv,Defense,25
UNIT_SCIPIO_AFRICANUS,7,kv,ZBRangeAttack,0
UNIT_SCIPIO_AFRICANUS,8,kv,Firepower,2
UNIT_SCIPIO_AFRICANUS,9,kv,Armor,1
UNIT_SCIPIO_AFRICANUS,10,kv,MaxHP,18
UNIT_SCIPIO_AFRICANUS,11,kv,ShieldCost,625
UNIT_SCIPIO_AFRICANUS,12,kv,PowerPoints,70
UNIT_SCIPIO_AFRICANUS,13,kv,ShieldHunger,15
UNIT_SCIPIO_AFRICANUS,14,kv,FoodHunger,0
UNIT_SCIPIO_AFRICANUS,15,kv,MaxMovePoints,200
UNIT_SCIPIO_AFRICANUS,16,kv,VisionRange,1
UNIT_SCIPIO_AFRICANUS,17,kv,EnableAdvance,ADVANCE_HEXTAPUL
UNIT_SCIPIO_AFRICANUS,18,kv,ActiveDefenseRange,0
UNIT_SCIPIO_AFRICANUS,19,flag,LossMoveToDmgNone,
UNIT_SCIPIO_AFRICANUS,20,kv,MaxFuel,0
UNIT_SCIPIO_AFRICANUS,21,flag,CanEntrench,
UNIT_SCIPIO_AFRICANUS,22,flag,CanBeachAssault,
UNIT_SCIPIO_AFRICANUS,23,flag,CanExpel,
UNIT_SCIPIO_AFRICANUS,24,flag,CanPillage,
UNIT_SCIPIO_AFRICANUS,25,flag,CanPirate,
UNIT_SCIPIO_AFRICANUS,26,flag,BonusAgainstMounted,
UNIT_SCIPIO_AFRICANUS,27,kv,MountedBonus,0.25
UNIT_SCIPIO_AFRICANUS,28,flag,ExertsMartialLaw,
UNIT_SCIPIO_AFRICANUS,29,flag,DeathEffectsHappy,
UNIT_SCIPIO_AFRICANUS,30,flag,OnlyBuildOne,
UNIT_SCIPIO_AFRICANUS,31,kv,SoundSelect1,SOUND_SELECT1_SAMURAI
UNIT_SCIPIO_AFRICANUS,32,kv,SoundSelect2,SOUND_SELECT2_SAMURAI
UNIT_SCIPIO_AFRICANUS,33,kv,SoundMove,SOUND_MOVE_SAMURAI
UNIT_SCIPIO_AFRICANUS,34,kv,SoundAcknowledge,SOUND_ACKNOWLEDGE_SAMURAI
UNIT_SCIPIO_AFRICANUS,35,kv,SoundCantMove,SOUND_CANTMOVE_SAMURAI
UNIT_SCIPIO_AFRICANUS,36,kv,SoundAttack,SOUND_ATTACK_SAMURAI
UNIT_SCIPIO_AFRICANUS,37,kv,SoundWork,SOUND_WORK_SAMURAI
UNIT_SCIPIO_AFRICANUS,38,kv,SoundVictory,SOUND_VICTORY_SAMURAI
UNIT_SCIPIO_AFRICANUS,39,kv,SoundDeath,SOUND_DEATH_SAMURAI
UNIT_SCIPIO_AFRICANUS,40,sublist,CanAttack,Land
UNIT_SCIPIO_AFRICANUS,41,sublist,CanAttack,Mountain
UNIT_SCIPIO_AFRICANUS,42,sublist,CanSee,Standard
UNIT_SCIPIO_AFRICANUS,43,sublist,MovementType,Land
UNIT_SCIPIO_AFRICANUS,44,sublist,MovementType,Mountain
UNIT_SCIPIO_AFRICANUS,45,sublist,Size,Medium
UNIT_SCIPIO_AFRICANUS,46,sublist,VisionClass,Standard
UNIT_SCIPIO_AFRICANUS,47,nested,CanReform,"[{""t"": ""kv"", ""k"": ""Sound"", ""v"": ""SOUND_ID_REFORM_CITY""}, {""t"": ""kv"", ""k"": ""Effect"", ""v"": ""SPECEFFECT_REFORMCITY""}]"
UNIT_BELISARIUS,0,flag,CantBuild,
UNIT_BELISARIUS,1,kv,Description,DESCRIPTION_UNIT_KNIGHT
UNIT_BELISARIUS,2,kv,DefaultIcon,ICON_UNIT_BELISARIUS
UNIT_BELISARIUS,3,kv,DefaultSprite,SPRITE_BELISARIUS
UNIT_BELISARIUS,4,kv,Category,UNIT_CATEGORY_FLANKER
UNIT_BELISARIUS,5,kv,Attack,45
UNIT_BELISARIUS,6,kv,Defense,25
UNIT_BELISARIUS,7,kv,ZBRangeAttack,0
UNIT_BELISARIUS,8,kv,Firepower,2
UNIT_BELISARIUS,9,kv,Armor,1
UNIT_BELISARIUS,10,kv,MaxHP,20
UNIT_BELISARIUS,11,kv,ShieldCost,1000
UNIT_BELISARIUS,12,kv,PowerPoints,60
UNIT_BELISARIUS,13,kv,ShieldHunger,15
UNIT_BELISARIUS,14,kv,FoodHunger,0
UNIT_BELISARIUS,15,kv,MaxMovePoints,300
UNIT_BELISARIUS,16,kv,VisionRange,2
UNIT_BELISARIUS,17,kv,EnableAdvance,ADVANCE_HEXTAPUL
UNIT_BELISARIUS,18,kv,ActiveDefenseRange,0
UNIT_BELISARIUS,19,flag,LossMoveToDmgNone,
UNIT_BELISARIUS,20,kv,MaxFuel,0
UNIT_BELISARIUS,21,flag,CanEntrench,
UNIT_BELISARIUS,22,flag,CanExpel,
UNIT_BELISARIUS,23,flag,CanPillage,
UNIT_BELISARIUS,24,flag,CanPirate,
UNIT_BELISARIUS,25,flag,ExertsMartialLaw,
UNIT_BELISARIUS,26,flag,DeathEffectsHappy,
UNIT_BELISARIUS,27,flag,IsMounted,
UNIT_BELISARIUS,28,flag,IsFlanker,
UNIT_BELISARIUS,29,flag,IsSpecialForces,
UNIT_BELISARIUS,30,flag,OnlyBuildOne,
UNIT_BELISARIUS,31,kv,SoundSelect1,SOUND_SELECT1_KNIGHT
UNIT_BELISARIUS,32,kv,SoundSelect2,SOUND_SELECT2_KNIGHT
UNIT_BELISARIUS,33,kv,SoundMove,SOUND_MOVE_KNIGHT
UNIT_BELISARIUS,34,kv,SoundAcknowledge,SOUND_ACKNOWLEDGE_KNIGHT
UNIT_BELISARIUS,35,kv,SoundCantMove,SOUND_CANTMOVE_KNIGHT
UNIT_BELISARIUS,36,kv,SoundAttack,SOUND_ATTACK_KNIGHT
UNIT_BELISARIUS,37,kv,SoundWork,SOUND_WORK_KNIGHT
UNIT_BELISARIUS,38,kv,SoundVictory,SOUND_VICTORY_KNIGHT
UNIT_BELISARIUS,39,kv,SoundDeath,SOUND_DEATH_KNIGHT
UNIT_BELISARIUS,40,sublist,CanAttack,Land
UNIT_BELISARIUS,41,sublist,CanSee,Standard
UNIT_BELISARIUS,42,sublist,MovementType,Land
UNIT_BELISARIUS,43,sublist,Size,Medium
UNIT_BELISARIUS,44,sublist,VisionClass,Standard
UNIT_BELISARIUS,45,nested,CanReform,"[{""t"": ""kv"", ""k"": ""Sound"", ""v"": ""SOUND_ID_REFORM_CITY""}, {""t"": ""kv"", ""k"": ""Effect"", ""v"": ""SPECEFFECT_REFORMCITY""}]"
UNIT_LEIV_ERIKSON,0,flag,CantBuild,
UNIT_LEIV_ERIKSON,1,kv,Description,DESCRIPTION_UNIT_KNIGHT
UNIT_LEIV_ERIKSON,2,kv,DefaultIcon,ICON_UNIT_LEIV_ERIKSON
UNIT_LEIV_ERIKSON,3,kv,DefaultSprite,SPRITE_LEIV_ERIKSON
UNIT_LEIV_ERIKSON,4,kv,Category,UNIT_CATEGORY_FLANKER
UNIT_LEIV_ERIKSON,5,kv,Attack,45
UNIT_LEIV_ERIKSON,6,kv,Defense,25
UNIT_LEIV_ERIKSON,7,kv,ZBRangeAttack,0
UNIT_LEIV_ERIKSON,8,kv,Firepower,2
UNIT_LEIV_ERIKSON,9,kv,Armor,1
UNIT_LEIV_ERIKSON,10,kv,MaxHP,20
UNIT_LEIV_ERIKSON,11,kv,ShieldCost,1000
UNIT_LEIV_ERIKSON,12,kv,PowerPoints,60
UNIT_LEIV_ERIKSON,13,kv,ShieldHunger,18
UNIT_LEIV_ERIKSON,14,kv,FoodHunger,0
UNIT_LEIV_ERIKSON,15,kv,MaxMovePoints,300
UNIT_LEIV_ERIKSON,16,kv,VisionRange,2
UNIT_LEIV_ERIKSON,17,kv,EnableAdvance,ADVANCE_HEXTAPUL
UNIT_LEIV_ERIKSON,18,kv,ActiveDefenseRange,0
UNIT_LEIV_ERIKSON,19,flag,LossMoveToDmgNone,
UNIT_LEIV_ERIKSON,20,kv,MaxFuel,0
UNIT_LEIV_ERIKSON,21,flag,CanEntrench,
UNIT_LEIV_ERIKSON,22,flag,CanExpel,
UNIT_LEIV_ERIKSON,23,flag,CanPillage,
UNIT_LEIV_ERIKSON,24,flag,CanPirate,
UNIT_LEIV_ERIKSON,25,flag,ExertsMartialLaw,
UNIT_LEIV_ERIKSON,26,flag,DeathEffectsHappy,
UNIT_LEIV_ERIKSON,27,flag,IsMounted,
UNIT_LEIV_ERIKSON,28,flag,IsFlanker,
UNIT_LEIV_ERIKSON,29,flag,IsSpecialForces,
UNIT_LEIV_ERIKSON,30,flag,OnlyBuildOne,
UNIT_LEIV_ERIKSON,31,kv,SoundSelect1,SOUND_SELECT1_KNIGHT
UNIT_LEIV_ERIKSON,32,kv,SoundSelect2,SOUND_SELECT2_KNIGHT
UNIT_LEIV_ERIKSON,33,kv,SoundMove,SOUND_MOVE_KNIGHT
UNIT_LEIV_ERIKSON,34,kv,SoundAcknowledge,SOUND_ACKNOWLEDGE_KNIGHT
UNIT_LEIV_ERIKSON,35,kv,SoundCantMove,SOUND_CANTMOVE_KNIGHT
UNIT_LEIV_ERIKSON,36,kv,SoundAttack,SOUND_ATTACK_KNIGHT
UNIT_LEIV_ERIKSON,37,kv,SoundWork,SOUND_WORK_KNIGHT
UNIT_LEIV_ERIKSON,38,kv,SoundVictory,SOUND_VICTORY_KNIGHT
UNIT_LEIV_ERIKSON,39,kv,SoundDeath,SOUND_DEATH_KNIGHT
UNIT_LEIV_ERIKSON,40,sublist,CanAttack,Land
UNIT_LEIV_ERIKSON,41,sublist,CanSee,Standard
UNIT_LEIV_ERIKSON,42,sublist,MovementType,Land
UNIT_LEIV_ERIKSON,43,sublist,Size,Medium
UNIT_LEIV_ERIKSON,44,sublist,VisionClass,Standard
UNIT_LEIV_ERIKSON,45,nested,CanReform,"[{""t"": ""kv"", ""k"": ""Sound"", ""v"": ""SOUND_ID_REFORM_CITY""}, {""t"": ""kv"", ""k"": ""Effect"", ""v"": ""SPECEFFECT_REFORMCITY""}]"
UNIT_WU_TI,0,flag,CantBuild,
UNIT_WU_TI,1,kv,Description,DESCRIPTION_UNIT_KNIGHT
UNIT_WU_TI,2,kv,DefaultIcon,ICON_UNIT_WU_TI
UNIT_WU_TI,3,kv,DefaultSprite,SPRITE_WU_TI
UNIT_WU_TI,4,kv,Category,UNIT_CATEGORY_FLANKER
UNIT_WU_TI,5,kv,Attack,45
UNIT_WU_TI,6,kv,Defense,25
UNIT_WU_TI,7,kv,ZBRangeAttack,0
UNIT_WU_TI,8,kv,Firepower,2
UNIT_WU_TI,9,kv,Armor,1
UNIT_WU_TI,10,kv,MaxHP,20
UNIT_WU_TI,11,kv,ShieldCost,1000
UNIT_WU_TI,12,kv,PowerPoints,60
UNIT_WU_TI,13,kv,ShieldHunger,18
UNIT_WU_TI,14,kv,FoodHunger,0
UNIT_WU_TI,15,kv,MaxMovePoints,300
UNIT_WU_TI,16,kv,VisionRange,2
UNIT_WU_TI,17,kv,EnableAdvance,ADVANCE_HEXTAPUL
UNIT_WU_TI,18,kv,ActiveDefenseRange,0
UNIT_WU_TI,19,flag,LossMoveToDmgNone,
UNIT_WU_TI,20,kv,MaxFuel,0
UNIT_WU_TI,21,flag,CanEntrench,
UNIT_WU_TI,22,flag,CanExpel,
UNIT_WU_TI,23,flag,CanPillage,
UNIT_WU_TI,24,flag,CanPirate,
UNIT_WU_TI,25,flag,ExertsMartialLaw,
UNIT_WU_TI,26,flag,DeathEffectsHappy,
UNIT_WU_TI,27,flag,IsMounted,
UNIT_WU_TI,28,flag,IsFlanker,
UNIT_WU_TI,29,flag,IsSpecialForces,
UNIT_WU_TI,30,flag,OnlyBuildOne,
UNIT_WU_TI,31,kv,SoundSelect1,SOUND_SELECT1_KNIGHT
UNIT_WU_TI,32,kv,SoundSelect2,SOUND_SELECT2_KNIGHT
UNIT_WU_TI,33,kv,SoundMove,SOUND_MOVE_KNIGHT
UNIT_WU_TI,34,kv,SoundAcknowledge,SOUND_ACKNOWLEDGE_KNIGHT
UNIT_WU_TI,35,kv,SoundCantMove,SOUND_CANTMOVE_KNIGHT
UNIT_WU_TI,36,kv,SoundAttack,SOUND_ATTACK_KNIGHT
UNIT_WU_TI,37,kv,SoundWork,SOUND_WORK_KNIGHT
UNIT_WU_TI,38,kv,SoundVictory,SOUND_VICTORY_KNIGHT
UNIT_WU_TI,39,kv,SoundDeath,SOUND_DEATH_KNIGHT
UNIT_WU_TI,40,sublist,CanAttack,Land
UNIT_WU_TI,41,sublist,CanSee,Standard
UNIT_WU_TI,42,sublist,MovementType,Land
UNIT_WU_TI,43,sublist,Size,Medium
UNIT_WU_TI,44,sublist,VisionClass,Standard
UNIT_WU_TI,45,nested,CanReform,"[{""t"": ""kv"", ""k"": ""Sound"", ""v"": ""SOUND_ID_REFORM_CITY""}, {""t"": ""kv"", ""k"": ""Effect"", ""v"": ""SPECEFFECT_REFORMCITY""}]"
UNIT_CHARLES_MARTEL,0,flag,CantBuild,
UNIT_CHARLES_MARTEL,1,kv,Description,DESCRIPTION_UNIT_KNIGHT
UNIT_CHARLES_MARTEL,2,kv,DefaultIcon,ICON_UNIT_CHARLES_MARTEL
UNIT_CHARLES_MARTEL,3,kv,DefaultSprite,SPRITE_CHARLES_MARTEL
UNIT_CHARLES_MARTEL,4,kv,Category,UNIT_CATEGORY_FLANKER
UNIT_CHARLES_MARTEL,5,kv,Attack,45
UNIT_CHARLES_MARTEL,6,kv,Defense,25
UNIT_CHARLES_MARTEL,7,kv,ZBRangeAttack,0
UNIT_CHARLES_MARTEL,8,kv,Firepower,2
UNIT_CHARLES_MARTEL,9,kv,Armor,1
UNIT_CHARLES_MARTEL,10,kv,MaxHP,20
UNIT_CHARLES_MARTEL,11,kv,ShieldCost,1000
UNIT_CHARLES_MARTEL,12,kv,PowerPoints,60
UNIT_CHARLES_MARTEL,13,kv,ShieldHunger,18
UNIT_CHARLES_MARTEL,14,kv,FoodHunger,0
UNIT_CHARLES_MARTEL,15,kv,MaxMovePoints,300
UNIT_CHARLES_MARTEL,16,kv,VisionRange,2
UNIT_CHARLES_MARTEL,17,kv,EnableAdvance,ADVANCE_HEXTAPUL
UNIT_CHARLES_MARTEL,18,kv,ActiveDefenseRange,0
UNIT_CHARLES_MARTEL,19,flag,LossMoveToDmgNone,
UNIT_CHARLES_MARTEL,20,kv,MaxFuel,0
UNIT_CHARLES_MARTEL,21,flag,CanEntrench,
UNIT_CHARLES_MARTEL,22,flag,CanExpel,
UNIT_CHARLES_MARTEL,23,flag,CanPillage,
UNIT_CHARLES_MARTEL,24,flag,CanPirate,
UNIT_CHARLES_MARTEL,25,flag,ExertsMartialLaw,
UNIT_CHARLES_MARTEL,26,flag,DeathEffectsHappy,
UNIT_CHARLES_MARTEL,27,flag,IsMounted,
UNIT_CHARLES_MARTEL,28,flag,IsFlanker,
UNIT_CHARLES_MARTEL,29,flag,IsSpecialForces,
UNIT_CHARLES_MARTEL,30,flag,OnlyBuildOne,
UNIT_CHARLES_MARTEL,31,kv,SoundSelect1,SOUND_SELECT1_KNIGHT
UNIT_CHARLES_MARTEL,32,kv,SoundSelect2,SOUND_SELECT2_KNIGHT
UNIT_CHARLES_MARTEL,33,kv,SoundMove,SOUND_MOVE_KNIGHT
UNIT_CHARLES_MARTEL,34,kv,SoundAcknowledge,SOUND_ACKNOWLEDGE_KNIGHT
UNIT_CHARLES_MARTEL,35,kv,SoundCantMove,SOUND_CANTMOVE_KNIGHT
UNIT_CHARLES_MARTEL,36,kv,SoundAttack,SOUND_ATTACK_KNIGHT
UNIT_CHARLES_MARTEL,37,kv,SoundWork,SOUND_WORK_KNIGHT
UNIT_CHARLES_MARTEL,38,kv,SoundVictory,SOUND_VICTORY_KNIGHT
UNIT_CHARLES_MARTEL,39,kv,SoundDeath,SOUND_DEATH_KNIGHT
UNIT_CHARLES_MARTEL,40,sublist,CanAttack,Land
UNIT_CHARLES_MARTEL,41,sublist,CanSee,Standard
UNIT_CHARLES_MARTEL,42,sublist,MovementType,Land
UNIT_CHARLES_MARTEL,43,sublist,Size,Medium
UNIT_CHARLES_MARTEL,44,sublist,VisionClass,Standard
UNIT_CHARLES_MARTEL,45,nested,CanReform,"[{""t"": ""kv"", ""k"": ""Sound"", ""v"": ""SOUND_ID_REFORM_CITY""}, {""t"": ""kv"", ""k"": ""Effect"", ""v"": ""SPECEFFECT_REFORMCITY""}]"
UNIT_EL_CID,0,flag,CantBuild,
UNIT_EL_CID,1,kv,Description,DESCRIPTION_UNIT_KNIGHT
UNIT_EL_CID,2,kv,DefaultIcon,ICON_UNIT_EL_CID
UNIT_EL_CID,3,kv,DefaultSprite,SPRITE_EL_CID
UNIT_EL_CID,4,kv,Category,UNIT_CATEGORY_FLANKER
UNIT_EL_CID,5,kv,Attack,45
UNIT_EL_CID,6,kv,Defense,25
UNIT_EL_CID,7,kv,ZBRangeAttack,0
UNIT_EL_CID,8,kv,Firepower,2
UNIT_EL_CID,9,kv,Armor,1
UNIT_EL_CID,10,kv,MaxHP,20
UNIT_EL_CID,11,kv,ShieldCost,1000
UNIT_EL_CID,12,kv,PowerPoints,60
UNIT_EL_CID,13,kv,ShieldHunger,18
UNIT_EL_CID,14,kv,FoodHunger,0
UNIT_EL_CID,15,kv,MaxMovePoints,300
UNIT_EL_CID,16,kv,VisionRange,2
UNIT_EL_CID,17,kv,EnableAdvance,ADVANCE_HEXTAPUL
UNIT_EL_CID,18,kv,ActiveDefenseRange,0
UNIT_EL_CID,19,flag,LossMoveToDmgNone,
UNIT_EL_CID,20,kv,MaxFuel,0
UNIT_EL_CID,21,flag,CanEntrench,
UNIT_EL_CID,22,flag,CanExpel,
UNIT_EL_CID,23,flag,CanPillage,
UNIT_EL_CID,24,flag,CanPirate,
UNIT_EL_CID,25,flag,ExertsMartialLaw,
UNIT_EL_CID,26,flag,DeathEffectsHappy,
UNIT_EL_CID,27,flag,IsMounted,
UNIT_EL_CID,28,flag,IsFlanker,
UNIT_EL_CID,29,flag,IsSpecialForces,
UNIT_EL_CID,30,flag,OnlyBuildOne,
UNIT_EL_CID,31,kv,SoundSelect1,SOUND_SELECT1_KNIGHT
UNIT_EL_CID,32,kv,SoundSelect2,SOUND_SELECT2_KNIGHT
UNIT_EL_CID,33,kv,SoundMove,SOUND_MOVE_KNIGHT
UNIT_EL_CID,34,kv,SoundAcknowledge,SOUND_ACKNOWLEDGE_KNIGHT
UNIT_EL_CID,35,kv,SoundCantMove,SOUND_CANTMOVE_KNIGHT
UNIT_EL_CID,36,kv,SoundAttack,SOUND_ATTACK_KNIGHT
UNIT_EL_CID,37,kv,SoundWork,SOUND_WORK_KNIGHT
UNIT_EL_CID,38,kv,SoundVictory,SOUND_VICTORY_KNIGHT
UNIT_EL_CID,39,kv,SoundDeath,SOUND_DEATH_KNIGHT
UNIT_EL_CID,40,sublist,CanAttack,Land
UNIT_EL_CID,41,sublist,CanSee,Standard
UNIT_EL_CID,42,sublist,MovementType,Land
UNIT_EL_CID,43,sublist,Size,Medium
UNIT_EL_CID,44,sublist,VisionClass,Standard
UNIT_EL_CID,45,nested,CanReform,"[{""t"": ""kv"", ""k"": ""Sound"", ""v"": ""SOUND_ID_REFORM_CITY""}, {""t"": ""kv"", ""k"": ""Effect"", ""v"": ""SPECEFFECT_REFORMCITY""}]"
UNIT_BOHEMUND,0,flag,CantBuild,
UNIT_BOHEMUND,1,kv,Description,DESCRIPTION_UNIT_KNIGHT
UNIT_BOHEMUND,2,kv,DefaultIcon,ICON_UNIT_BOHEMUND
UNIT_BOHEMUND,3,kv,DefaultSprite,SPRITE_BOHEMUND
UNIT_BOHEMUND,4,kv,Category,UNIT_CATEGORY_FLANKER
UNIT_BOHEMUND,5,kv,Attack,45
UNIT_BOHEMUND,6,kv,Defense,25
UNIT_BOHEMUND,7,kv,ZBRangeAttack,0
UNIT_BOHEMUND,8,kv,Firepower,2
UNIT_BOHEMUND,9,kv,Armor,1
UNIT_BOHEMUND,10,kv,MaxHP,20
UNIT_BOHEMUND,11,kv,ShieldCost,1000
UNIT_BOHEMUND,12,kv,PowerPoints,60
UNIT_BOHEMUND,13,kv,ShieldHunger,18
UNIT_BOHEMUND,14,kv,FoodHunger,0
UNIT_BOHEMUND,15,kv,MaxMovePoints,300
UNIT_BOHEMUND,16,kv,VisionRange,2
UNIT_BOHEMUND,17,kv,EnableAdvance,ADVANCE_HEXTAPUL
UNIT_BOHEMUND,18,kv,ActiveDefenseRange,0
UNIT_BOHEMUND,19,flag,LossMoveToDmgNone,
UNIT_BOHEMUND,20,kv,MaxFuel,0
UNIT_BOHEMUND,21,flag,CanEntrench,
UNIT_BOHEMUND,22,flag,CanExpel,
UNIT_BOHEMUND,23,flag,CanPillage,
UNIT_BOHEMUND,24,flag,CanPirate,
UNIT_BOHEMUND,25,flag,ExertsMartialLaw,
UNIT_BOHEMUND,26,flag,DeathEffectsHappy,
UNIT_BOHEMUND,27,flag,IsMounted,
UNIT_BOHEMUND,28,flag,IsFlanker,
UNIT_BOHEMUND,29,flag,IsSpecialForces,
UNIT_BOHEMUND,30,flag,OnlyBuildOne,
UNIT_BOHEMUND,31,kv,SoundSelect1,SOUND_SELECT1_KNIGHT
UNIT_BOHEMUND,32,kv,SoundSelect2,SOUND_SELECT2_KNIGHT
UNIT_BOHEMUND,33,kv,SoundMove,SOUND_MOVE_KNIGHT
UNIT_BOHEMUND,34,kv,SoundAcknowledge,SOUND_ACKNOWLEDGE_KNIGHT
UNIT_BOHEMUND,35,kv,SoundCantMove,SOUND_CANTMOVE_KNIGHT
UNIT_BOHEMUND,36,kv,SoundAttack,SOUND_ATTACK_KNIGHT
UNIT_BOHEMUND,37,kv,SoundWork,SOUND_WORK_KNIGHT
UNIT_BOHEMUND,38,kv,SoundVictory,SOUND_VICTORY_KNIGHT
UNIT_BOHEMUND,39,kv,SoundDeath,SOUND_DEATH_KNIGHT
UNIT_BOHEMUND,40,sublist,CanAttack,Land
UNIT_BOHEMUND,41,sublist,CanSee,Standard
UNIT_BOHEMUND,42,sublist,MovementType,Land
UNIT_BOHEMUND,43,sublist,Size,Medium
UNIT_BOHEMUND,44,sublist,VisionClass,Standard
UNIT_BOHEMUND,45,nested,CanReform,"[{""t"": ""kv"", ""k"": ""Sound"", ""v"": ""SOUND_ID_REFORM_CITY""}, {""t"": ""kv"", ""k"": ""Effect"", ""v"": ""SPECEFFECT_REFORMCITY""}]"
UNIT_DE_LA_VALETTE,0,flag,CantBuild,
UNIT_DE_LA_VALETTE,1,kv,Description,DESCRIPTION_UNIT_KNIGHT
UNIT_DE_LA_VALETTE,2,kv,DefaultIcon,ICON_UNIT_DE_LA_VALETTE
UNIT_DE_LA_VALETTE,3,kv,DefaultSprite,SPRITE_DE_LA_VALETTE
UNIT_DE_LA_VALETTE,4,kv,Category,UNIT_CATEGORY_FLANKER
UNIT_DE_LA_VALETTE,5,kv,Attack,45
UNIT_DE_LA_VALETTE,6,kv,Defense,25
UNIT_DE_LA_VALETTE,7,kv,ZBRangeAttack,0
UNIT_DE_LA_VALETTE,8,kv,Firepower,2
UNIT_DE_LA_VALETTE,9,kv,Armor,1
UNIT_DE_LA_VALETTE,10,kv,MaxHP,20
UNIT_DE_LA_VALETTE,11,kv,ShieldCost,1000
UNIT_DE_LA_VALETTE,12,kv,PowerPoints,60
UNIT_DE_LA_VALETTE,13,kv,ShieldHunger,18
UNIT_DE_LA_VALETTE,14,kv,FoodHunger,0
UNIT_DE_LA_VALETTE,15,kv,MaxMovePoints,300
UNIT_DE_LA_VALETTE,16,kv,VisionRange,2
UNIT_DE_LA_VALETTE,17,kv,EnableAdvance,ADVANCE_HEXTAPUL
UNIT_DE_LA_VALETTE,18,kv,ActiveDefenseRange,0
UNIT_DE_LA_VALETTE,19,flag,LossMoveToDmgNone,
UNIT_DE_LA_VALETTE,20,kv,MaxFuel,0
UNIT_DE_LA_VALETTE,21,flag,CanEntrench,
UNIT_DE_LA_VALETTE,22,flag,CanExpel,
UNIT_DE_LA_VALETTE,23,flag,CanPillage,
UNIT_DE_LA_VALETTE,24,flag,CanPirate,
UNIT_DE_LA_VALETTE,25,flag,ExertsMartialLaw,
UNIT_DE_LA_VALETTE,26,flag,DeathEffectsHappy,
UNIT_DE_LA_VALETTE,27,flag,IsMounted,
UNIT_DE_LA_VALETTE,28,flag,IsFlanker,
UNIT_DE_LA_VALETTE,29,flag,IsSpecialForces,
UNIT_DE_LA_VALETTE,30,flag,OnlyBuildOne,
UNIT_DE_LA_VALETTE,31,kv,SoundSelect1,SOUND_SELECT1_KNIGHT
UNIT_DE_LA_VALETTE,32,kv,SoundSelect2,SOUND_SELECT2_KNIGHT
UNIT_DE_LA_VALETTE,33,kv,SoundMove,SOUND_MOVE_KNIGHT
UNIT_DE_LA_VALETTE,34,kv,SoundAcknowledge,SOUND_ACKNOWLEDGE_KNIGHT
UNIT_DE_LA_VALETTE,35,kv,SoundCantMove,SOUND_CANTMOVE_KNIGHT
UNIT_DE_LA_VALETTE,36,kv,SoundAttack,SOUND_ATTACK_KNIGHT
UNIT_DE_LA_VALETTE,37,kv,SoundWork,SOUND_WORK_KNIGHT
UNIT_DE_LA_VALETTE,38,kv,SoundVictory,SOUND_VICTORY_KNIGHT
UNIT_DE_LA_VALETTE,39,kv,SoundDeath,SOUND_DEATH_KNIGHT
UNIT_DE_LA_VALETTE,40,sublist,CanAttack,Land
UNIT_DE_LA_VALETTE,41,sublist,CanSee,Standard
UNIT_DE_LA_VALETTE,42,sublist,MovementType,Land
UNIT_DE_LA_VALETTE,43,sublist,Size,Medium
UNIT_DE_LA_VALETTE,44,sublist,VisionClass,Standard
UNIT_DE_LA_VALETTE,45,nested,CanReform,"[{""t"": ""kv"", ""k"": ""Sound"", ""v"": ""SOUND_ID_REFORM_CITY""}, {""t"": ""kv"", ""k"": ""Effect"", ""v"": ""SPECEFFECT_REFORMCITY""}]"
UNIT_RICHARD_THE_LIONHEART,0,flag,CantBuild,
UNIT_RICHARD_THE_LIONHEART,1,kv,Description,DESCRIPTION_UNIT_KNIGHT
UNIT_RICHARD_THE_LIONHEART,2,kv,DefaultIcon,ICON_UNIT_RICHARD_THE_LIONHEART
UNIT_RICHARD_THE_LIONHEART,3,kv,DefaultSprite,SPRITE_RICHARD_THE_LIONHEART
UNIT_RICHARD_THE_LIONHEART,4,kv,Category,UNIT_CATEGORY_FLANKER
UNIT_RICHARD_THE_LIONHEART,5,kv,Attack,45
UNIT_RICHARD_THE_LIONHEART,6,kv,Defense,25
UNIT_RICHARD_THE_LIONHEART,7,kv,ZBRangeAttack,0
UNIT_RICHARD_THE_LIONHEART,8,kv,Firepower,2
UNIT_RICHARD_THE_LIONHEART,9,kv,Armor,1
UNIT_RICHARD_THE_LIONHEART,10,kv,MaxHP,20
UNIT_RICHARD_THE_LIONHEART,11,kv,ShieldCost,1000
UNIT_RICHARD_THE_LIONHEART,12,kv,PowerPoints,60
UNIT_RICHARD_THE_LIONHEART,13,kv,ShieldHunger,18
UNIT_RICHARD_THE_LIONHEART,14,kv,FoodHunger,0
UNIT_RICHARD_THE_LIONHEART,15,kv,MaxMovePoints,300
UNIT_RICHARD_THE_LIONHEART,16,kv,VisionRange,2
UNIT_RICHARD_THE_LIONHEART,17,kv,EnableAdvance,ADVANCE_HEXTAPUL
UNIT_RICHARD_THE_LIONHEART,18,kv,ActiveDefenseRange,0
UNIT_RICHARD_THE_LIONHEART,19,flag,LossMoveToDmgNone,
UNIT_RICHARD_THE_LIONHEART,20,kv,MaxFuel,0
UNIT_RICHARD_THE_LIONHEART,21,flag,CanEntrench,
UNIT_RICHARD_THE_LIONHEART,22,flag,CanExpel,
UNIT_RICHARD_THE_LIONHEART,23,flag,CanPillage,
UNIT_RICHARD_THE_LIONHEART,24,flag,CanPirate,
UNIT_RICHARD_THE_LIONHEART,25,flag,ExertsMartialLaw,
UNIT_RICHARD_THE_LIONHEART,26,flag,DeathEffectsHappy,
UNIT_RICHARD_THE_LIONHEART,27,flag,IsMounted,
UNIT_RICHARD_THE_LIONHEART,28,flag,IsFlanker,
UNIT_RICHARD_THE_LIONHEART,29,flag,IsSpecialForces,
UNIT_RICHARD_THE_LIONHEART,30,flag,OnlyBuildOne,
UNIT_RICHARD_THE_LIONHEART,31,kv,SoundSelect1,SOUND_SELECT1_KNIGHT
UNIT_RICHARD_THE_LIONHEART,32,kv,SoundSelect2,SOUND_SELECT2_KNIGHT
UNIT_RICHARD_THE_LIONHEART,33,kv,SoundMove,SOUND_MOVE_KNIGHT
UNIT_RICHARD_THE_LIONHEART,34,kv,SoundAcknowledge,SOUND_ACKNOWLEDGE_KNIGHT
UNIT_RICHARD_THE_LIONHEART,35,kv,SoundCantMove,SOUND_CANTMOVE_KNIGHT
UNIT_RICHARD_THE_LIONHEART,36,kv,SoundAttack,SOUND_ATTACK_KNIGHT
UNIT_RICHARD_THE_LIONHEART,37,kv,SoundWork,SOUND_WORK_KNIGHT
UNIT_RICHARD_THE_LIONHEART,38,kv,SoundVictory,SOUND_VICTORY_KNIGHT
UNIT_RICHARD_THE_LIONHEART,39,kv,SoundDeath,SOUND_DEATH_KNIGHT
UNIT_RICHARD_THE_LIONHEART,40,sublist,CanAttack,Land
UNIT_RICHARD_THE_LIONHEART,41,sublist,CanSee,Standard
UNIT_RICHARD_THE_LIONHEART,42,sublist,MovementType,Land
UNIT_RICHARD_THE_LIONHEART,43,sublist,Size,Medium
UNIT_RICHARD_THE_LIONHEART,44,sublist,VisionClass,Standard
UNIT_RICHARD_THE_LIONHEART,45,nested,CanReform,"[{""t"": ""kv"", ""k"": ""Sound"", ""v"": ""SOUND_ID_REFORM_CITY""}, {""t"": ""kv"", ""k"": ""Effect"", ""v"": ""SPECEFFECT_REFORMCITY""}]"
UNIT_ALP_ARSLAN,0,flag,CantBuild,
UNIT_ALP_ARSLAN,1,kv,Description,DESCRIPTION_UNIT_KNIGHT
UNIT_ALP_ARSLAN,2,kv,DefaultIcon,ICON_UNIT_ALP_ARSLAN
UNIT_ALP_ARSLAN,3,kv,DefaultSprite,SPRITE_ALP_ARSLAN
UNIT_ALP_ARSLAN,4,kv,Category,UNIT_CATEGORY_FLANKER
UNIT_ALP_ARSLAN,5,kv,Attack,45
UNIT_ALP_ARSLAN,6,kv,Defense,25
UNIT_ALP_ARSLAN,7,kv,ZBRangeAttack,0
UNIT_ALP_ARSLAN,8,kv,Firepower,2
UNIT_ALP_ARSLAN,9,kv,Armor,1
UNIT_ALP_ARSLAN,10,kv,MaxHP,20
UNIT_ALP_ARSLAN,11,kv,ShieldCost,1000
UNIT_ALP_ARSLAN,12,kv,PowerPoints,60
UNIT_ALP_ARSLAN,13,kv,ShieldHunger,18
UNIT_ALP_ARSLAN,14,kv,FoodHunger,0
UNIT_ALP_ARSLAN,15,kv,MaxMovePoints,300
UNIT_ALP_ARSLAN,16,kv,VisionRange,2
UNIT_ALP_ARSLAN,17,kv,EnableAdvance,ADVANCE_HEXTAPUL
UNIT_ALP_ARSLAN,18,kv,ActiveDefenseRange,0
UNIT_ALP_ARSLAN,19,flag,LossMoveToDmgNone,
UNIT_ALP_ARSLAN,20,kv,MaxFuel,0
UNIT_ALP_ARSLAN,21,flag,CanEntrench,
UNIT_ALP_ARSLAN,22,flag,CanExpel,
UNIT_ALP_ARSLAN,23,flag,CanPillage,
UNIT_ALP_ARSLAN,24,flag,CanPirate,
UNIT_ALP_ARSLAN,25,flag,ExertsMartialLaw,
UNIT_ALP_ARSLAN,26,flag,DeathEffectsHappy,
UNIT_ALP_ARSLAN,27,flag,IsMounted,
UNIT_ALP_ARSLAN,28,flag,IsFlanker,
UNIT_ALP_ARSLAN,29,flag,IsSpecialForces,
UNIT_ALP_ARSLAN,30,flag,OnlyBuildOne,
UNIT_ALP_ARSLAN,31,kv,SoundSelect1,SOUND_SELECT1_KNIGHT
UNIT_ALP_ARSLAN,32,kv,SoundSelect2,SOUND_SELECT2_KNIGHT
UNIT_ALP_ARSLAN,33,kv,SoundMove,SOUND_MOVE_KNIGHT
UNIT_ALP_ARSLAN,34,kv,SoundAcknowledge,SOUND_ACKNOWLEDGE_KNIGHT
UNIT_ALP_ARSLAN,35,kv,SoundCantMove,SOUND_CANTMOVE_KNIGHT
UNIT_ALP_ARSLAN,36,kv,SoundAttack,SOUND_ATTACK_KNIGHT
UNIT_ALP_ARSLAN,37,kv,SoundWork,SOUND_WORK_KNIGHT
UNIT_ALP_ARSLAN,38,kv,SoundVictory,SOUND_VICTORY_KNIGHT
UNIT_ALP_ARSLAN,39,kv,SoundDeath,SOUND_DEATH_KNIGHT
UNIT_ALP_ARSLAN,40,sublist,CanAttack,Land
UNIT_ALP_ARSLAN,41,sublist,CanSee,Standard
UNIT_ALP_ARSLAN,42,sublist,MovementType,Land
UNIT_ALP_ARSLAN,43,sublist,Size,Medium
UNIT_ALP_ARSLAN,44,sublist,VisionClass,Standard
UNIT_ALP_ARSLAN,45,nested,CanReform,"[{""t"": ""kv"", ""k"": ""Sound"", ""v"": ""SOUND_ID_REFORM_CITY""}, {""t"": ""kv"", ""k"": ""Effect"", ""v"": ""SPECEFFECT_REFORMCITY""}]"
UNIT_JAN_ZISKA,0,flag,CantBuild,
UNIT_JAN_ZISKA,1,kv,Description,DESCRIPTION_UNIT_CAVALRY
UNIT_JAN_ZISKA,2,kv,DefaultIcon,ICON_UNIT_JAN_ZISKA
UNIT_JAN_ZISKA,3,kv,DefaultSprite,SPRITE_JAN_ZISKA
UNIT_JAN_ZISKA,4,kv,Category,UNIT_CATEGORY_FLANKER
UNIT_JAN_ZISKA,5,kv,Attack,40
UNIT_JAN_ZISKA,6,kv,Defense,50
UNIT_JAN_ZISKA,7,kv,ZBRangeAttack,40
UNIT_JAN_ZISKA,8,kv,Firepower,3
UNIT_JAN_ZISKA,9,kv,Armor,1
UNIT_JAN_ZISKA,10,kv,MaxHP,20
UNIT_JAN_ZISKA,11,kv,ShieldCost,1300
UNIT_JAN_ZISKA,12,kv,PowerPoints,60
UNIT_JAN_ZISKA,13,kv,ShieldHunger,22
UNIT_JAN_ZISKA,14,kv,FoodHunger,0
UNIT_JAN_ZISKA,15,kv,MaxMovePoints,300
UNIT_JAN_ZISKA,16,kv,VisionRange,2
UNIT_JAN_ZISKA,17,kv,EnableAdvance,ADVANCE_HEXTAPUL
UNIT_JAN_ZISKA,18,kv,ActiveDefenseRange,0
UNIT_JAN_ZISKA,19,flag,LossMoveToDmgNone,
UNIT_JAN_ZISKA,20,kv,MaxFuel,0
UNIT_JAN_ZISKA,21,flag,CanEntrench,
UNIT_JAN_ZISKA,22,flag,CanExpel,
UNIT_JAN_ZISKA,23,flag,CanPillage,
UNIT_JAN_ZISKA,24,flag,CanPirate,
UNIT_JAN_ZISKA,25,flag,ExertsMartialLaw,
UNIT_JAN_ZISKA,26,flag,DeathEffectsHappy,
UNIT_JAN_ZISKA,27,flag,IsMounted,
UNIT_JAN_ZISKA,28,flag,IsFlanker,
UNIT_JAN_ZISKA,29,flag,IsSpecialForces,
UNIT_JAN_ZISKA,30,flag,OnlyBuildOne,
UNIT_JAN_ZISKA,31,kv,SoundSelect1,SOUND_SELECT1_CAVALRY
UNIT_JAN_ZISKA,32,kv,SoundSelect2,SOUND_SELECT2_CAVALRY
UNIT_JAN_ZISKA,33,kv,SoundMove,SOUND_MOVE_CAVALRY
UNIT_JAN_ZISKA,34,kv,SoundAcknowledge,SOUND_ACKNOWLEDGE_CAVALRY
UNIT_JAN_ZISKA,35,kv,SoundCantMove,SOUND_CANTMOVE_CAVALRY
UNIT_JAN_ZISKA,36,kv,SoundAttack,SOUND_ATTACK_CAVALRY
UNIT_JAN_ZISKA,37,kv,SoundWork,SOUND_WORK_CAVALRY
UNIT_JAN_ZISKA,38,kv,SoundVictory,SOUND_VICTORY_CAVALRY
UNIT_JAN_ZISKA,39,kv,SoundDeath,SOUND_DEATH_CAVALRY
UNIT_JAN_ZISKA,40,sublist,CanAttack,Land
UNIT_JAN_ZISKA,41,sublist,CanSee,Standard
UNIT_JAN_ZISKA,42,sublist,MovementType,Land
UNIT_JAN_ZISKA,43,sublist,Size,Medium
UNIT_JAN_ZISKA,44,sublist,VisionClass,Standard
UNIT_JAN_ZISKA,45,nested,CanReform,"[{""t"": ""kv"", ""k"": ""Sound"", ""v"": ""SOUND_ID_REFORM_CITY""}, {""t"": ""kv"", ""k"": ""Effect"", ""v"": ""SPECEFFECT_REFORMCITY""}]"
UNIT_GONSALVO,0,flag,CantBuild,
UNIT_GONSALVO,1,kv,Description,DESCRIPTION_UNIT_CAVALRY
UNIT_GONSALVO,2,kv,DefaultIcon,ICON_UNIT_GONSALVO
UNIT_GONSALVO,3,kv,DefaultSprite,SPRITE_GONSALVO
UNIT_GONSALVO,4,kv,Category,UNIT_CATEGORY_FLANKER
UNIT_GONSALVO,5,kv,Attack,40
UNIT_GONSALVO,6,kv,Defense,50
UNIT_GONSALVO,7,kv,ZBRangeAttack,40
UNIT_GONSALVO,8,kv,Firepower,3
UNIT_GONSALVO,9,kv,Armor,1
UNIT_GONSALVO,10,kv,MaxHP,20
UNIT_GONSALVO,11,kv,ShieldCost,1300
UNIT_GONSALVO,12,kv,PowerPoints,60
UNIT_GONSALVO,13,kv,ShieldHunger,22
UNIT_GONSALVO,14,kv,FoodHunger,0
UNIT_GONSALVO,15,kv,MaxMovePoints,300
UNIT_GONSALVO,16,kv,VisionRange,2
UNIT_GONSALVO,17,kv,EnableAdvance,ADVANCE_HEXTAPUL
UNIT_GONSALVO,18,kv,ActiveDefenseRange,0
UNIT_GONSALVO,19,flag,LossMoveToDmgNone,
UNIT_GONSALVO,20,kv,MaxFuel,0
UNIT_GONSALVO,21,flag,CanEntrench,
UNIT_GONSALVO,22,flag,CanExpel,
UNIT_GONSALVO,23,flag,CanPillage,
UNIT_GONSALVO,24,flag,CanPirate,
UNIT_GONSALVO,25,flag,ExertsMartialLaw,
UNIT_GONSALVO,26,flag,DeathEffectsHappy,
UNIT_GONSALVO,27,flag,IsMounted,
UNIT_GONSALVO,28,flag,IsFlanker,
UNIT_GONSALVO,29,flag,IsSpecialForces,
UNIT_GONSALVO,30,flag,OnlyBuildOne,
UNIT_GONSALVO,31,kv,SoundSelect1,SOUND_SELECT1_CAVALRY
UNIT_GONSALVO,32,kv,SoundSelect2,SOUND_SELECT2_CAVALRY
UNIT_GONSALVO,33,kv,SoundMove,SOUND_MOVE_CAVALRY
UNIT_GONSALVO,34,kv,SoundAcknowledge,SOUND_ACKNOWLEDGE_CAVALRY
UNIT_GONSALVO,35,kv,SoundCantMove,SOUND_CANTMOVE_CAVALRY
UNIT_GONSALVO,36,kv,SoundAttack,SOUND_ATTACK_CAVALRY
UNIT_GONSALVO,37,kv,SoundWork,SOUND_WORK_CAVALRY
UNIT_GONSALVO,38,kv,SoundVictory,SOUND_VICTORY_CAVALRY
UNIT_GONSALVO,39,kv,SoundDeath,SOUND_DEATH_CAVALRY
UNIT_GONSALVO,40,sublist,CanAttack,Land
UNIT_GONSALVO,41,sublist,CanSee,Standard
UNIT_GONSALVO,42,sublist,MovementType,Land
UNIT_GONSALVO,43,sublist,Size,Medium
UNIT_GONSALVO,44,sublist,VisionClass,Standard
UNIT_GONSALVO,45,nested,CanReform,"[{""t"": ""kv"", ""k"": ""Sound"", ""v"": ""SOUND_ID_REFORM_CITY""}, {""t"": ""kv"", ""k"": ""Effect"", ""v"": ""SPECEFFECT_REFORMCITY""}]"
UNIT_MARLBOROUGH,0,flag,CantBuild,
UNIT_MARLBOROUGH,1,kv,Description,DESCRIPTION_UNIT_CAVALRY
UNIT_MARLBOROUGH,2,kv,DefaultIcon,ICON_UNIT_MARLBOROUGH
UNIT_MARLBOROUGH,3,kv,DefaultSprite,SPRITE_MARLBOROUGH
UNIT_MARLBOROUGH,4,kv,Category,UNIT_CATEGORY_FLANKER
UNIT_MARLBOROUGH,5,kv,Attack,40
UNIT_MARLBOROUGH,6,kv,Defense,50
UNIT_MARLBOROUGH,7,kv,ZBRangeAttack,40
UNIT_MARLBOROUGH,8,kv,Firepower,3
UNIT_MARLBOROUGH,9,kv,Armor,1
UNIT_MARLBOROUGH,10,kv,MaxHP,20
UNIT_MARLBOROUGH,11,kv,ShieldCost,1300
UNIT_MARLBOROUGH,12,kv,PowerPoints,60
UNIT_MARLBOROUGH,13,kv,ShieldHunger,22
UNIT_MARLBOROUGH,14,kv,FoodHunger,0
UNIT_MARLBOROUGH,15,kv,MaxMovePoints,300
UNIT_MARLBOROUGH,16,kv,VisionRange,2
UNIT_MARLBOROUGH,17,kv,EnableAdvance,ADVANCE_HEXTAPUL
UNIT_MARLBOROUGH,18,kv,ActiveDefenseRange,0
UNIT_MARLBOROUGH,19,flag,LossMoveToDmgNone,
UNIT_MARLBOROUGH,20,kv,MaxFuel,0
UNIT_MARLBOROUGH,21,flag,CanEntrench,
UNIT_MARLBOROUGH,22,flag,CanExpel,
UNIT_MARLBOROUGH,23,flag,CanPillage,
UNIT_MARLBOROUGH,24,flag,CanPirate,
UNIT_MARLBOROUGH,25,flag,ExertsMartialLaw,
UNIT_MARLBOROUGH,26,flag,DeathEffectsHappy,
UNIT_MARLBOROUGH,27,flag,IsMounted,
UNIT_MARLBOROUGH,28,flag,IsFlanker,
UNIT_MARLBOROUGH,29,flag,IsSpecialForces,
UNIT_MARLBOROUGH,30,flag,OnlyBuildOne,
UNIT_MARLBOROUGH,31,kv,SoundSelect1,SOUND_SELECT1_CAVALRY
UNIT_MARLBOROUGH,32,kv,SoundSelect2,SOUND_SELECT2_CAVALRY
UNIT_MARLBOROUGH,33,kv,SoundMove,SOUND_MOVE_CAVALRY
UNIT_MARLBOROUGH,34,kv,SoundAcknowledge,SOUND_ACKNOWLEDGE_CAVALRY
UNIT_MARLBOROUGH,35,kv,SoundCantMove,SOUND_CANTMOVE_CAVALRY
UNIT_MARLBOROUGH,36,kv,SoundAttack,SOUND_ATTACK_CAVALRY
UNIT_MARLBOROUGH,37,kv,SoundWork,SOUND_WORK_CAVALRY
UNIT_MARLBOROUGH,38,kv,SoundVictory,SOUND_VICTORY_CAVALRY
UNIT_MARLBOROUGH,39,kv,SoundDeath,SOUND_DEATH_CAVALRY
UNIT_MARLBOROUGH,40,sublist,CanAttack,Land
UNIT_MARLBOROUGH,41,sublist,CanSee,Standard
UNIT_MARLBOROUGH,42,sublist,MovementType,Land
UNIT_MARLBOROUGH,43,sublist,Size,Medium
UNIT_MARLBOROUGH,44,sublist,VisionClass,Standard
UNIT_MARLBOROUGH,45,nested,CanReform,"[{""t"": ""kv"", ""k"": ""Sound"", ""v"": ""SOUND_ID_REFORM_CITY""}, {""t"": ""kv"", ""k"": ""Effect"", ""v"": ""SPECEFFECT_REFORMCITY""}]"
UNIT_WELLINGTON,0,flag,CantBuild,
UNIT_WELLINGTON,1,kv,Description,DESCRIPTION_UNIT_CAVALRY
UNIT_WELLINGTON,2,kv,DefaultIcon,ICON_UNIT_WELLINGTON
UNIT_WELLINGTON,3,kv,DefaultSprite,SPRITE_WELLINGTON
UNIT_WELLINGTON,4,kv,Category,UNIT_CATEGORY_FLANKER
UNIT_WELLINGTON,5,kv,Attack,40
UNIT_WELLINGTON,6,kv,Defense,50
UNIT_WELLINGTON,7,kv,ZBRangeAttack,40
UNIT_WELLINGTON,8,kv,Firepower,3
UNIT_WELLINGTON,9,kv,Armor,1
UNIT_WELLINGTON,10,kv,MaxHP,20
UNIT_WELLINGTON,11,kv,ShieldCost,1300
UNIT_WELLINGTON,12,kv,PowerPoints,60
UNIT_WELLINGTON,13,kv,ShieldHunger,22
UNIT_WELLINGTON,14,kv,FoodHunger,0
UNIT_WELLINGTON,15,kv,MaxMovePoints,300
UNIT_WELLINGTON,16,kv,VisionRange,2
UNIT_WELLINGTON,17,kv,EnableAdvance,ADVANCE_HEXTAPUL
UNIT_WELLINGTON,18,kv,ActiveDefenseRange,0
UNIT_WELLINGTON,19,flag,LossMoveToDmgNone,
UNIT_WELLINGTON,20,kv,MaxFuel,0
UNIT_WELLINGTON,21,flag,CanEntrench,
UNIT_WELLINGTON,22,flag,CanExpel,
UNIT_WELLINGTON,23,flag,CanPillage,
UNIT_WELLINGTON,24,flag,CanPirate,
UNIT_WELLINGTON,25,flag,ExertsMartialLaw,
UNIT_WELLINGTON,26,flag,DeathEffectsHappy,
UNIT_WELLINGTON,27,flag,IsMounted,
UNIT_WELLINGTON,28,flag,IsFlanker,
UNIT_WELLINGTON,29,flag,IsSpecialForces,
UNIT_WELLINGTON,30,flag,OnlyBuildOne,
UNIT_WELLINGTON,31,kv,SoundSelect1,SOUND_SELECT1_CAVALRY
UNIT_WELLINGTON,32,kv,SoundSelect2,SOUND_SELECT2_CAVALRY
UNIT_WELLINGTON,33,kv,SoundMove,SOUND_MOVE_CAVALRY
UNIT_WELLINGTON,34,kv,SoundAcknowledge,SOUND_ACKNOWLEDGE_CAVALRY
UNIT_WELLINGTON,35,kv,SoundCantMove,SOUND_CANTMOVE_CAVALRY
UNIT_WELLINGTON,36,kv,SoundAttack,SOUND_ATTACK_CAVALRY
UNIT_WELLINGTON,37,kv,SoundWork,SOUND_WORK_CAVALRY
UNIT_WELLINGTON,38,kv,SoundVictory,SOUND_VICTORY_CAVALRY
UNIT_WELLINGTON,39,kv,SoundDeath,SOUND_DEATH_CAVALRY
UNIT_WELLINGTON,40,sublist,CanAttack,Land
UNIT_WELLINGTON,41,sublist,CanSee,Standard
UNIT_WELLINGTON,42,sublist,MovementType,Land
UNIT_WELLINGTON,43,sublist,Size,Medium
UNIT_WELLINGTON,44,sublist,VisionClass,Standard
UNIT_WELLINGTON,45,nested,CanReform,"[{""t"": ""kv"", ""k"": ""Sound"", ""v"": ""SOUND_ID_REFORM_CITY""}, {""t"": ""kv"", ""k"": ""Effect"", ""v"": ""SPECEFFECT_REFORMCITY""}]"
UNIT_DAVOUT,0,flag,CantBuild,
UNIT_DAVOUT,1,kv,Description,DESCRIPTION_UNIT_CAVALRY
UNIT_DAVOUT,2,kv,DefaultIcon,ICON_UNIT_DAVOUT
UNIT_DAVOUT,3,kv,DefaultSprite,SPRITE_DAVOUT
UNIT_DAVOUT,4,kv,Category,UNIT_CATEGORY_FLANKER
UNIT_DAVOUT,5,kv,Attack,40
UNIT_DAVOUT,6,kv,Defense,50
UNIT_DAVOUT,7,kv,ZBRangeAttack,40
UNIT_DAVOUT,8,kv,Firepower,3
UNIT_DAVOUT,9,kv,Armor,1
UNIT_DAVOUT,10,kv,MaxHP,20
UNIT_DAVOUT,11,kv,ShieldCost,1300
UNIT_DAVOUT,12,kv,PowerPoints,60
UNIT_DAVOUT,13,kv,ShieldHunger,22
UNIT_DAVOUT,14,kv,FoodHunger,0
UNIT_DAVOUT,15,kv,MaxMovePoints,300
UNIT_DAVOUT,16,kv,VisionRange,2
UNIT_DAVOUT,17,kv,EnableAdvance,ADVANCE_HEXTAPUL
UNIT_DAVOUT,18,kv,ActiveDefenseRange,0
UNIT_DAVOUT,19,flag,LossMoveToDmgNone,
UNIT_DAVOUT,20,kv,MaxFuel,0
UNIT_DAVOUT,21,flag,CanEntrench,
UNIT_DAVOUT,22,flag,CanExpel,
UNIT_DAVOUT,23,flag,CanPillage,
UNIT_DAVOUT,24,flag,CanPirate,
UNIT_DAVOUT,25,flag,ExertsMartialLaw,
UNIT_DAVOUT,26,flag,DeathEffectsHappy,
UNIT_DAVOUT,27,flag,IsMounted,
UNIT_DAVOUT,28,flag,IsFlanker,
UNIT_DAVOUT,29,flag,IsSpecialForces,
UNIT_DAVOUT,30,flag,OnlyBuildOne,
UNIT_DAVOUT,31,kv,SoundSelect1,SOUND_SELECT1_CAVALRY
UNIT_DAVOUT,32,kv,SoundSelect2,SOUND_SELECT2_CAVALRY
UNIT_DAVOUT,33,kv,SoundMove,SOUND_MOVE_CAVALRY
UNIT_DAVOUT,34,kv,SoundAcknowledge,SOUND_ACKNOWLEDGE_CAVALRY
UNIT_DAVOUT,35,kv,SoundCantMove,SOUND_CANTMOVE_CAVALRY
UNIT_DAVOUT,36,kv,SoundAttack,SOUND_ATTACK_CAVALRY
UNIT_DAVOUT,37,kv,SoundWork,SOUND_WORK_CAVALRY
UNIT_DAVOUT,38,kv,SoundVictory,SOUND_VICTORY_CAVALRY
UNIT_DAVOUT,39,kv,SoundDeath,SOUND_DEATH_CAVALRY
UNIT_DAVOUT,40,sublist,CanAttack,Land
UNIT_DAVOUT,41,sublist,CanSee,Standard
UNIT_DAVOUT,42,sublist,MovementType,Land
UNIT_DAVOUT,43,sublist,Size,Medium
UNIT_DAVOUT,44,sublist,VisionClass,Standard
UNIT_DAVOUT,45,nested,CanReform,"[{""t"": ""kv"", ""k"": ""Sound"", ""v"": ""SOUND_ID_REFORM_CITY""}, {""t"": ""kv"", ""k"": ""Effect"", ""v"": ""SPECEFFECT_REFORMCITY""}]"
UNIT_DAVEY_CROCKET,0,flag,CantBuild,
UNIT_DAVEY_CROCKET,1,kv,Description,DESCRIPTION_UNIT_CAVALRY
UNIT_DAVEY_CROCKET,2,kv,DefaultIcon,ICON_UNIT_DAVEY_CROCKET
UNIT_DAVEY_CROCKET,3,kv,DefaultSprite,SPRITE_DAVEY_CROCKET
UNIT_DAVEY_CROCKET,4,kv,Category,UNIT_CATEGORY_FLANKER
UNIT_DAVEY_CROCKET,5,kv,Attack,40
UNIT_DAVEY_CROCKET,6,kv,Defense,50
UNIT_DAVEY_CROCKET,7,kv,ZBRangeAttack,40
UNIT_DAVEY_CROCKET,8,kv,Firepower,3
UNIT_DAVEY_CROCKET,9,kv,Armor,1
UNIT_DAVEY_CROCKET,10,kv,MaxHP,20
UNIT_DAVEY_CROCKET,11,kv,ShieldCost,1300
UNIT_DAVEY_CROCKET,12,kv,PowerPoints,60
UNIT_DAVEY_CROCKET,13,kv,ShieldHunger,22
UNIT_DAVEY_CROCKET,14,kv,FoodHunger,0
UNIT_DAVEY_CROCKET,15,kv,MaxMovePoints,300
UNIT_DAVEY_CROCKET,16,kv,VisionRange,2
UNIT_DAVEY_CROCKET,17,kv,EnableAdvance,ADVANCE_HEXTAPUL
UNIT_DAVEY_CROCKET,18,kv,ActiveDefenseRange,0
UNIT_DAVEY_CROCKET,19,flag,LossMoveToDmgNone,
UNIT_DAVEY_CROCKET,20,kv,MaxFuel,0
UNIT_DAVEY_CROCKET,21,flag,CanEntrench,
UNIT_DAVEY_CROCKET,22,flag,CanExpel,
UNIT_DAVEY_CROCKET,23,flag,CanPillage,
UNIT_DAVEY_CROCKET,24,flag,CanPirate,
UNIT_DAVEY_CROCKET,25,flag,ExertsMartialLaw,
UNIT_DAVEY_CROCKET,26,flag,DeathEffectsHappy,
UNIT_DAVEY_CROCKET,27,flag,IsMounted,
UNIT_DAVEY_CROCKET,28,flag,IsFlanker,
UNIT_DAVEY_CROCKET,29,flag,IsSpecialForces,
UNIT_DAVEY_CROCKET,30,flag,OnlyBuildOne,
UNIT_DAVEY_CROCKET,31,kv,SoundSelect1,SOUND_SELECT1_CAVALRY
UNIT_DAVEY_CROCKET,32,kv,SoundSelect2,SOUND_SELECT2_CAVALRY
UNIT_DAVEY_CROCKET,33,kv,SoundMove,SOUND_MOVE_CAVALRY
UNIT_DAVEY_CROCKET,34,kv,SoundAcknowledge,SOUND_ACKNOWLEDGE_CAVALRY
UNIT_DAVEY_CROCKET,35,kv,SoundCantMove,SOUND_CANTMOVE_CAVALRY
UNIT_DAVEY_CROCKET,36,kv,SoundAttack,SOUND_ATTACK_CAVALRY
UNIT_DAVEY_CROCKET,37,kv,SoundWork,SOUND_WORK_CAVALRY
UNIT_DAVEY_CROCKET,38,kv,SoundVictory,SOUND_VICTORY_CAVALRY
UNIT_DAVEY_CROCKET,39,kv,SoundDeath,SOUND_DEATH_CAVALRY
UNIT_DAVEY_CROCKET,40,sublist,CanAttack,Land
UNIT_DAVEY_CROCKET,41,sublist,CanSee,Standard
UNIT_DAVEY_CROCKET,42,sublist,MovementType,Land
UNIT_DAVEY_CROCKET,43,sublist,Size,Medium
UNIT_DAVEY_CROCKET,44,sublist,VisionClass,Standard
UNIT_DAVEY_CROCKET,45,nested,CanReform,"[{""t"": ""kv"", ""k"": ""Sound"", ""v"": ""SOUND_ID_REFORM_CITY""}, {""t"": ""kv"", ""k"": ""Effect"", ""v"": ""SPECEFFECT_REFORMCITY""}]"
UNIT_OYAMA,0,flag,CantBuild,
UNIT_OYAMA,1,kv,Description,DESCRIPTION_UNIT_INFANTRYMAN
UNIT_OYAMA,2,kv,DefaultIcon,ICON_UNIT_OYAMA
UNIT_OYAMA,3,kv,DefaultSprite,SPRITE_OYAMA
UNIT_OYAMA,4,kv,Category,UNIT_CATEGORY_RANGED
UNIT_OYAMA,5,kv,Attack,60
UNIT_OYAMA,6,kv,Defense,60
UNIT_OYAMA,7,kv,ZBRangeAttack,60
UNIT_OYAMA,8,kv,Firepower,3
UNIT_OYAMA,9,kv,Armor,1
UNIT_OYAMA,10,kv,MaxHP,20
UNIT_OYAMA,11,kv,ShieldCost,1300
UNIT_OYAMA,12,kv,PowerPoints,60
UNIT_OYAMA,13,kv,ShieldHunger,25
UNIT_OYAMA,14,kv,FoodHunger,0
UNIT_OYAMA,15,kv,MaxMovePoints,300
UNIT_OYAMA,16,kv,VisionRange,2
UNIT_OYAMA,17,kv,EnableAdvance,ADVANCE_HEXTAPUL
UNIT_OYAMA,18,kv,ActiveDefenseRange,0
UNIT_OYAMA,19,flag,LossMoveToDmgNone,
UNIT_OYAMA,20,kv,MaxFuel,0
UNIT_OYAMA,21,flag,CanEntrench,
UNIT_OYAMA,22,flag,CanExpel,
UNIT_OYAMA,23,flag,CanPillage,
UNIT_OYAMA,24,flag,CanPirate,
UNIT_OYAMA,25,flag,ExertsMartialLaw,
UNIT_OYAMA,26,flag,DeathEffectsHappy,
UNIT_OYAMA,27,flag,IsMounted,
UNIT_OYAMA,28,flag,IsFlanker,
UNIT_OYAMA,29,flag,IsSpecialForces,
UNIT_OYAMA,30,flag,OnlyBuildOne,
UNIT_OYAMA,31,kv,SoundSelect1,SOUND_SELECT1_INFANTRYMAN
UNIT_OYAMA,32,kv,SoundSelect2,SOUND_SELECT2_INFANTRYMAN
UNIT_OYAMA,33,kv,SoundMove,SOUND_MOVE_INFANTRYMAN
UNIT_OYAMA,34,kv,SoundAcknowledge,SOUND_ACKNOWLEDGE_INFANTRYMAN
UNIT_OYAMA,35,kv,SoundCantMove,SOUND_CANTMOVE_INFANTRYMAN
UNIT_OYAMA,36,kv,SoundAttack,SOUND_ATTACK_INFANTRYMAN
UNIT_OYAMA,37,kv,SoundWork,SOUND_WORK_INFANTRYMAN
UNIT_OYAMA,38,kv,SoundVictory,SOUND_VICTORY_INFANTRYMAN
UNIT_OYAMA,39,kv,SoundDeath,SOUND_DEATH_INFANTRYMAN
UNIT_OYAMA,40,sublist,CanAttack,Land
UNIT_OYAMA,41,sublist,CanSee,Standard
UNIT_OYAMA,42,sublist,MovementType,Land
UNIT_OYAMA,43,sublist,Size,Medium
UNIT_OYAMA,44,sublist,VisionClass,Standard
UNIT_OYAMA,45,nested,CanReform,"[{""t"": ""kv"", ""k"": ""Sound"", ""v"": ""SOUND_ID_REFORM_CITY""}, {""t"": ""kv"", ""k"": ""Effect"", ""v"": ""SPECEFFECT_REFORMCITY""}]"
UNIT_LUDENDORF,0,flag,CantBuild,
UNIT_LUDENDORF,1,kv,Description,DESCRIPTION_UNIT_INFANTRYMAN
UNIT_LUDENDORF,2,kv,DefaultIcon,ICON_UNIT_LUDENDORF
UNIT_LUDENDORF,3,kv,DefaultSprite,SPRITE_LUDENDORF
UNIT_LUDENDORF,4,kv,Category,UNIT_CATEGORY_RANGED
UNIT_LUDENDORF,5,kv,Attack,60
UNIT_LUDENDORF,6,kv,Defense,60
UNIT_LUDENDORF,7,kv,ZBRangeAttack,60
UNIT_LUDENDORF,8,kv,Firepower,3
UNIT_LUDENDORF,9,kv,Armor,1
UNIT_LUDENDORF,10,kv,MaxHP,20
UNIT_LUDENDORF,11,kv,ShieldCost,1900
UNIT_LUDENDORF,12,kv,PowerPoints,60
UNIT_LUDENDORF,13,kv,ShieldHunger,25
UNIT_LUDENDORF,14,kv,FoodHunger,0
UNIT_LUDENDORF,15,kv,MaxMovePoints,300
UNIT_LUDENDORF,16,kv,VisionRange,2
UNIT_LUDENDORF,17,kv,EnableAdvance,ADVANCE_HEXTAPUL
UNIT_LUDENDORF,18,kv,ActiveDefenseRange,0
UNIT_LUDENDORF,19,flag,LossMoveToDmgNone,
UNIT_LUDENDORF,20,kv,MaxFuel,0
UNIT_LUDENDORF,21,flag,CanEntrench,
UNIT_LUDENDORF,22,flag,CanExpel,
UNIT_LUDENDORF,23,flag,CanPillage,
UNIT_LUDENDORF,24,flag,CanPirate,
UNIT_LUDENDORF,25,flag,ExertsMartialLaw,
UNIT_LUDENDORF,26,flag,DeathEffectsHappy,
UNIT_LUDENDORF,27,flag,IsMounted,
UNIT_LUDENDORF,28,flag,IsFlanker,
UNIT_LUDENDORF,29,flag,IsSpecialForces,
UNIT_LUDENDORF,30,flag,OnlyBuildOne,
UNIT_LUDENDORF,31,kv,SoundSelect1,SOUND_SELECT1_INFANTRYMAN
UNIT_LUDENDORF,32,kv,SoundSelect2,SOUND_SELECT2_INFANTRYMAN
UNIT_LUDENDORF,33,kv,SoundMove,SOUND_MOVE_INFANTRYMAN
UNIT_LUDENDORF,34,kv,SoundAcknowledge,SOUND_ACKNOWLEDGE_INFANTRYMAN
UNIT_LUDENDORF,35,kv,SoundCantMove,SOUND_CANTMOVE_INFANTRYMAN
UNIT_LUDENDORF,36,kv,SoundAttack,SOUND_ATTACK_INFANTRYMAN
UNIT_LUDENDORF,37,kv,SoundWork,SOUND_WORK_INFANTRYMAN
UNIT_LUDENDORF,38,kv,SoundVictory,SOUND_VICTORY_INFANTRYMAN
UNIT_LUDENDORF,39,kv,SoundDeath,SOUND_DEATH_INFANTRYMAN
UNIT_LUDENDORF,40,sublist,CanAttack,Land
UNIT_LUDENDORF,41,sublist,CanSee,Standard
UNIT_LUDENDORF,42,sublist,MovementType,Land
UNIT_LUDENDORF,43,sublist,Size,Medium
UNIT_LUDENDORF,44,sublist,VisionClass,Standard
UNIT_LUDENDORF,45,nested,CanReform,"[{""t"": ""kv"", ""k"": ""Sound"", ""v"": ""SOUND_ID_REFORM_CITY""}, {""t"": ""kv"", ""k"": ""Effect"", ""v"": ""SPECEFFECT_REFORMCITY""}]"
UNIT_ROMMEL,0,flag,CantBuild,
UNIT_ROMMEL,1,kv,Description,DESCRIPTION_UNIT_INFANTRYMAN
UNIT_ROMMEL,2,kv,DefaultIcon,ICON_UNIT_ROMMEL
UNIT_ROMMEL,3,kv,DefaultSprite,SPRITE_ROMMEL
UNIT_ROMMEL,4,kv,Category,UNIT_CATEGORY_RANGED
UNIT_ROMMEL,5,kv,Attack,60
UNIT_ROMMEL,6,kv,Defense,60
UNIT_ROMMEL,7,kv,ZBRangeAttack,60
UNIT_ROMMEL,8,kv,Firepower,3
UNIT_ROMMEL,9,kv,Armor,1
UNIT_ROMMEL,10,kv,MaxHP,20
UNIT_ROMMEL,11,kv,ShieldCost,1900
UNIT_ROMMEL,12,kv,PowerPoints,60
UNIT_ROMMEL,13,kv,ShieldHunger,25
UNIT_ROMMEL,14,kv,FoodHunger,0
UNIT_ROMMEL,15,kv,MaxMovePoints,300
UNIT_ROMMEL,16,kv,VisionRange,2
UNIT_ROMMEL,17,kv,EnableAdvance,ADVANCE_HEXTAPUL
UNIT_ROMMEL,18,kv,ActiveDefenseRange,0
UNIT_ROMMEL,19,flag,LossMoveToDmgNone,
UNIT_ROMMEL,20,kv,MaxFuel,0
UNIT_ROMMEL,21,flag,CanEntrench,
UNIT_ROMMEL,22,flag,CanExpel,
UNIT_ROMMEL,23,flag,CanPillage,
UNIT_ROMMEL,24,flag,CanPirate,
UNIT_ROMMEL,25,flag,ExertsMartialLaw,
UNIT_ROMMEL,26,flag,DeathEffectsHappy,
UNIT_ROMMEL,27,flag,IsMounted,
UNIT_ROMMEL,28,flag,IsFlanker,
UNIT_ROMMEL,29,flag,IsSpecialForces,
UNIT_ROMMEL,30,flag,OnlyBuildOne,
UNIT_ROMMEL,31,kv,SoundSelect1,SOUND_SELECT1_INFANTRYMAN
UNIT_ROMMEL,32,kv,SoundSelect2,SOUND_SELECT2_INFANTRYMAN
UNIT_ROMMEL,33,kv,SoundMove,SOUND_MOVE_INFANTRYMAN
UNIT_ROMMEL,34,kv,SoundAcknowledge,SOUND_ACKNOWLEDGE_INFANTRYMAN
UNIT_ROMMEL,35,kv,SoundCantMove,SOUND_CANTMOVE_INFANTRYMAN
UNIT_ROMMEL,36,kv,SoundAttack,SOUND_ATTACK_INFANTRYMAN
UNIT_ROMMEL,37,kv,SoundWork,SOUND_WORK_INFANTRYMAN
UNIT_ROMMEL,38,kv,SoundVictory,SOUND_VICTORY_INFANTRYMAN
UNIT_ROMMEL,39,kv,SoundDeath,SOUND_DEATH_INFANTRYMAN
UNIT_ROMMEL,40,sublist,CanAttack,Land
UNIT_ROMMEL,41,sublist,CanSee,Standard
UNIT_ROMMEL,42,sublist,MovementType,Land
UNIT_ROMMEL,43,sublist,Size,Medium
UNIT_ROMMEL,44,sublist,VisionClass,Standard
UNIT_ROMMEL,45,nested,CanReform,"[{""t"": ""kv"", ""k"": ""Sound"", ""v"": ""SOUND_ID_REFORM_CITY""}, {""t"": ""kv"", ""k"": ""Effect"", ""v"": ""SPECEFFECT_REFORMCITY""}]"
UNIT_PATTON,0,flag,CantBuild,
UNIT_PATTON,1,kv,Description,DESCRIPTION_UNIT_INFANTRYMAN
UNIT_PATTON,2,kv,DefaultIcon,ICON_UNIT_PATTON
UNIT_PATTON,3,kv,DefaultSprite,SPRITE_PATTON
UNIT_PATTON,4,kv,Category,UNIT_CATEGORY_RANGED
UNIT_PATTON,5,kv,Attack,60
UNIT_PATTON,6,kv,Defense,60
UNIT_PATTON,7,kv,ZBRangeAttack,60
UNIT_PATTON,8,kv,Firepower,3
UNIT_PATTON,9,kv,Armor,1
UNIT_PATTON,10,kv,MaxHP,20
UNIT_PATTON,11,kv,ShieldCost,1900
UNIT_PATTON,12,kv,PowerPoints,60
UNIT_PATTON,13,kv,ShieldHunger,25
UNIT_PATTON,14,kv,FoodHunger,0
UNIT_PATTON,15,kv,MaxMovePoints,300
UNIT_PATTON,16,kv,VisionRange,2
UNIT_PATTON,17,kv,EnableAdvance,ADVANCE_HEXTAPUL
UNIT_PATTON,18,kv,ActiveDefenseRange,0
UNIT_PATTON,19,flag,LossMoveToDmgNone,
UNIT_PATTON,20,kv,MaxFuel,0
UNIT_PATTON,21,flag,CanEntrench,
UNIT_PATTON,22,flag,CanExpel,
UNIT_PATTON,23,flag,CanPillage,
UNIT_PATTON,24,flag,CanPirate,
UNIT_PATTON,25,flag,ExertsMartialLaw,
UNIT_PATTON,26,flag,DeathEffectsHappy,
UNIT_PATTON,27,flag,IsMounted,
UNIT_PATTON,28,flag,IsFlanker,
UNIT_PATTON,29,flag,IsSpecialForces,
UNIT_PATTON,30,flag,OnlyBuildOne,
UNIT_PATTON,31,kv,SoundSelect1,SOUND_SELECT1_INFANTRYMAN
UNIT_PATTON,32,kv,SoundSelect2,SOUND_SELECT2_INFANTRYMAN
UNIT_PATTON,33,kv,SoundMove,SOUND_MOVE_INFANTRYMAN
UNIT_PATTON,34,kv,SoundAcknowledge,SOUND_ACKNOWLEDGE_INFANTRYMAN
UNIT_PATTON,35,kv,SoundCantMove,SOUND_CANTMOVE_INFANTRYMAN
UNIT_PATTON,36,kv,SoundAttack,SOUND_ATTACK_INFANTRYMAN
UNIT_PATTON,37,kv,SoundWork,SOUND_WORK_INFANTRYMAN
UNIT_PATTON,38,kv,SoundVictory,SOUND_VICTORY_INFANTRYMAN
UNIT_PATTON,39,kv,SoundDeath,SOUND_DEATH_INFANTRYMAN
UNIT_PATTON,40,sublist,CanAttack,Land
UNIT_PATTON,41,sublist,CanSee,Standard
UNIT_PATTON,42,sublist,MovementType,Land
UNIT_PATTON,43,sublist,Size,Medium
UNIT_PATTON,44,sublist,VisionClass,Standard
UNIT_PATTON,45,nested,CanReform,"[{""t"": ""kv"", ""k"": ""Sound"", ""v"": ""SOUND_ID_REFORM_CITY""}, {""t"": ""kv"", ""k"": ""Effect"", ""v"": ""SPECEFFECT_REFORMCITY""}]"
UNIT_MACARTHUR,0,flag,CantBuild,
UNIT_MACARTHUR,1,kv,Description,DESCRIPTION_UNIT_INFANTRYMAN
UNIT_MACARTHUR,2,kv,DefaultIcon,ICON_UNIT_MACARTHUR
UNIT_MACARTHUR,3,kv,DefaultSprite,SPRITE_MACARTHUR
UNIT_MACARTHUR,4,kv,Category,UNIT_CATEGORY_RANGED
UNIT_MACARTHUR,5,kv,Attack,60
UNIT_MACARTHUR,6,kv,Defense,60
UNIT_MACARTHUR,7,kv,ZBRangeAttack,60
UNIT_MACARTHUR,8,kv,Firepower,3
UNIT_MACARTHUR,9,kv,Armor,1
UNIT_MACARTHUR,10,kv,MaxHP,20
UNIT_MACARTHUR,11,kv,ShieldCost,1900
UNIT_MACARTHUR,12,kv,PowerPoints,60
UNIT_MACARTHUR,13,kv,ShieldHunger,25
UNIT_MACARTHUR,14,kv,FoodHunger,0
UNIT_MACARTHUR,15,kv,MaxMovePoints,300
UNIT_MACARTHUR,16,kv,VisionRange,2
UNIT_MACARTHUR,17,kv,EnableAdvance,ADVANCE_HEXTAPUL
UNIT_MACARTHUR,18,kv,ActiveDefenseRange,0
UNIT_MACARTHUR,19,flag,LossMoveToDmgNone,
UNIT_MACARTHUR,20,kv,MaxFuel,0
UNIT_MACARTHUR,21,flag,CanEntrench,
UNIT_MACARTHUR,22,flag,CanExpel,
UNIT_MACARTHUR,23,flag,CanPillage,
UNIT_MACARTHUR,24,flag,CanPirate,
UNIT_MACARTHUR,25,flag,ExertsMartialLaw,
UNIT_MACARTHUR,26,flag,DeathEffectsHappy,
UNIT_MACARTHUR,27,flag,IsMounted,
UNIT_MACARTHUR,28,flag,IsFlanker,
UNIT_MACARTHUR,29,flag,IsSpecialForces,
UNIT_MACARTHUR,30,flag,OnlyBuildOne,
UNIT_MACARTHUR,31,kv,SoundSelect1,SOUND_SELECT1_INFANTRYMAN
UNIT_MACARTHUR,32,kv,SoundSelect2,SOUND_SELECT2_INFANTRYMAN
UNIT_MACARTHUR,33,kv,SoundMove,SOUND_MOVE_INFANTRYMAN
UNIT_MACARTHUR,34,kv,SoundAcknowledge,SOUND_ACKNOWLEDGE_INFANTRYMAN
UNIT_MACARTHUR,35,kv,SoundCantMove,SOUND_CANTMOVE_INFANTRYMAN
UNIT_MACARTHUR,36,kv,SoundAttack,SOUND_ATTACK_INFANTRYMAN
UNIT_MACARTHUR,37,kv,SoundWork,SOUND_WORK_INFANTRYMAN
UNIT_MACARTHUR,38,kv,SoundVictory,SOUND_VICTORY_INFANTRYMAN
UNIT_MACARTHUR,39,kv,SoundDeath,SOUND_DEATH_INFANTRYMAN
UNIT_MACARTHUR,40,sublist,CanAttack,Land
UNIT_MACARTHUR,41,sublist,CanSee,Standard
UNIT_MACARTHUR,42,sublist,MovementType,Land
UNIT_MACARTHUR,43,sublist,Size,Medium
UNIT_MACARTHUR,44,sublist,VisionClass,Standard
UNIT_MACARTHUR,45,nested,CanReform,"[{""t"": ""kv"", ""k"": ""Sound"", ""v"": ""SOUND_ID_REFORM_CITY""}, {""t"": ""kv"", ""k"": ""Effect"", ""v"": ""SPECEFFECT_REFORMCITY""}]"
UNIT_MOSHE_DAYAN,0,flag,CantBuild,
UNIT_MOSHE_DAYAN,1,kv,Description,DESCRIPTION_UNIT_INFANTRYMAN
UNIT_MOSHE_DAYAN,2,kv,DefaultIcon,ICON_UNIT_MOSHE_DAYAN
UNIT_MOSHE_DAYAN,3,kv,DefaultSprite,SPRITE_MOSHE_DAYAN
UNIT_MOSHE_DAYAN,4,kv,Category,UNIT_CATEGORY_RANGED
UNIT_MOSHE_DAYAN,5,kv,Attack,60
UNIT_MOSHE_DAYAN,6,kv,Defense,60
UNIT_MOSHE_DAYAN,7,kv,ZBRangeAttack,60
UNIT_MOSHE_DAYAN,8,kv,Firepower,3
UNIT_MOSHE_DAYAN,9,kv,Armor,1
UNIT_MOSHE_DAYAN,10,kv,MaxHP,20
UNIT_MOSHE_DAYAN,11,kv,ShieldCost,1900
UNIT_MOSHE_DAYAN,12,kv,PowerPoints,60
UNIT_MOSHE_DAYAN,13,kv,ShieldHunger,25
UNIT_MOSHE_DAYAN,14,kv,FoodHunger,0
UNIT_MOSHE_DAYAN,15,kv,MaxMovePoints,300
UNIT_MOSHE_DAYAN,16,kv,VisionRange,2
UNIT_MOSHE_DAYAN,17,kv,EnableAdvance,ADVANCE_HEXTAPUL
UNIT_MOSHE_DAYAN,18,kv,ActiveDefenseRange,0
UNIT_MOSHE_DAYAN,19,flag,LossMoveToDmgNone,
UNIT_MOSHE_DAYAN,20,kv,MaxFuel,0
UNIT_MOSHE_DAYAN,21,flag,CanEntrench,
UNIT_MOSHE_DAYAN,22,flag,CanExpel,
UNIT_MOSHE_DAYAN,23,flag,CanPillage,
UNIT_MOSHE_DAYAN,24,flag,CanPirate,
UNIT_MOSHE_DAYAN,25,flag,ExertsMartialLaw,
UNIT_MOSHE_DAYAN,26,flag,DeathEffectsHappy,
UNIT_MOSHE_DAYAN,27,flag,IsMounted,
UNIT_MOSHE_DAYAN,28,flag,IsFlanker,
UNIT_MOSHE_DAYAN,29,flag,IsSpecialForces,
UNIT_MOSHE_DAYAN,30,flag,OnlyBuildOne,
UNIT_MOSHE_DAYAN,31,kv,SoundSelect1,SOUND_SELECT1_INFANTRYMAN
UNIT_MOSHE_DAYAN,32,kv,SoundSelect2,SOUND_SELECT2_INFANTRYMAN
UNIT_MOSHE_DAYAN,33,kv,SoundMove,SOUND_MOVE_INFANTRYMAN
UNIT_MOSHE_DAYAN,34,kv,SoundAcknowledge,SOUND_ACKNOWLEDGE_INFANTRYMAN
UNIT_MOSHE_DAYAN,35,kv,SoundCantMove,SOUND_CANTMOVE_INFANTRYMAN
UNIT_MOSHE_DAYAN,36,kv,SoundAttack,SOUND_ATTACK_INFANTRYMAN
UNIT_MOSHE_DAYAN,37,kv,SoundWork,SOUND_WORK_INFANTRYMAN
UNIT_MOSHE_DAYAN,38,kv,SoundVictory,SOUND_VICTORY_INFANTRYMAN
UNIT_MOSHE_DAYAN,39,kv,SoundDeath,SOUND_DEATH_INFANTRYMAN
UNIT_MOSHE_DAYAN,40,sublist,CanAttack,Land
UNIT_MOSHE_DAYAN,41,sublist,CanSee,Standard
UNIT_MOSHE_DAYAN,42,sublist,MovementType,Land
UNIT_MOSHE_DAYAN,43,sublist,Size,Medium
UNIT_MOSHE_DAYAN,44,sublist,VisionClass,Standard
UNIT_MOSHE_DAYAN,45,nested,CanReform,"[{""t"": ""kv"", ""k"": ""Sound"", ""v"": ""SOUND_ID_REFORM_CITY""}, {""t"": ""kv"", ""k"": ""Effect"", ""v"": ""SPECEFFECT_REFORMCITY""}]"
UNIT_KING,0,kv,Description,DESCRIPTION_UNIT_HOPLITE
UNIT_KING,1,kv,DefaultIcon,ICON_UNIT_KING
UNIT_KING,2,kv,DefaultSprite,SPRITE_KING
UNIT_KING,3,kv,Category,UNIT_CATEGORY_DEFENSE
UNIT_KING,4,kv,Attack,10
UNIT_KING,5,kv,Defense,10
UNIT_KING,6,kv,ZBRangeAttack,15
UNIT_KING,7,kv,Firepower,1
UNIT_KING,8,kv,Armor,1
UNIT_KING,9,kv,MaxHP,14
UNIT_KING,10,kv,ShieldCost,1000
UNIT_KING,11,kv,PowerPoints,81
UNIT_KING,12,kv,ShieldHunger,5
UNIT_KING,13,kv,FoodHunger,0
UNIT_KING,14,kv,MaxMovePoints,200
UNIT_KING,15,kv,VisionRange,1
UNIT_KING,16,kv,EnableAdvance,ADVANCE_DYNASTY
UNIT_KING,17,kv,ObsoleteAdvance,ADVANCE_TRIBUNAL_EMPIRE
UNIT_KING,18,kv,ActiveDefenseRange,0
UNIT_KING,19,flag,LossMoveToDmgNone,
UNIT_KING,20,kv,MaxFuel,0
UNIT_KING,21,flag,CanEntrench,
UNIT_KING,22,flag,CanExpel,
UNIT_KING,23,flag,CanPillage,
UNIT_KING,24,flag,CanPirate,
UNIT_KING,25,flag,ExertsMartialLaw,
UNIT_KING,26,flag,DeathEffectsHappy,
UNIT_KING,27,flag,OnlyBuildOne,
UNIT_KING,28,kv,SoundSelect1,SOUND_SELECT1_KNIGHT
UNIT_KING,29,kv,SoundSelect2,SOUND_SELECT2_KNIGHT
UNIT_KING,30,kv,SoundMove,SOUND_MOVE_KNIGHT
UNIT_KING,31,kv,SoundAcknowledge,SOUND_ACKNOWLEDGE_KNIGHT
UNIT_KING,32,kv,SoundCantMove,SOUND_CANTMOVE_KNIGHT
UNIT_KING,33,kv,SoundAttack,SOUND_ATTACK_KNIGHT
UNIT_KING,34,kv,SoundWork,SOUND_WORK_KNIGHT
UNIT_KING,35,kv,SoundVictory,SOUND_VICTORY_KNIGHT
UNIT_KING,36,kv,SoundDeath,SOUND_DEATH_KNIGHT
UNIT_KING,37,sublist,CanAttack,Land
UNIT_KING,38,sublist,CanAttack,Mountain
UNIT_KING,39,sublist,CanSee,Standard
UNIT_KING,40,sublist,MovementType,Land
UNIT_KING,41,sublist,MovementType,Mountain
UNIT_KING,42,sublist,Size,Medium
UNIT_KING,43,sublist,VisionClass,Standard
UNIT_KING,44,nested,CanReform,"[{""t"": ""kv"", ""k"": ""Sound"", ""v"": ""SOUND_ID_REFORM_CITY""}, {""t"": ""kv"", ""k"": ""Effect"", ""v"": ""SPECEFFECT_REFORMCITY""}]"
UNIT_GREAT_KING,0,kv,Description,DESCRIPTION_UNIT_HOPLITE
UNIT_GREAT_KING,1,kv,DefaultIcon,ICON_UNIT_GREAT_KING
UNIT_GREAT_KING,2,kv,DefaultSprite,SPRITE_GREAT_KING
UNIT_GREAT_KING,3,kv,Category,UNIT_CATEGORY_DEFENSE
UNIT_GREAT_KING,4,kv,Attack,10
UNIT_GREAT_KING,5,kv,Defense,25
UNIT_GREAT_KING,6,kv,ZBRangeAttack,35
UNIT_GREAT_KING,7,kv,Firepower,1
UNIT_GREAT_KING,8,kv,Armor,1
UNIT_GREAT_KING,9,kv,MaxHP,15
UNIT_GREAT_KING,10,kv,ShieldCost,2000
UNIT_GREAT_KING,11,kv,PowerPoints,81
UNIT_GREAT_KING,12,kv,ShieldHunger,40
UNIT_GREAT_KING,13,kv,FoodHunger,0
UNIT_GREAT_KING,14,kv,MaxMovePoints,200
UNIT_GREAT_KING,15,kv,VisionRange,1
UNIT_GREAT_KING,16,kv,EnableAdvance,ADVANCE_TRIBUNAL_EMPIRE
UNIT_GREAT_KING,17,kv,ObsoleteAdvance,ADVANCE_DEMOCRACY
UNIT_GREAT_KING,18,kv,ActiveDefenseRange,0
UNIT_GREAT_KING,19,flag,LossMoveToDmgNone,
UNIT_GREAT_KING,20,kv,MaxFuel,0
UNIT_GREAT_KING,21,flag,CanEntrench,
UNIT_GREAT_KING,22,flag,CanExpel,
UNIT_GREAT_KING,23,flag,CanPillage,
UNIT_GREAT_KING,24,flag,CanPirate,
UNIT_GREAT_KING,25,flag,ExertsMartialLaw,
UNIT_GREAT_KING,26,flag,DeathEffectsHappy,
UNIT_GREAT_KING,27,flag,OnlyBuildOne,
UNIT_GREAT_KING,28,kv,SoundSelect1,SOUND_SELECT1_KNIGHT
UNIT_GREAT_KING,29,kv,SoundSelect2,SOUND_SELECT2_KNIGHT
UNIT_GREAT_KING,30,kv,SoundMove,SOUND_MOVE_KNIGHT
UNIT_GREAT_KING,31,kv,SoundAcknowledge,SOUND_ACKNOWLEDGE_KNIGHT
UNIT_GREAT_KING,32,kv,SoundCantMove,SOUND_CANTMOVE_KNIGHT
UNIT_GREAT_KING,33,kv,SoundAttack,SOUND_ATTACK_KNIGHT
UNIT_GREAT_KING,34,kv,SoundWork,SOUND_WORK_KNIGHT
UNIT_GREAT_KING,35,kv,SoundVictory,SOUND_VICTORY_KNIGHT
UNIT_GREAT_KING,36,kv,SoundDeath,SOUND_DEATH_KNIGHT
UNIT_GREAT_KING,37,sublist,CanAttack,Land
UNIT_GREAT_KING,38,sublist,CanAttack,Mountain
UNIT_GREAT_KING,39,sublist,CanSee,Standard
UNIT_GREAT_KING,40,sublist,MovementType,Land
UNIT_GREAT_KING,41,sublist,MovementType,Mountain
UNIT_GREAT_KING,42,sublist,Size,Medium
UNIT_GREAT_KING,43,sublist,VisionClass,Standard
UNIT_GREAT_KING,44,nested,CanReform,"[{""t"": ""kv"", ""k"": ""Sound"", ""v"": ""SOUND_ID_REFORM_CITY""}, {""t"": ""kv"", ""k"": ""Effect"", ""v"": ""SPECEFFECT_REFORMCITY""}]"
UNIT_TOWN_WATCH,0,flag,CantBuild,
UNIT_TOWN_WATCH,1,kv,Description,DESCRIPTION_UNIT_HOPLITE
UNIT_TOWN_WATCH,2,kv,DefaultIcon,ICON_UNIT_TOWN_WATCH
UNIT_TOWN_WATCH,3,kv,DefaultSprite,SPRITE_TOWN_WATCH
UNIT_TOWN_WATCH,4,kv,Category,UNIT_CATEGORY_DEFENSE
UNIT_TOWN_WATCH,5,kv,Attack,5
UNIT_TOWN_WATCH,6,kv,Defense,5
UNIT_TOWN_WATCH,7,kv,ZBRangeAttack,0
UNIT_TOWN_WATCH,8,kv,Firepower,1
UNIT_TOWN_WATCH,9,kv,Armor,1
UNIT_TOWN_WATCH,10,kv,MaxHP,9
UNIT_TOWN_WATCH,11,kv,ShieldCost,125
UNIT_TOWN_WATCH,12,kv,PowerPoints,70
UNIT_TOWN_WATCH,13,kv,ShieldHunger,1
UNIT_TOWN_WATCH,14,kv,FoodHunger,0
UNIT_TOWN_WATCH,15,kv,MaxMovePoints,0
UNIT_TOWN_WATCH,16,kv,VisionRange,1
UNIT_TOWN_WATCH,17,kv,EnableAdvance,ADVANCE_HEXTAPUL
UNIT_TOWN_WATCH,18,kv,ActiveDefenseRange,0
UNIT_TOWN_WATCH,19,flag,LossMoveToDmgNone,
UNIT_TOWN_WATCH,20,kv,MaxFuel,0
UNIT_TOWN_WATCH,21,flag,CanEntrench,
UNIT_TOWN_WATCH,22,flag,NoZoc,
UNIT_TOWN_WATCH,23,flag,CanExpel,
UNIT_TOWN_WATCH,24,flag,CanPillage,
UNIT_TOWN_WATCH,25,flag,CanPirate,
UNIT_TOWN_WATCH,26,flag,ExertsMartialLaw,
UNIT_TOWN_WATCH,27,flag,DeathEffectsHappy,
UNIT_TOWN_WATCH,28,flag,BuildingRemovesAPop,
UNIT_TOWN_WATCH,29,flag,OnlyBuildOne,
UNIT_TOWN_WATCH,30,kv,SoundSelect1,SOUND_SELECT1_HOPLITE
UNIT_TOWN_WATCH,31,kv,SoundSelect2,SOUND_SELECT2_HOPLITE
UNIT_TOWN_WATCH,32,kv,SoundMove,SOUND_MOVE_HOPLITE
UNIT_TOWN_WATCH,33,kv,SoundAcknowledge,SOUND_ACKNOWLEDGE_HOPLITE
UNIT_TOWN_WATCH,34,kv,SoundCantMove,SOUND_CANTMOVE_HOPLITE
UNIT_TOWN_WATCH,35,kv,SoundAttack,SOUND_ATTACK_HOPLITE
UNIT_TOWN_WATCH,36,kv,SoundWork,SOUND_WORK_HOPLITE
UNIT_TOWN_WATCH,37,kv,SoundVictory,SOUND_VICTORY_HOPLITE
UNIT_TOWN_WATCH,38,kv,SoundDeath,SOUND_DEATH_HOPLITE
UNIT_TOWN_WATCH,39,sublist,CanAttack,Land
UNIT_TOWN_WATCH,40,sublist,CanAttack,Mountain
UNIT_TOWN_WATCH,41,sublist,CanSee,Standard
UNIT_TOWN_WATCH,42,sublist,MovementType,Land
UNIT_TOWN_WATCH,43,sublist,MovementType,Mountain
UNIT_TOWN_WATCH,44,sublist,Size,Medium
UNIT_TOWN_WATCH,45,sublist,VisionClass,Standard
UNIT_TOWN_WATCH,46,nested,CanReform,"[{""t"": ""kv"", ""k"": ""Sound"", ""v"": ""SOUND_ID_REFORM_CITY""}, {""t"": ""kv"", ""k"": ""Effect"", ""v"": ""SPECEFFECT_REFORMCITY""}]"
UNIT_ELITE_ADVANCED_WARRIOR,0,flag,CantBuild,
UNIT_ELITE_ADVANCED_WARRIOR,1,kv,Description,DESCRIPTION_UNIT_WARRIOR
UNIT_ELITE_ADVANCED_WARRIOR,2,kv,DefaultIcon,ICON_UNIT_ELITE_ADVANCED_WARRIOR
UNIT_ELITE_ADVANCED_WARRIOR,3,kv,DefaultSprite,SPRITE_ADVANCED_WARRIOR
UNIT_ELITE_ADVANCED_WARRIOR,4,kv,Category,UNIT_CATEGORY_ATTACK
UNIT_ELITE_ADVANCED_WARRIOR,5,kv,Attack,25
UNIT_ELITE_ADVANCED_WARRIOR,6,kv,Defense,10
UNIT_ELITE_ADVANCED_WARRIOR,7,kv,ZBRangeAttack,0
UNIT_ELITE_ADVANCED_WARRIOR,8,kv,Firepower,1
UNIT_ELITE_ADVANCED_WARRIOR,9,kv,Armor,1
UNIT_ELITE_ADVANCED_WARRIOR,10,kv,MaxHP,11
UNIT_ELITE_ADVANCED_WARRIOR,11,kv,ShieldCost,250
UNIT_ELITE_ADVANCED_WARRIOR,12,kv,PowerPoints,70
UNIT_ELITE_ADVANCED_WARRIOR,13,kv,ShieldHunger,4
UNIT_ELITE_ADVANCED_WARRIOR,14,kv,FoodHunger,0
UNIT_ELITE_ADVANCED_WARRIOR,15,kv,MaxMovePoints,100
UNIT_ELITE_ADVANCED_WARRIOR,16,kv,VisionRange,1
UNIT_ELITE_ADVANCED_WARRIOR,17,kv,EnableAdvance,ADVANCE_TRIBES
UNIT_ELITE_ADVANCED_WARRIOR,18,kv,ObsoleteAdvance,ADVANCE_BRONZE_WORKING
UNIT_ELITE_ADVANCED_WARRIOR,19,kv,ActiveDefenseRange,0
UNIT_ELITE_ADVANCED_WARRIOR,20,flag,LossMoveToDmgNone,
UNIT_ELITE_ADVANCED_WARRIOR,21,kv,MaxFuel,0
UNIT_ELITE_ADVANCED_WARRIOR,22,flag,CanEntrench,
UNIT_ELITE_ADVANCED_WARRIOR,23,flag,CanExpel,
UNIT_ELITE_ADVANCED_WARRIOR,24,flag,CanPillage,
UNIT_ELITE_ADVANCED_WARRIOR,25,flag,CanPirate,
UNIT_ELITE_ADVANCED_WARRIOR,26,flag,ExertsMartialLaw,
UNIT_ELITE_ADVANCED_WARRIOR,27,flag,DeathEffectsHappy,
UNIT_ELITE_ADVANCED_WARRIOR,28,flag,OnlyBuildOne,
UNIT_ELITE_ADVANCED_WARRIOR,29,kv,SoundSelect1,SOUND_SELECT1_WARRIOR
UNIT_ELITE_ADVANCED_WARRIOR,30,kv,SoundSelect2,SOUND_SELECT2_WARRIOR
UNIT_ELITE_ADVANCED_WARRIOR,31,kv,SoundMove,SOUND_MOVE_WARRIOR
UNIT_ELITE_ADVANCED_WARRIOR,32,kv,SoundAcknowledge,SOUND_ACKNOWLEDGE_WARRIOR
UNIT_ELITE_ADVANCED_WARRIOR,33,kv,SoundCantMove,SOUND_CANTMOVE_WARRIOR
UNIT_ELITE_ADVANCED_WARRIOR,34,kv,SoundAttack,SOUND_ATTACK_WARRIOR
UNIT_ELITE_ADVANCED_WARRIOR,35,kv,SoundWork,SOUND_WORK_WARRIOR
UNIT_ELITE_ADVANCED_WARRIOR,36,kv,SoundVictory,SOUND_VICTORY_WARRIOR
UNIT_ELITE_ADVANCED_WARRIOR,37,kv,SoundDeath,SOUND_DEATH_WARRIOR
UNIT_ELITE_ADVANCED_WARRIOR,38,sublist,CanAttack,Land
UNIT_ELITE_ADVANCED_WARRIOR,39,sublist,CanAttack,Mountain
UNIT_ELITE_ADVANCED_WARRIOR,40,sublist,CanSee,Standard
UNIT_ELITE_ADVANCED_WARRIOR,41,sublist,MovementType,Land
UNIT_ELITE_ADVANCED_WARRIOR,42,sublist,MovementType,Mountain
UNIT_ELITE_ADVANCED_WARRIOR,43,sublist,Size,Medium
UNIT_ELITE_ADVANCED_WARRIOR,44,sublist,VisionClass,Standard
UNIT_ELITE_ADVANCED_WARRIOR,45,nested,CanReform,"[{""t"": ""kv"", ""k"": ""Sound"", ""v"": ""SOUND_ID_REFORM_CITY""}, {""t"": ""kv"", ""k"": ""Effect"", ""v"": ""SPECEFFECT_REFORMCITY""}]"
UNIT_ELITE_HEAVY_SWORDSMAN,0,flag,CantBuild,
UNIT_ELITE_HEAVY_SWORDSMAN,1,kv,Description,DESCRIPTION_UNIT_HOPLITE
UNIT_ELITE_HEAVY_SWORDSMAN,2,kv,DefaultIcon,ICON_UNIT_ELITE_HEAVY_SWORDSMAN
UNIT_ELITE_HEAVY_SWORDSMAN,3,kv,DefaultSprite,SPRITE_HEAVY_SWORDSMAN
UNIT_ELITE_HEAVY_SWORDSMAN,4,kv,Category,UNIT_CATEGORY_DEFENSE
UNIT_ELITE_HEAVY_SWORDSMAN,5,kv,Attack,25
UNIT_ELITE_HEAVY_SWORDSMAN,6,kv,Defense,15
UNIT_ELITE_HEAVY_SWORDSMAN,7,kv,ZBRangeAttack,0
UNIT_ELITE_HEAVY_SWORDSMAN,8,kv,Firepower,1
UNIT_ELITE_HEAVY_SWORDSMAN,9,kv,Armor,1
UNIT_ELITE_HEAVY_SWORDSMAN,10,kv,MaxHP,11
UNIT_ELITE_HEAVY_SWORDSMAN,11,kv,ShieldCost,250
UNIT_ELITE_HEAVY_SWORDSMAN,12,kv,PowerPoints,70
UNIT_ELITE_HEAVY_SWORDSMAN,13,kv,ShieldHunger,5
UNIT_ELITE_HEAVY_SWORDSMAN,14,kv,FoodHunger,0
UNIT_ELITE_HEAVY_SWORDSMAN,15,kv,MaxMovePoints,100
UNIT_ELITE_HEAVY_SWORDSMAN,16,kv,VisionRange,1
UNIT_ELITE_HEAVY_SWORDSMAN,17,kv,EnableAdvance,ADVANCE_COPPER_SMELTING
UNIT_ELITE_HEAVY_SWORDSMAN,18,kv,ObsoleteAdvance,ADVANCE_CITIZENSHIP
UNIT_ELITE_HEAVY_SWORDSMAN,19,kv,ActiveDefenseRange,0
UNIT_ELITE_HEAVY_SWORDSMAN,20,flag,LossMoveToDmgNone,
UNIT_ELITE_HEAVY_SWORDSMAN,21,kv,MaxFuel,0
UNIT_ELITE_HEAVY_SWORDSMAN,22,flag,CanEntrench,
UNIT_ELITE_HEAVY_SWORDSMAN,23,flag,CanExpel,
UNIT_ELITE_HEAVY_SWORDSMAN,24,flag,CanPillage,
UNIT_ELITE_HEAVY_SWORDSMAN,25,flag,CanPirate,
UNIT_ELITE_HEAVY_SWORDSMAN,26,flag,ExertsMartialLaw,
UNIT_ELITE_HEAVY_SWORDSMAN,27,flag,DeathEffectsHappy,
UNIT_ELITE_HEAVY_SWORDSMAN,28,flag,OnlyBuildOne,
UNIT_ELITE_HEAVY_SWORDSMAN,29,kv,SoundSelect1,SOUND_SELECT1_HOPLITE
UNIT_ELITE_HEAVY_SWORDSMAN,30,kv,SoundSelect2,SOUND_SELECT2_HOPLITE
UNIT_ELITE_HEAVY_SWORDSMAN,31,kv,SoundMove,SOUND_MOVE_HOPLITE
UNIT_ELITE_HEAVY_SWORDSMAN,32,kv,SoundAcknowledge,SOUND_ACKNOWLEDGE_HOPLITE
UNIT_ELITE_HEAVY_SWORDSMAN,33,kv,SoundCantMove,SOUND_CANTMOVE_HOPLITE
UNIT_ELITE_HEAVY_SWORDSMAN,34,kv,SoundAttack,SOUND_ATTACK_HOPLITE
UNIT_ELITE_HEAVY_SWORDSMAN,35,kv,SoundWork,SOUND_WORK_HOPLITE
UNIT_ELITE_HEAVY_SWORDSMAN,36,kv,SoundVictory,SOUND_VICTORY_HOPLITE
UNIT_ELITE_HEAVY_SWORDSMAN,37,kv,SoundDeath,SOUND_DEATH_HOPLITE
UNIT_ELITE_HEAVY_SWORDSMAN,38,sublist,CanAttack,Land
UNIT_ELITE_HEAVY_SWORDSMAN,39,sublist,CanAttack,Mountain
UNIT_ELITE_HEAVY_SWORDSMAN,40,sublist,CanSee,Standard
UNIT_ELITE_HEAVY_SWORDSMAN,41,sublist,MovementType,Land
UNIT_ELITE_HEAVY_SWORDSMAN,42,sublist,MovementType,Mountain
UNIT_ELITE_HEAVY_SWORDSMAN,43,sublist,Size,Medium
UNIT_ELITE_HEAVY_SWORDSMAN,44,sublist,VisionClass,Standard
UNIT_ELITE_HEAVY_SWORDSMAN,45,nested,CanReform,"[{""t"": ""kv"", ""k"": ""Sound"", ""v"": ""SOUND_ID_REFORM_CITY""}, {""t"": ""kv"", ""k"": ""Effect"", ""v"": ""SPECEFFECT_REFORMCITY""}]"
UNIT_ELITE_HOPLITE,0,flag,CantBuild,
UNIT_ELITE_HOPLITE,1,kv,Description,DESCRIPTION_UNIT_HOPLITE
UNIT_ELITE_HOPLITE,2,kv,DefaultIcon,ICON_UNIT_ELITE_HOPLITE
UNIT_ELITE_HOPLITE,3,kv,DefaultSprite,SPRITE_HOPLITE
UNIT_ELITE_HOPLITE,4,kv,Category,UNIT_CATEGORY_DEFENSE
UNIT_ELITE_HOPLITE,5,kv,Attack,20
UNIT_ELITE_HOPLITE,6,kv,Defense,20
UNIT_ELITE_HOPLITE,7,kv,ZBRangeAttack,0
UNIT_ELITE_HOPLITE,8,kv,Firepower,1
UNIT_ELITE_HOPLITE,9,kv,Armor,1
UNIT_ELITE_HOPLITE,10,kv,MaxHP,13
UNIT_ELITE_HOPLITE,11,kv,ShieldCost,280
UNIT_ELITE_HOPLITE,12,kv,PowerPoints,81
UNIT_ELITE_HOPLITE,13,kv,ShieldHunger,4
UNIT_ELITE_HOPLITE,14,kv,FoodHunger,0
UNIT_ELITE_HOPLITE,15,kv,MaxMovePoints,100
UNIT_ELITE_HOPLITE,16,kv,VisionRange,1
UNIT_ELITE_HOPLITE,17,kv,EnableAdvance,ADVANCE_BRONZE_WORKING
UNIT_ELITE_HOPLITE,18,kv,ObsoleteAdvance,ADVANCE_IRON_WORKING
UNIT_ELITE_HOPLITE,19,kv,ActiveDefenseRange,0
UNIT_ELITE_HOPLITE,20,flag,LossMoveToDmgNone,
UNIT_ELITE_HOPLITE,21,kv,MaxFuel,0
UNIT_ELITE_HOPLITE,22,flag,CanEntrench,
UNIT_ELITE_HOPLITE,23,flag,CanExpel,
UNIT_ELITE_HOPLITE,24,flag,CanPillage,
UNIT_ELITE_HOPLITE,25,flag,CanPirate,
UNIT_ELITE_HOPLITE,26,flag,ExertsMartialLaw,
UNIT_ELITE_HOPLITE,27,flag,DeathEffectsHappy,
UNIT_ELITE_HOPLITE,28,flag,OnlyBuildOne,
UNIT_ELITE_HOPLITE,29,kv,SoundSelect1,SOUND_SELECT1_HOPLITE
UNIT_ELITE_HOPLITE,30,kv,SoundSelect2,SOUND_SELECT2_HOPLITE
UNIT_ELITE_HOPLITE,31,kv,SoundMove,SOUND_MOVE_HOPLITE
UNIT_ELITE_HOPLITE,32,kv,SoundAcknowledge,SOUND_ACKNOWLEDGE_HOPLITE
UNIT_ELITE_HOPLITE,33,kv,SoundCantMove,SOUND_CANTMOVE_HOPLITE
UNIT_ELITE_HOPLITE,34,kv,SoundAttack,SOUND_ATTACK_HOPLITE
UNIT_ELITE_HOPLITE,35,kv,SoundWork,SOUND_WORK_HOPLITE
UNIT_ELITE_HOPLITE,36,kv,SoundVictory,SOUND_VICTORY_HOPLITE
UNIT_ELITE_HOPLITE,37,kv,SoundDeath,SOUND_DEATH_HOPLITE
UNIT_ELITE_HOPLITE,38,sublist,CanAttack,Land
UNIT_ELITE_HOPLITE,39,sublist,CanAttack,Mountain
UNIT_ELITE_HOPLITE,40,sublist,CanSee,Standard
UNIT_ELITE_HOPLITE,41,sublist,MovementType,Land
UNIT_ELITE_HOPLITE,42,sublist,MovementType,Mountain
UNIT_ELITE_HOPLITE,43,sublist,Size,Medium
UNIT_ELITE_HOPLITE,44,sublist,VisionClass,Standard
UNIT_ELITE_HOPLITE,45,nested,CanReform,"[{""t"": ""kv"", ""k"": ""Sound"", ""v"": ""SOUND_ID_REFORM_CITY""}, {""t"": ""kv"", ""k"": ""Effect"", ""v"": ""SPECEFFECT_REFORMCITY""}]"
UNIT_ELITE_PHALANX,0,flag,CantBuild,
UNIT_ELITE_PHALANX,1,kv,Description,DESCRIPTION_UNIT_HOPLITE
UNIT_ELITE_PHALANX,2,kv,DefaultIcon,ICON_UNIT_ELITE_PHALANX
UNIT_ELITE_PHALANX,3,kv,DefaultSprite,SPRITE_PHALANX
UNIT_ELITE_PHALANX,4,kv,Category,UNIT_CATEGORY_DEFENSE
UNIT_ELITE_PHALANX,5,kv,Attack,25
UNIT_ELITE_PHALANX,6,kv,Defense,25
UNIT_ELITE_PHALANX,7,kv,ZBRangeAttack,0
UNIT_ELITE_PHALANX,8,kv,Firepower,1
UNIT_ELITE_PHALANX,9,kv,Armor,1
UNIT_ELITE_PHALANX,10,kv,MaxHP,16
UNIT_ELITE_PHALANX,11,kv,ShieldCost,310
UNIT_ELITE_PHALANX,12,kv,PowerPoints,81
UNIT_ELITE_PHALANX,13,kv,ShieldHunger,7
UNIT_ELITE_PHALANX,14,kv,FoodHunger,0
UNIT_ELITE_PHALANX,15,kv,MaxMovePoints,100
UNIT_ELITE_PHALANX,16,kv,VisionRange,1
UNIT_ELITE_PHALANX,17,kv,EnableAdvance,ADVANCE_CITIZENSHIP
UNIT_ELITE_PHALANX,18,kv,ObsoleteAdvance,ADVANCE_DARK_AGES
UNIT_ELITE_PHALANX,19,kv,ActiveDefenseRange,0
UNIT_ELITE_PHALANX,20,flag,LossMoveToDmgNone,
UNIT_ELITE_PHALANX,21,kv,MaxFuel,0
UNIT_ELITE_PHALANX,22,flag,CanEntrench,
UNIT_ELITE_PHALANX,23,flag,CanExpel,
UNIT_ELITE_PHALANX,24,flag,CanPillage,
UNIT_ELITE_PHALANX,25,flag,CanPirate,
UNIT_ELITE_PHALANX,26,flag,ExertsMartialLaw,
UNIT_ELITE_PHALANX,27,flag,DeathEffectsHappy,
UNIT_ELITE_PHALANX,28,flag,BonusAgainstMounted,
UNIT_ELITE_PHALANX,29,kv,MountedBonus,0.5
UNIT_ELITE_PHALANX,30,flag,OnlyBuildOne,
UNIT_ELITE_PHALANX,31,kv,SoundSelect1,SOUND_SELECT1_HOPLITE
UNIT_ELITE_PHALANX,32,kv,SoundSelect2,SOUND_SELECT2_HOPLITE
UNIT_ELITE_PHALANX,33,kv,SoundMove,SOUND_MOVE_HOPLITE
UNIT_ELITE_PHALANX,34,kv,SoundAcknowledge,SOUND_ACKNOWLEDGE_HOPLITE
UNIT_ELITE_PHALANX,35,kv,SoundCantMove,SOUND_CANTMOVE_HOPLITE
UNIT_ELITE_PHALANX,36,kv,SoundAttack,SOUND_ATTACK_HOPLITE
UNIT_ELITE_PHALANX,37,kv,SoundWork,SOUND_WORK_HOPLITE
UNIT_ELITE_PHALANX,38,kv,SoundVictory,SOUND_VICTORY_HOPLITE
UNIT_ELITE_PHALANX,39,kv,SoundDeath,SOUND_DEATH_HOPLITE
UNIT_ELITE_PHALANX,40,sublist,CanAttack,Land
UNIT_ELITE_PHALANX,41,sublist,CanAttack,Mountain
UNIT_ELITE_PHALANX,42,sublist,CanSee,Standard
UNIT_ELITE_PHALANX,43,sublist,MovementType,Land
UNIT_ELITE_PHALANX,44,sublist,Size,Medium
UNIT_ELITE_PHALANX,45,sublist,VisionClass,Standard
UNIT_ELITE_PHALANX,46,nested,CanReform,"[{""t"": ""kv"", ""k"": ""Sound"", ""v"": ""SOUND_ID_REFORM_CITY""}, {""t"": ""kv"", ""k"": ""Effect"", ""v"": ""SPECEFFECT_REFORMCITY""}]"
UNIT_ELITE_LEGION,0,flag,CantBuild,
UNIT_ELITE_LEGION,1,kv,Description,DESCRIPTION_UNIT_KNIGHT
UNIT_ELITE_LEGION,2,kv,DefaultIcon,ICON_UNIT_ELITE_LEGION
UNIT_ELITE_LEGION,3,kv,DefaultSprite,SPRITE_LEGION
UNIT_ELITE_LEGION,4,kv,Category,UNIT_CATEGORY_ATTACK
UNIT_ELITE_LEGION,5,kv,Attack,35
UNIT_ELITE_LEGION,6,kv,Defense,25
UNIT_ELITE_LEGION,7,kv,ZBRangeAttack,0
UNIT_ELITE_LEGION,8,kv,Firepower,2
UNIT_ELITE_LEGION,9,kv,Armor,1
UNIT_ELITE_LEGION,10,kv,MaxHP,16
UNIT_ELITE_LEGION,11,kv,ShieldCost,525
UNIT_ELITE_LEGION,12,kv,PowerPoints,70
UNIT_ELITE_LEGION,13,kv,ShieldHunger,8
UNIT_ELITE_LEGION,14,kv,FoodHunger,0
UNIT_ELITE_LEGION,15,kv,MaxMovePoints,100
UNIT_ELITE_LEGION,16,kv,VisionRange,1
UNIT_ELITE_LEGION,17,kv,EnableAdvance,ADVANCE_IRON_WORKING
UNIT_ELITE_LEGION,18,kv,ObsoleteAdvance,ADVANCE_DARK_AGES
UNIT_ELITE_LEGION,19,kv,ActiveDefenseRange,0
UNIT_ELITE_LEGION,20,flag,LossMoveToDmgNone,
UNIT_ELITE_LEGION,21,kv,MaxFuel,0
UNIT_ELITE_LEGION,22,flag,CanEntrench,
UNIT_ELITE_LEGION,23,flag,CanBeachAssault,
UNIT_ELITE_LEGION,24,flag,CanExpel,
UNIT_ELITE_LEGION,25,flag,CanPillage,
UNIT_ELITE_LEGION,26,flag,CanPirate,
UNIT_ELITE_LEGION,27,flag,BonusAgainstMounted,
UNIT_ELITE_LEGION,28,kv,MountedBonus,0.25
UNIT_ELITE_LEGION,29,flag,ExertsMartialLaw,
UNIT_ELITE_LEGION,30,flag,DeathEffectsHappy,
UNIT_ELITE_LEGION,31,flag,OnlyBuildOne,
UNIT_ELITE_LEGION,32,kv,SoundSelect1,SOUND_SELECT1_SAMURAI
UNIT_ELITE_LEGION,33,kv,SoundSelect2,SOUND_SELECT2_SAMURAI
UNIT_ELITE_LEGION,34,kv,SoundMove,SOUND_MOVE_SAMURAI
UNIT_ELITE_LEGION,35,kv,SoundAcknowledge,SOUND_ACKNOWLEDGE_SAMURAI
UNIT_ELITE_LEGION,36,kv,SoundCantMove,SOUND_CANTMOVE_SAMURAI
UNIT_ELITE_LEGION,37,kv,SoundAttack,SOUND_ATTACK_SAMURAI
UNIT_ELITE_LEGION,38,kv,SoundWork,SOUND_WORK_SAMURAI
UNIT_ELITE_LEGION,39,kv,SoundVictory,SOUND_VICTORY_SAMURAI
UNIT_ELITE_LEGION,40,kv,SoundDeath,SOUND_DEATH_SAMURAI
UNIT_ELITE_LEGION,41,sublist,CanAttack,Land
UNIT_ELITE_LEGION,42,sublist,CanAttack,Mountain
UNIT_ELITE_LEGION,43,sublist,CanSee,Standard
UNIT_ELITE_LEGION,44,sublist,MovementType,Land
UNIT_ELITE_LEGION,45,sublist,MovementType,Mountain
UNIT_ELITE_LEGION,46,sublist,Size,Medium
UNIT_ELITE_LEGION,47,sublist,VisionClass,Standard
UNIT_ELITE_LEGION,48,nested,CanReform,"[{""t"": ""kv"", ""k"": ""Sound"", ""v"": ""SOUND_ID_REFORM_CITY""}, {""t"": ""kv"", ""k"": ""Effect"", ""v"": ""SPECEFFECT_REFORMCITY""}]"
UNIT_ELITE_PELTAST,0,flag,CantBuild,
UNIT_ELITE_PELTAST,1,kv,Description,DESCRIPTION_UNIT_ARCHER
UNIT_ELITE_PELTAST,2,kv,DefaultIcon,ICON_UNIT_ELITE_PELTAST
UNIT_ELITE_PELTAST,3,kv,DefaultSprite,SPRITE_PELTAST
UNIT_ELITE_PELTAST,4,kv,Category,UNIT_CATEGORY_FLANKER
UNIT_ELITE_PELTAST,5,kv,Attack,20
UNIT_ELITE_PELTAST,6,kv,Defense,15
UNIT_ELITE_PELTAST,7,kv,ZBRangeAttack,0
UNIT_ELITE_PELTAST,8,kv,Firepower,1
UNIT_ELITE_PELTAST,9,kv,Armor,1
UNIT_ELITE_PELTAST,10,kv,MaxHP,11
UNIT_ELITE_PELTAST,11,kv,ShieldCost,300
UNIT_ELITE_PELTAST,12,kv,PowerPoints,70
UNIT_ELITE_PELTAST,13,kv,ShieldHunger,6
UNIT_ELITE_PELTAST,14,kv,FoodHunger,0
UNIT_ELITE_PELTAST,15,kv,MaxMovePoints,200
UNIT_ELITE_PELTAST,16,kv,VisionRange,1
UNIT_ELITE_PELTAST,17,kv,EnableAdvance,ADVANCE_METAL_WORKING
UNIT_ELITE_PELTAST,18,kv,ObsoleteAdvance,ADVANCE_BARRACKS
UNIT_ELITE_PELTAST,19,kv,ActiveDefenseRange,0
UNIT_ELITE_PELTAST,20,flag,LossMoveToDmgNone,
UNIT_ELITE_PELTAST,21,kv,MaxFuel,0
UNIT_ELITE_PELTAST,22,flag,CanEntrench,
UNIT_ELITE_PELTAST,23,flag,CanExpel,
UNIT_ELITE_PELTAST,24,flag,CanPillage,
UNIT_ELITE_PELTAST,25,flag,CanPirate,
UNIT_ELITE_PELTAST,26,flag,OnlyBuildOne,
UNIT_ELITE_PELTAST,27,flag,ExertsMartialLaw,
UNIT_ELITE_PELTAST,28,flag,DeathEffectsHappy,
UNIT_ELITE_PELTAST,29,flag,IsFlanker,
UNIT_ELITE_PELTAST,30,kv,SoundSelect1,SOUND_SELECT1_ARCHER
UNIT_ELITE_PELTAST,31,kv,SoundSelect2,SOUND_SELECT2_ARCHER
UNIT_ELITE_PELTAST,32,kv,SoundMove,SOUND_MOVE_ARCHER
UNIT_ELITE_PELTAST,33,kv,SoundAcknowledge,SOUND_ACKNOWLEDGE_ARCHER
UNIT_ELITE_PELTAST,34,kv,SoundCantMove,SOUND_CANTMOVE_ARCHER
UNIT_ELITE_PELTAST,35,kv,SoundAttack,SOUND_ATTACK_ARCHER
UNIT_ELITE_PELTAST,36,kv,SoundWork,SOUND_WORK_ARCHER
UNIT_ELITE_PELTAST,37,kv,SoundVictory,SOUND_VICTORY_ARCHER
UNIT_ELITE_PELTAST,38,kv,SoundDeath,SOUND_DEATH_ARCHER
UNIT_ELITE_PELTAST,39,sublist,CanAttack,Land
UNIT_ELITE_PELTAST,40,sublist,CanAttack,Mountain
UNIT_ELITE_PELTAST,41,sublist,CanSee,Standard
UNIT_ELITE_PELTAST,42,sublist,MovementType,Land
UNIT_ELITE_PELTAST,43,sublist,MovementType,Mountain
UNIT_ELITE_PELTAST,44,sublist,Size,Medium
UNIT_ELITE_PELTAST,45,sublist,VisionClass,Standard
UNIT_ELITE_PELTAST,46,nested,CanReform,"[{""t"": ""kv"", ""k"": ""Sound"", ""v"": ""SOUND_ID_REFORM_CITY""}, {""t"": ""kv"", ""k"": ""Effect"", ""v"": ""SPECEFFECT_REFORMCITY""}]"
UNIT_ELITE_AUXILLIARY_LEGION,0,flag,CantBuild,
UNIT_ELITE_AUXILLIARY_LEGION,1,kv,Description,DESCRIPTION_UNIT_WARRIOR
UNIT_ELITE_AUXILLIARY_LEGION,2,kv,DefaultIcon,ICON_UNIT_ELITE_AUXILLIARY_LEGION
UNIT_ELITE_AUXILLIARY_LEGION,3,kv,DefaultSprite,SPRITE_AUXILLIARY_LEGION
UNIT_ELITE_AUXILLIARY_LEGION,4,kv,Category,UNIT_CATEGORY_FLANKER
UNIT_ELITE_AUXILLIARY_LEGION,5,kv,Attack,30
UNIT_ELITE_AUXILLIARY_LEGION,6,kv,Defense,20
UNIT_ELITE_AUXILLIARY_LEGION,7,kv,ZBRangeAttack,0
UNIT_ELITE_AUXILLIARY_LEGION,8,kv,Firepower,1
UNIT_ELITE_AUXILLIARY_LEGION,9,kv,Armor,1
UNIT_ELITE_AUXILLIARY_LEGION,10,kv,MaxHP,13
UNIT_ELITE_AUXILLIARY_LEGION,11,kv,ShieldCost,550
UNIT_ELITE_AUXILLIARY_LEGION,12,kv,PowerPoints,70
UNIT_ELITE_AUXILLIARY_LEGION,13,kv,ShieldHunger,8
UNIT_ELITE_AUXILLIARY_LEGION,14,kv,FoodHunger,0
UNIT_ELITE_AUXILLIARY_LEGION,15,kv,MaxMovePoints,200
UNIT_ELITE_AUXILLIARY_LEGION,16,kv,VisionRange,1
UNIT_ELITE_AUXILLIARY_LEGION,17,kv,EnableAdvance,ADVANCE_IRON_WORKING
UNIT_ELITE_AUXILLIARY_LEGION,18,kv,ObsoleteAdvance,ADVANCE_DARK_AGES
UNIT_ELITE_AUXILLIARY_LEGION,19,kv,ActiveDefenseRange,0
UNIT_ELITE_AUXILLIARY_LEGION,20,flag,LossMoveToDmgNone,
UNIT_ELITE_AUXILLIARY_LEGION,21,kv,MaxFuel,0
UNIT_ELITE_AUXILLIARY_LEGION,22,flag,CanEntrench,
UNIT_ELITE_AUXILLIARY_LEGION,23,flag,CanExpel,
UNIT_ELITE_AUXILLIARY_LEGION,24,flag,CanPillage,
UNIT_ELITE_AUXILLIARY_LEGION,25,flag,CanPirate,
UNIT_ELITE_AUXILLIARY_LEGION,26,flag,ExertsMartialLaw,
UNIT_ELITE_AUXILLIARY_LEGION,27,flag,DeathEffectsHappy,
UNIT_ELITE_AUXILLIARY_LEGION,28,flag,IsFlanker,
UNIT_ELITE_AUXILLIARY_LEGION,29,flag,OnlyBuildOne,
UNIT_ELITE_AUXILLIARY_LEGION,30,kv,SoundSelect1,SOUND_SELECT1_HOPLITE
UNIT_ELITE_AUXILLIARY_LEGION,31,kv,SoundSelect2,SOUND_SELECT2_HOPLITE
UNIT_ELITE_AUXILLIARY_LEGION,32,kv,SoundMove,SOUND_MOVE_HOPLITE
UNIT_ELITE_AUXILLIARY_LEGION,33,kv,SoundAcknowledge,SOUND_ACKNOWLEDGE_HOPLITE
UNIT_ELITE_AUXILLIARY_LEGION,34,kv,SoundCantMove,SOUND_CANTMOVE_HOPLITE
UNIT_ELITE_AUXILLIARY_LEGION,35,kv,SoundAttack,SOUND_ATTACK_HOPLITE
UNIT_ELITE_AUXILLIARY_LEGION,36,kv,SoundWork,SOUND_WORK_HOPLITE
UNIT_ELITE_AUXILLIARY_LEGION,37,kv,SoundVictory,SOUND_VICTORY_HOPLITE
UNIT_ELITE_AUXILLIARY_LEGION,38,kv,SoundDeath,SOUND_DEATH_HOPLITE
UNIT_ELITE_AUXILLIARY_LEGION,39,sublist,CanAttack,Land
UNIT_ELITE_AUXILLIARY_LEGION,40,sublist,CanAttack,Mountain
UNIT_ELITE_AUXILLIARY_LEGION,41,sublist,CanSee,Standard
UNIT_ELITE_AUXILLIARY_LEGION,42,sublist,MovementType,Land
UNIT_ELITE_AUXILLIARY_LEGION,43,sublist,MovementType,Mountain
UNIT_ELITE_AUXILLIARY_LEGION,44,sublist,Size,Medium
UNIT_ELITE_AUXILLIARY_LEGION,45,sublist,VisionClass,Standard
UNIT_ELITE_AUXILLIARY_LEGION,46,nested,CanReform,"[{""t"": ""kv"", ""k"": ""Sound"", ""v"": ""SOUND_ID_REFORM_CITY""}, {""t"": ""kv"", ""k"": ""Effect"", ""v"": ""SPECEFFECT_REFORMCITY""}]"
UNIT_ELITE_JAVELIN_CAVALRY,0,flag,CantBuild,
UNIT_ELITE_JAVELIN_CAVALRY,1,kv,Description,DESCRIPTION_UNIT_MOUNTED_ARCHER
UNIT_ELITE_JAVELIN_CAVALRY,2,kv,DefaultIcon,ICON_UNIT_ELITE_JAVELIN_CAVALRY
UNIT_ELITE_JAVELIN_CAVALRY,3,kv,DefaultSprite,SPRITE_JAVELIN_CAVALRY
UNIT_ELITE_JAVELIN_CAVALRY,4,kv,Category,UNIT_CATEGORY_FLANKER
UNIT_ELITE_JAVELIN_CAVALRY,5,kv,Attack,20
UNIT_ELITE_JAVELIN_CAVALRY,6,kv,Defense,10
UNIT_ELITE_JAVELIN_CAVALRY,7,kv,ZBRangeAttack,0
UNIT_ELITE_JAVELIN_CAVALRY,8,kv,Firepower,1
UNIT_ELITE_JAVELIN_CAVALRY,9,kv,Armor,1
UNIT_ELITE_JAVELIN_CAVALRY,10,kv,MaxHP,11
UNIT_ELITE_JAVELIN_CAVALRY,11,kv,ShieldCost,275
UNIT_ELITE_JAVELIN_CAVALRY,12,kv,PowerPoints,60
UNIT_ELITE_JAVELIN_CAVALRY,13,kv,ShieldHunger,5
UNIT_ELITE_JAVELIN_CAVALRY,14,kv,FoodHunger,0
UNIT_ELITE_JAVELIN_CAVALRY,15,kv,MaxMovePoints,300
UNIT_ELITE_JAVELIN_CAVALRY,16,kv,VisionRange,2
UNIT_ELITE_JAVELIN_CAVALRY,17,kv,EnableAdvance,ADVANCE_HORSE_RIDING
UNIT_ELITE_JAVELIN_CAVALRY,18,kv,ObsoleteAdvance,ADVANCE_HORSE_ARMOR
UNIT_ELITE_JAVELIN_CAVALRY,19,kv,ActiveDefenseRange,0
UNIT_ELITE_JAVELIN_CAVALRY,20,flag,LossMoveToDmgNone,
UNIT_ELITE_JAVELIN_CAVALRY,21,kv,MaxFuel,0
UNIT_ELITE_JAVELIN_CAVALRY,22,flag,CanEntrench,
UNIT_ELITE_JAVELIN_CAVALRY,23,flag,CanExpel,
UNIT_ELITE_JAVELIN_CAVALRY,24,flag,CanPillage,
UNIT_ELITE_JAVELIN_CAVALRY,25,flag,CanPirate,
UNIT_ELITE_JAVELIN_CAVALRY,26,flag,ExertsMartialLaw,
UNIT_ELITE_JAVELIN_CAVALRY,27,flag,DeathEffectsHappy,
UNIT_ELITE_JAVELIN_CAVALRY,28,flag,IsMounted,
UNIT_ELITE_JAVELIN_CAVALRY,29,flag,IsFlanker,
UNIT_ELITE_JAVELIN_CAVALRY,30,flag,OnlyBuildOne,
UNIT_ELITE_JAVELIN_CAVALRY,31,kv,SoundSelect1,SOUND_SELECT1_MOUNTED_ARCHER
UNIT_ELITE_JAVELIN_CAVALRY,32,kv,SoundSelect2,SOUND_SELECT2_MOUNTED_ARCHER
UNIT_ELITE_JAVELIN_CAVALRY,33,kv,SoundMove,SOUND_MOVE_MOUNTED_ARCHER
UNIT_ELITE_JAVELIN_CAVALRY,34,kv,SoundAcknowledge,SOUND_ACKNOWLEDGE_MOUNTED_ARCHER
UNIT_ELITE_JAVELIN_CAVALRY,35,kv,SoundCantMove,SOUND_CANTMOVE_MOUNTED_ARCHER
UNIT_ELITE_JAVELIN_CAVALRY,36,kv,SoundAttack,SOUND_ATTACK_MOUNTED_ARCHER
UNIT_ELITE_JAVELIN_CAVALRY,37,kv,SoundWork,SOUND_WORK_MOUNTED_ARCHER
UNIT_ELITE_JAVELIN_CAVALRY,38,kv,SoundVictory,SOUND_VICTORY_MOUNTED_ARCHER
UNIT_ELITE_JAVELIN_CAVALRY,39,kv,SoundDeath,SOUND_DEATH_MOUNTED_ARCHER
UNIT_ELITE_JAVELIN_CAVALRY,40,sublist,CanAttack,Land
UNIT_ELITE_JAVELIN_CAVALRY,41,sublist,CanSee,Standard
UNIT_ELITE_JAVELIN_CAVALRY,42,sublist,MovementType,Land
UNIT_ELITE_JAVELIN_CAVALRY,43,sublist,Size,Medium
UNIT_ELITE_JAVELIN_CAVALRY,44,sublist,VisionClass,Standard
UNIT_ELITE_JAVELIN_CAVALRY,45,nested,CanReform,"[{""t"": ""kv"", ""k"": ""Sound"", ""v"": ""SOUND_ID_REFORM_CITY""}, {""t"": ""kv"", ""k"": ""Effect"", ""v"": ""SPECEFFECT_REFORMCITY""}]"
UNIT_ELITE_CHARIOT,0,flag,CantBuild,
UNIT_ELITE_CHARIOT,1,kv,Description,DESCRIPTION_UNIT_SWORDSMAN
UNIT_ELITE_CHARIOT,2,kv,DefaultIcon,ICON_UNIT_ELITE_CHARIOT
UNIT_ELITE_CHARIOT,3,kv,DefaultSprite,SPRITE_CHARIOT
UNIT_ELITE_CHARIOT,4,kv,Category,UNIT_CATEGORY_FLANKER
UNIT_ELITE_CHARIOT,5,kv,Attack,25
UNIT_ELITE_CHARIOT,6,kv,Defense,10
UNIT_ELITE_CHARIOT,7,kv,ZBRangeAttack,15
UNIT_ELITE_CHARIOT,8,kv,Firepower,1
UNIT_ELITE_CHARIOT,9,kv,Armor,1
UNIT_ELITE_CHARIOT,10,kv,MaxHP,11
UNIT_ELITE_CHARIOT,11,kv,ShieldCost,325
UNIT_ELITE_CHARIOT,12,kv,PowerPoints,60
UNIT_ELITE_CHARIOT,13,kv,ShieldHunger,6
UNIT_ELITE_CHARIOT,14,kv,FoodHunger,0
UNIT_ELITE_CHARIOT,15,kv,MaxMovePoints,200
UNIT_ELITE_CHARIOT,16,kv,VisionRange,2
UNIT_ELITE_CHARIOT,17,kv,EnableAdvance,ADVANCE_CHARIOTS
UNIT_ELITE_CHARIOT,18,kv,ObsoleteAdvance,ADVANCE_HORSE_ARMOR
UNIT_ELITE_CHARIOT,19,kv,ActiveDefenseRange,0
UNIT_ELITE_CHARIOT,20,flag,LossMoveToDmgNone,
UNIT_ELITE_CHARIOT,21,kv,MaxFuel,0
UNIT_ELITE_CHARIOT,22,flag,CanEntrench,
UNIT_ELITE_CHARIOT,23,flag,CanExpel,
UNIT_ELITE_CHARIOT,24,flag,CanPillage,
UNIT_ELITE_CHARIOT,25,flag,CanPirate,
UNIT_ELITE_CHARIOT,26,flag,ExertsMartialLaw,
UNIT_ELITE_CHARIOT,27,flag,DeathEffectsHappy,
UNIT_ELITE_CHARIOT,28,flag,IsMounted,
UNIT_ELITE_CHARIOT,29,flag,IsFlanker,
UNIT_ELITE_CHARIOT,30,flag,IsSpecialForces,
UNIT_ELITE_CHARIOT,31,flag,OnlyBuildOne,
UNIT_ELITE_CHARIOT,32,kv,SoundSelect1,SOUND_SELECT1_SAMURAI
UNIT_ELITE_CHARIOT,33,kv,SoundSelect2,SOUND_SELECT2_SAMURAI
UNIT_ELITE_CHARIOT,34,kv,SoundMove,SOUND_MOVE_SAMURAI
UNIT_ELITE_CHARIOT,35,kv,SoundAcknowledge,SOUND_ACKNOWLEDGE_SAMURAI
UNIT_ELITE_CHARIOT,36,kv,SoundCantMove,SOUND_CANTMOVE_SAMURAI
UNIT_ELITE_CHARIOT,37,kv,SoundAttack,SOUND_ATTACK_SAMURAI
UNIT_ELITE_CHARIOT,38,kv,SoundWork,SOUND_WORK_SAMURAI
UNIT_ELITE_CHARIOT,39,kv,SoundVictory,SOUND_VICTORY_SAMURAI
UNIT_ELITE_CHARIOT,40,kv,SoundDeath,SOUND_DEATH_SAMURAI
UNIT_ELITE_CHARIOT,41,sublist,CanAttack,Land
UNIT_ELITE_CHARIOT,42,sublist,CanSee,Standard
UNIT_ELITE_CHARIOT,43,sublist,MovementType,Land
UNIT_ELITE_CHARIOT,44,sublist,Size,Medium
UNIT_ELITE_CHARIOT,45,sublist,VisionClass,Standard
UNIT_ELITE_CHARIOT,46,nested,CanReform,"[{""t"": ""kv"", ""k"": ""Sound"", ""v"": ""SOUND_ID_REFORM_CITY""}, {""t"": ""kv"", ""k"": ""Effect"", ""v"": ""SPECEFFECT_REFORMCITY""}]"
UNIT_ELITE_CHARIOT_ARCHER,0,flag,CantBuild,
UNIT_ELITE_CHARIOT_ARCHER,1,kv,Description,DESCRIPTION_UNIT_CATAPULT
UNIT_ELITE_CHARIOT_ARCHER,2,kv,DefaultIcon,ICON_UNIT_ELITE_CHARIOT_ARCHER
UNIT_ELITE_CHARIOT_ARCHER,3,kv,DefaultSprite,SPRITE_CHARIOT_ARCHER
UNIT_ELITE_CHARIOT_ARCHER,4,kv,Category,UNIT_CATEGORY_RANGED
UNIT_ELITE_CHARIOT_ARCHER,5,kv,Attack,20
UNIT_ELITE_CHARIOT_ARCHER,6,kv,Defense,10
UNIT_ELITE_CHARIOT_ARCHER,7,kv,ZBRangeAttack,20
UNIT_ELITE_CHARIOT_ARCHER,8,kv,Firepower,1
UNIT_ELITE_CHARIOT_ARCHER,9,kv,Armor,1
UNIT_ELITE_CHARIOT_ARCHER,10,kv,MaxHP,13
UNIT_ELITE_CHARIOT_ARCHER,11,kv,ShieldCost,400
UNIT_ELITE_CHARIOT_ARCHER,12,kv,PowerPoints,50
UNIT_ELITE_CHARIOT_ARCHER,13,kv,ShieldHunger,7
UNIT_ELITE_CHARIOT_ARCHER,14,kv,FoodHunger,0
UNIT_ELITE_CHARIOT_ARCHER,15,kv,MaxMovePoints,200
UNIT_ELITE_CHARIOT_ARCHER,16,kv,VisionRange,2
UNIT_ELITE_CHARIOT_ARCHER,17,kv,EnableAdvance,ADVANCE_ARISTOCRACY
UNIT_ELITE_CHARIOT_ARCHER,18,kv,ObsoleteAdvance,ADVANCE_MOBILE_TACTICS
UNIT_ELITE_CHARIOT_ARCHER,19,kv,BombRounds,2
UNIT_ELITE_CHARIOT_ARCHER,20,kv,BombardRange,1
UNIT_ELITE_CHARIOT_ARCHER,21,flag,CanCounterBombard,
UNIT_ELITE_CHARIOT_ARCHER,22,kv,ActiveDefenseRange,0
UNIT_ELITE_CHARIOT_ARCHER,23,flag,LossMoveToDmgNone,
UNIT_ELITE_CHARIOT_ARCHER,24,kv,MaxFuel,0
UNIT_ELITE_CHARIOT_ARCHER,25,flag,CanEntrench,
UNIT_ELITE_CHARIOT_ARCHER,26,flag,CanExpel,
UNIT_ELITE_CHARIOT_ARCHER,27,flag,CanPillage,
UNIT_ELITE_CHARIOT_ARCHER,28,flag,CanPirate,
UNIT_ELITE_CHARIOT_ARCHER,29,flag,ExertsMartialLaw,
UNIT_ELITE_CHARIOT_ARCHER,30,flag,DeathEffectsHappy,
UNIT_ELITE_CHARIOT_ARCHER,31,flag,IsFlanker,
UNIT_ELITE_CHARIOT_ARCHER,32,flag,IsSpecialForces,
UNIT_ELITE_CHARIOT_ARCHER,33,flag,IsMounted,
UNIT_ELITE_CHARIOT_ARCHER,34,flag,OnlyBuildOne,
UNIT_ELITE_CHARIOT_ARCHER,35,kv,SoundSelect1,SOUND_SELECT1_SAMURAI
UNIT_ELITE_CHARIOT_ARCHER,36,kv,SoundSelect2,SOUND_SELECT2_SAMURAI
UNIT_ELITE_CHARIOT_ARCHER,37,kv,SoundMove,SOUND_MOVE_SAMURAI
UNIT_ELITE_CHARIOT_ARCHER,38,kv,SoundAcknowledge,SOUND_ACKNOWLEDGE_SAMURAI
UNIT_ELITE_CHARIOT_ARCHER,39,kv,SoundCantMove,SOUND_CANTMOVE_SAMURAI
UNIT_ELITE_CHARIOT_ARCHER,40,kv,SoundAttack,SOUND_ATTACK_SAMURAI
UNIT_ELITE_CHARIOT_ARCHER,41,kv,SoundWork,SOUND_WORK_SAMURAI
UNIT_ELITE_CHARIOT_ARCHER,42,kv,SoundVictory,SOUND_VICTORY_SAMURAI
UNIT_ELITE_CHARIOT_ARCHER,43,kv,SoundDeath,SOUND_DEATH_SAMURAI
UNIT_ELITE_CHARIOT_ARCHER,44,sublist,CanAttack,Land
UNIT_ELITE_CHARIOT_ARCHER,45,sublist,CanBombard,Land
UNIT_ELITE_CHARIOT_ARCHER,46,sublist,CanSee,Standard
UNIT_ELITE_CHARIOT_ARCHER,47,sublist,MovementType,Land
UNIT_ELITE_CHARIOT_ARCHER,48,sublist,Size,Medium
UNIT_ELITE_CHARIOT_ARCHER,49,sublist,VisionClass,Standard
UNIT_ELITE_CHARIOT_ARCHER,50,nested,CanReform,"[{""t"": ""kv"", ""k"": ""Sound"", ""v"": ""SOUND_ID_REFORM_CITY""}, {""t"": ""kv"", ""k"": ""Effect"", ""v"": ""SPECEFFECT_REFORMCITY""}]"
UNIT_ELITE_ARCHER,0,flag,CantBuild,
UNIT_ELITE_ARCHER,1,kv,Description,DESCRIPTION_UNIT_ARCHER
UNIT_ELITE_ARCHER,2,kv,DefaultIcon,ICON_UNIT_ELITE_ARCHER
UNIT_ELITE_ARCHER,3,kv,DefaultSprite,SPRITE_ARCHER
UNIT_ELITE_ARCHER,4,kv,Category,UNIT_CATEGORY_RANGED
UNIT_ELITE_ARCHER,5,kv,Attack,15
UNIT_ELITE_ARCHER,6,kv,Defense,10
UNIT_ELITE_ARCHER,7,kv,ZBRangeAttack,20
UNIT_ELITE_ARCHER,8,kv,Firepower,1
UNIT_ELITE_ARCHER,9,kv,Armor,1
UNIT_ELITE_ARCHER,10,kv,MaxHP,9
UNIT_ELITE_ARCHER,11,kv,ShieldCost,400
UNIT_ELITE_ARCHER,12,kv,PowerPoints,50
UNIT_ELITE_ARCHER,13,kv,ShieldHunger,8
UNIT_ELITE_ARCHER,14,kv,FoodHunger,0
UNIT_ELITE_ARCHER,15,kv,MaxMovePoints,100
UNIT_ELITE_ARCHER,16,kv,VisionRange,1
UNIT_ELITE_ARCHER,17,kv,EnableAdvance,ADVANCE_ARCHERY
UNIT_ELITE_ARCHER,18,kv,ObsoleteAdvance,ADVANCE_CROSSBOW
UNIT_ELITE_ARCHER,19,kv,BombRounds,2
UNIT_ELITE_ARCHER,20,kv,BombardRange,1
UNIT_ELITE_ARCHER,21,flag,CanCounterBombard,
UNIT_ELITE_ARCHER,22,kv,ActiveDefenseRange,0
UNIT_ELITE_ARCHER,23,flag,LossMoveToDmgNone,
UNIT_ELITE_ARCHER,24,kv,MaxFuel,0
UNIT_ELITE_ARCHER,25,flag,CanEntrench,
UNIT_ELITE_ARCHER,26,flag,CanExpel,
UNIT_ELITE_ARCHER,27,flag,CanPillage,
UNIT_ELITE_ARCHER,28,flag,CanPirate,
UNIT_ELITE_ARCHER,29,flag,OnlyBuildOne,
UNIT_ELITE_ARCHER,30,flag,ExertsMartialLaw,
UNIT_ELITE_ARCHER,31,flag,DeathEffectsHappy,
UNIT_ELITE_ARCHER,32,kv,SoundSelect1,SOUND_SELECT1_ARCHER
UNIT_ELITE_ARCHER,33,kv,SoundSelect2,SOUND_SELECT2_ARCHER
UNIT_ELITE_ARCHER,34,kv,SoundMove,SOUND_MOVE_ARCHER
UNIT_ELITE_ARCHER,35,kv,SoundAcknowledge,SOUND_ACKNOWLEDGE_ARCHER
UNIT_ELITE_ARCHER,36,kv,SoundCantMove,SOUND_CANTMOVE_ARCHER
UNIT_ELITE_ARCHER,37,kv,SoundAttack,SOUND_ATTACK_ARCHER
UNIT_ELITE_ARCHER,38,kv,SoundWork,SOUND_WORK_ARCHER
UNIT_ELITE_ARCHER,39,kv,SoundVictory,SOUND_VICTORY_ARCHER
UNIT_ELITE_ARCHER,40,kv,SoundDeath,SOUND_DEATH_ARCHER
UNIT_ELITE_ARCHER,41,sublist,CanAttack,Land
UNIT_ELITE_ARCHER,42,sublist,CanBombard,Land
UNIT_ELITE_ARCHER,43,sublist,CanAttack,Mountain
UNIT_ELITE_ARCHER,44,sublist,CanSee,Standard
UNIT_ELITE_ARCHER,45,sublist,MovementType,Land
UNIT_ELITE_ARCHER,46,sublist,MovementType,Mountain
UNIT_ELITE_ARCHER,47,sublist,Size,Medium
UNIT_ELITE_ARCHER,48,sublist,VisionClass,Standard
UNIT_ELITE_ARCHER,49,nested,CanReform,"[{""t"": ""kv"", ""k"": ""Sound"", ""v"": ""SOUND_ID_REFORM_CITY""}, {""t"": ""kv"", ""k"": ""Effect"", ""v"": ""SPECEFFECT_REFORMCITY""}]"
UNIT_ELITE_COMPOSITE_ARCHER,0,flag,CantBuild,
UNIT_ELITE_COMPOSITE_ARCHER,1,kv,Description,DESCRIPTION_UNIT_ARCHER
UNIT_ELITE_COMPOSITE_ARCHER,2,kv,DefaultIcon,ICON_UNIT_ELITE_COMPOSITE_ARCHER
UNIT_ELITE_COMPOSITE_ARCHER,3,kv,DefaultSprite,SPRITE_COMPOSITE_ARCHER
UNIT_ELITE_COMPOSITE_ARCHER,4,kv,Category,UNIT_CATEGORY_RANGED
UNIT_ELITE_COMPOSITE_ARCHER,5,kv,Attack,15
UNIT_ELITE_COMPOSITE_ARCHER,6,kv,Defense,10
UNIT_ELITE_COMPOSITE_ARCHER,7,kv,ZBRangeAttack,35
UNIT_ELITE_COMPOSITE_ARCHER,8,kv,Firepower,2
UNIT_ELITE_COMPOSITE_ARCHER,9,kv,Armor,1
UNIT_ELITE_COMPOSITE_ARCHER,10,kv,MaxHP,11
UNIT_ELITE_COMPOSITE_ARCHER,11,kv,ShieldCost,575
UNIT_ELITE_COMPOSITE_ARCHER,12,kv,PowerPoints,50
UNIT_ELITE_COMPOSITE_ARCHER,13,kv,ShieldHunger,9
UNIT_ELITE_COMPOSITE_ARCHER,14,kv,FoodHunger,0
UNIT_ELITE_COMPOSITE_ARCHER,15,kv,MaxMovePoints,100
UNIT_ELITE_COMPOSITE_ARCHER,16,kv,VisionRange,2
UNIT_ELITE_COMPOSITE_ARCHER,17,kv,EnableAdvance,ADVANCE_COMPOSITE_BOW
UNIT_ELITE_COMPOSITE_ARCHER,18,kv,ObsoleteAdvance,ADVANCE_FLINTLOCK
UNIT_ELITE_COMPOSITE_ARCHER,19,kv,BombRounds,2
UNIT_ELITE_COMPOSITE_ARCHER,20,kv,BombardRange,1
UNIT_ELITE_COMPOSITE_ARCHER,21,flag,CanCounterBombard,
UNIT_ELITE_COMPOSITE_ARCHER,22,kv,ActiveDefenseRange,0
UNIT_ELITE_COMPOSITE_ARCHER,23,flag,LossMoveToDmgNone,
UNIT_ELITE_COMPOSITE_ARCHER,24,kv,MaxFuel,0
UNIT_ELITE_COMPOSITE_ARCHER,25,flag,CanEntrench,
UNIT_ELITE_COMPOSITE_ARCHER,26,flag,CanExpel,
UNIT_ELITE_COMPOSITE_ARCHER,27,flag,CanPillage,
UNIT_ELITE_COMPOSITE_ARCHER,28,flag,CanPirate,
UNIT_ELITE_COMPOSITE_ARCHER,29,flag,ExertsMartialLaw,
UNIT_ELITE_COMPOSITE_ARCHER,30,flag,DeathEffectsHappy,
UNIT_ELITE_COMPOSITE_ARCHER,31,flag,OnlyBuildOne,
UNIT_ELITE_COMPOSITE_ARCHER,32,kv,SoundSelect1,SOUND_SELECT1_ARCHER
UNIT_ELITE_COMPOSITE_ARCHER,33,kv,SoundSelect2,SOUND_SELECT2_ARCHER
UNIT_ELITE_COMPOSITE_ARCHER,34,kv,SoundMove,SOUND_MOVE_ARCHER
UNIT_ELITE_COMPOSITE_ARCHER,35,kv,SoundAcknowledge,SOUND_ACKNOWLEDGE_ARCHER
UNIT_ELITE_COMPOSITE_ARCHER,36,kv,SoundCantMove,SOUND_CANTMOVE_ARCHER
UNIT_ELITE_COMPOSITE_ARCHER,37,kv,SoundAttack,SOUND_ATTACK_ARCHER
UNIT_ELITE_COMPOSITE_ARCHER,38,kv,SoundWork,SOUND_WORK_ARCHER
UNIT_ELITE_COMPOSITE_ARCHER,39,kv,SoundVictory,SOUND_VICTORY_ARCHER
UNIT_ELITE_COMPOSITE_ARCHER,40,kv,SoundDeath,SOUND_DEATH_ARCHER
UNIT_ELITE_COMPOSITE_ARCHER,41,sublist,CanAttack,Land
UNIT_ELITE_COMPOSITE_ARCHER,42,sublist,CanBombard,Land
UNIT_ELITE_COMPOSITE_ARCHER,43,sublist,CanSee,Standard
UNIT_ELITE_COMPOSITE_ARCHER,44,sublist,MovementType,Land
UNIT_ELITE_COMPOSITE_ARCHER,45,sublist,MovementType,Mountain
UNIT_ELITE_COMPOSITE_ARCHER,46,sublist,Size,Medium
UNIT_ELITE_COMPOSITE_ARCHER,47,sublist,VisionClass,Standard
UNIT_ELITE_COMPOSITE_ARCHER,48,nested,CanReform,"[{""t"": ""kv"", ""k"": ""Sound"", ""v"": ""SOUND_ID_REFORM_CITY""}, {""t"": ""kv"", ""k"": ""Effect"", ""v"": ""SPECEFFECT_REFORMCITY""}]"
UNIT_ELITE_GALLEY,0,flag,CantBuild,
UNIT_ELITE_GALLEY,1,kv,Description,DESCRIPTION_UNIT_FIRE_TRIREME
UNIT_ELITE_GALLEY,2,kv,DefaultIcon,ICON_UNIT_ELITE_GALLEY
UNIT_ELITE_GALLEY,3,kv,DefaultSprite,SPRITE_GALLEY
UNIT_ELITE_GALLEY,4,kv,Category,UNIT_CATEGORY_NAVAL
UNIT_ELITE_GALLEY,5,kv,Attack,20
UNIT_ELITE_GALLEY,6,kv,Defense,10
UNIT_ELITE_GALLEY,7,kv,ZBRangeAttack,10
UNIT_ELITE_GALLEY,8,kv,Firepower,1
UNIT_ELITE_GALLEY,9,kv,Armor,1
UNIT_ELITE_GALLEY,10,kv,MaxHP,12
UNIT_ELITE_GALLEY,11,kv,ShieldCost,350
UNIT_ELITE_GALLEY,12,kv,PowerPoints,11
UNIT_ELITE_GALLEY,13,kv,ShieldHunger,6
UNIT_ELITE_GALLEY,14,kv,FoodHunger,0
UNIT_ELITE_GALLEY,15,kv,MaxMovePoints,300
UNIT_ELITE_GALLEY,16,kv,VisionRange,1
UNIT_ELITE_GALLEY,17,kv,EnableAdvance,ADVANCE_SEAMANSHIP
UNIT_ELITE_GALLEY,18,kv,ObsoleteAdvance,ADVANCE_ALCHEMY
UNIT_ELITE_GALLEY,19,kv,BombRounds,2
UNIT_ELITE_GALLEY,20,kv,BombardRange,1
UNIT_ELITE_GALLEY,21,flag,CanCounterBombard,
UNIT_ELITE_GALLEY,22,kv,ActiveDefenseRange,0
UNIT_ELITE_GALLEY,23,flag,LossMoveToDmgNone,
UNIT_ELITE_GALLEY,24,kv,MaxFuel,0
UNIT_ELITE_GALLEY,25,flag,CanExpel,
UNIT_ELITE_GALLEY,26,flag,CanPillage,
UNIT_ELITE_GALLEY,27,flag,CanPirate,
UNIT_ELITE_GALLEY,28,flag,CantCaptureCity,
UNIT_ELITE_GALLEY,29,flag,ExertsMartialLaw,
UNIT_ELITE_GALLEY,30,flag,DeathEffectsHappy,
UNIT_ELITE_GALLEY,31,flag,IsFlanker,
UNIT_ELITE_GALLEY,32,flag,WoodenShip,
UNIT_ELITE_GALLEY,33,flag,OnlyBuildOne,
UNIT_ELITE_GALLEY,34,kv,SoundSelect1,SOUND_SELECT1_GREEK_FIRE_TRIREME
UNIT_ELITE_GALLEY,35,kv,SoundSelect2,SOUND_SELECT2_GREEK_FIRE_TRIREME
UNIT_ELITE_GALLEY,36,kv,SoundMove,SOUND_MOVE_GREEK_FIRE_TRIREME
UNIT_ELITE_GALLEY,37,kv,SoundAcknowledge,SOUND_ACKNOWLEDGE_GREEK_FIRE_TRIREME
UNIT_ELITE_GALLEY,38,kv,SoundCantMove,SOUND_CANTMOVE_GREEK_FIRE_TRIREME
UNIT_ELITE_GALLEY,39,kv,SoundAttack,SOUND_ATTACK_GREEK_FIRE_TRIREME
UNIT_ELITE_GALLEY,40,kv,SoundWork,SOUND_WORK_GREEK_FIRE_TRIREME
UNIT_ELITE_GALLEY,41,kv,SoundVictory,SOUND_VICTORY_GREEK_FIRE_TRIREME
UNIT_ELITE_GALLEY,42,kv,SoundDeath,SOUND_DEATH_GREEK_FIRE_TRIREME
UNIT_ELITE_GALLEY,43,sublist,CanCarry,SmallLand
UNIT_ELITE_GALLEY,44,sublist,CanCarry,MedLand
UNIT_ELITE_GALLEY,45,sublist,CanAttack,ShallowWater
UNIT_ELITE_GALLEY,46,sublist,CanBombard,Water
UNIT_ELITE_GALLEY,47,sublist,CanSee,Standard
UNIT_ELITE_GALLEY,48,sublist,MovementType,ShallowWater
UNIT_ELITE_GALLEY,49,sublist,Size,Large
UNIT_ELITE_GALLEY,50,sublist,VisionClass,Standard
UNIT_ELITE_GALLEY,51,nested,CanReform,"[{""t"": ""kv"", ""k"": ""Sound"", ""v"": ""SOUND_ID_REFORM_CITY""}, {""t"": ""kv"", ""k"": ""Effect"", ""v"": ""SPECEFFECT_REFORMCITY""}]"
UNIT_ELITE_GALLEY,52,nested,CargoData,"[{""t"": ""kv"", ""k"": ""MaxCargo"", ""v"": ""2""}, {""t"": ""kv"", ""k"": ""Load"", ""v"": ""SOUND_ID_TRIREME_LOAD""}, {""t"": ""kv"", ""k"": ""Unload"", ""v"": ""SOUND_ID_TRIREME_UNLOAD""}]"
UNIT_ELITE_TRIREME,0,flag,CantBuild,
UNIT_ELITE_TRIREME,1,kv,Description,DESCRIPTION_UNIT_FIRE_TRIREME
UNIT_ELITE_TRIREME,2,kv,DefaultIcon,ICON_UNIT_ELITE_TRIREME
UNIT_ELITE_TRIREME,3,kv,DefaultSprite,SPRITE_TRIREME
UNIT_ELITE_TRIREME,4,kv,Category,UNIT_CATEGORY_NAVAL
UNIT_ELITE_TRIREME,5,kv,Attack,25
UNIT_ELITE_TRIREME,6,kv,Defense,10
UNIT_ELITE_TRIREME,7,kv,ZBRangeAttack,15
UNIT_ELITE_TRIREME,8,kv,Firepower,1
UNIT_ELITE_TRIREME,9,kv,Armor,1
UNIT_ELITE_TRIREME,10,kv,MaxHP,14
UNIT_ELITE_TRIREME,11,kv,ShieldCost,420
UNIT_ELITE_TRIREME,12,kv,PowerPoints,11
UNIT_ELITE_TRIREME,13,kv,ShieldHunger,7
UNIT_ELITE_TRIREME,14,kv,FoodHunger,0
UNIT_ELITE_TRIREME,15,kv,MaxMovePoints,300
UNIT_ELITE_TRIREME,16,kv,VisionRange,1
UNIT_ELITE_TRIREME,17,kv,EnableAdvance,ADVANCE_ALCHEMY
UNIT_ELITE_TRIREME,18,kv,ObsoleteAdvance,ADVANCE_COMPASS
UNIT_ELITE_TRIREME,19,kv,BombRounds,2
UNIT_ELITE_TRIREME,20,kv,BombardRange,1
UNIT_ELITE_TRIREME,21,flag,CanCounterBombard,
UNIT_ELITE_TRIREME,22,kv,ActiveDefenseRange,0
UNIT_ELITE_TRIREME,23,flag,LossMoveToDmgNone,
UNIT_ELITE_TRIREME,24,kv,MaxFuel,0
UNIT_ELITE_TRIREME,25,flag,CanExpel,
UNIT_ELITE_TRIREME,26,flag,CanPillage,
UNIT_ELITE_TRIREME,27,flag,CanPirate,
UNIT_ELITE_TRIREME,28,flag,CantCaptureCity,
UNIT_ELITE_TRIREME,29,flag,ExertsMartialLaw,
UNIT_ELITE_TRIREME,30,flag,DeathEffectsHappy,
UNIT_ELITE_TRIREME,31,flag,IsFlanker,
UNIT_ELITE_TRIREME,32,flag,WoodenShip,
UNIT_ELITE_TRIREME,33,flag,OnlyBuildOne,
UNIT_ELITE_TRIREME,34,kv,SoundSelect1,SOUND_SELECT1_GREEK_FIRE_TRIREME
UNIT_ELITE_TRIREME,35,kv,SoundSelect2,SOUND_SELECT2_GREEK_FIRE_TRIREME
UNIT_ELITE_TRIREME,36,kv,SoundMove,SOUND_MOVE_GREEK_FIRE_TRIREME
UNIT_ELITE_TRIREME,37,kv,SoundAcknowledge,SOUND_ACKNOWLEDGE_GREEK_FIRE_TRIREME
UNIT_ELITE_TRIREME,38,kv,SoundCantMove,SOUND_CANTMOVE_GREEK_FIRE_TRIREME
UNIT_ELITE_TRIREME,39,kv,SoundAttack,SOUND_ATTACK_GREEK_FIRE_TRIREME
UNIT_ELITE_TRIREME,40,kv,SoundWork,SOUND_WORK_GREEK_FIRE_TRIREME
UNIT_ELITE_TRIREME,41,kv,SoundVictory,SOUND_VICTORY_GREEK_FIRE_TRIREME
UNIT_ELITE_TRIREME,42,kv,SoundDeath,SOUND_DEATH_GREEK_FIRE_TRIREME
UNIT_ELITE_TRIREME,43,sublist,CanCarry,SmallLand
UNIT_ELITE_TRIREME,44,sublist,CanCarry,MedLand
UNIT_ELITE_TRIREME,45,sublist,CanAttack,Sea
UNIT_ELITE_TRIREME,46,sublist,CanAttack,ShallowWater
UNIT_ELITE_TRIREME,47,sublist,CanBombard,Water
UNIT_ELITE_TRIREME,48,sublist,CanSee,Standard
UNIT_ELITE_TRIREME,49,sublist,MovementType,Sea
UNIT_ELITE_TRIREME,50,sublist,MovementType,ShallowWater
UNIT_ELITE_TRIREME,51,sublist,Size,Large
UNIT_ELITE_TRIREME,52,sublist,VisionClass,Standard
UNIT_ELITE_TRIREME,53,nested,CanReform,"[{""t"": ""kv"", ""k"": ""Sound"", ""v"": ""SOUND_ID_REFORM_CITY""}, {""t"": ""kv"", ""k"": ""Effect"", ""v"": ""SPECEFFECT_REFORMCITY""}]"
UNIT_ELITE_TRIREME,54,nested,CargoData,"[{""t"": ""kv"", ""k"": ""MaxCargo"", ""v"": ""2""}, {""t"": ""kv"", ""k"": ""Load"", ""v"": ""SOUND_ID_TRIREME_LOAD""}, {""t"": ""kv"", ""k"": ""Unload"", ""v"": ""SOUND_ID_TRIREME_UNLOAD""}]"
UNIT_ELITE_HORSEMAN,0,flag,CantBuild,
UNIT_ELITE_HORSEMAN,1,kv,Description,DESCRIPTION_UNIT_KNIGHT
UNIT_ELITE_HORSEMAN,2,kv,DefaultIcon,ICON_UNIT_ELITE_HORSEMAN
UNIT_ELITE_HORSEMAN,3,kv,DefaultSprite,SPRITE_HORSEMAN
UNIT_ELITE_HORSEMAN,4,kv,Category,UNIT_CATEGORY_FLANKER
UNIT_ELITE_HORSEMAN,5,kv,Attack,30
UNIT_ELITE_HORSEMAN,6,kv,Defense,15
UNIT_ELITE_HORSEMAN,7,kv,ZBRangeAttack,15
UNIT_ELITE_HORSEMAN,8,kv,Firepower,1
UNIT_ELITE_HORSEMAN,9,kv,Armor,1
UNIT_ELITE_HORSEMAN,10,kv,MaxHP,13
UNIT_ELITE_HORSEMAN,11,kv,ShieldCost,650
UNIT_ELITE_HORSEMAN,12,kv,PowerPoints,60
UNIT_ELITE_HORSEMAN,13,kv,ShieldHunger,8
UNIT_ELITE_HORSEMAN,14,kv,FoodHunger,0
UNIT_ELITE_HORSEMAN,15,kv,MaxMovePoints,300
UNIT_ELITE_HORSEMAN,16,kv,VisionRange,2
UNIT_ELITE_HORSEMAN,17,kv,EnableAdvance,ADVANCE_HORSE_ARMOR
UNIT_ELITE_HORSEMAN,18,kv,ObsoleteAdvance,ADVANCE_STIRRUP
UNIT_ELITE_HORSEMAN,19,kv,ActiveDefenseRange,0
UNIT_ELITE_HORSEMAN,20,flag,LossMoveToDmgNone,
UNIT_ELITE_HORSEMAN,21,kv,MaxFuel,0
UNIT_ELITE_HORSEMAN,22,flag,CanEntrench,
UNIT_ELITE_HORSEMAN,23,flag,CanExpel,
UNIT_ELITE_HORSEMAN,24,flag,CanPillage,
UNIT_ELITE_HORSEMAN,25,flag,CanPirate,
UNIT_ELITE_HORSEMAN,26,flag,ExertsMartialLaw,
UNIT_ELITE_HORSEMAN,27,flag,DeathEffectsHappy,
UNIT_ELITE_HORSEMAN,28,flag,IsMounted,
UNIT_ELITE_HORSEMAN,29,flag,IsFlanker,
UNIT_ELITE_HORSEMAN,30,flag,OnlyBuildOne,
UNIT_ELITE_HORSEMAN,31,kv,SoundSelect1,SOUND_SELECT1_KNIGHT
UNIT_ELITE_HORSEMAN,32,kv,SoundSelect2,SOUND_SELECT2_KNIGHT
UNIT_ELITE_HORSEMAN,33,kv,SoundMove,SOUND_MOVE_KNIGHT
UNIT_ELITE_HORSEMAN,34,kv,SoundAcknowledge,SOUND_ACKNOWLEDGE_KNIGHT
UNIT_ELITE_HORSEMAN,35,kv,SoundCantMove,SOUND_CANTMOVE_KNIGHT
UNIT_ELITE_HORSEMAN,36,kv,SoundAttack,SOUND_ATTACK_KNIGHT
UNIT_ELITE_HORSEMAN,37,kv,SoundWork,SOUND_WORK_KNIGHT
UNIT_ELITE_HORSEMAN,38,kv,SoundVictory,SOUND_VICTORY_KNIGHT
UNIT_ELITE_HORSEMAN,39,kv,SoundDeath,SOUND_DEATH_KNIGHT
UNIT_ELITE_HORSEMAN,40,sublist,CanAttack,Land
UNIT_ELITE_HORSEMAN,41,sublist,CanSee,Standard
UNIT_ELITE_HORSEMAN,42,sublist,MovementType,Land
UNIT_ELITE_HORSEMAN,43,sublist,Size,Medium
UNIT_ELITE_HORSEMAN,44,sublist,VisionClass,Standard
UNIT_ELITE_HORSEMAN,45,nested,CanReform,"[{""t"": ""kv"", ""k"": ""Sound"", ""v"": ""SOUND_ID_REFORM_CITY""}, {""t"": ""kv"", ""k"": ""Effect"", ""v"": ""SPECEFFECT_REFORMCITY""}]"
UNIT_ELITE_HEAVY_CAVALRY,0,flag,CantBuild,
UNIT_ELITE_HEAVY_CAVALRY,1,kv,Description,DESCRIPTION_UNIT_KNIGHT
UNIT_ELITE_HEAVY_CAVALRY,2,kv,DefaultIcon,ICON_UNIT_ELITE_HEAVY_CAVALRY
UNIT_ELITE_HEAVY_CAVALRY,3,kv,DefaultSprite,SPRITE_HEAVY_CAVALRY
UNIT_ELITE_HEAVY_CAVALRY,4,kv,Category,UNIT_CATEGORY_FLANKER
UNIT_ELITE_HEAVY_CAVALRY,5,kv,Attack,35
UNIT_ELITE_HEAVY_CAVALRY,6,kv,Defense,20
UNIT_ELITE_HEAVY_CAVALRY,7,kv,ZBRangeAttack,0
UNIT_ELITE_HEAVY_CAVALRY,8,kv,Firepower,2
UNIT_ELITE_HEAVY_CAVALRY,9,kv,Armor,1
UNIT_ELITE_HEAVY_CAVALRY,10,kv,MaxHP,13
UNIT_ELITE_HEAVY_CAVALRY,11,kv,ShieldCost,725
UNIT_ELITE_HEAVY_CAVALRY,12,kv,PowerPoints,60
UNIT_ELITE_HEAVY_CAVALRY,13,kv,ShieldHunger,10
UNIT_ELITE_HEAVY_CAVALRY,14,kv,FoodHunger,0
UNIT_ELITE_HEAVY_CAVALRY,15,kv,MaxMovePoints,300
UNIT_ELITE_HEAVY_CAVALRY,16,kv,VisionRange,2
UNIT_ELITE_HEAVY_CAVALRY,17,kv,EnableAdvance,ADVANCE_ANIMAL_HUSBANDRY
UNIT_ELITE_HEAVY_CAVALRY,18,kv,ObsoleteAdvance,ADVANCE_STIRRUP
UNIT_ELITE_HEAVY_CAVALRY,19,kv,ActiveDefenseRange,0
UNIT_ELITE_HEAVY_CAVALRY,20,flag,LossMoveToDmgNone,
UNIT_ELITE_HEAVY_CAVALRY,21,kv,MaxFuel,0
UNIT_ELITE_HEAVY_CAVALRY,22,flag,CanEntrench,
UNIT_ELITE_HEAVY_CAVALRY,23,flag,CanExpel,
UNIT_ELITE_HEAVY_CAVALRY,24,flag,CanPillage,
UNIT_ELITE_HEAVY_CAVALRY,25,flag,CanPirate,
UNIT_ELITE_HEAVY_CAVALRY,26,flag,ExertsMartialLaw,
UNIT_ELITE_HEAVY_CAVALRY,27,flag,DeathEffectsHappy,
UNIT_ELITE_HEAVY_CAVALRY,28,flag,IsFlanker,
UNIT_ELITE_HEAVY_CAVALRY,29,flag,IsSpecialForces,
UNIT_ELITE_HEAVY_CAVALRY,30,flag,IsMounted,
UNIT_ELITE_HEAVY_CAVALRY,31,flag,OnlyBuildOne,
UNIT_ELITE_HEAVY_CAVALRY,32,kv,SoundSelect1,SOUND_SELECT1_KNIGHT
UNIT_ELITE_HEAVY_CAVALRY,33,kv,SoundSelect2,SOUND_SELECT2_KNIGHT
UNIT_ELITE_HEAVY_CAVALRY,34,kv,SoundMove,SOUND_MOVE_KNIGHT
UNIT_ELITE_HEAVY_CAVALRY,35,kv,SoundAcknowledge,SOUND_ACKNOWLEDGE_KNIGHT
UNIT_ELITE_HEAVY_CAVALRY,36,kv,SoundCantMove,SOUND_CANTMOVE_KNIGHT
UNIT_ELITE_HEAVY_CAVALRY,37,kv,SoundAttack,SOUND_ATTACK_KNIGHT
UNIT_ELITE_HEAVY_CAVALRY,38,kv,SoundWork,SOUND_WORK_KNIGHT
UNIT_ELITE_HEAVY_CAVALRY,39,kv,SoundVictory,SOUND_VICTORY_KNIGHT
UNIT_ELITE_HEAVY_CAVALRY,40,kv,SoundDeath,SOUND_DEATH_KNIGHT
UNIT_ELITE_HEAVY_CAVALRY,41,sublist,CanAttack,Land
UNIT_ELITE_HEAVY_CAVALRY,42,sublist,CanSee,Standard
UNIT_ELITE_HEAVY_CAVALRY,43,sublist,MovementType,Land
UNIT_ELITE_HEAVY_CAVALRY,44,sublist,Size,Medium
UNIT_ELITE_HEAVY_CAVALRY,45,sublist,VisionClass,Standard
UNIT_ELITE_HEAVY_CAVALRY,46,nested,CanReform,"[{""t"": ""kv"", ""k"": ""Sound"", ""v"": ""SOUND_ID_REFORM_CITY""}, {""t"": ""kv"", ""k"": ""Effect"", ""v"": ""SPECEFFECT_REFORMCITY""}]"
UNIT_ELITE_CATAPULT,0,flag,CantBuild,
UNIT_ELITE_CATAPULT,1,kv,Description,DESCRIPTION_UNIT_CATAPULT
UNIT_ELITE_CATAPULT,2,kv,DefaultIcon,ICON_UNIT_ELITE_CATAPULT
UNIT_ELITE_CATAPULT,3,kv,DefaultSprite,SPRITE_CATAPULT
UNIT_ELITE_CATAPULT,4,kv,Category,UNIT_CATEGORY_RANGED
UNIT_ELITE_CATAPULT,5,kv,Attack,15
UNIT_ELITE_CATAPULT,6,kv,Defense,15
UNIT_ELITE_CATAPULT,7,kv,ZBRangeAttack,30
UNIT_ELITE_CATAPULT,8,kv,Firepower,2
UNIT_ELITE_CATAPULT,9,kv,Armor,1
UNIT_ELITE_CATAPULT,10,kv,MaxHP,12
UNIT_ELITE_CATAPULT,11,kv,ShieldCost,800
UNIT_ELITE_CATAPULT,12,kv,PowerPoints,52
UNIT_ELITE_CATAPULT,13,kv,ShieldHunger,12
UNIT_ELITE_CATAPULT,14,kv,FoodHunger,0
UNIT_ELITE_CATAPULT,15,kv,MaxMovePoints,100
UNIT_ELITE_CATAPULT,16,kv,VisionRange,1
UNIT_ELITE_CATAPULT,17,kv,EnableAdvance,ADVANCE_SIEGE_WEAPONS
UNIT_ELITE_CATAPULT,18,kv,ObsoleteAdvance,ADVANCE_GREEK_FIRE
UNIT_ELITE_CATAPULT,19,kv,BombRounds,5
UNIT_ELITE_CATAPULT,20,kv,BombardRange,1
UNIT_ELITE_CATAPULT,21,flag,CanCounterBombard,
UNIT_ELITE_CATAPULT,22,kv,ActiveDefenseRange,0
UNIT_ELITE_CATAPULT,23,flag,LossMoveToDmgNone,
UNIT_ELITE_CATAPULT,24,kv,MaxFuel,0
UNIT_ELITE_CATAPULT,25,flag,CanEntrench,
UNIT_ELITE_CATAPULT,26,flag,CanExpel,
UNIT_ELITE_CATAPULT,27,flag,CanPillage,
UNIT_ELITE_CATAPULT,28,flag,CanPirate,
UNIT_ELITE_CATAPULT,29,flag,ExertsMartialLaw,
UNIT_ELITE_CATAPULT,30,flag,DeathEffectsHappy,
UNIT_ELITE_CATAPULT,31,flag,OnlyBuildOne,
UNIT_ELITE_CATAPULT,32,kv,SoundSelect1,SOUND_SELECT1_CATAPULT
UNIT_ELITE_CATAPULT,33,kv,SoundSelect2,SOUND_SELECT2_CATAPULT
UNIT_ELITE_CATAPULT,34,kv,SoundMove,SOUND_MOVE_CATAPULT
UNIT_ELITE_CATAPULT,35,kv,SoundAcknowledge,SOUND_ACKNOWLEDGE_CATAPULT
UNIT_ELITE_CATAPULT,36,kv,SoundCantMove,SOUND_CANTMOVE_CATAPULT
UNIT_ELITE_CATAPULT,37,kv,SoundAttack,SOUND_ATTACK_CATAPULT
UNIT_ELITE_CATAPULT,38,kv,SoundWork,SOUND_WORK_CATAPULT
UNIT_ELITE_CATAPULT,39,kv,SoundVictory,SOUND_VICTORY_CATAPULT
UNIT_ELITE_CATAPULT,40,kv,SoundDeath,SOUND_DEATH_CATAPULT
UNIT_ELITE_CATAPULT,41,sublist,CanAttack,Land
UNIT_ELITE_CATAPULT,42,sublist,CanBombard,Land
UNIT_ELITE_CATAPULT,43,sublist,CanBombard,Mountain
UNIT_ELITE_CATAPULT,44,sublist,CanBombard,Water
UNIT_ELITE_CATAPULT,45,sublist,CanSee,Standard
UNIT_ELITE_CATAPULT,46,sublist,MovementType,Land
UNIT_ELITE_CATAPULT,47,sublist,Size,Medium
UNIT_ELITE_CATAPULT,48,sublist,VisionClass,Standard
UNIT_ELITE_CATAPULT,49,nested,CanReform,"[{""t"": ""kv"", ""k"": ""Sound"", ""v"": ""SOUND_ID_REFORM_CITY""}, {""t"": ""kv"", ""k"": ""Effect"", ""v"": ""SPECEFFECT_REFORMCITY""}]"
UNIT_ELITE_CATAPHRACT,0,flag,CantBuild,
UNIT_ELITE_CATAPHRACT,1,kv,Description,DESCRIPTION_UNIT_MOUNTED_ARCHER
UNIT_ELITE_CATAPHRACT,2,kv,DefaultIcon,ICON_UNIT_ELITE_CATAPHRACT
UNIT_ELITE_CATAPHRACT,3,kv,DefaultSprite,SPRITE_CATAPHRACT
UNIT_ELITE_CATAPHRACT,4,kv,Category,UNIT_CATEGORY_FLANKER
UNIT_ELITE_CATAPHRACT,5,kv,Attack,40
UNIT_ELITE_CATAPHRACT,6,kv,Defense,20
UNIT_ELITE_CATAPHRACT,7,kv,ZBRangeAttack,20
UNIT_ELITE_CATAPHRACT,8,kv,Firepower,2
UNIT_ELITE_CATAPHRACT,9,kv,Armor,1
UNIT_ELITE_CATAPHRACT,10,kv,MaxHP,14
UNIT_ELITE_CATAPHRACT,11,kv,ShieldCost,800
UNIT_ELITE_CATAPHRACT,12,kv,PowerPoints,60
UNIT_ELITE_CATAPHRACT,13,kv,ShieldHunger,13
UNIT_ELITE_CATAPHRACT,14,kv,FoodHunger,0
UNIT_ELITE_CATAPHRACT,15,kv,MaxMovePoints,400
UNIT_ELITE_CATAPHRACT,16,kv,VisionRange,2
UNIT_ELITE_CATAPHRACT,17,kv,EnableAdvance,ADVANCE_STIRRUP
UNIT_ELITE_CATAPHRACT,18,kv,ObsoleteAdvance,ADVANCE_CAVALRY_TACTICS
UNIT_ELITE_CATAPHRACT,19,kv,BombRounds,2
UNIT_ELITE_CATAPHRACT,20,kv,BombardRange,1
UNIT_ELITE_CATAPHRACT,21,flag,CanCounterBombard,
UNIT_ELITE_CATAPHRACT,22,kv,ActiveDefenseRange,0
UNIT_ELITE_CATAPHRACT,23,flag,LossMoveToDmgNone,
UNIT_ELITE_CATAPHRACT,24,kv,MaxFuel,0
UNIT_ELITE_CATAPHRACT,25,flag,CanEntrench,
UNIT_ELITE_CATAPHRACT,26,flag,CanExpel,
UNIT_ELITE_CATAPHRACT,27,flag,CanPillage,
UNIT_ELITE_CATAPHRACT,28,flag,CanPirate,
UNIT_ELITE_CATAPHRACT,29,flag,ExertsMartialLaw,
UNIT_ELITE_CATAPHRACT,30,flag,DeathEffectsHappy,
UNIT_ELITE_CATAPHRACT,31,flag,IsFlanker,
UNIT_ELITE_CATAPHRACT,32,flag,OnlyBuildOne,
UNIT_ELITE_CATAPHRACT,33,kv,SoundSelect1,SOUND_SELECT1_MOUNTED_ARCHER
UNIT_ELITE_CATAPHRACT,34,kv,SoundSelect2,SOUND_SELECT2_MOUNTED_ARCHER
UNIT_ELITE_CATAPHRACT,35,kv,SoundMove,SOUND_MOVE_MOUNTED_ARCHER
UNIT_ELITE_CATAPHRACT,36,kv,SoundAcknowledge,SOUND_ACKNOWLEDGE_MOUNTED_ARCHER
UNIT_ELITE_CATAPHRACT,37,kv,SoundCantMove,SOUND_CANTMOVE_MOUNTED_ARCHER
UNIT_ELITE_CATAPHRACT,38,kv,SoundAttack,SOUND_ATTACK_MOUNTED_ARCHER
UNIT_ELITE_CATAPHRACT,39,kv,SoundWork,SOUND_WORK_MOUNTED_ARCHER
UNIT_ELITE_CATAPHRACT,40,kv,SoundVictory,SOUND_VICTORY_MOUNTED_ARCHER
UNIT_ELITE_CATAPHRACT,41,kv,SoundDeath,SOUND_DEATH_MOUNTED_ARCHER
UNIT_ELITE_CATAPHRACT,42,sublist,CanAttack,Land
UNIT_ELITE_CATAPHRACT,43,sublist,CanSee,Standard
UNIT_ELITE_CATAPHRACT,44,sublist,MovementType,Land
UNIT_ELITE_CATAPHRACT,45,sublist,Size,Medium
UNIT_ELITE_CATAPHRACT,46,sublist,VisionClass,Standard
UNIT_ELITE_CATAPHRACT,47,nested,CanReform,"[{""t"": ""kv"", ""k"": ""Sound"", ""v"": ""SOUND_ID_REFORM_CITY""}, {""t"": ""kv"", ""k"": ""Effect"", ""v"": ""SPECEFFECT_REFORMCITY""}]"
UNIT_ELITE_BELFROI,0,flag,CantBuild,
UNIT_ELITE_BELFROI,1,kv,Description,DESCRIPTION_UNIT_CATAPULT
UNIT_ELITE_BELFROI,2,kv,DefaultIcon,ICON_UNIT_ELITE_BELFROI
UNIT_ELITE_BELFROI,3,kv,DefaultSprite,SPRITE_BELFROI
UNIT_ELITE_BELFROI,4,kv,Category,UNIT_CATEGORY_RANGED
UNIT_ELITE_BELFROI,5,kv,Attack,15
UNIT_ELITE_BELFROI,6,kv,Defense,10
UNIT_ELITE_BELFROI,7,kv,ZBRangeAttack,20
UNIT_ELITE_BELFROI,8,kv,Firepower,1
UNIT_ELITE_BELFROI,9,kv,Armor,1
UNIT_ELITE_BELFROI,10,kv,MaxHP,11
UNIT_ELITE_BELFROI,11,kv,ShieldCost,525
UNIT_ELITE_BELFROI,12,kv,PowerPoints,51
UNIT_ELITE_BELFROI,13,kv,ShieldHunger,8
UNIT_ELITE_BELFROI,14,kv,FoodHunger,0
UNIT_ELITE_BELFROI,15,kv,MaxMovePoints,100
UNIT_ELITE_BELFROI,16,kv,VisionRange,1
UNIT_ELITE_BELFROI,17,kv,EnableAdvance,ADVANCE_BALLISTICS
UNIT_ELITE_BELFROI,18,kv,ObsoleteAdvance,ADVANCE_SIEGE_WEAPONS
UNIT_ELITE_BELFROI,19,kv,BombRounds,5
UNIT_ELITE_BELFROI,20,kv,BombardRange,1
UNIT_ELITE_BELFROI,21,flag,CanCounterBombard,
UNIT_ELITE_BELFROI,22,kv,ActiveDefenseRange,0
UNIT_ELITE_BELFROI,23,flag,LossMoveToDmgNone,
UNIT_ELITE_BELFROI,24,kv,MaxFuel,0
UNIT_ELITE_BELFROI,25,flag,CanEntrench,
UNIT_ELITE_BELFROI,26,flag,CanExpel,
UNIT_ELITE_BELFROI,27,flag,CanPillage,
UNIT_ELITE_BELFROI,28,flag,CanPirate,
UNIT_ELITE_BELFROI,29,flag,ExertsMartialLaw,
UNIT_ELITE_BELFROI,30,flag,DeathEffectsHappy,
UNIT_ELITE_BELFROI,31,flag,OnlyBuildOne,
UNIT_ELITE_BELFROI,32,kv,SoundSelect1,SOUND_SELECT1_CATAPULT
UNIT_ELITE_BELFROI,33,kv,SoundSelect2,SOUND_SELECT2_CATAPULT
UNIT_ELITE_BELFROI,34,kv,SoundMove,SOUND_MOVE_CATAPULT
UNIT_ELITE_BELFROI,35,kv,SoundAcknowledge,SOUND_ACKNOWLEDGE_CATAPULT
UNIT_ELITE_BELFROI,36,kv,SoundCantMove,SOUND_CANTMOVE_CATAPULT
UNIT_ELITE_BELFROI,37,kv,SoundAttack,SOUND_ATTACK_CATAPULT
UNIT_ELITE_BELFROI,38,kv,SoundWork,SOUND_WORK_CATAPULT
UNIT_ELITE_BELFROI,39,kv,SoundVictory,SOUND_VICTORY_CATAPULT
UNIT_ELITE_BELFROI,40,kv,SoundDeath,SOUND_DEATH_CATAPULT
UNIT_ELITE_BELFROI,41,sublist,CanAttack,Land
UNIT_ELITE_BELFROI,42,sublist,CanBombard,Land
UNIT_ELITE_BELFROI,43,sublist,CanSee,Standard
UNIT_ELITE_BELFROI,44,sublist,MovementType,Land
UNIT_ELITE_BELFROI,45,sublist,Size,Medium
UNIT_ELITE_BELFROI,46,sublist,VisionClass,Standard
UNIT_ELITE_BELFROI,47,nested,CanReform,"[{""t"": ""kv"", ""k"": ""Sound"", ""v"": ""SOUND_ID_REFORM_CITY""}, {""t"": ""kv"", ""k"": ""Effect"", ""v"": ""SPECEFFECT_REFORMCITY""}]"
UNIT_ELITE_TREBUCHET,0,flag,CantBuild,
UNIT_ELITE_TREBUCHET,1,kv,Description,DESCRIPTION_UNIT_CATAPULT
UNIT_ELITE_TREBUCHET,2,kv,DefaultIcon,ICON_UNIT_ELITE_TREBUCHET
UNIT_ELITE_TREBUCHET,3,kv,DefaultSprite,SPRITE_TREBUCHET
UNIT_ELITE_TREBUCHET,4,kv,Category,UNIT_CATEGORY_RANGED
UNIT_ELITE_TREBUCHET,5,kv,Attack,15
UNIT_ELITE_TREBUCHET,6,kv,Defense,15
UNIT_ELITE_TREBUCHET,7,kv,ZBRangeAttack,50
UNIT_ELITE_TREBUCHET,8,kv,Firepower,2
UNIT_ELITE_TREBUCHET,9,kv,Armor,1
UNIT_ELITE_TREBUCHET,10,kv,MaxHP,12
UNIT_ELITE_TREBUCHET,11,kv,ShieldCost,1000
UNIT_ELITE_TREBUCHET,12,kv,PowerPoints,51
UNIT_ELITE_TREBUCHET,13,kv,ShieldHunger,13
UNIT_ELITE_TREBUCHET,14,kv,FoodHunger,0
UNIT_ELITE_TREBUCHET,15,kv,MaxMovePoints,100
UNIT_ELITE_TREBUCHET,16,kv,VisionRange,1
UNIT_ELITE_TREBUCHET,17,kv,EnableAdvance,ADVANCE_GREEK_FIRE
UNIT_ELITE_TREBUCHET,18,kv,ObsoleteAdvance,ADVANCE_CANNON_MAKING
UNIT_ELITE_TREBUCHET,19,kv,BombRounds,5
UNIT_ELITE_TREBUCHET,20,kv,BombardRange,1
UNIT_ELITE_TREBUCHET,21,flag,CanCounterBombard,
UNIT_ELITE_TREBUCHET,22,kv,ActiveDefenseRange,0
UNIT_ELITE_TREBUCHET,23,flag,LossMoveToDmgNone,
UNIT_ELITE_TREBUCHET,24,kv,MaxFuel,0
UNIT_ELITE_TREBUCHET,25,flag,CanEntrench,
UNIT_ELITE_TREBUCHET,26,flag,CanExpel,
UNIT_ELITE_TREBUCHET,27,flag,CanPillage,
UNIT_ELITE_TREBUCHET,28,flag,CanPirate,
UNIT_ELITE_TREBUCHET,29,flag,ExertsMartialLaw,
UNIT_ELITE_TREBUCHET,30,flag,DeathEffectsHappy,
UNIT_ELITE_TREBUCHET,31,flag,OnlyBuildOne,
UNIT_ELITE_TREBUCHET,32,kv,SoundSelect1,SOUND_SELECT1_CATAPULT
UNIT_ELITE_TREBUCHET,33,kv,SoundSelect2,SOUND_SELECT2_CATAPULT
UNIT_ELITE_TREBUCHET,34,kv,SoundMove,SOUND_MOVE_CATAPULT
UNIT_ELITE_TREBUCHET,35,kv,SoundAcknowledge,SOUND_ACKNOWLEDGE_CATAPULT
UNIT_ELITE_TREBUCHET,36,kv,SoundCantMove,SOUND_CANTMOVE_CATAPULT
UNIT_ELITE_TREBUCHET,37,kv,SoundAttack,SOUND_ATTACK_CATAPULT
UNIT_ELITE_TREBUCHET,38,kv,SoundWork,SOUND_WORK_CATAPULT
UNIT_ELITE_TREBUCHET,39,kv,SoundVictory,SOUND_VICTORY_CATAPULT
UNIT_ELITE_TREBUCHET,40,kv,SoundDeath,SOUND_DEATH_CATAPULT
UNIT_ELITE_TREBUCHET,41,sublist,CanAttack,Land
UNIT_ELITE_TREBUCHET,42,sublist,CanBombard,Land
UNIT_ELITE_TREBUCHET,43,sublist,CanBombard,Mountain
UNIT_ELITE_TREBUCHET,44,sublist,CanBombard,Water
UNIT_ELITE_TREBUCHET,45,sublist,CanSee,Standard
UNIT_ELITE_TREBUCHET,46,sublist,MovementType,Land
UNIT_ELITE_TREBUCHET,47,sublist,Size,Medium
UNIT_ELITE_TREBUCHET,48,sublist,VisionClass,Standard
UNIT_ELITE_TREBUCHET,49,nested,CanReform,"[{""t"": ""kv"", ""k"": ""Sound"", ""v"": ""SOUND_ID_REFORM_CITY""}, {""t"": ""kv"", ""k"": ""Effect"", ""v"": ""SPECEFFECT_REFORMCITY""}]"
UNIT_ELITE_MAN_AT_ARMS,0,flag,CantBuild,
UNIT_ELITE_MAN_AT_ARMS,1,kv,Description,DESCRIPTION_UNIT_PIKEMEN
UNIT_ELITE_MAN_AT_ARMS,2,kv,DefaultIcon,ICON_UNIT_ELITE_MAN_AT_ARMS
UNIT_ELITE_MAN_AT_ARMS,3,kv,DefaultSprite,SPRITE_MAN_AT_ARMS
UNIT_ELITE_MAN_AT_ARMS,4,kv,Category,UNIT_CATEGORY_DEFENSE
UNIT_ELITE_MAN_AT_ARMS,5,kv,Attack,30
UNIT_ELITE_MAN_AT_ARMS,6,kv,Defense,30
UNIT_ELITE_MAN_AT_ARMS,7,kv,ZBRangeAttack,0
UNIT_ELITE_MAN_AT_ARMS,8,kv,Firepower,2
UNIT_ELITE_MAN_AT_ARMS,9,kv,Armor,1
UNIT_ELITE_MAN_AT_ARMS,10,kv,MaxHP,14
UNIT_ELITE_MAN_AT_ARMS,11,kv,ShieldCost,620
UNIT_ELITE_MAN_AT_ARMS,12,kv,PowerPoints,81
UNIT_ELITE_MAN_AT_ARMS,13,kv,ShieldHunger,10
UNIT_ELITE_MAN_AT_ARMS,14,kv,FoodHunger,0
UNIT_ELITE_MAN_AT_ARMS,15,kv,MaxMovePoints,100
UNIT_ELITE_MAN_AT_ARMS,16,kv,VisionRange,1
UNIT_ELITE_MAN_AT_ARMS,17,kv,EnableAdvance,ADVANCE_CHAIN_MAIL
UNIT_ELITE_MAN_AT_ARMS,18,kv,ObsoleteAdvance,ADVANCE_FLINTLOCK
UNIT_ELITE_MAN_AT_ARMS,19,kv,ActiveDefenseRange,0
UNIT_ELITE_MAN_AT_ARMS,20,flag,LossMoveToDmgNone,
UNIT_ELITE_MAN_AT_ARMS,21,kv,MaxFuel,0
UNIT_ELITE_MAN_AT_ARMS,22,flag,CanEntrench,
UNIT_ELITE_MAN_AT_ARMS,23,flag,CanExpel,
UNIT_ELITE_MAN_AT_ARMS,24,flag,CanPillage,
UNIT_ELITE_MAN_AT_ARMS,25,flag,CanPirate,
UNIT_ELITE_MAN_AT_ARMS,26,flag,ExertsMartialLaw,
UNIT_ELITE_MAN_AT_ARMS,27,flag,DeathEffectsHappy,
UNIT_ELITE_MAN_AT_ARMS,28,flag,OnlyBuildOne,
UNIT_ELITE_MAN_AT_ARMS,29,kv,SoundSelect1,SOUND_SELECT1_PIKEMEN
UNIT_ELITE_MAN_AT_ARMS,30,kv,SoundSelect2,SOUND_SELECT2_PIKEMEN
UNIT_ELITE_MAN_AT_ARMS,31,kv,SoundMove,SOUND_MOVE_PIKEMEN
UNIT_ELITE_MAN_AT_ARMS,32,kv,SoundAcknowledge,SOUND_ACKNOWLEDGE_PIKEMEN
UNIT_ELITE_MAN_AT_ARMS,33,kv,SoundCantMove,SOUND_CANTMOVE_PIKEMEN
UNIT_ELITE_MAN_AT_ARMS,34,kv,SoundAttack,SOUND_ATTACK_PIKEMEN
UNIT_ELITE_MAN_AT_ARMS,35,kv,SoundWork,SOUND_WORK_PIKEMEN
UNIT_ELITE_MAN_AT_ARMS,36,kv,SoundVictory,SOUND_VICTORY_PIKEMEN
UNIT_ELITE_MAN_AT_ARMS,37,kv,SoundDeath,SOUND_DEATH_PIKEMEN
UNIT_ELITE_MAN_AT_ARMS,38,sublist,CanAttack,Land
UNIT_ELITE_MAN_AT_ARMS,39,sublist,CanAttack,Mountain
UNIT_ELITE_MAN_AT_ARMS,40,sublist,CanSee,Standard
UNIT_ELITE_MAN_AT_ARMS,41,sublist,MovementType,Land
UNIT_ELITE_MAN_AT_ARMS,42,sublist,MovementType,Mountain
UNIT_ELITE_MAN_AT_ARMS,43,sublist,Size,Medium
UNIT_ELITE_MAN_AT_ARMS,44,sublist,VisionClass,Standard
UNIT_ELITE_MAN_AT_ARMS,45,nested,CanReform,"[{""t"": ""kv"", ""k"": ""Sound"", ""v"": ""SOUND_ID_REFORM_CITY""}, {""t"": ""kv"", ""k"": ""Effect"", ""v"": ""SPECEFFECT_REFORMCITY""}]"
UNIT_ELITE_KNIGHT,0,flag,CantBuild,
UNIT_ELITE_KNIGHT,1,kv,Description,DESCRIPTION_UNIT_KNIGHT
UNIT_ELITE_KNIGHT,2,kv,DefaultIcon,ICON_UNIT_ELITE_KNIGHT
UNIT_ELITE_KNIGHT,3,kv,DefaultSprite,SPRITE_KNIGHT
UNIT_ELITE_KNIGHT,4,kv,Category,UNIT_CATEGORY_FLANKER
UNIT_ELITE_KNIGHT,5,kv,Attack,45
UNIT_ELITE_KNIGHT,6,kv,Defense,25
UNIT_ELITE_KNIGHT,7,kv,ZBRangeAttack,0
UNIT_ELITE_KNIGHT,8,kv,Firepower,2
UNIT_ELITE_KNIGHT,9,kv,Armor,1
UNIT_ELITE_KNIGHT,10,kv,MaxHP,15
UNIT_ELITE_KNIGHT,11,kv,ShieldCost,900
UNIT_ELITE_KNIGHT,12,kv,PowerPoints,60
UNIT_ELITE_KNIGHT,13,kv,ShieldHunger,13
UNIT_ELITE_KNIGHT,14,kv,FoodHunger,0
UNIT_ELITE_KNIGHT,15,kv,MaxMovePoints,300
UNIT_ELITE_KNIGHT,16,kv,VisionRange,2
UNIT_ELITE_KNIGHT,17,kv,EnableAdvance,ADVANCE_PLATE_ARMOUR
UNIT_ELITE_KNIGHT,18,kv,ObsoleteAdvance,ADVANCE_CAVALRY_TACTICS
UNIT_ELITE_KNIGHT,19,kv,ActiveDefenseRange,0
UNIT_ELITE_KNIGHT,20,flag,LossMoveToDmgNone,
UNIT_ELITE_KNIGHT,21,kv,MaxFuel,0
UNIT_ELITE_KNIGHT,22,flag,CanEntrench,
UNIT_ELITE_KNIGHT,23,flag,CanExpel,
UNIT_ELITE_KNIGHT,24,flag,CanPillage,
UNIT_ELITE_KNIGHT,25,flag,CanPirate,
UNIT_ELITE_KNIGHT,26,flag,ExertsMartialLaw,
UNIT_ELITE_KNIGHT,27,flag,DeathEffectsHappy,
UNIT_ELITE_KNIGHT,28,flag,IsMounted,
UNIT_ELITE_KNIGHT,29,flag,IsFlanker,
UNIT_ELITE_KNIGHT,30,flag,IsSpecialForces,
UNIT_ELITE_KNIGHT,31,flag,OnlyBuildOne,
UNIT_ELITE_KNIGHT,32,kv,SoundSelect1,SOUND_SELECT1_KNIGHT
UNIT_ELITE_KNIGHT,33,kv,SoundSelect2,SOUND_SELECT2_KNIGHT
UNIT_ELITE_KNIGHT,34,kv,SoundMove,SOUND_MOVE_KNIGHT
UNIT_ELITE_KNIGHT,35,kv,SoundAcknowledge,SOUND_ACKNOWLEDGE_KNIGHT
UNIT_ELITE_KNIGHT,36,kv,SoundCantMove,SOUND_CANTMOVE_KNIGHT
UNIT_ELITE_KNIGHT,37,kv,SoundAttack,SOUND_ATTACK_KNIGHT
UNIT_ELITE_KNIGHT,38,kv,SoundWork,SOUND_WORK_KNIGHT
UNIT_ELITE_KNIGHT,39,kv,SoundVictory,SOUND_VICTORY_KNIGHT
UNIT_ELITE_KNIGHT,40,kv,SoundDeath,SOUND_DEATH_KNIGHT
UNIT_ELITE_KNIGHT,41,sublist,CanAttack,Land
UNIT_ELITE_KNIGHT,42,sublist,CanSee,Standard
UNIT_ELITE_KNIGHT,43,sublist,MovementType,Land
UNIT_ELITE_KNIGHT,44,sublist,Size,Medium
UNIT_ELITE_KNIGHT,45,sublist,VisionClass,Standard
UNIT_ELITE_KNIGHT,46,nested,CanReform,"[{""t"": ""kv"", ""k"": ""Sound"", ""v"": ""SOUND_ID_REFORM_CITY""}, {""t"": ""kv"", ""k"": ""Effect"", ""v"": ""SPECEFFECT_REFORMCITY""}]"
UNIT_ELITE_PIKEMEN,0,flag,CantBuild,
UNIT_ELITE_PIKEMEN,1,kv,Description,DESCRIPTION_UNIT_PIKEMEN
UNIT_ELITE_PIKEMEN,2,kv,DefaultIcon,ICON_UNIT_ELITE_PIKEMEN
UNIT_ELITE_PIKEMEN,3,kv,DefaultSprite,SPRITE_PIKEMEN
UNIT_ELITE_PIKEMEN,4,kv,Category,UNIT_CATEGORY_ATTACK
UNIT_ELITE_PIKEMEN,5,kv,Attack,35
UNIT_ELITE_PIKEMEN,6,kv,Defense,40
UNIT_ELITE_PIKEMEN,7,kv,ZBRangeAttack,0
UNIT_ELITE_PIKEMEN,8,kv,Firepower,2
UNIT_ELITE_PIKEMEN,9,kv,Armor,1
UNIT_ELITE_PIKEMEN,10,kv,MaxHP,16
UNIT_ELITE_PIKEMEN,11,kv,ShieldCost,750
UNIT_ELITE_PIKEMEN,12,kv,PowerPoints,70
UNIT_ELITE_PIKEMEN,13,kv,ShieldHunger,11
UNIT_ELITE_PIKEMEN,14,kv,FoodHunger,0
UNIT_ELITE_PIKEMEN,15,kv,MaxMovePoints,100
UNIT_ELITE_PIKEMEN,16,kv,VisionRange,1
UNIT_ELITE_PIKEMEN,17,kv,EnableAdvance,ADVANCE_BANKING
UNIT_ELITE_PIKEMEN,18,kv,ObsoleteAdvance,ADVANCE_FLINTLOCK
UNIT_ELITE_PIKEMEN,19,kv,ActiveDefenseRange,0
UNIT_ELITE_PIKEMEN,20,flag,LossMoveToDmgNone,
UNIT_ELITE_PIKEMEN,21,kv,MaxFuel,0
UNIT_ELITE_PIKEMEN,22,flag,CanEntrench,
UNIT_ELITE_PIKEMEN,23,flag,CanExpel,
UNIT_ELITE_PIKEMEN,24,flag,CanPillage,
UNIT_ELITE_PIKEMEN,25,flag,CanPirate,
UNIT_ELITE_PIKEMEN,26,flag,ExertsMartialLaw,
UNIT_ELITE_PIKEMEN,27,flag,DeathEffectsHappy,
UNIT_ELITE_PIKEMEN,28,flag,BonusAgainstMounted,
UNIT_ELITE_PIKEMEN,29,kv,MountedBonus,0.5
UNIT_ELITE_PIKEMEN,30,flag,OnlyBuildOne,
UNIT_ELITE_PIKEMEN,31,kv,SoundSelect1,SOUND_SELECT1_PIKEMEN
UNIT_ELITE_PIKEMEN,32,kv,SoundSelect2,SOUND_SELECT2_PIKEMEN
UNIT_ELITE_PIKEMEN,33,kv,SoundMove,SOUND_MOVE_PIKEMEN
UNIT_ELITE_PIKEMEN,34,kv,SoundAcknowledge,SOUND_ACKNOWLEDGE_PIKEMEN
UNIT_ELITE_PIKEMEN,35,kv,SoundCantMove,SOUND_CANTMOVE_PIKEMEN
UNIT_ELITE_PIKEMEN,36,kv,SoundAttack,SOUND_ATTACK_PIKEMEN
UNIT_ELITE_PIKEMEN,37,kv,SoundWork,SOUND_WORK_PIKEMEN
UNIT_ELITE_PIKEMEN,38,kv,SoundVictory,SOUND_VICTORY_PIKEMEN
UNIT_ELITE_PIKEMEN,39,kv,SoundDeath,SOUND_DEATH_PIKEMEN
UNIT_ELITE_PIKEMEN,40,sublist,CanAttack,Land
UNIT_ELITE_PIKEMEN,41,sublist,CanAttack,Mountain
UNIT_ELITE_PIKEMEN,42,sublist,CanSee,Standard
UNIT_ELITE_PIKEMEN,43,sublist,MovementType,Land
UNIT_ELITE_PIKEMEN,44,sublist,MovementType,Mountain
UNIT_ELITE_PIKEMEN,45,sublist,Size,Small
UNIT_ELITE_PIKEMEN,46,sublist,VisionClass,Standard
UNIT_ELITE_PIKEMEN,47,nested,CanReform,"[{""t"": ""kv"", ""k"": ""Sound"", ""v"": ""SOUND_ID_REFORM_CITY""}, {""t"": ""kv"", ""k"": ""Effect"", ""v"": ""SPECEFFECT_REFORMCITY""}]"
UNIT_ELITE_CROSSBOWMAN,0,flag,CantBuild,
UNIT_ELITE_CROSSBOWMAN,1,kv,Description,DESCRIPTION_UNIT_ARCHER
UNIT_ELITE_CROSSBOWMAN,2,kv,DefaultIcon,ICON_UNIT_ELITE_CROSSBOWMAN
UNIT_ELITE_CROSSBOWMAN,3,kv,DefaultSprite,SPRITE_CROSSBOWMAN
UNIT_ELITE_CROSSBOWMAN,4,kv,Category,UNIT_CATEGORY_RANGED
UNIT_ELITE_CROSSBOWMAN,5,kv,Attack,15
UNIT_ELITE_CROSSBOWMAN,6,kv,Defense,15
UNIT_ELITE_CROSSBOWMAN,7,kv,ZBRangeAttack,40
UNIT_ELITE_CROSSBOWMAN,8,kv,Firepower,2
UNIT_ELITE_CROSSBOWMAN,9,kv,Armor,1
UNIT_ELITE_CROSSBOWMAN,10,kv,MaxHP,13
UNIT_ELITE_CROSSBOWMAN,11,kv,ShieldCost,800
UNIT_ELITE_CROSSBOWMAN,12,kv,PowerPoints,50
UNIT_ELITE_CROSSBOWMAN,13,kv,ShieldHunger,12
UNIT_ELITE_CROSSBOWMAN,14,kv,FoodHunger,0
UNIT_ELITE_CROSSBOWMAN,15,kv,MaxMovePoints,100
UNIT_ELITE_CROSSBOWMAN,16,kv,VisionRange,2
UNIT_ELITE_CROSSBOWMAN,17,kv,EnableAdvance,ADVANCE_CROSSBOW
UNIT_ELITE_CROSSBOWMAN,18,kv,ObsoleteAdvance,ADVANCE_CANNON_MAKING
UNIT_ELITE_CROSSBOWMAN,19,kv,BombRounds,2
UNIT_ELITE_CROSSBOWMAN,20,kv,BombardRange,1
UNIT_ELITE_CROSSBOWMAN,21,flag,CanCounterBombard,
UNIT_ELITE_CROSSBOWMAN,22,kv,ActiveDefenseRange,0
UNIT_ELITE_CROSSBOWMAN,23,flag,LossMoveToDmgNone,
UNIT_ELITE_CROSSBOWMAN,24,kv,MaxFuel,0
UNIT_ELITE_CROSSBOWMAN,25,flag,CanEntrench,
UNIT_ELITE_CROSSBOWMAN,26,flag,CanExpel,
UNIT_ELITE_CROSSBOWMAN,27,flag,CanPillage,
UNIT_ELITE_CROSSBOWMAN,28,flag,CanPirate,
UNIT_ELITE_CROSSBOWMAN,29,flag,ExertsMartialLaw,
UNIT_ELITE_CROSSBOWMAN,30,flag,DeathEffectsHappy,
UNIT_ELITE_CROSSBOWMAN,31,flag,OnlyBuildOne,
UNIT_ELITE_CROSSBOWMAN,32,kv,SoundSelect1,SOUND_SELECT1_ARCHER
UNIT_ELITE_CROSSBOWMAN,33,kv,SoundSelect2,SOUND_SELECT2_ARCHER
UNIT_ELITE_CROSSBOWMAN,34,kv,SoundMove,SOUND_MOVE_ARCHER
UNIT_ELITE_CROSSBOWMAN,35,kv,SoundAcknowledge,SOUND_ACKNOWLEDGE_ARCHER
UNIT_ELITE_CROSSBOWMAN,36,kv,SoundCantMove,SOUND_CANTMOVE_ARCHER
UNIT_ELITE_CROSSBOWMAN,37,kv,SoundAttack,SOUND_ATTACK_ARCHER
UNIT_ELITE_CROSSBOWMAN,38,kv,SoundWork,SOUND_WORK_ARCHER
UNIT_ELITE_CROSSBOWMAN,39,kv,SoundVictory,SOUND_VICTORY_ARCHER
UNIT_ELITE_CROSSBOWMAN,40,kv,SoundDeath,SOUND_DEATH_ARCHER
UNIT_ELITE_CROSSBOWMAN,41,sublist,CanAttack,Land
UNIT_ELITE_CROSSBOWMAN,42,sublist,CanBombard,Land
UNIT_ELITE_CROSSBOWMAN,43,sublist,CanAttack,Mountain
UNIT_ELITE_CROSSBOWMAN,44,sublist,CanSee,Standard
UNIT_ELITE_CROSSBOWMAN,45,sublist,MovementType,Land
UNIT_ELITE_CROSSBOWMAN,46,sublist,MovementType,Mountain
UNIT_ELITE_CROSSBOWMAN,47,sublist,Size,Medium
UNIT_ELITE_CROSSBOWMAN,48,sublist,VisionClass,Standard
UNIT_ELITE_CROSSBOWMAN,49,nested,CanReform,"[{""t"": ""kv"", ""k"": ""Sound"", ""v"": ""SOUND_ID_REFORM_CITY""}, {""t"": ""kv"", ""k"": ""Effect"", ""v"": ""SPECEFFECT_REFORMCITY""}]"
UNIT_ELITE_PRAETORIANS,0,flag,CantBuild,
UNIT_ELITE_PRAETORIANS,1,kv,Description,DESCRIPTION_UNIT_KNIGHT
UNIT_ELITE_PRAETORIANS,2,kv,DefaultIcon,ICON_UNIT_ELITE_PRAETORIANS
UNIT_ELITE_PRAETORIANS,3,kv,DefaultSprite,SPRITE_PRAETORIANS
UNIT_ELITE_PRAETORIANS,4,kv,Category,UNIT_CATEGORY_DEFENSE
UNIT_ELITE_PRAETORIANS,5,kv,Attack,35
UNIT_ELITE_PRAETORIANS,6,kv,Defense,30
UNIT_ELITE_PRAETORIANS,7,kv,ZBRangeAttack,0
UNIT_ELITE_PRAETORIANS,8,kv,Firepower,2
UNIT_ELITE_PRAETORIANS,9,kv,Armor,1
UNIT_ELITE_PRAETORIANS,10,kv,MaxHP,17
UNIT_ELITE_PRAETORIANS,11,kv,ShieldCost,600
UNIT_ELITE_PRAETORIANS,12,kv,PowerPoints,81
UNIT_ELITE_PRAETORIANS,13,kv,ShieldHunger,10
UNIT_ELITE_PRAETORIANS,14,kv,FoodHunger,0
UNIT_ELITE_PRAETORIANS,15,kv,MaxMovePoints,100
UNIT_ELITE_PRAETORIANS,16,kv,VisionRange,1
UNIT_ELITE_PRAETORIANS,17,kv,EnableAdvance,ADVANCE_DICTATORSHIP
UNIT_ELITE_PRAETORIANS,18,kv,ActiveDefenseRange,0
UNIT_ELITE_PRAETORIANS,19,flag,LossMoveToDmgNone,
UNIT_ELITE_PRAETORIANS,20,kv,MaxFuel,0
UNIT_ELITE_PRAETORIANS,21,flag,CanEntrench,
UNIT_ELITE_PRAETORIANS,22,flag,CanExpel,
UNIT_ELITE_PRAETORIANS,23,flag,CanPillage,
UNIT_ELITE_PRAETORIANS,24,flag,CanPirate,
UNIT_ELITE_PRAETORIANS,25,flag,ExertsMartialLaw,
UNIT_ELITE_PRAETORIANS,26,flag,DeathEffectsHappy,
UNIT_ELITE_PRAETORIANS,27,flag,VictoryEnslavement,
UNIT_ELITE_PRAETORIANS,28,flag,IsSpecialForces,
UNIT_ELITE_PRAETORIANS,29,flag,OnlyBuildOne,
UNIT_ELITE_PRAETORIANS,30,kv,SoundSelect1,SOUND_SELECT1_SAMURAI
UNIT_ELITE_PRAETORIANS,31,kv,SoundSelect2,SOUND_SELECT2_SAMURAI
UNIT_ELITE_PRAETORIANS,32,kv,SoundMove,SOUND_MOVE_SAMURAI
UNIT_ELITE_PRAETORIANS,33,kv,SoundAcknowledge,SOUND_ACKNOWLEDGE_SAMURAI
UNIT_ELITE_PRAETORIANS,34,kv,SoundCantMove,SOUND_CANTMOVE_SAMURAI
UNIT_ELITE_PRAETORIANS,35,kv,SoundAttack,SOUND_ATTACK_SAMURAI
UNIT_ELITE_PRAETORIANS,36,kv,SoundWork,SOUND_WORK_SAMURAI
UNIT_ELITE_PRAETORIANS,37,kv,SoundVictory,SOUND_VICTORY_SAMURAI
UNIT_ELITE_PRAETORIANS,38,kv,SoundDeath,SOUND_DEATH_SAMURAI
UNIT_ELITE_PRAETORIANS,39,sublist,CanAttack,Land
UNIT_ELITE_PRAETORIANS,40,sublist,CanAttack,Mountain
UNIT_ELITE_PRAETORIANS,41,sublist,CanSee,Standard
UNIT_ELITE_PRAETORIANS,42,sublist,MovementType,Land
UNIT_ELITE_PRAETORIANS,43,sublist,MovementType,Mountain
UNIT_ELITE_PRAETORIANS,44,sublist,Size,Medium
UNIT_ELITE_PRAETORIANS,45,sublist,VisionClass,Standard
UNIT_ELITE_PRAETORIANS,46,nested,CanReform,"[{""t"": ""kv"", ""k"": ""Sound"", ""v"": ""SOUND_ID_REFORM_CITY""}, {""t"": ""kv"", ""k"": ""Effect"", ""v"": ""SPECEFFECT_REFORMCITY""}]"
UNIT_ELITE_ELEPHANT_WARRIOR,0,flag,CantBuild,
UNIT_ELITE_ELEPHANT_WARRIOR,1,kv,Description,DESCRIPTION_UNIT_KNIGHT
UNIT_ELITE_ELEPHANT_WARRIOR,2,kv,DefaultIcon,ICON_UNIT_ELITE_ELEPHANT_WARRIOR
UNIT_ELITE_ELEPHANT_WARRIOR,3,kv,DefaultSprite,SPRITE_ELEPHANT_WARRIOR
UNIT_ELITE_ELEPHANT_WARRIOR,4,kv,Category,UNIT_CATEGORY_ATTACK
UNIT_ELITE_ELEPHANT_WARRIOR,5,kv,Attack,30
UNIT_ELITE_ELEPHANT_WARRIOR,6,kv,Defense,15
UNIT_ELITE_ELEPHANT_WARRIOR,7,kv,ZBRangeAttack,15
UNIT_ELITE_ELEPHANT_WARRIOR,8,kv,Firepower,1
UNIT_ELITE_ELEPHANT_WARRIOR,9,kv,Armor,1
UNIT_ELITE_ELEPHANT_WARRIOR,10,kv,MaxHP,14
UNIT_ELITE_ELEPHANT_WARRIOR,11,kv,ShieldCost,400
UNIT_ELITE_ELEPHANT_WARRIOR,12,kv,PowerPoints,70
UNIT_ELITE_ELEPHANT_WARRIOR,13,kv,ShieldHunger,6
UNIT_ELITE_ELEPHANT_WARRIOR,14,kv,FoodHunger,0
UNIT_ELITE_ELEPHANT_WARRIOR,15,kv,MaxMovePoints,200
UNIT_ELITE_ELEPHANT_WARRIOR,16,kv,VisionRange,1
UNIT_ELITE_ELEPHANT_WARRIOR,17,kv,EnableAdvance,ADVANCE_OLIGARCHY
UNIT_ELITE_ELEPHANT_WARRIOR,18,kv,ActiveDefenseRange,0
UNIT_ELITE_ELEPHANT_WARRIOR,19,flag,LossMoveToDmgNone,
UNIT_ELITE_ELEPHANT_WARRIOR,20,kv,MaxFuel,0
UNIT_ELITE_ELEPHANT_WARRIOR,21,flag,CanEntrench,
UNIT_ELITE_ELEPHANT_WARRIOR,22,flag,CanExpel,
UNIT_ELITE_ELEPHANT_WARRIOR,23,flag,CanPillage,
UNIT_ELITE_ELEPHANT_WARRIOR,24,flag,CanPirate,
UNIT_ELITE_ELEPHANT_WARRIOR,25,flag,ExertsMartialLaw,
UNIT_ELITE_ELEPHANT_WARRIOR,26,flag,DeathEffectsHappy,
UNIT_ELITE_ELEPHANT_WARRIOR,27,flag,IsSpecialForces,
UNIT_ELITE_ELEPHANT_WARRIOR,28,flag,OnlyBuildOne,
UNIT_ELITE_ELEPHANT_WARRIOR,29,kv,SoundSelect1,SOUND_ID_ELEPHANT
UNIT_ELITE_ELEPHANT_WARRIOR,30,kv,SoundSelect2,SOUND_SELECT2_PIKEMEN
UNIT_ELITE_ELEPHANT_WARRIOR,31,kv,SoundMove,SOUND_MOVE_PIKEMEN
UNIT_ELITE_ELEPHANT_WARRIOR,32,kv,SoundAcknowledge,SOUND_ID_ELEPHANT
UNIT_ELITE_ELEPHANT_WARRIOR,33,kv,SoundCantMove,SOUND_CANTMOVE_PIKEMEN
UNIT_ELITE_ELEPHANT_WARRIOR,34,kv,SoundAttack,SOUND_ID_ELEPHANT
UNIT_ELITE_ELEPHANT_WARRIOR,35,kv,SoundWork,SOUND_WORK_PIKEMEN
UNIT_ELITE_ELEPHANT_WARRIOR,36,kv,SoundVictory,SOUND_ID_ELEPHANT
UNIT_ELITE_ELEPHANT_WARRIOR,37,kv,SoundDeath,SOUND_ID_ELEPHANT
UNIT_ELITE_ELEPHANT_WARRIOR,38,sublist,CanAttack,Land
UNIT_ELITE_ELEPHANT_WARRIOR,39,sublist,CanSee,Standard
UNIT_ELITE_ELEPHANT_WARRIOR,40,sublist,MovementType,Land
UNIT_ELITE_ELEPHANT_WARRIOR,41,sublist,Size,Large
UNIT_ELITE_ELEPHANT_WARRIOR,42,sublist,VisionClass,Standard
UNIT_ELITE_ELEPHANT_WARRIOR,43,nested,CanReform,"[{""t"": ""kv"", ""k"": ""Sound"", ""v"": ""SOUND_ID_REFORM_CITY""}, {""t"": ""kv"", ""k"": ""Effect"", ""v"": ""SPECEFFECT_REFORMCITY""}]"
UNIT_ELITE_JANISSARY,0,flag,CantBuild,
UNIT_ELITE_JANISSARY,1,kv,Description,DESCRIPTION_UNIT_SWORDSMAN
UNIT_ELITE_JANISSARY,2,kv,DefaultIcon,ICON_UNIT_ELITE_JANISSARY
UNIT_ELITE_JANISSARY,3,kv,DefaultSprite,SPRITE_JANISSARY
UNIT_ELITE_JANISSARY,4,kv,Category,UNIT_CATEGORY_RANGED
UNIT_ELITE_JANISSARY,5,kv,Attack,40
UNIT_ELITE_JANISSARY,6,kv,Defense,30
UNIT_ELITE_JANISSARY,7,kv,ZBRangeAttack,20
UNIT_ELITE_JANISSARY,8,kv,Firepower,2
UNIT_ELITE_JANISSARY,9,kv,Armor,1
UNIT_ELITE_JANISSARY,10,kv,MaxHP,16
UNIT_ELITE_JANISSARY,11,kv,ShieldCost,900
UNIT_ELITE_JANISSARY,12,kv,PowerPoints,70
UNIT_ELITE_JANISSARY,13,kv,ShieldHunger,11
UNIT_ELITE_JANISSARY,14,kv,FoodHunger,0
UNIT_ELITE_JANISSARY,15,kv,MaxMovePoints,200
UNIT_ELITE_JANISSARY,16,kv,VisionRange,2
UNIT_ELITE_JANISSARY,17,kv,EnableAdvance,ADVANCE_SULTANATE
UNIT_ELITE_JANISSARY,18,kv,GovernmentType,GOVERNMENT_SULTANATE
UNIT_ELITE_JANISSARY,19,kv,ActiveDefenseRange,0
UNIT_ELITE_JANISSARY,20,flag,LossMoveToDmgNone,
UNIT_ELITE_JANISSARY,21,kv,MaxFuel,0
UNIT_ELITE_JANISSARY,22,flag,CanEntrench,
UNIT_ELITE_JANISSARY,23,flag,CanBeachAssault,
UNIT_ELITE_JANISSARY,24,flag,CanExpel,
UNIT_ELITE_JANISSARY,25,flag,CanPillage,
UNIT_ELITE_JANISSARY,26,flag,CanPirate,
UNIT_ELITE_JANISSARY,27,flag,ExertsMartialLaw,
UNIT_ELITE_JANISSARY,28,flag,VictoryEnslavement,
UNIT_ELITE_JANISSARY,29,flag,DeathEffectsHappy,
UNIT_ELITE_JANISSARY,30,flag,IsSpecialForces,
UNIT_ELITE_JANISSARY,31,flag,OnlyBuildOne,
UNIT_ELITE_JANISSARY,32,kv,SoundSelect1,SOUND_SELECT1_SAMURAI
UNIT_ELITE_JANISSARY,33,kv,SoundSelect2,SOUND_SELECT2_SAMURAI
UNIT_ELITE_JANISSARY,34,kv,SoundMove,SOUND_MOVE_SAMURAI
UNIT_ELITE_JANISSARY,35,kv,SoundAcknowledge,SOUND_ACKNOWLEDGE_SAMURAI
UNIT_ELITE_JANISSARY,36,kv,SoundCantMove,SOUND_CANTMOVE_SAMURAI
UNIT_ELITE_JANISSARY,37,kv,SoundAttack,SOUND_ATTACK_SAMURAI
UNIT_ELITE_JANISSARY,38,kv,SoundWork,SOUND_WORK_SAMURAI
UNIT_ELITE_JANISSARY,39,kv,SoundVictory,SOUND_VICTORY_SAMURAI
UNIT_ELITE_JANISSARY,40,kv,SoundDeath,SOUND_DEATH_SAMURAI
UNIT_ELITE_JANISSARY,41,sublist,CanAttack,Land
UNIT_ELITE_JANISSARY,42,sublist,CanAttack,Mountain
UNIT_ELITE_JANISSARY,43,sublist,CanSee,Standard
UNIT_ELITE_JANISSARY,44,sublist,MovementType,Land
UNIT_ELITE_JANISSARY,45,sublist,MovementType,Mountain
UNIT_ELITE_JANISSARY,46,sublist,Size,Medium
UNIT_ELITE_JANISSARY,47,sublist,VisionClass,Standard
UNIT_ELITE_JANISSARY,48,nested,CanReform,"[{""t"": ""kv"", ""k"": ""Sound"", ""v"": ""SOUND_ID_REFORM_CITY""}, {""t"": ""kv"", ""k"": ""Effect"", ""v"": ""SPECEFFECT_REFORMCITY""}]"
UNIT_ELITE_TEUTONIC_KNIGHT,0,flag,CantBuild,
UNIT_ELITE_TEUTONIC_KNIGHT,1,kv,Description,DESCRIPTION_UNIT_KNIGHT
UNIT_ELITE_TEUTONIC_KNIGHT,2,kv,DefaultIcon,ICON_UNIT_ELITE_TEUTONIC_KNIGHT
UNIT_ELITE_TEUTONIC_KNIGHT,3,kv,DefaultSprite,SPRITE_TEUTONIC_KNIGHT
UNIT_ELITE_TEUTONIC_KNIGHT,4,kv,Category,UNIT_CATEGORY_FLANKER
UNIT_ELITE_TEUTONIC_KNIGHT,5,kv,Attack,45
UNIT_ELITE_TEUTONIC_KNIGHT,6,kv,Defense,20
UNIT_ELITE_TEUTONIC_KNIGHT,7,kv,ZBRangeAttack,15
UNIT_ELITE_TEUTONIC_KNIGHT,8,kv,Firepower,2
UNIT_ELITE_TEUTONIC_KNIGHT,9,kv,Armor,1
UNIT_ELITE_TEUTONIC_KNIGHT,10,kv,MaxHP,17
UNIT_ELITE_TEUTONIC_KNIGHT,11,kv,ShieldCost,1000
UNIT_ELITE_TEUTONIC_KNIGHT,12,kv,PowerPoints,60
UNIT_ELITE_TEUTONIC_KNIGHT,13,kv,ShieldHunger,14
UNIT_ELITE_TEUTONIC_KNIGHT,14,kv,FoodHunger,0
UNIT_ELITE_TEUTONIC_KNIGHT,15,kv,MaxMovePoints,300
UNIT_ELITE_TEUTONIC_KNIGHT,16,kv,VisionRange,2
UNIT_ELITE_TEUTONIC_KNIGHT,17,kv,EnableAdvance,ADVANCE_THEOLOGY
UNIT_ELITE_TEUTONIC_KNIGHT,18,kv,GovernmentType,GOVERNMENT_THEOCRACY
UNIT_ELITE_TEUTONIC_KNIGHT,19,kv,ActiveDefenseRange,0
UNIT_ELITE_TEUTONIC_KNIGHT,20,flag,LossMoveToDmgNone,
UNIT_ELITE_TEUTONIC_KNIGHT,21,kv,MaxFuel,0
UNIT_ELITE_TEUTONIC_KNIGHT,22,flag,CanEntrench,
UNIT_ELITE_TEUTONIC_KNIGHT,23,flag,CanExpel,
UNIT_ELITE_TEUTONIC_KNIGHT,24,flag,CanPillage,
UNIT_ELITE_TEUTONIC_KNIGHT,25,flag,CanPirate,
UNIT_ELITE_TEUTONIC_KNIGHT,26,flag,ExertsMartialLaw,
UNIT_ELITE_TEUTONIC_KNIGHT,27,flag,DeathEffectsHappy,
UNIT_ELITE_TEUTONIC_KNIGHT,28,flag,IsFlanker,
UNIT_ELITE_TEUTONIC_KNIGHT,29,flag,IsSpecialForces,
UNIT_ELITE_TEUTONIC_KNIGHT,30,flag,OnlyBuildOne,
UNIT_ELITE_TEUTONIC_KNIGHT,31,kv,SoundSelect1,SOUND_SELECT1_KNIGHT
UNIT_ELITE_TEUTONIC_KNIGHT,32,kv,SoundSelect2,SOUND_SELECT2_KNIGHT
UNIT_ELITE_TEUTONIC_KNIGHT,33,kv,SoundMove,SOUND_MOVE_KNIGHT
UNIT_ELITE_TEUTONIC_KNIGHT,34,kv,SoundAcknowledge,SOUND_ACKNOWLEDGE_KNIGHT
UNIT_ELITE_TEUTONIC_KNIGHT,35,kv,SoundCantMove,SOUND_CANTMOVE_KNIGHT
UNIT_ELITE_TEUTONIC_KNIGHT,36,kv,SoundAttack,SOUND_ATTACK_KNIGHT
UNIT_ELITE_TEUTONIC_KNIGHT,37,kv,SoundWork,SOUND_WORK_KNIGHT
UNIT_ELITE_TEUTONIC_KNIGHT,38,kv,SoundVictory,SOUND_VICTORY_KNIGHT
UNIT_ELITE_TEUTONIC_KNIGHT,39,kv,SoundDeath,SOUND_DEATH_KNIGHT
UNIT_ELITE_TEUTONIC_KNIGHT,40,sublist,CanAttack,Land
UNIT_ELITE_TEUTONIC_KNIGHT,41,sublist,CanSee,Standard
UNIT_ELITE_TEUTONIC_KNIGHT,42,sublist,MovementType,Land
UNIT_ELITE_TEUTONIC_KNIGHT,43,sublist,Size,Medium
UNIT_ELITE_TEUTONIC_KNIGHT,44,sublist,VisionClass,Standard
UNIT_ELITE_TEUTONIC_KNIGHT,45,nested,CanReform,"[{""t"": ""kv"", ""k"": ""Sound"", ""v"": ""SOUND_ID_REFORM_CITY""}, {""t"": ""kv"", ""k"": ""Effect"", ""v"": ""SPECEFFECT_REFORMCITY""}]"
UNIT_ELITE_HEPTIREME,0,flag,CantBuild,
UNIT_ELITE_HEPTIREME,1,kv,Description,DESCRIPTION_UNIT_GALLEY
UNIT_ELITE_HEPTIREME,2,kv,DefaultIcon,ICON_UNIT_ELITE_HEPTIREME
UNIT_ELITE_HEPTIREME,3,kv,DefaultSprite,SPRITE_HEPTIREME
UNIT_ELITE_HEPTIREME,4,kv,Category,UNIT_CATEGORY_NAVAL
UNIT_ELITE_HEPTIREME,5,kv,Attack,25
UNIT_ELITE_HEPTIREME,6,kv,Defense,15
UNIT_ELITE_HEPTIREME,7,kv,ZBRangeAttack,15
UNIT_ELITE_HEPTIREME,8,kv,Firepower,2
UNIT_ELITE_HEPTIREME,9,kv,Armor,1
UNIT_ELITE_HEPTIREME,10,kv,MaxHP,15
UNIT_ELITE_HEPTIREME,11,kv,ShieldCost,600
UNIT_ELITE_HEPTIREME,12,kv,PowerPoints,12
UNIT_ELITE_HEPTIREME,13,kv,ShieldHunger,8
UNIT_ELITE_HEPTIREME,14,kv,FoodHunger,0
UNIT_ELITE_HEPTIREME,15,kv,MaxMovePoints,400
UNIT_ELITE_HEPTIREME,16,kv,VisionRange,1
UNIT_ELITE_HEPTIREME,17,kv,EnableAdvance,ADVANCE_HULL_MAKING
UNIT_ELITE_HEPTIREME,18,kv,ObsoleteAdvance,ADVANCE_CHRONOMETER
UNIT_ELITE_HEPTIREME,19,kv,BombRounds,2
UNIT_ELITE_HEPTIREME,20,kv,BombardRange,1
UNIT_ELITE_HEPTIREME,21,flag,CanCounterBombard,
UNIT_ELITE_HEPTIREME,22,kv,ActiveDefenseRange,0
UNIT_ELITE_HEPTIREME,23,flag,LossMoveToDmgNone,
UNIT_ELITE_HEPTIREME,24,kv,MaxFuel,0
UNIT_ELITE_HEPTIREME,25,flag,CanExpel,
UNIT_ELITE_HEPTIREME,26,flag,CanPillage,
UNIT_ELITE_HEPTIREME,27,flag,CanPirate,
UNIT_ELITE_HEPTIREME,28,flag,CantCaptureCity,
UNIT_ELITE_HEPTIREME,29,flag,DeathEffectsHappy,
UNIT_ELITE_HEPTIREME,30,flag,IsFlanker,
UNIT_ELITE_HEPTIREME,31,flag,WoodenShip,
UNIT_ELITE_HEPTIREME,32,flag,OnlyBuildOne,
UNIT_ELITE_HEPTIREME,33,kv,SoundSelect1,SOUND_SELECT1_GREEK_FIRE_TRIREME
UNIT_ELITE_HEPTIREME,34,kv,SoundSelect2,SOUND_SELECT2_GREEK_FIRE_TRIREME
UNIT_ELITE_HEPTIREME,35,kv,SoundMove,SOUND_MOVE_GREEK_FIRE_TRIREME
UNIT_ELITE_HEPTIREME,36,kv,SoundAcknowledge,SOUND_ACKNOWLEDGE_GREEK_FIRE_TRIREME
UNIT_ELITE_HEPTIREME,37,kv,SoundCantMove,SOUND_CANTMOVE_GREEK_FIRE_TRIREME
UNIT_ELITE_HEPTIREME,38,kv,SoundAttack,SOUND_ATTACK_GREEK_FIRE_TRIREME
UNIT_ELITE_HEPTIREME,39,kv,SoundWork,SOUND_WORK_GREEK_FIRE_TRIREME
UNIT_ELITE_HEPTIREME,40,kv,SoundVictory,SOUND_VICTORY_GREEK_FIRE_TRIREME
UNIT_ELITE_HEPTIREME,41,kv,SoundDeath,SOUND_DEATH_GREEK_FIRE_TRIREME
UNIT_ELITE_HEPTIREME,42,sublist,CanAttack,Sea
UNIT_ELITE_HEPTIREME,43,sublist,CanAttack,ShallowWater
UNIT_ELITE_HEPTIREME,44,sublist,CanCarry,MedLand
UNIT_ELITE_HEPTIREME,45,sublist,CanCarry,SmallLand
UNIT_ELITE_HEPTIREME,46,sublist,CanBombard,Water
UNIT_ELITE_HEPTIREME,47,sublist,CanSee,Standard
UNIT_ELITE_HEPTIREME,48,sublist,MovementType,Sea
UNIT_ELITE_HEPTIREME,49,sublist,MovementType,ShallowWater
UNIT_ELITE_HEPTIREME,50,sublist,Size,Large
UNIT_ELITE_HEPTIREME,51,sublist,VisionClass,Standard
UNIT_ELITE_HEPTIREME,52,nested,CanReform,"[{""t"": ""kv"", ""k"": ""Sound"", ""v"": ""SOUND_ID_REFORM_CITY""}, {""t"": ""kv"", ""k"": ""Effect"", ""v"": ""SPECEFFECT_REFORMCITY""}]"
UNIT_ELITE_HEPTIREME,53,nested,CargoData,"[{""t"": ""kv"", ""k"": ""MaxCargo"", ""v"": ""2""}, {""t"": ""kv"", ""k"": ""Load"", ""v"": ""SOUND_ID_TRIREME_LOAD""}, {""t"": ""kv"", ""k"": ""Unload"", ""v"": ""SOUND_ID_TRIREME_UNLOAD""}]"
UNIT_ELITE_DROMON,0,flag,CantBuild,
UNIT_ELITE_DROMON,1,kv,Description,DESCRIPTION_UNIT_LONGSHIP
UNIT_ELITE_DROMON,2,kv,DefaultIcon,ICON_UNIT_ELITE_DROMON
UNIT_ELITE_DROMON,3,kv,DefaultSprite,SPRITE_DROMON
UNIT_ELITE_DROMON,4,kv,Category,UNIT_CATEGORY_NAVAL
UNIT_ELITE_DROMON,5,kv,Attack,35
UNIT_ELITE_DROMON,6,kv,Defense,20
UNIT_ELITE_DROMON,7,kv,ZBRangeAttack,25
UNIT_ELITE_DROMON,8,kv,Firepower,2
UNIT_ELITE_DROMON,9,kv,Armor,1
UNIT_ELITE_DROMON,10,kv,MaxHP,16
UNIT_ELITE_DROMON,11,kv,ShieldCost,800
UNIT_ELITE_DROMON,12,kv,PowerPoints,12
UNIT_ELITE_DROMON,13,kv,ShieldHunger,10
UNIT_ELITE_DROMON,14,kv,FoodHunger,0
UNIT_ELITE_DROMON,15,kv,MaxMovePoints,400
UNIT_ELITE_DROMON,16,kv,VisionRange,1
UNIT_ELITE_DROMON,17,kv,EnableAdvance,ADVANCE_ASTROLABE
UNIT_ELITE_DROMON,18,kv,ObsoleteAdvance,ADVANCE_NAVAL_TACTICS
UNIT_ELITE_DROMON,19,kv,BombRounds,2
UNIT_ELITE_DROMON,20,kv,BombardRange,1
UNIT_ELITE_DROMON,21,flag,CanCounterBombard,
UNIT_ELITE_DROMON,22,kv,ActiveDefenseRange,0
UNIT_ELITE_DROMON,23,flag,LossMoveToDmgNone,
UNIT_ELITE_DROMON,24,kv,MaxFuel,0
UNIT_ELITE_DROMON,25,flag,CanExpel,
UNIT_ELITE_DROMON,26,flag,CanPillage,
UNIT_ELITE_DROMON,27,flag,CanPirate,
UNIT_ELITE_DROMON,28,flag,CantCaptureCity,
UNIT_ELITE_DROMON,29,flag,DeathEffectsHappy,
UNIT_ELITE_DROMON,30,flag,IsFlanker,
UNIT_ELITE_DROMON,31,flag,WoodenShip,
UNIT_ELITE_DROMON,32,flag,AttackWoodenShipBonus,
UNIT_ELITE_DROMON,33,kv,WoodenShipBonus,0.15
UNIT_ELITE_DROMON,34,flag,OnlyBuildOne,
UNIT_ELITE_DROMON,35,kv,SoundSelect1,SOUND_SELECT1_LONGSHIP
UNIT_ELITE_DROMON,36,kv,SoundSelect2,SOUND_SELECT2_LONGSHIP
UNIT_ELITE_DROMON,37,kv,SoundMove,SOUND_MOVE_LONGSHIP
UNIT_ELITE_DROMON,38,kv,SoundAcknowledge,SOUND_ACKNOWLEDGE_LONGSHIP
UNIT_ELITE_DROMON,39,kv,SoundCantMove,SOUND_CANTMOVE_LONGSHIP
UNIT_ELITE_DROMON,40,kv,SoundAttack,SOUND_ATTACK_LONGSHIP
UNIT_ELITE_DROMON,41,kv,SoundWork,SOUND_WORK_LONGSHIP
UNIT_ELITE_DROMON,42,kv,SoundVictory,SOUND_VICTORY_LONGSHIP
UNIT_ELITE_DROMON,43,kv,SoundDeath,SOUND_DEATH_LONGSHIP
UNIT_ELITE_DROMON,44,sublist,CanCarry,SmallLand
UNIT_ELITE_DROMON,45,sublist,CanCarry,MedLand
UNIT_ELITE_DROMON,46,sublist,CanAttack,Sea
UNIT_ELITE_DROMON,47,sublist,CanAttack,ShallowWater
UNIT_ELITE_DROMON,48,sublist,CanBombard,Land
UNIT_ELITE_DROMON,49,sublist,CanBombard,Water
UNIT_ELITE_DROMON,50,sublist,CanSee,Standard
UNIT_ELITE_DROMON,51,sublist,MovementType,Sea
UNIT_ELITE_DROMON,52,sublist,MovementType,ShallowWater
UNIT_ELITE_DROMON,53,sublist,Size,Large
UNIT_ELITE_DROMON,54,sublist,VisionClass,Standard
UNIT_ELITE_DROMON,55,nested,CanReform,"[{""t"": ""kv"", ""k"": ""Sound"", ""v"": ""SOUND_ID_REFORM_CITY""}, {""t"": ""kv"", ""k"": ""Effect"", ""v"": ""SPECEFFECT_REFORMCITY""}]"
UNIT_ELITE_DROMON,56,nested,CargoData,"[{""t"": ""kv"", ""k"": ""MaxCargo"", ""v"": ""2""}, {""t"": ""kv"", ""k"": ""Load"", ""v"": ""SOUND_ID_TRIREME_LOAD""}, {""t"": ""kv"", ""k"": ""Unload"", ""v"": ""SOUND_ID_TRIREME_UNLOAD""}]"
UNIT_ELITE_HYPASPISTS,0,flag,CantBuild,
UNIT_ELITE_HYPASPISTS,1,kv,Description,DESCRIPTION_UNIT_WARRIOR
UNIT_ELITE_HYPASPISTS,2,kv,DefaultIcon,ICON_UNIT_ELITE_HYPASPISTS
UNIT_ELITE_HYPASPISTS,3,kv,DefaultSprite,SPRITE_HYPASPISTS
UNIT_ELITE_HYPASPISTS,4,kv,Category,UNIT_CATEGORY_FLANKER
UNIT_ELITE_HYPASPISTS,5,kv,Attack,25
UNIT_ELITE_HYPASPISTS,6,kv,Defense,20
UNIT_ELITE_HYPASPISTS,7,kv,ZBRangeAttack,0
UNIT_ELITE_HYPASPISTS,8,kv,Firepower,1
UNIT_ELITE_HYPASPISTS,9,kv,Armor,1
UNIT_ELITE_HYPASPISTS,10,kv,MaxHP,13
UNIT_ELITE_HYPASPISTS,11,kv,ShieldCost,400
UNIT_ELITE_HYPASPISTS,12,kv,PowerPoints,60
UNIT_ELITE_HYPASPISTS,13,kv,ShieldHunger,8
UNIT_ELITE_HYPASPISTS,14,kv,FoodHunger,0
UNIT_ELITE_HYPASPISTS,15,kv,MaxMovePoints,200
UNIT_ELITE_HYPASPISTS,16,kv,VisionRange,1
UNIT_ELITE_HYPASPISTS,17,kv,EnableAdvance,ADVANCE_BARRACKS
UNIT_ELITE_HYPASPISTS,18,kv,ObsoleteAdvance,ADVANCE_CIVIC_ENGINEERING
UNIT_ELITE_HYPASPISTS,19,kv,ActiveDefenseRange,0
UNIT_ELITE_HYPASPISTS,20,flag,LossMoveToDmgNone,
UNIT_ELITE_HYPASPISTS,21,kv,MaxFuel,0
UNIT_ELITE_HYPASPISTS,22,flag,CanEntrench,
UNIT_ELITE_HYPASPISTS,23,flag,CanExpel,
UNIT_ELITE_HYPASPISTS,24,flag,CanPillage,
UNIT_ELITE_HYPASPISTS,25,flag,CanPirate,
UNIT_ELITE_HYPASPISTS,26,flag,ExertsMartialLaw,
UNIT_ELITE_HYPASPISTS,27,flag,DeathEffectsHappy,
UNIT_ELITE_HYPASPISTS,28,flag,IsFlanker,
UNIT_ELITE_HYPASPISTS,29,flag,OnlyBuildOne,
UNIT_ELITE_HYPASPISTS,30,kv,SoundSelect1,SOUND_SELECT1_HOPLITE
UNIT_ELITE_HYPASPISTS,31,kv,SoundSelect2,SOUND_SELECT2_HOPLITE
UNIT_ELITE_HYPASPISTS,32,kv,SoundMove,SOUND_MOVE_HOPLITE
UNIT_ELITE_HYPASPISTS,33,kv,SoundAcknowledge,SOUND_ACKNOWLEDGE_HOPLITE
UNIT_ELITE_HYPASPISTS,34,kv,SoundCantMove,SOUND_CANTMOVE_HOPLITE
UNIT_ELITE_HYPASPISTS,35,kv,SoundAttack,SOUND_ATTACK_HOPLITE
UNIT_ELITE_HYPASPISTS,36,kv,SoundWork,SOUND_WORK_HOPLITE
UNIT_ELITE_HYPASPISTS,37,kv,SoundVictory,SOUND_VICTORY_HOPLITE
UNIT_ELITE_HYPASPISTS,38,kv,SoundDeath,SOUND_DEATH_HOPLITE
UNIT_ELITE_HYPASPISTS,39,sublist,CanAttack,Land
UNIT_ELITE_HYPASPISTS,40,sublist,CanAttack,Mountain
UNIT_ELITE_HYPASPISTS,41,sublist,CanSee,Standard
UNIT_ELITE_HYPASPISTS,42,sublist,MovementType,Land
UNIT_ELITE_HYPASPISTS,43,sublist,MovementType,Mountain
UNIT_ELITE_HYPASPISTS,44,sublist,Size,Medium
UNIT_ELITE_HYPASPISTS,45,sublist,VisionClass,Standard
UNIT_ELITE_HYPASPISTS,46,nested,CanReform,"[{""t"": ""kv"", ""k"": ""Sound"", ""v"": ""SOUND_ID_REFORM_CITY""}, {""t"": ""kv"", ""k"": ""Effect"", ""v"": ""SPECEFFECT_REFORMCITY""}]"
UNIT_ELITE_PEZHETEROI,0,flag,CantBuild,
UNIT_ELITE_PEZHETEROI,1,kv,Description,DESCRIPTION_UNIT_WARRIOR
UNIT_ELITE_PEZHETEROI,2,kv,DefaultIcon,ICON_UNIT_ELITE_PEZHETEROI
UNIT_ELITE_PEZHETEROI,3,kv,DefaultSprite,SPRITE_PEZHETEROI
UNIT_ELITE_PEZHETEROI,4,kv,Category,UNIT_CATEGORY_DEFENSE
UNIT_ELITE_PEZHETEROI,5,kv,Attack,20
UNIT_ELITE_PEZHETEROI,6,kv,Defense,25
UNIT_ELITE_PEZHETEROI,7,kv,ZBRangeAttack,0
UNIT_ELITE_PEZHETEROI,8,kv,Firepower,2
UNIT_ELITE_PEZHETEROI,9,kv,Armor,1
UNIT_ELITE_PEZHETEROI,10,kv,MaxHP,14
UNIT_ELITE_PEZHETEROI,11,kv,ShieldCost,300
UNIT_ELITE_PEZHETEROI,12,kv,PowerPoints,81
UNIT_ELITE_PEZHETEROI,13,kv,ShieldHunger,6
UNIT_ELITE_PEZHETEROI,14,kv,FoodHunger,0
UNIT_ELITE_PEZHETEROI,15,kv,MaxMovePoints,100
UNIT_ELITE_PEZHETEROI,16,kv,VisionRange,1
UNIT_ELITE_PEZHETEROI,17,kv,EnableAdvance,ADVANCE_REPUBLIC
UNIT_ELITE_PEZHETEROI,18,kv,ActiveDefenseRange,0
UNIT_ELITE_PEZHETEROI,19,flag,LossMoveToDmgNone,
UNIT_ELITE_PEZHETEROI,20,kv,MaxFuel,0
UNIT_ELITE_PEZHETEROI,21,flag,CanEntrench,
UNIT_ELITE_PEZHETEROI,22,flag,CanBeachAssault,
UNIT_ELITE_PEZHETEROI,23,flag,CanExpel,
UNIT_ELITE_PEZHETEROI,24,flag,CanPillage,
UNIT_ELITE_PEZHETEROI,25,flag,CanPirate,
UNIT_ELITE_PEZHETEROI,26,flag,ExertsMartialLaw,
UNIT_ELITE_PEZHETEROI,27,flag,DeathEffectsHappy,
UNIT_ELITE_PEZHETEROI,28,flag,VictoryEnslavement,
UNIT_ELITE_PEZHETEROI,29,flag,IsSpecialForces,
UNIT_ELITE_PEZHETEROI,30,flag,BonusAgainstMounted,
UNIT_ELITE_PEZHETEROI,31,kv,MountedBonus,0.10
UNIT_ELITE_PEZHETEROI,32,flag,OnlyBuildOne,
UNIT_ELITE_PEZHETEROI,33,kv,SoundSelect1,SOUND_SELECT1_SAMURAI
UNIT_ELITE_PEZHETEROI,34,kv,SoundSelect2,SOUND_SELECT2_SAMURAI
UNIT_ELITE_PEZHETEROI,35,kv,SoundMove,SOUND_MOVE_SAMURAI
UNIT_ELITE_PEZHETEROI,36,kv,SoundAcknowledge,SOUND_ACKNOWLEDGE_SAMURAI
UNIT_ELITE_PEZHETEROI,37,kv,SoundCantMove,SOUND_CANTMOVE_SAMURAI
UNIT_ELITE_PEZHETEROI,38,kv,SoundAttack,SOUND_ATTACK_SAMURAI
UNIT_ELITE_PEZHETEROI,39,kv,SoundWork,SOUND_WORK_SAMURAI
UNIT_ELITE_PEZHETEROI,40,kv,SoundVictory,SOUND_VICTORY_SAMURAI
UNIT_ELITE_PEZHETEROI,41,kv,SoundDeath,SOUND_DEATH_SAMURAI
UNIT_ELITE_PEZHETEROI,42,sublist,CanAttack,Land
UNIT_ELITE_PEZHETEROI,43,sublist,CanAttack,Mountain
UNIT_ELITE_PEZHETEROI,44,sublist,CanSee,Standard
UNIT_ELITE_PEZHETEROI,45,sublist,MovementType,Land
UNIT_ELITE_PEZHETEROI,46,sublist,MovementType,Mountain
UNIT_ELITE_PEZHETEROI,47,sublist,Size,Medium
UNIT_ELITE_PEZHETEROI,48,sublist,VisionClass,Standard
UNIT_ELITE_PEZHETEROI,49,nested,CanReform,"[{""t"": ""kv"", ""k"": ""Sound"", ""v"": ""SOUND_ID_REFORM_CITY""}, {""t"": ""kv"", ""k"": ""Effect"", ""v"": ""SPECEFFECT_REFORMCITY""}]"
UNIT_ELITE_FEUDAL_INFANTRY,0,flag,CantBuild,
UNIT_ELITE_FEUDAL_INFANTRY,1,kv,Description,DESCRIPTION_UNIT_PIKEMEN
UNIT_ELITE_FEUDAL_INFANTRY,2,kv,DefaultIcon,ICON_UNIT_ELITE_FEUDAL_INFANTRY
UNIT_ELITE_FEUDAL_INFANTRY,3,kv,DefaultSprite,SPRITE_ELITE_FEUDAL_INFANTRY
UNIT_ELITE_FEUDAL_INFANTRY,4,kv,Category,UNIT_CATEGORY_DEFENSE
UNIT_ELITE_FEUDAL_INFANTRY,5,kv,Attack,35
UNIT_ELITE_FEUDAL_INFANTRY,6,kv,Defense,25
UNIT_ELITE_FEUDAL_INFANTRY,7,kv,ZBRangeAttack,0
UNIT_ELITE_FEUDAL_INFANTRY,8,kv,Firepower,2
UNIT_ELITE_FEUDAL_INFANTRY,9,kv,Armor,1
UNIT_ELITE_FEUDAL_INFANTRY,10,kv,MaxHP,14
UNIT_ELITE_FEUDAL_INFANTRY,11,kv,ShieldCost,725
UNIT_ELITE_FEUDAL_INFANTRY,12,kv,PowerPoints,81
UNIT_ELITE_FEUDAL_INFANTRY,13,kv,ShieldHunger,8
UNIT_ELITE_FEUDAL_INFANTRY,14,kv,FoodHunger,0
UNIT_ELITE_FEUDAL_INFANTRY,15,kv,MaxMovePoints,100
UNIT_ELITE_FEUDAL_INFANTRY,16,kv,VisionRange,1
UNIT_ELITE_FEUDAL_INFANTRY,17,kv,EnableAdvance,ADVANCE_DARK_AGES
UNIT_ELITE_FEUDAL_INFANTRY,18,kv,ObsoleteAdvance,ADVANCE_FLINTLOCK
UNIT_ELITE_FEUDAL_INFANTRY,19,kv,ActiveDefenseRange,0
UNIT_ELITE_FEUDAL_INFANTRY,20,flag,LossMoveToDmgNone,
UNIT_ELITE_FEUDAL_INFANTRY,21,kv,MaxFuel,0
UNIT_ELITE_FEUDAL_INFANTRY,22,flag,CanEntrench,
UNIT_ELITE_FEUDAL_INFANTRY,23,flag,CanExpel,
UNIT_ELITE_FEUDAL_INFANTRY,24,flag,CanPillage,
UNIT_ELITE_FEUDAL_INFANTRY,25,flag,CanPirate,
UNIT_ELITE_FEUDAL_INFANTRY,26,flag,ExertsMartialLaw,
UNIT_ELITE_FEUDAL_INFANTRY,27,flag,DeathEffectsHappy,
UNIT_ELITE_FEUDAL_INFANTRY,28,flag,OnlyBuildOne,
UNIT_ELITE_FEUDAL_INFANTRY,29,kv,SoundSelect1,SOUND_SELECT1_PIKEMEN
UNIT_ELITE_FEUDAL_INFANTRY,30,kv,SoundSelect2,SOUND_SELECT2_PIKEMEN
UNIT_ELITE_FEUDAL_INFANTRY,31,kv,SoundMove,SOUND_MOVE_PIKEMEN
UNIT_ELITE_FEUDAL_INFANTRY,32,kv,SoundAcknowledge,SOUND_ACKNOWLEDGE_PIKEMEN
UNIT_ELITE_FEUDAL_INFANTRY,33,kv,SoundCantMove,SOUND_CANTMOVE_PIKEMEN
UNIT_ELITE_FEUDAL_INFANTRY,34,kv,SoundAttack,SOUND_ATTACK_PIKEMEN
UNIT_ELITE_FEUDAL_INFANTRY,35,kv,SoundWork,SOUND_WORK_PIKEMEN
UNIT_ELITE_FEUDAL_INFANTRY,36,kv,SoundVictory,SOUND_VICTORY_PIKEMEN
UNIT_ELITE_FEUDAL_INFANTRY,37,kv,SoundDeath,SOUND_DEATH_PIKEMEN
UNIT_ELITE_FEUDAL_INFANTRY,38,sublist,CanAttack,Land
UNIT_ELITE_FEUDAL_INFANTRY,39,sublist,CanAttack,Mountain
UNIT_ELITE_FEUDAL_INFANTRY,40,sublist,CanSee,Standard
UNIT_ELITE_FEUDAL_INFANTRY,41,sublist,MovementType,Land
UNIT_ELITE_FEUDAL_INFANTRY,42,sublist,MovementType,Mountain
UNIT_ELITE_FEUDAL_INFANTRY,43,sublist,Size,Medium
UNIT_ELITE_FEUDAL_INFANTRY,44,sublist,VisionClass,Standard
UNIT_ELITE_FEUDAL_INFANTRY,45,nested,CanReform,"[{""t"": ""kv"", ""k"": ""Sound"", ""v"": ""SOUND_ID_REFORM_CITY""}, {""t"": ""kv"", ""k"": ""Effect"", ""v"": ""SPECEFFECT_REFORMCITY""}]"
UNIT_ELITE_LONGBOW,0,flag,CantBuild,
UNIT_ELITE_LONGBOW,1,kv,Description,DESCRIPTION_UNIT_ARCHER
UNIT_ELITE_LONGBOW,2,kv,DefaultIcon,ICON_UNIT_ELITE_LONGBOW
UNIT_ELITE_LONGBOW,3,kv,DefaultSprite,SPRITE_ELITE_LONGBOW
UNIT_ELITE_LONGBOW,4,kv,Category,UNIT_CATEGORY_RANGED
UNIT_ELITE_LONGBOW,5,kv,Attack,15
UNIT_ELITE_LONGBOW,6,kv,Defense,15
UNIT_ELITE_LONGBOW,7,kv,ZBRangeAttack,55
UNIT_ELITE_LONGBOW,8,kv,Firepower,2
UNIT_ELITE_LONGBOW,9,kv,Armor,1
UNIT_ELITE_LONGBOW,10,kv,MaxHP,12
UNIT_ELITE_LONGBOW,11,kv,ShieldCost,1050
UNIT_ELITE_LONGBOW,12,kv,PowerPoints,50
UNIT_ELITE_LONGBOW,13,kv,ShieldHunger,14
UNIT_ELITE_LONGBOW,14,kv,FoodHunger,0
UNIT_ELITE_LONGBOW,15,kv,MaxMovePoints,100
UNIT_ELITE_LONGBOW,16,kv,VisionRange,2
UNIT_ELITE_LONGBOW,17,kv,EnableAdvance,ADVANCE_YEOMANRY
UNIT_ELITE_LONGBOW,18,kv,ObsoleteAdvance,ADVANCE_CANNON_MAKING
UNIT_ELITE_LONGBOW,19,kv,BombRounds,2
UNIT_ELITE_LONGBOW,20,kv,BombardRange,1
UNIT_ELITE_LONGBOW,21,flag,CanCounterBombard,
UNIT_ELITE_LONGBOW,22,kv,ActiveDefenseRange,0
UNIT_ELITE_LONGBOW,23,flag,LossMoveToDmgNone,
UNIT_ELITE_LONGBOW,24,kv,MaxFuel,0
UNIT_ELITE_LONGBOW,25,flag,CanEntrench,
UNIT_ELITE_LONGBOW,26,flag,CanExpel,
UNIT_ELITE_LONGBOW,27,flag,CanPillage,
UNIT_ELITE_LONGBOW,28,flag,CanPirate,
UNIT_ELITE_LONGBOW,29,flag,ExertsMartialLaw,
UNIT_ELITE_LONGBOW,30,flag,DeathEffectsHappy,
UNIT_ELITE_LONGBOW,31,flag,OnlyBuildOne,
UNIT_ELITE_LONGBOW,32,kv,SoundSelect1,SOUND_SELECT1_ARCHER
UNIT_ELITE_LONGBOW,33,kv,SoundSelect2,SOUND_SELECT2_ARCHER
UNIT_ELITE_LONGBOW,34,kv,SoundMove,SOUND_MOVE_ARCHER
UNIT_ELITE_LONGBOW,35,kv,SoundAcknowledge,SOUND_ACKNOWLEDGE_ARCHER
UNIT_ELITE_LONGBOW,36,kv,SoundCantMove,SOUND_CANTMOVE_ARCHER
UNIT_ELITE_LONGBOW,37,kv,SoundAttack,SOUND_ATTACK_ARCHER
UNIT_ELITE_LONGBOW,38,kv,SoundWork,SOUND_WORK_ARCHER
UNIT_ELITE_LONGBOW,39,kv,SoundVictory,SOUND_VICTORY_ARCHER
UNIT_ELITE_LONGBOW,40,kv,SoundDeath,SOUND_DEATH_ARCHER
UNIT_ELITE_LONGBOW,41,sublist,CanAttack,Land
UNIT_ELITE_LONGBOW,42,sublist,CanBombard,Land
UNIT_ELITE_LONGBOW,43,sublist,CanAttack,Mountain
UNIT_ELITE_LONGBOW,44,sublist,CanSee,Standard
UNIT_ELITE_LONGBOW,45,sublist,MovementType,Land
UNIT_ELITE_LONGBOW,46,sublist,MovementType,Mountain
UNIT_ELITE_LONGBOW,47,sublist,Size,Medium
UNIT_ELITE_LONGBOW,48,sublist,VisionClass,Standard
UNIT_ELITE_LONGBOW,49,nested,CanReform,"[{""t"": ""kv"", ""k"": ""Sound"", ""v"": ""SOUND_ID_REFORM_CITY""}, {""t"": ""kv"", ""k"": ""Effect"", ""v"": ""SPECEFFECT_REFORMCITY""}]"
UNIT_ELITE_FEUDAL_CAVALRY,0,flag,CantBuild,
UNIT_ELITE_FEUDAL_CAVALRY,1,kv,Description,DESCRIPTION_UNIT_KNIGHT
UNIT_ELITE_FEUDAL_CAVALRY,2,kv,DefaultIcon,ICON_UNIT_ELITE_FEUDAL_CAVALRY
UNIT_ELITE_FEUDAL_CAVALRY,3,kv,DefaultSprite,SPRITE_ELITE_FEUDAL_CAVALRY
UNIT_ELITE_FEUDAL_CAVALRY,4,kv,Category,UNIT_CATEGORY_FLANKER
UNIT_ELITE_FEUDAL_CAVALRY,5,kv,Attack,45
UNIT_ELITE_FEUDAL_CAVALRY,6,kv,Defense,25
UNIT_ELITE_FEUDAL_CAVALRY,7,kv,ZBRangeAttack,0
UNIT_ELITE_FEUDAL_CAVALRY,8,kv,Firepower,2
UNIT_ELITE_FEUDAL_CAVALRY,9,kv,Armor,1
UNIT_ELITE_FEUDAL_CAVALRY,10,kv,MaxHP,15
UNIT_ELITE_FEUDAL_CAVALRY,11,kv,ShieldCost,1100
UNIT_ELITE_FEUDAL_CAVALRY,12,kv,PowerPoints,60
UNIT_ELITE_FEUDAL_CAVALRY,13,kv,ShieldHunger,12
UNIT_ELITE_FEUDAL_CAVALRY,14,kv,FoodHunger,0
UNIT_ELITE_FEUDAL_CAVALRY,15,kv,MaxMovePoints,300
UNIT_ELITE_FEUDAL_CAVALRY,16,kv,VisionRange,2
UNIT_ELITE_FEUDAL_CAVALRY,17,kv,EnableAdvance,ADVANCE_CHIVALRY
UNIT_ELITE_FEUDAL_CAVALRY,18,kv,ObsoleteAdvance,ADVANCE_CAVALRY_TACTICS
UNIT_ELITE_FEUDAL_CAVALRY,19,kv,ActiveDefenseRange,0
UNIT_ELITE_FEUDAL_CAVALRY,20,flag,LossMoveToDmgNone,
UNIT_ELITE_FEUDAL_CAVALRY,21,kv,MaxFuel,0
UNIT_ELITE_FEUDAL_CAVALRY,22,flag,CanEntrench,
UNIT_ELITE_FEUDAL_CAVALRY,23,flag,CanExpel,
UNIT_ELITE_FEUDAL_CAVALRY,24,flag,CanPillage,
UNIT_ELITE_FEUDAL_CAVALRY,25,flag,CanPirate,
UNIT_ELITE_FEUDAL_CAVALRY,26,flag,ExertsMartialLaw,
UNIT_ELITE_FEUDAL_CAVALRY,27,flag,DeathEffectsHappy,
UNIT_ELITE_FEUDAL_CAVALRY,28,flag,IsMounted,
UNIT_ELITE_FEUDAL_CAVALRY,29,flag,IsFlanker,
UNIT_ELITE_FEUDAL_CAVALRY,30,flag,IsSpecialForces,
UNIT_ELITE_FEUDAL_CAVALRY,31,flag,OnlyBuildOne,
UNIT_ELITE_FEUDAL_CAVALRY,32,kv,SoundSelect1,SOUND_SELECT1_KNIGHT
UNIT_ELITE_FEUDAL_CAVALRY,33,kv,SoundSelect2,SOUND_SELECT2_KNIGHT
UNIT_ELITE_FEUDAL_CAVALRY,34,kv,SoundMove,SOUND_MOVE_KNIGHT
UNIT_ELITE_FEUDAL_CAVALRY,35,kv,SoundAcknowledge,SOUND_ACKNOWLEDGE_KNIGHT
UNIT_ELITE_FEUDAL_CAVALRY,36,kv,SoundCantMove,SOUND_CANTMOVE_KNIGHT
UNIT_ELITE_FEUDAL_CAVALRY,37,kv,SoundAttack,SOUND_ATTACK_KNIGHT
UNIT_ELITE_FEUDAL_CAVALRY,38,kv,SoundWork,SOUND_WORK_KNIGHT
UNIT_ELITE_FEUDAL_CAVALRY,39,kv,SoundVictory,SOUND_VICTORY_KNIGHT
UNIT_ELITE_FEUDAL_CAVALRY,40,kv,SoundDeath,SOUND_DEATH_KNIGHT
UNIT_ELITE_FEUDAL_CAVALRY,41,sublist,CanAttack,Land
UNIT_ELITE_FEUDAL_CAVALRY,42,sublist,CanSee,Standard
UNIT_ELITE_FEUDAL_CAVALRY,43,sublist,MovementType,Land
UNIT_ELITE_FEUDAL_CAVALRY,44,sublist,Size,Medium
UNIT_ELITE_FEUDAL_CAVALRY,45,sublist,VisionClass,Standard
UNIT_ELITE_FEUDAL_CAVALRY,46,nested,CanReform,"[{""t"": ""kv"", ""k"": ""Sound"", ""v"": ""SOUND_ID_REFORM_CITY""}, {""t"": ""kv"", ""k"": ""Effect"", ""v"": ""SPECEFFECT_REFORMCITY""}]"
UNIT_ELITE_MEDIEVAL_INFANTRY,0,flag,CantBuild,
UNIT_ELITE_MEDIEVAL_INFANTRY,1,kv,Description,DESCRIPTION_UNIT_PIKEMEN
UNIT_ELITE_MEDIEVAL_INFANTRY,2,kv,DefaultIcon,ICON_UNIT_ELITE_MEDIEVAL_INFANTRY
UNIT_ELITE_MEDIEVAL_INFANTRY,3,kv,DefaultSprite,SPRITE_ELITE_MEDIEVAL_INFANTRY
UNIT_ELITE_MEDIEVAL_INFANTRY,4,kv,Category,UNIT_CATEGORY_DEFENSE
UNIT_ELITE_MEDIEVAL_INFANTRY,5,kv,Attack,40
UNIT_ELITE_MEDIEVAL_INFANTRY,6,kv,Defense,30
UNIT_ELITE_MEDIEVAL_INFANTRY,7,kv,ZBRangeAttack,0
UNIT_ELITE_MEDIEVAL_INFANTRY,8,kv,Firepower,2
UNIT_ELITE_MEDIEVAL_INFANTRY,9,kv,Armor,1
UNIT_ELITE_MEDIEVAL_INFANTRY,10,kv,MaxHP,16
UNIT_ELITE_MEDIEVAL_INFANTRY,11,kv,ShieldCost,900
UNIT_ELITE_MEDIEVAL_INFANTRY,12,kv,PowerPoints,81
UNIT_ELITE_MEDIEVAL_INFANTRY,13,kv,ShieldHunger,9
UNIT_ELITE_MEDIEVAL_INFANTRY,14,kv,FoodHunger,0
UNIT_ELITE_MEDIEVAL_INFANTRY,15,kv,MaxMovePoints,100
UNIT_ELITE_MEDIEVAL_INFANTRY,16,kv,VisionRange,1
UNIT_ELITE_MEDIEVAL_INFANTRY,17,kv,EnableAdvance,ADVANCE_IRON_CASTING
UNIT_ELITE_MEDIEVAL_INFANTRY,18,kv,ObsoleteAdvance,ADVANCE_FLINTLOCK
UNIT_ELITE_MEDIEVAL_INFANTRY,19,kv,ActiveDefenseRange,0
UNIT_ELITE_MEDIEVAL_INFANTRY,20,flag,LossMoveToDmgNone,
UNIT_ELITE_MEDIEVAL_INFANTRY,21,kv,MaxFuel,0
UNIT_ELITE_MEDIEVAL_INFANTRY,22,flag,CanEntrench,
UNIT_ELITE_MEDIEVAL_INFANTRY,23,flag,CanExpel,
UNIT_ELITE_MEDIEVAL_INFANTRY,24,flag,CanPillage,
UNIT_ELITE_MEDIEVAL_INFANTRY,25,flag,CanPirate,
UNIT_ELITE_MEDIEVAL_INFANTRY,26,flag,ExertsMartialLaw,
UNIT_ELITE_MEDIEVAL_INFANTRY,27,flag,DeathEffectsHappy,
UNIT_ELITE_MEDIEVAL_INFANTRY,28,flag,OnlyBuildOne,
UNIT_ELITE_MEDIEVAL_INFANTRY,29,kv,SoundSelect1,SOUND_SELECT1_PIKEMEN
UNIT_ELITE_MEDIEVAL_INFANTRY,30,kv,SoundSelect2,SOUND_SELECT2_PIKEMEN
UNIT_ELITE_MEDIEVAL_INFANTRY,31,kv,SoundMove,SOUND_MOVE_PIKEMEN
UNIT_ELITE_MEDIEVAL_INFANTRY,32,kv,SoundAcknowledge,SOUND_ACKNOWLEDGE_PIKEMEN
UNIT_ELITE_MEDIEVAL_INFANTRY,33,kv,SoundCantMove,SOUND_CANTMOVE_PIKEMEN
UNIT_ELITE_MEDIEVAL_INFANTRY,34,kv,SoundAttack,SOUND_ATTACK_PIKEMEN
UNIT_ELITE_MEDIEVAL_INFANTRY,35,kv,SoundWork,SOUND_WORK_PIKEMEN
UNIT_ELITE_MEDIEVAL_INFANTRY,36,kv,SoundVictory,SOUND_VICTORY_PIKEMEN
UNIT_ELITE_MEDIEVAL_INFANTRY,37,kv,SoundDeath,SOUND_DEATH_PIKEMEN
UNIT_ELITE_MEDIEVAL_INFANTRY,38,sublist,CanAttack,Land
UNIT_ELITE_MEDIEVAL_INFANTRY,39,sublist,CanAttack,Mountain
UNIT_ELITE_MEDIEVAL_INFANTRY,40,sublist,CanSee,Standard
UNIT_ELITE_MEDIEVAL_INFANTRY,41,sublist,MovementType,Land
UNIT_ELITE_MEDIEVAL_INFANTRY,42,sublist,MovementType,Mountain
UNIT_ELITE_MEDIEVAL_INFANTRY,43,sublist,Size,Medium
UNIT_ELITE_MEDIEVAL_INFANTRY,44,sublist,VisionClass,Standard
UNIT_ELITE_MEDIEVAL_INFANTRY,45,nested,CanReform,"[{""t"": ""kv"", ""k"": ""Sound"", ""v"": ""SOUND_ID_REFORM_CITY""}, {""t"": ""kv"", ""k"": ""Effect"", ""v"": ""SPECEFFECT_REFORMCITY""}]"
UNIT_ELITE_KNIGHT_TEMPLAR,0,flag,CantBuild,
UNIT_ELITE_KNIGHT_TEMPLAR,1,kv,Description,DESCRIPTION_UNIT_PIKEMEN
UNIT_ELITE_KNIGHT_TEMPLAR,2,kv,DefaultIcon,ICON_UNIT_ELITE_KNIGHT_TEMPLAR
UNIT_ELITE_KNIGHT_TEMPLAR,3,kv,DefaultSprite,SPRITE_ELITE_KNIGHT_TEMPLAR
UNIT_ELITE_KNIGHT_TEMPLAR,4,kv,Category,UNIT_CATEGORY_DEFENSE
UNIT_ELITE_KNIGHT_TEMPLAR,5,kv,Attack,45
UNIT_ELITE_KNIGHT_TEMPLAR,6,kv,Defense,30
UNIT_ELITE_KNIGHT_TEMPLAR,7,kv,ZBRangeAttack,0
UNIT_ELITE_KNIGHT_TEMPLAR,8,kv,Firepower,2
UNIT_ELITE_KNIGHT_TEMPLAR,9,kv,Armor,1
UNIT_ELITE_KNIGHT_TEMPLAR,10,kv,MaxHP,19
UNIT_ELITE_KNIGHT_TEMPLAR,11,kv,ShieldCost,1000
UNIT_ELITE_KNIGHT_TEMPLAR,12,kv,PowerPoints,81
UNIT_ELITE_KNIGHT_TEMPLAR,13,kv,ShieldHunger,12
UNIT_ELITE_KNIGHT_TEMPLAR,14,kv,FoodHunger,0
UNIT_ELITE_KNIGHT_TEMPLAR,15,kv,MaxMovePoints,100
UNIT_ELITE_KNIGHT_TEMPLAR,16,kv,VisionRange,1
UNIT_ELITE_KNIGHT_TEMPLAR,17,kv,EnableAdvance,ADVANCE_THEOCRACY
UNIT_ELITE_KNIGHT_TEMPLAR,18,kv,GovernmentType,GOVERNMENT_THEOCRACY
UNIT_ELITE_KNIGHT_TEMPLAR,19,kv,ActiveDefenseRange,0
UNIT_ELITE_KNIGHT_TEMPLAR,20,flag,LossMoveToDmgNone,
UNIT_ELITE_KNIGHT_TEMPLAR,21,kv,MaxFuel,0
UNIT_ELITE_KNIGHT_TEMPLAR,22,flag,CanEntrench,
UNIT_ELITE_KNIGHT_TEMPLAR,23,flag,CanExpel,
UNIT_ELITE_KNIGHT_TEMPLAR,24,flag,CanPillage,
UNIT_ELITE_KNIGHT_TEMPLAR,25,flag,CanPirate,
UNIT_ELITE_KNIGHT_TEMPLAR,26,flag,ExertsMartialLaw,
UNIT_ELITE_KNIGHT_TEMPLAR,27,flag,DeathEffectsHappy,
UNIT_ELITE_KNIGHT_TEMPLAR,28,flag,OnlyBuildOne,
UNIT_ELITE_KNIGHT_TEMPLAR,29,kv,SoundSelect1,SOUND_SELECT1_PIKEMEN
UNIT_ELITE_KNIGHT_TEMPLAR,30,kv,SoundSelect2,SOUND_SELECT2_PIKEMEN
UNIT_ELITE_KNIGHT_TEMPLAR,31,kv,SoundMove,SOUND_MOVE_PIKEMEN
UNIT_ELITE_KNIGHT_TEMPLAR,32,kv,SoundAcknowledge,SOUND_ACKNOWLEDGE_PIKEMEN
UNIT_ELITE_KNIGHT_TEMPLAR,33,kv,SoundCantMove,SOUND_CANTMOVE_PIKEMEN
UNIT_ELITE_KNIGHT_TEMPLAR,34,kv,SoundAttack,SOUND_ATTACK_PIKEMEN
UNIT_ELITE_KNIGHT_TEMPLAR,35,kv,SoundWork,SOUND_WORK_PIKEMEN
UNIT_ELITE_KNIGHT_TEMPLAR,36,kv,SoundVictory,SOUND_VICTORY_PIKEMEN
UNIT_ELITE_KNIGHT_TEMPLAR,37,kv,SoundDeath,SOUND_DEATH_PIKEMEN
UNIT_ELITE_KNIGHT_TEMPLAR,38,sublist,CanAttack,Land
UNIT_ELITE_KNIGHT_TEMPLAR,39,sublist,CanAttack,Mountain
UNIT_ELITE_KNIGHT_TEMPLAR,40,sublist,CanSee,Standard
UNIT_ELITE_KNIGHT_TEMPLAR,41,sublist,MovementType,Land
UNIT_ELITE_KNIGHT_TEMPLAR,42,sublist,MovementType,Mountain
UNIT_ELITE_KNIGHT_TEMPLAR,43,sublist,Size,Medium
UNIT_ELITE_KNIGHT_TEMPLAR,44,sublist,VisionClass,Standard
UNIT_ELITE_KNIGHT_TEMPLAR,45,nested,CanReform,"[{""t"": ""kv"", ""k"": ""Sound"", ""v"": ""SOUND_ID_REFORM_CITY""}, {""t"": ""kv"", ""k"": ""Effect"", ""v"": ""SPECEFFECT_REFORMCITY""}]"
UNIT_ELITE_EAGLE_ARCHER,0,flag,CantBuild,
UNIT_ELITE_EAGLE_ARCHER,1,kv,Description,DESCRIPTION_UNIT_ARCHER
UNIT_ELITE_EAGLE_ARCHER,2,kv,DefaultIcon,ICON_UNIT_ELITE_EAGLE_ARCHER
UNIT_ELITE_EAGLE_ARCHER,3,kv,DefaultSprite,SPRITE_ELITE_EAGLE_ARCHER
UNIT_ELITE_EAGLE_ARCHER,4,kv,Category,UNIT_CATEGORY_RANGED
UNIT_ELITE_EAGLE_ARCHER,5,kv,Attack,20
UNIT_ELITE_EAGLE_ARCHER,6,kv,Defense,20
UNIT_ELITE_EAGLE_ARCHER,7,kv,ZBRangeAttack,40
UNIT_ELITE_EAGLE_ARCHER,8,kv,Firepower,2
UNIT_ELITE_EAGLE_ARCHER,9,kv,Armor,1
UNIT_ELITE_EAGLE_ARCHER,10,kv,MaxHP,14
UNIT_ELITE_EAGLE_ARCHER,11,kv,ShieldCost,750
UNIT_ELITE_EAGLE_ARCHER,12,kv,PowerPoints,50
UNIT_ELITE_EAGLE_ARCHER,13,kv,ShieldHunger,9
UNIT_ELITE_EAGLE_ARCHER,14,kv,FoodHunger,0
UNIT_ELITE_EAGLE_ARCHER,15,kv,MaxMovePoints,200
UNIT_ELITE_EAGLE_ARCHER,16,kv,VisionRange,2
UNIT_ELITE_EAGLE_ARCHER,17,kv,EnableAdvance,ADVANCE_THEOCRATIC_MONARCHY
UNIT_ELITE_EAGLE_ARCHER,18,kv,GovernmentType,GOVERNMENT_THEOCRATIC_MONARCHY
UNIT_ELITE_EAGLE_ARCHER,19,kv,BombRounds,2
UNIT_ELITE_EAGLE_ARCHER,20,kv,BombardRange,1
UNIT_ELITE_EAGLE_ARCHER,21,flag,CanCounterBombard,
UNIT_ELITE_EAGLE_ARCHER,22,kv,ActiveDefenseRange,0
UNIT_ELITE_EAGLE_ARCHER,23,flag,LossMoveToDmgNone,
UNIT_ELITE_EAGLE_ARCHER,24,kv,MaxFuel,0
UNIT_ELITE_EAGLE_ARCHER,25,flag,CanEntrench,
UNIT_ELITE_EAGLE_ARCHER,26,flag,CanExpel,
UNIT_ELITE_EAGLE_ARCHER,27,flag,CanPillage,
UNIT_ELITE_EAGLE_ARCHER,28,flag,CanPirate,
UNIT_ELITE_EAGLE_ARCHER,29,flag,ExertsMartialLaw,
UNIT_ELITE_EAGLE_ARCHER,30,flag,DeathEffectsHappy,
UNIT_ELITE_EAGLE_ARCHER,31,flag,OnlyBuildOne,
UNIT_ELITE_EAGLE_ARCHER,32,kv,SoundSelect1,SOUND_SELECT1_ARCHER
UNIT_ELITE_EAGLE_ARCHER,33,kv,SoundSelect2,SOUND_SELECT2_ARCHER
UNIT_ELITE_EAGLE_ARCHER,34,kv,SoundMove,SOUND_MOVE_ARCHER
UNIT_ELITE_EAGLE_ARCHER,35,kv,SoundAcknowledge,SOUND_ACKNOWLEDGE_ARCHER
UNIT_ELITE_EAGLE_ARCHER,36,kv,SoundCantMove,SOUND_CANTMOVE_ARCHER
UNIT_ELITE_EAGLE_ARCHER,37,kv,SoundAttack,SOUND_ATTACK_ARCHER
UNIT_ELITE_EAGLE_ARCHER,38,kv,SoundWork,SOUND_WORK_ARCHER
UNIT_ELITE_EAGLE_ARCHER,39,kv,SoundVictory,SOUND_VICTORY_ARCHER
UNIT_ELITE_EAGLE_ARCHER,40,kv,SoundDeath,SOUND_DEATH_ARCHER
UNIT_ELITE_EAGLE_ARCHER,41,sublist,CanAttack,Land
UNIT_ELITE_EAGLE_ARCHER,42,sublist,CanBombard,Land
UNIT_ELITE_EAGLE_ARCHER,43,sublist,CanSee,Standard
UNIT_ELITE_EAGLE_ARCHER,44,sublist,MovementType,Land
UNIT_ELITE_EAGLE_ARCHER,45,sublist,MovementType,Mountain
UNIT_ELITE_EAGLE_ARCHER,46,sublist,Size,Medium
UNIT_ELITE_EAGLE_ARCHER,47,sublist,VisionClass,Standard
UNIT_ELITE_EAGLE_ARCHER,48,nested,CanReform,"[{""t"": ""kv"", ""k"": ""Sound"", ""v"": ""SOUND_ID_REFORM_CITY""}, {""t"": ""kv"", ""k"": ""Effect"", ""v"": ""SPECEFFECT_REFORMCITY""}]"
UNIT_ELITE_EAGLE_WARRIOR,0,flag,CantBuild,
UNIT_ELITE_EAGLE_WARRIOR,1,kv,Description,DESCRIPTION_UNIT_PIKEMEN
UNIT_ELITE_EAGLE_WARRIOR,2,kv,DefaultIcon,ICON_UNIT_ELITE_EAGLE_WARRIOR
UNIT_ELITE_EAGLE_WARRIOR,3,kv,DefaultSprite,SPRITE_ELITE_EAGLE_WARRIOR
UNIT_ELITE_EAGLE_WARRIOR,4,kv,Category,UNIT_CATEGORY_DEFENSE
UNIT_ELITE_EAGLE_WARRIOR,5,kv,Attack,35
UNIT_ELITE_EAGLE_WARRIOR,6,kv,Defense,25
UNIT_ELITE_EAGLE_WARRIOR,7,kv,ZBRangeAttack,0
UNIT_ELITE_EAGLE_WARRIOR,8,kv,Firepower,2
UNIT_ELITE_EAGLE_WARRIOR,9,kv,Armor,1
UNIT_ELITE_EAGLE_WARRIOR,10,kv,MaxHP,16
UNIT_ELITE_EAGLE_WARRIOR,11,kv,ShieldCost,700
UNIT_ELITE_EAGLE_WARRIOR,12,kv,PowerPoints,81
UNIT_ELITE_EAGLE_WARRIOR,13,kv,ShieldHunger,9
UNIT_ELITE_EAGLE_WARRIOR,14,kv,FoodHunger,0
UNIT_ELITE_EAGLE_WARRIOR,15,kv,MaxMovePoints,200
UNIT_ELITE_EAGLE_WARRIOR,16,kv,VisionRange,1
UNIT_ELITE_EAGLE_WARRIOR,17,kv,EnableAdvance,ADVANCE_THEOCRATIC_MONARCHY
UNIT_ELITE_EAGLE_WARRIOR,18,kv,GovernmentType,GOVERNMENT_THEOCRATIC_MONARCHY
UNIT_ELITE_EAGLE_WARRIOR,19,kv,ActiveDefenseRange,0
UNIT_ELITE_EAGLE_WARRIOR,20,flag,LossMoveToDmgNone,
UNIT_ELITE_EAGLE_WARRIOR,21,kv,MaxFuel,0
UNIT_ELITE_EAGLE_WARRIOR,22,flag,CanEntrench,
UNIT_ELITE_EAGLE_WARRIOR,23,flag,CanExpel,
UNIT_ELITE_EAGLE_WARRIOR,24,flag,CanPillage,
UNIT_ELITE_EAGLE_WARRIOR,25,flag,CanPirate,
UNIT_ELITE_EAGLE_WARRIOR,26,flag,ExertsMartialLaw,
UNIT_ELITE_EAGLE_WARRIOR,27,flag,DeathEffectsHappy,
UNIT_ELITE_EAGLE_WARRIOR,28,flag,OnlyBuildOne,
UNIT_ELITE_EAGLE_WARRIOR,29,kv,SoundSelect1,SOUND_SELECT1_PIKEMEN
UNIT_ELITE_EAGLE_WARRIOR,30,kv,SoundSelect2,SOUND_SELECT2_PIKEMEN
UNIT_ELITE_EAGLE_WARRIOR,31,kv,SoundMove,SOUND_MOVE_PIKEMEN
UNIT_ELITE_EAGLE_WARRIOR,32,kv,SoundAcknowledge,SOUND_ACKNOWLEDGE_PIKEMEN
UNIT_ELITE_EAGLE_WARRIOR,33,kv,SoundCantMove,SOUND_CANTMOVE_PIKEMEN
UNIT_ELITE_EAGLE_WARRIOR,34,kv,SoundAttack,SOUND_ATTACK_PIKEMEN
UNIT_ELITE_EAGLE_WARRIOR,35,kv,SoundWork,SOUND_WORK_PIKEMEN
UNIT_ELITE_EAGLE_WARRIOR,36,kv,SoundVictory,SOUND_VICTORY_PIKEMEN
UNIT_ELITE_EAGLE_WARRIOR,37,kv,SoundDeath,SOUND_DEATH_PIKEMEN
UNIT_ELITE_EAGLE_WARRIOR,38,sublist,CanAttack,Land
UNIT_ELITE_EAGLE_WARRIOR,39,sublist,CanAttack,Mountain
UNIT_ELITE_EAGLE_WARRIOR,40,sublist,CanSee,Standard
UNIT_ELITE_EAGLE_WARRIOR,41,sublist,MovementType,Land
UNIT_ELITE_EAGLE_WARRIOR,42,sublist,MovementType,Mountain
UNIT_ELITE_EAGLE_WARRIOR,43,sublist,Size,Medium
UNIT_ELITE_EAGLE_WARRIOR,44,sublist,VisionClass,Standard
UNIT_ELITE_EAGLE_WARRIOR,45,nested,CanReform,"[{""t"": ""kv"", ""k"": ""Sound"", ""v"": ""SOUND_ID_REFORM_CITY""}, {""t"": ""kv"", ""k"": ""Effect"", ""v"": ""SPECEFFECT_REFORMCITY""}]"
UNIT_ELITE_MAMELUKE,0,flag,CantBuild,
UNIT_ELITE_MAMELUKE,1,kv,Description,DESCRIPTION_UNIT_MOUNTED_ARCHER
UNIT_ELITE_MAMELUKE,2,kv,DefaultIcon,ICON_UNIT_ELITE_MAMELUKE
UNIT_ELITE_MAMELUKE,3,kv,DefaultSprite,SPRITE_ELITE_MAMELUKE
UNIT_ELITE_MAMELUKE,4,kv,Category,UNIT_CATEGORY_FLANKER
UNIT_ELITE_MAMELUKE,5,kv,Attack,45
UNIT_ELITE_MAMELUKE,6,kv,Defense,25
UNIT_ELITE_MAMELUKE,7,kv,ZBRangeAttack,20
UNIT_ELITE_MAMELUKE,8,kv,Firepower,2
UNIT_ELITE_MAMELUKE,9,kv,Armor,1
UNIT_ELITE_MAMELUKE,10,kv,MaxHP,14
UNIT_ELITE_MAMELUKE,11,kv,ShieldCost,1050
UNIT_ELITE_MAMELUKE,12,kv,PowerPoints,60
UNIT_ELITE_MAMELUKE,13,kv,ShieldHunger,12
UNIT_ELITE_MAMELUKE,14,kv,FoodHunger,0
UNIT_ELITE_MAMELUKE,15,kv,MaxMovePoints,200
UNIT_ELITE_MAMELUKE,16,kv,VisionRange,2
UNIT_ELITE_MAMELUKE,17,kv,EnableAdvance,ADVANCE_CALIPHATE
UNIT_ELITE_MAMELUKE,18,kv,GovernmentType,GOVERNMENT_CALIPHATE
UNIT_ELITE_MAMELUKE,19,kv,BombRounds,2
UNIT_ELITE_MAMELUKE,20,kv,BombardRange,1
UNIT_ELITE_MAMELUKE,21,flag,CanCounterBombard,
UNIT_ELITE_MAMELUKE,22,kv,ActiveDefenseRange,0
UNIT_ELITE_MAMELUKE,23,flag,LossMoveToDmgNone,
UNIT_ELITE_MAMELUKE,24,kv,MaxFuel,0
UNIT_ELITE_MAMELUKE,25,flag,CanEntrench,
UNIT_ELITE_MAMELUKE,26,flag,CanExpel,
UNIT_ELITE_MAMELUKE,27,flag,CanPillage,
UNIT_ELITE_MAMELUKE,28,flag,CanPirate,
UNIT_ELITE_MAMELUKE,29,flag,BonusAgainstMounted,
UNIT_ELITE_MAMELUKE,30,kv,MountedBonus,0.25
UNIT_ELITE_MAMELUKE,31,flag,ExertsMartialLaw,
UNIT_ELITE_MAMELUKE,32,flag,DeathEffectsHappy,
UNIT_ELITE_MAMELUKE,33,flag,IsFlanker,
UNIT_ELITE_MAMELUKE,34,flag,OnlyBuildOne,
UNIT_ELITE_MAMELUKE,35,kv,SoundSelect1,SOUND_SELECT1_MOUNTED_ARCHER
UNIT_ELITE_MAMELUKE,36,kv,SoundSelect2,SOUND_SELECT2_MOUNTED_ARCHER
UNIT_ELITE_MAMELUKE,37,kv,SoundMove,SOUND_MOVE_MOUNTED_ARCHER
UNIT_ELITE_MAMELUKE,38,kv,SoundAcknowledge,SOUND_ACKNOWLEDGE_MOUNTED_ARCHER
UNIT_ELITE_MAMELUKE,39,kv,SoundCantMove,SOUND_CANTMOVE_MOUNTED_ARCHER
UNIT_ELITE_MAMELUKE,40,kv,SoundAttack,SOUND_ATTACK_MOUNTED_ARCHER
UNIT_ELITE_MAMELUKE,41,kv,SoundWork,SOUND_WORK_MOUNTED_ARCHER
UNIT_ELITE_MAMELUKE,42,kv,SoundVictory,SOUND_VICTORY_MOUNTED_ARCHER
UNIT_ELITE_MAMELUKE,43,kv,SoundDeath,SOUND_DEATH_MOUNTED_ARCHER
UNIT_ELITE_MAMELUKE,44,sublist,CanAttack,Land
UNIT_ELITE_MAMELUKE,45,sublist,CanSee,Standard
UNIT_ELITE_MAMELUKE,46,sublist,MovementType,Land
UNIT_ELITE_MAMELUKE,47,sublist,Size,Medium
UNIT_ELITE_MAMELUKE,48,sublist,VisionClass,Standard
UNIT_ELITE_MAMELUKE,49,nested,CanReform,"[{""t"": ""kv"", ""k"": ""Sound"", ""v"": ""SOUND_ID_REFORM_CITY""}, {""t"": ""kv"", ""k"": ""Effect"", ""v"": ""SPECEFFECT_REFORMCITY""}]"
UNIT_ELITE_SAPHIA,0,flag,CantBuild,
UNIT_ELITE_SAPHIA,1,kv,Description,DESCRIPTION_UNIT_MOUNTED_ARCHER
UNIT_ELITE_SAPHIA,2,kv,DefaultIcon,ICON_UNIT_ELITE_SAPHIA
UNIT_ELITE_SAPHIA,3,kv,DefaultSprite,SPRITE_ELITE_SAPHIA
UNIT_ELITE_SAPHIA,4,kv,Category,UNIT_CATEGORY_FLANKER
UNIT_ELITE_SAPHIA,5,kv,Attack,45
UNIT_ELITE_SAPHIA,6,kv,Defense,25
UNIT_ELITE_SAPHIA,7,kv,ZBRangeAttack,20
UNIT_ELITE_SAPHIA,8,kv,Firepower,2
UNIT_ELITE_SAPHIA,9,kv,Armor,1
UNIT_ELITE_SAPHIA,10,kv,MaxHP,14
UNIT_ELITE_SAPHIA,11,kv,ShieldCost,1100
UNIT_ELITE_SAPHIA,12,kv,PowerPoints,60
UNIT_ELITE_SAPHIA,13,kv,ShieldHunger,12
UNIT_ELITE_SAPHIA,14,kv,FoodHunger,0
UNIT_ELITE_SAPHIA,15,kv,MaxMovePoints,400
UNIT_ELITE_SAPHIA,16,kv,VisionRange,2
UNIT_ELITE_SAPHIA,17,kv,EnableAdvance,ADVANCE_SULTANATE
UNIT_ELITE_SAPHIA,18,kv,GovernmentType,GOVERNMENT_SULTANATE
UNIT_ELITE_SAPHIA,19,kv,BombRounds,2
UNIT_ELITE_SAPHIA,20,kv,BombardRange,1
UNIT_ELITE_SAPHIA,21,flag,CanCounterBombard,
UNIT_ELITE_SAPHIA,22,kv,ActiveDefenseRange,0
UNIT_ELITE_SAPHIA,23,flag,LossMoveToDmgNone,
UNIT_ELITE_SAPHIA,24,kv,MaxFuel,0
UNIT_ELITE_SAPHIA,25,flag,CanEntrench,
UNIT_ELITE_SAPHIA,26,flag,CanExpel,
UNIT_ELITE_SAPHIA,27,flag,CanPillage,
UNIT_ELITE_SAPHIA,28,flag,CanPirate,
UNIT_ELITE_SAPHIA,29,flag,BonusAgainstMounted,
UNIT_ELITE_SAPHIA,30,kv,MountedBonus,0.25
UNIT_ELITE_SAPHIA,31,flag,ExertsMartialLaw,
UNIT_ELITE_SAPHIA,32,flag,DeathEffectsHappy,
UNIT_ELITE_SAPHIA,33,flag,IsFlanker,
UNIT_ELITE_SAPHIA,34,flag,OnlyBuildOne,
UNIT_ELITE_SAPHIA,35,kv,SoundSelect1,SOUND_SELECT1_MOUNTED_ARCHER
UNIT_ELITE_SAPHIA,36,kv,SoundSelect2,SOUND_SELECT2_MOUNTED_ARCHER
UNIT_ELITE_SAPHIA,37,kv,SoundMove,SOUND_MOVE_MOUNTED_ARCHER
UNIT_ELITE_SAPHIA,38,kv,SoundAcknowledge,SOUND_ACKNOWLEDGE_MOUNTED_ARCHER
UNIT_ELITE_SAPHIA,39,kv,SoundCantMove,SOUND_CANTMOVE_MOUNTED_ARCHER
UNIT_ELITE_SAPHIA,40,kv,SoundAttack,SOUND_ATTACK_MOUNTED_ARCHER
UNIT_ELITE_SAPHIA,41,kv,SoundWork,SOUND_WORK_MOUNTED_ARCHER
UNIT_ELITE_SAPHIA,42,kv,SoundVictory,SOUND_VICTORY_MOUNTED_ARCHER
UNIT_ELITE_SAPHIA,43,kv,SoundDeath,SOUND_DEATH_MOUNTED_ARCHER
UNIT_ELITE_SAPHIA,44,sublist,CanAttack,Land
UNIT_ELITE_SAPHIA,45,sublist,CanSee,Standard
UNIT_ELITE_SAPHIA,46,sublist,MovementType,Land
UNIT_ELITE_SAPHIA,47,sublist,Size,Medium
UNIT_ELITE_SAPHIA,48,sublist,VisionClass,Standard
UNIT_ELITE_SAPHIA,49,nested,CanReform,"[{""t"": ""kv"", ""k"": ""Sound"", ""v"": ""SOUND_ID_REFORM_CITY""}, {""t"": ""kv"", ""k"": ""Effect"", ""v"": ""SPECEFFECT_REFORMCITY""}]"
UNIT_ELITE_SAMURAI,0,flag,CantBuild,
UNIT_ELITE_SAMURAI,1,kv,Description,DESCRIPTION_UNIT_PIKEMEN
UNIT_ELITE_SAMURAI,2,kv,DefaultIcon,ICON_UNIT_ELITE_SAMURAI
UNIT_ELITE_SAMURAI,3,kv,DefaultSprite,SPRITE_ELITE_SAMURAI
UNIT_ELITE_SAMURAI,4,kv,Category,UNIT_CATEGORY_DEFENSE
UNIT_ELITE_SAMURAI,5,kv,Attack,45
UNIT_ELITE_SAMURAI,6,kv,Defense,30
UNIT_ELITE_SAMURAI,7,kv,ZBRangeAttack,30
UNIT_ELITE_SAMURAI,8,kv,Firepower,2
UNIT_ELITE_SAMURAI,9,kv,Armor,1
UNIT_ELITE_SAMURAI,10,kv,MaxHP,18
UNIT_ELITE_SAMURAI,11,kv,ShieldCost,900
UNIT_ELITE_SAMURAI,12,kv,PowerPoints,81
UNIT_ELITE_SAMURAI,13,kv,ShieldHunger,12
UNIT_ELITE_SAMURAI,14,kv,FoodHunger,0
UNIT_ELITE_SAMURAI,15,kv,MaxMovePoints,200
UNIT_ELITE_SAMURAI,16,kv,VisionRange,1
UNIT_ELITE_SAMURAI,17,kv,EnableAdvance,ADVANCE_DYNASTIC_EMPIRE
UNIT_ELITE_SAMURAI,18,kv,GovernmentType,GOVERNMENT_DYNASTIC_EMPIRE
UNIT_ELITE_SAMURAI,19,kv,ActiveDefenseRange,0
UNIT_ELITE_SAMURAI,20,flag,LossMoveToDmgNone,
UNIT_ELITE_SAMURAI,21,kv,MaxFuel,0
UNIT_ELITE_SAMURAI,22,flag,CanEntrench,
UNIT_ELITE_SAMURAI,23,flag,CanExpel,
UNIT_ELITE_SAMURAI,24,flag,CanPillage,
UNIT_ELITE_SAMURAI,25,flag,CanPirate,
UNIT_ELITE_SAMURAI,26,flag,ExertsMartialLaw,
UNIT_ELITE_SAMURAI,27,flag,DeathEffectsHappy,
UNIT_ELITE_SAMURAI,28,flag,OnlyBuildOne,
UNIT_ELITE_SAMURAI,29,kv,SoundSelect1,SOUND_SELECT1_PIKEMEN
UNIT_ELITE_SAMURAI,30,kv,SoundSelect2,SOUND_SELECT2_PIKEMEN
UNIT_ELITE_SAMURAI,31,kv,SoundMove,SOUND_MOVE_PIKEMEN
UNIT_ELITE_SAMURAI,32,kv,SoundAcknowledge,SOUND_ACKNOWLEDGE_PIKEMEN
UNIT_ELITE_SAMURAI,33,kv,SoundCantMove,SOUND_CANTMOVE_PIKEMEN
UNIT_ELITE_SAMURAI,34,kv,SoundAttack,SOUND_ATTACK_PIKEMEN
UNIT_ELITE_SAMURAI,35,kv,SoundWork,SOUND_WORK_PIKEMEN
UNIT_ELITE_SAMURAI,36,kv,SoundVictory,SOUND_VICTORY_PIKEMEN
UNIT_ELITE_SAMURAI,37,kv,SoundDeath,SOUND_DEATH_PIKEMEN
UNIT_ELITE_SAMURAI,38,sublist,CanAttack,Land
UNIT_ELITE_SAMURAI,39,sublist,CanAttack,Mountain
UNIT_ELITE_SAMURAI,40,sublist,CanSee,Standard
UNIT_ELITE_SAMURAI,41,sublist,MovementType,Land
UNIT_ELITE_SAMURAI,42,sublist,MovementType,Mountain
UNIT_ELITE_SAMURAI,43,sublist,Size,Medium
UNIT_ELITE_SAMURAI,44,sublist,VisionClass,Standard
UNIT_ELITE_SAMURAI,45,nested,CanReform,"[{""t"": ""kv"", ""k"": ""Sound"", ""v"": ""SOUND_ID_REFORM_CITY""}, {""t"": ""kv"", ""k"": ""Effect"", ""v"": ""SPECEFFECT_REFORMCITY""}]"
UNIT_ELITE_ONAGER,0,flag,CantBuild,
UNIT_ELITE_ONAGER,1,kv,Description,DESCRIPTION_UNIT_CATAPULT
UNIT_ELITE_ONAGER,2,kv,DefaultIcon,ICON_UNIT_ELITE_ONAGER
UNIT_ELITE_ONAGER,3,kv,DefaultSprite,SPRITE_ELITE_ONAGER
UNIT_ELITE_ONAGER,4,kv,Category,UNIT_CATEGORY_RANGED
UNIT_ELITE_ONAGER,5,kv,Attack,15
UNIT_ELITE_ONAGER,6,kv,Defense,20
UNIT_ELITE_ONAGER,7,kv,ZBRangeAttack,40
UNIT_ELITE_ONAGER,8,kv,Firepower,2
UNIT_ELITE_ONAGER,9,kv,Armor,1
UNIT_ELITE_ONAGER,10,kv,MaxHP,13
UNIT_ELITE_ONAGER,11,kv,ShieldCost,900
UNIT_ELITE_ONAGER,12,kv,PowerPoints,52
UNIT_ELITE_ONAGER,13,kv,ShieldHunger,11
UNIT_ELITE_ONAGER,14,kv,FoodHunger,0
UNIT_ELITE_ONAGER,15,kv,MaxMovePoints,100
UNIT_ELITE_ONAGER,16,kv,VisionRange,1
UNIT_ELITE_ONAGER,17,kv,EnableAdvance,ADVANCE_JOINERY
UNIT_ELITE_ONAGER,18,kv,ObsoleteAdvance,ADVANCE_GUNPOWDER
UNIT_ELITE_ONAGER,19,kv,BombRounds,5
UNIT_ELITE_ONAGER,20,kv,BombardRange,1
UNIT_ELITE_ONAGER,21,flag,CanCounterBombard,
UNIT_ELITE_ONAGER,22,kv,ActiveDefenseRange,0
UNIT_ELITE_ONAGER,23,flag,LossMoveToDmgNone,
UNIT_ELITE_ONAGER,24,kv,MaxFuel,0
UNIT_ELITE_ONAGER,25,flag,CanEntrench,
UNIT_ELITE_ONAGER,26,flag,CanExpel,
UNIT_ELITE_ONAGER,27,flag,CanPillage,
UNIT_ELITE_ONAGER,28,flag,CanPirate,
UNIT_ELITE_ONAGER,29,flag,ExertsMartialLaw,
UNIT_ELITE_ONAGER,30,flag,DeathEffectsHappy,
UNIT_ELITE_ONAGER,31,flag,OnlyBuildOne,
UNIT_ELITE_ONAGER,32,kv,SoundSelect1,SOUND_SELECT1_CATAPULT
UNIT_ELITE_ONAGER,33,kv,SoundSelect2,SOUND_SELECT2_CATAPULT
UNIT_ELITE_ONAGER,34,kv,SoundMove,SOUND_MOVE_CATAPULT
UNIT_ELITE_ONAGER,35,kv,SoundAcknowledge,SOUND_ACKNOWLEDGE_CATAPULT
UNIT_ELITE_ONAGER,36,kv,SoundCantMove,SOUND_CANTMOVE_CATAPULT
UNIT_ELITE_ONAGER,37,kv,SoundAttack,SOUND_ATTACK_CATAPULT
UNIT_ELITE_ONAGER,38,kv,SoundWork,SOUND_WORK_CATAPULT
UNIT_ELITE_ONAGER,39,kv,SoundVictory,SOUND_VICTORY_CATAPULT
UNIT_ELITE_ONAGER,40,kv,SoundDeath,SOUND_DEATH_CATAPULT
UNIT_ELITE_ONAGER,41,sublist,CanAttack,Land
UNIT_ELITE_ONAGER,42,sublist,CanBombard,Land
UNIT_ELITE_ONAGER,43,sublist,CanBombard,Mountain
UNIT_ELITE_ONAGER,44,sublist,CanBombard,Water
UNIT_ELITE_ONAGER,45,sublist,CanSee,Standard
UNIT_ELITE_ONAGER,46,sublist,MovementType,Land
UNIT_ELITE_ONAGER,47,sublist,Size,Medium
UNIT_ELITE_ONAGER,48,sublist,VisionClass,Standard
UNIT_ELITE_ONAGER,49,nested,CanReform,"[{""t"": ""kv"", ""k"": ""Sound"", ""v"": ""SOUND_ID_REFORM_CITY""}, {""t"": ""kv"", ""k"": ""Effect"", ""v"": ""SPECEFFECT_REFORMCITY""}]"
UNIT_ELITE_AIRCRAFT_CARRIER,0,flag,CantBuild,
UNIT_ELITE_AIRCRAFT_CARRIER,1,kv,Description,DESCRIPTION_UNIT_AIRCRAFT_CARRIER
UNIT_ELITE_AIRCRAFT_CARRIER,2,kv,DefaultIcon,ICON_UNIT_ELITE_AIRCRAFT_CARRIER
UNIT_ELITE_AIRCRAFT_CARRIER,3,kv,DefaultSprite,SPRITE_ELITE_AIRCRAFT_CARRIER
UNIT_ELITE_AIRCRAFT_CARRIER,4,kv,Category,UNIT_CATEGORY_NAVAL
UNIT_ELITE_AIRCRAFT_CARRIER,5,kv,Attack,35
UNIT_ELITE_AIRCRAFT_CARRIER,6,kv,Defense,50
UNIT_ELITE_AIRCRAFT_CARRIER,7,kv,ZBRangeAttack,35
UNIT_ELITE_AIRCRAFT_CARRIER,8,kv,Firepower,3
UNIT_ELITE_AIRCRAFT_CARRIER,9,kv,Armor,2
UNIT_ELITE_AIRCRAFT_CARRIER,10,kv,MaxHP,28
UNIT_ELITE_AIRCRAFT_CARRIER,11,kv,ShieldCost,4500
UNIT_ELITE_AIRCRAFT_CARRIER,12,kv,PowerPoints,10
UNIT_ELITE_AIRCRAFT_CARRIER,13,kv,ShieldHunger,50
UNIT_ELITE_AIRCRAFT_CARRIER,14,kv,FoodHunger,0
UNIT_ELITE_AIRCRAFT_CARRIER,15,kv,MaxMovePoints,600
UNIT_ELITE_AIRCRAFT_CARRIER,16,kv,VisionRange,3
UNIT_ELITE_AIRCRAFT_CARRIER,17,kv,EnableAdvance,ADVANCE_NAVAL_AVIATION
UNIT_ELITE_AIRCRAFT_CARRIER,18,kv,BombRounds,10
UNIT_ELITE_AIRCRAFT_CARRIER,19,kv,BombardRange,1
UNIT_ELITE_AIRCRAFT_CARRIER,20,kv,ActiveDefenseRange,1
UNIT_ELITE_AIRCRAFT_CARRIER,21,flag,ActiveDefenseOnlyWhenCarryingEnablers,
UNIT_ELITE_AIRCRAFT_CARRIER,22,flag,LossMoveToDmgNone,
UNIT_ELITE_AIRCRAFT_CARRIER,23,kv,MaxFuel,0
UNIT_ELITE_AIRCRAFT_CARRIER,24,flag,CanExpel,
UNIT_ELITE_AIRCRAFT_CARRIER,25,flag,CanPillage,
UNIT_ELITE_AIRCRAFT_CARRIER,26,flag,CanPirate,
UNIT_ELITE_AIRCRAFT_CARRIER,27,flag,CantCaptureCity,
UNIT_ELITE_AIRCRAFT_CARRIER,28,flag,ExertsMartialLaw,
UNIT_ELITE_AIRCRAFT_CARRIER,29,flag,DeathEffectsHappy,
UNIT_ELITE_AIRCRAFT_CARRIER,30,flag,Explodes,
UNIT_ELITE_AIRCRAFT_CARRIER,31,flag,OnlyBuildOne,
UNIT_ELITE_AIRCRAFT_CARRIER,32,kv,SoundSelect1,SOUND_SELECT1_AIRCRAFT_CARRIER
UNIT_ELITE_AIRCRAFT_CARRIER,33,kv,SoundSelect2,SOUND_SELECT2_AIRCRAFT_CARRIER
UNIT_ELITE_AIRCRAFT_CARRIER,34,kv,SoundMove,SOUND_MOVE_AIRCRAFT_CARRIER
UNIT_ELITE_AIRCRAFT_CARRIER,35,kv,SoundAcknowledge,SOUND_ACKNOWLEDGE_AIRCRAFT_CARRIER
UNIT_ELITE_AIRCRAFT_CARRIER,36,kv,SoundCantMove,SOUND_CANTMOVE_AIRCRAFT_CARRIER
UNIT_ELITE_AIRCRAFT_CARRIER,37,kv,SoundAttack,SOUND_ATTACK_AIRCRAFT_CARRIER
UNIT_ELITE_AIRCRAFT_CARRIER,38,kv,SoundWork,SOUND_WORK_AIRCRAFT_CARRIER
UNIT_ELITE_AIRCRAFT_CARRIER,39,kv,SoundVictory,SOUND_VICTORY_AIRCRAFT_CARRIER
UNIT_ELITE_AIRCRAFT_CARRIER,40,kv,SoundDeath,SOUND_DEATH_AIRCRAFT_CARRIER
UNIT_ELITE_AIRCRAFT_CARRIER,41,sublist,CanAttack,Sea
UNIT_ELITE_AIRCRAFT_CARRIER,42,sublist,CanAttack,ShallowWater
UNIT_ELITE_AIRCRAFT_CARRIER,43,sublist,CanCarry,MedAir
UNIT_ELITE_AIRCRAFT_CARRIER,44,sublist,CanCarry,SmallAir
UNIT_ELITE_AIRCRAFT_CARRIER,45,sublist,CanSee,Standard
UNIT_ELITE_AIRCRAFT_CARRIER,46,sublist,Defend,Air
UNIT_ELITE_AIRCRAFT_CARRIER,47,sublist,MovementType,Sea
UNIT_ELITE_AIRCRAFT_CARRIER,48,sublist,MovementType,ShallowWater
UNIT_ELITE_AIRCRAFT_CARRIER,49,sublist,Size,Large
UNIT_ELITE_AIRCRAFT_CARRIER,50,sublist,VisionClass,Standard
UNIT_ELITE_AIRCRAFT_CARRIER,51,nested,CanReform,"[{""t"": ""kv"", ""k"": ""Sound"", ""v"": ""SOUND_ID_REFORM_CITY""}, {""t"": ""kv"", ""k"": ""Effect"", ""v"": ""SPECEFFECT_REFORMCITY""}]"
UNIT_ELITE_AIRCRAFT_CARRIER,52,nested,CargoData,"[{""t"": ""kv"", ""k"": ""MaxCargo"", ""v"": ""4""}, {""t"": ""kv"", ""k"": ""Load"", ""v"": ""SOUND_ID_AIRCRAFT_CARRIER_LOAD""}, {""t"": ""kv"", ""k"": ""Unload"", ""v"": ""SOUND_ID_AIRCRAFT_CARRIER_UNLOAD""}]"
UNIT_ELITE_BATTLESHIP,0,flag,CantBuild,
UNIT_ELITE_BATTLESHIP,1,kv,Description,DESCRIPTION_UNIT_BATTLESHIP
UNIT_ELITE_BATTLESHIP,2,kv,DefaultIcon,ICON_UNIT_ELITE_BATTLESHIP
UNIT_ELITE_BATTLESHIP,3,kv,DefaultSprite,SPRITE_ELITE_BATTLESHIP
UNIT_ELITE_BATTLESHIP,4,kv,Category,UNIT_CATEGORY_NAVAL
UNIT_ELITE_BATTLESHIP,5,kv,Attack,70
UNIT_ELITE_BATTLESHIP,6,kv,Defense,55
UNIT_ELITE_BATTLESHIP,7,kv,ZBRangeAttack,65
UNIT_ELITE_BATTLESHIP,8,kv,Firepower,4
UNIT_ELITE_BATTLESHIP,9,kv,Armor,3
UNIT_ELITE_BATTLESHIP,10,kv,MaxHP,30
UNIT_ELITE_BATTLESHIP,11,kv,ShieldCost,4500
UNIT_ELITE_BATTLESHIP,12,kv,PowerPoints,12
UNIT_ELITE_BATTLESHIP,13,kv,ShieldHunger,50
UNIT_ELITE_BATTLESHIP,14,kv,FoodHunger,0
UNIT_ELITE_BATTLESHIP,15,kv,MaxMovePoints,600
UNIT_ELITE_BATTLESHIP,16,kv,VisionRange,3
UNIT_ELITE_BATTLESHIP,17,kv,EnableAdvance,ADVANCE_ADV_NAVAL_TACTICS
UNIT_ELITE_BATTLESHIP,18,kv,ObsoleteAdvance,ADVANCE_SMART_MATERIALS
UNIT_ELITE_BATTLESHIP,19,kv,BombRounds,5
UNIT_ELITE_BATTLESHIP,20,kv,BombardRange,1
UNIT_ELITE_BATTLESHIP,21,flag,CanCounterBombard,
UNIT_ELITE_BATTLESHIP,22,kv,ActiveDefenseRange,0
UNIT_ELITE_BATTLESHIP,23,flag,LossMoveToDmgNone,
UNIT_ELITE_BATTLESHIP,24,kv,MaxFuel,0
UNIT_ELITE_BATTLESHIP,25,flag,CanExpel,
UNIT_ELITE_BATTLESHIP,26,flag,CanPillage,
UNIT_ELITE_BATTLESHIP,27,flag,CanPirate,
UNIT_ELITE_BATTLESHIP,28,flag,CantCaptureCity,
UNIT_ELITE_BATTLESHIP,29,flag,ExertsMartialLaw,
UNIT_ELITE_BATTLESHIP,30,flag,DeathEffectsHappy,
UNIT_ELITE_BATTLESHIP,31,flag,Explodes,
UNIT_ELITE_BATTLESHIP,32,flag,OnlyBuildOne,
UNIT_ELITE_BATTLESHIP,33,kv,SoundSelect1,SOUND_SELECT1_BATTLESHIP
UNIT_ELITE_BATTLESHIP,34,kv,SoundSelect2,SOUND_SELECT2_BATTLESHIP
UNIT_ELITE_BATTLESHIP,35,kv,SoundMove,SOUND_MOVE_BATTLESHIP
UNIT_ELITE_BATTLESHIP,36,kv,SoundAcknowledge,SOUND_ACKNOWLEDGE_BATTLESHIP
UNIT_ELITE_BATTLESHIP,37,kv,SoundCantMove,SOUND_CANTMOVE_BATTLESHIP
UNIT_ELITE_BATTLESHIP,38,kv,SoundAttack,SOUND_ATTACK_BATTLESHIP
UNIT_ELITE_BATTLESHIP,39,kv,SoundWork,SOUND_WORK_BATTLESHIP
UNIT_ELITE_BATTLESHIP,40,kv,SoundVictory,SOUND_VICTORY_BATTLESHIP
UNIT_ELITE_BATTLESHIP,41,kv,SoundDeath,SOUND_DEATH_BATTLESHIP
UNIT_ELITE_BATTLESHIP,42,sublist,CanAttack,Sea
UNIT_ELITE_BATTLESHIP,43,sublist,CanAttack,ShallowWater
UNIT_ELITE_BATTLESHIP,44,sublist,CanBombard,Land
UNIT_ELITE_BATTLESHIP,45,sublist,CanBombard,Mountain
UNIT_ELITE_BATTLESHIP,46,sublist,CanBombard,Water
UNIT_ELITE_BATTLESHIP,47,sublist,CanBombard,Air
UNIT_ELITE_BATTLESHIP,48,sublist,CanSee,Standard
UNIT_ELITE_BATTLESHIP,49,sublist,MovementType,Sea
UNIT_ELITE_BATTLESHIP,50,sublist,MovementType,ShallowWater
UNIT_ELITE_BATTLESHIP,51,sublist,Size,Large
UNIT_ELITE_BATTLESHIP,52,sublist,VisionClass,Standard
UNIT_ELITE_BATTLESHIP,53,nested,CanReform,"[{""t"": ""kv"", ""k"": ""Sound"", ""v"": ""SOUND_ID_REFORM_CITY""}, {""t"": ""kv"", ""k"": ""Effect"", ""v"": ""SPECEFFECT_REFORMCITY""}]"
UNIT_ELITE_ARTILLERY,0,flag,CantBuild,
UNIT_ELITE_ARTILLERY,1,kv,Description,DESCRIPTION_UNIT_ARTILLERY
UNIT_ELITE_ARTILLERY,2,kv,DefaultIcon,ICON_UNIT_ELITE_ARTILLERY
UNIT_ELITE_ARTILLERY,3,kv,DefaultSprite,SPRITE_ELITE_ARTILLERY
UNIT_ELITE_ARTILLERY,4,kv,Category,UNIT_CATEGORY_RANGED
UNIT_ELITE_ARTILLERY,5,kv,Attack,20
UNIT_ELITE_ARTILLERY,6,kv,Defense,25
UNIT_ELITE_ARTILLERY,7,kv,ZBRangeAttack,85
UNIT_ELITE_ARTILLERY,8,kv,Firepower,3
UNIT_ELITE_ARTILLERY,9,kv,Armor,2
UNIT_ELITE_ARTILLERY,10,kv,MaxHP,15
UNIT_ELITE_ARTILLERY,11,kv,ShieldCost,2500
UNIT_ELITE_ARTILLERY,12,kv,PowerPoints,52
UNIT_ELITE_ARTILLERY,13,kv,ShieldHunger,30
UNIT_ELITE_ARTILLERY,14,kv,FoodHunger,0
UNIT_ELITE_ARTILLERY,15,kv,MaxMovePoints,200
UNIT_ELITE_ARTILLERY,16,kv,VisionRange,2
UNIT_ELITE_ARTILLERY,17,kv,EnableAdvance,ADVANCE_EXPLOSIVES
UNIT_ELITE_ARTILLERY,18,kv,ObsoleteAdvance,ADVANCE_CYBERNETICS
UNIT_ELITE_ARTILLERY,19,kv,BombRounds,5
UNIT_ELITE_ARTILLERY,20,kv,BombardRange,1
UNIT_ELITE_ARTILLERY,21,flag,CanCounterBombard,
UNIT_ELITE_ARTILLERY,22,kv,ActiveDefenseRange,0
UNIT_ELITE_ARTILLERY,23,flag,LossMoveToDmgNone,
UNIT_ELITE_ARTILLERY,24,kv,MaxFuel,0
UNIT_ELITE_ARTILLERY,25,flag,CanEntrench,
UNIT_ELITE_ARTILLERY,26,flag,CanExpel,
UNIT_ELITE_ARTILLERY,27,flag,CanPillage,
UNIT_ELITE_ARTILLERY,28,flag,CanPirate,
UNIT_ELITE_ARTILLERY,29,flag,ExertsMartialLaw,
UNIT_ELITE_ARTILLERY,30,flag,DeathEffectsHappy,
UNIT_ELITE_ARTILLERY,31,flag,Explodes,
UNIT_ELITE_ARTILLERY,32,flag,OnlyBuildOne,
UNIT_ELITE_ARTILLERY,33,kv,SoundSelect1,SOUND_SELECT1_ARTILLERY
UNIT_ELITE_ARTILLERY,34,kv,SoundSelect2,SOUND_SELECT2_ARTILLERY
UNIT_ELITE_ARTILLERY,35,kv,SoundMove,SOUND_MOVE_ARTILLERY
UNIT_ELITE_ARTILLERY,36,kv,SoundAcknowledge,SOUND_ACKNOWLEDGE_ARTILLERY
UNIT_ELITE_ARTILLERY,37,kv,SoundCantMove,SOUND_CANTMOVE_ARTILLERY
UNIT_ELITE_ARTILLERY,38,kv,SoundAttack,SOUND_ATTACK_ARTILLERY
UNIT_ELITE_ARTILLERY,39,kv,SoundWork,SOUND_WORK_ARTILLERY
UNIT_ELITE_ARTILLERY,40,kv,SoundVictory,SOUND_VICTORY_ARTILLERY
UNIT_ELITE_ARTILLERY,41,kv,SoundDeath,SOUND_DEATH_ARTILLERY
UNIT_ELITE_ARTILLERY,42,sublist,CanAttack,Air
UNIT_ELITE_ARTILLERY,43,sublist,CanAttack,Land
UNIT_ELITE_ARTILLERY,44,sublist,CanBombard,Land
UNIT_ELITE_ARTILLERY,45,sublist,CanBombard,Mountain
UNIT_ELITE_ARTILLERY,46,sublist,CanBombard,Water
UNIT_ELITE_ARTILLERY,47,sublist,CanBombard,Air
UNIT_ELITE_ARTILLERY,48,sublist,CanSee,Standard
UNIT_ELITE_ARTILLERY,49,sublist,MovementType,Land
UNIT_ELITE_ARTILLERY,50,sublist,Size,Medium
UNIT_ELITE_ARTILLERY,51,sublist,VisionClass,Standard
UNIT_ELITE_ARTILLERY,52,nested,CanReform,"[{""t"": ""kv"", ""k"": ""Sound"", ""v"": ""SOUND_ID_REFORM_CITY""}, {""t"": ""kv"", ""k"": ""Effect"", ""v"": ""SPECEFFECT_REFORMCITY""}]"
UNIT_ELITE_BOMBER,0,flag,CantBuild,
UNIT_ELITE_BOMBER,1,kv,Description,DESCRIPTION_UNIT_BOMBER
UNIT_ELITE_BOMBER,2,kv,DefaultIcon,ICON_UNIT_ELITE_BOMBER
UNIT_ELITE_BOMBER,3,kv,DefaultSprite,SPRITE_ELITE_BOMBER
UNIT_ELITE_BOMBER,4,kv,Category,UNIT_CATEGORY_AERIAL
UNIT_ELITE_BOMBER,5,kv,Attack,40
UNIT_ELITE_BOMBER,6,kv,Defense,35
UNIT_ELITE_BOMBER,7,kv,ZBRangeAttack,65
UNIT_ELITE_BOMBER,8,kv,Firepower,3
UNIT_ELITE_BOMBER,9,kv,Armor,2
UNIT_ELITE_BOMBER,10,kv,MaxHP,18
UNIT_ELITE_BOMBER,11,kv,ShieldCost,3100
UNIT_ELITE_BOMBER,12,kv,PowerPoints,31
UNIT_ELITE_BOMBER,13,kv,ShieldHunger,35
UNIT_ELITE_BOMBER,14,kv,FoodHunger,0
UNIT_ELITE_BOMBER,15,kv,MaxMovePoints,1000
UNIT_ELITE_BOMBER,16,kv,VisionRange,2
UNIT_ELITE_BOMBER,17,kv,EnableAdvance,ADVANCE_JET_PROPULSION
UNIT_ELITE_BOMBER,18,kv,ObsoleteAdvance,ADVANCE_ADVANCED_COMPOSITES
UNIT_ELITE_BOMBER,19,kv,BombRounds,5
UNIT_ELITE_BOMBER,20,kv,BombardRange,1
UNIT_ELITE_BOMBER,21,flag,CanCounterBombard,
UNIT_ELITE_BOMBER,22,kv,ActiveDefenseRange,0
UNIT_ELITE_BOMBER,23,flag,LossMoveToDmgNone,
UNIT_ELITE_BOMBER,24,flag,NoFuelThenCrash,
UNIT_ELITE_BOMBER,25,kv,MaxFuel,5000
UNIT_ELITE_BOMBER,26,flag,IgnoreZOC,
UNIT_ELITE_BOMBER,27,flag,NoZoc,
UNIT_ELITE_BOMBER,28,flag,CantCaptureCity,
UNIT_ELITE_BOMBER,29,flag,DeathEffectsHappy,
UNIT_ELITE_BOMBER,30,flag,Explodes,
UNIT_ELITE_BOMBER,31,flag,OnlyBuildOne,
UNIT_ELITE_BOMBER,32,kv,SoundSelect1,SOUND_SELECT1_BOMBER
UNIT_ELITE_BOMBER,33,kv,SoundSelect2,SOUND_SELECT2_BOMBER
UNIT_ELITE_BOMBER,34,kv,SoundMove,SOUND_MOVE_BOMBER
UNIT_ELITE_BOMBER,35,kv,SoundAcknowledge,SOUND_ACKNOWLEDGE_BOMBER
UNIT_ELITE_BOMBER,36,kv,SoundCantMove,SOUND_CANTMOVE_BOMBER
UNIT_ELITE_BOMBER,37,kv,SoundAttack,SOUND_ATTACK_BOMBER
UNIT_ELITE_BOMBER,38,kv,SoundWork,SOUND_WORK_BOMBER
UNIT_ELITE_BOMBER,39,kv,SoundVictory,SOUND_VICTORY_BOMBER
UNIT_ELITE_BOMBER,40,kv,SoundDeath,SOUND_DEATH_BOMBER
UNIT_ELITE_BOMBER,41,sublist,CanAttack,Air
UNIT_ELITE_BOMBER,42,sublist,CanAttack,Land
UNIT_ELITE_BOMBER,43,sublist,CanAttack,Mountain
UNIT_ELITE_BOMBER,44,sublist,CanAttack,Sea
UNIT_ELITE_BOMBER,45,sublist,CanAttack,ShallowWater
UNIT_ELITE_BOMBER,46,sublist,CanBombard,Land
UNIT_ELITE_BOMBER,47,sublist,CanBombard,Mountain
UNIT_ELITE_BOMBER,48,sublist,CanBombard,Water
UNIT_ELITE_BOMBER,49,sublist,CanCarry,SmallAir
UNIT_ELITE_BOMBER,50,sublist,CanSee,Standard
UNIT_ELITE_BOMBER,51,sublist,MovementType,Air
UNIT_ELITE_BOMBER,52,sublist,Size,Medium
UNIT_ELITE_BOMBER,53,sublist,VisionClass,Standard
UNIT_ELITE_BOMBER,54,nested,CargoData,"[{""t"": ""kv"", ""k"": ""MaxCargo"", ""v"": ""1""}, {""t"": ""kv"", ""k"": ""Load"", ""v"": ""SOUND_ID_BOMBER_LOAD""}, {""t"": ""kv"", ""k"": ""Unload"", ""v"": ""SOUND_ID_BOMBER_UNLOAD""}]"
UNIT_ELITE_CANNON,0,flag,CantBuild,
UNIT_ELITE_CANNON,1,kv,Description,DESCRIPTION_UNIT_CANNON
UNIT_ELITE_CANNON,2,kv,DefaultIcon,ICON_UNIT_ELITE_CANNON
UNIT_ELITE_CANNON,3,kv,DefaultSprite,SPRITE_ELITE_CANNON
UNIT_ELITE_CANNON,4,kv,Category,UNIT_CATEGORY_RANGED
UNIT_ELITE_CANNON,5,kv,Attack,15
UNIT_ELITE_CANNON,6,kv,Defense,15
UNIT_ELITE_CANNON,7,kv,ZBRangeAttack,65
UNIT_ELITE_CANNON,8,kv,Firepower,3
UNIT_ELITE_CANNON,9,kv,Armor,1
UNIT_ELITE_CANNON,10,kv,MaxHP,15
UNIT_ELITE_CANNON,11,kv,ShieldCost,1300
UNIT_ELITE_CANNON,12,kv,PowerPoints,52
UNIT_ELITE_CANNON,13,kv,ShieldHunger,18
UNIT_ELITE_CANNON,14,kv,FoodHunger,0
UNIT_ELITE_CANNON,15,kv,MaxMovePoints,100
UNIT_ELITE_CANNON,16,kv,VisionRange,1
UNIT_ELITE_CANNON,17,kv,EnableAdvance,ADVANCE_CANNON_MAKING
UNIT_ELITE_CANNON,18,kv,ObsoleteAdvance,ADVANCE_EXPLOSIVES
UNIT_ELITE_CANNON,19,kv,BombRounds,5
UNIT_ELITE_CANNON,20,kv,BombardRange,1
UNIT_ELITE_CANNON,21,flag,CanCounterBombard,
UNIT_ELITE_CANNON,22,kv,ActiveDefenseRange,0
UNIT_ELITE_CANNON,23,flag,LossMoveToDmgNone,
UNIT_ELITE_CANNON,24,kv,MaxFuel,0
UNIT_ELITE_CANNON,25,flag,CanEntrench,
UNIT_ELITE_CANNON,26,flag,CanExpel,
UNIT_ELITE_CANNON,27,flag,CanPillage,
UNIT_ELITE_CANNON,28,flag,CanPirate,
UNIT_ELITE_CANNON,29,flag,ExertsMartialLaw,
UNIT_ELITE_CANNON,30,flag,DeathEffectsHappy,
UNIT_ELITE_CANNON,31,flag,Explodes,
UNIT_ELITE_CANNON,32,flag,OnlyBuildOne,
UNIT_ELITE_CANNON,33,kv,SoundSelect1,SOUND_SELECT1_CANNON
UNIT_ELITE_CANNON,34,kv,SoundSelect2,SOUND_SELECT2_CANNON
UNIT_ELITE_CANNON,35,kv,SoundMove,SOUND_MOVE_CANNON
UNIT_ELITE_CANNON,36,kv,SoundAcknowledge,SOUND_ACKNOWLEDGE_CANNON
UNIT_ELITE_CANNON,37,kv,SoundCantMove,SOUND_CANTMOVE_CANNON
UNIT_ELITE_CANNON,38,kv,SoundAttack,SOUND_ATTACK_CANNON
UNIT_ELITE_CANNON,39,kv,SoundWork,SOUND_WORK_CANNON
UNIT_ELITE_CANNON,40,kv,SoundVictory,SOUND_VICTORY_CANNON
UNIT_ELITE_CANNON,41,kv,SoundDeath,SOUND_DEATH_CANNON
UNIT_ELITE_CANNON,42,sublist,CanAttack,Land
UNIT_ELITE_CANNON,43,sublist,CanBombard,Land
UNIT_ELITE_CANNON,44,sublist,CanBombard,Mountain
UNIT_ELITE_CANNON,45,sublist,CanBombard,Water
UNIT_ELITE_CANNON,46,sublist,CanSee,Standard
UNIT_ELITE_CANNON,47,sublist,MovementType,Land
UNIT_ELITE_CANNON,48,sublist,Size,Medium
UNIT_ELITE_CANNON,49,sublist,VisionClass,Standard
UNIT_ELITE_CANNON,50,nested,CanReform,"[{""t"": ""kv"", ""k"": ""Sound"", ""v"": ""SOUND_ID_REFORM_CITY""}, {""t"": ""kv"", ""k"": ""Effect"", ""v"": ""SPECEFFECT_REFORMCITY""}]"
UNIT_ELITE_CAVALRY,0,flag,CantBuild,
UNIT_ELITE_CAVALRY,1,kv,Description,DESCRIPTION_UNIT_CAVALRY
UNIT_ELITE_CAVALRY,2,kv,DefaultIcon,ICON_UNIT_ELITE_CAVALRY
UNIT_ELITE_CAVALRY,3,kv,DefaultSprite,SPRITE_ELITE_CAVALRY
UNIT_ELITE_CAVALRY,4,kv,Category,UNIT_CATEGORY_FLANKER
UNIT_ELITE_CAVALRY,5,kv,Attack,50
UNIT_ELITE_CAVALRY,6,kv,Defense,35
UNIT_ELITE_CAVALRY,7,kv,ZBRangeAttack,30
UNIT_ELITE_CAVALRY,8,kv,Firepower,3
UNIT_ELITE_CAVALRY,9,kv,Armor,1
UNIT_ELITE_CAVALRY,10,kv,MaxHP,20
UNIT_ELITE_CAVALRY,11,kv,ShieldCost,1700
UNIT_ELITE_CAVALRY,12,kv,PowerPoints,60
UNIT_ELITE_CAVALRY,13,kv,ShieldHunger,25
UNIT_ELITE_CAVALRY,14,kv,FoodHunger,0
UNIT_ELITE_CAVALRY,15,kv,MaxMovePoints,400
UNIT_ELITE_CAVALRY,16,kv,VisionRange,2
UNIT_ELITE_CAVALRY,17,kv,EnableAdvance,ADVANCE_CAVALRY_TACTICS
UNIT_ELITE_CAVALRY,18,kv,ObsoleteAdvance,ADVANCE_TANK_WARFARE
UNIT_ELITE_CAVALRY,19,kv,ActiveDefenseRange,0
UNIT_ELITE_CAVALRY,20,flag,LossMoveToDmgNone,
UNIT_ELITE_CAVALRY,21,kv,MaxFuel,0
UNIT_ELITE_CAVALRY,22,flag,CanEntrench,
UNIT_ELITE_CAVALRY,23,flag,CanExpel,
UNIT_ELITE_CAVALRY,24,flag,CanPillage,
UNIT_ELITE_CAVALRY,25,flag,CanPirate,
UNIT_ELITE_CAVALRY,26,flag,ExertsMartialLaw,
UNIT_ELITE_CAVALRY,27,flag,DeathEffectsHappy,
UNIT_ELITE_CAVALRY,28,flag,IsFlanker,
UNIT_ELITE_CAVALRY,29,flag,IsMounted,
UNIT_ELITE_CAVALRY,30,flag,OnlyBuildOne,
UNIT_ELITE_CAVALRY,31,kv,SoundSelect1,SOUND_SELECT1_CAVALRY
UNIT_ELITE_CAVALRY,32,kv,SoundSelect2,SOUND_SELECT2_CAVALRY
UNIT_ELITE_CAVALRY,33,kv,SoundMove,SOUND_MOVE_CAVALRY
UNIT_ELITE_CAVALRY,34,kv,SoundAcknowledge,SOUND_ACKNOWLEDGE_CAVALRY
UNIT_ELITE_CAVALRY,35,kv,SoundCantMove,SOUND_CANTMOVE_CAVALRY
UNIT_ELITE_CAVALRY,36,kv,SoundAttack,SOUND_ATTACK_CAVALRY
UNIT_ELITE_CAVALRY,37,kv,SoundWork,SOUND_WORK_CAVALRY
UNIT_ELITE_CAVALRY,38,kv,SoundVictory,SOUND_VICTORY_CAVALRY
UNIT_ELITE_CAVALRY,39,kv,SoundDeath,SOUND_DEATH_CAVALRY
UNIT_ELITE_CAVALRY,40,sublist,CanAttack,Land
UNIT_ELITE_CAVALRY,41,sublist,CanSee,Standard
UNIT_ELITE_CAVALRY,42,sublist,MovementType,Land
UNIT_ELITE_CAVALRY,43,sublist,Size,Medium
UNIT_ELITE_CAVALRY,44,sublist,VisionClass,Standard
UNIT_ELITE_CAVALRY,45,nested,CanReform,"[{""t"": ""kv"", ""k"": ""Sound"", ""v"": ""SOUND_ID_REFORM_CITY""}, {""t"": ""kv"", ""k"": ""Effect"", ""v"": ""SPECEFFECT_REFORMCITY""}]"
UNIT_ELITE_FIGHTER,0,flag,CantBuild,
UNIT_ELITE_FIGHTER,1,kv,Description,DESCRIPTION_UNIT_FIGHTER
UNIT_ELITE_FIGHTER,2,kv,DefaultIcon,ICON_UNIT_ELITE_FIGHTER
UNIT_ELITE_FIGHTER,3,kv,DefaultSprite,SPRITE_ELITE_FIGHTER
UNIT_ELITE_FIGHTER,4,kv,Category,UNIT_CATEGORY_AERIAL
UNIT_ELITE_FIGHTER,5,kv,Attack,55
UNIT_ELITE_FIGHTER,6,kv,Defense,45
UNIT_ELITE_FIGHTER,7,kv,ZBRangeAttack,55
UNIT_ELITE_FIGHTER,8,kv,Firepower,3
UNIT_ELITE_FIGHTER,9,kv,Armor,2
UNIT_ELITE_FIGHTER,10,kv,MaxHP,22
UNIT_ELITE_FIGHTER,11,kv,ShieldCost,2400
UNIT_ELITE_FIGHTER,12,kv,PowerPoints,31
UNIT_ELITE_FIGHTER,13,kv,ShieldHunger,30
UNIT_ELITE_FIGHTER,14,kv,FoodHunger,0
UNIT_ELITE_FIGHTER,15,kv,MaxMovePoints,1000
UNIT_ELITE_FIGHTER,16,kv,VisionRange,3
UNIT_ELITE_FIGHTER,17,kv,EnableAdvance,ADVANCE_AERODYNAMICS
UNIT_ELITE_FIGHTER,18,kv,ObsoleteAdvance,ADVANCE_SUPERSONIC_FLIGHT
UNIT_ELITE_FIGHTER,19,kv,ActiveDefenseRange,0
UNIT_ELITE_FIGHTER,20,flag,EnableCarrierDefenses,
UNIT_ELITE_FIGHTER,21,flag,LossMoveToDmgNone,
UNIT_ELITE_FIGHTER,22,flag,NoFuelThenCrash,
UNIT_ELITE_FIGHTER,23,kv,MaxFuel,3000
UNIT_ELITE_FIGHTER,24,flag,IgnoreZOC,
UNIT_ELITE_FIGHTER,25,flag,NoZoc,
UNIT_ELITE_FIGHTER,26,flag,CanBeachAssault,
UNIT_ELITE_FIGHTER,27,flag,CantCaptureCity,
UNIT_ELITE_FIGHTER,28,flag,DeathEffectsHappy,
UNIT_ELITE_FIGHTER,29,flag,Explodes,
UNIT_ELITE_FIGHTER,30,flag,OnlyBuildOne,
UNIT_ELITE_FIGHTER,31,kv,SoundSelect1,SOUND_SELECT1_FIGHTER
UNIT_ELITE_FIGHTER,32,kv,SoundSelect2,SOUND_SELECT2_FIGHTER
UNIT_ELITE_FIGHTER,33,kv,SoundMove,SOUND_MOVE_FIGHTER
UNIT_ELITE_FIGHTER,34,kv,SoundAcknowledge,SOUND_ACKNOWLEDGE_FIGHTER
UNIT_ELITE_FIGHTER,35,kv,SoundCantMove,SOUND_CANTMOVE_FIGHTER
UNIT_ELITE_FIGHTER,36,kv,SoundAttack,SOUND_ATTACK_FIGHTER
UNIT_ELITE_FIGHTER,37,kv,SoundWork,SOUND_WORK_FIGHTER
UNIT_ELITE_FIGHTER,38,kv,SoundVictory,SOUND_VICTORY_FIGHTER
UNIT_ELITE_FIGHTER,39,kv,SoundDeath,SOUND_DEATH_FIGHTER
UNIT_ELITE_FIGHTER,40,sublist,CanAttack,Air
UNIT_ELITE_FIGHTER,41,sublist,CanAttack,Land
UNIT_ELITE_FIGHTER,42,sublist,CanAttack,Mountain
UNIT_ELITE_FIGHTER,43,sublist,CanAttack,Sea
UNIT_ELITE_FIGHTER,44,sublist,CanAttack,ShallowWater
UNIT_ELITE_FIGHTER,45,sublist,CanSee,Standard
UNIT_ELITE_FIGHTER,46,sublist,MovementType,Air
UNIT_ELITE_FIGHTER,47,sublist,Size,Medium
UNIT_ELITE_FIGHTER,48,sublist,VisionClass,Standard
UNIT_ELITE_INFANTRYMAN,0,flag,CantBuild,
UNIT_ELITE_INFANTRYMAN,1,kv,Description,DESCRIPTION_UNIT_INFANTRYMAN
UNIT_ELITE_INFANTRYMAN,2,kv,DefaultIcon,ICON_UNIT_ELITE_INFANTRYMAN
UNIT_ELITE_INFANTRYMAN,3,kv,DefaultSprite,SPRITE_ELITE_INFANTRYMAN
UNIT_ELITE_INFANTRYMAN,4,kv,Category,UNIT_CATEGORY_DEFENSE
UNIT_ELITE_INFANTRYMAN,5,kv,Attack,70
UNIT_ELITE_INFANTRYMAN,6,kv,Defense,60
UNIT_ELITE_INFANTRYMAN,7,kv,ZBRangeAttack,50
UNIT_ELITE_INFANTRYMAN,8,kv,Firepower,3
UNIT_ELITE_INFANTRYMAN,9,kv,Armor,1
UNIT_ELITE_INFANTRYMAN,10,kv,MaxHP,25
UNIT_ELITE_INFANTRYMAN,11,kv,ShieldCost,1700
UNIT_ELITE_INFANTRYMAN,12,kv,PowerPoints,70
UNIT_ELITE_INFANTRYMAN,13,kv,ShieldHunger,22
UNIT_ELITE_INFANTRYMAN,14,kv,FoodHunger,0
UNIT_ELITE_INFANTRYMAN,15,kv,MaxMovePoints,200
UNIT_ELITE_INFANTRYMAN,16,kv,VisionRange,2
UNIT_ELITE_INFANTRYMAN,17,kv,EnableAdvance,ADVANCE_MILITARY_TRADITION
UNIT_ELITE_INFANTRYMAN,18,kv,ActiveDefenseRange,0
UNIT_ELITE_INFANTRYMAN,19,flag,LossMoveToDmgNone,
UNIT_ELITE_INFANTRYMAN,20,kv,MaxFuel,0
UNIT_ELITE_INFANTRYMAN,21,flag,CanEntrench,
UNIT_ELITE_INFANTRYMAN,22,flag,CanExpel,
UNIT_ELITE_INFANTRYMAN,23,flag,CanPillage,
UNIT_ELITE_INFANTRYMAN,24,flag,CanPirate,
UNIT_ELITE_INFANTRYMAN,25,flag,ExertsMartialLaw,
UNIT_ELITE_INFANTRYMAN,26,flag,DeathEffectsHappy,
UNIT_ELITE_INFANTRYMAN,27,flag,OnlyBuildOne,
UNIT_ELITE_INFANTRYMAN,28,kv,SoundSelect1,SOUND_SELECT1_MARINES
UNIT_ELITE_INFANTRYMAN,29,kv,SoundSelect2,SOUND_SELECT2_MARINES
UNIT_ELITE_INFANTRYMAN,30,kv,SoundMove,SOUND_MOVE_MARINES
UNIT_ELITE_INFANTRYMAN,31,kv,SoundAcknowledge,SOUND_ACKNOWLEDGE_MARINES
UNIT_ELITE_INFANTRYMAN,32,kv,SoundCantMove,SOUND_CANTMOVE_MARINES
UNIT_ELITE_INFANTRYMAN,33,kv,SoundAttack,SOUND_ATTACK_MARINES
UNIT_ELITE_INFANTRYMAN,34,kv,SoundWork,SOUND_WORK_MARINES
UNIT_ELITE_INFANTRYMAN,35,kv,SoundVictory,SOUND_VICTORY_MARINES
UNIT_ELITE_INFANTRYMAN,36,kv,SoundDeath,SOUND_DEATH_MARINES
UNIT_ELITE_INFANTRYMAN,37,sublist,CanAttack,Land
UNIT_ELITE_INFANTRYMAN,38,sublist,CanAttack,Mountain
UNIT_ELITE_INFANTRYMAN,39,sublist,CanSee,Standard
UNIT_ELITE_INFANTRYMAN,40,sublist,MovementType,Land
UNIT_ELITE_INFANTRYMAN,41,sublist,MovementType,Mountain
UNIT_ELITE_INFANTRYMAN,42,sublist,Size,Medium
UNIT_ELITE_INFANTRYMAN,43,sublist,VisionClass,Standard
UNIT_ELITE_INFANTRYMAN,44,nested,CanReform,"[{""t"": ""kv"", ""k"": ""Sound"", ""v"": ""SOUND_ID_REFORM_CITY""}, {""t"": ""kv"", ""k"": ""Effect"", ""v"": ""SPECEFFECT_REFORMCITY""}]"
UNIT_ELITE_INTERCEPTOR,0,flag,CantBuild,
UNIT_ELITE_INTERCEPTOR,1,kv,Description,DESCRIPTION_UNIT_INTERCEPTOR
UNIT_ELITE_INTERCEPTOR,2,kv,DefaultIcon,ICON_UNIT_ELITE_INTERCEPTOR
UNIT_ELITE_INTERCEPTOR,3,kv,DefaultSprite,SPRITE_ELITE_INTERCEPTOR
UNIT_ELITE_INTERCEPTOR,4,kv,Category,UNIT_CATEGORY_AERIAL
UNIT_ELITE_INTERCEPTOR,5,kv,Attack,70
UNIT_ELITE_INTERCEPTOR,6,kv,Defense,65
UNIT_ELITE_INTERCEPTOR,7,kv,ZBRangeAttack,70
UNIT_ELITE_INTERCEPTOR,8,kv,Firepower,4
UNIT_ELITE_INTERCEPTOR,9,kv,Armor,2
UNIT_ELITE_INTERCEPTOR,10,kv,MaxHP,28
UNIT_ELITE_INTERCEPTOR,11,kv,ShieldCost,3500
UNIT_ELITE_INTERCEPTOR,12,kv,PowerPoints,30
UNIT_ELITE_INTERCEPTOR,13,kv,ShieldHunger,44
UNIT_ELITE_INTERCEPTOR,14,kv,FoodHunger,0
UNIT_ELITE_INTERCEPTOR,15,kv,MaxMovePoints,1200
UNIT_ELITE_INTERCEPTOR,16,kv,VisionRange,4
UNIT_ELITE_INTERCEPTOR,17,kv,EnableAdvance,ADVANCE_SUPERSONIC_FLIGHT
UNIT_ELITE_INTERCEPTOR,18,kv,ObsoleteAdvance,ADVANCE_AI_SURVEILLANCE
UNIT_ELITE_INTERCEPTOR,19,kv,ActiveDefenseRange,0
UNIT_ELITE_INTERCEPTOR,20,flag,EnableCarrierDefenses,
UNIT_ELITE_INTERCEPTOR,21,flag,LossMoveToDmgNone,
UNIT_ELITE_INTERCEPTOR,22,flag,NoFuelThenCrash,
UNIT_ELITE_INTERCEPTOR,23,kv,MaxFuel,3600
UNIT_ELITE_INTERCEPTOR,24,flag,IgnoreZOC,
UNIT_ELITE_INTERCEPTOR,25,flag,NoZoc,
UNIT_ELITE_INTERCEPTOR,26,flag,CanBeachAssault,
UNIT_ELITE_INTERCEPTOR,27,flag,CantCaptureCity,
UNIT_ELITE_INTERCEPTOR,28,flag,DeathEffectsHappy,
UNIT_ELITE_INTERCEPTOR,29,flag,Explodes,
UNIT_ELITE_INTERCEPTOR,30,flag,OnlyBuildOne,
UNIT_ELITE_INTERCEPTOR,31,kv,SoundSelect1,SOUND_SELECT1_INTERCEPTORS
UNIT_ELITE_INTERCEPTOR,32,kv,SoundSelect2,SOUND_SELECT2_INTERCEPTORS
UNIT_ELITE_INTERCEPTOR,33,kv,SoundMove,SOUND_MOVE_INTERCEPTORS
UNIT_ELITE_INTERCEPTOR,34,kv,SoundAcknowledge,SOUND_ACKNOWLEDGE_INTERCEPTORS
UNIT_ELITE_INTERCEPTOR,35,kv,SoundCantMove,SOUND_CANTMOVE_INTERCEPTORS
UNIT_ELITE_INTERCEPTOR,36,kv,SoundAttack,SOUND_ATTACK_INTERCEPTORS
UNIT_ELITE_INTERCEPTOR,37,kv,SoundWork,SOUND_WORK_INTERCEPTORS
UNIT_ELITE_INTERCEPTOR,38,kv,SoundVictory,SOUND_VICTORY_INTERCEPTORS
UNIT_ELITE_INTERCEPTOR,39,kv,SoundDeath,SOUND_DEATH_INTERCEPTORS
UNIT_ELITE_INTERCEPTOR,40,sublist,CanAttack,Land
UNIT_ELITE_INTERCEPTOR,41,sublist,CanAttack,Mountain
UNIT_ELITE_INTERCEPTOR,42,sublist,CanAttack,Air
UNIT_ELITE_INTERCEPTOR,43,sublist,CanAttack,Sea
UNIT_ELITE_INTERCEPTOR,44,sublist,CanAttack,ShallowWater
UNIT_ELITE_INTERCEPTOR,45,sublist,CanSee,Standard
UNIT_ELITE_INTERCEPTOR,46,sublist,MovementType,Air
UNIT_ELITE_INTERCEPTOR,47,sublist,Size,Medium
UNIT_ELITE_INTERCEPTOR,48,sublist,VisionClass,Standard
UNIT_ELITE_MACHINE_GUNNER,0,flag,CantBuild,
UNIT_ELITE_MACHINE_GUNNER,1,kv,Description,DESCRIPTION_UNIT_MACHINE_GUNNER
UNIT_ELITE_MACHINE_GUNNER,2,kv,DefaultIcon,ICON_UNIT_ELITE_MACHINE_GUNNER
UNIT_ELITE_MACHINE_GUNNER,3,kv,DefaultSprite,SPRITE_ELITE_MACHINE_GUNNER
UNIT_ELITE_MACHINE_GUNNER,4,kv,Category,UNIT_CATEGORY_ATTACK
UNIT_ELITE_MACHINE_GUNNER,5,kv,Attack,55
UNIT_ELITE_MACHINE_GUNNER,6,kv,Defense,55
UNIT_ELITE_MACHINE_GUNNER,7,kv,ZBRangeAttack,45
UNIT_ELITE_MACHINE_GUNNER,8,kv,Firepower,3
UNIT_ELITE_MACHINE_GUNNER,9,kv,Armor,1
UNIT_ELITE_MACHINE_GUNNER,10,kv,MaxHP,22
UNIT_ELITE_MACHINE_GUNNER,11,kv,ShieldCost,1700
UNIT_ELITE_MACHINE_GUNNER,12,kv,PowerPoints,70
UNIT_ELITE_MACHINE_GUNNER,13,kv,ShieldHunger,18
UNIT_ELITE_MACHINE_GUNNER,14,kv,FoodHunger,0
UNIT_ELITE_MACHINE_GUNNER,15,kv,MaxMovePoints,200
UNIT_ELITE_MACHINE_GUNNER,16,kv,VisionRange,2
UNIT_ELITE_MACHINE_GUNNER,17,kv,EnableAdvance,ADVANCE_MASS_PRODUCTION
UNIT_ELITE_MACHINE_GUNNER,18,kv,ObsoleteAdvance,ADVANCE_CHAOS_THEORY
UNIT_ELITE_MACHINE_GUNNER,19,kv,ActiveDefenseRange,0
UNIT_ELITE_MACHINE_GUNNER,20,flag,LossMoveToDmgNone,
UNIT_ELITE_MACHINE_GUNNER,21,kv,MaxFuel,0
UNIT_ELITE_MACHINE_GUNNER,22,flag,CanEntrench,
UNIT_ELITE_MACHINE_GUNNER,23,flag,CanExpel,
UNIT_ELITE_MACHINE_GUNNER,24,flag,CanPillage,
UNIT_ELITE_MACHINE_GUNNER,25,flag,CanPirate,
UNIT_ELITE_MACHINE_GUNNER,26,flag,ExertsMartialLaw,
UNIT_ELITE_MACHINE_GUNNER,27,flag,DeathEffectsHappy,
UNIT_ELITE_MACHINE_GUNNER,28,flag,OnlyBuildOne,
UNIT_ELITE_MACHINE_GUNNER,29,kv,SoundSelect1,SOUND_SELECT1_MACHINE_GUNNER
UNIT_ELITE_MACHINE_GUNNER,30,kv,SoundSelect2,SOUND_SELECT2_MACHINE_GUNNER
UNIT_ELITE_MACHINE_GUNNER,31,kv,SoundMove,SOUND_MOVE_MACHINE_GUNNER
UNIT_ELITE_MACHINE_GUNNER,32,kv,SoundAcknowledge,SOUND_ACKNOWLEDGE_MACHINE_GUNNER
UNIT_ELITE_MACHINE_GUNNER,33,kv,SoundCantMove,SOUND_CANTMOVE_MACHINE_GUNNER
UNIT_ELITE_MACHINE_GUNNER,34,kv,SoundAttack,SOUND_ATTACK_MACHINE_GUNNER
UNIT_ELITE_MACHINE_GUNNER,35,kv,SoundWork,SOUND_WORK_MACHINE_GUNNER
UNIT_ELITE_MACHINE_GUNNER,36,kv,SoundVictory,SOUND_VICTORY_MACHINE_GUNNER
UNIT_ELITE_MACHINE_GUNNER,37,kv,SoundDeath,SOUND_DEATH_MACHINE_GUNNER
UNIT_ELITE_MACHINE_GUNNER,38,sublist,CanAttack,Land
UNIT_ELITE_MACHINE_GUNNER,39,sublist,CanAttack,Mountain
UNIT_ELITE_MACHINE_GUNNER,40,sublist,CanSee,Standard
UNIT_ELITE_MACHINE_GUNNER,41,sublist,MovementType,Land
UNIT_ELITE_MACHINE_GUNNER,42,sublist,MovementType,Mountain
UNIT_ELITE_MACHINE_GUNNER,43,sublist,Size,Medium
UNIT_ELITE_MACHINE_GUNNER,44,sublist,VisionClass,Standard
UNIT_ELITE_MACHINE_GUNNER,45,nested,CanReform,"[{""t"": ""kv"", ""k"": ""Sound"", ""v"": ""SOUND_ID_REFORM_CITY""}, {""t"": ""kv"", ""k"": ""Effect"", ""v"": ""SPECEFFECT_REFORMCITY""}]"
UNIT_ELITE_MARINE,0,flag,CantBuild,
UNIT_ELITE_MARINE,1,kv,Description,DESCRIPTION_UNIT_MARINE
UNIT_ELITE_MARINE,2,kv,DefaultIcon,ICON_UNIT_ELITE_MARINE
UNIT_ELITE_MARINE,3,kv,DefaultSprite,SPRITE_ELITE_MARINE
UNIT_ELITE_MARINE,4,kv,Category,UNIT_CATEGORY_ATTACK
UNIT_ELITE_MARINE,5,kv,Attack,70
UNIT_ELITE_MARINE,6,kv,Defense,55
UNIT_ELITE_MARINE,7,kv,ZBRangeAttack,50
UNIT_ELITE_MARINE,8,kv,Firepower,3
UNIT_ELITE_MARINE,9,kv,Armor,1
UNIT_ELITE_MARINE,10,kv,MaxHP,25
UNIT_ELITE_MARINE,11,kv,ShieldCost,2250
UNIT_ELITE_MARINE,12,kv,PowerPoints,70
UNIT_ELITE_MARINE,13,kv,ShieldHunger,28
UNIT_ELITE_MARINE,14,kv,FoodHunger,0
UNIT_ELITE_MARINE,15,kv,MaxMovePoints,300
UNIT_ELITE_MARINE,16,kv,VisionRange,2
UNIT_ELITE_MARINE,17,kv,EnableAdvance,ADVANCE_ADV_INFANTRY_TACTICS
UNIT_ELITE_MARINE,18,kv,ActiveDefenseRange,0
UNIT_ELITE_MARINE,19,flag,LossMoveToDmgNone,
UNIT_ELITE_MARINE,20,kv,MaxFuel,0
UNIT_ELITE_MARINE,21,flag,CanEntrench,
UNIT_ELITE_MARINE,22,flag,CanBeachAssault,
UNIT_ELITE_MARINE,23,flag,CanExpel,
UNIT_ELITE_MARINE,24,flag,CanPillage,
UNIT_ELITE_MARINE,25,flag,CanPirate,
UNIT_ELITE_MARINE,26,flag,ExertsMartialLaw,
UNIT_ELITE_MARINE,27,flag,DeathEffectsHappy,
UNIT_ELITE_MARINE,28,flag,IsSpecialForces,
UNIT_ELITE_MARINE,29,flag,OnlyBuildOne,
UNIT_ELITE_MARINE,30,kv,SoundSelect1,SOUND_SELECT1_MARINES
UNIT_ELITE_MARINE,31,kv,SoundSelect2,SOUND_SELECT2_MARINES
UNIT_ELITE_MARINE,32,kv,SoundMove,SOUND_MOVE_MARINES
UNIT_ELITE_MARINE,33,kv,SoundAcknowledge,SOUND_ACKNOWLEDGE_MARINES
UNIT_ELITE_MARINE,34,kv,SoundCantMove,SOUND_CANTMOVE_MARINES
UNIT_ELITE_MARINE,35,kv,SoundAttack,SOUND_ATTACK_MARINES
UNIT_ELITE_MARINE,36,kv,SoundWork,SOUND_WORK_MARINES
UNIT_ELITE_MARINE,37,kv,SoundVictory,SOUND_VICTORY_MARINES
UNIT_ELITE_MARINE,38,kv,SoundDeath,SOUND_DEATH_MARINES
UNIT_ELITE_MARINE,39,sublist,CanAttack,Land
UNIT_ELITE_MARINE,40,sublist,CanAttack,Mountain
UNIT_ELITE_MARINE,41,sublist,CanSee,Standard
UNIT_ELITE_MARINE,42,sublist,MovementType,Land
UNIT_ELITE_MARINE,43,sublist,MovementType,Mountain
UNIT_ELITE_MARINE,44,sublist,Size,Medium
UNIT_ELITE_MARINE,45,sublist,VisionClass,Standard
UNIT_ELITE_MARINE,46,nested,CanReform,"[{""t"": ""kv"", ""k"": ""Sound"", ""v"": ""SOUND_ID_REFORM_CITY""}, {""t"": ""kv"", ""k"": ""Effect"", ""v"": ""SPECEFFECT_REFORMCITY""}]"
UNIT_ELITE_MECHANISED_INFANTRY,0,flag,CantBuild,
UNIT_ELITE_MECHANISED_INFANTRY,1,kv,Description,DESCRIPTION_UNIT_HOVER_INFANTRY
UNIT_ELITE_MECHANISED_INFANTRY,2,kv,DefaultIcon,ICON_UNIT_ELITE_MECHANISED_INFANTRY
UNIT_ELITE_MECHANISED_INFANTRY,3,kv,DefaultSprite,SPRITE_ELITE_MECHANISED_INFANTRY
UNIT_ELITE_MECHANISED_INFANTRY,4,kv,Category,UNIT_CATEGORY_DEFENSE
UNIT_ELITE_MECHANISED_INFANTRY,5,kv,Attack,60
UNIT_ELITE_MECHANISED_INFANTRY,6,kv,Defense,70
UNIT_ELITE_MECHANISED_INFANTRY,7,kv,ZBRangeAttack,45
UNIT_ELITE_MECHANISED_INFANTRY,8,kv,Firepower,3
UNIT_ELITE_MECHANISED_INFANTRY,9,kv,Armor,2
UNIT_ELITE_MECHANISED_INFANTRY,10,kv,MaxHP,27
UNIT_ELITE_MECHANISED_INFANTRY,11,kv,ShieldCost,2700
UNIT_ELITE_MECHANISED_INFANTRY,12,kv,PowerPoints,70
UNIT_ELITE_MECHANISED_INFANTRY,13,kv,ShieldHunger,32
UNIT_ELITE_MECHANISED_INFANTRY,14,kv,FoodHunger,0
UNIT_ELITE_MECHANISED_INFANTRY,15,kv,MaxMovePoints,300
UNIT_ELITE_MECHANISED_INFANTRY,16,kv,VisionRange,2
UNIT_ELITE_MECHANISED_INFANTRY,17,kv,EnableAdvance,ADVANCE_FIBRE_OPTICS
UNIT_ELITE_MECHANISED_INFANTRY,18,kv,ObsoleteAdvance,ADVANCE_CHAOS_THEORY
UNIT_ELITE_MECHANISED_INFANTRY,19,kv,ActiveDefenseRange,0
UNIT_ELITE_MECHANISED_INFANTRY,20,flag,LossMoveToDmgNone,
UNIT_ELITE_MECHANISED_INFANTRY,21,kv,MaxFuel,0
UNIT_ELITE_MECHANISED_INFANTRY,22,flag,CanEntrench,
UNIT_ELITE_MECHANISED_INFANTRY,23,flag,CanExpel,
UNIT_ELITE_MECHANISED_INFANTRY,24,flag,CanPillage,
UNIT_ELITE_MECHANISED_INFANTRY,25,flag,CanPirate,
UNIT_ELITE_MECHANISED_INFANTRY,26,flag,ExertsMartialLaw,
UNIT_ELITE_MECHANISED_INFANTRY,27,flag,DeathEffectsHappy,
UNIT_ELITE_MECHANISED_INFANTRY,28,flag,OnlyBuildOne,
UNIT_ELITE_MECHANISED_INFANTRY,29,kv,SoundSelect1,SOUND_SELECT1_HOVER_INFANTRY
UNIT_ELITE_MECHANISED_INFANTRY,30,kv,SoundSelect2,SOUND_SELECT2_HOVER_INFANTRY
UNIT_ELITE_MECHANISED_INFANTRY,31,kv,SoundMove,SOUND_MOVE_HOVER_INFANTRY
UNIT_ELITE_MECHANISED_INFANTRY,32,kv,SoundAcknowledge,SOUND_ACKNOWLEDGE_HOVER_INFANTRY
UNIT_ELITE_MECHANISED_INFANTRY,33,kv,SoundCantMove,SOUND_CANTMOVE_HOVER_INFANTRY
UNIT_ELITE_MECHANISED_INFANTRY,34,kv,SoundAttack,SOUND_ATTACK_HOVER_INFANTRY
UNIT_ELITE_MECHANISED_INFANTRY,35,kv,SoundWork,SOUND_WORK_HOVER_INFANTRY
UNIT_ELITE_MECHANISED_INFANTRY,36,kv,SoundVictory,SOUND_VICTORY_HOVER_INFANTRY
UNIT_ELITE_MECHANISED_INFANTRY,37,kv,SoundDeath,SOUND_DEATH_HOVER_INFANTRY
UNIT_ELITE_MECHANISED_INFANTRY,38,sublist,CanAttack,Land
UNIT_ELITE_MECHANISED_INFANTRY,39,sublist,CanAttack,Mountain
UNIT_ELITE_MECHANISED_INFANTRY,40,sublist,CanSee,Standard
UNIT_ELITE_MECHANISED_INFANTRY,41,sublist,MovementType,Land
UNIT_ELITE_MECHANISED_INFANTRY,42,sublist,MovementType,Mountain
UNIT_ELITE_MECHANISED_INFANTRY,43,sublist,Size,Medium
UNIT_ELITE_MECHANISED_INFANTRY,44,sublist,VisionClass,Standard
UNIT_ELITE_MECHANISED_INFANTRY,45,nested,CanReform,"[{""t"": ""kv"", ""k"": ""Sound"", ""v"": ""SOUND_ID_REFORM_CITY""}, {""t"": ""kv"", ""k"": ""Effect"", ""v"": ""SPECEFFECT_REFORMCITY""}]"
UNIT_ELITE_MUSKETMAN,0,flag,CantBuild,
UNIT_ELITE_MUSKETMAN,1,kv,Description,DESCRIPTION_UNIT_INFANTRYMAN
UNIT_ELITE_MUSKETMAN,2,kv,DefaultIcon,ICON_UNIT_ELITE_MUSKETMAN
UNIT_ELITE_MUSKETMAN,3,kv,DefaultSprite,SPRITE_ELITE_MUSKETMAN
UNIT_ELITE_MUSKETMAN,4,kv,Category,UNIT_CATEGORY_ATTACK
UNIT_ELITE_MUSKETMAN,5,kv,Attack,50
UNIT_ELITE_MUSKETMAN,6,kv,Defense,45
UNIT_ELITE_MUSKETMAN,7,kv,ZBRangeAttack,45
UNIT_ELITE_MUSKETMAN,8,kv,Firepower,2
UNIT_ELITE_MUSKETMAN,9,kv,Armor,1
UNIT_ELITE_MUSKETMAN,10,kv,MaxHP,20
UNIT_ELITE_MUSKETMAN,11,kv,ShieldCost,1150
UNIT_ELITE_MUSKETMAN,12,kv,PowerPoints,70
UNIT_ELITE_MUSKETMAN,13,kv,ShieldHunger,17
UNIT_ELITE_MUSKETMAN,14,kv,FoodHunger,0
UNIT_ELITE_MUSKETMAN,15,kv,MaxMovePoints,100
UNIT_ELITE_MUSKETMAN,16,kv,VisionRange,2
UNIT_ELITE_MUSKETMAN,17,kv,EnableAdvance,ADVANCE_FLINTLOCK
UNIT_ELITE_MUSKETMAN,18,kv,ObsoleteAdvance,ADVANCE_REPLACEABLE_PARTS
UNIT_ELITE_MUSKETMAN,19,kv,ActiveDefenseRange,0
UNIT_ELITE_MUSKETMAN,20,flag,LossMoveToDmgNone,
UNIT_ELITE_MUSKETMAN,21,kv,MaxFuel,0
UNIT_ELITE_MUSKETMAN,22,flag,CanEntrench,
UNIT_ELITE_MUSKETMAN,23,flag,CanExpel,
UNIT_ELITE_MUSKETMAN,24,flag,CanPillage,
UNIT_ELITE_MUSKETMAN,25,flag,CanPirate,
UNIT_ELITE_MUSKETMAN,26,flag,ExertsMartialLaw,
UNIT_ELITE_MUSKETMAN,27,flag,DeathEffectsHappy,
UNIT_ELITE_MUSKETMAN,28,flag,OnlyBuildOne,
UNIT_ELITE_MUSKETMAN,29,kv,SoundSelect1,SOUND_SELECT1_INFANTRYMAN
UNIT_ELITE_MUSKETMAN,30,kv,SoundSelect2,SOUND_SELECT2_INFANTRYMAN
UNIT_ELITE_MUSKETMAN,31,kv,SoundMove,SOUND_MOVE_INFANTRYMAN
UNIT_ELITE_MUSKETMAN,32,kv,SoundAcknowledge,SOUND_ACKNOWLEDGE_INFANTRYMAN
UNIT_ELITE_MUSKETMAN,33,kv,SoundCantMove,SOUND_CANTMOVE_INFANTRYMAN
UNIT_ELITE_MUSKETMAN,34,kv,SoundAttack,SOUND_ATTACK_INFANTRYMAN
UNIT_ELITE_MUSKETMAN,35,kv,SoundWork,SOUND_WORK_INFANTRYMAN
UNIT_ELITE_MUSKETMAN,36,kv,SoundVictory,SOUND_VICTORY_INFANTRYMAN
UNIT_ELITE_MUSKETMAN,37,kv,SoundDeath,SOUND_DEATH_INFANTRYMAN
UNIT_ELITE_MUSKETMAN,38,sublist,CanAttack,Land
UNIT_ELITE_MUSKETMAN,39,sublist,CanAttack,Mountain
UNIT_ELITE_MUSKETMAN,40,sublist,CanSee,Standard
UNIT_ELITE_MUSKETMAN,41,sublist,MovementType,Land
UNIT_ELITE_MUSKETMAN,42,sublist,MovementType,Mountain
UNIT_ELITE_MUSKETMAN,43,sublist,Size,Medium
UNIT_ELITE_MUSKETMAN,44,sublist,VisionClass,Standard
UNIT_ELITE_MUSKETMAN,45,nested,CanReform,"[{""t"": ""kv"", ""k"": ""Sound"", ""v"": ""SOUND_ID_REFORM_CITY""}, {""t"": ""kv"", ""k"": ""Effect"", ""v"": ""SPECEFFECT_REFORMCITY""}]"
UNIT_ELITE_PARATROOPER,0,flag,CantBuild,
UNIT_ELITE_PARATROOPER,1,kv,Description,DESCRIPTION_UNIT_PARATROOPER
UNIT_ELITE_PARATROOPER,2,kv,DefaultIcon,ICON_UNIT_ELITE_PARATROOPER
UNIT_ELITE_PARATROOPER,3,kv,DefaultSprite,SPRITE_ELITE_PARATROOPER
UNIT_ELITE_PARATROOPER,4,kv,Category,UNIT_CATEGORY_ATTACK
UNIT_ELITE_PARATROOPER,5,kv,Attack,65
UNIT_ELITE_PARATROOPER,6,kv,Defense,45
UNIT_ELITE_PARATROOPER,7,kv,ZBRangeAttack,45
UNIT_ELITE_PARATROOPER,8,kv,Firepower,3
UNIT_ELITE_PARATROOPER,9,kv,Armor,1
UNIT_ELITE_PARATROOPER,10,kv,MaxHP,22
UNIT_ELITE_PARATROOPER,11,kv,ShieldCost,2400
UNIT_ELITE_PARATROOPER,12,kv,PowerPoints,70
UNIT_ELITE_PARATROOPER,13,kv,ShieldHunger,28
UNIT_ELITE_PARATROOPER,14,kv,FoodHunger,0
UNIT_ELITE_PARATROOPER,15,kv,MaxMovePoints,300
UNIT_ELITE_PARATROOPER,16,kv,VisionRange,2
UNIT_ELITE_PARATROOPER,17,kv,EnableAdvance,ADVANCE_ADV_INFANTRY_TACTICS
UNIT_ELITE_PARATROOPER,18,kv,ActiveDefenseRange,0
UNIT_ELITE_PARATROOPER,19,flag,LossMoveToDmgNone,
UNIT_ELITE_PARATROOPER,20,kv,MaxFuel,0
UNIT_ELITE_PARATROOPER,21,flag,CanEntrench,
UNIT_ELITE_PARATROOPER,22,flag,CanExpel,
UNIT_ELITE_PARATROOPER,23,flag,CanPillage,
UNIT_ELITE_PARATROOPER,24,flag,CanPirate,
UNIT_ELITE_PARATROOPER,25,flag,ExertsMartialLaw,
UNIT_ELITE_PARATROOPER,26,flag,DeathEffectsHappy,
UNIT_ELITE_PARATROOPER,27,flag,IsSpecialForces,
UNIT_ELITE_PARATROOPER,28,flag,Paratrooper,
UNIT_ELITE_PARATROOPER,29,flag,OnlyBuildOne,
UNIT_ELITE_PARATROOPER,30,kv,SoundSelect1,SOUND_SELECT1_PARATROOPER
UNIT_ELITE_PARATROOPER,31,kv,SoundSelect2,SOUND_SELECT2_PARATROOPER
UNIT_ELITE_PARATROOPER,32,kv,SoundMove,SOUND_MOVE_PARATROOPER
UNIT_ELITE_PARATROOPER,33,kv,SoundAcknowledge,SOUND_ACKNOWLEDGE_PARATROOPER
UNIT_ELITE_PARATROOPER,34,kv,SoundCantMove,SOUND_CANTMOVE_PARATROOPER
UNIT_ELITE_PARATROOPER,35,kv,SoundAttack,SOUND_ATTACK_PARATROOPER
UNIT_ELITE_PARATROOPER,36,kv,SoundWork,SOUND_WORK_PARATROOPER
UNIT_ELITE_PARATROOPER,37,kv,SoundVictory,SOUND_VICTORY_PARATROOPER
UNIT_ELITE_PARATROOPER,38,kv,SoundDeath,SOUND_DEATH_PARATROOPER
UNIT_ELITE_PARATROOPER,39,sublist,CanAttack,Land
UNIT_ELITE_PARATROOPER,40,sublist,CanAttack,Mountain
UNIT_ELITE_PARATROOPER,41,sublist,CanSee,Standard
UNIT_ELITE_PARATROOPER,42,sublist,MovementType,Land
UNIT_ELITE_PARATROOPER,43,sublist,MovementType,Mountain
UNIT_ELITE_PARATROOPER,44,sublist,Size,Small
UNIT_ELITE_PARATROOPER,45,sublist,VisionClass,Standard
UNIT_ELITE_PARATROOPER,46,nested,CanReform,"[{""t"": ""kv"", ""k"": ""Sound"", ""v"": ""SOUND_ID_REFORM_CITY""}, {""t"": ""kv"", ""k"": ""Effect"", ""v"": ""SPECEFFECT_REFORMCITY""}]"
UNIT_ELITE_RADAR_ARTILLERY,0,flag,CantBuild,
UNIT_ELITE_RADAR_ARTILLERY,1,kv,Description,DESCRIPTION_UNIT_ARTILLERY
UNIT_ELITE_RADAR_ARTILLERY,2,kv,DefaultIcon,ICON_UNIT_ELITE_RADAR_ARTILLERY
UNIT_ELITE_RADAR_ARTILLERY,3,kv,DefaultSprite,SPRITE_ELITE_RADAR_ARTILLERY
UNIT_ELITE_RADAR_ARTILLERY,4,kv,Category,UNIT_CATEGORY_RANGED
UNIT_ELITE_RADAR_ARTILLERY,5,kv,Attack,35
UNIT_ELITE_RADAR_ARTILLERY,6,kv,Defense,50
UNIT_ELITE_RADAR_ARTILLERY,7,kv,ZBRangeAttack,105
UNIT_ELITE_RADAR_ARTILLERY,8,kv,Firepower,3
UNIT_ELITE_RADAR_ARTILLERY,9,kv,Armor,2
UNIT_ELITE_RADAR_ARTILLERY,10,kv,MaxHP,17
UNIT_ELITE_RADAR_ARTILLERY,11,kv,ShieldCost,3000
UNIT_ELITE_RADAR_ARTILLERY,12,kv,PowerPoints,52
UNIT_ELITE_RADAR_ARTILLERY,13,kv,ShieldHunger,34
UNIT_ELITE_RADAR_ARTILLERY,14,kv,FoodHunger,0
UNIT_ELITE_RADAR_ARTILLERY,15,kv,MaxMovePoints,300
UNIT_ELITE_RADAR_ARTILLERY,16,kv,VisionRange,2
UNIT_ELITE_RADAR_ARTILLERY,17,kv,EnableAdvance,ADVANCE_COMPUTER
UNIT_ELITE_RADAR_ARTILLERY,18,kv,BombRounds,5
UNIT_ELITE_RADAR_ARTILLERY,19,kv,BombardRange,1
UNIT_ELITE_RADAR_ARTILLERY,20,flag,CanCounterBombard,
UNIT_ELITE_RADAR_ARTILLERY,21,kv,ActiveDefenseRange,0
UNIT_ELITE_RADAR_ARTILLERY,22,flag,LossMoveToDmgNone,
UNIT_ELITE_RADAR_ARTILLERY,23,kv,MaxFuel,0
UNIT_ELITE_RADAR_ARTILLERY,24,flag,CanEntrench,
UNIT_ELITE_RADAR_ARTILLERY,25,flag,CanExpel,
UNIT_ELITE_RADAR_ARTILLERY,26,flag,CanPillage,
UNIT_ELITE_RADAR_ARTILLERY,27,flag,CanPirate,
UNIT_ELITE_RADAR_ARTILLERY,28,flag,ExertsMartialLaw,
UNIT_ELITE_RADAR_ARTILLERY,29,flag,DeathEffectsHappy,
UNIT_ELITE_RADAR_ARTILLERY,30,flag,Explodes,
UNIT_ELITE_RADAR_ARTILLERY,31,flag,OnlyBuildOne,
UNIT_ELITE_RADAR_ARTILLERY,32,kv,SoundSelect1,SOUND_SELECT1_ARTILLERY
UNIT_ELITE_RADAR_ARTILLERY,33,kv,SoundSelect2,SOUND_SELECT2_ARTILLERY
UNIT_ELITE_RADAR_ARTILLERY,34,kv,SoundMove,SOUND_MOVE_ARTILLERY
UNIT_ELITE_RADAR_ARTILLERY,35,kv,SoundAcknowledge,SOUND_ACKNOWLEDGE_ARTILLERY
UNIT_ELITE_RADAR_ARTILLERY,36,kv,SoundCantMove,SOUND_CANTMOVE_ARTILLERY
UNIT_ELITE_RADAR_ARTILLERY,37,kv,SoundAttack,SOUND_ATTACK_ARTILLERY
UNIT_ELITE_RADAR_ARTILLERY,38,kv,SoundWork,SOUND_WORK_ARTILLERY
UNIT_ELITE_RADAR_ARTILLERY,39,kv,SoundVictory,SOUND_VICTORY_ARTILLERY
UNIT_ELITE_RADAR_ARTILLERY,40,kv,SoundDeath,SOUND_DEATH_ARTILLERY
UNIT_ELITE_RADAR_ARTILLERY,41,sublist,CanAttack,Air
UNIT_ELITE_RADAR_ARTILLERY,42,sublist,CanAttack,Land
UNIT_ELITE_RADAR_ARTILLERY,43,sublist,CanBombard,Land
UNIT_ELITE_RADAR_ARTILLERY,44,sublist,CanBombard,Mountain
UNIT_ELITE_RADAR_ARTILLERY,45,sublist,CanBombard,Water
UNIT_ELITE_RADAR_ARTILLERY,46,sublist,CanBombard,Air
UNIT_ELITE_RADAR_ARTILLERY,47,sublist,CanSee,Standard
UNIT_ELITE_RADAR_ARTILLERY,48,sublist,MovementType,Land
UNIT_ELITE_RADAR_ARTILLERY,49,sublist,Size,Medium
UNIT_ELITE_RADAR_ARTILLERY,50,sublist,VisionClass,Standard
UNIT_ELITE_RADAR_ARTILLERY,51,nested,CanReform,"[{""t"": ""kv"", ""k"": ""Sound"", ""v"": ""SOUND_ID_REFORM_CITY""}, {""t"": ""kv"", ""k"": ""Effect"", ""v"": ""SPECEFFECT_REFORMCITY""}]"
UNIT_ELITE_RIFLEMAN,0,flag,CantBuild,
UNIT_ELITE_RIFLEMAN,1,kv,Description,DESCRIPTION_UNIT_INFANTRYMAN
UNIT_ELITE_RIFLEMAN,2,kv,DefaultIcon,ICON_UNIT_ELITE_RIFLEMAN
UNIT_ELITE_RIFLEMAN,3,kv,DefaultSprite,SPRITE_ELITE_RIFLEMAN
UNIT_ELITE_RIFLEMAN,4,kv,Category,UNIT_CATEGORY_ATTACK
UNIT_ELITE_RIFLEMAN,5,kv,Attack,50
UNIT_ELITE_RIFLEMAN,6,kv,Defense,45
UNIT_ELITE_RIFLEMAN,7,kv,ZBRangeAttack,40
UNIT_ELITE_RIFLEMAN,8,kv,Firepower,3
UNIT_ELITE_RIFLEMAN,9,kv,Armor,1
UNIT_ELITE_RIFLEMAN,10,kv,MaxHP,20
UNIT_ELITE_RIFLEMAN,11,kv,ShieldCost,1400
UNIT_ELITE_RIFLEMAN,12,kv,PowerPoints,70
UNIT_ELITE_RIFLEMAN,13,kv,ShieldHunger,18
UNIT_ELITE_RIFLEMAN,14,kv,FoodHunger,0
UNIT_ELITE_RIFLEMAN,15,kv,MaxMovePoints,100
UNIT_ELITE_RIFLEMAN,16,kv,VisionRange,2
UNIT_ELITE_RIFLEMAN,17,kv,EnableAdvance,ADVANCE_REPLACEABLE_PARTS
UNIT_ELITE_RIFLEMAN,18,kv,ObsoleteAdvance,ADVANCE_MASS_PRODUCTION
UNIT_ELITE_RIFLEMAN,19,kv,ActiveDefenseRange,0
UNIT_ELITE_RIFLEMAN,20,flag,LossMoveToDmgNone,
UNIT_ELITE_RIFLEMAN,21,kv,MaxFuel,0
UNIT_ELITE_RIFLEMAN,22,flag,CanEntrench,
UNIT_ELITE_RIFLEMAN,23,flag,CanBeachAssault,
UNIT_ELITE_RIFLEMAN,24,flag,CanExpel,
UNIT_ELITE_RIFLEMAN,25,flag,CanPillage,
UNIT_ELITE_RIFLEMAN,26,flag,CanPirate,
UNIT_ELITE_RIFLEMAN,27,flag,ExertsMartialLaw,
UNIT_ELITE_RIFLEMAN,28,flag,DeathEffectsHappy,
UNIT_ELITE_RIFLEMAN,29,flag,OnlyBuildOne,
UNIT_ELITE_RIFLEMAN,30,kv,SoundSelect1,SOUND_SELECT1_INFANTRYMAN
UNIT_ELITE_RIFLEMAN,31,kv,SoundSelect2,SOUND_SELECT2_INFANTRYMAN
UNIT_ELITE_RIFLEMAN,32,kv,SoundMove,SOUND_MOVE_INFANTRYMAN
UNIT_ELITE_RIFLEMAN,33,kv,SoundAcknowledge,SOUND_ACKNOWLEDGE_INFANTRYMAN
UNIT_ELITE_RIFLEMAN,34,kv,SoundCantMove,SOUND_CANTMOVE_INFANTRYMAN
UNIT_ELITE_RIFLEMAN,35,kv,SoundAttack,SOUND_ATTACK_INFANTRYMAN
UNIT_ELITE_RIFLEMAN,36,kv,SoundWork,SOUND_WORK_INFANTRYMAN
UNIT_ELITE_RIFLEMAN,37,kv,SoundVictory,SOUND_VICTORY_INFANTRYMAN
UNIT_ELITE_RIFLEMAN,38,kv,SoundDeath,SOUND_DEATH_INFANTRYMAN
UNIT_ELITE_RIFLEMAN,39,sublist,CanAttack,Land
UNIT_ELITE_RIFLEMAN,40,sublist,CanAttack,Mountain
UNIT_ELITE_RIFLEMAN,41,sublist,CanSee,Standard
UNIT_ELITE_RIFLEMAN,42,sublist,MovementType,Land
UNIT_ELITE_RIFLEMAN,43,sublist,MovementType,Mountain
UNIT_ELITE_RIFLEMAN,44,sublist,Size,Medium
UNIT_ELITE_RIFLEMAN,45,sublist,VisionClass,Standard
UNIT_ELITE_RIFLEMAN,46,nested,CanReform,"[{""t"": ""kv"", ""k"": ""Sound"", ""v"": ""SOUND_ID_REFORM_CITY""}, {""t"": ""kv"", ""k"": ""Effect"", ""v"": ""SPECEFFECT_REFORMCITY""}]"
UNIT_ELITE_TANK,0,flag,CantBuild,
UNIT_ELITE_TANK,1,kv,Description,DESCRIPTION_UNIT_TANK
UNIT_ELITE_TANK,2,kv,DefaultIcon,ICON_UNIT_ELITE_TANK
UNIT_ELITE_TANK,3,kv,DefaultSprite,SPRITE_ELITE_TANK
UNIT_ELITE_TANK,4,kv,Category,UNIT_CATEGORY_FLANKER
UNIT_ELITE_TANK,5,kv,Attack,70
UNIT_ELITE_TANK,6,kv,Defense,50
UNIT_ELITE_TANK,7,kv,ZBRangeAttack,55
UNIT_ELITE_TANK,8,kv,Firepower,3
UNIT_ELITE_TANK,9,kv,Armor,2
UNIT_ELITE_TANK,10,kv,MaxHP,20
UNIT_ELITE_TANK,11,kv,ShieldCost,2900
UNIT_ELITE_TANK,12,kv,PowerPoints,60
UNIT_ELITE_TANK,13,kv,ShieldHunger,35
UNIT_ELITE_TANK,14,kv,FoodHunger,0
UNIT_ELITE_TANK,15,kv,MaxMovePoints,400
UNIT_ELITE_TANK,16,kv,VisionRange,2
UNIT_ELITE_TANK,17,kv,EnableAdvance,ADVANCE_MOBILE_WARFARE
UNIT_ELITE_TANK,18,kv,ObsoleteAdvance,ADVANCE_TANK_WARFARE
UNIT_ELITE_TANK,19,kv,ActiveDefenseRange,0
UNIT_ELITE_TANK,20,flag,LossMoveToDmgNone,
UNIT_ELITE_TANK,21,kv,MaxFuel,0
UNIT_ELITE_TANK,22,flag,CanEntrench,
UNIT_ELITE_TANK,23,flag,CanExpel,
UNIT_ELITE_TANK,24,flag,CanPillage,
UNIT_ELITE_TANK,25,flag,CanPirate,
UNIT_ELITE_TANK,26,flag,ExertsMartialLaw,
UNIT_ELITE_TANK,27,flag,DeathEffectsHappy,
UNIT_ELITE_TANK,28,flag,IsFlanker,
UNIT_ELITE_TANK,29,flag,IsMounted,
UNIT_ELITE_TANK,30,flag,Explodes,
UNIT_ELITE_TANK,31,flag,OnlyBuildOne,
UNIT_ELITE_TANK,32,kv,SoundSelect1,SOUND_SELECT1_TANK
UNIT_ELITE_TANK,33,kv,SoundSelect2,SOUND_SELECT2_TANK
UNIT_ELITE_TANK,34,kv,SoundMove,SOUND_MOVE_TANK
UNIT_ELITE_TANK,35,kv,SoundAcknowledge,SOUND_ACKNOWLEDGE_TANK
UNIT_ELITE_TANK,36,kv,SoundCantMove,SOUND_CANTMOVE_TANK
UNIT_ELITE_TANK,37,kv,SoundAttack,SOUND_ATTACK_TANK
UNIT_ELITE_TANK,38,kv,SoundWork,SOUND_WORK_TANK
UNIT_ELITE_TANK,39,kv,SoundVictory,SOUND_VICTORY_TANK
UNIT_ELITE_TANK,40,kv,SoundDeath,SOUND_DEATH_TANK
UNIT_ELITE_TANK,41,sublist,CanAttack,Land
UNIT_ELITE_TANK,42,sublist,CanSee,Standard
UNIT_ELITE_TANK,43,sublist,MovementType,Land
UNIT_ELITE_TANK,44,sublist,Size,Medium
UNIT_ELITE_TANK,45,sublist,VisionClass,Standard
UNIT_ELITE_TANK,46,nested,CanReform,"[{""t"": ""kv"", ""k"": ""Sound"", ""v"": ""SOUND_ID_REFORM_CITY""}, {""t"": ""kv"", ""k"": ""Effect"", ""v"": ""SPECEFFECT_REFORMCITY""}]"
UNIT_COLUMN_BUILDER,0,flag,CantBuild,
UNIT_COLUMN_BUILDER,1,kv,Description,DESCRIPTION_UNIT_HOPLITE
UNIT_COLUMN_BUILDER,2,kv,DefaultIcon,ICON_UNIT_COLUMN_BUILDER
UNIT_COLUMN_BUILDER,3,kv,DefaultSprite,SPRITE_COLUMN_BUILDER
UNIT_COLUMN_BUILDER,4,kv,Category,UNIT_CATEGORY_DEFENSE
UNIT_COLUMN_BUILDER,5,kv,Attack,5
UNIT_COLUMN_BUILDER,6,kv,Defense,5
UNIT_COLUMN_BUILDER,7,kv,ZBRangeAttack,0
UNIT_COLUMN_BUILDER,8,kv,Firepower,1
UNIT_COLUMN_BUILDER,9,kv,Armor,1
UNIT_COLUMN_BUILDER,10,kv,MaxHP,9
UNIT_COLUMN_BUILDER,11,kv,ShieldCost,500
UNIT_COLUMN_BUILDER,12,kv,PowerPoints,70
UNIT_COLUMN_BUILDER,13,kv,ShieldHunger,1
UNIT_COLUMN_BUILDER,14,kv,FoodHunger,0
UNIT_COLUMN_BUILDER,15,kv,MaxMovePoints,200
UNIT_COLUMN_BUILDER,16,kv,VisionRange,1
UNIT_COLUMN_BUILDER,17,kv,EnableAdvance,ADVANCE_HEXTAPUL
UNIT_COLUMN_BUILDER,18,kv,ActiveDefenseRange,0
UNIT_COLUMN_BUILDER,19,flag,LossMoveToDmgNone,
UNIT_COLUMN_BUILDER,20,kv,MaxFuel,0
UNIT_COLUMN_BUILDER,21,flag,CanEntrench,
UNIT_COLUMN_BUILDER,22,flag,CanExpel,
UNIT_COLUMN_BUILDER,23,flag,CanPillage,
UNIT_COLUMN_BUILDER,24,flag,CanPirate,
UNIT_COLUMN_BUILDER,25,flag,ExertsMartialLaw,
UNIT_COLUMN_BUILDER,26,flag,DeathEffectsHappy,
UNIT_COLUMN_BUILDER,27,flag,BuildingRemovesAPop,
UNIT_COLUMN_BUILDER,28,flag,OnlyBuildOne,
UNIT_COLUMN_BUILDER,29,kv,SoundSelect1,SOUND_SELECT1_HOPLITE
UNIT_COLUMN_BUILDER,30,kv,SoundSelect2,SOUND_SELECT2_HOPLITE
UNIT_COLUMN_BUILDER,31,kv,SoundMove,SOUND_MOVE_HOPLITE
UNIT_COLUMN_BUILDER,32,kv,SoundAcknowledge,SOUND_ACKNOWLEDGE_HOPLITE
UNIT_COLUMN_BUILDER,33,kv,SoundCantMove,SOUND_CANTMOVE_HOPLITE
UNIT_COLUMN_BUILDER,34,kv,SoundAttack,SOUND_ATTACK_HOPLITE
UNIT_COLUMN_BUILDER,35,kv,SoundWork,SOUND_WORK_HOPLITE
UNIT_COLUMN_BUILDER,36,kv,SoundVictory,SOUND_VICTORY_HOPLITE
UNIT_COLUMN_BUILDER,37,kv,SoundDeath,SOUND_DEATH_HOPLITE
UNIT_COLUMN_BUILDER,38,sublist,CanAttack,Land
UNIT_COLUMN_BUILDER,39,sublist,CanAttack,Mountain
UNIT_COLUMN_BUILDER,40,sublist,CanSee,Standard
UNIT_COLUMN_BUILDER,41,sublist,MovementType,Land
UNIT_COLUMN_BUILDER,42,sublist,MovementType,Mountain
UNIT_COLUMN_BUILDER,43,sublist,Size,Medium
UNIT_COLUMN_BUILDER,44,sublist,VisionClass,Standard
UNIT_COLUMN_BUILDER,45,nested,CanReform,"[{""t"": ""kv"", ""k"": ""Sound"", ""v"": ""SOUND_ID_REFORM_CITY""}, {""t"": ""kv"", ""k"": ""Effect"", ""v"": ""SPECEFFECT_REFORMCITY""}]"
UNIT_ARCH_BUILDER,0,flag,CantBuild,
UNIT_ARCH_BUILDER,1,kv,Description,DESCRIPTION_UNIT_HOPLITE
UNIT_ARCH_BUILDER,2,kv,DefaultIcon,ICON_UNIT_ARCH_BUILDER
UNIT_ARCH_BUILDER,3,kv,DefaultSprite,SPRITE_ARCH_BUILDER
UNIT_ARCH_BUILDER,4,kv,Category,UNIT_CATEGORY_DEFENSE
UNIT_ARCH_BUILDER,5,kv,Attack,5
UNIT_ARCH_BUILDER,6,kv,Defense,5
UNIT_ARCH_BUILDER,7,kv,ZBRangeAttack,0
UNIT_ARCH_BUILDER,8,kv,Firepower,1
UNIT_ARCH_BUILDER,9,kv,Armor,1
UNIT_ARCH_BUILDER,10,kv,MaxHP,9
UNIT_ARCH_BUILDER,11,kv,ShieldCost,500
UNIT_ARCH_BUILDER,12,kv,PowerPoints,70
UNIT_ARCH_BUILDER,13,kv,ShieldHunger,1
UNIT_ARCH_BUILDER,14,kv,FoodHunger,0
UNIT_ARCH_BUILDER,15,kv,MaxMovePoints,200
UNIT_ARCH_BUILDER,16,kv,VisionRange,1
UNIT_ARCH_BUILDER,17,kv,EnableAdvance,ADVANCE_HEXTAPUL
UNIT_ARCH_BUILDER,18,kv,ActiveDefenseRange,0
UNIT_ARCH_BUILDER,19,flag,LossMoveToDmgNone,
UNIT_ARCH_BUILDER,20,kv,MaxFuel,0
UNIT_ARCH_BUILDER,21,flag,CanEntrench,
UNIT_ARCH_BUILDER,22,flag,CanExpel,
UNIT_ARCH_BUILDER,23,flag,CanPillage,
UNIT_ARCH_BUILDER,24,flag,CanPirate,
UNIT_ARCH_BUILDER,25,flag,ExertsMartialLaw,
UNIT_ARCH_BUILDER,26,flag,DeathEffectsHappy,
UNIT_ARCH_BUILDER,27,flag,BuildingRemovesAPop,
UNIT_ARCH_BUILDER,28,flag,OnlyBuildOne,
UNIT_ARCH_BUILDER,29,kv,SoundSelect1,SOUND_SELECT1_HOPLITE
UNIT_ARCH_BUILDER,30,kv,SoundSelect2,SOUND_SELECT2_HOPLITE
UNIT_ARCH_BUILDER,31,kv,SoundMove,SOUND_MOVE_HOPLITE
UNIT_ARCH_BUILDER,32,kv,SoundAcknowledge,SOUND_ACKNOWLEDGE_HOPLITE
UNIT_ARCH_BUILDER,33,kv,SoundCantMove,SOUND_CANTMOVE_HOPLITE
UNIT_ARCH_BUILDER,34,kv,SoundAttack,SOUND_ATTACK_HOPLITE
UNIT_ARCH_BUILDER,35,kv,SoundWork,SOUND_WORK_HOPLITE
UNIT_ARCH_BUILDER,36,kv,SoundVictory,SOUND_VICTORY_HOPLITE
UNIT_ARCH_BUILDER,37,kv,SoundDeath,SOUND_DEATH_HOPLITE
UNIT_ARCH_BUILDER,38,sublist,CanAttack,Land
UNIT_ARCH_BUILDER,39,sublist,CanAttack,Mountain
UNIT_ARCH_BUILDER,40,sublist,CanSee,Standard
UNIT_ARCH_BUILDER,41,sublist,MovementType,Land
UNIT_ARCH_BUILDER,42,sublist,MovementType,Mountain
UNIT_ARCH_BUILDER,43,sublist,Size,Medium
UNIT_ARCH_BUILDER,44,sublist,VisionClass,Standard
UNIT_ARCH_BUILDER,45,nested,CanReform,"[{""t"": ""kv"", ""k"": ""Sound"", ""v"": ""SOUND_ID_REFORM_CITY""}, {""t"": ""kv"", ""k"": ""Effect"", ""v"": ""SPECEFFECT_REFORMCITY""}]"
UNIT_FORTRESS_BUILDER,0,kv,Description,DESCRIPTION_UNIT_HOPLITE
UNIT_FORTRESS_BUILDER,1,kv,DefaultIcon,ICON_UNIT_FORTRESS_BUILDER
UNIT_FORTRESS_BUILDER,2,kv,DefaultSprite,SPRITE_FORTRESS_BUILDER
UNIT_FORTRESS_BUILDER,3,kv,Category,UNIT_CATEGORY_DEFENSE
UNIT_FORTRESS_BUILDER,4,kv,Attack,5
UNIT_FORTRESS_BUILDER,5,kv,Defense,5
UNIT_FORTRESS_BUILDER,6,kv,ZBRangeAttack,0
UNIT_FORTRESS_BUILDER,7,kv,Firepower,1
UNIT_FORTRESS_BUILDER,8,kv,Armor,1
UNIT_FORTRESS_BUILDER,9,kv,MaxHP,9
UNIT_FORTRESS_BUILDER,10,kv,ShieldCost,1800
UNIT_FORTRESS_BUILDER,11,kv,PowerPoints,70
UNIT_FORTRESS_BUILDER,12,kv,ShieldHunger,1
UNIT_FORTRESS_BUILDER,13,kv,FoodHunger,0
UNIT_FORTRESS_BUILDER,14,kv,MaxMovePoints,200
UNIT_FORTRESS_BUILDER,15,kv,VisionRange,1
UNIT_FORTRESS_BUILDER,16,kv,EnableAdvance,ADVANCE_DARK_AGES
UNIT_FORTRESS_BUILDER,17,kv,ActiveDefenseRange,0
UNIT_FORTRESS_BUILDER,18,flag,LossMoveToDmgNone,
UNIT_FORTRESS_BUILDER,19,kv,MaxFuel,0
UNIT_FORTRESS_BUILDER,20,flag,CanEntrench,
UNIT_FORTRESS_BUILDER,21,flag,CanExpel,
UNIT_FORTRESS_BUILDER,22,flag,CanPillage,
UNIT_FORTRESS_BUILDER,23,flag,CanPirate,
UNIT_FORTRESS_BUILDER,24,flag,ExertsMartialLaw,
UNIT_FORTRESS_BUILDER,25,flag,DeathEffectsHappy,
UNIT_FORTRESS_BUILDER,26,flag,BuildingRemovesAPop,
UNIT_FORTRESS_BUILDER,27,flag,OnlyBuildOne,
UNIT_FORTRESS_BUILDER,28,kv,SoundSelect1,SOUND_SELECT1_HOPLITE
UNIT_FORTRESS_BUILDER,29,kv,SoundSelect2,SOUND_SELECT2_HOPLITE
UNIT_FORTRESS_BUILDER,30,kv,SoundMove,SOUND_MOVE_HOPLITE
UNIT_FORTRESS_BUILDER,31,kv,SoundAcknowledge,SOUND_ACKNOWLEDGE_HOPLITE
UNIT_FORTRESS_BUILDER,32,kv,SoundCantMove,SOUND_CANTMOVE_HOPLITE
UNIT_FORTRESS_BUILDER,33,kv,SoundAttack,SOUND_ATTACK_HOPLITE
UNIT_FORTRESS_BUILDER,34,kv,SoundWork,SOUND_WORK_HOPLITE
UNIT_FORTRESS_BUILDER,35,kv,SoundVictory,SOUND_VICTORY_HOPLITE
UNIT_FORTRESS_BUILDER,36,kv,SoundDeath,SOUND_DEATH_HOPLITE
UNIT_FORTRESS_BUILDER,37,sublist,CanAttack,Land
UNIT_FORTRESS_BUILDER,38,sublist,CanAttack,Mountain
UNIT_FORTRESS_BUILDER,39,sublist,CanSee,Standard
UNIT_FORTRESS_BUILDER,40,sublist,MovementType,Land
UNIT_FORTRESS_BUILDER,41,sublist,MovementType,Mountain
UNIT_FORTRESS_BUILDER,42,sublist,Size,Medium
UNIT_FORTRESS_BUILDER,43,sublist,VisionClass,Standard
UNIT_FORTRESS_BUILDER,44,nested,CanReform,"[{""t"": ""kv"", ""k"": ""Sound"", ""v"": ""SOUND_ID_REFORM_CITY""}, {""t"": ""kv"", ""k"": ""Effect"", ""v"": ""SPECEFFECT_REFORMCITY""}]"
UNIT_SCIENCE_BUILDER,0,flag,CantBuild,
UNIT_SCIENCE_BUILDER,1,kv,Description,DESCRIPTION_UNIT_HOPLITE
UNIT_SCIENCE_BUILDER,2,kv,DefaultIcon,ICON_UNIT_SCIENCE_BUILDER
UNIT_SCIENCE_BUILDER,3,kv,DefaultSprite,SPRITE_SCIENCE_BUILDER
UNIT_SCIENCE_BUILDER,4,kv,Category,UNIT_CATEGORY_DEFENSE
UNIT_SCIENCE_BUILDER,5,kv,Attack,5
UNIT_SCIENCE_BUILDER,6,kv,Defense,5
UNIT_SCIENCE_BUILDER,7,kv,ZBRangeAttack,0
UNIT_SCIENCE_BUILDER,8,kv,Firepower,1
UNIT_SCIENCE_BUILDER,9,kv,Armor,1
UNIT_SCIENCE_BUILDER,10,kv,MaxHP,9
UNIT_SCIENCE_BUILDER,11,kv,ShieldCost,500
UNIT_SCIENCE_BUILDER,12,kv,PowerPoints,70
UNIT_SCIENCE_BUILDER,13,kv,ShieldHunger,1
UNIT_SCIENCE_BUILDER,14,kv,FoodHunger,0
UNIT_SCIENCE_BUILDER,15,kv,MaxMovePoints,200
UNIT_SCIENCE_BUILDER,16,kv,VisionRange,1
UNIT_SCIENCE_BUILDER,17,kv,EnableAdvance,ADVANCE_HEXTAPUL
UNIT_SCIENCE_BUILDER,18,kv,ActiveDefenseRange,0
UNIT_SCIENCE_BUILDER,19,flag,LossMoveToDmgNone,
UNIT_SCIENCE_BUILDER,20,kv,MaxFuel,0
UNIT_SCIENCE_BUILDER,21,flag,CanEntrench,
UNIT_SCIENCE_BUILDER,22,flag,CanExpel,
UNIT_SCIENCE_BUILDER,23,flag,CanPillage,
UNIT_SCIENCE_BUILDER,24,flag,CanPirate,
UNIT_SCIENCE_BUILDER,25,flag,ExertsMartialLaw,
UNIT_SCIENCE_BUILDER,26,flag,DeathEffectsHappy,
UNIT_SCIENCE_BUILDER,27,flag,BuildingRemovesAPop,
UNIT_SCIENCE_BUILDER,28,flag,OnlyBuildOne,
UNIT_SCIENCE_BUILDER,29,kv,SoundSelect1,SOUND_SELECT1_HOPLITE
UNIT_SCIENCE_BUILDER,30,kv,SoundSelect2,SOUND_SELECT2_HOPLITE
UNIT_SCIENCE_BUILDER,31,kv,SoundMove,SOUND_MOVE_HOPLITE
UNIT_SCIENCE_BUILDER,32,kv,SoundAcknowledge,SOUND_ACKNOWLEDGE_HOPLITE
UNIT_SCIENCE_BUILDER,33,kv,SoundCantMove,SOUND_CANTMOVE_HOPLITE
UNIT_SCIENCE_BUILDER,34,kv,SoundAttack,SOUND_ATTACK_HOPLITE
UNIT_SCIENCE_BUILDER,35,kv,SoundWork,SOUND_WORK_HOPLITE
UNIT_SCIENCE_BUILDER,36,kv,SoundVictory,SOUND_VICTORY_HOPLITE
UNIT_SCIENCE_BUILDER,37,kv,SoundDeath,SOUND_DEATH_HOPLITE
UNIT_SCIENCE_BUILDER,38,sublist,CanAttack,Land
UNIT_SCIENCE_BUILDER,39,sublist,CanAttack,Mountain
UNIT_SCIENCE_BUILDER,40,sublist,CanSee,Standard
UNIT_SCIENCE_BUILDER,41,sublist,MovementType,Land
UNIT_SCIENCE_BUILDER,42,sublist,MovementType,Mountain
UNIT_SCIENCE_BUILDER,43,sublist,Size,Medium
UNIT_SCIENCE_BUILDER,44,sublist,VisionClass,Standard
UNIT_SCIENCE_BUILDER,45,nested,CanReform,"[{""t"": ""kv"", ""k"": ""Sound"", ""v"": ""SOUND_ID_REFORM_CITY""}, {""t"": ""kv"", ""k"": ""Effect"", ""v"": ""SPECEFFECT_REFORMCITY""}]"
UNIT_PEACE_BUILDER,0,flag,CantBuild,
UNIT_PEACE_BUILDER,1,kv,Description,DESCRIPTION_UNIT_HOPLITE
UNIT_PEACE_BUILDER,2,kv,DefaultIcon,ICON_UNIT_PEACE_BUILDER
UNIT_PEACE_BUILDER,3,kv,DefaultSprite,SPRITE_PEACE_BUILDER
UNIT_PEACE_BUILDER,4,kv,Category,UNIT_CATEGORY_DEFENSE
UNIT_PEACE_BUILDER,5,kv,Attack,5
UNIT_PEACE_BUILDER,6,kv,Defense,5
UNIT_PEACE_BUILDER,7,kv,ZBRangeAttack,0
UNIT_PEACE_BUILDER,8,kv,Firepower,1
UNIT_PEACE_BUILDER,9,kv,Armor,1
UNIT_PEACE_BUILDER,10,kv,MaxHP,9
UNIT_PEACE_BUILDER,11,kv,ShieldCost,500
UNIT_PEACE_BUILDER,12,kv,PowerPoints,70
UNIT_PEACE_BUILDER,13,kv,ShieldHunger,1
UNIT_PEACE_BUILDER,14,kv,FoodHunger,0
UNIT_PEACE_BUILDER,15,kv,MaxMovePoints,200
UNIT_PEACE_BUILDER,16,kv,VisionRange,1
UNIT_PEACE_BUILDER,17,kv,EnableAdvance,ADVANCE_HEXTAPUL
UNIT_PEACE_BUILDER,18,kv,ActiveDefenseRange,0
UNIT_PEACE_BUILDER,19,flag,LossMoveToDmgNone,
UNIT_PEACE_BUILDER,20,kv,MaxFuel,0
UNIT_PEACE_BUILDER,21,flag,CanEntrench,
UNIT_PEACE_BUILDER,22,flag,CanExpel,
UNIT_PEACE_BUILDER,23,flag,CanPillage,
UNIT_PEACE_BUILDER,24,flag,CanPirate,
UNIT_PEACE_BUILDER,25,flag,ExertsMartialLaw,
UNIT_PEACE_BUILDER,26,flag,DeathEffectsHappy,
UNIT_PEACE_BUILDER,27,flag,BuildingRemovesAPop,
UNIT_PEACE_BUILDER,28,flag,OnlyBuildOne,
UNIT_PEACE_BUILDER,29,kv,SoundSelect1,SOUND_SELECT1_HOPLITE
UNIT_PEACE_BUILDER,30,kv,SoundSelect2,SOUND_SELECT2_HOPLITE
UNIT_PEACE_BUILDER,31,kv,SoundMove,SOUND_MOVE_HOPLITE
UNIT_PEACE_BUILDER,32,kv,SoundAcknowledge,SOUND_ACKNOWLEDGE_HOPLITE
UNIT_PEACE_BUILDER,33,kv,SoundCantMove,SOUND_CANTMOVE_HOPLITE
UNIT_PEACE_BUILDER,34,kv,SoundAttack,SOUND_ATTACK_HOPLITE
UNIT_PEACE_BUILDER,35,kv,SoundWork,SOUND_WORK_HOPLITE
UNIT_PEACE_BUILDER,36,kv,SoundVictory,SOUND_VICTORY_HOPLITE
UNIT_PEACE_BUILDER,37,kv,SoundDeath,SOUND_DEATH_HOPLITE
UNIT_PEACE_BUILDER,38,sublist,CanAttack,Land
UNIT_PEACE_BUILDER,39,sublist,CanAttack,Mountain
UNIT_PEACE_BUILDER,40,sublist,CanSee,Standard
UNIT_PEACE_BUILDER,41,sublist,MovementType,Land
UNIT_PEACE_BUILDER,42,sublist,MovementType,Mountain
UNIT_PEACE_BUILDER,43,sublist,Size,Medium
UNIT_PEACE_BUILDER,44,sublist,VisionClass,Standard
UNIT_PEACE_BUILDER,45,nested,CanReform,"[{""t"": ""kv"", ""k"": ""Sound"", ""v"": ""SOUND_ID_REFORM_CITY""}, {""t"": ""kv"", ""k"": ""Effect"", ""v"": ""SPECEFFECT_REFORMCITY""}]"
UNIT_TRANSPORT,0,flag,CantBuild,
UNIT_TRANSPORT,1,kv,Description,DESCRIPTION_UNIT_GALLEY
UNIT_TRANSPORT,2,kv,DefaultIcon,ICON_UNIT_TRANSPORT
UNIT_TRANSPORT,3,kv,DefaultSprite,SPRITE_TRANSPORT
UNIT_TRANSPORT,4,kv,Category,UNIT_CATEGORY_NAVAL
UNIT_TRANSPORT,5,kv,Attack,5
UNIT_TRANSPORT,6,kv,Defense,10
UNIT_TRANSPORT,7,kv,ZBRangeAttack,0
UNIT_TRANSPORT,8,kv,Firepower,1
UNIT_TRANSPORT,9,kv,Armor,1
UNIT_TRANSPORT,10,kv,MaxHP,10
UNIT_TRANSPORT,11,kv,ShieldCost,140
UNIT_TRANSPORT,12,kv,PowerPoints,10
UNIT_TRANSPORT,13,kv,ShieldHunger,1
UNIT_TRANSPORT,14,kv,FoodHunger,0
UNIT_TRANSPORT,15,kv,MaxMovePoints,400
UNIT_TRANSPORT,16,kv,VisionRange,1
UNIT_TRANSPORT,17,kv,EnableAdvance,ADVANCE_HEXTAPUL
UNIT_TRANSPORT,18,kv,ActiveDefenseRange,0
UNIT_TRANSPORT,19,flag,LossMoveToDmgNone,
UNIT_TRANSPORT,20,kv,MaxFuel,0
UNIT_TRANSPORT,21,flag,CanExpel,
UNIT_TRANSPORT,22,flag,CanPillage,
UNIT_TRANSPORT,23,flag,CanPirate,
UNIT_TRANSPORT,24,flag,CantCaptureCity,
UNIT_TRANSPORT,25,flag,DeathEffectsHappy,
UNIT_TRANSPORT,26,flag,WoodenShip,
UNIT_TRANSPORT,27,flag,OnlyBuildOne,
UNIT_TRANSPORT,28,kv,SoundSelect1,SOUND_SELECT1_GREEK_FIRE_TRIREME
UNIT_TRANSPORT,29,kv,SoundSelect2,SOUND_SELECT2_GREEK_FIRE_TRIREME
UNIT_TRANSPORT,30,kv,SoundMove,SOUND_MOVE_GREEK_FIRE_TRIREME
UNIT_TRANSPORT,31,kv,SoundAcknowledge,SOUND_ACKNOWLEDGE_GREEK_FIRE_TRIREME
UNIT_TRANSPORT,32,kv,SoundCantMove,SOUND_CANTMOVE_GREEK_FIRE_TRIREME
UNIT_TRANSPORT,33,kv,SoundAttack,SOUND_ATTACK_GREEK_FIRE_TRIREME
UNIT_TRANSPORT,34,kv,SoundWork,SOUND_WORK_GREEK_FIRE_TRIREME
UNIT_TRANSPORT,35,kv,SoundVictory,SOUND_VICTORY_GREEK_FIRE_TRIREME
UNIT_TRANSPORT,36,kv,SoundDeath,SOUND_DEATH_GREEK_FIRE_TRIREME
UNIT_TRANSPORT,37,sublist,CanAttack,Sea
UNIT_TRANSPORT,38,sublist,CanAttack,ShallowWater
UNIT_TRANSPORT,39,sublist,CanCarry,MedLand
UNIT_TRANSPORT,40,sublist,MovementType,ShallowWater
UNIT_TRANSPORT,41,sublist,Size,Large
UNIT_TRANSPORT,42,sublist,VisionClass,Standard
UNIT_TRANSPORT,43,nested,CanReform,"[{""t"": ""kv"", ""k"": ""Sound"", ""v"": ""SOUND_ID_REFORM_CITY""}, {""t"": ""kv"", ""k"": ""Effect"", ""v"": ""SPECEFFECT_REFORMCITY""}]"
UNIT_ASSAULT,0,flag,CantBuild,
UNIT_ASSAULT,1,kv,Description,DESCRIPTION_UNIT_GALLEY
UNIT_ASSAULT,2,kv,DefaultIcon,ICON_UNIT_ASSAULT
UNIT_ASSAULT,3,kv,DefaultSprite,SPRITE_ASSAULT
UNIT_ASSAULT,4,kv,Category,UNIT_CATEGORY_NAVAL
UNIT_ASSAULT,5,kv,Attack,5
UNIT_ASSAULT,6,kv,Defense,10
UNIT_ASSAULT,7,kv,ZBRangeAttack,0
UNIT_ASSAULT,8,kv,Firepower,1
UNIT_ASSAULT,9,kv,Armor,1
UNIT_ASSAULT,10,kv,MaxHP,10
UNIT_ASSAULT,11,kv,ShieldCost,140
UNIT_ASSAULT,12,kv,PowerPoints,10
UNIT_ASSAULT,13,kv,ShieldHunger,1
UNIT_ASSAULT,14,kv,FoodHunger,0
UNIT_ASSAULT,15,kv,MaxMovePoints,400
UNIT_ASSAULT,16,kv,VisionRange,1
UNIT_ASSAULT,17,kv,EnableAdvance,ADVANCE_HEXTAPUL
UNIT_ASSAULT,18,kv,ActiveDefenseRange,0
UNIT_ASSAULT,19,flag,LossMoveToDmgNone,
UNIT_ASSAULT,20,kv,MaxFuel,0
UNIT_ASSAULT,21,flag,CanExpel,
UNIT_ASSAULT,22,flag,CanPillage,
UNIT_ASSAULT,23,flag,CanPirate,
UNIT_ASSAULT,24,flag,CantCaptureCity,
UNIT_ASSAULT,25,flag,DeathEffectsHappy,
UNIT_ASSAULT,26,flag,WoodenShip,
UNIT_ASSAULT,27,flag,OnlyBuildOne,
UNIT_ASSAULT,28,kv,SoundSelect1,SOUND_SELECT1_GREEK_FIRE_TRIREME
UNIT_ASSAULT,29,kv,SoundSelect2,SOUND_SELECT2_GREEK_FIRE_TRIREME
UNIT_ASSAULT,30,kv,SoundMove,SOUND_MOVE_GREEK_FIRE_TRIREME
UNIT_ASSAULT,31,kv,SoundAcknowledge,SOUND_ACKNOWLEDGE_GREEK_FIRE_TRIREME
UNIT_ASSAULT,32,kv,SoundCantMove,SOUND_CANTMOVE_GREEK_FIRE_TRIREME
UNIT_ASSAULT,33,kv,SoundAttack,SOUND_ATTACK_GREEK_FIRE_TRIREME
UNIT_ASSAULT,34,kv,SoundWork,SOUND_WORK_GREEK_FIRE_TRIREME
UNIT_ASSAULT,35,kv,SoundVictory,SOUND_VICTORY_GREEK_FIRE_TRIREME
UNIT_ASSAULT,36,kv,SoundDeath,SOUND_DEATH_GREEK_FIRE_TRIREME
UNIT_ASSAULT,37,sublist,CanAttack,Sea
UNIT_ASSAULT,38,sublist,CanAttack,ShallowWater
UNIT_ASSAULT,39,sublist,CanSee,Standard
UNIT_ASSAULT,40,sublist,MovementType,ShallowWater
UNIT_ASSAULT,41,sublist,Size,Large
UNIT_ASSAULT,42,sublist,VisionClass,Standard
UNIT_ASSAULT,43,nested,CanReform,"[{""t"": ""kv"", ""k"": ""Sound"", ""v"": ""SOUND_ID_REFORM_CITY""}, {""t"": ""kv"", ""k"": ""Effect"", ""v"": ""SPECEFFECT_REFORMCITY""}]"
UNIT_FISHING_FLEET,0,kv,Description,DESCRIPTION_UNIT_GALLEY
UNIT_FISHING_FLEET,1,kv,DefaultIcon,ICON_UNIT_FISHING_FLEET
UNIT_FISHING_FLEET,2,kv,DefaultSprite,SPRITE_FISHING_FLEET
UNIT_FISHING_FLEET,3,kv,Category,UNIT_CATEGORY_NAVAL
UNIT_FISHING_FLEET,4,kv,Attack,5
UNIT_FISHING_FLEET,5,kv,Defense,10
UNIT_FISHING_FLEET,6,kv,ZBRangeAttack,0
UNIT_FISHING_FLEET,7,kv,Firepower,1
UNIT_FISHING_FLEET,8,kv,Armor,1
UNIT_FISHING_FLEET,9,kv,MaxHP,10
UNIT_FISHING_FLEET,10,kv,ShieldCost,1200
UNIT_FISHING_FLEET,11,kv,PowerPoints,10
UNIT_FISHING_FLEET,12,kv,ShieldHunger,1
UNIT_FISHING_FLEET,13,kv,FoodHunger,0
UNIT_FISHING_FLEET,14,kv,MaxMovePoints,200
UNIT_FISHING_FLEET,15,kv,VisionRange,2
UNIT_FISHING_FLEET,16,kv,EnableAdvance,ADVANCE_DYNASTY
UNIT_FISHING_FLEET,17,kv,ObsoleteAdvance,ADVANCE_HULL_MAKING
UNIT_FISHING_FLEET,18,kv,ActiveDefenseRange,0
UNIT_FISHING_FLEET,19,flag,LossMoveToDmgNone,
UNIT_FISHING_FLEET,20,kv,MaxFuel,0
UNIT_FISHING_FLEET,21,flag,CanExpel,
UNIT_FISHING_FLEET,22,flag,CanPillage,
UNIT_FISHING_FLEET,23,flag,CanPirate,
UNIT_FISHING_FLEET,24,flag,CantCaptureCity,
UNIT_FISHING_FLEET,25,flag,DeathEffectsHappy,
UNIT_FISHING_FLEET,26,flag,WoodenShip,
UNIT_FISHING_FLEET,27,flag,OnlyBuildOne,
UNIT_FISHING_FLEET,28,kv,SoundSelect1,SOUND_SELECT1_GREEK_FIRE_TRIREME
UNIT_FISHING_FLEET,29,kv,SoundSelect2,SOUND_SELECT2_GREEK_FIRE_TRIREME
UNIT_FISHING_FLEET,30,kv,SoundMove,SOUND_MOVE_GREEK_FIRE_TRIREME
UNIT_FISHING_FLEET,31,kv,SoundAcknowledge,SOUND_ACKNOWLEDGE_GREEK_FIRE_TRIREME
UNIT_FISHING_FLEET,32,kv,SoundCantMove,SOUND_CANTMOVE_GREEK_FIRE_TRIREME
UNIT_FISHING_FLEET,33,kv,SoundAttack,SOUND_ATTACK_GREEK_FIRE_TRIREME
UNIT_FISHING_FLEET,34,kv,SoundWork,SOUND_WORK_GREEK_FIRE_TRIREME
UNIT_FISHING_FLEET,35,kv,SoundVictory,SOUND_VICTORY_GREEK_FIRE_TRIREME
UNIT_FISHING_FLEET,36,kv,SoundDeath,SOUND_DEATH_GREEK_FIRE_TRIREME
UNIT_FISHING_FLEET,37,sublist,CanAttack,ShallowWater
UNIT_FISHING_FLEET,38,sublist,CanSee,Standard
UNIT_FISHING_FLEET,39,sublist,MovementType,ShallowWater
UNIT_FISHING_FLEET,40,sublist,Size,Large
UNIT_FISHING_FLEET,41,sublist,VisionClass,Standard
UNIT_FISHING_FLEET,42,nested,CanReform,"[{""t"": ""kv"", ""k"": ""Sound"", ""v"": ""SOUND_ID_REFORM_CITY""}, {""t"": ""kv"", ""k"": ""Effect"", ""v"": ""SPECEFFECT_REFORMCITY""}]"
UNIT_OCEAN_FISHING_FLEET,0,kv,Description,DESCRIPTION_UNIT_GALLEY
UNIT_OCEAN_FISHING_FLEET,1,kv,DefaultIcon,ICON_UNIT_OCEAN_FISHING_FLEET
UNIT_OCEAN_FISHING_FLEET,2,kv,DefaultSprite,SPRITE_OCEAN_FISHING_FLEET
UNIT_OCEAN_FISHING_FLEET,3,kv,Category,UNIT_CATEGORY_NAVAL
UNIT_OCEAN_FISHING_FLEET,4,kv,Attack,5
UNIT_OCEAN_FISHING_FLEET,5,kv,Defense,15
UNIT_OCEAN_FISHING_FLEET,6,kv,ZBRangeAttack,0
UNIT_OCEAN_FISHING_FLEET,7,kv,Firepower,1
UNIT_OCEAN_FISHING_FLEET,8,kv,Armor,1
UNIT_OCEAN_FISHING_FLEET,9,kv,MaxHP,10
UNIT_OCEAN_FISHING_FLEET,10,kv,ShieldCost,1700
UNIT_OCEAN_FISHING_FLEET,11,kv,PowerPoints,10
UNIT_OCEAN_FISHING_FLEET,12,kv,ShieldHunger,2
UNIT_OCEAN_FISHING_FLEET,13,kv,FoodHunger,0
UNIT_OCEAN_FISHING_FLEET,14,kv,MaxMovePoints,300
UNIT_OCEAN_FISHING_FLEET,15,kv,VisionRange,2
UNIT_OCEAN_FISHING_FLEET,16,kv,EnableAdvance,ADVANCE_HULL_MAKING
UNIT_OCEAN_FISHING_FLEET,17,kv,ActiveDefenseRange,0
UNIT_OCEAN_FISHING_FLEET,18,flag,LossMoveToDmgNone,
UNIT_OCEAN_FISHING_FLEET,19,kv,MaxFuel,0
UNIT_OCEAN_FISHING_FLEET,20,flag,CanExpel,
UNIT_OCEAN_FISHING_FLEET,21,flag,CanPillage,
UNIT_OCEAN_FISHING_FLEET,22,flag,CanPirate,
UNIT_OCEAN_FISHING_FLEET,23,flag,CantCaptureCity,
UNIT_OCEAN_FISHING_FLEET,24,flag,DeathEffectsHappy,
UNIT_OCEAN_FISHING_FLEET,25,flag,WoodenShip,
UNIT_OCEAN_FISHING_FLEET,26,flag,OnlyBuildOne,
UNIT_OCEAN_FISHING_FLEET,27,kv,SoundSelect1,SOUND_SELECT1_GREEK_FIRE_TRIREME
UNIT_OCEAN_FISHING_FLEET,28,kv,SoundSelect2,SOUND_SELECT2_GREEK_FIRE_TRIREME
UNIT_OCEAN_FISHING_FLEET,29,kv,SoundMove,SOUND_MOVE_GREEK_FIRE_TRIREME
UNIT_OCEAN_FISHING_FLEET,30,kv,SoundAcknowledge,SOUND_ACKNOWLEDGE_GREEK_FIRE_TRIREME
UNIT_OCEAN_FISHING_FLEET,31,kv,SoundCantMove,SOUND_CANTMOVE_GREEK_FIRE_TRIREME
UNIT_OCEAN_FISHING_FLEET,32,kv,SoundAttack,SOUND_ATTACK_GREEK_FIRE_TRIREME
UNIT_OCEAN_FISHING_FLEET,33,kv,SoundWork,SOUND_WORK_GREEK_FIRE_TRIREME
UNIT_OCEAN_FISHING_FLEET,34,kv,SoundVictory,SOUND_VICTORY_GREEK_FIRE_TRIREME
UNIT_OCEAN_FISHING_FLEET,35,kv,SoundDeath,SOUND_DEATH_GREEK_FIRE_TRIREME
UNIT_OCEAN_FISHING_FLEET,36,sublist,CanAttack,Sea
UNIT_OCEAN_FISHING_FLEET,37,sublist,CanAttack,ShallowWater
UNIT_OCEAN_FISHING_FLEET,38,sublist,CanSee,Standard
UNIT_OCEAN_FISHING_FLEET,39,sublist,MovementType,Sea
UNIT_OCEAN_FISHING_FLEET,40,sublist,MovementType,ShallowWater
UNIT_OCEAN_FISHING_FLEET,41,sublist,Size,Large
UNIT_OCEAN_FISHING_FLEET,42,sublist,VisionClass,Standard
UNIT_OCEAN_FISHING_FLEET,43,nested,CanReform,"[{""t"": ""kv"", ""k"": ""Sound"", ""v"": ""SOUND_ID_REFORM_CITY""}, {""t"": ""kv"", ""k"": ""Effect"", ""v"": ""SPECEFFECT_REFORMCITY""}]"
UNIT_PATRIARCH,0,flag,CantBuild,
UNIT_PATRIARCH,1,kv,Description,DESCRIPTION_UNIT_CLERIC
UNIT_PATRIARCH,2,kv,DefaultIcon,ICON_UNIT_PATRIARCH
UNIT_PATRIARCH,3,kv,DefaultSprite,SPRITE_PATRIARCH
UNIT_PATRIARCH,4,kv,Category,UNIT_CATEGORY_SPECIAL
UNIT_PATRIARCH,5,kv,Attack,0
UNIT_PATRIARCH,6,kv,Defense,10
UNIT_PATRIARCH,7,kv,ZBRangeAttack,0
UNIT_PATRIARCH,8,kv,Firepower,1
UNIT_PATRIARCH,9,kv,Armor,1
UNIT_PATRIARCH,10,kv,MaxHP,10
UNIT_PATRIARCH,11,kv,ShieldCost,1000
UNIT_PATRIARCH,12,kv,PowerPoints,3
UNIT_PATRIARCH,13,kv,ShieldHunger,15
UNIT_PATRIARCH,14,kv,FoodHunger,0
UNIT_PATRIARCH,15,kv,MaxMovePoints,300
UNIT_PATRIARCH,16,kv,VisionRange,2
UNIT_PATRIARCH,17,kv,EnableAdvance,ADVANCE_HEXTAPUL
UNIT_PATRIARCH,18,kv,ActiveDefenseRange,0
UNIT_PATRIARCH,19,flag,LossMoveToDmgNone,
UNIT_PATRIARCH,20,kv,MaxFuel,0
UNIT_PATRIARCH,21,flag,CanEntrench,
UNIT_PATRIARCH,22,flag,IgnoreZOC,
UNIT_PATRIARCH,23,flag,NoZoc,
UNIT_PATRIARCH,24,flag,CanBeExpelled,
UNIT_PATRIARCH,25,flag,CanBeSued,
UNIT_PATRIARCH,26,flag,CantCaptureCity,
UNIT_PATRIARCH,27,flag,DeathEffectsHappy,
UNIT_PATRIARCH,28,flag,IsSpecialForces,
UNIT_PATRIARCH,29,flag,Civilian,
UNIT_PATRIARCH,30,flag,OnlyBuildOne,
UNIT_PATRIARCH,31,kv,SoundSelect1,SOUND_SELECT1_CLERIC
UNIT_PATRIARCH,32,kv,SoundSelect2,SOUND_SELECT2_CLERIC
UNIT_PATRIARCH,33,kv,SoundMove,SOUND_MOVE_CLERIC
UNIT_PATRIARCH,34,kv,SoundAcknowledge,SOUND_ACKNOWLEDGE_CLERIC
UNIT_PATRIARCH,35,kv,SoundCantMove,SOUND_CANTMOVE_CLERIC
UNIT_PATRIARCH,36,kv,SoundAttack,SOUND_ATTACK_CLERIC
UNIT_PATRIARCH,37,kv,SoundWork,SOUND_WORK_CLERIC
UNIT_PATRIARCH,38,kv,SoundVictory,SOUND_VICTORY_CLERIC
UNIT_PATRIARCH,39,kv,SoundDeath,SOUND_DEATH_CLERIC
UNIT_PATRIARCH,40,sublist,CanSee,Standard
UNIT_PATRIARCH,41,sublist,CanSee,Stealth
UNIT_PATRIARCH,42,sublist,MovementType,Land
UNIT_PATRIARCH,43,sublist,MovementType,Mountain
UNIT_PATRIARCH,44,sublist,Size,Small
UNIT_PATRIARCH,45,sublist,VisionClass,Stealth
UNIT_PATRIARCH,46,nested,InciteRevolution,"[{""t"": ""kv"", ""k"": ""Chance"", ""v"": ""0.2""}, {""t"": ""kv"", ""k"": ""EliteChance"", ""v"": ""0.3""}, {""t"": ""kv"", ""k"": ""DeathChance"", ""v"": ""0.4""}, {""t"": ""kv"", ""k"": ""Sound"", ""v"": ""SOUND_ID_INCITE_REVOLUTION_SP""}, {""t"": ""kv"", ""k"": ""Effect"", ""v"": ""SPECEFFECT_INCITE_REVOLUTION""}]"
UNIT_PATRIARCH,47,nested,CanSoothsay,"[{""t"": ""kv"", ""k"": ""Sound"", ""v"": ""SOUND_ID_CAN_SOOTHSAY_CL""}, {""t"": ""kv"", ""k"": ""Effect"", ""v"": ""SPECEFFECT_CAN_SOOTHSAY""}]"
UNIT_PATRIARCH,48,nested,CauseUnhappiness,"[{""t"": ""kv"", ""k"": ""Chance"", ""v"": ""1""}, {""t"": ""kv"", ""k"": ""Timer"", ""v"": ""1""}, {""t"": ""kv"", ""k"": ""Amount"", ""v"": ""2""}, {""t"": ""kv"", ""k"": ""Sound"", ""v"": ""SOUND_ID_CAN_SOOTHSAY_CL""}, {""t"": ""kv"", ""k"": ""Effect"", ""v"": ""SPECEFFECT_CAN_SOOTHSAY""}]"
UNIT_PATRIARCH,49,nested,ConvertCities,"[{""t"": ""kv"", ""k"": ""Chance"", ""v"": ""0.7""}, {""t"": ""kv"", ""k"": ""DeathChance"", ""v"": ""0.1""}, {""t"": ""kv"", ""k"": ""Sound"", ""v"": ""SOUND_ID_CONVERT_CITIES_CL""}, {""t"": ""kv"", ""k"": ""Effect"", ""v"": ""SPECEFFECT_CONVERT_CITIES""}]"
UNIT_PATRIARCH,50,nested,IndulgenceSales,"[{""t"": ""kv"", ""k"": ""Sound"", ""v"": ""SOUND_ID_INDULGENCE_SALES_CL""}, {""t"": ""kv"", ""k"": ""Effect"", ""v"": ""SPECEFFECT_INDULGENCE_SALES""}]"
UNIT_SCIENTIST,0,kv,Description,DESCRIPTION_UNIT_HOPLITE
UNIT_SCIENTIST,1,kv,DefaultIcon,ICON_UNIT_SCIENTIST
UNIT_SCIENTIST,2,kv,DefaultSprite,SPRITE_SCIENTIST
UNIT_SCIENTIST,3,kv,Category,UNIT_CATEGORY_DEFENSE
UNIT_SCIENTIST,4,kv,Attack,5
UNIT_SCIENTIST,5,kv,Defense,5
UNIT_SCIENTIST,6,kv,ZBRangeAttack,0
UNIT_SCIENTIST,7,kv,Firepower,1
UNIT_SCIENTIST,8,kv,Armor,1
UNIT_SCIENTIST,9,kv,MaxHP,9
UNIT_SCIENTIST,10,kv,ShieldCost,10000
UNIT_SCIENTIST,11,kv,PowerPoints,70
UNIT_SCIENTIST,12,kv,ShieldHunger,100
UNIT_SCIENTIST,13,kv,FoodHunger,0
UNIT_SCIENTIST,14,kv,MaxMovePoints,200
UNIT_SCIENTIST,15,kv,VisionRange,1
UNIT_SCIENTIST,16,kv,EnableAdvance,ADVANCE_INDUSTRIAL_REVOLUTION
UNIT_SCIENTIST,17,kv,ActiveDefenseRange,0
UNIT_SCIENTIST,18,flag,LossMoveToDmgNone,
UNIT_SCIENTIST,19,kv,MaxFuel,0
UNIT_SCIENTIST,20,flag,CanEntrench,
UNIT_SCIENTIST,21,flag,CanExpel,
UNIT_SCIENTIST,22,flag,CanPillage,
UNIT_SCIENTIST,23,flag,CanPirate,
UNIT_SCIENTIST,24,flag,ExertsMartialLaw,
UNIT_SCIENTIST,25,flag,DeathEffectsHappy,
UNIT_SCIENTIST,26,flag,BuildingRemovesAPop,
UNIT_SCIENTIST,27,flag,OnlyBuildOne,
UNIT_SCIENTIST,28,kv,SoundSelect1,SOUND_SELECT1_HOPLITE
UNIT_SCIENTIST,29,kv,SoundSelect2,SOUND_SELECT2_HOPLITE
UNIT_SCIENTIST,30,kv,SoundMove,SOUND_MOVE_HOPLITE
UNIT_SCIENTIST,31,kv,SoundAcknowledge,SOUND_ACKNOWLEDGE_HOPLITE
UNIT_SCIENTIST,32,kv,SoundCantMove,SOUND_CANTMOVE_HOPLITE
UNIT_SCIENTIST,33,kv,SoundAttack,SOUND_ATTACK_HOPLITE
UNIT_SCIENTIST,34,kv,SoundWork,SOUND_WORK_HOPLITE
UNIT_SCIENTIST,35,kv,SoundVictory,SOUND_VICTORY_HOPLITE
UNIT_SCIENTIST,36,kv,SoundDeath,SOUND_DEATH_HOPLITE
UNIT_SCIENTIST,37,sublist,CanAttack,Land
UNIT_SCIENTIST,38,sublist,CanAttack,Mountain
UNIT_SCIENTIST,39,sublist,CanSee,Standard
UNIT_SCIENTIST,40,sublist,MovementType,Land
UNIT_SCIENTIST,41,sublist,MovementType,Mountain
UNIT_SCIENTIST,42,sublist,Size,Medium
UNIT_SCIENTIST,43,sublist,VisionClass,Standard
UNIT_SCIENTIST,44,nested,CanReform,"[{""t"": ""kv"", ""k"": ""Sound"", ""v"": ""SOUND_ID_REFORM_CITY""}, {""t"": ""kv"", ""k"": ""Effect"", ""v"": ""SPECEFFECT_REFORMCITY""}]"
UNIT_UN_PEACE_KEEPER,0,kv,Description,DESCRIPTION_UNIT_HOVER_INFANTRY
UNIT_UN_PEACE_KEEPER,1,kv,DefaultIcon,ICON_UNIT_UN_PEACE_KEEPER
UNIT_UN_PEACE_KEEPER,2,kv,DefaultSprite,SPRITE_UN_PEACE_KEEPER
UNIT_UN_PEACE_KEEPER,3,kv,Category,UNIT_CATEGORY_DEFENSE
UNIT_UN_PEACE_KEEPER,4,kv,Attack,5
UNIT_UN_PEACE_KEEPER,5,kv,Defense,70
UNIT_UN_PEACE_KEEPER,6,kv,ZBRangeAttack,0
UNIT_UN_PEACE_KEEPER,7,kv,Firepower,3
UNIT_UN_PEACE_KEEPER,8,kv,Armor,2
UNIT_UN_PEACE_KEEPER,9,kv,MaxHP,27
UNIT_UN_PEACE_KEEPER,10,kv,ShieldCost,4000
UNIT_UN_PEACE_KEEPER,11,kv,PowerPoints,70
UNIT_UN_PEACE_KEEPER,12,kv,ShieldHunger,50
UNIT_UN_PEACE_KEEPER,13,kv,FoodHunger,0
UNIT_UN_PEACE_KEEPER,14,kv,MaxMovePoints,300
UNIT_UN_PEACE_KEEPER,15,kv,VisionRange,2
UNIT_UN_PEACE_KEEPER,16,kv,EnableAdvance,ADVANCE_ADV_URBAN_PLANNING
UNIT_UN_PEACE_KEEPER,17,kv,ActiveDefenseRange,0
UNIT_UN_PEACE_KEEPER,18,flag,LossMoveToDmgNone,
UNIT_UN_PEACE_KEEPER,19,kv,MaxFuel,0
UNIT_UN_PEACE_KEEPER,20,flag,CanEntrench,
UNIT_UN_PEACE_KEEPER,21,flag,CanExpel,
UNIT_UN_PEACE_KEEPER,22,flag,CanPillage,
UNIT_UN_PEACE_KEEPER,23,flag,CanPirate,
UNIT_UN_PEACE_KEEPER,24,flag,ExertsMartialLaw,
UNIT_UN_PEACE_KEEPER,25,flag,DeathEffectsHappy,
UNIT_UN_PEACE_KEEPER,26,flag,OnlyBuildOne,
UNIT_UN_PEACE_KEEPER,27,kv,SoundSelect1,SOUND_SELECT1_HOVER_INFANTRY
UNIT_UN_PEACE_KEEPER,28,kv,SoundSelect2,SOUND_SELECT2_HOVER_INFANTRY
UNIT_UN_PEACE_KEEPER,29,kv,SoundMove,SOUND_MOVE_HOVER_INFANTRY
UNIT_UN_PEACE_KEEPER,30,kv,SoundAcknowledge,SOUND_ACKNOWLEDGE_HOVER_INFANTRY
UNIT_UN_PEACE_KEEPER,31,kv,SoundCantMove,SOUND_CANTMOVE_HOVER_INFANTRY
UNIT_UN_PEACE_KEEPER,32,kv,SoundAttack,SOUND_ATTACK_HOVER_INFANTRY
UNIT_UN_PEACE_KEEPER,33,kv,SoundWork,SOUND_WORK_HOVER_INFANTRY
UNIT_UN_PEACE_KEEPER,34,kv,SoundVictory,SOUND_VICTORY_HOVER_INFANTRY
UNIT_UN_PEACE_KEEPER,35,kv,SoundDeath,SOUND_DEATH_HOVER_INFANTRY
UNIT_UN_PEACE_KEEPER,36,sublist,CanAttack,Land
UNIT_UN_PEACE_KEEPER,37,sublist,CanAttack,Mountain
UNIT_UN_PEACE_KEEPER,38,sublist,CanSee,Standard
UNIT_UN_PEACE_KEEPER,39,sublist,MovementType,Land
UNIT_UN_PEACE_KEEPER,40,sublist,MovementType,Mountain
UNIT_UN_PEACE_KEEPER,41,sublist,Size,Medium
UNIT_UN_PEACE_KEEPER,42,sublist,VisionClass,Standard
UNIT_UN_PEACE_KEEPER,43,nested,CanReform,"[{""t"": ""kv"", ""k"": ""Sound"", ""v"": ""SOUND_ID_REFORM_CITY""}, {""t"": ""kv"", ""k"": ""Effect"", ""v"": ""SPECEFFECT_REFORMCITY""}]"
UNIT_AID_WORKER,0,kv,Description,DESCRIPTION_UNIT_DIPLOMAT
UNIT_AID_WORKER,1,kv,DefaultIcon,ICON_UNIT_AID_WORKER
UNIT_AID_WORKER,2,kv,DefaultSprite,SPRITE_AID_WORKER
UNIT_AID_WORKER,3,kv,Category,UNIT_CATEGORY_SPECIAL
UNIT_AID_WORKER,4,kv,Attack,0
UNIT_AID_WORKER,5,kv,Defense,30
UNIT_AID_WORKER,6,kv,ZBRangeAttack,0
UNIT_AID_WORKER,7,kv,Firepower,1
UNIT_AID_WORKER,8,kv,Armor,1
UNIT_AID_WORKER,9,kv,MaxHP,10
UNIT_AID_WORKER,10,kv,ShieldCost,4000
UNIT_AID_WORKER,11,kv,PowerPoints,3
UNIT_AID_WORKER,12,kv,ShieldHunger,50
UNIT_AID_WORKER,13,kv,FoodHunger,0
UNIT_AID_WORKER,14,kv,MaxMovePoints,200
UNIT_AID_WORKER,15,kv,VisionRange,2
UNIT_AID_WORKER,16,kv,EnableAdvance,ADVANCE_EXPLOSIVES
UNIT_AID_WORKER,17,kv,ActiveDefenseRange,0
UNIT_AID_WORKER,18,flag,LossMoveToDmgNone,
UNIT_AID_WORKER,19,kv,MaxFuel,0
UNIT_AID_WORKER,20,flag,CanEntrench,
UNIT_AID_WORKER,21,flag,IgnoreZOC,
UNIT_AID_WORKER,22,flag,NoZoc,
UNIT_AID_WORKER,23,flag,CanBeExpelled,
UNIT_AID_WORKER,24,flag,CantCaptureCity,
UNIT_AID_WORKER,25,flag,EstablishEmbassy,
UNIT_AID_WORKER,26,flag,ThrowParty,
UNIT_AID_WORKER,27,flag,DeathEffectsHappy,
UNIT_AID_WORKER,28,flag,IsSpecialForces,
UNIT_AID_WORKER,29,flag,Civilian,
UNIT_AID_WORKER,30,flag,OnlyBuildOne,
UNIT_AID_WORKER,31,kv,SoundSelect1,SOUND_SELECT1_TANK
UNIT_AID_WORKER,32,kv,SoundSelect2,SOUND_SELECT2_TANK
UNIT_AID_WORKER,33,kv,SoundMove,SOUND_MOVE_TANK
UNIT_AID_WORKER,34,kv,SoundAcknowledge,SOUND_ACKNOWLEDGE_TANK
UNIT_AID_WORKER,35,kv,SoundCantMove,SOUND_CANTMOVE_TANK
UNIT_AID_WORKER,36,kv,SoundAttack,SOUND_ATTACK_TANK
UNIT_AID_WORKER,37,kv,SoundWork,SOUND_WORK_TANK
UNIT_AID_WORKER,38,kv,SoundVictory,SOUND_VICTORY_TANK
UNIT_AID_WORKER,39,kv,SoundDeath,SOUND_DEATH_TANK
UNIT_AID_WORKER,40,sublist,CanSee,Standard
UNIT_AID_WORKER,41,sublist,CanSee,Stealth
UNIT_AID_WORKER,42,sublist,MovementType,Land
UNIT_AID_WORKER,43,sublist,MovementType,Mountain
UNIT_AID_WORKER,44,sublist,Size,Small
UNIT_AID_WORKER,45,sublist,VisionClass,Standard
