block_id,seq,type,key,val
UNIT_ABOLITIONIST,0,kv,Description,DESCRIPTION_UNIT_ABOLITIONIST
UNIT_ABOLITIONIST,1,kv,DefaultIcon,ICON_UNIT_ABOLITIONIST
UNIT_ABOLITIONIST,2,kv,DefaultSprite,SPRITE_ABOLITIONIST
UNIT_ABOLITIONIST,3,kv,Category,UNIT_CATEGORY_SPECIAL
UNIT_ABOLITIONIST,4,kv,Attack,0
UNIT_ABOLITIONIST,5,kv,Defense,10
UNIT_ABOLITIONIST,6,kv,ZBRangeAttack,0
UNIT_ABOLITIONIST,7,kv,Firepower,1
UNIT_ABOLITIONIST,8,kv,Armor,1
UNIT_ABOLITIONIST,9,kv,MaxHP,10
UNIT_ABOLITIONIST,10,kv,ShieldCost,540
UNIT_ABOLITIONIST,11,kv,PowerPoints,250
UNIT_ABOLITIONIST,12,kv,ShieldHunger,5
UNIT_ABOLITIONIST,13,kv,GoldHunger,5
UNIT_ABOLITIONIST,14,kv,FoodHunger,0
UNIT_ABOLITIONIST,15,kv,MaxMovePoints,300
UNIT_ABOLITIONIST,16,kv,VisionRange,1
UNIT_ABOLITIONIST,17,kv,EnableAdvance,ADVANCE_CLASSICAL_EDUCATION
UNIT_ABOLITIONIST,18,kv,ActiveDefenseRange,0
UNIT_ABOLITIONIST,19,flag,LossMoveToDmgNone,
UNIT_ABOLITIONIST,20,kv,MaxFuel,0
UNIT_ABOLITIONIST,21,flag,IgnoreZOC,
UNIT_ABOLITIONIST,22,flag,NoZoc,
UNIT_ABOLITIONIST,23,flag,CanBeExpelled,
UNIT_ABOLITIONIST,24,flag,CantCaptureCity,
UNIT_ABOLITIONIST,25,flag,NoSlaves,
UNIT_ABOLITIONIST,26,flag,IsSpecialForces,
UNIT_ABOLITIONIST,27,flag,Civilian,
UNIT_ABOLITIONIST,28,flag,InvisibleForGlobeSat,
UNIT_ABOLITIONIST,29,kv,SoundSelect1,SOUND_SELECT1_ABOLITIONIST
UNIT_ABOLITIONIST,30,kv,SoundSelect2,SOUND_SELECT2_ABOLITIONIST
UNIT_ABOLITIONIST,31,kv,SoundMove,SOUND_MOVE_ABOLITIONIST
UNIT_ABOLITIONIST,32,kv,SoundAcknowledge,SOUND_ACKNOWLEDGE_ABOLITIONIST
UNIT_ABOLITIONIST,33,kv,SoundCantMove,SOUND_CANTMOVE_ABOLITIONIST
UNIT_ABOLITIONIST,34,kv,SoundAttack,SOUND_ATTACK_ABOLITIONIST
UNIT_ABOLITIONIST,35,kv,SoundWork,SOUND_WORK_ABOLITIONIST
UNIT_ABOLITIONIST,36,kv,SoundVictory,SOUND_VICTORY_ABOLITIONIST
UNIT_ABOLITIONIST,37,kv,SoundDeath,SOUND_DEATH_ABOLITIONIST
UNIT_ABOLITIONIST,38,sublist,CanSee,Standard
UNIT_ABOLITIONIST,39,sublist,CanSee,Stealth
UNIT_ABOLITIONIST,40,sublist,MovementType,Land
UNIT_ABOLITIONIST,41,sublist,MovementType,Mountain
UNIT_ABOLITIONIST,42,sublist,Size,Small
UNIT_ABOLITIONIST,43,sublist,VisionClass,Stealth
UNIT_ABOLITIONIST,44,nested,SlaveUprising,"[{""t"": ""kv"", ""k"": ""Sound"", ""v"": ""SOUND_ID_SLAVE_UPRISING""}, {""t"": ""kv"", ""k"": ""Effect"", ""v"": ""SPECEFFECT_SLAVE_UPRISING""}]"
UNIT_ABOLITIONIST,45,nested,UndergroundRailway,"[{""t"": ""kv"", ""k"": ""Chance"", ""v"": ""0.75""}, {""t"": ""kv"", ""k"": ""DeathChance"", ""v"": ""0.5""}, {""t"": ""kv"", ""k"": ""Sound"", ""v"": ""SOUND_ID_UNDERGROUND_RAILWAY""}, {""t"": ""kv"", ""k"": ""Effect"", ""v"": ""SPECEFFECT_UNDERGROUND_RAILWAY""}]"
UNIT_AIRCRAFT_CARRIER,0,kv,Description,DESCRIPTION_UNIT_AIRCRAFT_CARRIER
UNIT_AIRCRAFT_CARRIER,1,kv,DefaultIcon,ICON_UNIT_AIRCRAFT_CARRIER
UNIT_AIRCRAFT_CARRIER,2,kv,DefaultSprite,SPRITE_AIRCRAFT_CARRIER
UNIT_AIRCRAFT_CARRIER,3,kv,Category,UNIT_CATEGORY_NAVAL
UNIT_AIRCRAFT_CARRIER,4,kv,Attack,25
UNIT_AIRCRAFT_CARRIER,5,kv,Defense,30
UNIT_AIRCRAFT_CARRIER,6,kv,ZBRangeAttack,25
UNIT_AIRCRAFT_CARRIER,7,kv,Firepower,1
UNIT_AIRCRAFT_CARRIER,8,kv,Armor,1
UNIT_AIRCRAFT_CARRIER,9,kv,MaxHP,10
UNIT_AIRCRAFT_CARRIER,10,kv,ShieldCost,3000
UNIT_AIRCRAFT_CARRIER,11,kv,PowerPoints,3000
UNIT_AIRCRAFT_CARRIER,12,kv,ShieldHunger,30
UNIT_AIRCRAFT_CARRIER,13,kv,GoldHunger,150
UNIT_AIRCRAFT_CARRIER,14,kv,FoodHunger,0
UNIT_AIRCRAFT_CARRIER,15,kv,MaxMovePoints,400
UNIT_AIRCRAFT_CARRIER,16,kv,VisionRange,3
UNIT_AIRCRAFT_CARRIER,17,kv,EnableAdvance,ADVANCE_NAVAL_AVIATION
UNIT_AIRCRAFT_CARRIER,18,kv,BombRounds,10
UNIT_AIRCRAFT_CARRIER,19,kv,BombardRange,1
UNIT_AIRCRAFT_CARRIER,20,kv,ActiveDefenseRange,1
UNIT_AIRCRAFT_CARRIER,21,flag,ActiveDefenseOnlyWhenCarryingEnablers,
UNIT_AIRCRAFT_CARRIER,22,flag,LossMoveToDmgNone,
UNIT_AIRCRAFT_CARRIER,23,kv,MaxFuel,0
UNIT_AIRCRAFT_CARRIER,24,flag,CanExpel,
UNIT_AIRCRAFT_CARRIER,25,flag,CanPillage,
UNIT_AIRCRAFT_CARRIER,26,flag,CanPirate,
UNIT_AIRCRAFT_CARRIER,27,flag,CantCaptureCity,
UNIT_AIRCRAFT_CARRIER,28,flag,ExertsMartialLaw,
UNIT_AIRCRAFT_CARRIER,29,flag,DeathEffectsHappy,
UNIT_AIRCRAFT_CARRIER,30,flag,Explodes,
UNIT_AIRCRAFT_CARRIER,31,kv,SoundSelect1,SOUND_SELECT1_AIRCRAFT_CARRIER
UNIT_AIRCRAFT_CARRIER,32,kv,SoundSelect2,SOUND_SELECT2_AIRCRAFT_CARRIER
UNIT_AIRCRAFT_CARRIER,33,kv,SoundMove,SOUND_MOVE_AIRCRAFT_CARRIER
UNIT_AIRCRAFT_CARRIER,34,kv,SoundAcknowledge,SOUND_ACKNOWLEDGE_AIRCRAFT_CARRIER
UNIT_AIRCRAFT_CARRIER,35,kv,SoundCantMove,SOUND_CANTMOVE_AIRCRAFT_CARRIER
UNIT_AIRCRAFT_CARRIER,36,kv,SoundAttack,SOUND_ATTACK_AIRCRAFT_CARRIER
UNIT_AIRCRAFT_CARRIER,37,kv,SoundWork,SOUND_WORK_AIRCRAFT_CARRIER
UNIT_AIRCRAFT_CARRIER,38,kv,SoundVictory,SOUND_VICTORY_AIRCRAFT_CARRIER
UNIT_AIRCRAFT_CARRIER,39,kv,SoundDeath,SOUND_DEATH_AIRCRAFT_CARRIER
UNIT_AIRCRAFT_CARRIER,40,sublist,CanAttack,Sea
UNIT_AIRCRAFT_CARRIER,41,sublist,CanAttack,ShallowWater
UNIT_AIRCRAFT_CARRIER,42,sublist,CanCarry,MedAir
UNIT_AIRCRAFT_CARRIER,43,sublist,CanCarry,SmallAir
UNIT_AIRCRAFT_CARRIER,44,sublist,CanSee,Standard
UNIT_AIRCRAFT_CARRIER,45,sublist,Defend,Air
UNIT_AIRCRAFT_CARRIER,46,sublist,MovementType,Sea
UNIT_AIRCRAFT_CARRIER,47,sublist,MovementType,ShallowWater
UNIT_AIRCRAFT_CARRIER,48,sublist,Size,Large
UNIT_AIRCRAFT_CARRIER,49,sublist,VisionClass,Standard
UNIT_AIRCRAFT_CARRIER,50,nested,CanReform,"[{""t"": ""kv"", ""k"": ""Sound"", ""v"": ""SOUND_ID_REFORM_CITY""}, {""t"": ""kv"", ""k"": ""Effect"", ""v"": ""SPECEFFECT_REFORMCITY""}]"
UNIT_AIRCRAFT_CARRIER,51,nested,CargoData,"[{""t"": ""kv"", ""k"": ""MaxCargo"", ""v"": ""5""}, {""t"": ""kv"", ""k"": ""Load"", ""v"": ""SOUND_ID_AIRCRAFT_CARRIER_LOAD""}, {""t"": ""kv"", ""k"": ""Unload"", ""v"": ""SOUND_ID_AIRCRAFT_CARRIER_UNLOAD""}]"
UNIT_ARCHER,0,kv,Description,DESCRIPTION_UNIT_ARCHER
UNIT_ARCHER,1,kv,DefaultIcon,ICON_UNIT_ARCHER
UNIT_ARCHER,2,kv,DefaultSprite,SPRITE_ARCHER
UNIT_ARCHER,3,kv,Category,UNIT_CATEGORY_RANGED
UNIT_ARCHER,4,kv,Attack,10
UNIT_ARCHER,5,kv,Defense,10
UNIT_ARCHER,6,kv,ZBRangeAttack,20
UNIT_ARCHER,7,kv,Firepower,1
UNIT_ARCHER,8,kv,Armor,1
UNIT_ARCHER,9,kv,MaxHP,10
UNIT_ARCHER,10,kv,ShieldCost,150
UNIT_ARCHER,11,kv,PowerPoints,100
UNIT_ARCHER,12,kv,ShieldHunger,1
UNIT_ARCHER,13,kv,GoldHunger,1
UNIT_ARCHER,14,kv,FoodHunger,0
UNIT_ARCHER,15,kv,MaxMovePoints,100
UNIT_ARCHER,16,kv,VisionRange,2
UNIT_ARCHER,17,kv,EnableAdvance,ADVANCE_BALLISTICS
UNIT_ARCHER,18,kv,ObsoleteAdvance,ADVANCE_CANNON_MAKING
UNIT_ARCHER,19,kv,UpgradeTo,UNIT_MOUNTED_ARCHER
UNIT_ARCHER,20,kv,UpgradeTo,UNIT_CAVALRY
UNIT_ARCHER,21,kv,UpgradeTo,UNIT_TANK
UNIT_ARCHER,22,kv,UpgradeTo,UNIT_FUSION_TANK
UNIT_ARCHER,23,kv,ActiveDefenseRange,0
UNIT_ARCHER,24,flag,LossMoveToDmgNone,
UNIT_ARCHER,25,kv,MaxFuel,0
UNIT_ARCHER,26,flag,CanEntrench,
UNIT_ARCHER,27,flag,CanExpel,
UNIT_ARCHER,28,flag,CanPillage,
UNIT_ARCHER,29,flag,CanPirate,
UNIT_ARCHER,30,flag,ExertsMartialLaw,
UNIT_ARCHER,31,flag,DeathEffectsHappy,
UNIT_ARCHER,32,kv,SoundSelect1,SOUND_SELECT1_ARCHER
UNIT_ARCHER,33,kv,SoundSelect2,SOUND_SELECT2_ARCHER
UNIT_ARCHER,34,kv,SoundMove,SOUND_MOVE_ARCHER
UNIT_ARCHER,35,kv,SoundAcknowledge,SOUND_ACKNOWLEDGE_ARCHER
UNIT_ARCHER,36,kv,SoundCantMove,SOUND_CANTMOVE_ARCHER
UNIT_ARCHER,37,kv,SoundAttack,SOUND_ATTACK_ARCHER
UNIT_ARCHER,38,kv,SoundWork,SOUND_WORK_ARCHER
UNIT_ARCHER,39,kv,SoundVictory,SOUND_VICTORY_ARCHER
UNIT_ARCHER,40,kv,SoundDeath,SOUND_DEATH_ARCHER
UNIT_ARCHER,41,sublist,CanAttack,Land
UNIT_ARCHER,42,sublist,CanAttack,Mountain
UNIT_ARCHER,43,sublist,CanSee,Standard
UNIT_ARCHER,44,sublist,MovementType,Land
UNIT_ARCHER,45,sublist,MovementType,Mountain
UNIT_ARCHER,46,sublist,Size,Small
UNIT_ARCHER,47,sublist,VisionClass,Standard
UNIT_ARCHER,48,nested,CanReform,"[{""t"": ""kv"", ""k"": ""Sound"", ""v"": ""SOUND_ID_REFORM_CITY""}, {""t"": ""kv"", ""k"": ""Effect"", ""v"": ""SPECEFFECT_REFORMCITY""}]"
UNIT_ARTILLERY,0,kv,Description,DESCRIPTION_UNIT_ARTILLERY
UNIT_ARTILLERY,1,kv,DefaultIcon,ICON_UNIT_ARTILLERY
UNIT_ARTILLERY,2,kv,DefaultSprite,SPRITE_ARTILLERY
UNIT_ARTILLERY,3,kv,Category,UNIT_CATEGORY_RANGED
UNIT_ARTILLERY,4,kv,Attack,10
UNIT_ARTILLERY,5,kv,Defense,20
UNIT_ARTILLERY,6,kv,ZBRangeAttack,70
UNIT_ARTILLERY,7,kv,Firepower,3
UNIT_ARTILLERY,8,kv,Armor,2
UNIT_ARTILLERY,9,kv,MaxHP,10
UNIT_ARTILLERY,10,kv,ShieldCost,1500
UNIT_ARTILLERY,11,kv,PowerPoints,1200
UNIT_ARTILLERY,12,kv,ShieldHunger,15
UNIT_ARTILLERY,13,kv,GoldHunger,30
UNIT_ARTILLERY,14,kv,FoodHunger,0
UNIT_ARTILLERY,15,kv,MaxMovePoints,200
UNIT_ARTILLERY,16,kv,VisionRange,2
UNIT_ARTILLERY,17,kv,EnableAdvance,ADVANCE_EXPLOSIVES
UNIT_ARTILLERY,18,kv,UpgradeTo,UNIT_MOBILE_SAM
UNIT_ARTILLERY,19,kv,UpgradeTo,UNIT_WAR_WALKER
UNIT_ARTILLERY,20,kv,BombRounds,5
UNIT_ARTILLERY,21,kv,BombardRange,1
UNIT_ARTILLERY,22,kv,ActiveDefenseRange,0
UNIT_ARTILLERY,23,flag,LossMoveToDmgNone,
UNIT_ARTILLERY,24,kv,MaxFuel,0
UNIT_ARTILLERY,25,flag,CanEntrench,
UNIT_ARTILLERY,26,flag,CanExpel,
UNIT_ARTILLERY,27,flag,CanPillage,
UNIT_ARTILLERY,28,flag,CanPirate,
UNIT_ARTILLERY,29,flag,ExertsMartialLaw,
UNIT_ARTILLERY,30,flag,DeathEffectsHappy,
UNIT_ARTILLERY,31,flag,Explodes,
UNIT_ARTILLERY,32,kv,SoundSelect1,SOUND_SELECT1_ARTILLERY
UNIT_ARTILLERY,33,kv,SoundSelect2,SOUND_SELECT2_ARTILLERY
UNIT_ARTILLERY,34,kv,SoundMove,SOUND_MOVE_ARTILLERY
UNIT_ARTILLERY,35,kv,SoundAcknowledge,SOUND_ACKNOWLEDGE_ARTILLERY
UNIT_ARTILLERY,36,kv,SoundCantMove,SOUND_CANTMOVE_ARTILLERY
UNIT_ARTILLERY,37,kv,SoundAttack,SOUND_ATTACK_ARTILLERY
UNIT_ARTILLERY,38,kv,SoundWork,SOUND_WORK_ARTILLERY
UNIT_ARTILLERY,39,kv,SoundVictory,SOUND_VICTORY_ARTILLERY
UNIT_ARTILLERY,40,kv,SoundDeath,SOUND_DEATH_ARTILLERY
UNIT_ARTILLERY,41,sublist,CanAttack,Air
UNIT_ARTILLERY,42,sublist,CanAttack,Land
UNIT_ARTILLERY,43,sublist,CanAttack,Mountain
UNIT_ARTILLERY,44,sublist,CanBombard,Land
UNIT_ARTILLERY,45,sublist,CanBombard,Mountain
UNIT_ARTILLERY,46,sublist,CanBombard,Water
UNIT_ARTILLERY,47,sublist,CanSee,Standard
UNIT_ARTILLERY,48,sublist,MovementType,Land
UNIT_ARTILLERY,49,sublist,MovementType,Mountain
UNIT_ARTILLERY,50,sublist,Size,Medium
UNIT_ARTILLERY,51,sublist,VisionClass,Standard
UNIT_ARTILLERY,52,nested,CanReform,"[{""t"": ""kv"", ""k"": ""Sound"", ""v"": ""SOUND_ID_REFORM_CITY""}, {""t"": ""kv"", ""k"": ""Effect"", ""v"": ""SPECEFFECT_REFORMCITY""}]"
UNIT_BATTLESHIP,0,kv,Description,DESCRIPTION_UNIT_BATTLESHIP
UNIT_BATTLESHIP,1,kv,DefaultIcon,ICON_UNIT_BATTLESHIP
UNIT_BATTLESHIP,2,kv,DefaultSprite,SPRITE_BATTLESHIP
UNIT_BATTLESHIP,3,kv,Category,UNIT_CATEGORY_NAVAL
UNIT_BATTLESHIP,4,kv,Attack,60
UNIT_BATTLESHIP,5,kv,Defense,50
UNIT_BATTLESHIP,6,kv,ZBRangeAttack,60
UNIT_BATTLESHIP,7,kv,Firepower,4
UNIT_BATTLESHIP,8,kv,Armor,3
UNIT_BATTLESHIP,9,kv,MaxHP,10
UNIT_BATTLESHIP,10,kv,ShieldCost,3500
UNIT_BATTLESHIP,11,kv,PowerPoints,2000
UNIT_BATTLESHIP,12,kv,ShieldHunger,35
UNIT_BATTLESHIP,13,kv,GoldHunger,150
UNIT_BATTLESHIP,14,kv,FoodHunger,0
UNIT_BATTLESHIP,15,kv,MaxMovePoints,500
UNIT_BATTLESHIP,16,kv,VisionRange,3
UNIT_BATTLESHIP,17,kv,EnableAdvance,ADVANCE_ADV_NAVAL_TACTICS
UNIT_BATTLESHIP,18,kv,UpgradeTo,UNIT_PLASMA_DESTROYER
UNIT_BATTLESHIP,19,kv,BombRounds,5
UNIT_BATTLESHIP,20,kv,BombardRange,1
UNIT_BATTLESHIP,21,kv,ActiveDefenseRange,0
UNIT_BATTLESHIP,22,flag,LossMoveToDmgNone,
UNIT_BATTLESHIP,23,kv,MaxFuel,0
UNIT_BATTLESHIP,24,flag,CanExpel,
UNIT_BATTLESHIP,25,flag,CanPillage,
UNIT_BATTLESHIP,26,flag,CanPirate,
UNIT_BATTLESHIP,27,flag,CantCaptureCity,
UNIT_BATTLESHIP,28,flag,ExertsMartialLaw,
UNIT_BATTLESHIP,29,flag,DeathEffectsHappy,
UNIT_BATTLESHIP,30,flag,Explodes,
UNIT_BATTLESHIP,31,kv,SoundSelect1,SOUND_SELECT1_BATTLESHIP
UNIT_BATTLESHIP,32,kv,SoundSelect2,SOUND_SELECT2_BATTLESHIP
UNIT_BATTLESHIP,33,kv,SoundMove,SOUND_MOVE_BATTLESHIP
UNIT_BATTLESHIP,34,kv,SoundAcknowledge,SOUND_ACKNOWLEDGE_BATTLESHIP
UNIT_BATTLESHIP,35,kv,SoundCantMove,SOUND_CANTMOVE_BATTLESHIP
UNIT_BATTLESHIP,36,kv,SoundAttack,SOUND_ATTACK_BATTLESHIP
UNIT_BATTLESHIP,37,kv,SoundWork,SOUND_WORK_BATTLESHIP
UNIT_BATTLESHIP,38,kv,SoundVictory,SOUND_VICTORY_BATTLESHIP
UNIT_BATTLESHIP,39,kv,SoundDeath,SOUND_DEATH_BATTLESHIP
UNIT_BATTLESHIP,40,sublist,CanAttack,Sea
UNIT_BATTLESHIP,41,sublist,CanAttack,ShallowWater
UNIT_BATTLESHIP,42,sublist,CanBombard,Land
UNIT_BATTLESHIP,43,sublist,CanBombard,Mountain
UNIT_BATTLESHIP,44,sublist,CanBombard,Water
UNIT_BATTLESHIP,45,sublist,CanSee,Standard
UNIT_BATTLESHIP,46,sublist,MovementType,Sea
UNIT_BATTLESHIP,47,sublist,MovementType,ShallowWater
UNIT_BATTLESHIP,48,sublist,Size,Large
UNIT_BATTLESHIP,49,sublist,VisionClass,Standard
UNIT_BATTLESHIP,50,nested,CanReform,"[{""t"": ""kv"", ""k"": ""Sound"", ""v"": ""SOUND_ID_REFORM_CITY""}, {""t"": ""kv"", ""k"": ""Effect"", ""v"": ""SPECEFFECT_REFORMCITY""}]"
UNIT_BOMBER,0,kv,Description,DESCRIPTION_UNIT_BOMBER
UNIT_BOMBER,1,kv,DefaultIcon,ICON_UNIT_BOMBER
UNIT_BOMBER,2,kv,DefaultSprite,SPRITE_BOMBER
UNIT_BOMBER,3,kv,Category,UNIT_CATEGORY_AERIAL
UNIT_BOMBER,4,kv,Attack,30
UNIT_BOMBER,5,kv,Defense,30
UNIT_BOMBER,6,kv,ZBRangeAttack,60
UNIT_BOMBER,7,kv,Firepower,3
UNIT_BOMBER,8,kv,Armor,2
UNIT_BOMBER,9,kv,MaxHP,10
UNIT_BOMBER,10,kv,ShieldCost,2250
UNIT_BOMBER,11,kv,PowerPoints,3000
UNIT_BOMBER,12,kv,ShieldHunger,22
UNIT_BOMBER,13,kv,GoldHunger,50
UNIT_BOMBER,14,kv,FoodHunger,0
UNIT_BOMBER,15,kv,MaxMovePoints,1000
UNIT_BOMBER,16,kv,VisionRange,2
UNIT_BOMBER,17,kv,EnableAdvance,ADVANCE_JET_PROPULSION
UNIT_BOMBER,18,kv,ObsoleteAdvance,ADVANCE_ADVANCED_COMPOSITES
UNIT_BOMBER,19,kv,UpgradeTo,UNIT_STEALTH_BOMBER
UNIT_BOMBER,20,kv,BombRounds,5
UNIT_BOMBER,21,kv,BombardRange,1
UNIT_BOMBER,22,kv,ActiveDefenseRange,0
UNIT_BOMBER,23,flag,LossMoveToDmgNone,
UNIT_BOMBER,24,flag,NoFuelThenCrash,
UNIT_BOMBER,25,kv,MaxFuel,5000
UNIT_BOMBER,26,flag,IgnoreZOC,
UNIT_BOMBER,27,flag,NoZoc,
UNIT_BOMBER,28,flag,CantCaptureCity,
UNIT_BOMBER,29,flag,DeathEffectsHappy,
UNIT_BOMBER,30,flag,Explodes,
UNIT_BOMBER,31,kv,SoundSelect1,SOUND_SELECT1_BOMBER
UNIT_BOMBER,32,kv,SoundSelect2,SOUND_SELECT2_BOMBER
UNIT_BOMBER,33,kv,SoundMove,SOUND_MOVE_BOMBER
UNIT_BOMBER,34,kv,SoundAcknowledge,SOUND_ACKNOWLEDGE_BOMBER
UNIT_BOMBER,35,kv,SoundCantMove,SOUND_CANTMOVE_BOMBER
UNIT_BOMBER,36,kv,SoundAttack,SOUND_ATTACK_BOMBER
UNIT_BOMBER,37,kv,SoundWork,SOUND_WORK_BOMBER
UNIT_BOMBER,38,kv,SoundVictory,SOUND_VICTORY_BOMBER
UNIT_BOMBER,39,kv,SoundDeath,SOUND_DEATH_BOMBER
UNIT_BOMBER,40,sublist,CanAttack,Air
UNIT_BOMBER,41,sublist,CanAttack,Land
UNIT_BOMBER,42,sublist,CanAttack,Mountain
UNIT_BOMBER,43,sublist,CanAttack,Sea
UNIT_BOMBER,44,sublist,CanAttack,ShallowWater
UNIT_BOMBER,45,sublist,CanBombard,Land
UNIT_BOMBER,46,sublist,CanBombard,Mountain
UNIT_BOMBER,47,sublist,CanBombard,Water
UNIT_BOMBER,48,sublist,CanCarry,SmallAir
UNIT_BOMBER,49,sublist,CanSee,Standard
UNIT_BOMBER,50,sublist,MovementType,Air
UNIT_BOMBER,51,sublist,Size,Medium
UNIT_BOMBER,52,sublist,VisionClass,Standard
UNIT_BOMBER,53,nested,CargoData,"[{""t"": ""kv"", ""k"": ""MaxCargo"", ""v"": ""1""}, {""t"": ""kv"", ""k"": ""Load"", ""v"": ""SOUND_ID_BOMBER_LOAD""}, {""t"": ""kv"", ""k"": ""Unload"", ""v"": ""SOUND_ID_BOMBER_UNLOAD""}]"
UNIT_CANNON,0,kv,Description,DESCRIPTION_UNIT_CANNON
UNIT_CANNON,1,kv,DefaultIcon,ICON_UNIT_CANNON
UNIT_CANNON,2,kv,DefaultSprite,SPRITE_CANNON
UNIT_CANNON,3,kv,Category,UNIT_CATEGORY_RANGED
UNIT_CANNON,4,kv,Attack,10
UNIT_CANNON,5,kv,Defense,15
UNIT_CANNON,6,kv,ZBRangeAttack,50
UNIT_CANNON,7,kv,Firepower,3
UNIT_CANNON,8,kv,Armor,1
UNIT_CANNON,9,kv,MaxHP,10
UNIT_CANNON,10,kv,ShieldCost,1200
UNIT_CANNON,11,kv,PowerPoints,400
UNIT_CANNON,12,kv,ShieldHunger,12
UNIT_CANNON,13,kv,GoldHunger,20
UNIT_CANNON,14,kv,FoodHunger,0
UNIT_CANNON,15,kv,MaxMovePoints,200
UNIT_CANNON,16,kv,VisionRange,2
UNIT_CANNON,17,kv,EnableAdvance,ADVANCE_CANNON_MAKING
UNIT_CANNON,18,kv,ObsoleteAdvance,ADVANCE_CYBERNETICS
UNIT_CANNON,19,kv,UpgradeTo,UNIT_ARTILLERY
UNIT_CANNON,20,kv,UpgradeTo,UNIT_MOBILE_SAM
UNIT_CANNON,21,kv,UpgradeTo,UNIT_WAR_WALKER
UNIT_CANNON,22,kv,BombRounds,5
UNIT_CANNON,23,kv,BombardRange,1
UNIT_CANNON,24,kv,ActiveDefenseRange,0
UNIT_CANNON,25,flag,LossMoveToDmgNone,
UNIT_CANNON,26,kv,MaxFuel,0
UNIT_CANNON,27,flag,CanEntrench,
UNIT_CANNON,28,flag,CanExpel,
UNIT_CANNON,29,flag,CanPillage,
UNIT_CANNON,30,flag,CanPirate,
UNIT_CANNON,31,flag,ExertsMartialLaw,
UNIT_CANNON,32,flag,DeathEffectsHappy,
UNIT_CANNON,33,flag,Explodes,
UNIT_CANNON,34,kv,SoundSelect1,SOUND_SELECT1_CANNON
UNIT_CANNON,35,kv,SoundSelect2,SOUND_SELECT2_CANNON
UNIT_CANNON,36,kv,SoundMove,SOUND_MOVE_CANNON
UNIT_CANNON,37,kv,SoundAcknowledge,SOUND_ACKNOWLEDGE_CANNON
UNIT_CANNON,38,kv,SoundCantMove,SOUND_CANTMOVE_CANNON
UNIT_CANNON,39,kv,SoundAttack,SOUND_ATTACK_CANNON
UNIT_CANNON,40,kv,SoundWork,SOUND_WORK_CANNON
UNIT_CANNON,41,kv,SoundVictory,SOUND_VICTORY_CANNON
UNIT_CANNON,42,kv,SoundDeath,SOUND_DEATH_CANNON
UNIT_CANNON,43,sublist,CanAttack,Air
UNIT_CANNON,44,sublist,CanAttack,Land
UNIT_CANNON,45,sublist,CanAttack,Mountain
UNIT_CANNON,46,sublist,CanBombard,Land
UNIT_CANNON,47,sublist,CanBombard,Mountain
UNIT_CANNON,48,sublist,CanSee,Standard
UNIT_CANNON,49,sublist,MovementType,Land
UNIT_CANNON,50,sublist,Size,Medium
UNIT_CANNON,51,sublist,VisionClass,Standard
UNIT_CANNON,52,nested,CanReform,"[{""t"": ""kv"", ""k"": ""Sound"", ""v"": ""SOUND_ID_REFORM_CITY""}, {""t"": ""kv"", ""k"": ""Effect"", ""v"": ""SPECEFFECT_REFORMCITY""}]"
UNIT_CARAVAN,0,kv,Description,DESCRIPTION_UNIT_WARRIOR
UNIT_CARAVAN,1,kv,DefaultIcon,ICON_UNIT_CARAVAN
UNIT_CARAVAN,2,kv,DefaultSprite,SPRITE_WARRIOR
UNIT_CARAVAN,3,kv,Category,UNIT_CATEGORY_SPECIAL
UNIT_CARAVAN,4,kv,Attack,0
UNIT_CARAVAN,5,kv,Defense,0
UNIT_CARAVAN,6,kv,ZBRangeAttack,0
UNIT_CARAVAN,7,kv,Firepower,0
UNIT_CARAVAN,8,kv,Armor,0
UNIT_CARAVAN,9,kv,MaxHP,10
UNIT_CARAVAN,10,kv,ShieldCost,380
UNIT_CARAVAN,11,kv,PowerPoints,100
UNIT_CARAVAN,12,kv,ShieldHunger,0
UNIT_CARAVAN,13,kv,GoldHunger,0
UNIT_CARAVAN,14,kv,FoodHunger,0
UNIT_CARAVAN,15,kv,MaxMovePoints,1
UNIT_CARAVAN,16,kv,VisionRange,0
UNIT_CARAVAN,17,kv,EnableAdvance,ADVANCE_TRADE
UNIT_CARAVAN,18,kv,ObsoleteAdvance,ADVANCE_GLOBAL_ECONOMICS
UNIT_CARAVAN,19,kv,ActiveDefenseRange,0
UNIT_CARAVAN,20,kv,MaxFuel,0
UNIT_CARAVAN,21,flag,IsTrader,
UNIT_CARAVAN,22,kv,SoundSelect1,SOUND_SELECT1_CARAVAN
UNIT_CARAVAN,23,kv,SoundSelect2,SOUND_SELECT2_CARAVAN
UNIT_CARAVAN,24,kv,SoundMove,SOUND_MOVE_CARAVAN
UNIT_CARAVAN,25,kv,SoundAcknowledge,SOUND_ACKNOWLEDGE_CARAVAN
UNIT_CARAVAN,26,kv,SoundCantMove,SOUND_CANTMOVE_CARAVAN
UNIT_CARAVAN,27,kv,SoundAttack,SOUND_ATTACK_CARAVAN
UNIT_CARAVAN,28,kv,SoundWork,SOUND_WORK_CARAVAN
UNIT_CARAVAN,29,kv,SoundVictory,SOUND_VICTORY_CARAVAN
UNIT_CARAVAN,30,kv,SoundDeath,SOUND_DEATH_CARAVAN
UNIT_CARAVAN,31,sublist,CanSee,Standard
UNIT_CARAVAN,32,sublist,MovementType,Trade
UNIT_CARAVAN,33,sublist,Size,Small
UNIT_CARAVAN,34,sublist,VisionClass,Standard
UNIT_CARGO_HELICOPTER,0,kv,Description,DESCRIPTION_UNIT_CARGO_HELICOPTER
UNIT_CARGO_HELICOPTER,1,kv,DefaultIcon,ICON_UNIT_CARGO_HELICOPTER
UNIT_CARGO_HELICOPTER,2,kv,DefaultSprite,SPRITE_CARGO_HELICOPTER
UNIT_CARGO_HELICOPTER,3,kv,Category,UNIT_CATEGORY_AERIAL
UNIT_CARGO_HELICOPTER,4,kv,Attack,0
UNIT_CARGO_HELICOPTER,5,kv,Defense,10
UNIT_CARGO_HELICOPTER,6,kv,ZBRangeAttack,0
UNIT_CARGO_HELICOPTER,7,kv,Firepower,1
UNIT_CARGO_HELICOPTER,8,kv,Armor,1
UNIT_CARGO_HELICOPTER,9,kv,MaxHP,10
UNIT_CARGO_HELICOPTER,10,kv,ShieldCost,1500
UNIT_CARGO_HELICOPTER,11,kv,PowerPoints,100
UNIT_CARGO_HELICOPTER,12,kv,ShieldHunger,15
UNIT_CARGO_HELICOPTER,13,kv,GoldHunger,45
UNIT_CARGO_HELICOPTER,14,kv,FoodHunger,0
UNIT_CARGO_HELICOPTER,15,kv,MaxMovePoints,600
UNIT_CARGO_HELICOPTER,16,kv,VisionRange,3
UNIT_CARGO_HELICOPTER,17,kv,EnableAdvance,ADVANCE_VERTICAL_FLIGHT_AIRCRAFT
UNIT_CARGO_HELICOPTER,18,kv,ActiveDefenseRange,0
UNIT_CARGO_HELICOPTER,19,flag,LossMoveToDmgNone,
UNIT_CARGO_HELICOPTER,20,kv,MaxFuel,0
UNIT_CARGO_HELICOPTER,21,flag,IgnoreZOC,
UNIT_CARGO_HELICOPTER,22,flag,NoZoc,
UNIT_CARGO_HELICOPTER,23,flag,CantCaptureCity,
UNIT_CARGO_HELICOPTER,24,flag,DeathEffectsHappy,
UNIT_CARGO_HELICOPTER,25,flag,ParatrooperTransport,
UNIT_CARGO_HELICOPTER,26,flag,Explodes,
UNIT_CARGO_HELICOPTER,27,kv,SoundSelect1,SOUND_SELECT1_CARGO_HELICOPTER
UNIT_CARGO_HELICOPTER,28,kv,SoundSelect2,SOUND_SELECT2_CARGO_HELICOPTER
UNIT_CARGO_HELICOPTER,29,kv,SoundMove,SOUND_MOVE_CARGO_HELICOPTER
UNIT_CARGO_HELICOPTER,30,kv,SoundAcknowledge,SOUND_ACKNOWLEDGE_CARGO_HELICOPTER
UNIT_CARGO_HELICOPTER,31,kv,SoundCantMove,SOUND_CANTMOVE_CARGO_HELICOPTER
UNIT_CARGO_HELICOPTER,32,kv,SoundAttack,SOUND_ATTACK_CARGO_HELICOPTER
UNIT_CARGO_HELICOPTER,33,kv,SoundWork,SOUND_WORK_CARGO_HELICOPTER
UNIT_CARGO_HELICOPTER,34,kv,SoundVictory,SOUND_VICTORY_CARGO_HELICOPTER
UNIT_CARGO_HELICOPTER,35,kv,SoundDeath,SOUND_DEATH_CARGO_HELICOPTER
UNIT_CARGO_HELICOPTER,36,sublist,CanCarry,SmallLand
UNIT_CARGO_HELICOPTER,37,sublist,CanSee,Standard
UNIT_CARGO_HELICOPTER,38,sublist,MovementType,Air
UNIT_CARGO_HELICOPTER,39,sublist,Size,Large
UNIT_CARGO_HELICOPTER,40,sublist,VisionClass,Standard
UNIT_CARGO_HELICOPTER,41,nested,CargoData,"[{""t"": ""kv"", ""k"": ""MaxCargo"", ""v"": ""5""}, {""t"": ""kv"", ""k"": ""Load"", ""v"": ""SOUND_ID_TRIREME_LOAD""}, {""t"": ""kv"", ""k"": ""Unload"", ""v"": ""SOUND_ID_TRIREME_UNLOAD""}]"
UNIT_CARRACK,0,kv,Description,DESCRIPTION_UNIT_GALLEY
UNIT_CARRACK,1,kv,DefaultIcon,ICON_UNIT_CARRACK
UNIT_CARRACK,2,kv,DefaultSprite,SPRITE_GALLEY
UNIT_CARRACK,3,kv,Category,UNIT_CATEGORY_NAVAL
UNIT_CARRACK,4,kv,Attack,0
UNIT_CARRACK,5,kv,Defense,10
UNIT_CARRACK,6,kv,ZBRangeAttack,0
UNIT_CARRACK,7,kv,Firepower,1
UNIT_CARRACK,8,kv,Armor,1
UNIT_CARRACK,9,kv,MaxHP,10
UNIT_CARRACK,10,kv,ShieldCost,920
UNIT_CARRACK,11,kv,PowerPoints,100
UNIT_CARRACK,12,kv,ShieldHunger,9
UNIT_CARRACK,13,kv,GoldHunger,15
UNIT_CARRACK,14,kv,FoodHunger,0
UNIT_CARRACK,15,kv,MaxMovePoints,400
UNIT_CARRACK,16,kv,VisionRange,2
UNIT_CARRACK,17,kv,EnableAdvance,ADVANCE_OCEAN_FARING
UNIT_CARRACK,18,kv,ObsoleteAdvance,ADVANCE_INTERNAL_COMBUSTION
UNIT_CARRACK,19,kv,UpgradeTo,UNIT_TROOP_SHIP
UNIT_CARRACK,20,kv,ActiveDefenseRange,0
UNIT_CARRACK,21,flag,LossMoveToDmgNone,
UNIT_CARRACK,22,kv,MaxFuel,0
UNIT_CARRACK,23,flag,NoZoc,
UNIT_CARRACK,24,flag,CantCaptureCity,
UNIT_CARRACK,25,flag,DeathEffectsHappy,
UNIT_CARRACK,26,flag,WoodenShip,
UNIT_CARRACK,27,kv,SoundSelect1,SOUND_SELECT1_CARRACK
UNIT_CARRACK,28,kv,SoundSelect2,SOUND_SELECT2_CARRACK
UNIT_CARRACK,29,kv,SoundMove,SOUND_MOVE_CARRACK
UNIT_CARRACK,30,kv,SoundAcknowledge,SOUND_ACKNOWLEDGE_CARRACK
UNIT_CARRACK,31,kv,SoundCantMove,SOUND_CANTMOVE_CARRACK
UNIT_CARRACK,32,kv,SoundAttack,SOUND_ATTACK_CARRACK
UNIT_CARRACK,33,kv,SoundWork,SOUND_WORK_CARRACK
UNIT_CARRACK,34,kv,SoundVictory,SOUND_VICTORY_CARRACK
UNIT_CARRACK,35,kv,SoundDeath,SOUND_DEATH_CARRACK
UNIT_CARRACK,36,sublist,CanCarry,MedLand
UNIT_CARRACK,37,sublist,CanCarry,SmallLand
UNIT_CARRACK,38,sublist,CanSee,Standard
UNIT_CARRACK,39,sublist,MovementType,Sea
UNIT_CARRACK,40,sublist,MovementType,ShallowWater
UNIT_CARRACK,41,sublist,Size,Large
UNIT_CARRACK,42,sublist,VisionClass,Standard
UNIT_CARRACK,43,nested,CargoData,"[{""t"": ""kv"", ""k"": ""MaxCargo"", ""v"": ""3""}, {""t"": ""kv"", ""k"": ""Load"", ""v"": ""SOUND_ID_TRIREME_LOAD""}, {""t"": ""kv"", ""k"": ""Unload"", ""v"": ""SOUND_ID_TRIREME_UNLOAD""}]"
UNIT_CATAMARAN,0,kv,Description,DESCRIPTION_UNIT_CATAMARAN
UNIT_CATAMARAN,1,kv,DefaultIcon,ICON_UNIT_CATAMARANS
UNIT_CATAMARAN,2,kv,DefaultSprite,SPRITE_CATAMARAN
UNIT_CATAMARAN,3,kv,Category,UNIT_CATEGORY_NAVAL
UNIT_CATAMARAN,4,kv,Attack,0
UNIT_CATAMARAN,5,kv,Defense,10
UNIT_CATAMARAN,6,kv,ZBRangeAttack,0
UNIT_CATAMARAN,7,kv,Firepower,1
UNIT_CATAMARAN,8,kv,Armor,1
UNIT_CATAMARAN,9,kv,MaxHP,10
UNIT_CATAMARAN,10,kv,ShieldCost,225
UNIT_CATAMARAN,11,kv,PowerPoints,100
UNIT_CATAMARAN,12,kv,ShieldHunger,2
UNIT_CATAMARAN,13,kv,GoldHunger,5
UNIT_CATAMARAN,14,kv,FoodHunger,0
UNIT_CATAMARAN,15,kv,MaxMovePoints,200
UNIT_CATAMARAN,16,kv,VisionRange,1
UNIT_CATAMARAN,17,kv,EnableAdvance,ADVANCE_SHIP_BUILDING
UNIT_CATAMARAN,18,kv,ObsoleteAdvance,ADVANCE_HULL_MAKING
UNIT_CATAMARAN,19,kv,UpgradeTo,UNIT_LONGSHIP
UNIT_CATAMARAN,20,kv,UpgradeTo,UNIT_CARRACK
UNIT_CATAMARAN,21,kv,UpgradeTo,UNIT_TROOP_SHIP
UNIT_CATAMARAN,22,kv,ActiveDefenseRange,0
UNIT_CATAMARAN,23,flag,LossMoveToDmgNone,
UNIT_CATAMARAN,24,kv,MaxFuel,0
UNIT_CATAMARAN,25,flag,NoZoc,
UNIT_CATAMARAN,26,flag,CantCaptureCity,
UNIT_CATAMARAN,27,flag,DeathEffectsHappy,
UNIT_CATAMARAN,28,flag,WoodenShip,
UNIT_CATAMARAN,29,kv,SoundSelect1,SOUND_SELECT1_CATAMARAN
UNIT_CATAMARAN,30,kv,SoundSelect2,SOUND_SELECT2_CATAMARAN
UNIT_CATAMARAN,31,kv,SoundMove,SOUND_MOVE_CATAMARAN
UNIT_CATAMARAN,32,kv,SoundAcknowledge,SOUND_ACKNOWLEDGE_CATAMARAN
UNIT_CATAMARAN,33,kv,SoundCantMove,SOUND_CANTMOVE_CATAMARAN
UNIT_CATAMARAN,34,kv,SoundAttack,SOUND_ATTACK_CATAMARAN
UNIT_CATAMARAN,35,kv,SoundWork,SOUND_WORK_CATAMARAN
UNIT_CATAMARAN,36,kv,SoundVictory,SOUND_VICTORY_CATAMARAN
UNIT_CATAMARAN,37,kv,SoundDeath,SOUND_DEATH_CATAMARAN
UNIT_CATAMARAN,38,sublist,CanCarry,MedLand
UNIT_CATAMARAN,39,sublist,CanCarry,SmallLand
UNIT_CATAMARAN,40,sublist,CanSee,Standard
UNIT_CATAMARAN,41,sublist,MovementType,ShallowWater
UNIT_CATAMARAN,42,sublist,Size,Large
UNIT_CATAMARAN,43,sublist,VisionClass,Standard
UNIT_CATAMARAN,44,nested,CargoData,"[{""t"": ""kv"", ""k"": ""MaxCargo"", ""v"": ""1""}, {""t"": ""kv"", ""k"": ""Load"", ""v"": ""SOUND_ID_TRIREME_LOAD""}, {""t"": ""kv"", ""k"": ""Unload"", ""v"": ""SOUND_ID_TRIREME_UNLOAD""}]"
UNIT_CATAPULT,0,kv,Description,DESCRIPTION_UNIT_CATAPULT
UNIT_CATAPULT,1,kv,DefaultIcon,ICON_UNIT_CATAPULT
UNIT_CATAPULT,2,kv,DefaultSprite,SPRITE_CATAPULT
UNIT_CATAPULT,3,kv,Category,UNIT_CATEGORY_RANGED
UNIT_CATAPULT,4,kv,Attack,10
UNIT_CATAPULT,5,kv,Defense,10
UNIT_CATAPULT,6,kv,ZBRangeAttack,30
UNIT_CATAPULT,7,kv,Firepower,2
UNIT_CATAPULT,8,kv,Armor,1
UNIT_CATAPULT,9,kv,MaxHP,10
UNIT_CATAPULT,10,kv,ShieldCost,740
UNIT_CATAPULT,11,kv,PowerPoints,100
UNIT_CATAPULT,12,kv,ShieldHunger,8
UNIT_CATAPULT,13,kv,GoldHunger,16
UNIT_CATAPULT,14,kv,FoodHunger,0
UNIT_CATAPULT,15,kv,MaxMovePoints,100
UNIT_CATAPULT,16,kv,VisionRange,2
UNIT_CATAPULT,17,kv,EnableAdvance,ADVANCE_GEOMETRY
UNIT_CATAPULT,18,kv,ObsoleteAdvance,ADVANCE_EXPLOSIVES
UNIT_CATAPULT,19,kv,UpgradeTo,UNIT_CANNON
UNIT_CATAPULT,20,kv,UpgradeTo,UNIT_ARTILLERY
UNIT_CATAPULT,21,kv,UpgradeTo,UNIT_MOBILE_SAM
UNIT_CATAPULT,22,kv,UpgradeTo,UNIT_WAR_WALKER
UNIT_CATAPULT,23,kv,BombRounds,5
UNIT_CATAPULT,24,kv,BombardRange,1
UNIT_CATAPULT,25,kv,ActiveDefenseRange,0
UNIT_CATAPULT,26,flag,LossMoveToDmgNone,
UNIT_CATAPULT,27,kv,MaxFuel,0
UNIT_CATAPULT,28,flag,CanEntrench,
UNIT_CATAPULT,29,flag,CanExpel,
UNIT_CATAPULT,30,flag,CanPillage,
UNIT_CATAPULT,31,flag,CanPirate,
UNIT_CATAPULT,32,flag,ExertsMartialLaw,
UNIT_CATAPULT,33,flag,DeathEffectsHappy,
UNIT_CATAPULT,34,kv,SoundSelect1,SOUND_SELECT1_CATAPULT
UNIT_CATAPULT,35,kv,SoundSelect2,SOUND_SELECT2_CATAPULT
UNIT_CATAPULT,36,kv,SoundMove,SOUND_MOVE_CATAPULT
UNIT_CATAPULT,37,kv,SoundAcknowledge,SOUND_ACKNOWLEDGE_CATAPULT
UNIT_CATAPULT,38,kv,SoundCantMove,SOUND_CANTMOVE_CATAPULT
UNIT_CATAPULT,39,kv,SoundAttack,SOUND_ATTACK_CATAPULT
UNIT_CATAPULT,40,kv,SoundWork,SOUND_WORK_CATAPULT
UNIT_CATAPULT,41,kv,SoundVictory,SOUND_VICTORY_CATAPULT
UNIT_CATAPULT,42,kv,SoundDeath,SOUND_DEATH_CATAPULT
UNIT_CATAPULT,43,sublist,CanAttack,Land
UNIT_CATAPULT,44,sublist,CanAttack,Mountain
UNIT_CATAPULT,45,sublist,CanBombard,Land
UNIT_CATAPULT,46,sublist,CanBombard,Mountain
UNIT_CATAPULT,47,sublist,CanSee,Standard
UNIT_CATAPULT,48,sublist,MovementType,Land
UNIT_CATAPULT,49,sublist,Size,Medium
UNIT_CATAPULT,50,sublist,VisionClass,Standard
UNIT_CATAPULT,51,nested,CanReform,"[{""t"": ""kv"", ""k"": ""Sound"", ""v"": ""SOUND_ID_REFORM_CITY""}, {""t"": ""kv"", ""k"": ""Effect"", ""v"": ""SPECEFFECT_REFORMCITY""}]"
UNIT_CAVALRY,0,kv,Description,DESCRIPTION_UNIT_CAVALRY
UNIT_CAVALRY,1,kv,DefaultIcon,ICON_UNIT_CAVALRY
UNIT_CAVALRY,2,kv,DefaultSprite,SPRITE_CAVALRY
UNIT_CAVALRY,3,kv,Category,UNIT_CATEGORY_FLANKER
UNIT_CAVALRY,4,kv,Attack,35
UNIT_CAVALRY,5,kv,Defense,20
UNIT_CAVALRY,6,kv,ZBRangeAttack,20
UNIT_CAVALRY,7,kv,Firepower,3
UNIT_CAVALRY,8,kv,Armor,1
UNIT_CAVALRY,9,kv,MaxHP,10
UNIT_CAVALRY,10,kv,ShieldCost,1200
UNIT_CAVALRY,11,kv,PowerPoints,700
UNIT_CAVALRY,12,kv,ShieldHunger,12
UNIT_CAVALRY,13,kv,GoldHunger,15
UNIT_CAVALRY,14,kv,FoodHunger,0
UNIT_CAVALRY,15,kv,MaxMovePoints,400
UNIT_CAVALRY,16,kv,VisionRange,2
UNIT_CAVALRY,17,kv,EnableAdvance,ADVANCE_CAVALRY_TACTICS
UNIT_CAVALRY,18,kv,ObsoleteAdvance,ADVANCE_TANK_WARFARE
UNIT_CAVALRY,19,kv,UpgradeTo,UNIT_TANK
UNIT_CAVALRY,20,kv,UpgradeTo,UNIT_FUSION_TANK
UNIT_CAVALRY,21,kv,ActiveDefenseRange,0
UNIT_CAVALRY,22,flag,LossMoveToDmgNone,
UNIT_CAVALRY,23,kv,MaxFuel,0
UNIT_CAVALRY,24,flag,CanEntrench,
UNIT_CAVALRY,25,flag,CanExpel,
UNIT_CAVALRY,26,flag,CanPillage,
UNIT_CAVALRY,27,flag,CanPirate,
UNIT_CAVALRY,28,flag,ExertsMartialLaw,
UNIT_CAVALRY,29,flag,DeathEffectsHappy,
UNIT_CAVALRY,30,flag,IsFlanker,
UNIT_CAVALRY,31,flag,IsMounted,
UNIT_CAVALRY,32,kv,SoundSelect1,SOUND_SELECT1_CAVALRY
UNIT_CAVALRY,33,kv,SoundSelect2,SOUND_SELECT2_CAVALRY
UNIT_CAVALRY,34,kv,SoundMove,SOUND_MOVE_CAVALRY
UNIT_CAVALRY,35,kv,SoundAcknowledge,SOUND_ACKNOWLEDGE_CAVALRY
UNIT_CAVALRY,36,kv,SoundCantMove,SOUND_CANTMOVE_CAVALRY
UNIT_CAVALRY,37,kv,SoundAttack,SOUND_ATTACK_CAVALRY
UNIT_CAVALRY,38,kv,SoundWork,SOUND_WORK_CAVALRY
UNIT_CAVALRY,39,kv,SoundVictory,SOUND_VICTORY_CAVALRY
UNIT_CAVALRY,40,kv,SoundDeath,SOUND_DEATH_CAVALRY
UNIT_CAVALRY,41,sublist,CanAttack,Land
UNIT_CAVALRY,42,sublist,CanSee,Standard
UNIT_CAVALRY,43,sublist,MovementType,Land
UNIT_CAVALRY,44,sublist,Size,Medium
UNIT_CAVALRY,45,sublist,VisionClass,Standard
UNIT_CAVALRY,46,nested,CanReform,"[{""t"": ""kv"", ""k"": ""Sound"", ""v"": ""SOUND_ID_REFORM_CITY""}, {""t"": ""kv"", ""k"": ""Effect"", ""v"": ""SPECEFFECT_REFORMCITY""}]"
UNIT_CITY,0,kv,Description,DESCRIPTION_UNIT_CITY
UNIT_CITY,1,kv,DefaultIcon,ICON_UNIT_CITY
UNIT_CITY,2,kv,DefaultSprite,SPRITE_CITY
UNIT_CITY,3,kv,Category,UNIT_CATEGORY_GENERIC
UNIT_CITY,4,kv,Attack,0
UNIT_CITY,5,kv,Defense,0
UNIT_CITY,6,kv,ZBRangeAttack,0
UNIT_CITY,7,kv,Firepower,0
UNIT_CITY,8,kv,Armor,0
UNIT_CITY,9,kv,MaxHP,0
UNIT_CITY,10,kv,ShieldCost,0
UNIT_CITY,11,kv,PowerPoints,1000
UNIT_CITY,12,kv,ShieldHunger,0
UNIT_CITY,13,kv,FoodHunger,0
UNIT_CITY,14,kv,MaxMovePoints,0
UNIT_CITY,15,kv,VisionRange,2
UNIT_CITY,16,kv,ActiveDefenseRange,0
UNIT_CITY,17,flag,LossMoveToDmgNone,
UNIT_CITY,18,kv,MaxFuel,0
UNIT_CITY,19,flag,HasPopAndCanBuild,
UNIT_CITY,20,flag,CantBuild,
UNIT_CITY,21,kv,CityGrowthCoefficient,1
UNIT_CITY,22,flag,NoIndex,
UNIT_CITY,23,flag,GLHidden,
UNIT_CITY,24,flag,CantCaptureCity,
UNIT_CITY,25,flag,NeedsNoSupport,
UNIT_CITY,26,kv,SoundSelect1,SOUND_SELECT1_CITY
UNIT_CITY,27,kv,SoundSelect2,SOUND_SELECT2_CITY
UNIT_CITY,28,kv,SoundMove,SOUND_MOVE_CITY
UNIT_CITY,29,kv,SoundAcknowledge,SOUND_ACKNOWLEDGE_CITY
UNIT_CITY,30,kv,SoundCantMove,SOUND_CANTMOVE_CITY
UNIT_CITY,31,kv,SoundAttack,SOUND_ATTACK_CITY
UNIT_CITY,32,kv,SoundWork,SOUND_WORK_CITY
UNIT_CITY,33,kv,SoundVictory,SOUND_VICTORY_CITY
UNIT_CITY,34,kv,SoundDeath,SOUND_DEATH_CITY
UNIT_CITY,35,sublist,CanAttack,Land
UNIT_CITY,36,sublist,CanAttack,Mountain
UNIT_CITY,37,sublist,CanSee,Standard
UNIT_CITY,38,sublist,MovementType,Land
UNIT_CITY,39,sublist,MovementType,Mountain
UNIT_CITY,40,sublist,Size,Medium
UNIT_CITY,41,sublist,VisionClass,Standard
UNIT_CITY,42,nested,Revolution,"[{""t"": ""kv"", ""k"": ""Sound"", ""v"": ""SOUND_ID_REVOLUTION""}, {""t"": ""kv"", ""k"": ""Effect"", ""v"": ""SPECEFFECT_REVOLUTION""}]"
UNIT_CLERIC,0,kv,Description,DESCRIPTION_UNIT_CLERIC
UNIT_CLERIC,1,kv,DefaultIcon,ICON_UNIT_CLERIC
UNIT_CLERIC,2,kv,DefaultSprite,SPRITE_CLERIC
UNIT_CLERIC,3,kv,Category,UNIT_CATEGORY_SPECIAL
UNIT_CLERIC,4,kv,Attack,0
UNIT_CLERIC,5,kv,Defense,10
UNIT_CLERIC,6,kv,ZBRangeAttack,0
UNIT_CLERIC,7,kv,Firepower,1
UNIT_CLERIC,8,kv,Armor,1
UNIT_CLERIC,9,kv,MaxHP,10
UNIT_CLERIC,10,kv,ShieldCost,540
UNIT_CLERIC,11,kv,PowerPoints,200
UNIT_CLERIC,12,kv,ShieldHunger,5
UNIT_CLERIC,13,kv,FoodHunger,0
UNIT_CLERIC,14,kv,MaxMovePoints,200
UNIT_CLERIC,15,kv,VisionRange,1
UNIT_CLERIC,16,kv,EnableAdvance,ADVANCE_THEOLOGY
UNIT_CLERIC,17,kv,ObsoleteAdvance,ADVANCE_MASS_MEDIA
UNIT_CLERIC,18,kv,UpgradeTo,UNIT_TELEVANGELIST
UNIT_CLERIC,19,kv,GovernmentType,GOVERNMENT_THEOCRACY
UNIT_CLERIC,20,kv,ActiveDefenseRange,0
UNIT_CLERIC,21,flag,LossMoveToDmgNone,
UNIT_CLERIC,22,kv,MaxFuel,0
UNIT_CLERIC,23,flag,IgnoreZOC,
UNIT_CLERIC,24,flag,NoZoc,
UNIT_CLERIC,25,flag,CanBeExpelled,
UNIT_CLERIC,26,flag,CantCaptureCity,
UNIT_CLERIC,27,flag,DeathEffectsHappy,
UNIT_CLERIC,28,flag,IsSpecialForces,
UNIT_CLERIC,29,flag,Civilian,
UNIT_CLERIC,30,flag,InvisibleForGlobeSat,
UNIT_CLERIC,31,kv,SoundSelect1,SOUND_SELECT1_CLERIC
UNIT_CLERIC,32,kv,SoundSelect2,SOUND_SELECT2_CLERIC
UNIT_CLERIC,33,kv,SoundMove,SOUND_MOVE_CLERIC
UNIT_CLERIC,34,kv,SoundAcknowledge,SOUND_ACKNOWLEDGE_CLERIC
UNIT_CLERIC,35,kv,SoundCantMove,SOUND_CANTMOVE_CLERIC
UNIT_CLERIC,36,kv,SoundAttack,SOUND_ATTACK_CLERIC
UNIT_CLERIC,37,kv,SoundWork,SOUND_WORK_CLERIC
UNIT_CLERIC,38,kv,SoundVictory,SOUND_VICTORY_CLERIC
UNIT_CLERIC,39,kv,SoundDeath,SOUND_DEATH_CLERIC
UNIT_CLERIC,40,sublist,CanSee,Standard
UNIT_CLERIC,41,sublist,CanSee,Stealth
UNIT_CLERIC,42,sublist,MovementType,Land
UNIT_CLERIC,43,sublist,MovementType,Mountain
UNIT_CLERIC,44,sublist,Size,Small
UNIT_CLERIC,45,sublist,VisionClass,Stealth
UNIT_CLERIC,46,nested,CanSoothsay,"[{""t"": ""kv"", ""k"": ""Sound"", ""v"": ""SOUND_ID_CAN_SOOTHSAY_CL""}, {""t"": ""kv"", ""k"": ""Effect"", ""v"": ""SPECEFFECT_CAN_SOOTHSAY""}]"
UNIT_CLERIC,47,nested,CauseUnhappiness,"[{""t"": ""kv"", ""k"": ""Chance"", ""v"": ""1""}, {""t"": ""kv"", ""k"": ""Timer"", ""v"": ""1""}, {""t"": ""kv"", ""k"": ""Amount"", ""v"": ""5""}, {""t"": ""kv"", ""k"": ""Sound"", ""v"": ""SOUND_ID_CAN_SOOTHSAY_CL""}, {""t"": ""kv"", ""k"": ""Effect"", ""v"": ""SPECEFFECT_CAN_SOOTHSAY""}]"
UNIT_CLERIC,48,nested,ConvertCities,"[{""t"": ""kv"", ""k"": ""Chance"", ""v"": ""0.75""}, {""t"": ""kv"", ""k"": ""DeathChance"", ""v"": ""0.5""}, {""t"": ""kv"", ""k"": ""Sound"", ""v"": ""SOUND_ID_CONVERT_CITIES_CL""}, {""t"": ""kv"", ""k"": ""Effect"", ""v"": ""SPECEFFECT_CONVERT_CITIES""}]"
UNIT_CLERIC,49,nested,IndulgenceSales,"[{""t"": ""kv"", ""k"": ""Sound"", ""v"": ""SOUND_ID_INDULGENCE_SALES_CL""}, {""t"": ""kv"", ""k"": ""Effect"", ""v"": ""SPECEFFECT_INDULGENCE_SALES""}]"
UNIT_CORPORATE_BRANCH,0,kv,Description,DESCRIPTION_UNIT_CORPORATE_BRANCH
UNIT_CORPORATE_BRANCH,1,kv,DefaultIcon,ICON_UNIT_CORPORATE_BRANCH
UNIT_CORPORATE_BRANCH,2,kv,DefaultSprite,SPRITE_CORPORATE_BRANCH
UNIT_CORPORATE_BRANCH,3,kv,Category,UNIT_CATEGORY_SPECIAL
UNIT_CORPORATE_BRANCH,4,kv,Attack,0
UNIT_CORPORATE_BRANCH,5,kv,Defense,10
UNIT_CORPORATE_BRANCH,6,kv,ZBRangeAttack,0
UNIT_CORPORATE_BRANCH,7,kv,Firepower,1
UNIT_CORPORATE_BRANCH,8,kv,Armor,1
UNIT_CORPORATE_BRANCH,9,kv,MaxHP,10
UNIT_CORPORATE_BRANCH,10,kv,ShieldCost,1500
UNIT_CORPORATE_BRANCH,11,kv,PowerPoints,2000
UNIT_CORPORATE_BRANCH,12,kv,ShieldHunger,15
UNIT_CORPORATE_BRANCH,13,kv,FoodHunger,0
UNIT_CORPORATE_BRANCH,14,kv,MaxMovePoints,300
UNIT_CORPORATE_BRANCH,15,kv,VisionRange,2
UNIT_CORPORATE_BRANCH,16,kv,EnableAdvance,ADVANCE_CORPORATION
UNIT_CORPORATE_BRANCH,17,kv,ActiveDefenseRange,0
UNIT_CORPORATE_BRANCH,18,flag,LossMoveToDmgNone,
UNIT_CORPORATE_BRANCH,19,kv,MaxFuel,0
UNIT_CORPORATE_BRANCH,20,flag,IgnoreZOC,
UNIT_CORPORATE_BRANCH,21,flag,NoZoc,
UNIT_CORPORATE_BRANCH,22,flag,CanBeSued,
UNIT_CORPORATE_BRANCH,23,flag,CanBeExpelled,
UNIT_CORPORATE_BRANCH,24,flag,CantCaptureCity,
UNIT_CORPORATE_BRANCH,25,flag,DeathEffectsHappy,
UNIT_CORPORATE_BRANCH,26,flag,Advertise,
UNIT_CORPORATE_BRANCH,27,flag,IsSpecialForces,
UNIT_CORPORATE_BRANCH,28,flag,Civilian,
UNIT_CORPORATE_BRANCH,29,flag,InvisibleForGlobeSat,
UNIT_CORPORATE_BRANCH,30,kv,SoundSelect1,SOUND_SELECT1_CORPORATE_BRANCH
UNIT_CORPORATE_BRANCH,31,kv,SoundSelect2,SOUND_SELECT2_CORPORATE_BRANCH
UNIT_CORPORATE_BRANCH,32,kv,SoundMove,SOUND_MOVE_CORPORATE_BRANCH
UNIT_CORPORATE_BRANCH,33,kv,SoundAcknowledge,SOUND_ACKNOWLEDGE_CORPORATE_BRANCH
UNIT_CORPORATE_BRANCH,34,kv,SoundCantMove,SOUND_CANTMOVE_CORPORATE_BRANCH
UNIT_CORPORATE_BRANCH,35,kv,SoundAttack,SOUND_ATTACK_CORPORATE_BRANCH
UNIT_CORPORATE_BRANCH,36,kv,SoundWork,SOUND_WORK_CORPORATE_BRANCH
UNIT_CORPORATE_BRANCH,37,kv,SoundVictory,SOUND_VICTORY_CORPORATE_BRANCH
UNIT_CORPORATE_BRANCH,38,kv,SoundDeath,SOUND_DEATH_CORPORATE_BRANCH
UNIT_CORPORATE_BRANCH,39,sublist,CanSee,Standard
UNIT_CORPORATE_BRANCH,40,sublist,CanSee,Stealth
UNIT_CORPORATE_BRANCH,41,sublist,MovementType,Land
UNIT_CORPORATE_BRANCH,42,sublist,MovementType,Mountain
UNIT_CORPORATE_BRANCH,43,sublist,Size,Small
UNIT_CORPORATE_BRANCH,44,sublist,VisionClass,Stealth
UNIT_CORPORATE_BRANCH,45,nested,CauseUnhappiness,"[{""t"": ""kv"", ""k"": ""Chance"", ""v"": ""1""}, {""t"": ""kv"", ""k"": ""Timer"", ""v"": ""1""}, {""t"": ""kv"", ""k"": ""Amount"", ""v"": ""5""}, {""t"": ""kv"", ""k"": ""Sound"", ""v"": ""SOUND_ID_ADVERTISE""}, {""t"": ""kv"", ""k"": ""Effect"", ""v"": ""SPECEFFECT_ADVERTISE""}]"
UNIT_CORPORATE_BRANCH,46,nested,CreateFranchise,"[{""t"": ""kv"", ""k"": ""Chance"", ""v"": ""0.75""}, {""t"": ""kv"", ""k"": ""Sound"", ""v"": ""SOUND_ID_CREATE_FRANCHISE""}, {""t"": ""kv"", ""k"": ""Effect"", ""v"": ""SPECEFFECT_CREATE_FRANCHISE""}]"
UNIT_CRAWLER,0,kv,Description,DESCRIPTION_UNIT_CRAWLER
UNIT_CRAWLER,1,kv,DefaultIcon,ICON_UNIT_CRAWLER
UNIT_CRAWLER,2,kv,DefaultSprite,SPRITE_CRAWLER
UNIT_CRAWLER,3,kv,Category,UNIT_CATEGORY_UNDERSEA
UNIT_CRAWLER,4,kv,Attack,0
UNIT_CRAWLER,5,kv,Defense,10
UNIT_CRAWLER,6,kv,ZBRangeAttack,0
UNIT_CRAWLER,7,kv,Firepower,1
UNIT_CRAWLER,8,kv,Armor,1
UNIT_CRAWLER,9,kv,MaxHP,10
UNIT_CRAWLER,10,kv,ShieldCost,3750
UNIT_CRAWLER,11,kv,PowerPoints,5000
UNIT_CRAWLER,12,kv,ShieldHunger,38
UNIT_CRAWLER,13,kv,GoldHunger,200
UNIT_CRAWLER,14,kv,FoodHunger,0
UNIT_CRAWLER,15,kv,MaxMovePoints,300
UNIT_CRAWLER,16,kv,VisionRange,3
UNIT_CRAWLER,17,kv,EnableAdvance,ADVANCE_ULTRAPRESSURE_MACHINERY
UNIT_CRAWLER,18,kv,ActiveDefenseRange,0
UNIT_CRAWLER,19,flag,LossMoveToDmgNone,
UNIT_CRAWLER,20,kv,MaxFuel,0
UNIT_CRAWLER,21,flag,IgnoreZOC,
UNIT_CRAWLER,22,flag,NoZoc,
UNIT_CRAWLER,23,flag,CantCaptureCity,
UNIT_CRAWLER,24,flag,DeathEffectsHappy,
UNIT_CRAWLER,25,flag,IsSubmarine,
UNIT_CRAWLER,26,flag,Explodes,
UNIT_CRAWLER,27,kv,SoundSelect1,SOUND_SELECT1_CRAWLER
UNIT_CRAWLER,28,kv,SoundSelect2,SOUND_SELECT2_CRAWLER
UNIT_CRAWLER,29,kv,SoundMove,SOUND_MOVE_CRAWLER
UNIT_CRAWLER,30,kv,SoundAcknowledge,SOUND_ACKNOWLEDGE_CRAWLER
UNIT_CRAWLER,31,kv,SoundCantMove,SOUND_CANTMOVE_CRAWLER
UNIT_CRAWLER,32,kv,SoundAttack,SOUND_ATTACK_CRAWLER
UNIT_CRAWLER,33,kv,SoundWork,SOUND_WORK_CRAWLER
UNIT_CRAWLER,34,kv,SoundVictory,SOUND_VICTORY_CRAWLER
UNIT_CRAWLER,35,kv,SoundDeath,SOUND_DEATH_CRAWLER
UNIT_CRAWLER,36,sublist,CanCarry,MedLand
UNIT_CRAWLER,37,sublist,CanCarry,SmallLand
UNIT_CRAWLER,38,sublist,CanSee,Standard
UNIT_CRAWLER,39,sublist,CanSee,Underwater
UNIT_CRAWLER,40,sublist,MovementType,Sea
UNIT_CRAWLER,41,sublist,MovementType,ShallowWater
UNIT_CRAWLER,42,sublist,Size,Large
UNIT_CRAWLER,43,sublist,VisionClass,Underwater
UNIT_CRAWLER,44,nested,CargoData,"[{""t"": ""kv"", ""k"": ""MaxCargo"", ""v"": ""5""}, {""t"": ""kv"", ""k"": ""Load"", ""v"": ""SOUND_ID_CRAWLER_LOAD""}, {""t"": ""kv"", ""k"": ""Unload"", ""v"": ""SOUND_ID_CRAWLER_UNLOAD""}]"
UNIT_CRUISE_MISSILE,0,kv,Description,DESCRIPTION_UNIT_CRUISE_MISSILE
UNIT_CRUISE_MISSILE,1,kv,DefaultIcon,ICON_UNIT_CRUISE_MISSILE
UNIT_CRUISE_MISSILE,2,kv,DefaultSprite,SPRITE_CRUISE_MISSILE
UNIT_CRUISE_MISSILE,3,kv,Category,UNIT_CATEGORY_AERIAL
UNIT_CRUISE_MISSILE,4,kv,Attack,60
UNIT_CRUISE_MISSILE,5,kv,Defense,10
UNIT_CRUISE_MISSILE,6,kv,ZBRangeAttack,60
UNIT_CRUISE_MISSILE,7,kv,Firepower,1
UNIT_CRUISE_MISSILE,8,kv,Armor,1
UNIT_CRUISE_MISSILE,9,kv,MaxHP,10
UNIT_CRUISE_MISSILE,10,kv,ShieldCost,1800
UNIT_CRUISE_MISSILE,11,kv,PowerPoints,100
UNIT_CRUISE_MISSILE,12,kv,ShieldHunger,20
UNIT_CRUISE_MISSILE,13,kv,GoldHunger,0
UNIT_CRUISE_MISSILE,14,kv,FoodHunger,0
UNIT_CRUISE_MISSILE,15,kv,MaxMovePoints,1000
UNIT_CRUISE_MISSILE,16,kv,VisionRange,2
UNIT_CRUISE_MISSILE,17,kv,EnableAdvance,ADVANCE_GUIDED_WEAPON_SYSTEMS
UNIT_CRUISE_MISSILE,18,kv,BombRounds,10
UNIT_CRUISE_MISSILE,19,kv,BombardRange,1
UNIT_CRUISE_MISSILE,20,kv,ActiveDefenseRange,0
UNIT_CRUISE_MISSILE,21,flag,LossMoveToDmgNone,
UNIT_CRUISE_MISSILE,22,flag,NoFuelThenCrash,
UNIT_CRUISE_MISSILE,23,kv,MaxFuel,1000
UNIT_CRUISE_MISSILE,24,flag,IgnoreZOC,
UNIT_CRUISE_MISSILE,25,flag,NoZoc,
UNIT_CRUISE_MISSILE,26,flag,CanBeachAssault,
UNIT_CRUISE_MISSILE,27,flag,CantCaptureCity,
UNIT_CRUISE_MISSILE,28,flag,SingleUse,
UNIT_CRUISE_MISSILE,29,flag,Explodes,
UNIT_CRUISE_MISSILE,30,kv,SoundSelect1,SOUND_SELECT1_CRUISE_MISSILE
UNIT_CRUISE_MISSILE,31,kv,SoundSelect2,SOUND_SELECT2_CRUISE_MISSILE
UNIT_CRUISE_MISSILE,32,kv,SoundMove,SOUND_MOVE_CRUISE_MISSILE
UNIT_CRUISE_MISSILE,33,kv,SoundAcknowledge,SOUND_ACKNOWLEDGE_CRUISE_MISSILE
UNIT_CRUISE_MISSILE,34,kv,SoundCantMove,SOUND_CANTMOVE_CRUISE_MISSILE
UNIT_CRUISE_MISSILE,35,kv,SoundAttack,SOUND_ATTACK_CRUISE_MISSILE
UNIT_CRUISE_MISSILE,36,kv,SoundWork,SOUND_WORK_CRUISE_MISSILE
UNIT_CRUISE_MISSILE,37,kv,SoundVictory,SOUND_VICTORY_CRUISE_MISSILE
UNIT_CRUISE_MISSILE,38,kv,SoundDeath,SOUND_DEATH_CRUISE_MISSILE
UNIT_CRUISE_MISSILE,39,sublist,CanAttack,Land
UNIT_CRUISE_MISSILE,40,sublist,CanAttack,Mountain
UNIT_CRUISE_MISSILE,41,sublist,CanAttack,Air
UNIT_CRUISE_MISSILE,42,sublist,CanAttack,Sea
UNIT_CRUISE_MISSILE,43,sublist,CanAttack,ShallowWater
UNIT_CRUISE_MISSILE,44,sublist,CanSee,Standard
UNIT_CRUISE_MISSILE,45,sublist,MovementType,Air
UNIT_CRUISE_MISSILE,46,sublist,Size,Small
UNIT_CRUISE_MISSILE,47,sublist,VisionClass,Standard
UNIT_CYBER_NINJA,0,kv,Description,DESCRIPTION_UNIT_CYBER_NINJA
UNIT_CYBER_NINJA,1,kv,DefaultIcon,ICON_UNIT_CYBER_NINJA
UNIT_CYBER_NINJA,2,kv,DefaultSprite,SPRITE_CYBER_NINJA
UNIT_CYBER_NINJA,3,kv,Category,UNIT_CATEGORY_SPECIAL
UNIT_CYBER_NINJA,4,kv,Attack,0
UNIT_CYBER_NINJA,5,kv,Defense,10
UNIT_CYBER_NINJA,6,kv,ZBRangeAttack,0
UNIT_CYBER_NINJA,7,kv,Firepower,1
UNIT_CYBER_NINJA,8,kv,Armor,1
UNIT_CYBER_NINJA,9,kv,MaxHP,10
UNIT_CYBER_NINJA,10,kv,ShieldCost,2500
UNIT_CYBER_NINJA,11,kv,PowerPoints,2500
UNIT_CYBER_NINJA,12,kv,ShieldHunger,25
UNIT_CYBER_NINJA,13,kv,GoldHunger,100
UNIT_CYBER_NINJA,14,kv,FoodHunger,0
UNIT_CYBER_NINJA,15,kv,MaxMovePoints,400
UNIT_CYBER_NINJA,16,kv,VisionRange,3
UNIT_CYBER_NINJA,17,kv,EnableAdvance,ADVANCE_NEURAL_INTERFACE
UNIT_CYBER_NINJA,18,kv,ActiveDefenseRange,0
UNIT_CYBER_NINJA,19,flag,LossMoveToDmgNone,
UNIT_CYBER_NINJA,20,kv,MaxFuel,0
UNIT_CYBER_NINJA,21,flag,IgnoreZOC,
UNIT_CYBER_NINJA,22,flag,NoZoc,
UNIT_CYBER_NINJA,23,flag,CanBeExpelled,
UNIT_CYBER_NINJA,24,flag,CantCaptureCity,
UNIT_CYBER_NINJA,25,flag,IsSpecialForces,
UNIT_CYBER_NINJA,26,flag,InvisibleForGlobeSat,
UNIT_CYBER_NINJA,27,kv,DefendAgainstSpies,0.5
UNIT_CYBER_NINJA,28,kv,SoundSelect1,SOUND_SELECT1_CYBER_NINJA
UNIT_CYBER_NINJA,29,kv,SoundSelect2,SOUND_SELECT2_CYBER_NINJA
UNIT_CYBER_NINJA,30,kv,SoundMove,SOUND_MOVE_CYBER_NINJA
UNIT_CYBER_NINJA,31,kv,SoundAcknowledge,SOUND_ACKNOWLEDGE_CYBER_NINJA
UNIT_CYBER_NINJA,32,kv,SoundCantMove,SOUND_CANTMOVE_CYBER_NINJA
UNIT_CYBER_NINJA,33,kv,SoundAttack,SOUND_ATTACK_CYBER_NINJA
UNIT_CYBER_NINJA,34,kv,SoundWork,SOUND_WORK_CYBER_NINJA
UNIT_CYBER_NINJA,35,kv,SoundVictory,SOUND_VICTORY_CYBER_NINJA
UNIT_CYBER_NINJA,36,kv,SoundDeath,SOUND_DEATH_CYBER_NINJA
UNIT_CYBER_NINJA,37,sublist,CanSee,Standard
UNIT_CYBER_NINJA,38,sublist,CanSee,Stealth
UNIT_CYBER_NINJA,39,sublist,MovementType,Land
UNIT_CYBER_NINJA,40,sublist,MovementType,Mountain
UNIT_CYBER_NINJA,41,sublist,Size,Small
UNIT_CYBER_NINJA,42,sublist,VisionClass,Stealth
UNIT_CYBER_NINJA,43,nested,InciteRevolution,"[{""t"": ""kv"", ""k"": ""Chance"", ""v"": ""0.35""}, {""t"": ""kv"", ""k"": ""EliteChance"", ""v"": ""0.5""}, {""t"": ""kv"", ""k"": ""DeathChance"", ""v"": ""0.25""}, {""t"": ""kv"", ""k"": ""Sound"", ""v"": ""SOUND_ID_INCITE_REVOLUTION_CN""}, {""t"": ""kv"", ""k"": ""Effect"", ""v"": ""SPECEFFECT_INCITE_REVOLUTION""}]"
UNIT_CYBER_NINJA,44,nested,InvestigateCity,"[{""t"": ""kv"", ""k"": ""Chance"", ""v"": ""0.75""}, {""t"": ""kv"", ""k"": ""EliteChance"", ""v"": ""0.2""}, {""t"": ""kv"", ""k"": ""DeathChance"", ""v"": ""0.25""}]"
UNIT_CYBER_NINJA,45,nested,PlantNuke,"[{""t"": ""kv"", ""k"": ""Chance"", ""v"": ""0.35""}, {""t"": ""kv"", ""k"": ""EscapeChance"", ""v"": ""0.5""}, {""t"": ""kv"", ""k"": ""Sound"", ""v"": ""SOUND_ID_PLANT_NUKE_CN""}, {""t"": ""kv"", ""k"": ""Effect"", ""v"": ""SPECEFFECT_PLANT_NUKE""}]"
UNIT_CYBER_NINJA,46,nested,StealTechnology,"[{""t"": ""kv"", ""k"": ""RandomChance"", ""v"": ""0.5""}, {""t"": ""kv"", ""k"": ""SpecificChance"", ""v"": ""0.25""}, {""t"": ""kv"", ""k"": ""DeathChance"", ""v"": ""0.25""}, {""t"": ""kv"", ""k"": ""Sound"", ""v"": ""SOUND_ID_STEAL_TECHNOLOGY_CN""}, {""t"": ""kv"", ""k"": ""Effect"", ""v"": ""SPECEFFECT_STEAL_TECHNOLOGY""}]"
UNIT_DESTROYER,0,kv,Description,DESCRIPTION_UNIT_DESTROYER
UNIT_DESTROYER,1,kv,DefaultIcon,ICON_UNIT_DESTROYER
UNIT_DESTROYER,2,kv,DefaultSprite,SPRITE_DESTROYER
UNIT_DESTROYER,3,kv,Category,UNIT_CATEGORY_NAVAL
UNIT_DESTROYER,4,kv,Attack,50
UNIT_DESTROYER,5,kv,Defense,40
UNIT_DESTROYER,6,kv,ZBRangeAttack,50
UNIT_DESTROYER,7,kv,Firepower,4
UNIT_DESTROYER,8,kv,Armor,2
UNIT_DESTROYER,9,kv,MaxHP,10
UNIT_DESTROYER,10,kv,ShieldCost,2200
UNIT_DESTROYER,11,kv,PowerPoints,1000
UNIT_DESTROYER,12,kv,ShieldHunger,22
UNIT_DESTROYER,13,kv,GoldHunger,60
UNIT_DESTROYER,14,kv,FoodHunger,0
UNIT_DESTROYER,15,kv,MaxMovePoints,600
UNIT_DESTROYER,16,kv,VisionRange,3
UNIT_DESTROYER,17,kv,EnableAdvance,ADVANCE_MASS_PRODUCTION
UNIT_DESTROYER,18,kv,ObsoleteAdvance,ADVANCE_PLASMA_WEAPONRY
UNIT_DESTROYER,19,kv,UpgradeTo,UNIT_PLASMA_DESTROYER
UNIT_DESTROYER,20,kv,BombRounds,5
UNIT_DESTROYER,21,kv,BombardRange,1
UNIT_DESTROYER,22,kv,ActiveDefenseRange,1
UNIT_DESTROYER,23,flag,LossMoveToDmgNone,
UNIT_DESTROYER,24,kv,MaxFuel,0
UNIT_DESTROYER,25,flag,CanExpel,
UNIT_DESTROYER,26,flag,CanPillage,
UNIT_DESTROYER,27,flag,CanPirate,
UNIT_DESTROYER,28,flag,CantCaptureCity,
UNIT_DESTROYER,29,flag,ExertsMartialLaw,
UNIT_DESTROYER,30,flag,DeathEffectsHappy,
UNIT_DESTROYER,31,flag,Explodes,
UNIT_DESTROYER,32,kv,SoundSelect1,SOUND_SELECT1_DESTROYER
UNIT_DESTROYER,33,kv,SoundSelect2,SOUND_SELECT2_DESTROYER
UNIT_DESTROYER,34,kv,SoundMove,SOUND_MOVE_DESTROYER
UNIT_DESTROYER,35,kv,SoundAcknowledge,SOUND_ACKNOWLEDGE_DESTROYER
UNIT_DESTROYER,36,kv,SoundCantMove,SOUND_CANTMOVE_DESTROYER
UNIT_DESTROYER,37,kv,SoundAttack,SOUND_ATTACK_DESTROYER
UNIT_DESTROYER,38,kv,SoundWork,SOUND_WORK_DESTROYER
UNIT_DESTROYER,39,kv,SoundVictory,SOUND_VICTORY_DESTROYER
UNIT_DESTROYER,40,kv,SoundDeath,SOUND_DEATH_DESTROYER
UNIT_DESTROYER,41,sublist,CanAttack,Air
UNIT_DESTROYER,42,sublist,CanAttack,Sea
UNIT_DESTROYER,43,sublist,CanAttack,ShallowWater
UNIT_DESTROYER,44,sublist,CanBombard,Air
UNIT_DESTROYER,45,sublist,CanBombard,Water
UNIT_DESTROYER,46,sublist,CanSee,Standard
UNIT_DESTROYER,47,sublist,Defend,Air
UNIT_DESTROYER,48,sublist,MovementType,Sea
UNIT_DESTROYER,49,sublist,MovementType,ShallowWater
UNIT_DESTROYER,50,sublist,Size,Large
UNIT_DESTROYER,51,sublist,VisionClass,Standard
UNIT_DESTROYER,52,nested,CanReform,"[{""t"": ""kv"", ""k"": ""Sound"", ""v"": ""SOUND_ID_REFORM_CITY""}, {""t"": ""kv"", ""k"": ""Effect"", ""v"": ""SPECEFFECT_REFORMCITY""}]"
UNIT_DIPLOMAT,0,kv,Description,DESCRIPTION_UNIT_DIPLOMAT
UNIT_DIPLOMAT,1,kv,DefaultIcon,ICON_UNIT_DIPLOMAT
UNIT_DIPLOMAT,2,kv,DefaultSprite,SPRITE_DIPLOMAT
UNIT_DIPLOMAT,3,kv,Category,UNIT_CATEGORY_SPECIAL
UNIT_DIPLOMAT,4,kv,Attack,0
UNIT_DIPLOMAT,5,kv,Defense,10
UNIT_DIPLOMAT,6,kv,ZBRangeAttack,0
UNIT_DIPLOMAT,7,kv,Firepower,1
UNIT_DIPLOMAT,8,kv,Armor,1
UNIT_DIPLOMAT,9,kv,MaxHP,10
UNIT_DIPLOMAT,10,kv,ShieldCost,395
UNIT_DIPLOMAT,11,kv,PowerPoints,100
UNIT_DIPLOMAT,12,kv,ShieldHunger,4
UNIT_DIPLOMAT,13,kv,FoodHunger,0
UNIT_DIPLOMAT,14,kv,MaxMovePoints,100
UNIT_DIPLOMAT,15,kv,VisionRange,2
UNIT_DIPLOMAT,16,kv,EnableAdvance,ADVANCE_BUREAUCRACY
UNIT_DIPLOMAT,17,kv,ObsoleteAdvance,ADVANCE_EUGENICS
UNIT_DIPLOMAT,18,kv,UpgradeTo,UNIT_EMPATHIC_DIPLOMAT
UNIT_DIPLOMAT,19,kv,ActiveDefenseRange,0
UNIT_DIPLOMAT,20,flag,LossMoveToDmgNone,
UNIT_DIPLOMAT,21,kv,MaxFuel,0
UNIT_DIPLOMAT,22,flag,IgnoreZOC,
UNIT_DIPLOMAT,23,flag,NoZoc,
UNIT_DIPLOMAT,24,flag,CantCaptureCity,
UNIT_DIPLOMAT,25,flag,EstablishEmbassy,
UNIT_DIPLOMAT,26,flag,ThrowParty,
UNIT_DIPLOMAT,27,flag,DeathEffectsHappy,
UNIT_DIPLOMAT,28,flag,IsSpecialForces,
UNIT_DIPLOMAT,29,flag,Civilian,
UNIT_DIPLOMAT,30,flag,InvisibleForGlobeSat,
UNIT_DIPLOMAT,31,kv,SoundSelect1,SOUND_SELECT1_DIPLOMAT
UNIT_DIPLOMAT,32,kv,SoundSelect2,SOUND_SELECT2_DIPLOMAT
UNIT_DIPLOMAT,33,kv,SoundMove,SOUND_MOVE_DIPLOMAT
UNIT_DIPLOMAT,34,kv,SoundAcknowledge,SOUND_ACKNOWLEDGE_DIPLOMAT
UNIT_DIPLOMAT,35,kv,SoundCantMove,SOUND_CANTMOVE_DIPLOMAT
UNIT_DIPLOMAT,36,kv,SoundAttack,SOUND_ATTACK_DIPLOMAT
UNIT_DIPLOMAT,37,kv,SoundWork,SOUND_WORK_DIPLOMAT
UNIT_DIPLOMAT,38,kv,SoundVictory,SOUND_VICTORY_DIPLOMAT
UNIT_DIPLOMAT,39,kv,SoundDeath,SOUND_DEATH_DIPLOMAT
UNIT_DIPLOMAT,40,sublist,CanSee,Standard
UNIT_DIPLOMAT,41,sublist,CanSee,Stealth
UNIT_DIPLOMAT,42,sublist,MovementType,Land
UNIT_DIPLOMAT,43,sublist,MovementType,Mountain
UNIT_DIPLOMAT,44,sublist,Size,Small
UNIT_DIPLOMAT,45,sublist,VisionClass,Standard
UNIT_DREADNAUGHT,0,kv,Description,DESCRIPTION_UNIT_DREADNAUGHT
UNIT_DREADNAUGHT,1,kv,DefaultIcon,ICON_UNIT_DREADNAUGHT
UNIT_DREADNAUGHT,2,kv,DefaultSprite,SPRITE_DREADNAUGHT
UNIT_DREADNAUGHT,3,kv,Category,UNIT_CATEGORY_UNDERSEA
UNIT_DREADNAUGHT,4,kv,Attack,100
UNIT_DREADNAUGHT,5,kv,Defense,80
UNIT_DREADNAUGHT,6,kv,ZBRangeAttack,100
UNIT_DREADNAUGHT,7,kv,Firepower,6
UNIT_DREADNAUGHT,8,kv,Armor,5
UNIT_DREADNAUGHT,9,kv,MaxHP,10
UNIT_DREADNAUGHT,10,kv,ShieldCost,6000
UNIT_DREADNAUGHT,11,kv,PowerPoints,100
UNIT_DREADNAUGHT,12,kv,ShieldHunger,60
UNIT_DREADNAUGHT,13,kv,GoldHunger,180
UNIT_DREADNAUGHT,14,kv,FoodHunger,0
UNIT_DREADNAUGHT,15,kv,MaxMovePoints,500
UNIT_DREADNAUGHT,16,kv,VisionRange,4
UNIT_DREADNAUGHT,17,kv,EnableAdvance,ADVANCE_SMART_MATERIALS
UNIT_DREADNAUGHT,18,kv,ActiveDefenseRange,0
UNIT_DREADNAUGHT,19,flag,LossMoveToDmgNone,
UNIT_DREADNAUGHT,20,kv,MaxFuel,0
UNIT_DREADNAUGHT,21,flag,CanExpel,
UNIT_DREADNAUGHT,22,flag,CanPillage,
UNIT_DREADNAUGHT,23,flag,CanPirate,
UNIT_DREADNAUGHT,24,flag,DeathEffectsHappy,
UNIT_DREADNAUGHT,25,flag,IsSubmarine,
UNIT_DREADNAUGHT,26,flag,Explodes,
UNIT_DREADNAUGHT,27,kv,SoundSelect1,SOUND_SELECT1_DREADNAUGHT
UNIT_DREADNAUGHT,28,kv,SoundSelect2,SOUND_SELECT2_DREADNAUGHT
UNIT_DREADNAUGHT,29,kv,SoundMove,SOUND_MOVE_DREADNAUGHT
UNIT_DREADNAUGHT,30,kv,SoundAcknowledge,SOUND_ACKNOWLEDGE_DREADNAUGHT
UNIT_DREADNAUGHT,31,kv,SoundCantMove,SOUND_CANTMOVE_DREADNAUGHT
UNIT_DREADNAUGHT,32,kv,SoundAttack,SOUND_ATTACK_DREADNAUGHT
UNIT_DREADNAUGHT,33,kv,SoundWork,SOUND_WORK_DREADNAUGHT
UNIT_DREADNAUGHT,34,kv,SoundVictory,SOUND_VICTORY_DREADNAUGHT
UNIT_DREADNAUGHT,35,kv,SoundDeath,SOUND_DEATH_DREADNAUGHT
UNIT_DREADNAUGHT,36,sublist,CanAttack,Sea
UNIT_DREADNAUGHT,37,sublist,CanAttack,Underwater
UNIT_DREADNAUGHT,38,sublist,CanAttack,ShallowWater
UNIT_DREADNAUGHT,39,sublist,CanSee,Standard
UNIT_DREADNAUGHT,40,sublist,CanSee,Underwater
UNIT_DREADNAUGHT,41,sublist,MovementType,Sea
UNIT_DREADNAUGHT,42,sublist,MovementType,ShallowWater
UNIT_DREADNAUGHT,43,sublist,Size,Large
UNIT_DREADNAUGHT,44,sublist,VisionClass,Underwater
UNIT_DREADNAUGHT,45,nested,CanReform,"[{""t"": ""kv"", ""k"": ""Sound"", ""v"": ""SOUND_ID_REFORM_CITY""}, {""t"": ""kv"", ""k"": ""Effect"", ""v"": ""SPECEFFECT_REFORMCITY""}]"
UNIT_ECO_RANGER,0,kv,Description,DESCRIPTION_UNIT_ECO_RANGER
UNIT_ECO_RANGER,1,kv,DefaultIcon,ICON_UNIT_ECO_RANGER
UNIT_ECO_RANGER,2,kv,DefaultSprite,SPRITE_ECO_RANGER
UNIT_ECO_RANGER,3,kv,Category,UNIT_CATEGORY_SPECIAL
UNIT_ECO_RANGER,4,kv,Attack,0
UNIT_ECO_RANGER,5,kv,Defense,10
UNIT_ECO_RANGER,6,kv,ZBRangeAttack,0
UNIT_ECO_RANGER,7,kv,Firepower,1
UNIT_ECO_RANGER,8,kv,Armor,1
UNIT_ECO_RANGER,9,kv,MaxHP,10
UNIT_ECO_RANGER,10,kv,ShieldCost,4000
UNIT_ECO_RANGER,11,kv,PowerPoints,100
UNIT_ECO_RANGER,12,kv,ShieldHunger,40
UNIT_ECO_RANGER,13,kv,GoldHunger,5
UNIT_ECO_RANGER,14,kv,FoodHunger,0
UNIT_ECO_RANGER,15,kv,MaxMovePoints,300
UNIT_ECO_RANGER,16,kv,VisionRange,3
UNIT_ECO_RANGER,17,kv,EnableAdvance,ADVANCE_ECOTOPIA
UNIT_ECO_RANGER,18,kv,GovernmentType,GOVERNMENT_ECOTOPIA
UNIT_ECO_RANGER,19,kv,ActiveDefenseRange,0
UNIT_ECO_RANGER,20,flag,LossMoveToDmgNone,
UNIT_ECO_RANGER,21,kv,MaxFuel,0
UNIT_ECO_RANGER,22,flag,IgnoreZOC,
UNIT_ECO_RANGER,23,flag,NoZoc,
UNIT_ECO_RANGER,24,flag,CanBeExpelled,
UNIT_ECO_RANGER,25,flag,CantCaptureCity,
UNIT_ECO_RANGER,26,flag,DeathEffectsHappy,
UNIT_ECO_RANGER,27,flag,IsSpecialForces,
UNIT_ECO_RANGER,28,flag,InvisibleForGlobeSat,
UNIT_ECO_RANGER,29,kv,SoundSelect1,SOUND_SELECT1_ECO_RANGER
UNIT_ECO_RANGER,30,kv,SoundSelect2,SOUND_SELECT2_ECO_RANGER
UNIT_ECO_RANGER,31,kv,SoundMove,SOUND_MOVE_ECO_RANGER
UNIT_ECO_RANGER,32,kv,SoundAcknowledge,SOUND_ACKNOWLEDGE_ECO_RANGER
UNIT_ECO_RANGER,33,kv,SoundCantMove,SOUND_CANTMOVE_ECO_RANGER
UNIT_ECO_RANGER,34,kv,SoundAttack,SOUND_ATTACK_ECO_RANGER
UNIT_ECO_RANGER,35,kv,SoundWork,SOUND_WORK_ECO_RANGER
UNIT_ECO_RANGER,36,kv,SoundVictory,SOUND_VICTORY_ECO_RANGER
UNIT_ECO_RANGER,37,kv,SoundDeath,SOUND_DEATH_ECO_RANGER
UNIT_ECO_RANGER,38,sublist,CanSee,Standard
UNIT_ECO_RANGER,39,sublist,MovementType,Land
UNIT_ECO_RANGER,40,sublist,MovementType,Mountain
UNIT_ECO_RANGER,41,sublist,Size,Medium
UNIT_ECO_RANGER,42,sublist,VisionClass,Standard
UNIT_ECO_RANGER,43,nested,CreateParks,"[{""t"": ""kv"", ""k"": ""Sound"", ""v"": ""SOUND_ID_CREATE_PARKS""}, {""t"": ""kv"", ""k"": ""Effect"", ""v"": ""SPECEFFECT_CREATE_PARKS""}]"
UNIT_ECO_TERRORIST,0,kv,Description,DESCRIPTION_UNIT_ECO_TERRORIST
UNIT_ECO_TERRORIST,1,kv,DefaultIcon,ICON_UNIT_ECO_TERRORIST
UNIT_ECO_TERRORIST,2,kv,DefaultSprite,SPRITE_ECO_TERRORIST
UNIT_ECO_TERRORIST,3,kv,Category,UNIT_CATEGORY_SPECIAL
UNIT_ECO_TERRORIST,4,kv,Attack,0
UNIT_ECO_TERRORIST,5,kv,Defense,10
UNIT_ECO_TERRORIST,6,kv,ZBRangeAttack,0
UNIT_ECO_TERRORIST,7,kv,Firepower,1
UNIT_ECO_TERRORIST,8,kv,Armor,1
UNIT_ECO_TERRORIST,9,kv,MaxHP,10
UNIT_ECO_TERRORIST,10,kv,ShieldCost,3500
UNIT_ECO_TERRORIST,11,kv,PowerPoints,5000
UNIT_ECO_TERRORIST,12,kv,ShieldHunger,35
UNIT_ECO_TERRORIST,13,kv,GoldHunger,25
UNIT_ECO_TERRORIST,14,kv,FoodHunger,0
UNIT_ECO_TERRORIST,15,kv,MaxMovePoints,400
UNIT_ECO_TERRORIST,16,kv,VisionRange,2
UNIT_ECO_TERRORIST,17,kv,EnableAdvance,ADVANCE_ECOTOPIA
UNIT_ECO_TERRORIST,18,kv,GovernmentType,GOVERNMENT_ECOTOPIA
UNIT_ECO_TERRORIST,19,kv,ActiveDefenseRange,0
UNIT_ECO_TERRORIST,20,flag,LossMoveToDmgNone,
UNIT_ECO_TERRORIST,21,kv,MaxFuel,0
UNIT_ECO_TERRORIST,22,flag,IgnoreZOC,
UNIT_ECO_TERRORIST,23,flag,NoZoc,
UNIT_ECO_TERRORIST,24,flag,CanBeExpelled,
UNIT_ECO_TERRORIST,25,flag,CantCaptureCity,
UNIT_ECO_TERRORIST,26,flag,DeathEffectsHappy,
UNIT_ECO_TERRORIST,27,flag,IsSpecialForces,
UNIT_ECO_TERRORIST,28,flag,InvisibleForGlobeSat,
UNIT_ECO_TERRORIST,29,kv,SoundSelect1,SOUND_SELECT1_ECOTERRORIST
UNIT_ECO_TERRORIST,30,kv,SoundSelect2,SOUND_SELECT2_ECOTERRORIST
UNIT_ECO_TERRORIST,31,kv,SoundMove,SOUND_MOVE_ECOTERRORIST
UNIT_ECO_TERRORIST,32,kv,SoundAcknowledge,SOUND_ACKNOWLEDGE_ECOTERRORIST
UNIT_ECO_TERRORIST,33,kv,SoundCantMove,SOUND_CANTMOVE_ECOTERRORIST
UNIT_ECO_TERRORIST,34,kv,SoundAttack,SOUND_ATTACK_ECOTERRORIST
UNIT_ECO_TERRORIST,35,kv,SoundWork,SOUND_WORK_ECOTERRORIST
UNIT_ECO_TERRORIST,36,kv,SoundVictory,SOUND_VICTORY_ECOTERRORIST
UNIT_ECO_TERRORIST,37,kv,SoundDeath,SOUND_DEATH_ECOTERRORIST
UNIT_ECO_TERRORIST,38,sublist,CanSee,Standard
UNIT_ECO_TERRORIST,39,sublist,CanSee,Stealth
UNIT_ECO_TERRORIST,40,sublist,MovementType,Land
UNIT_ECO_TERRORIST,41,sublist,MovementType,Mountain
UNIT_ECO_TERRORIST,42,sublist,Size,Small
UNIT_ECO_TERRORIST,43,sublist,VisionClass,Stealth
UNIT_ECO_TERRORIST,44,nested,AssasinateRuler,"[{""t"": ""kv"", ""k"": ""Chance"", ""v"": ""0.5""}, {""t"": ""kv"", ""k"": ""EliteChance"", ""v"": ""0.7""}, {""t"": ""kv"", ""k"": ""DeathChance"", ""v"": ""0.3""}]"
UNIT_ECO_TERRORIST,45,nested,NanoTerror,"[{""t"": ""kv"", ""k"": ""Chance"", ""v"": ""0.5""}, {""t"": ""kv"", ""k"": ""Sound"", ""v"": ""SOUND_ID_NANO_TERROR""}, {""t"": ""kv"", ""k"": ""Effect"", ""v"": ""SPECEFFECT_NANO""}]"
UNIT_EMPATHIC_DIPLOMAT,0,kv,Description,DESCRIPTION_UNIT_EMPATHIC_DIPLOMAT
UNIT_EMPATHIC_DIPLOMAT,1,kv,DefaultIcon,ICON_UNIT_EMPATHIC_DIPLOMAT
UNIT_EMPATHIC_DIPLOMAT,2,kv,DefaultSprite,SPRITE_EMPATHIC_DIPLOMAT
UNIT_EMPATHIC_DIPLOMAT,3,kv,Category,UNIT_CATEGORY_SPECIAL
UNIT_EMPATHIC_DIPLOMAT,4,kv,Attack,0
UNIT_EMPATHIC_DIPLOMAT,5,kv,Defense,10
UNIT_EMPATHIC_DIPLOMAT,6,kv,ZBRangeAttack,0
UNIT_EMPATHIC_DIPLOMAT,7,kv,Firepower,1
UNIT_EMPATHIC_DIPLOMAT,8,kv,Armor,1
UNIT_EMPATHIC_DIPLOMAT,9,kv,MaxHP,10
UNIT_EMPATHIC_DIPLOMAT,10,kv,ShieldCost,1500
UNIT_EMPATHIC_DIPLOMAT,11,kv,PowerPoints,100
UNIT_EMPATHIC_DIPLOMAT,12,kv,ShieldHunger,15
UNIT_EMPATHIC_DIPLOMAT,13,kv,GoldHunger,25
UNIT_EMPATHIC_DIPLOMAT,14,kv,FoodHunger,0
UNIT_EMPATHIC_DIPLOMAT,15,kv,MaxMovePoints,300
UNIT_EMPATHIC_DIPLOMAT,16,kv,VisionRange,2
UNIT_EMPATHIC_DIPLOMAT,17,kv,EnableAdvance,ADVANCE_EUGENICS
UNIT_EMPATHIC_DIPLOMAT,18,kv,ActiveDefenseRange,0
UNIT_EMPATHIC_DIPLOMAT,19,flag,LossMoveToDmgNone,
UNIT_EMPATHIC_DIPLOMAT,20,kv,MaxFuel,0
UNIT_EMPATHIC_DIPLOMAT,21,flag,IgnoreZOC,
UNIT_EMPATHIC_DIPLOMAT,22,flag,NoZoc,
UNIT_EMPATHIC_DIPLOMAT,23,flag,CantCaptureCity,
UNIT_EMPATHIC_DIPLOMAT,24,flag,EstablishEmbassy,
UNIT_EMPATHIC_DIPLOMAT,25,flag,ThrowParty,
UNIT_EMPATHIC_DIPLOMAT,26,flag,DeathEffectsHappy,
UNIT_EMPATHIC_DIPLOMAT,27,flag,IsSpecialForces,
UNIT_EMPATHIC_DIPLOMAT,28,flag,Civilian,
UNIT_EMPATHIC_DIPLOMAT,29,flag,InvisibleForGlobeSat,
UNIT_EMPATHIC_DIPLOMAT,30,kv,SoundSelect1,SOUND_SELECT1_EMPATHIC_DIPLOMAT
UNIT_EMPATHIC_DIPLOMAT,31,kv,SoundSelect2,SOUND_SELECT2_EMPATHIC_DIPLOMAT
UNIT_EMPATHIC_DIPLOMAT,32,kv,SoundMove,SOUND_MOVE_EMPATHIC_DIPLOMAT
UNIT_EMPATHIC_DIPLOMAT,33,kv,SoundAcknowledge,SOUND_ACKNOWLEDGE_EMPATHIC_DIPLOMAT
UNIT_EMPATHIC_DIPLOMAT,34,kv,SoundCantMove,SOUND_CANTMOVE_EMPATHIC_DIPLOMAT
UNIT_EMPATHIC_DIPLOMAT,35,kv,SoundAttack,SOUND_ATTACK_EMPATHIC_DIPLOMAT
UNIT_EMPATHIC_DIPLOMAT,36,kv,SoundWork,SOUND_WORK_EMPATHIC_DIPLOMAT
UNIT_EMPATHIC_DIPLOMAT,37,kv,SoundVictory,SOUND_VICTORY_EMPATHIC_DIPLOMAT
UNIT_EMPATHIC_DIPLOMAT,38,kv,SoundDeath,SOUND_DEATH_EMPATHIC_DIPLOMAT
UNIT_EMPATHIC_DIPLOMAT,39,sublist,CanSee,Standard
UNIT_EMPATHIC_DIPLOMAT,40,sublist,CanSee,Stealth
UNIT_EMPATHIC_DIPLOMAT,41,sublist,MovementType,Land
UNIT_EMPATHIC_DIPLOMAT,42,sublist,MovementType,Mountain
UNIT_EMPATHIC_DIPLOMAT,43,sublist,Size,Small
UNIT_EMPATHIC_DIPLOMAT,44,sublist,VisionClass,Standard
UNIT_FASCIST,0,kv,Description,DESCRIPTION_UNIT_FASCIST
UNIT_FASCIST,1,kv,DefaultIcon,ICON_UNIT_FASCIST
UNIT_FASCIST,2,kv,DefaultSprite,SPRITE_FASCIST
UNIT_FASCIST,3,kv,Category,UNIT_CATEGORY_ATTACK
UNIT_FASCIST,4,kv,Attack,25
UNIT_FASCIST,5,kv,Defense,35
UNIT_FASCIST,6,kv,ZBRangeAttack,15
UNIT_FASCIST,7,kv,Firepower,3
UNIT_FASCIST,8,kv,Armor,1
UNIT_FASCIST,9,kv,MaxHP,10
UNIT_FASCIST,10,kv,ShieldCost,1000
UNIT_FASCIST,11,kv,PowerPoints,1000
UNIT_FASCIST,12,kv,ShieldHunger,10
UNIT_FASCIST,13,kv,GoldHunger,20
UNIT_FASCIST,14,kv,FoodHunger,0
UNIT_FASCIST,15,kv,MaxMovePoints,200
UNIT_FASCIST,16,kv,VisionRange,2
UNIT_FASCIST,17,kv,EnableAdvance,ADVANCE_FASCISM
UNIT_FASCIST,18,kv,GovernmentType,GOVERNMENT_FASCISM
UNIT_FASCIST,19,kv,UpgradeTo,UNIT_MARINE
UNIT_FASCIST,20,kv,UpgradeTo,UNIT_HOVER_INFANTRY
UNIT_FASCIST,21,kv,ActiveDefenseRange,0
UNIT_FASCIST,22,flag,LossMoveToDmgNone,
UNIT_FASCIST,23,kv,MaxFuel,0
UNIT_FASCIST,24,flag,CanEntrench,
UNIT_FASCIST,25,flag,CanExpel,
UNIT_FASCIST,26,flag,CanPillage,
UNIT_FASCIST,27,flag,CanPirate,
UNIT_FASCIST,28,flag,ExertsMartialLaw,
UNIT_FASCIST,29,flag,DeathEffectsHappy,
UNIT_FASCIST,30,flag,IsSpecialForces,
UNIT_FASCIST,31,kv,DefendAgainstSpies,0.25
UNIT_FASCIST,32,kv,SoundSelect1,SOUND_SELECT1_FASCIST
UNIT_FASCIST,33,kv,SoundSelect2,SOUND_SELECT2_FASCIST
UNIT_FASCIST,34,kv,SoundMove,SOUND_MOVE_FASCIST
UNIT_FASCIST,35,kv,SoundAcknowledge,SOUND_ACKNOWLEDGE_FASCIST
UNIT_FASCIST,36,kv,SoundCantMove,SOUND_CANTMOVE_FASCIST
UNIT_FASCIST,37,kv,SoundAttack,SOUND_ATTACK_FASCIST
UNIT_FASCIST,38,kv,SoundWork,SOUND_WORK_FASCIST
UNIT_FASCIST,39,kv,SoundVictory,SOUND_VICTORY_FASCIST
UNIT_FASCIST,40,kv,SoundDeath,SOUND_DEATH_FASCIST
UNIT_FASCIST,41,sublist,CanAttack,Land
UNIT_FASCIST,42,sublist,CanAttack,Mountain
UNIT_FASCIST,43,sublist,CanSee,Standard
UNIT_FASCIST,44,sublist,MovementType,Land
UNIT_FASCIST,45,sublist,MovementType,Mountain
UNIT_FASCIST,46,sublist,Size,Small
UNIT_FASCIST,47,sublist,VisionClass,Standard
UNIT_FASCIST,48,nested,CanReform,"[{""t"": ""kv"", ""k"": ""Sound"", ""v"": ""SOUND_ID_REFORM_CITY""}, {""t"": ""kv"", ""k"": ""Effect"", ""v"": ""SPECEFFECT_REFORMCITY""}]"
UNIT_FIGHTER,0,kv,Description,DESCRIPTION_UNIT_FIGHTER
UNIT_FIGHTER,1,kv,DefaultIcon,ICON_UNIT_FIGHTER
UNIT_FIGHTER,2,kv,DefaultSprite,SPRITE_FIGHTER
UNIT_FIGHTER,3,kv,Category,UNIT_CATEGORY_AERIAL
UNIT_FIGHTER,4,kv,Attack,45
UNIT_FIGHTER,5,kv,Defense,40
UNIT_FIGHTER,6,kv,ZBRangeAttack,45
UNIT_FIGHTER,7,kv,Firepower,3
UNIT_FIGHTER,8,kv,Armor,2
UNIT_FIGHTER,9,kv,MaxHP,10
UNIT_FIGHTER,10,kv,ShieldCost,1125
UNIT_FIGHTER,11,kv,PowerPoints,1500
UNIT_FIGHTER,12,kv,ShieldHunger,10
UNIT_FIGHTER,13,kv,GoldHunger,30
UNIT_FIGHTER,14,kv,FoodHunger,0
UNIT_FIGHTER,15,kv,MaxMovePoints,800
UNIT_FIGHTER,16,kv,VisionRange,3
UNIT_FIGHTER,17,kv,EnableAdvance,ADVANCE_AERODYNAMICS
UNIT_FIGHTER,18,kv,ObsoleteAdvance,ADVANCE_SUPERSONIC_FLIGHT
UNIT_FIGHTER,19,kv,UpgradeTo,UNIT_INTERCEPTOR
UNIT_FIGHTER,20,kv,UpgradeTo,UNIT_STEALTH_FIGHTER
UNIT_FIGHTER,21,kv,ActiveDefenseRange,0
UNIT_FIGHTER,22,flag,EnableCarrierDefenses,
UNIT_FIGHTER,23,flag,LossMoveToDmgNone,
UNIT_FIGHTER,24,flag,NoFuelThenCrash,
UNIT_FIGHTER,25,kv,MaxFuel,2400
UNIT_FIGHTER,26,flag,IgnoreZOC,
UNIT_FIGHTER,27,flag,NoZoc,
UNIT_FIGHTER,28,flag,CanBeachAssault,
UNIT_FIGHTER,29,flag,CantCaptureCity,
UNIT_FIGHTER,30,flag,DeathEffectsHappy,
UNIT_FIGHTER,31,flag,Explodes,
UNIT_FIGHTER,32,kv,SoundSelect1,SOUND_SELECT1_FIGHTER
UNIT_FIGHTER,33,kv,SoundSelect2,SOUND_SELECT2_FIGHTER
UNIT_FIGHTER,34,kv,SoundMove,SOUND_MOVE_FIGHTER
UNIT_FIGHTER,35,kv,SoundAcknowledge,SOUND_ACKNOWLEDGE_FIGHTER
UNIT_FIGHTER,36,kv,SoundCantMove,SOUND_CANTMOVE_FIGHTER
UNIT_FIGHTER,37,kv,SoundAttack,SOUND_ATTACK_FIGHTER
UNIT_FIGHTER,38,kv,SoundWork,SOUND_WORK_FIGHTER
UNIT_FIGHTER,39,kv,SoundVictory,SOUND_VICTORY_FIGHTER
UNIT_FIGHTER,40,kv,SoundDeath,SOUND_DEATH_FIGHTER
UNIT_FIGHTER,41,sublist,CanAttack,Air
UNIT_FIGHTER,42,sublist,CanAttack,Land
UNIT_FIGHTER,43,sublist,CanAttack,Mountain
UNIT_FIGHTER,44,sublist,CanAttack,Sea
UNIT_FIGHTER,45,sublist,CanAttack,ShallowWater
UNIT_FIGHTER,46,sublist,CanSee,Standard
UNIT_FIGHTER,47,sublist,MovementType,Air
UNIT_FIGHTER,48,sublist,Size,Medium
UNIT_FIGHTER,49,sublist,VisionClass,Standard
UNIT_FIRE_TRIREME,0,kv,Description,DESCRIPTION_UNIT_FIRE_TRIREME
UNIT_FIRE_TRIREME,1,kv,DefaultIcon,ICON_UNIT_FIRE_TRIREME
UNIT_FIRE_TRIREME,2,kv,DefaultSprite,SPRITE_FIRE_TRIREME
UNIT_FIRE_TRIREME,3,kv,Category,UNIT_CATEGORY_NAVAL
UNIT_FIRE_TRIREME,4,kv,Attack,15
UNIT_FIRE_TRIREME,5,kv,Defense,10
UNIT_FIRE_TRIREME,6,kv,ZBRangeAttack,15
UNIT_FIRE_TRIREME,7,kv,Firepower,1
UNIT_FIRE_TRIREME,8,kv,Armor,1
UNIT_FIRE_TRIREME,9,kv,MaxHP,10
UNIT_FIRE_TRIREME,10,kv,ShieldCost,450
UNIT_FIRE_TRIREME,11,kv,PowerPoints,600
UNIT_FIRE_TRIREME,12,kv,ShieldHunger,5
UNIT_FIRE_TRIREME,13,kv,GoldHunger,10
UNIT_FIRE_TRIREME,14,kv,FoodHunger,0
UNIT_FIRE_TRIREME,15,kv,MaxMovePoints,200
UNIT_FIRE_TRIREME,16,kv,VisionRange,1
UNIT_FIRE_TRIREME,17,kv,EnableAdvance,ADVANCE_ALCHEMY
UNIT_FIRE_TRIREME,18,kv,ObsoleteAdvance,ADVANCE_MODERN_METALLURGY
UNIT_FIRE_TRIREME,19,kv,UpgradeTo,UNIT_SHIP_OF_THE_LINE
UNIT_FIRE_TRIREME,20,kv,UpgradeTo,UNIT_IRONCLAD
UNIT_FIRE_TRIREME,21,kv,UpgradeTo,UNIT_BATTLESHIP
UNIT_FIRE_TRIREME,22,kv,UpgradeTo,UNIT_PLASMA_DESTROYER
UNIT_FIRE_TRIREME,23,kv,ActiveDefenseRange,0
UNIT_FIRE_TRIREME,24,flag,LossMoveToDmgNone,
UNIT_FIRE_TRIREME,25,kv,MaxFuel,0
UNIT_FIRE_TRIREME,26,flag,CanExpel,
UNIT_FIRE_TRIREME,27,flag,CanPillage,
UNIT_FIRE_TRIREME,28,flag,CanPirate,
UNIT_FIRE_TRIREME,29,flag,CantCaptureCity,
UNIT_FIRE_TRIREME,30,flag,ExertsMartialLaw,
UNIT_FIRE_TRIREME,31,flag,DeathEffectsHappy,
UNIT_FIRE_TRIREME,32,flag,WoodenShip,
UNIT_FIRE_TRIREME,33,flag,AttackWoodenShipBonus,
UNIT_FIRE_TRIREME,34,kv,WoodenShipBonus,0.25
UNIT_FIRE_TRIREME,35,kv,SoundSelect1,SOUND_SELECT1_GREEK_FIRE_TRIREME
UNIT_FIRE_TRIREME,36,kv,SoundSelect2,SOUND_SELECT2_GREEK_FIRE_TRIREME
UNIT_FIRE_TRIREME,37,kv,SoundMove,SOUND_MOVE_GREEK_FIRE_TRIREME
UNIT_FIRE_TRIREME,38,kv,SoundAcknowledge,SOUND_ACKNOWLEDGE_GREEK_FIRE_TRIREME
UNIT_FIRE_TRIREME,39,kv,SoundCantMove,SOUND_CANTMOVE_GREEK_FIRE_TRIREME
UNIT_FIRE_TRIREME,40,kv,SoundAttack,SOUND_ATTACK_GREEK_FIRE_TRIREME
UNIT_FIRE_TRIREME,41,kv,SoundWork,SOUND_WORK_GREEK_FIRE_TRIREME
UNIT_FIRE_TRIREME,42,kv,SoundVictory,SOUND_VICTORY_GREEK_FIRE_TRIREME
UNIT_FIRE_TRIREME,43,kv,SoundDeath,SOUND_DEATH_GREEK_FIRE_TRIREME
UNIT_FIRE_TRIREME,44,sublist,CanAttack,ShallowWater
UNIT_FIRE_TRIREME,45,sublist,CanAttack,Sea
UNIT_FIRE_TRIREME,46,sublist,CanSee,Standard
UNIT_FIRE_TRIREME,47,sublist,MovementType,ShallowWater
UNIT_FIRE_TRIREME,48,sublist,Size,Large
UNIT_FIRE_TRIREME,49,sublist,VisionClass,Standard
UNIT_FIRE_TRIREME,50,nested,CanReform,"[{""t"": ""kv"", ""k"": ""Sound"", ""v"": ""SOUND_ID_REFORM_CITY""}, {""t"": ""kv"", ""k"": ""Effect"", ""v"": ""SPECEFFECT_REFORMCITY""}]"
UNIT_FRIGATE,0,kv,Description,DESCRIPTION_UNIT_FRIGATE
UNIT_FRIGATE,1,kv,DefaultIcon,ICON_UNIT_FRIGATE
UNIT_FRIGATE,2,kv,DefaultSprite,SPRITE_FRIGATE
UNIT_FRIGATE,3,kv,Category,UNIT_CATEGORY_NAVAL
UNIT_FRIGATE,4,kv,Attack,50
UNIT_FRIGATE,5,kv,Defense,40
UNIT_FRIGATE,6,kv,ZBRangeAttack,50
UNIT_FRIGATE,7,kv,Firepower,4
UNIT_FRIGATE,8,kv,Armor,2
UNIT_FRIGATE,9,kv,MaxHP,10
UNIT_FRIGATE,10,kv,ShieldCost,2000
UNIT_FRIGATE,11,kv,PowerPoints,1000
UNIT_FRIGATE,12,kv,ShieldHunger,20
UNIT_FRIGATE,13,kv,GoldHunger,45
UNIT_FRIGATE,14,kv,FoodHunger,0
UNIT_FRIGATE,15,kv,MaxMovePoints,600
UNIT_FRIGATE,16,kv,VisionRange,3
UNIT_FRIGATE,17,kv,EnableAdvance,ADVANCE_MASS_PRODUCTION
UNIT_FRIGATE,18,kv,ObsoleteAdvance,ADVANCE_PLASMA_WEAPONRY
UNIT_FRIGATE,19,kv,BombRounds,5
UNIT_FRIGATE,20,kv,BombardRange,1
UNIT_FRIGATE,21,kv,ActiveDefenseRange,0
UNIT_FRIGATE,22,flag,LossMoveToDmgNone,
UNIT_FRIGATE,23,kv,MaxFuel,0
UNIT_FRIGATE,24,flag,CanExpel,
UNIT_FRIGATE,25,flag,CanPillage,
UNIT_FRIGATE,26,flag,CanPirate,
UNIT_FRIGATE,27,flag,CantCaptureCity,
UNIT_FRIGATE,28,flag,DeathEffectsHappy,
UNIT_FRIGATE,29,flag,Explodes,
UNIT_FRIGATE,30,kv,SoundSelect1,SOUND_SELECT1_FRIGATE
UNIT_FRIGATE,31,kv,SoundSelect2,SOUND_SELECT2_FRIGATE
UNIT_FRIGATE,32,kv,SoundMove,SOUND_MOVE_FRIGATE
UNIT_FRIGATE,33,kv,SoundAcknowledge,SOUND_ACKNOWLEDGE_FRIGATE
UNIT_FRIGATE,34,kv,SoundCantMove,SOUND_CANTMOVE_FRIGATE
UNIT_FRIGATE,35,kv,SoundAttack,SOUND_ATTACK_FRIGATE
UNIT_FRIGATE,36,kv,SoundWork,SOUND_WORK_FRIGATE
UNIT_FRIGATE,37,kv,SoundVictory,SOUND_VICTORY_FRIGATE
UNIT_FRIGATE,38,kv,SoundDeath,SOUND_DEATH_FRIGATE
UNIT_FRIGATE,39,sublist,CanAttack,Sea
UNIT_FRIGATE,40,sublist,CanAttack,ShallowWater
UNIT_FRIGATE,41,sublist,CanAttack,Underwater
UNIT_FRIGATE,42,sublist,CanBombard,Water
UNIT_FRIGATE,43,sublist,CanSee,Underwater
UNIT_FRIGATE,44,sublist,CanSee,Standard
UNIT_FRIGATE,45,sublist,MovementType,Sea
UNIT_FRIGATE,46,sublist,MovementType,ShallowWater
UNIT_FRIGATE,47,sublist,Size,Large
UNIT_FRIGATE,48,sublist,VisionClass,Standard
UNIT_FRIGATE,49,nested,CanReform,"[{""t"": ""kv"", ""k"": ""Sound"", ""v"": ""SOUND_ID_REFORM_CITY""}, {""t"": ""kv"", ""k"": ""Effect"", ""v"": ""SPECEFFECT_REFORMCITY""}]"
UNIT_FUSION_TANK,0,kv,Description,DESCRIPTION_UNIT_FUSION_TANK
UNIT_FUSION_TANK,1,kv,DefaultIcon,ICON_UNIT_FUSION_TANK
UNIT_FUSION_TANK,2,kv,DefaultSprite,SPRITE_FUSION_TANK
UNIT_FUSION_TANK,3,kv,Category,UNIT_CATEGORY_FLANKER
UNIT_FUSION_TANK,4,kv,Attack,65
UNIT_FUSION_TANK,5,kv,Defense,45
UNIT_FUSION_TANK,6,kv,ZBRangeAttack,90
UNIT_FUSION_TANK,7,kv,Firepower,5
UNIT_FUSION_TANK,8,kv,Armor,4
UNIT_FUSION_TANK,9,kv,MaxHP,10
UNIT_FUSION_TANK,10,kv,ShieldCost,5250
UNIT_FUSION_TANK,11,kv,PowerPoints,7000
UNIT_FUSION_TANK,12,kv,ShieldHunger,50
UNIT_FUSION_TANK,13,kv,GoldHunger,130
UNIT_FUSION_TANK,14,kv,FoodHunger,0
UNIT_FUSION_TANK,15,kv,MaxMovePoints,800
UNIT_FUSION_TANK,16,kv,VisionRange,3
UNIT_FUSION_TANK,17,kv,EnableAdvance,ADVANCE_FUSION
UNIT_FUSION_TANK,18,kv,ActiveDefenseRange,0
UNIT_FUSION_TANK,19,flag,LossMoveToDmgNone,
UNIT_FUSION_TANK,20,kv,MaxFuel,0
UNIT_FUSION_TANK,21,flag,CanEntrench,
UNIT_FUSION_TANK,22,flag,CanExpel,
UNIT_FUSION_TANK,23,flag,CanPillage,
UNIT_FUSION_TANK,24,flag,CanPirate,
UNIT_FUSION_TANK,25,flag,ExertsMartialLaw,
UNIT_FUSION_TANK,26,flag,DeathEffectsHappy,
UNIT_FUSION_TANK,27,flag,IsFlanker,
UNIT_FUSION_TANK,28,flag,Explodes,
UNIT_FUSION_TANK,29,kv,SoundSelect1,SOUND_SELECT1_FUSION_TANK
UNIT_FUSION_TANK,30,kv,SoundSelect2,SOUND_SELECT2_FUSION_TANK
UNIT_FUSION_TANK,31,kv,SoundMove,SOUND_MOVE_FUSION_TANK
UNIT_FUSION_TANK,32,kv,SoundAcknowledge,SOUND_ACKNOWLEDGE_FUSION_TANK
UNIT_FUSION_TANK,33,kv,SoundCantMove,SOUND_CANTMOVE_FUSION_TANK
UNIT_FUSION_TANK,34,kv,SoundAttack,SOUND_ATTACK_FUSION_TANK
UNIT_FUSION_TANK,35,kv,SoundWork,SOUND_WORK_FUSION_TANK
UNIT_FUSION_TANK,36,kv,SoundVictory,SOUND_VICTORY_FUSION_TANK
UNIT_FUSION_TANK,37,kv,SoundDeath,SOUND_DEATH_FUSION_TANK
UNIT_FUSION_TANK,38,sublist,CanAttack,Land
UNIT_FUSION_TANK,39,sublist,CanAttack,ShallowWater
UNIT_FUSION_TANK,40,sublist,CanSee,Standard
UNIT_FUSION_TANK,41,sublist,MovementType,Land
UNIT_FUSION_TANK,42,sublist,MovementType,ShallowWater
UNIT_FUSION_TANK,43,sublist,Size,Medium
UNIT_FUSION_TANK,44,sublist,VisionClass,Standard
UNIT_FUSION_TANK,45,nested,CanReform,"[{""t"": ""kv"", ""k"": ""Sound"", ""v"": ""SOUND_ID_REFORM_CITY""}, {""t"": ""kv"", ""k"": ""Effect"", ""v"": ""SPECEFFECT_REFORMCITY""}]"
UNIT_HOPLITE,0,kv,Description,DESCRIPTION_UNIT_HOPLITE
UNIT_HOPLITE,1,kv,DefaultIcon,ICON_UNIT_HOPLITE
UNIT_HOPLITE,2,kv,DefaultSprite,SPRITE_HOPLITE
UNIT_HOPLITE,3,kv,Category,UNIT_CATEGORY_DEFENSE
UNIT_HOPLITE,4,kv,Attack,10
UNIT_HOPLITE,5,kv,Defense,15
UNIT_HOPLITE,6,kv,ZBRangeAttack,0
UNIT_HOPLITE,7,kv,Firepower,1
UNIT_HOPLITE,8,kv,Armor,1
UNIT_HOPLITE,9,kv,MaxHP,10
UNIT_HOPLITE,10,kv,ShieldCost,175
UNIT_HOPLITE,11,kv,PowerPoints,100
UNIT_HOPLITE,12,kv,ShieldHunger,1
UNIT_HOPLITE,13,kv,GoldHunger,1
UNIT_HOPLITE,14,kv,FoodHunger,0
UNIT_HOPLITE,15,kv,MaxMovePoints,100
UNIT_HOPLITE,16,kv,VisionRange,1
UNIT_HOPLITE,17,kv,EnableAdvance,ADVANCE_BRONZE_WORKING
UNIT_HOPLITE,18,kv,ObsoleteAdvance,ADVANCE_GUNPOWDER
UNIT_HOPLITE,19,kv,UpgradeTo,UNIT_PIKEMEN
UNIT_HOPLITE,20,kv,UpgradeTo,UNIT_INFANTRYMAN
UNIT_HOPLITE,21,kv,UpgradeTo,UNIT_MACHINE_GUNNER
UNIT_HOPLITE,22,kv,UpgradeTo,UNIT_MARINE
UNIT_HOPLITE,23,kv,UpgradeTo,UNIT_HOVER_INFANTRY
UNIT_HOPLITE,24,kv,ActiveDefenseRange,0
UNIT_HOPLITE,25,flag,LossMoveToDmgNone,
UNIT_HOPLITE,26,kv,MaxFuel,0
UNIT_HOPLITE,27,flag,CanEntrench,
UNIT_HOPLITE,28,flag,CanExpel,
UNIT_HOPLITE,29,flag,CanPillage,
UNIT_HOPLITE,30,flag,CanPirate,
UNIT_HOPLITE,31,flag,ExertsMartialLaw,
UNIT_HOPLITE,32,flag,DeathEffectsHappy,
UNIT_HOPLITE,33,kv,SoundSelect1,SOUND_SELECT1_HOPLITE
UNIT_HOPLITE,34,kv,SoundSelect2,SOUND_SELECT2_HOPLITE
UNIT_HOPLITE,35,kv,SoundMove,SOUND_MOVE_HOPLITE
UNIT_HOPLITE,36,kv,SoundAcknowledge,SOUND_ACKNOWLEDGE_HOPLITE
UNIT_HOPLITE,37,kv,SoundCantMove,SOUND_CANTMOVE_HOPLITE
UNIT_HOPLITE,38,kv,SoundAttack,SOUND_ATTACK_HOPLITE
UNIT_HOPLITE,39,kv,SoundWork,SOUND_WORK_HOPLITE
UNIT_HOPLITE,40,kv,SoundVictory,SOUND_VICTORY_HOPLITE
UNIT_HOPLITE,41,kv,SoundDeath,SOUND_DEATH_HOPLITE
UNIT_HOPLITE,42,sublist,CanAttack,Land
UNIT_HOPLITE,43,sublist,CanAttack,Mountain
UNIT_HOPLITE,44,sublist,CanSee,Standard
UNIT_HOPLITE,45,sublist,MovementType,Land
UNIT_HOPLITE,46,sublist,MovementType,Mountain
UNIT_HOPLITE,47,sublist,Size,Small
UNIT_HOPLITE,48,sublist,VisionClass,Standard
UNIT_HOPLITE,49,nested,CanReform,"[{""t"": ""kv"", ""k"": ""Sound"", ""v"": ""SOUND_ID_REFORM_CITY""}, {""t"": ""kv"", ""k"": ""Effect"", ""v"": ""SPECEFFECT_REFORMCITY""}]"
UNIT_HOVER_INFANTRY,0,kv,Description,DESCRIPTION_UNIT_HOVER_INFANTRY
UNIT_HOVER_INFANTRY,1,kv,DefaultIcon,ICON_UNIT_HOVER_INFANTRY
UNIT_HOVER_INFANTRY,2,kv,DefaultSprite,SPRITE_HOVER_INFANTRY
UNIT_HOVER_INFANTRY,3,kv,Category,UNIT_CATEGORY_ATTACK
UNIT_HOVER_INFANTRY,4,kv,Attack,80
UNIT_HOVER_INFANTRY,5,kv,Defense,50
UNIT_HOVER_INFANTRY,6,kv,ZBRangeAttack,40
UNIT_HOVER_INFANTRY,7,kv,Firepower,5
UNIT_HOVER_INFANTRY,8,kv,Armor,1
UNIT_HOVER_INFANTRY,9,kv,MaxHP,10
UNIT_HOVER_INFANTRY,10,kv,ShieldCost,2500
UNIT_HOVER_INFANTRY,11,kv,PowerPoints,100
UNIT_HOVER_INFANTRY,12,kv,ShieldHunger,25
UNIT_HOVER_INFANTRY,13,kv,GoldHunger,50
UNIT_HOVER_INFANTRY,14,kv,FoodHunger,0
UNIT_HOVER_INFANTRY,15,kv,MaxMovePoints,500
UNIT_HOVER_INFANTRY,16,kv,VisionRange,4
UNIT_HOVER_INFANTRY,17,kv,EnableAdvance,ADVANCE_CHAOS_THEORY
UNIT_HOVER_INFANTRY,18,kv,ActiveDefenseRange,0
UNIT_HOVER_INFANTRY,19,flag,LossMoveToDmgNone,
UNIT_HOVER_INFANTRY,20,kv,MaxFuel,0
UNIT_HOVER_INFANTRY,21,flag,CanEntrench,
UNIT_HOVER_INFANTRY,22,flag,CanExpel,
UNIT_HOVER_INFANTRY,23,flag,CanPillage,
UNIT_HOVER_INFANTRY,24,flag,CanPirate,
UNIT_HOVER_INFANTRY,25,flag,ExertsMartialLaw,
UNIT_HOVER_INFANTRY,26,flag,DeathEffectsHappy,
UNIT_HOVER_INFANTRY,27,kv,SoundSelect1,SOUND_SELECT1_HOVER_INFANTRY
UNIT_HOVER_INFANTRY,28,kv,SoundSelect2,SOUND_SELECT2_HOVER_INFANTRY
UNIT_HOVER_INFANTRY,29,kv,SoundMove,SOUND_MOVE_HOVER_INFANTRY
UNIT_HOVER_INFANTRY,30,kv,SoundAcknowledge,SOUND_ACKNOWLEDGE_HOVER_INFANTRY
UNIT_HOVER_INFANTRY,31,kv,SoundCantMove,SOUND_CANTMOVE_HOVER_INFANTRY
UNIT_HOVER_INFANTRY,32,kv,SoundAttack,SOUND_ATTACK_HOVER_INFANTRY
UNIT_HOVER_INFANTRY,33,kv,SoundWork,SOUND_WORK_HOVER_INFANTRY
UNIT_HOVER_INFANTRY,34,kv,SoundVictory,SOUND_VICTORY_HOVER_INFANTRY
UNIT_HOVER_INFANTRY,35,kv,SoundDeath,SOUND_DEATH_HOVER_INFANTRY
UNIT_HOVER_INFANTRY,36,sublist,CanAttack,Land
UNIT_HOVER_INFANTRY,37,sublist,CanAttack,Mountain
UNIT_HOVER_INFANTRY,38,sublist,CanSee,Standard
UNIT_HOVER_INFANTRY,39,sublist,MovementType,Land
UNIT_HOVER_INFANTRY,40,sublist,MovementType,Mountain
UNIT_HOVER_INFANTRY,41,sublist,Size,Small
UNIT_HOVER_INFANTRY,42,sublist,VisionClass,Standard
UNIT_HOVER_INFANTRY,43,nested,CanReform,"[{""t"": ""kv"", ""k"": ""Sound"", ""v"": ""SOUND_ID_REFORM_CITY""}, {""t"": ""kv"", ""k"": ""Effect"", ""v"": ""SPECEFFECT_REFORMCITY""}]"
UNIT_INFANTRYMAN,0,kv,Description,DESCRIPTION_UNIT_INFANTRYMAN
UNIT_INFANTRYMAN,1,kv,DefaultIcon,ICON_UNIT_INFANTRYMAN
UNIT_INFANTRYMAN,2,kv,DefaultSprite,SPRITE_INFANTRYMAN
UNIT_INFANTRYMAN,3,kv,Category,UNIT_CATEGORY_DEFENSE
UNIT_INFANTRYMAN,4,kv,Attack,25
UNIT_INFANTRYMAN,5,kv,Defense,35
UNIT_INFANTRYMAN,6,kv,ZBRangeAttack,10
UNIT_INFANTRYMAN,7,kv,Firepower,3
UNIT_INFANTRYMAN,8,kv,Armor,1
UNIT_INFANTRYMAN,9,kv,MaxHP,10
UNIT_INFANTRYMAN,10,kv,ShieldCost,1000
UNIT_INFANTRYMAN,11,kv,PowerPoints,100
UNIT_INFANTRYMAN,12,kv,ShieldHunger,10
UNIT_INFANTRYMAN,13,kv,GoldHunger,15
UNIT_INFANTRYMAN,14,kv,FoodHunger,0
UNIT_INFANTRYMAN,15,kv,MaxMovePoints,200
UNIT_INFANTRYMAN,16,kv,VisionRange,2
UNIT_INFANTRYMAN,17,kv,EnableAdvance,ADVANCE_GUNPOWDER
UNIT_INFANTRYMAN,18,kv,ObsoleteAdvance,ADVANCE_ADV_INFANTRY_TACTICS
UNIT_INFANTRYMAN,19,kv,UpgradeTo,UNIT_MACHINE_GUNNER
UNIT_INFANTRYMAN,20,kv,UpgradeTo,UNIT_MARINE
UNIT_INFANTRYMAN,21,kv,UpgradeTo,UNIT_HOVER_INFANTRY
UNIT_INFANTRYMAN,22,kv,ActiveDefenseRange,0
UNIT_INFANTRYMAN,23,flag,LossMoveToDmgNone,
UNIT_INFANTRYMAN,24,kv,MaxFuel,0
UNIT_INFANTRYMAN,25,flag,CanEntrench,
UNIT_INFANTRYMAN,26,flag,CanExpel,
UNIT_INFANTRYMAN,27,flag,CanPillage,
UNIT_INFANTRYMAN,28,flag,CanPirate,
UNIT_INFANTRYMAN,29,flag,ExertsMartialLaw,
UNIT_INFANTRYMAN,30,flag,DeathEffectsHappy,
UNIT_INFANTRYMAN,31,kv,SoundSelect1,SOUND_SELECT1_INFANTRYMAN
UNIT_INFANTRYMAN,32,kv,SoundSelect2,SOUND_SELECT2_INFANTRYMAN
UNIT_INFANTRYMAN,33,kv,SoundMove,SOUND_MOVE_INFANTRYMAN
UNIT_INFANTRYMAN,34,kv,SoundAcknowledge,SOUND_ACKNOWLEDGE_INFANTRYMAN
UNIT_INFANTRYMAN,35,kv,SoundCantMove,SOUND_CANTMOVE_INFANTRYMAN
UNIT_INFANTRYMAN,36,kv,SoundAttack,SOUND_ATTACK_INFANTRYMAN
UNIT_INFANTRYMAN,37,kv,SoundWork,SOUND_WORK_INFANTRYMAN
UNIT_INFANTRYMAN,38,kv,SoundVictory,SOUND_VICTORY_INFANTRYMAN
UNIT_INFANTRYMAN,39,kv,SoundDeath,SOUND_DEATH_INFANTRYMAN
UNIT_INFANTRYMAN,40,sublist,CanAttack,Land
UNIT_INFANTRYMAN,41,sublist,CanAttack,Mountain
UNIT_INFANTRYMAN,42,sublist,CanSee,Standard
UNIT_INFANTRYMAN,43,sublist,MovementType,Land
UNIT_INFANTRYMAN,44,sublist,MovementType,Mountain
UNIT_INFANTRYMAN,45,sublist,Size,Small
UNIT_INFANTRYMAN,46,sublist,VisionClass,Standard
UNIT_INFANTRYMAN,47,nested,CanReform,"[{""t"": ""kv"", ""k"": ""Sound"", ""v"": ""SOUND_ID_REFORM_CITY""}, {""t"": ""kv"", ""k"": ""Effect"", ""v"": ""SPECEFFECT_REFORMCITY""}]"
UNIT_INFECTOR,0,kv,Description,DESCRIPTION_UNIT_INFECTOR
UNIT_INFECTOR,1,kv,DefaultIcon,ICON_UNIT_INFECTOR
UNIT_INFECTOR,2,kv,DefaultSprite,SPRITE_INFECTOR
UNIT_INFECTOR,3,kv,Category,UNIT_CATEGORY_SPECIAL
UNIT_INFECTOR,4,kv,Attack,0
UNIT_INFECTOR,5,kv,Defense,10
UNIT_INFECTOR,6,kv,ZBRangeAttack,0
UNIT_INFECTOR,7,kv,Firepower,1
UNIT_INFECTOR,8,kv,Armor,1
UNIT_INFECTOR,9,kv,MaxHP,10
UNIT_INFECTOR,10,kv,ShieldCost,3000
UNIT_INFECTOR,11,kv,PowerPoints,5000
UNIT_INFECTOR,12,kv,ShieldHunger,30
UNIT_INFECTOR,13,kv,GoldHunger,100
UNIT_INFECTOR,14,kv,FoodHunger,0
UNIT_INFECTOR,15,kv,MaxMovePoints,300
UNIT_INFECTOR,16,kv,VisionRange,2
UNIT_INFECTOR,17,kv,EnableAdvance,ADVANCE_NANO_WARFARE
UNIT_INFECTOR,18,kv,ActiveDefenseRange,0
UNIT_INFECTOR,19,flag,LossMoveToDmgNone,
UNIT_INFECTOR,20,kv,MaxFuel,0
UNIT_INFECTOR,21,flag,IgnoreZOC,
UNIT_INFECTOR,22,flag,NoZoc,
UNIT_INFECTOR,23,flag,CanBeExpelled,
UNIT_INFECTOR,24,flag,CantCaptureCity,
UNIT_INFECTOR,25,flag,DeathEffectsHappy,
UNIT_INFECTOR,26,flag,IsSpecialForces,
UNIT_INFECTOR,27,flag,InvisibleForGlobeSat,
UNIT_INFECTOR,28,kv,SoundSelect1,SOUND_SELECT1_INFECTOR
UNIT_INFECTOR,29,kv,SoundSelect2,SOUND_SELECT2_INFECTOR
UNIT_INFECTOR,30,kv,SoundMove,SOUND_MOVE_INFECTOR
UNIT_INFECTOR,31,kv,SoundAcknowledge,SOUND_ACKNOWLEDGE_INFECTOR
UNIT_INFECTOR,32,kv,SoundCantMove,SOUND_CANTMOVE_INFECTOR
UNIT_INFECTOR,33,kv,SoundAttack,SOUND_ATTACK_INFECTOR
UNIT_INFECTOR,34,kv,SoundWork,SOUND_WORK_INFECTOR
UNIT_INFECTOR,35,kv,SoundVictory,SOUND_VICTORY_INFECTOR
UNIT_INFECTOR,36,kv,SoundDeath,SOUND_DEATH_INFECTOR
UNIT_INFECTOR,37,sublist,CanSee,Standard
UNIT_INFECTOR,38,sublist,CanSee,Stealth
UNIT_INFECTOR,39,sublist,MovementType,Land
UNIT_INFECTOR,40,sublist,MovementType,Mountain
UNIT_INFECTOR,41,sublist,Size,Small
UNIT_INFECTOR,42,sublist,VisionClass,Stealth
UNIT_INFECTOR,43,nested,BioTerror,"[{""t"": ""kv"", ""k"": ""Chance"", ""v"": ""0.75""}, {""t"": ""kv"", ""k"": ""Sound"", ""v"": ""SOUND_ID_BIO_TERROR""}, {""t"": ""kv"", ""k"": ""Effect"", ""v"": ""SPECEFFECT_BIO_TERROR""}]"
UNIT_INFECTOR,44,nested,Plague,"[{""t"": ""kv"", ""k"": ""Chance"", ""v"": ""0.5""}, {""t"": ""kv"", ""k"": ""Sound"", ""v"": ""SOUND_ID_BIO_TERROR""}, {""t"": ""kv"", ""k"": ""Effect"", ""v"": ""SPECEFFECT_BIO_TERROR""}]"
UNIT_INTERCEPTOR,0,kv,Description,DESCRIPTION_UNIT_INTERCEPTOR
UNIT_INTERCEPTOR,1,kv,DefaultIcon,ICON_UNIT_INTERCEPTOR
UNIT_INTERCEPTOR,2,kv,DefaultSprite,SPRITE_INTERCEPTOR
UNIT_INTERCEPTOR,3,kv,Category,UNIT_CATEGORY_AERIAL
UNIT_INTERCEPTOR,4,kv,Attack,60
UNIT_INTERCEPTOR,5,kv,Defense,60
UNIT_INTERCEPTOR,6,kv,ZBRangeAttack,60
UNIT_INTERCEPTOR,7,kv,Firepower,4
UNIT_INTERCEPTOR,8,kv,Armor,2
UNIT_INTERCEPTOR,9,kv,MaxHP,10
UNIT_INTERCEPTOR,10,kv,ShieldCost,2500
UNIT_INTERCEPTOR,11,kv,PowerPoints,100
UNIT_INTERCEPTOR,12,kv,ShieldHunger,25
UNIT_INTERCEPTOR,13,kv,GoldHunger,65
UNIT_INTERCEPTOR,14,kv,FoodHunger,0
UNIT_INTERCEPTOR,15,kv,MaxMovePoints,1200
UNIT_INTERCEPTOR,16,kv,VisionRange,4
UNIT_INTERCEPTOR,17,kv,EnableAdvance,ADVANCE_SUPERSONIC_FLIGHT
UNIT_INTERCEPTOR,18,kv,ObsoleteAdvance,ADVANCE_AI_SURVEILLANCE
UNIT_INTERCEPTOR,19,kv,UpgradeTo,UNIT_STEALTH_FIGHTER
UNIT_INTERCEPTOR,20,kv,BombRounds,5
UNIT_INTERCEPTOR,21,kv,BombardRange,1
UNIT_INTERCEPTOR,22,kv,ActiveDefenseRange,1
UNIT_INTERCEPTOR,23,flag,EnableCarrierDefenses,
UNIT_INTERCEPTOR,24,flag,LossMoveToDmgNone,
UNIT_INTERCEPTOR,25,flag,NoFuelThenCrash,
UNIT_INTERCEPTOR,26,kv,MaxFuel,3600
UNIT_INTERCEPTOR,27,flag,IgnoreZOC,
UNIT_INTERCEPTOR,28,flag,NoZoc,
UNIT_INTERCEPTOR,29,flag,CanBeachAssault,
UNIT_INTERCEPTOR,30,flag,CantCaptureCity,
UNIT_INTERCEPTOR,31,flag,DeathEffectsHappy,
UNIT_INTERCEPTOR,32,flag,Explodes,
UNIT_INTERCEPTOR,33,kv,SoundSelect1,SOUND_SELECT1_INTERCEPTORS
UNIT_INTERCEPTOR,34,kv,SoundSelect2,SOUND_SELECT2_INTERCEPTORS
UNIT_INTERCEPTOR,35,kv,SoundMove,SOUND_MOVE_INTERCEPTORS
UNIT_INTERCEPTOR,36,kv,SoundAcknowledge,SOUND_ACKNOWLEDGE_INTERCEPTORS
UNIT_INTERCEPTOR,37,kv,SoundCantMove,SOUND_CANTMOVE_INTERCEPTORS
UNIT_INTERCEPTOR,38,kv,SoundAttack,SOUND_ATTACK_INTERCEPTORS
UNIT_INTERCEPTOR,39,kv,SoundWork,SOUND_WORK_INTERCEPTORS
UNIT_INTERCEPTOR,40,kv,SoundVictory,SOUND_VICTORY_INTERCEPTORS
UNIT_INTERCEPTOR,41,kv,SoundDeath,SOUND_DEATH_INTERCEPTORS
UNIT_INTERCEPTOR,42,sublist,CanAttack,Land
UNIT_INTERCEPTOR,43,sublist,CanAttack,Mountain
UNIT_INTERCEPTOR,44,sublist,CanAttack,Air
UNIT_INTERCEPTOR,45,sublist,CanAttack,Sea
UNIT_INTERCEPTOR,46,sublist,CanAttack,ShallowWater
UNIT_INTERCEPTOR,47,sublist,CanSee,Standard
UNIT_INTERCEPTOR,48,sublist,Defend,Air
UNIT_INTERCEPTOR,49,sublist,MovementType,Air
UNIT_INTERCEPTOR,50,sublist,Size,Medium
UNIT_INTERCEPTOR,51,sublist,VisionClass,Standard
UNIT_IRONCLAD,0,kv,Description,DESCRIPTION_UNIT_IRONCLAD
UNIT_IRONCLAD,1,kv,DefaultIcon,ICON_UNIT_IRONCLAD
UNIT_IRONCLAD,2,kv,DefaultSprite,SPRITE_IRONCLAD
UNIT_IRONCLAD,3,kv,Category,UNIT_CATEGORY_NAVAL
UNIT_IRONCLAD,4,kv,Attack,40
UNIT_IRONCLAD,5,kv,Defense,30
UNIT_IRONCLAD,6,kv,ZBRangeAttack,40
UNIT_IRONCLAD,7,kv,Firepower,3
UNIT_IRONCLAD,8,kv,Armor,1
UNIT_IRONCLAD,9,kv,MaxHP,10
UNIT_IRONCLAD,10,kv,ShieldCost,1500
UNIT_IRONCLAD,11,kv,PowerPoints,100
UNIT_IRONCLAD,12,kv,ShieldHunger,15
UNIT_IRONCLAD,13,kv,GoldHunger,30
UNIT_IRONCLAD,14,kv,FoodHunger,0
UNIT_IRONCLAD,15,kv,MaxMovePoints,300
UNIT_IRONCLAD,16,kv,VisionRange,2
UNIT_IRONCLAD,17,kv,EnableAdvance,ADVANCE_MODERN_METALLURGY
UNIT_IRONCLAD,18,kv,ObsoleteAdvance,ADVANCE_ADV_NAVAL_TACTICS
UNIT_IRONCLAD,19,kv,UpgradeTo,UNIT_BATTLESHIP
UNIT_IRONCLAD,20,kv,UpgradeTo,UNIT_PLASMA_DESTROYER
UNIT_IRONCLAD,21,kv,BombRounds,5
UNIT_IRONCLAD,22,kv,BombardRange,1
UNIT_IRONCLAD,23,kv,ActiveDefenseRange,0
UNIT_IRONCLAD,24,flag,LossMoveToDmgNone,
UNIT_IRONCLAD,25,kv,MaxFuel,0
UNIT_IRONCLAD,26,flag,CanExpel,
UNIT_IRONCLAD,27,flag,CanPillage,
UNIT_IRONCLAD,28,flag,CanPirate,
UNIT_IRONCLAD,29,flag,CantCaptureCity,
UNIT_IRONCLAD,30,flag,ExertsMartialLaw,
UNIT_IRONCLAD,31,flag,DeathEffectsHappy,
UNIT_IRONCLAD,32,flag,Explodes,
UNIT_IRONCLAD,33,kv,SoundSelect1,SOUND_SELECT1_IRONCLAD
UNIT_IRONCLAD,34,kv,SoundSelect2,SOUND_SELECT2_IRONCLAD
UNIT_IRONCLAD,35,kv,SoundMove,SOUND_MOVE_IRONCLAD
UNIT_IRONCLAD,36,kv,SoundAcknowledge,SOUND_ACKNOWLEDGE_IRONCLAD
UNIT_IRONCLAD,37,kv,SoundCantMove,SOUND_CANTMOVE_IRONCLAD
UNIT_IRONCLAD,38,kv,SoundAttack,SOUND_ATTACK_IRONCLAD
UNIT_IRONCLAD,39,kv,SoundWork,SOUND_WORK_IRONCLAD
UNIT_IRONCLAD,40,kv,SoundVictory,SOUND_VICTORY_IRONCLAD
UNIT_IRONCLAD,41,kv,SoundDeath,SOUND_DEATH_IRONCLAD
UNIT_IRONCLAD,42,sublist,CanAttack,Sea
UNIT_IRONCLAD,43,sublist,CanAttack,ShallowWater
UNIT_IRONCLAD,44,sublist,CanBombard,Water
UNIT_IRONCLAD,45,sublist,CanSee,Standard
UNIT_IRONCLAD,46,sublist,MovementType,Sea
UNIT_IRONCLAD,47,sublist,MovementType,ShallowWater
UNIT_IRONCLAD,48,sublist,Size,Large
UNIT_IRONCLAD,49,sublist,VisionClass,Standard
UNIT_IRONCLAD,50,nested,CanReform,"[{""t"": ""kv"", ""k"": ""Sound"", ""v"": ""SOUND_ID_REFORM_CITY""}, {""t"": ""kv"", ""k"": ""Effect"", ""v"": ""SPECEFFECT_REFORMCITY""}]"
UNIT_KNIGHT,0,kv,Description,DESCRIPTION_UNIT_KNIGHT
UNIT_KNIGHT,1,kv,DefaultIcon,ICON_UNIT_KNIGHT
UNIT_KNIGHT,2,kv,DefaultSprite,SPRITE_KNIGHT
UNIT_KNIGHT,3,kv,Category,UNIT_CATEGORY_FLANKER
UNIT_KNIGHT,4,kv,Attack,25
UNIT_KNIGHT,5,kv,Defense,15
UNIT_KNIGHT,6,kv,ZBRangeAttack,0
UNIT_KNIGHT,7,kv,Firepower,2
UNIT_KNIGHT,8,kv,Armor,1
UNIT_KNIGHT,9,kv,MaxHP,10
UNIT_KNIGHT,10,kv,ShieldCost,740
UNIT_KNIGHT,11,kv,PowerPoints,400
UNIT_KNIGHT,12,kv,ShieldHunger,8
UNIT_KNIGHT,13,kv,GoldHunger,16
UNIT_KNIGHT,14,kv,FoodHunger,0
UNIT_KNIGHT,15,kv,MaxMovePoints,400
UNIT_KNIGHT,16,kv,VisionRange,2
UNIT_KNIGHT,17,kv,EnableAdvance,ADVANCE_FEUDALISM
UNIT_KNIGHT,18,kv,ObsoleteAdvance,ADVANCE_INDUSTRIAL_REVOLUTION
UNIT_KNIGHT,19,kv,ObsoleteAdvance,ADVANCE_TANK_WARFARE
UNIT_KNIGHT,20,kv,UpgradeTo,UNIT_CAVALRY
UNIT_KNIGHT,21,kv,UpgradeTo,UNIT_TANK
UNIT_KNIGHT,22,kv,UpgradeTo,UNIT_FUSION_TANK
UNIT_KNIGHT,23,kv,ActiveDefenseRange,0
UNIT_KNIGHT,24,flag,LossMoveToDmgNone,
UNIT_KNIGHT,25,kv,MaxFuel,0
UNIT_KNIGHT,26,flag,CanEntrench,
UNIT_KNIGHT,27,flag,CanExpel,
UNIT_KNIGHT,28,flag,CanPillage,
UNIT_KNIGHT,29,flag,CanPirate,
UNIT_KNIGHT,30,flag,ExertsMartialLaw,
UNIT_KNIGHT,31,flag,DeathEffectsHappy,
UNIT_KNIGHT,32,flag,IsFlanker,
UNIT_KNIGHT,33,flag,IsSpecialForces,
UNIT_KNIGHT,34,kv,SoundSelect1,SOUND_SELECT1_KNIGHT
UNIT_KNIGHT,35,kv,SoundSelect2,SOUND_SELECT2_KNIGHT
UNIT_KNIGHT,36,kv,SoundMove,SOUND_MOVE_KNIGHT
UNIT_KNIGHT,37,kv,SoundAcknowledge,SOUND_ACKNOWLEDGE_KNIGHT
UNIT_KNIGHT,38,kv,SoundCantMove,SOUND_CANTMOVE_KNIGHT
UNIT_KNIGHT,39,kv,SoundAttack,SOUND_ATTACK_KNIGHT
UNIT_KNIGHT,40,kv,SoundWork,SOUND_WORK_KNIGHT
UNIT_KNIGHT,41,kv,SoundVictory,SOUND_VICTORY_KNIGHT
UNIT_KNIGHT,42,kv,SoundDeath,SOUND_DEATH_KNIGHT
UNIT_KNIGHT,43,sublist,CanAttack,Land
UNIT_KNIGHT,44,sublist,CanSee,Standard
UNIT_KNIGHT,45,sublist,MovementType,Land
UNIT_KNIGHT,46,sublist,Size,Medium
UNIT_KNIGHT,47,sublist,VisionClass,Standard
UNIT_KNIGHT,48,nested,CanReform,"[{""t"": ""kv"", ""k"": ""Sound"", ""v"": ""SOUND_ID_REFORM_CITY""}, {""t"": ""kv"", ""k"": ""Effect"", ""v"": ""SPECEFFECT_REFORMCITY""}]"
UNIT_KRAKEN,0,kv,Description,DESCRIPTION_UNIT_KRAKEN
UNIT_KRAKEN,1,kv,DefaultIcon,ICON_UNIT_KRAKEN
UNIT_KRAKEN,2,kv,DefaultSprite,SPRITE_KRAKEN
UNIT_KRAKEN,3,kv,Category,UNIT_CATEGORY_UNDERSEA
UNIT_KRAKEN,4,kv,Attack,80
UNIT_KRAKEN,5,kv,Defense,60
UNIT_KRAKEN,6,kv,ZBRangeAttack,80
UNIT_KRAKEN,7,kv,Firepower,5
UNIT_KRAKEN,8,kv,Armor,5
UNIT_KRAKEN,9,kv,MaxHP,10
UNIT_KRAKEN,10,kv,ShieldCost,4500
UNIT_KRAKEN,11,kv,PowerPoints,100
UNIT_KRAKEN,12,kv,ShieldHunger,45
UNIT_KRAKEN,13,kv,GoldHunger,210
UNIT_KRAKEN,14,kv,FoodHunger,0
UNIT_KRAKEN,15,kv,MaxMovePoints,600
UNIT_KRAKEN,16,kv,VisionRange,3
UNIT_KRAKEN,17,kv,EnableAdvance,ADVANCE_GENETIC_TAILORING
UNIT_KRAKEN,18,kv,UpgradeTo,UNIT_DREADNAUGHT
UNIT_KRAKEN,19,kv,ActiveDefenseRange,0
UNIT_KRAKEN,20,flag,LossMoveToDmgNone,
UNIT_KRAKEN,21,kv,MaxFuel,0
UNIT_KRAKEN,22,flag,CanExpel,
UNIT_KRAKEN,23,flag,CanPillage,
UNIT_KRAKEN,24,flag,CanPirate,
UNIT_KRAKEN,25,flag,DeathEffectsHappy,
UNIT_KRAKEN,26,flag,IsSubmarine,
UNIT_KRAKEN,27,flag,Explodes,
UNIT_KRAKEN,28,kv,SoundSelect1,SOUND_SELECT1_KRAKEN
UNIT_KRAKEN,29,kv,SoundSelect2,SOUND_SELECT2_KRAKEN
UNIT_KRAKEN,30,kv,SoundMove,SOUND_MOVE_KRAKEN
UNIT_KRAKEN,31,kv,SoundAcknowledge,SOUND_ACKNOWLEDGE_KRAKEN
UNIT_KRAKEN,32,kv,SoundCantMove,SOUND_CANTMOVE_KRAKEN
UNIT_KRAKEN,33,kv,SoundAttack,SOUND_ATTACK_KRAKEN
UNIT_KRAKEN,34,kv,SoundWork,SOUND_WORK_KRAKEN
UNIT_KRAKEN,35,kv,SoundVictory,SOUND_VICTORY_KRAKEN
UNIT_KRAKEN,36,kv,SoundDeath,SOUND_DEATH_KRAKEN
UNIT_KRAKEN,37,sublist,CanAttack,Sea
UNIT_KRAKEN,38,sublist,CanAttack,Underwater
UNIT_KRAKEN,39,sublist,CanAttack,ShallowWater
UNIT_KRAKEN,40,sublist,CanSee,Standard
UNIT_KRAKEN,41,sublist,CanSee,Underwater
UNIT_KRAKEN,42,sublist,MovementType,Sea
UNIT_KRAKEN,43,sublist,MovementType,ShallowWater
UNIT_KRAKEN,44,sublist,Size,Large
UNIT_KRAKEN,45,sublist,VisionClass,Underwater
UNIT_KRAKEN,46,nested,CanReform,"[{""t"": ""kv"", ""k"": ""Sound"", ""v"": ""SOUND_ID_REFORM_CITY""}, {""t"": ""kv"", ""k"": ""Effect"", ""v"": ""SPECEFFECT_REFORMCITY""}]"
UNIT_LAWYER,0,kv,Description,DESCRIPTION_UNIT_LAWYER
UNIT_LAWYER,1,kv,DefaultIcon,ICON_UNIT_LAWYER
UNIT_LAWYER,2,kv,DefaultSprite,SPRITE_LAWYER
UNIT_LAWYER,3,kv,Category,UNIT_CATEGORY_SPECIAL
UNIT_LAWYER,4,kv,Attack,0
UNIT_LAWYER,5,kv,Defense,10
UNIT_LAWYER,6,kv,ZBRangeAttack,0
UNIT_LAWYER,7,kv,Firepower,1
UNIT_LAWYER,8,kv,Armor,1
UNIT_LAWYER,9,kv,MaxHP,10
UNIT_LAWYER,10,kv,ShieldCost,1500
UNIT_LAWYER,11,kv,PowerPoints,400
UNIT_LAWYER,12,kv,ShieldHunger,15
UNIT_LAWYER,13,kv,GoldHunger,100
UNIT_LAWYER,14,kv,FoodHunger,0
UNIT_LAWYER,15,kv,MaxMovePoints,300
UNIT_LAWYER,16,kv,VisionRange,2
UNIT_LAWYER,17,kv,EnableAdvance,ADVANCE_CRIMINAL_CODE
UNIT_LAWYER,18,kv,ActiveDefenseRange,0
UNIT_LAWYER,19,flag,LossMoveToDmgNone,
UNIT_LAWYER,20,kv,MaxFuel,0
UNIT_LAWYER,21,flag,IgnoreZOC,
UNIT_LAWYER,22,flag,NoZoc,
UNIT_LAWYER,23,flag,CanSue,
UNIT_LAWYER,24,flag,CanBeSued,
UNIT_LAWYER,25,flag,CanBeExpelled,
UNIT_LAWYER,26,flag,CantCaptureCity,
UNIT_LAWYER,27,flag,DeathEffectsHappy,
UNIT_LAWYER,28,flag,IsSpecialForces,
UNIT_LAWYER,29,flag,Civilian,
UNIT_LAWYER,30,flag,InvisibleForGlobeSat,
UNIT_LAWYER,31,kv,SoundSelect1,SOUND_SELECT1_LAWYER
UNIT_LAWYER,32,kv,SoundSelect2,SOUND_SELECT2_LAWYER
UNIT_LAWYER,33,kv,SoundMove,SOUND_MOVE_LAWYER
UNIT_LAWYER,34,kv,SoundAcknowledge,SOUND_ACKNOWLEDGE_LAWYER
UNIT_LAWYER,35,kv,SoundCantMove,SOUND_CANTMOVE_LAWYER
UNIT_LAWYER,36,kv,SoundAttack,SOUND_ATTACK_LAWYER
UNIT_LAWYER,37,kv,SoundWork,SOUND_WORK_LAWYER
UNIT_LAWYER,38,kv,SoundVictory,SOUND_VICTORY_LAWYER
UNIT_LAWYER,39,kv,SoundDeath,SOUND_DEATH_LAWYER
UNIT_LAWYER,40,sublist,CanSee,Standard
UNIT_LAWYER,41,sublist,CanSee,Stealth
UNIT_LAWYER,42,sublist,MovementType,Land
UNIT_LAWYER,43,sublist,MovementType,Mountain
UNIT_LAWYER,44,sublist,Size,Small
UNIT_LAWYER,45,sublist,VisionClass,Stealth
UNIT_LAWYER,46,nested,CanInjoin,"[{""t"": ""kv"", ""k"": ""Sound"", ""v"": ""SOUND_ID_INJUNCTION""}, {""t"": ""kv"", ""k"": ""Effect"", ""v"": ""SPECEFFECT_INJUNCTIONS""}]"
UNIT_LEVIATHON,0,kv,Description,DESCRIPTION_UNIT_LEVIATHON
UNIT_LEVIATHON,1,kv,DefaultIcon,ICON_UNIT_LEVIATHON
UNIT_LEVIATHON,2,kv,DefaultSprite,SPRITE_LEVIATHON
UNIT_LEVIATHON,3,kv,Category,UNIT_CATEGORY_DEFENSE
UNIT_LEVIATHON,4,kv,Attack,90
UNIT_LEVIATHON,5,kv,Defense,100
UNIT_LEVIATHON,6,kv,ZBRangeAttack,90
UNIT_LEVIATHON,7,kv,Firepower,6
UNIT_LEVIATHON,8,kv,Armor,6
UNIT_LEVIATHON,9,kv,MaxHP,10
UNIT_LEVIATHON,10,kv,ShieldCost,9000
UNIT_LEVIATHON,11,kv,PowerPoints,12000
UNIT_LEVIATHON,12,kv,ShieldHunger,100
UNIT_LEVIATHON,13,kv,GoldHunger,250
UNIT_LEVIATHON,14,kv,FoodHunger,0
UNIT_LEVIATHON,15,kv,MaxMovePoints,10
UNIT_LEVIATHON,16,kv,VisionRange,3
UNIT_LEVIATHON,17,kv,EnableAdvance,ADVANCE_PLASMA_WEAPONRY
UNIT_LEVIATHON,18,kv,BombRounds,5
UNIT_LEVIATHON,19,kv,BombardRange,1
UNIT_LEVIATHON,20,flag,CanCounterBombard,
UNIT_LEVIATHON,21,kv,ActiveDefenseRange,1
UNIT_LEVIATHON,22,flag,LossMoveToDmgNone,
UNIT_LEVIATHON,23,kv,MaxFuel,0
UNIT_LEVIATHON,24,flag,CanEntrench,
UNIT_LEVIATHON,25,flag,CanExpel,
UNIT_LEVIATHON,26,flag,CanPillage,
UNIT_LEVIATHON,27,flag,CanPirate,
UNIT_LEVIATHON,28,flag,ExertsMartialLaw,
UNIT_LEVIATHON,29,flag,DeathEffectsHappy,
UNIT_LEVIATHON,30,flag,IsSpecialForces,
UNIT_LEVIATHON,31,flag,Explodes,
UNIT_LEVIATHON,32,kv,SoundSelect1,SOUND_SELECT1_LEVIATHAN
UNIT_LEVIATHON,33,kv,SoundSelect2,SOUND_SELECT2_LEVIATHAN
UNIT_LEVIATHON,34,kv,SoundMove,SOUND_MOVE_LEVIATHAN
UNIT_LEVIATHON,35,kv,SoundAcknowledge,SOUND_ACKNOWLEDGE_LEVIATHAN
UNIT_LEVIATHON,36,kv,SoundCantMove,SOUND_CANTMOVE_LEVIATHAN
UNIT_LEVIATHON,37,kv,SoundAttack,SOUND_ATTACK_LEVIATHAN
UNIT_LEVIATHON,38,kv,SoundWork,SOUND_WORK_LEVIATHAN
UNIT_LEVIATHON,39,kv,SoundVictory,SOUND_VICTORY_LEVIATHAN
UNIT_LEVIATHON,40,kv,SoundDeath,SOUND_DEATH_LEVIATHAN
UNIT_LEVIATHON,41,sublist,CanAttack,Air
UNIT_LEVIATHON,42,sublist,CanAttack,Land
UNIT_LEVIATHON,43,sublist,CanBombard,Land
UNIT_LEVIATHON,44,sublist,CanBombard,Mountain
UNIT_LEVIATHON,45,sublist,CanBombard,Water
UNIT_LEVIATHON,46,sublist,CanBombard,Air
UNIT_LEVIATHON,47,sublist,CanSee,Standard
UNIT_LEVIATHON,48,sublist,Defend,Air
UNIT_LEVIATHON,49,sublist,Defend,Land
UNIT_LEVIATHON,50,sublist,Defend,Water
UNIT_LEVIATHON,51,sublist,MovementType,Land
UNIT_LEVIATHON,52,sublist,Size,Large
UNIT_LEVIATHON,53,sublist,VisionClass,Standard
UNIT_LEVIATHON,54,nested,CanReform,"[{""t"": ""kv"", ""k"": ""Sound"", ""v"": ""SOUND_ID_REFORM_CITY""}, {""t"": ""kv"", ""k"": ""Effect"", ""v"": ""SPECEFFECT_REFORMCITY""}]"
UNIT_LONGSHIP,0,kv,Description,DESCRIPTION_UNIT_LONGSHIP
UNIT_LONGSHIP,1,kv,DefaultIcon,ICON_UNIT_LONGSHIP
UNIT_LONGSHIP,2,kv,DefaultSprite,SPRITE_LONGSHIP
UNIT_LONGSHIP,3,kv,Category,UNIT_CATEGORY_NAVAL
UNIT_LONGSHIP,4,kv,Attack,0
UNIT_LONGSHIP,5,kv,Defense,10
UNIT_LONGSHIP,6,kv,ZBRangeAttack,0
UNIT_LONGSHIP,7,kv,Firepower,1
UNIT_LONGSHIP,8,kv,Armor,1
UNIT_LONGSHIP,9,kv,MaxHP,10
UNIT_LONGSHIP,10,kv,ShieldCost,630
UNIT_LONGSHIP,11,kv,PowerPoints,600
UNIT_LONGSHIP,12,kv,ShieldHunger,6
UNIT_LONGSHIP,13,kv,GoldHunger,6
UNIT_LONGSHIP,14,kv,FoodHunger,0
UNIT_LONGSHIP,15,kv,MaxMovePoints,300
UNIT_LONGSHIP,16,kv,VisionRange,1
UNIT_LONGSHIP,17,kv,EnableAdvance,ADVANCE_HULL_MAKING
UNIT_LONGSHIP,18,kv,ObsoleteAdvance,ADVANCE_INTERNAL_COMBUSTION
UNIT_LONGSHIP,19,kv,UpgradeTo,UNIT_CARRACK
UNIT_LONGSHIP,20,kv,UpgradeTo,UNIT_TROOP_SHIP
UNIT_LONGSHIP,21,kv,ActiveDefenseRange,0
UNIT_LONGSHIP,22,flag,LossMoveToDmgNone,
UNIT_LONGSHIP,23,kv,MaxFuel,0
UNIT_LONGSHIP,24,flag,NoZoc,
UNIT_LONGSHIP,25,flag,CantCaptureCity,
UNIT_LONGSHIP,26,flag,DeathEffectsHappy,
UNIT_LONGSHIP,27,flag,WoodenShip,
UNIT_LONGSHIP,28,kv,SoundSelect1,SOUND_SELECT1_LONGSHIP
UNIT_LONGSHIP,29,kv,SoundSelect2,SOUND_SELECT2_LONGSHIP
UNIT_LONGSHIP,30,kv,SoundMove,SOUND_MOVE_LONGSHIP
UNIT_LONGSHIP,31,kv,SoundAcknowledge,SOUND_ACKNOWLEDGE_LONGSHIP
UNIT_LONGSHIP,32,kv,SoundCantMove,SOUND_CANTMOVE_LONGSHIP
UNIT_LONGSHIP,33,kv,SoundAttack,SOUND_ATTACK_LONGSHIP
UNIT_LONGSHIP,34,kv,SoundWork,SOUND_WORK_LONGSHIP
UNIT_LONGSHIP,35,kv,SoundVictory,SOUND_VICTORY_LONGSHIP
UNIT_LONGSHIP,36,kv,SoundDeath,SOUND_DEATH_LONGSHIP
UNIT_LONGSHIP,37,sublist,CanCarry,SmallLand
UNIT_LONGSHIP,38,sublist,CanCarry,MedLand
UNIT_LONGSHIP,39,sublist,CanSee,Standard
UNIT_LONGSHIP,40,sublist,MovementType,Sea
UNIT_LONGSHIP,41,sublist,MovementType,ShallowWater
UNIT_LONGSHIP,42,sublist,Size,Large
UNIT_LONGSHIP,43,sublist,VisionClass,Standard
UNIT_LONGSHIP,44,nested,CargoData,"[{""t"": ""kv"", ""k"": ""MaxCargo"", ""v"": ""2""}, {""t"": ""kv"", ""k"": ""Load"", ""v"": ""SOUND_ID_LONGSHIP_LOAD""}, {""t"": ""kv"", ""k"": ""Unload"", ""v"": ""SOUND_ID_LONGSHIP_UNLOAD""}]"
UNIT_MACHINE_GUNNER,0,kv,Description,DESCRIPTION_UNIT_MACHINE_GUNNER
UNIT_MACHINE_GUNNER,1,kv,DefaultIcon,ICON_UNIT_MACHINE_GUNNER
UNIT_MACHINE_GUNNER,2,kv,DefaultSprite,SPRITE_MACHINE_GUNNER
UNIT_MACHINE_GUNNER,3,kv,Category,UNIT_CATEGORY_ATTACK
UNIT_MACHINE_GUNNER,4,kv,Attack,40
UNIT_MACHINE_GUNNER,5,kv,Defense,30
UNIT_MACHINE_GUNNER,6,kv,ZBRangeAttack,20
UNIT_MACHINE_GUNNER,7,kv,Firepower,3
UNIT_MACHINE_GUNNER,8,kv,Armor,1
UNIT_MACHINE_GUNNER,9,kv,MaxHP,10
UNIT_MACHINE_GUNNER,10,kv,ShieldCost,1200
UNIT_MACHINE_GUNNER,11,kv,PowerPoints,800
UNIT_MACHINE_GUNNER,12,kv,ShieldHunger,12
UNIT_MACHINE_GUNNER,13,kv,GoldHunger,20
UNIT_MACHINE_GUNNER,14,kv,FoodHunger,0
UNIT_MACHINE_GUNNER,15,kv,MaxMovePoints,200
UNIT_MACHINE_GUNNER,16,kv,VisionRange,1
UNIT_MACHINE_GUNNER,17,kv,EnableAdvance,ADVANCE_INDUSTRIAL_REVOLUTION
UNIT_MACHINE_GUNNER,18,kv,ObsoleteAdvance,ADVANCE_CHAOS_THEORY
UNIT_MACHINE_GUNNER,19,kv,UpgradeTo,UNIT_MARINE
UNIT_MACHINE_GUNNER,20,kv,UpgradeTo,UNIT_HOVER_INFANTRY
UNIT_MACHINE_GUNNER,21,kv,ActiveDefenseRange,0
UNIT_MACHINE_GUNNER,22,flag,LossMoveToDmgNone,
UNIT_MACHINE_GUNNER,23,kv,MaxFuel,0
UNIT_MACHINE_GUNNER,24,flag,CanEntrench,
UNIT_MACHINE_GUNNER,25,flag,CanExpel,
UNIT_MACHINE_GUNNER,26,flag,CanPillage,
UNIT_MACHINE_GUNNER,27,flag,CanPirate,
UNIT_MACHINE_GUNNER,28,flag,ExertsMartialLaw,
UNIT_MACHINE_GUNNER,29,flag,DeathEffectsHappy,
UNIT_MACHINE_GUNNER,30,kv,SoundSelect1,SOUND_SELECT1_MACHINE_GUNNER
UNIT_MACHINE_GUNNER,31,kv,SoundSelect2,SOUND_SELECT2_MACHINE_GUNNER
UNIT_MACHINE_GUNNER,32,kv,SoundMove,SOUND_MOVE_MACHINE_GUNNER
UNIT_MACHINE_GUNNER,33,kv,SoundAcknowledge,SOUND_ACKNOWLEDGE_MACHINE_GUNNER
UNIT_MACHINE_GUNNER,34,kv,SoundCantMove,SOUND_CANTMOVE_MACHINE_GUNNER
UNIT_MACHINE_GUNNER,35,kv,SoundAttack,SOUND_ATTACK_MACHINE_GUNNER
UNIT_MACHINE_GUNNER,36,kv,SoundWork,SOUND_WORK_MACHINE_GUNNER
UNIT_MACHINE_GUNNER,37,kv,SoundVictory,SOUND_VICTORY_MACHINE_GUNNER
UNIT_MACHINE_GUNNER,38,kv,SoundDeath,SOUND_DEATH_MACHINE_GUNNER
UNIT_MACHINE_GUNNER,39,sublist,CanAttack,Land
UNIT_MACHINE_GUNNER,40,sublist,CanAttack,Mountain
UNIT_MACHINE_GUNNER,41,sublist,CanSee,Standard
UNIT_MACHINE_GUNNER,42,sublist,MovementType,Land
UNIT_MACHINE_GUNNER,43,sublist,MovementType,Mountain
UNIT_MACHINE_GUNNER,44,sublist,Size,Small
UNIT_MACHINE_GUNNER,45,sublist,VisionClass,Standard
UNIT_MACHINE_GUNNER,46,nested,CanReform,"[{""t"": ""kv"", ""k"": ""Sound"", ""v"": ""SOUND_ID_REFORM_CITY""}, {""t"": ""kv"", ""k"": ""Effect"", ""v"": ""SPECEFFECT_REFORMCITY""}]"
UNIT_MARINE,0,kv,Description,DESCRIPTION_UNIT_MARINE
UNIT_MARINE,1,kv,DefaultIcon,ICON_UNIT_MARINE
UNIT_MARINE,2,kv,DefaultSprite,SPRITE_MARINE
UNIT_MARINE,3,kv,Category,UNIT_CATEGORY_ATTACK
UNIT_MARINE,4,kv,Attack,60
UNIT_MARINE,5,kv,Defense,40
UNIT_MARINE,6,kv,ZBRangeAttack,30
UNIT_MARINE,7,kv,Firepower,3
UNIT_MARINE,8,kv,Armor,1
UNIT_MARINE,9,kv,MaxHP,10
UNIT_MARINE,10,kv,ShieldCost,1400
UNIT_MARINE,11,kv,PowerPoints,1000
UNIT_MARINE,12,kv,ShieldHunger,14
UNIT_MARINE,13,kv,GoldHunger,14
UNIT_MARINE,14,kv,FoodHunger,0
UNIT_MARINE,15,kv,MaxMovePoints,300
UNIT_MARINE,16,kv,VisionRange,2
UNIT_MARINE,17,kv,EnableAdvance,ADVANCE_ADV_INFANTRY_TACTICS
UNIT_MARINE,18,kv,UpgradeTo,UNIT_HOVER_INFANTRY
UNIT_MARINE,19,kv,ActiveDefenseRange,0
UNIT_MARINE,20,flag,LossMoveToDmgNone,
UNIT_MARINE,21,kv,MaxFuel,0
UNIT_MARINE,22,flag,CanEntrench,
UNIT_MARINE,23,flag,CanBeachAssault,
UNIT_MARINE,24,flag,CanExpel,
UNIT_MARINE,25,flag,CanPillage,
UNIT_MARINE,26,flag,CanPirate,
UNIT_MARINE,27,flag,ExertsMartialLaw,
UNIT_MARINE,28,flag,DeathEffectsHappy,
UNIT_MARINE,29,flag,IsSpecialForces,
UNIT_MARINE,30,kv,SoundSelect1,SOUND_SELECT1_MARINES
UNIT_MARINE,31,kv,SoundSelect2,SOUND_SELECT2_MARINES
UNIT_MARINE,32,kv,SoundMove,SOUND_MOVE_MARINES
UNIT_MARINE,33,kv,SoundAcknowledge,SOUND_ACKNOWLEDGE_MARINES
UNIT_MARINE,34,kv,SoundCantMove,SOUND_CANTMOVE_MARINES
UNIT_MARINE,35,kv,SoundAttack,SOUND_ATTACK_MARINES
UNIT_MARINE,36,kv,SoundWork,SOUND_WORK_MARINES
UNIT_MARINE,37,kv,SoundVictory,SOUND_VICTORY_MARINES
UNIT_MARINE,38,kv,SoundDeath,SOUND_DEATH_MARINES
UNIT_MARINE,39,sublist,CanAttack,Land
UNIT_MARINE,40,sublist,CanAttack,Mountain
UNIT_MARINE,41,sublist,CanSee,Standard
UNIT_MARINE,42,sublist,MovementType,Land
UNIT_MARINE,43,sublist,MovementType,Mountain
UNIT_MARINE,44,sublist,Size,Small
UNIT_MARINE,45,sublist,VisionClass,Standard
UNIT_MARINE,46,nested,CanReform,"[{""t"": ""kv"", ""k"": ""Sound"", ""v"": ""SOUND_ID_REFORM_CITY""}, {""t"": ""kv"", ""k"": ""Effect"", ""v"": ""SPECEFFECT_REFORMCITY""}]"
UNIT_MOBILE_SAM,0,kv,Description,DESCRIPTION_UNIT_MOBILE_SAM
UNIT_MOBILE_SAM,1,kv,DefaultIcon,ICON_UNIT_MOBILE_SAM
UNIT_MOBILE_SAM,2,kv,DefaultSprite,SPRITE_MOBILE_SAM
UNIT_MOBILE_SAM,3,kv,Category,UNIT_CATEGORY_RANGED
UNIT_MOBILE_SAM,4,kv,Attack,10
UNIT_MOBILE_SAM,5,kv,Defense,20
UNIT_MOBILE_SAM,6,kv,ZBRangeAttack,80
UNIT_MOBILE_SAM,7,kv,Firepower,3
UNIT_MOBILE_SAM,8,kv,Armor,1
UNIT_MOBILE_SAM,9,kv,MaxHP,10
UNIT_MOBILE_SAM,10,kv,ShieldCost,2000
UNIT_MOBILE_SAM,11,kv,PowerPoints,2000
UNIT_MOBILE_SAM,12,kv,ShieldHunger,20
UNIT_MOBILE_SAM,13,kv,GoldHunger,40
UNIT_MOBILE_SAM,14,kv,FoodHunger,0
UNIT_MOBILE_SAM,15,kv,MaxMovePoints,400
UNIT_MOBILE_SAM,16,kv,VisionRange,3
UNIT_MOBILE_SAM,17,kv,EnableAdvance,ADVANCE_RADAR
UNIT_MOBILE_SAM,18,kv,UpgradeTo,UNIT_WAR_WALKER
UNIT_MOBILE_SAM,19,kv,BombRounds,5
UNIT_MOBILE_SAM,20,kv,BombardRange,1
UNIT_MOBILE_SAM,21,flag,CanCounterBombard,
UNIT_MOBILE_SAM,22,kv,ActiveDefenseRange,1
UNIT_MOBILE_SAM,23,flag,LossMoveToDmgNone,
UNIT_MOBILE_SAM,24,kv,MaxFuel,0
UNIT_MOBILE_SAM,25,flag,CanEntrench,
UNIT_MOBILE_SAM,26,flag,CanExpel,
UNIT_MOBILE_SAM,27,flag,CanPillage,
UNIT_MOBILE_SAM,28,flag,CanPirate,
UNIT_MOBILE_SAM,29,flag,ExertsMartialLaw,
UNIT_MOBILE_SAM,30,flag,DeathEffectsHappy,
UNIT_MOBILE_SAM,31,flag,Explodes,
UNIT_MOBILE_SAM,32,kv,SoundSelect1,SOUND_SELECT1_MOBILE_SAM
UNIT_MOBILE_SAM,33,kv,SoundSelect2,SOUND_SELECT2_MOBILE_SAM
UNIT_MOBILE_SAM,34,kv,SoundMove,SOUND_MOVE_MOBILE_SAM
UNIT_MOBILE_SAM,35,kv,SoundAcknowledge,SOUND_ACKNOWLEDGE_MOBILE_SAM
UNIT_MOBILE_SAM,36,kv,SoundCantMove,SOUND_CANTMOVE_MOBILE_SAM
UNIT_MOBILE_SAM,37,kv,SoundAttack,SOUND_ATTACK_MOBILE_SAM
UNIT_MOBILE_SAM,38,kv,SoundWork,SOUND_WORK_MOBILE_SAM
UNIT_MOBILE_SAM,39,kv,SoundVictory,SOUND_VICTORY_MOBILE_SAM
UNIT_MOBILE_SAM,40,kv,SoundDeath,SOUND_DEATH_MOBILE_SAM
UNIT_MOBILE_SAM,41,sublist,CanAttack,Air
UNIT_MOBILE_SAM,42,sublist,CanAttack,Land
UNIT_MOBILE_SAM,43,sublist,CanAttack,Mountain
UNIT_MOBILE_SAM,44,sublist,CanBombard,Land
UNIT_MOBILE_SAM,45,sublist,CanBombard,Mountain
UNIT_MOBILE_SAM,46,sublist,CanBombard,Air
UNIT_MOBILE_SAM,47,sublist,CanSee,Standard
UNIT_MOBILE_SAM,48,sublist,Defend,Air
UNIT_MOBILE_SAM,49,sublist,MovementType,Land
UNIT_MOBILE_SAM,50,sublist,Size,Medium
UNIT_MOBILE_SAM,51,sublist,VisionClass,Standard
UNIT_MOBILE_SAM,52,nested,CanReform,"[{""t"": ""kv"", ""k"": ""Sound"", ""v"": ""SOUND_ID_REFORM_CITY""}, {""t"": ""kv"", ""k"": ""Effect"", ""v"": ""SPECEFFECT_REFORMCITY""}]"
UNIT_MOREY_STRIKER,0,kv,Description,DESCRIPTION_UNIT_MOREY_STRIKER
UNIT_MOREY_STRIKER,1,kv,DefaultIcon,ICON_UNIT_MOREY_STRIKER
UNIT_MOREY_STRIKER,2,kv,DefaultSprite,SPRITE_MOREY_STRIKER
UNIT_MOREY_STRIKER,3,kv,Category,UNIT_CATEGORY_UNDERSEA
UNIT_MOREY_STRIKER,4,kv,Attack,60
UNIT_MOREY_STRIKER,5,kv,Defense,80
UNIT_MOREY_STRIKER,6,kv,ZBRangeAttack,60
UNIT_MOREY_STRIKER,7,kv,Firepower,4
UNIT_MOREY_STRIKER,8,kv,Armor,4
UNIT_MOREY_STRIKER,9,kv,MaxHP,10
UNIT_MOREY_STRIKER,10,kv,ShieldCost,3500
UNIT_MOREY_STRIKER,11,kv,PowerPoints,100
UNIT_MOREY_STRIKER,12,kv,ShieldHunger,35
UNIT_MOREY_STRIKER,13,kv,GoldHunger,70
UNIT_MOREY_STRIKER,14,kv,FoodHunger,0
UNIT_MOREY_STRIKER,15,kv,MaxMovePoints,800
UNIT_MOREY_STRIKER,16,kv,VisionRange,3
UNIT_MOREY_STRIKER,17,kv,EnableAdvance,ADVANCE_GENETICS
UNIT_MOREY_STRIKER,18,kv,BombRounds,5
UNIT_MOREY_STRIKER,19,kv,BombardRange,1
UNIT_MOREY_STRIKER,20,flag,CanCounterBombard,
UNIT_MOREY_STRIKER,21,kv,ActiveDefenseRange,1
UNIT_MOREY_STRIKER,22,flag,LossMoveToDmgNone,
UNIT_MOREY_STRIKER,23,kv,MaxFuel,0
UNIT_MOREY_STRIKER,24,flag,CanExpel,
UNIT_MOREY_STRIKER,25,flag,CanPillage,
UNIT_MOREY_STRIKER,26,flag,CanPirate,
UNIT_MOREY_STRIKER,27,flag,DeathEffectsHappy,
UNIT_MOREY_STRIKER,28,flag,IsSubmarine,
UNIT_MOREY_STRIKER,29,flag,Explodes,
UNIT_MOREY_STRIKER,30,kv,SoundSelect1,SOUND_SELECT1_MOREY_STRIKER
UNIT_MOREY_STRIKER,31,kv,SoundSelect2,SOUND_SELECT2_MOREY_STRIKER
UNIT_MOREY_STRIKER,32,kv,SoundMove,SOUND_MOVE_MOREY_STRIKER
UNIT_MOREY_STRIKER,33,kv,SoundAcknowledge,SOUND_ACKNOWLEDGE_MOREY_STRIKER
UNIT_MOREY_STRIKER,34,kv,SoundCantMove,SOUND_CANTMOVE_MOREY_STRIKER
UNIT_MOREY_STRIKER,35,kv,SoundAttack,SOUND_ATTACK_MOREY_STRIKER
UNIT_MOREY_STRIKER,36,kv,SoundWork,SOUND_WORK_MOREY_STRIKER
UNIT_MOREY_STRIKER,37,kv,SoundVictory,SOUND_VICTORY_MOREY_STRIKER
UNIT_MOREY_STRIKER,38,kv,SoundDeath,SOUND_DEATH_MOREY_STRIKER
UNIT_MOREY_STRIKER,39,sublist,CanAttack,Sea
UNIT_MOREY_STRIKER,40,sublist,CanAttack,Underwater
UNIT_MOREY_STRIKER,41,sublist,CanAttack,ShallowWater
UNIT_MOREY_STRIKER,42,sublist,CanBombard,Water
UNIT_MOREY_STRIKER,43,sublist,CanSee,Standard
UNIT_MOREY_STRIKER,44,sublist,Defend,Water
UNIT_MOREY_STRIKER,45,sublist,MovementType,Sea
UNIT_MOREY_STRIKER,46,sublist,MovementType,ShallowWater
UNIT_MOREY_STRIKER,47,sublist,Size,Large
UNIT_MOREY_STRIKER,48,sublist,VisionClass,Underwater
UNIT_MOREY_STRIKER,49,nested,CanReform,"[{""t"": ""kv"", ""k"": ""Sound"", ""v"": ""SOUND_ID_REFORM_CITY""}, {""t"": ""kv"", ""k"": ""Effect"", ""v"": ""SPECEFFECT_REFORMCITY""}]"
UNIT_MOUNTED_ARCHER,0,kv,Description,DESCRIPTION_UNIT_MOUNTED_ARCHER
UNIT_MOUNTED_ARCHER,1,kv,DefaultIcon,ICON_UNIT_MOUNTED_ARCHER
UNIT_MOUNTED_ARCHER,2,kv,DefaultSprite,SPRITE_MOUNTED_ARCHER
UNIT_MOUNTED_ARCHER,3,kv,Category,UNIT_CATEGORY_RANGED
UNIT_MOUNTED_ARCHER,4,kv,Attack,10
UNIT_MOUNTED_ARCHER,5,kv,Defense,10
UNIT_MOUNTED_ARCHER,6,kv,ZBRangeAttack,20
UNIT_MOUNTED_ARCHER,7,kv,Firepower,1
UNIT_MOUNTED_ARCHER,8,kv,Armor,1
UNIT_MOUNTED_ARCHER,9,kv,MaxHP,10
UNIT_MOUNTED_ARCHER,10,kv,ShieldCost,340
UNIT_MOUNTED_ARCHER,11,kv,PowerPoints,100
UNIT_MOUNTED_ARCHER,12,kv,ShieldHunger,3
UNIT_MOUNTED_ARCHER,13,kv,GoldHunger,3
UNIT_MOUNTED_ARCHER,14,kv,FoodHunger,0
UNIT_MOUNTED_ARCHER,15,kv,MaxMovePoints,300
UNIT_MOUNTED_ARCHER,16,kv,VisionRange,2
UNIT_MOUNTED_ARCHER,17,kv,EnableAdvance,ADVANCE_HORSE_RIDING
UNIT_MOUNTED_ARCHER,18,kv,ObsoleteAdvance,ADVANCE_INDUSTRIAL_REVOLUTION
UNIT_MOUNTED_ARCHER,19,kv,ObsoleteAdvance,ADVANCE_TANK_WARFARE
UNIT_MOUNTED_ARCHER,20,kv,UpgradeTo,UNIT_CAVALRY
UNIT_MOUNTED_ARCHER,21,kv,UpgradeTo,UNIT_TANK
UNIT_MOUNTED_ARCHER,22,kv,UpgradeTo,UNIT_FUSION_TANK
UNIT_MOUNTED_ARCHER,23,kv,ActiveDefenseRange,0
UNIT_MOUNTED_ARCHER,24,flag,LossMoveToDmgNone,
UNIT_MOUNTED_ARCHER,25,kv,MaxFuel,0
UNIT_MOUNTED_ARCHER,26,flag,CanEntrench,
UNIT_MOUNTED_ARCHER,27,flag,CanExpel,
UNIT_MOUNTED_ARCHER,28,flag,CanPillage,
UNIT_MOUNTED_ARCHER,29,flag,CanPirate,
UNIT_MOUNTED_ARCHER,30,flag,ExertsMartialLaw,
UNIT_MOUNTED_ARCHER,31,flag,DeathEffectsHappy,
UNIT_MOUNTED_ARCHER,32,flag,IsMounted,
UNIT_MOUNTED_ARCHER,33,kv,SoundSelect1,SOUND_SELECT1_MOUNTED_ARCHER
UNIT_MOUNTED_ARCHER,34,kv,SoundSelect2,SOUND_SELECT2_MOUNTED_ARCHER
UNIT_MOUNTED_ARCHER,35,kv,SoundMove,SOUND_MOVE_MOUNTED_ARCHER
UNIT_MOUNTED_ARCHER,36,kv,SoundAcknowledge,SOUND_ACKNOWLEDGE_MOUNTED_ARCHER
UNIT_MOUNTED_ARCHER,37,kv,SoundCantMove,SOUND_CANTMOVE_MOUNTED_ARCHER
UNIT_MOUNTED_ARCHER,38,kv,SoundAttack,SOUND_ATTACK_MOUNTED_ARCHER
UNIT_MOUNTED_ARCHER,39,kv,SoundWork,SOUND_WORK_MOUNTED_ARCHER
UNIT_MOUNTED_ARCHER,40,kv,SoundVictory,SOUND_VICTORY_MOUNTED_ARCHER
UNIT_MOUNTED_ARCHER,41,kv,SoundDeath,SOUND_DEATH_MOUNTED_ARCHER
UNIT_MOUNTED_ARCHER,42,sublist,CanAttack,Land
UNIT_MOUNTED_ARCHER,43,sublist,CanSee,Standard
UNIT_MOUNTED_ARCHER,44,sublist,MovementType,Land
UNIT_MOUNTED_ARCHER,45,sublist,Size,Medium
UNIT_MOUNTED_ARCHER,46,sublist,VisionClass,Standard
UNIT_MOUNTED_ARCHER,47,nested,CanReform,"[{""t"": ""kv"", ""k"": ""Sound"", ""v"": ""SOUND_ID_REFORM_CITY""}, {""t"": ""kv"", ""k"": ""Effect"", ""v"": ""SPECEFFECT_REFORMCITY""}]"
UNIT_NUCLEAR_SUBMARINE,0,kv,Description,DESCRIPTION_UNIT_NUCLEAR_SUBMARINE
UNIT_NUCLEAR_SUBMARINE,1,kv,DefaultIcon,ICON_UNIT_NUCLEAR_SUBMARINE
UNIT_NUCLEAR_SUBMARINE,2,kv,DefaultSprite,SPRITE_NUCLEAR_SUBMARINE
UNIT_NUCLEAR_SUBMARINE,3,kv,Category,UNIT_CATEGORY_UNDERSEA
UNIT_NUCLEAR_SUBMARINE,4,kv,Attack,50
UNIT_NUCLEAR_SUBMARINE,5,kv,Defense,40
UNIT_NUCLEAR_SUBMARINE,6,kv,ZBRangeAttack,50
UNIT_NUCLEAR_SUBMARINE,7,kv,Firepower,4
UNIT_NUCLEAR_SUBMARINE,8,kv,Armor,3
UNIT_NUCLEAR_SUBMARINE,9,kv,MaxHP,10
UNIT_NUCLEAR_SUBMARINE,10,kv,ShieldCost,1800
UNIT_NUCLEAR_SUBMARINE,11,kv,PowerPoints,1850
UNIT_NUCLEAR_SUBMARINE,12,kv,ShieldHunger,18
UNIT_NUCLEAR_SUBMARINE,13,kv,GoldHunger,50
UNIT_NUCLEAR_SUBMARINE,14,kv,FoodHunger,0
UNIT_NUCLEAR_SUBMARINE,15,kv,MaxMovePoints,500
UNIT_NUCLEAR_SUBMARINE,16,kv,VisionRange,3
UNIT_NUCLEAR_SUBMARINE,17,kv,EnableAdvance,ADVANCE_NUCLEAR_POWER
UNIT_NUCLEAR_SUBMARINE,18,kv,ObsoleteAdvance,ADVANCE_GENETIC_TAILORING
UNIT_NUCLEAR_SUBMARINE,19,kv,UpgradeTo,UNIT_MOREY_STRIKER
UNIT_NUCLEAR_SUBMARINE,20,kv,BombRounds,5
UNIT_NUCLEAR_SUBMARINE,21,kv,BombardRange,1
UNIT_NUCLEAR_SUBMARINE,22,kv,ActiveDefenseRange,0
UNIT_NUCLEAR_SUBMARINE,23,flag,LossMoveToDmgNone,
UNIT_NUCLEAR_SUBMARINE,24,kv,MaxFuel,0
UNIT_NUCLEAR_SUBMARINE,25,flag,CanExpel,
UNIT_NUCLEAR_SUBMARINE,26,flag,CanPillage,
UNIT_NUCLEAR_SUBMARINE,27,flag,CanPirate,
UNIT_NUCLEAR_SUBMARINE,28,flag,CantCaptureCity,
UNIT_NUCLEAR_SUBMARINE,29,flag,DeathEffectsHappy,
UNIT_NUCLEAR_SUBMARINE,30,flag,IsSubmarine,
UNIT_NUCLEAR_SUBMARINE,31,flag,Explodes,
UNIT_NUCLEAR_SUBMARINE,32,kv,SoundSelect1,SOUND_SELECT1_NUCLEAR_SUBMARINE
UNIT_NUCLEAR_SUBMARINE,33,kv,SoundSelect2,SOUND_SELECT2_NUCLEAR_SUBMARINE
UNIT_NUCLEAR_SUBMARINE,34,kv,SoundMove,SOUND_MOVE_NUCLEAR_SUBMARINE
UNIT_NUCLEAR_SUBMARINE,35,kv,SoundAcknowledge,SOUND_ACKNOWLEDGE_NUCLEAR_SUBMARINE
UNIT_NUCLEAR_SUBMARINE,36,kv,SoundCantMove,SOUND_CANTMOVE_NUCLEAR_SUBMARINE
UNIT_NUCLEAR_SUBMARINE,37,kv,SoundAttack,SOUND_ATTACK_NUCLEAR_SUBMARINE
UNIT_NUCLEAR_SUBMARINE,38,kv,SoundWork,SOUND_WORK_NUCLEAR_SUBMARINE
UNIT_NUCLEAR_SUBMARINE,39,kv,SoundVictory,SOUND_VICTORY_NUCLEAR_SUBMARINE
UNIT_NUCLEAR_SUBMARINE,40,kv,SoundDeath,SOUND_DEATH_NUCLEAR_SUBMARINE
UNIT_NUCLEAR_SUBMARINE,41,sublist,CanAttack,ShallowWater
UNIT_NUCLEAR_SUBMARINE,42,sublist,CanAttack,Sea
UNIT_NUCLEAR_SUBMARINE,43,sublist,CanAttack,Underwater
UNIT_NUCLEAR_SUBMARINE,44,sublist,CanBombard,Water
UNIT_NUCLEAR_SUBMARINE,45,sublist,CanCarry,SmallAir
UNIT_NUCLEAR_SUBMARINE,46,sublist,CanSee,Standard
UNIT_NUCLEAR_SUBMARINE,47,sublist,CanSee,Underwater
UNIT_NUCLEAR_SUBMARINE,48,sublist,MovementType,Sea
UNIT_NUCLEAR_SUBMARINE,49,sublist,MovementType,ShallowWater
UNIT_NUCLEAR_SUBMARINE,50,sublist,Size,Large
UNIT_NUCLEAR_SUBMARINE,51,sublist,VisionClass,Underwater
UNIT_NUCLEAR_SUBMARINE,52,nested,CanReform,"[{""t"": ""kv"", ""k"": ""Sound"", ""v"": ""SOUND_ID_REFORM_CITY""}, {""t"": ""kv"", ""k"": ""Effect"", ""v"": ""SPECEFFECT_REFORMCITY""}]"
UNIT_NUCLEAR_SUBMARINE,53,nested,CargoData,"[{""t"": ""kv"", ""k"": ""MaxCargo"", ""v"": ""2""}, {""t"": ""kv"", ""k"": ""Load"", ""v"": ""SOUND_ID_SUBMARINE_LOAD""}, {""t"": ""kv"", ""k"": ""Unload"", ""v"": ""SOUND_ID_SUBMARINE_UNLOAD""}]"
UNIT_NUKE,0,kv,Description,DESCRIPTION_UNIT_NUKE
UNIT_NUKE,1,kv,DefaultIcon,ICON_UNIT_NUKE
UNIT_NUKE,2,kv,DefaultSprite,SPRITE_NUKE
UNIT_NUKE,3,kv,Category,UNIT_CATEGORY_AERIAL
UNIT_NUKE,4,kv,Attack,1000
UNIT_NUKE,5,kv,Defense,10
UNIT_NUKE,6,kv,ZBRangeAttack,0
UNIT_NUKE,7,kv,Firepower,1
UNIT_NUKE,8,kv,Armor,1
UNIT_NUKE,9,kv,MaxHP,10
UNIT_NUKE,10,kv,ShieldCost,4000
UNIT_NUKE,11,kv,PowerPoints,4000
UNIT_NUKE,12,kv,ShieldHunger,50
UNIT_NUKE,13,kv,GoldHunger,50
UNIT_NUKE,14,kv,FoodHunger,0
UNIT_NUKE,15,kv,MaxMovePoints,2000
UNIT_NUKE,16,kv,VisionRange,2
UNIT_NUKE,17,kv,EnableAdvance,ADVANCE_NUCLEAR_POWER
UNIT_NUKE,18,kv,ActiveDefenseRange,0
UNIT_NUKE,19,flag,LossMoveToDmgNone,
UNIT_NUKE,20,flag,NoFuelThenCrash,
UNIT_NUKE,21,kv,MaxFuel,2000
UNIT_NUKE,22,flag,IgnoreZOC,
UNIT_NUKE,23,flag,NoZoc,
UNIT_NUKE,24,flag,CanBeachAssault,
UNIT_NUKE,25,flag,CantCaptureCity,
UNIT_NUKE,26,flag,SingleUse,
UNIT_NUKE,27,flag,IsSpecialForces,
UNIT_NUKE,28,flag,Explodes,
UNIT_NUKE,29,kv,SoundSelect1,SOUND_SELECT1_NUKE
UNIT_NUKE,30,kv,SoundSelect2,SOUND_SELECT2_NUKE
UNIT_NUKE,31,kv,SoundMove,SOUND_MOVE_NUKE
UNIT_NUKE,32,kv,SoundAcknowledge,SOUND_ACKNOWLEDGE_NUKE
UNIT_NUKE,33,kv,SoundCantMove,SOUND_CANTMOVE_NUKE
UNIT_NUKE,34,kv,SoundAttack,SOUND_ATTACK_NUKE
UNIT_NUKE,35,kv,SoundWork,SOUND_WORK_NUKE
UNIT_NUKE,36,kv,SoundVictory,SOUND_VICTORY_NUKE
UNIT_NUKE,37,kv,SoundDeath,SOUND_DEATH_NUKE
UNIT_NUKE,38,sublist,CanAttack,Air
UNIT_NUKE,39,sublist,CanAttack,Land
UNIT_NUKE,40,sublist,CanAttack,Mountain
UNIT_NUKE,41,sublist,CanAttack,Sea
UNIT_NUKE,42,sublist,CanAttack,ShallowWater
UNIT_NUKE,43,sublist,CanSee,Standard
UNIT_NUKE,44,sublist,MovementType,Air
UNIT_NUKE,45,sublist,Size,Small
UNIT_NUKE,46,sublist,VisionClass,Standard
UNIT_NUKE,47,nested,NuclearAttack,"[{""t"": ""kv"", ""k"": ""Sound"", ""v"": ""SOUND_ID_NUCLEAR_ATTACK""}, {""t"": ""kv"", ""k"": ""Effect"", ""v"": ""SPECEFFECT_NUCLEAR_ATTACK""}]"
UNIT_OCEAN_CITY,0,kv,Description,DESCRIPTION_UNIT_OCEAN_CITY
UNIT_OCEAN_CITY,1,kv,DefaultIcon,ICON_UNIT_OCEAN_CITY
UNIT_OCEAN_CITY,2,kv,DefaultSprite,SPRITE_OCEAN_CITY
UNIT_OCEAN_CITY,3,kv,Category,UNIT_CATEGORY_GENERIC
UNIT_OCEAN_CITY,4,kv,Attack,0
UNIT_OCEAN_CITY,5,kv,Defense,0
UNIT_OCEAN_CITY,6,kv,ZBRangeAttack,0
UNIT_OCEAN_CITY,7,kv,Firepower,0
UNIT_OCEAN_CITY,8,kv,Armor,0
UNIT_OCEAN_CITY,9,kv,MaxHP,0
UNIT_OCEAN_CITY,10,kv,ShieldCost,0
UNIT_OCEAN_CITY,11,kv,PowerPoints,1000
UNIT_OCEAN_CITY,12,kv,ShieldHunger,0
UNIT_OCEAN_CITY,13,kv,FoodHunger,0
UNIT_OCEAN_CITY,14,kv,MaxMovePoints,0
UNIT_OCEAN_CITY,15,kv,VisionRange,2
UNIT_OCEAN_CITY,16,kv,ActiveDefenseRange,0
UNIT_OCEAN_CITY,17,flag,LossMoveToDmgNone,
UNIT_OCEAN_CITY,18,kv,MaxFuel,0
UNIT_OCEAN_CITY,19,flag,HasPopAndCanBuild,
UNIT_OCEAN_CITY,20,flag,CantBuild,
UNIT_OCEAN_CITY,21,kv,CityGrowthCoefficient,0.5
UNIT_OCEAN_CITY,22,flag,NoIndex,
UNIT_OCEAN_CITY,23,flag,GLHidden,
UNIT_OCEAN_CITY,24,flag,CantCaptureCity,
UNIT_OCEAN_CITY,25,flag,NeedsNoSupport,
UNIT_OCEAN_CITY,26,kv,SoundSelect1,SOUND_SELECT1_OCEAN_CITY
UNIT_OCEAN_CITY,27,kv,SoundSelect2,SOUND_SELECT2_OCEAN_CITY
UNIT_OCEAN_CITY,28,kv,SoundMove,SOUND_MOVE_OCEAN_CITY
UNIT_OCEAN_CITY,29,kv,SoundAcknowledge,SOUND_ACKNOWLEDGE_OCEAN_CITY
UNIT_OCEAN_CITY,30,kv,SoundCantMove,SOUND_CANTMOVE_OCEAN_CITY
UNIT_OCEAN_CITY,31,kv,SoundAttack,SOUND_ATTACK_OCEAN_CITY
UNIT_OCEAN_CITY,32,kv,SoundWork,SOUND_WORK_OCEAN_CITY
UNIT_OCEAN_CITY,33,kv,SoundVictory,SOUND_VICTORY_OCEAN_CITY
UNIT_OCEAN_CITY,34,kv,SoundDeath,SOUND_DEATH_OCEAN_CITY
UNIT_OCEAN_CITY,35,sublist,CanAttack,Land
UNIT_OCEAN_CITY,36,sublist,CanAttack,Sea
UNIT_OCEAN_CITY,37,sublist,CanAttack,ShallowWater
UNIT_OCEAN_CITY,38,sublist,CanSee,Standard
UNIT_OCEAN_CITY,39,sublist,MovementType,Land
UNIT_OCEAN_CITY,40,sublist,MovementType,Sea
UNIT_OCEAN_CITY,41,sublist,MovementType,ShallowWater
UNIT_OCEAN_CITY,42,sublist,Size,Medium
UNIT_OCEAN_CITY,43,sublist,VisionClass,Standard
UNIT_OCEAN_CITY,44,nested,Revolution,"[{""t"": ""kv"", ""k"": ""Sound"", ""v"": ""SOUND_ID_REVOLUTION""}, {""t"": ""kv"", ""k"": ""Effect"", ""v"": ""SPECEFFECT_REVOLUTION""}]"
UNIT_PARATROOPER,0,kv,Description,DESCRIPTION_UNIT_PARATROOPER
UNIT_PARATROOPER,1,kv,DefaultIcon,ICON_UNIT_PARATROOPER
UNIT_PARATROOPER,2,kv,DefaultSprite,SPRITE_PARATROOPER
UNIT_PARATROOPER,3,kv,Category,UNIT_CATEGORY_ATTACK
UNIT_PARATROOPER,4,kv,Attack,60
UNIT_PARATROOPER,5,kv,Defense,40
UNIT_PARATROOPER,6,kv,ZBRangeAttack,30
UNIT_PARATROOPER,7,kv,Firepower,3
UNIT_PARATROOPER,8,kv,Armor,1
UNIT_PARATROOPER,9,kv,MaxHP,10
UNIT_PARATROOPER,10,kv,ShieldCost,1400
UNIT_PARATROOPER,11,kv,PowerPoints,2500
UNIT_PARATROOPER,12,kv,ShieldHunger,14
UNIT_PARATROOPER,13,kv,GoldHunger,28
UNIT_PARATROOPER,14,kv,FoodHunger,0
UNIT_PARATROOPER,15,kv,MaxMovePoints,300
UNIT_PARATROOPER,16,kv,VisionRange,2
UNIT_PARATROOPER,17,kv,EnableAdvance,ADVANCE_ADV_INFANTRY_TACTICS
UNIT_PARATROOPER,18,kv,UpgradeTo,UNIT_HOVER_INFANTRY
UNIT_PARATROOPER,19,kv,ActiveDefenseRange,0
UNIT_PARATROOPER,20,flag,LossMoveToDmgNone,
UNIT_PARATROOPER,21,kv,MaxFuel,0
UNIT_PARATROOPER,22,flag,CanEntrench,
UNIT_PARATROOPER,23,flag,CanExpel,
UNIT_PARATROOPER,24,flag,CanPillage,
UNIT_PARATROOPER,25,flag,CanPirate,
UNIT_PARATROOPER,26,flag,ExertsMartialLaw,
UNIT_PARATROOPER,27,flag,DeathEffectsHappy,
UNIT_PARATROOPER,28,flag,IsSpecialForces,
UNIT_PARATROOPER,29,flag,Paratrooper,
UNIT_PARATROOPER,30,kv,SoundSelect1,SOUND_SELECT1_PARATROOPER
UNIT_PARATROOPER,31,kv,SoundSelect2,SOUND_SELECT2_PARATROOPER
UNIT_PARATROOPER,32,kv,SoundMove,SOUND_MOVE_PARATROOPER
UNIT_PARATROOPER,33,kv,SoundAcknowledge,SOUND_ACKNOWLEDGE_PARATROOPER
UNIT_PARATROOPER,34,kv,SoundCantMove,SOUND_CANTMOVE_PARATROOPER
UNIT_PARATROOPER,35,kv,SoundAttack,SOUND_ATTACK_PARATROOPER
UNIT_PARATROOPER,36,kv,SoundWork,SOUND_WORK_PARATROOPER
UNIT_PARATROOPER,37,kv,SoundVictory,SOUND_VICTORY_PARATROOPER
UNIT_PARATROOPER,38,kv,SoundDeath,SOUND_DEATH_PARATROOPER
UNIT_PARATROOPER,39,sublist,CanAttack,Land
UNIT_PARATROOPER,40,sublist,CanAttack,Mountain
UNIT_PARATROOPER,41,sublist,CanSee,Standard
UNIT_PARATROOPER,42,sublist,MovementType,Land
UNIT_PARATROOPER,43,sublist,MovementType,Mountain
UNIT_PARATROOPER,44,sublist,Size,Small
UNIT_PARATROOPER,45,sublist,VisionClass,Standard
UNIT_PARATROOPER,46,nested,CanReform,"[{""t"": ""kv"", ""k"": ""Sound"", ""v"": ""SOUND_ID_REFORM_CITY""}, {""t"": ""kv"", ""k"": ""Effect"", ""v"": ""SPECEFFECT_REFORMCITY""}]"
UNIT_PIKEMEN,0,kv,Description,DESCRIPTION_UNIT_PIKEMEN
UNIT_PIKEMEN,1,kv,DefaultIcon,ICON_UNIT_PIKEMEN
UNIT_PIKEMEN,2,kv,DefaultSprite,SPRITE_PIKEMEN
UNIT_PIKEMEN,3,kv,Category,UNIT_CATEGORY_DEFENSE
UNIT_PIKEMEN,4,kv,Attack,10
UNIT_PIKEMEN,5,kv,Defense,25
UNIT_PIKEMEN,6,kv,ZBRangeAttack,0
UNIT_PIKEMEN,7,kv,Firepower,2
UNIT_PIKEMEN,8,kv,Armor,1
UNIT_PIKEMEN,9,kv,MaxHP,10
UNIT_PIKEMEN,10,kv,ShieldCost,380
UNIT_PIKEMEN,11,kv,PowerPoints,200
UNIT_PIKEMEN,12,kv,ShieldHunger,4
UNIT_PIKEMEN,13,kv,GoldHunger,4
UNIT_PIKEMEN,14,kv,FoodHunger,0
UNIT_PIKEMEN,15,kv,MaxMovePoints,100
UNIT_PIKEMEN,16,kv,VisionRange,1
UNIT_PIKEMEN,17,kv,EnableAdvance,ADVANCE_FEUDALISM
UNIT_PIKEMEN,18,kv,ObsoleteAdvance,ADVANCE_FASCISM
UNIT_PIKEMEN,19,kv,UpgradeTo,UNIT_INFANTRYMAN
UNIT_PIKEMEN,20,kv,UpgradeTo,UNIT_MACHINE_GUNNER
UNIT_PIKEMEN,21,kv,UpgradeTo,UNIT_MARINE
UNIT_PIKEMEN,22,kv,UpgradeTo,UNIT_HOVER_INFANTRY
UNIT_PIKEMEN,23,kv,ActiveDefenseRange,0
UNIT_PIKEMEN,24,flag,LossMoveToDmgNone,
UNIT_PIKEMEN,25,kv,MaxFuel,0
UNIT_PIKEMEN,26,flag,CanEntrench,
UNIT_PIKEMEN,27,flag,CanExpel,
UNIT_PIKEMEN,28,flag,CanPillage,
UNIT_PIKEMEN,29,flag,CanPirate,
UNIT_PIKEMEN,30,flag,ExertsMartialLaw,
UNIT_PIKEMEN,31,flag,DeathEffectsHappy,
UNIT_PIKEMEN,32,flag,BonusAgainstMounted,
UNIT_PIKEMEN,33,kv,MountedBonus,0.5
UNIT_PIKEMEN,34,kv,SoundSelect1,SOUND_SELECT1_PIKEMEN
UNIT_PIKEMEN,35,kv,SoundSelect2,SOUND_SELECT2_PIKEMEN
UNIT_PIKEMEN,36,kv,SoundMove,SOUND_MOVE_PIKEMEN
UNIT_PIKEMEN,37,kv,SoundAcknowledge,SOUND_ACKNOWLEDGE_PIKEMEN
UNIT_PIKEMEN,38,kv,SoundCantMove,SOUND_CANTMOVE_PIKEMEN
UNIT_PIKEMEN,39,kv,SoundAttack,SOUND_ATTACK_PIKEMEN
UNIT_PIKEMEN,40,kv,SoundWork,SOUND_WORK_PIKEMEN
UNIT_PIKEMEN,41,kv,SoundVictory,SOUND_VICTORY_PIKEMEN
UNIT_PIKEMEN,42,kv,SoundDeath,SOUND_DEATH_PIKEMEN
UNIT_PIKEMEN,43,sublist,CanAttack,Land
UNIT_PIKEMEN,44,sublist,CanAttack,Mountain
UNIT_PIKEMEN,45,sublist,CanSee,Standard
UNIT_PIKEMEN,46,sublist,MovementType,Land
UNIT_PIKEMEN,47,sublist,MovementType,Mountain
UNIT_PIKEMEN,48,sublist,Size,Small
UNIT_PIKEMEN,49,sublist,VisionClass,Standard
UNIT_PIKEMEN,50,nested,CanReform,"[{""t"": ""kv"", ""k"": ""Sound"", ""v"": ""SOUND_ID_REFORM_CITY""}, {""t"": ""kv"", ""k"": ""Effect"", ""v"": ""SPECEFFECT_REFORMCITY""}]"
UNIT_PLASMA_DESTROYER,0,kv,Description,DESCRIPTION_UNIT_PLASMA_DESTROYER
UNIT_PLASMA_DESTROYER,1,kv,DefaultIcon,ICON_UNIT_PLASMA_DESTROYER
UNIT_PLASMA_DESTROYER,2,kv,DefaultSprite,SPRITE_PLASMA_DESTROYER
UNIT_PLASMA_DESTROYER,3,kv,Category,UNIT_CATEGORY_NAVAL
UNIT_PLASMA_DESTROYER,4,kv,Attack,80
UNIT_PLASMA_DESTROYER,5,kv,Defense,60
UNIT_PLASMA_DESTROYER,6,kv,ZBRangeAttack,80
UNIT_PLASMA_DESTROYER,7,kv,Firepower,4
UNIT_PLASMA_DESTROYER,8,kv,Armor,5
UNIT_PLASMA_DESTROYER,9,kv,MaxHP,10
UNIT_PLASMA_DESTROYER,10,kv,ShieldCost,4500
UNIT_PLASMA_DESTROYER,11,kv,PowerPoints,6000
UNIT_PLASMA_DESTROYER,12,kv,ShieldHunger,45
UNIT_PLASMA_DESTROYER,13,kv,GoldHunger,100
UNIT_PLASMA_DESTROYER,14,kv,FoodHunger,0
UNIT_PLASMA_DESTROYER,15,kv,MaxMovePoints,800
UNIT_PLASMA_DESTROYER,16,kv,VisionRange,4
UNIT_PLASMA_DESTROYER,17,kv,EnableAdvance,ADVANCE_PLASMA_WEAPONRY
UNIT_PLASMA_DESTROYER,18,kv,BombRounds,5
UNIT_PLASMA_DESTROYER,19,kv,BombardRange,1
UNIT_PLASMA_DESTROYER,20,kv,ActiveDefenseRange,1
UNIT_PLASMA_DESTROYER,21,flag,LossMoveToDmgNone,
UNIT_PLASMA_DESTROYER,22,kv,MaxFuel,0
UNIT_PLASMA_DESTROYER,23,flag,CanExpel,
UNIT_PLASMA_DESTROYER,24,flag,CanPillage,
UNIT_PLASMA_DESTROYER,25,flag,CanPirate,
UNIT_PLASMA_DESTROYER,26,flag,ExertsMartialLaw,
UNIT_PLASMA_DESTROYER,27,flag,DeathEffectsHappy,
UNIT_PLASMA_DESTROYER,28,flag,Explodes,
UNIT_PLASMA_DESTROYER,29,kv,SoundSelect1,SOUND_SELECT1_PLASMA_DESTROYER
UNIT_PLASMA_DESTROYER,30,kv,SoundSelect2,SOUND_SELECT2_PLASMA_DESTROYER
UNIT_PLASMA_DESTROYER,31,kv,SoundMove,SOUND_MOVE_PLASMA_DESTROYER
UNIT_PLASMA_DESTROYER,32,kv,SoundAcknowledge,SOUND_ACKNOWLEDGE_PLASMA_DESTROYER
UNIT_PLASMA_DESTROYER,33,kv,SoundCantMove,SOUND_CANTMOVE_PLASMA_DESTROYER
UNIT_PLASMA_DESTROYER,34,kv,SoundAttack,SOUND_ATTACK_PLASMA_DESTROYER
UNIT_PLASMA_DESTROYER,35,kv,SoundWork,SOUND_WORK_PLASMA_DESTROYER
UNIT_PLASMA_DESTROYER,36,kv,SoundVictory,SOUND_VICTORY_PLASMA_DESTROYER
UNIT_PLASMA_DESTROYER,37,kv,SoundDeath,SOUND_DEATH_PLASMA_DESTROYER
UNIT_PLASMA_DESTROYER,38,sublist,CanAttack,Air
UNIT_PLASMA_DESTROYER,39,sublist,CanAttack,Sea
UNIT_PLASMA_DESTROYER,40,sublist,CanAttack,Underwater
UNIT_PLASMA_DESTROYER,41,sublist,CanAttack,ShallowWater
UNIT_PLASMA_DESTROYER,42,sublist,CanBombard,Land
UNIT_PLASMA_DESTROYER,43,sublist,CanBombard,Mountain
UNIT_PLASMA_DESTROYER,44,sublist,CanBombard,Water
UNIT_PLASMA_DESTROYER,45,sublist,CanSee,Standard
UNIT_PLASMA_DESTROYER,46,sublist,CanSee,Underwater
UNIT_PLASMA_DESTROYER,47,sublist,Defend,Water
UNIT_PLASMA_DESTROYER,48,sublist,MovementType,Sea
UNIT_PLASMA_DESTROYER,49,sublist,MovementType,ShallowWater
UNIT_PLASMA_DESTROYER,50,sublist,Size,Large
UNIT_PLASMA_DESTROYER,51,sublist,VisionClass,Standard
UNIT_PLASMA_DESTROYER,52,nested,CanReform,"[{""t"": ""kv"", ""k"": ""Sound"", ""v"": ""SOUND_ID_REFORM_CITY""}, {""t"": ""kv"", ""k"": ""Effect"", ""v"": ""SPECEFFECT_REFORMCITY""}]"
UNIT_SCOUT_SUB,0,kv,Description,DESCRIPTION_UNIT_SCOUT_SUB
UNIT_SCOUT_SUB,1,kv,DefaultIcon,ICON_UNIT_SCOUT_SUB
UNIT_SCOUT_SUB,2,kv,DefaultSprite,SPRITE_SCOUT_SUB
UNIT_SCOUT_SUB,3,kv,Category,UNIT_CATEGORY_UNDERSEA
UNIT_SCOUT_SUB,4,kv,Attack,25
UNIT_SCOUT_SUB,5,kv,Defense,25
UNIT_SCOUT_SUB,6,kv,ZBRangeAttack,25
UNIT_SCOUT_SUB,7,kv,Firepower,3
UNIT_SCOUT_SUB,8,kv,Armor,1
UNIT_SCOUT_SUB,9,kv,MaxHP,10
UNIT_SCOUT_SUB,10,kv,ShieldCost,2500
UNIT_SCOUT_SUB,11,kv,PowerPoints,100
UNIT_SCOUT_SUB,12,kv,ShieldHunger,25
UNIT_SCOUT_SUB,13,kv,GoldHunger,75
UNIT_SCOUT_SUB,14,kv,FoodHunger,0
UNIT_SCOUT_SUB,15,kv,MaxMovePoints,800
UNIT_SCOUT_SUB,16,kv,VisionRange,6
UNIT_SCOUT_SUB,17,kv,EnableAdvance,ADVANCE_LIQUID_BREATHING_APPARATUS
UNIT_SCOUT_SUB,18,kv,ActiveDefenseRange,0
UNIT_SCOUT_SUB,19,flag,LossMoveToDmgNone,
UNIT_SCOUT_SUB,20,kv,MaxFuel,0
UNIT_SCOUT_SUB,21,flag,CanExpel,
UNIT_SCOUT_SUB,22,flag,CanPillage,
UNIT_SCOUT_SUB,23,flag,CanPirate,
UNIT_SCOUT_SUB,24,flag,CantCaptureCity,
UNIT_SCOUT_SUB,25,flag,DeathEffectsHappy,
UNIT_SCOUT_SUB,26,flag,IsSubmarine,
UNIT_SCOUT_SUB,27,flag,Explodes,
UNIT_SCOUT_SUB,28,kv,SoundSelect1,SOUND_SELECT1_SCOUT_SUB
UNIT_SCOUT_SUB,29,kv,SoundSelect2,SOUND_SELECT2_SCOUT_SUB
UNIT_SCOUT_SUB,30,kv,SoundMove,SOUND_MOVE_SCOUT_SUB
UNIT_SCOUT_SUB,31,kv,SoundAcknowledge,SOUND_ACKNOWLEDGE_SCOUT_SUB
UNIT_SCOUT_SUB,32,kv,SoundCantMove,SOUND_CANTMOVE_SCOUT_SUB
UNIT_SCOUT_SUB,33,kv,SoundAttack,SOUND_ATTACK_SCOUT_SUB
UNIT_SCOUT_SUB,34,kv,SoundWork,SOUND_WORK_SCOUT_SUB
UNIT_SCOUT_SUB,35,kv,SoundVictory,SOUND_VICTORY_SCOUT_SUB
UNIT_SCOUT_SUB,36,kv,SoundDeath,SOUND_DEATH_SCOUT_SUB
UNIT_SCOUT_SUB,37,sublist,CanAttack,Sea
UNIT_SCOUT_SUB,38,sublist,CanAttack,Underwater
UNIT_SCOUT_SUB,39,sublist,CanAttack,ShallowWater
UNIT_SCOUT_SUB,40,sublist,CanSee,Standard
UNIT_SCOUT_SUB,41,sublist,CanSee,Underwater
UNIT_SCOUT_SUB,42,sublist,MovementType,Sea
UNIT_SCOUT_SUB,43,sublist,MovementType,ShallowWater
UNIT_SCOUT_SUB,44,sublist,Size,Large
UNIT_SCOUT_SUB,45,sublist,VisionClass,Underwater
UNIT_SCOUT_SUB,46,nested,CanReform,"[{""t"": ""kv"", ""k"": ""Sound"", ""v"": ""SOUND_ID_REFORM_CITY""}, {""t"": ""kv"", ""k"": ""Effect"", ""v"": ""SPECEFFECT_REFORMCITY""}]"
UNIT_SEA_ENGINEER,0,kv,Description,DESCRIPTION_UNIT_SEA_ENGINEER
UNIT_SEA_ENGINEER,1,kv,DefaultIcon,ICON_UNIT_SEA_ENGINEER
UNIT_SEA_ENGINEER,2,kv,DefaultSprite,SPRITE_SEA_ENGINEER
UNIT_SEA_ENGINEER,3,kv,Category,UNIT_CATEGORY_SETTLER
UNIT_SEA_ENGINEER,4,kv,Attack,0
UNIT_SEA_ENGINEER,5,kv,Defense,10
UNIT_SEA_ENGINEER,6,kv,ZBRangeAttack,0
UNIT_SEA_ENGINEER,7,kv,Firepower,1
UNIT_SEA_ENGINEER,8,kv,Armor,1
UNIT_SEA_ENGINEER,9,kv,MaxHP,10
UNIT_SEA_ENGINEER,10,kv,ShieldCost,2500
UNIT_SEA_ENGINEER,11,kv,PowerPoints,6000
UNIT_SEA_ENGINEER,12,kv,ShieldHunger,25
UNIT_SEA_ENGINEER,13,kv,FoodHunger,0
UNIT_SEA_ENGINEER,14,kv,MaxMovePoints,400
UNIT_SEA_ENGINEER,15,kv,VisionRange,2
UNIT_SEA_ENGINEER,16,kv,EnableAdvance,ADVANCE_NANO_ASSEMBLY
UNIT_SEA_ENGINEER,17,kv,ActiveDefenseRange,0
UNIT_SEA_ENGINEER,18,flag,LossMoveToDmgNone,
UNIT_SEA_ENGINEER,19,kv,MaxFuel,0
UNIT_SEA_ENGINEER,20,flag,IgnoreZOC,
UNIT_SEA_ENGINEER,21,flag,NoZoc,
UNIT_SEA_ENGINEER,22,kv,SettleCityType,UNIT_OCEAN_CITY
UNIT_SEA_ENGINEER,23,kv,SettleSize,3
UNIT_SEA_ENGINEER,24,flag,CanBeExpelled,
UNIT_SEA_ENGINEER,25,flag,CantCaptureCity,
UNIT_SEA_ENGINEER,26,flag,DeathEffectsHappy,
UNIT_SEA_ENGINEER,27,flag,BuildingRemovesAPop,
UNIT_SEA_ENGINEER,28,flag,OnlyBuildOne,
UNIT_SEA_ENGINEER,29,flag,IsSpecialForces,
UNIT_SEA_ENGINEER,30,flag,Civilian,
UNIT_SEA_ENGINEER,31,flag,InvisibleForGlobeSat,
UNIT_SEA_ENGINEER,32,kv,SoundSelect1,SOUND_SELECT1_SEA_ENGINEER
UNIT_SEA_ENGINEER,33,kv,SoundSelect2,SOUND_SELECT2_SEA_ENGINEER
UNIT_SEA_ENGINEER,34,kv,SoundMove,SOUND_MOVE_SEA_ENGINEER
UNIT_SEA_ENGINEER,35,kv,SoundAcknowledge,SOUND_ACKNOWLEDGE_SEA_ENGINEER
UNIT_SEA_ENGINEER,36,kv,SoundCantMove,SOUND_CANTMOVE_SEA_ENGINEER
UNIT_SEA_ENGINEER,37,kv,SoundAttack,SOUND_ATTACK_SEA_ENGINEER
UNIT_SEA_ENGINEER,38,kv,SoundWork,SOUND_WORK_SEA_ENGINEER
UNIT_SEA_ENGINEER,39,kv,SoundVictory,SOUND_VICTORY_SEA_ENGINEER
UNIT_SEA_ENGINEER,40,kv,SoundDeath,SOUND_DEATH_SEA_ENGINEER
UNIT_SEA_ENGINEER,41,kv,SettleBuilding,IMPROVE_ACADEMY
UNIT_SEA_ENGINEER,42,kv,SettleBuilding,IMPROVE_COURTHOUSE
UNIT_SEA_ENGINEER,43,kv,SettleBuilding,IMPROVE_GRANARY
UNIT_SEA_ENGINEER,44,kv,SettleBuilding,IMPROVE_SHRINE
UNIT_SEA_ENGINEER,45,kv,SettleBuilding,IMPROVE_THEATER
UNIT_SEA_ENGINEER,46,sublist,CanSee,Standard
UNIT_SEA_ENGINEER,47,sublist,CanSee,Underwater
UNIT_SEA_ENGINEER,48,sublist,MovementType,Sea
UNIT_SEA_ENGINEER,49,sublist,MovementType,ShallowWater
UNIT_SEA_ENGINEER,50,sublist,Settle,Water
UNIT_SEA_ENGINEER,51,sublist,Size,Medium
UNIT_SEA_ENGINEER,52,sublist,VisionClass,Underwater
UNIT_SETTLER,0,kv,Description,DESCRIPTION_UNIT_SETTLER
UNIT_SETTLER,1,kv,DefaultIcon,ICON_UNIT_SETTLER
UNIT_SETTLER,2,kv,DefaultSprite,SPRITE_SETTLER
UNIT_SETTLER,3,kv,Category,UNIT_CATEGORY_SETTLER
UNIT_SETTLER,4,kv,Attack,0
UNIT_SETTLER,5,kv,Defense,10
UNIT_SETTLER,6,kv,ZBRangeAttack,0
UNIT_SETTLER,7,kv,Firepower,1
UNIT_SETTLER,8,kv,Armor,1
UNIT_SETTLER,9,kv,MaxHP,10
UNIT_SETTLER,10,kv,ShieldCost,740
UNIT_SETTLER,11,kv,PowerPoints,400
UNIT_SETTLER,12,kv,ShieldHunger,0
UNIT_SETTLER,13,kv,FoodHunger,0
UNIT_SETTLER,14,kv,MaxMovePoints,100
UNIT_SETTLER,15,kv,VisionRange,1
UNIT_SETTLER,16,kv,ObsoleteAdvance,ADVANCE_ADV_URBAN_PLANNING
UNIT_SETTLER,17,kv,ActiveDefenseRange,0
UNIT_SETTLER,18,flag,LossMoveToDmgNone,
UNIT_SETTLER,19,kv,MaxFuel,0
UNIT_SETTLER,20,flag,NoZoc,
UNIT_SETTLER,21,kv,SettleCityType,UNIT_CITY
UNIT_SETTLER,22,kv,SettleSize,1
UNIT_SETTLER,23,flag,CanBeExpelled,
UNIT_SETTLER,24,flag,CantCaptureCity,
UNIT_SETTLER,25,flag,DeathEffectsHappy,
UNIT_SETTLER,26,flag,BuildingRemovesAPop,
UNIT_SETTLER,27,flag,OnlyBuildOne,
UNIT_SETTLER,28,flag,IsSpecialForces,
UNIT_SETTLER,29,flag,Civilian,
UNIT_SETTLER,30,flag,InvisibleForGlobeSat,
UNIT_SETTLER,31,kv,SoundSelect1,SOUND_SELECT1_SETTLER
UNIT_SETTLER,32,kv,SoundSelect2,SOUND_SELECT2_SETTLER
UNIT_SETTLER,33,kv,SoundMove,SOUND_MOVE_SETTLER
UNIT_SETTLER,34,kv,SoundAcknowledge,SOUND_ACKNOWLEDGE_SETTLER
UNIT_SETTLER,35,kv,SoundCantMove,SOUND_CANTMOVE_SETTLER
UNIT_SETTLER,36,kv,SoundAttack,SOUND_ATTACK_SETTLER
UNIT_SETTLER,37,kv,SoundWork,SOUND_WORK_SETTLER
UNIT_SETTLER,38,kv,SoundVictory,SOUND_VICTORY_SETTLER
UNIT_SETTLER,39,kv,SoundDeath,SOUND_DEATH_SETTLER
UNIT_SETTLER,40,sublist,CanSee,Standard
UNIT_SETTLER,41,sublist,MovementType,Land
UNIT_SETTLER,42,sublist,MovementType,Mountain
UNIT_SETTLER,43,sublist,Settle,Land
UNIT_SETTLER,44,sublist,Settle,Mountain
UNIT_SETTLER,45,sublist,Size,Small
UNIT_SETTLER,46,sublist,VisionClass,Standard
UNIT_SHIP_OF_THE_LINE,0,kv,Description,DESCRIPTION_UNIT_SHIP_OF_THE_LINE
UNIT_SHIP_OF_THE_LINE,1,kv,DefaultIcon,ICON_UNIT_SHIP_OF_THE_LINE
UNIT_SHIP_OF_THE_LINE,2,kv,DefaultSprite,SPRITE_SHIP_OF_THE_LINE
UNIT_SHIP_OF_THE_LINE,3,kv,Category,UNIT_CATEGORY_NAVAL
UNIT_SHIP_OF_THE_LINE,4,kv,Attack,35
UNIT_SHIP_OF_THE_LINE,5,kv,Defense,20
UNIT_SHIP_OF_THE_LINE,6,kv,ZBRangeAttack,35
UNIT_SHIP_OF_THE_LINE,7,kv,Firepower,2
UNIT_SHIP_OF_THE_LINE,8,kv,Armor,1
UNIT_SHIP_OF_THE_LINE,9,kv,MaxHP,10
UNIT_SHIP_OF_THE_LINE,10,kv,ShieldCost,1200
UNIT_SHIP_OF_THE_LINE,11,kv,PowerPoints,950
UNIT_SHIP_OF_THE_LINE,12,kv,ShieldHunger,12
UNIT_SHIP_OF_THE_LINE,13,kv,GoldHunger,30
UNIT_SHIP_OF_THE_LINE,14,kv,FoodHunger,0
UNIT_SHIP_OF_THE_LINE,15,kv,MaxMovePoints,400
UNIT_SHIP_OF_THE_LINE,16,kv,VisionRange,2
UNIT_SHIP_OF_THE_LINE,17,kv,EnableAdvance,ADVANCE_NAVAL_TACTICS
UNIT_SHIP_OF_THE_LINE,18,kv,ObsoleteAdvance,ADVANCE_MASS_PRODUCTION
UNIT_SHIP_OF_THE_LINE,19,kv,UpgradeTo,UNIT_IRONCLAD
UNIT_SHIP_OF_THE_LINE,20,kv,UpgradeTo,UNIT_BATTLESHIP
UNIT_SHIP_OF_THE_LINE,21,kv,UpgradeTo,UNIT_PLASMA_DESTROYER
UNIT_SHIP_OF_THE_LINE,22,kv,BombRounds,5
UNIT_SHIP_OF_THE_LINE,23,kv,BombardRange,1
UNIT_SHIP_OF_THE_LINE,24,kv,ActiveDefenseRange,0
UNIT_SHIP_OF_THE_LINE,25,flag,LossMoveToDmgNone,
UNIT_SHIP_OF_THE_LINE,26,kv,MaxFuel,0
UNIT_SHIP_OF_THE_LINE,27,flag,CanExpel,
UNIT_SHIP_OF_THE_LINE,28,flag,CanPillage,
UNIT_SHIP_OF_THE_LINE,29,flag,CanPirate,
UNIT_SHIP_OF_THE_LINE,30,flag,CantCaptureCity,
UNIT_SHIP_OF_THE_LINE,31,flag,ExertsMartialLaw,
UNIT_SHIP_OF_THE_LINE,32,flag,DeathEffectsHappy,
UNIT_SHIP_OF_THE_LINE,33,flag,WoodenShip,
UNIT_SHIP_OF_THE_LINE,34,kv,SoundSelect1,SOUND_SELECT1_SHIP_OF_THE_LINE
UNIT_SHIP_OF_THE_LINE,35,kv,SoundSelect2,SOUND_SELECT2_SHIP_OF_THE_LINE
UNIT_SHIP_OF_THE_LINE,36,kv,SoundMove,SOUND_MOVE_SHIP_OF_THE_LINE
UNIT_SHIP_OF_THE_LINE,37,kv,SoundAcknowledge,SOUND_ACKNOWLEDGE_SHIP_OF_THE_LINE
UNIT_SHIP_OF_THE_LINE,38,kv,SoundCantMove,SOUND_CANTMOVE_SHIP_OF_THE_LINE
UNIT_SHIP_OF_THE_LINE,39,kv,SoundAttack,SOUND_ATTACK_SHIP_OF_THE_LINE
UNIT_SHIP_OF_THE_LINE,40,kv,SoundWork,SOUND_WORK_SHIP_OF_THE_LINE
UNIT_SHIP_OF_THE_LINE,41,kv,SoundVictory,SOUND_VICTORY_SHIP_OF_THE_LINE
UNIT_SHIP_OF_THE_LINE,42,kv,SoundDeath,SOUND_DEATH_SHIP_OF_THE_LINE
UNIT_SHIP_OF_THE_LINE,43,sublist,CanAttack,Sea
UNIT_SHIP_OF_THE_LINE,44,sublist,CanAttack,ShallowWater
UNIT_SHIP_OF_THE_LINE,45,sublist,CanBombard,Water
UNIT_SHIP_OF_THE_LINE,46,sublist,CanSee,Standard
UNIT_SHIP_OF_THE_LINE,47,sublist,MovementType,Sea
UNIT_SHIP_OF_THE_LINE,48,sublist,MovementType,ShallowWater
UNIT_SHIP_OF_THE_LINE,49,sublist,Size,Large
UNIT_SHIP_OF_THE_LINE,50,sublist,VisionClass,Standard
UNIT_SHIP_OF_THE_LINE,51,nested,CanReform,"[{""t"": ""kv"", ""k"": ""Sound"", ""v"": ""SOUND_ID_REFORM_CITY""}, {""t"": ""kv"", ""k"": ""Effect"", ""v"": ""SPECEFFECT_REFORMCITY""}]"
UNIT_SLAVER,0,kv,Description,DESCRIPTION_UNIT_SLAVER
UNIT_SLAVER,1,kv,DefaultIcon,ICON_UNIT_SLAVER
UNIT_SLAVER,2,kv,DefaultSprite,SPRITE_SLAVER
UNIT_SLAVER,3,kv,Category,UNIT_CATEGORY_SPECIAL
UNIT_SLAVER,4,kv,Attack,0
UNIT_SLAVER,5,kv,Defense,10
UNIT_SLAVER,6,kv,ZBRangeAttack,0
UNIT_SLAVER,7,kv,Firepower,1
UNIT_SLAVER,8,kv,Armor,1
UNIT_SLAVER,9,kv,MaxHP,10
UNIT_SLAVER,10,kv,ShieldCost,480
UNIT_SLAVER,11,kv,PowerPoints,200
UNIT_SLAVER,12,kv,ShieldHunger,5
UNIT_SLAVER,13,kv,GoldHunger,7
UNIT_SLAVER,14,kv,FoodHunger,0
UNIT_SLAVER,15,kv,MaxMovePoints,200
UNIT_SLAVER,16,kv,VisionRange,1
UNIT_SLAVER,17,kv,EnableAdvance,ADVANCE_SLAVE_LABOR
UNIT_SLAVER,18,kv,ActiveDefenseRange,0
UNIT_SLAVER,19,flag,LossMoveToDmgNone,
UNIT_SLAVER,20,kv,MaxFuel,0
UNIT_SLAVER,21,flag,IgnoreZOC,
UNIT_SLAVER,22,flag,NoZoc,
UNIT_SLAVER,23,flag,CanBeExpelled,
UNIT_SLAVER,24,flag,CantCaptureCity,
UNIT_SLAVER,25,flag,VictoryEnslavement,
UNIT_SLAVER,26,flag,DeathEffectsHappy,
UNIT_SLAVER,27,flag,IsSpecialForces,
UNIT_SLAVER,28,kv,SoundSelect1,SOUND_SELECT1_SLAVER
UNIT_SLAVER,29,kv,SoundSelect2,SOUND_SELECT2_SLAVER
UNIT_SLAVER,30,kv,SoundMove,SOUND_MOVE_SLAVER
UNIT_SLAVER,31,kv,SoundAcknowledge,SOUND_ACKNOWLEDGE_SLAVER
UNIT_SLAVER,32,kv,SoundCantMove,SOUND_CANTMOVE_SLAVER
UNIT_SLAVER,33,kv,SoundAttack,SOUND_ATTACK_SLAVER
UNIT_SLAVER,34,kv,SoundWork,SOUND_WORK_SLAVER
UNIT_SLAVER,35,kv,SoundVictory,SOUND_VICTORY_SLAVER
UNIT_SLAVER,36,kv,SoundDeath,SOUND_DEATH_SLAVER
UNIT_SLAVER,37,sublist,CanSee,Standard
UNIT_SLAVER,38,sublist,CanSee,Stealth
UNIT_SLAVER,39,sublist,MovementType,Land
UNIT_SLAVER,40,sublist,MovementType,Mountain
UNIT_SLAVER,41,sublist,Size,Small
UNIT_SLAVER,42,sublist,VisionClass,Stealth
UNIT_SLAVER,43,nested,SettlerSlaveRaids,"[{""t"": ""kv"", ""k"": ""Sound"", ""v"": ""SOUND_ID_SETTLER_SLAVE_RAIDS""}, {""t"": ""kv"", ""k"": ""Effect"", ""v"": ""SPECEFFECT_SETTLER_SLAVE_RAIDS""}]"
UNIT_SLAVER,44,nested,SlaveRaids,"[{""t"": ""kv"", ""k"": ""Chance"", ""v"": ""0.75""}, {""t"": ""kv"", ""k"": ""DeathChance"", ""v"": ""0.5""}, {""t"": ""kv"", ""k"": ""Timer"", ""v"": ""2""}, {""t"": ""kv"", ""k"": ""Amount"", ""v"": ""4""}, {""t"": ""kv"", ""k"": ""Sound"", ""v"": ""SOUND_ID_SLAVE_RAIDS""}, {""t"": ""kv"", ""k"": ""Effect"", ""v"": ""SPECEFFECT_SLAVE_RAIDS""}]"
UNIT_SPACE_CITY,0,kv,Description,DESCRIPTION_UNIT_SPACE_CITY
UNIT_SPACE_CITY,1,kv,DefaultIcon,ICON_UNIT_SPACE_CITY
UNIT_SPACE_CITY,2,kv,DefaultSprite,SPRITE_SPACE_CITY
UNIT_SPACE_CITY,3,kv,Category,UNIT_CATEGORY_GENERIC
UNIT_SPACE_CITY,4,kv,Attack,0
UNIT_SPACE_CITY,5,kv,Defense,0
UNIT_SPACE_CITY,6,kv,ZBRangeAttack,0
UNIT_SPACE_CITY,7,kv,Firepower,0
UNIT_SPACE_CITY,8,kv,Armor,0
UNIT_SPACE_CITY,9,kv,MaxHP,0
UNIT_SPACE_CITY,10,kv,ShieldCost,0
UNIT_SPACE_CITY,11,kv,PowerPoints,1000
UNIT_SPACE_CITY,12,kv,ShieldHunger,0
UNIT_SPACE_CITY,13,kv,FoodHunger,0
UNIT_SPACE_CITY,14,kv,MaxMovePoints,0
UNIT_SPACE_CITY,15,kv,VisionRange,2
UNIT_SPACE_CITY,16,kv,ActiveDefenseRange,0
UNIT_SPACE_CITY,17,flag,LossMoveToDmgNone,
UNIT_SPACE_CITY,18,kv,MaxFuel,0
UNIT_SPACE_CITY,19,flag,HasPopAndCanBuild,
UNIT_SPACE_CITY,20,flag,CantBuild,
UNIT_SPACE_CITY,21,kv,CityGrowthCoefficient,0.5
UNIT_SPACE_CITY,22,flag,NoIndex,
UNIT_SPACE_CITY,23,flag,GLHidden,
UNIT_SPACE_CITY,24,flag,CantCaptureCity,
UNIT_SPACE_CITY,25,flag,NeedsNoSupport,
UNIT_SPACE_CITY,26,kv,SoundSelect1,SOUND_SELECT1_SPACE_CITY
UNIT_SPACE_CITY,27,kv,SoundSelect2,SOUND_SELECT2_SPACE_CITY
UNIT_SPACE_CITY,28,kv,SoundMove,SOUND_MOVE_SPACE_CITY
UNIT_SPACE_CITY,29,kv,SoundAcknowledge,SOUND_ACKNOWLEDGE_SPACE_CITY
UNIT_SPACE_CITY,30,kv,SoundCantMove,SOUND_CANTMOVE_SPACE_CITY
UNIT_SPACE_CITY,31,kv,SoundAttack,SOUND_ATTACK_SPACE_CITY
UNIT_SPACE_CITY,32,kv,SoundWork,SOUND_WORK_SPACE_CITY
UNIT_SPACE_CITY,33,kv,SoundVictory,SOUND_VICTORY_SPACE_CITY
UNIT_SPACE_CITY,34,kv,SoundDeath,SOUND_DEATH_SPACE_CITY
UNIT_SPACE_CITY,35,sublist,CanAttack,Land
UNIT_SPACE_CITY,36,sublist,CanSee,Standard
UNIT_SPACE_CITY,37,sublist,MovementType,Land
UNIT_SPACE_CITY,38,sublist,Size,Medium
UNIT_SPACE_CITY,39,sublist,VisionClass,Standard
UNIT_SPACE_CITY,40,nested,Revolution,"[{""t"": ""kv"", ""k"": ""Sound"", ""v"": ""SOUND_ID_REVOLUTION""}, {""t"": ""kv"", ""k"": ""Effect"", ""v"": ""SPECEFFECT_REVOLUTION""}]"
UNIT_SPACE_PLANE,0,kv,Description,DESCRIPTION_UNIT_SPACE_PLANE
UNIT_SPACE_PLANE,1,kv,DefaultIcon,ICON_UNIT_SPACE_PLANE
UNIT_SPACE_PLANE,2,kv,DefaultSprite,SPRITE_SPACE_PLANE
UNIT_SPACE_PLANE,3,kv,Category,UNIT_CATEGORY_AERIAL
UNIT_SPACE_PLANE,4,kv,Attack,0
UNIT_SPACE_PLANE,5,kv,Defense,10
UNIT_SPACE_PLANE,6,kv,ZBRangeAttack,0
UNIT_SPACE_PLANE,7,kv,Firepower,1
UNIT_SPACE_PLANE,8,kv,Armor,1
UNIT_SPACE_PLANE,9,kv,MaxHP,10
UNIT_SPACE_PLANE,10,kv,ShieldCost,2250
UNIT_SPACE_PLANE,11,kv,PowerPoints,4000
UNIT_SPACE_PLANE,12,kv,ShieldHunger,25
UNIT_SPACE_PLANE,13,kv,GoldHunger,100
UNIT_SPACE_PLANE,14,kv,FoodHunger,0
UNIT_SPACE_PLANE,15,kv,MaxMovePoints,800
UNIT_SPACE_PLANE,16,kv,VisionRange,1
UNIT_SPACE_PLANE,17,kv,EnableAdvance,ADVANCE_SPACE_FLIGHT
UNIT_SPACE_PLANE,18,kv,ActiveDefenseRange,0
UNIT_SPACE_PLANE,19,flag,LossMoveToDmgNone,
UNIT_SPACE_PLANE,20,flag,NoFuelThenCrash,
UNIT_SPACE_PLANE,21,kv,MaxFuel,2500
UNIT_SPACE_PLANE,22,flag,IgnoreZOC,
UNIT_SPACE_PLANE,23,flag,NoZoc,
UNIT_SPACE_PLANE,24,flag,CantCaptureCity,
UNIT_SPACE_PLANE,25,kv,SpaceLaunch,3
UNIT_SPACE_PLANE,26,flag,DeathEffectsHappy,
UNIT_SPACE_PLANE,27,flag,Explodes,
UNIT_SPACE_PLANE,28,kv,SoundSelect1,SOUND_SELECT1_SPACE_PLANE
UNIT_SPACE_PLANE,29,kv,SoundSelect2,SOUND_SELECT2_SPACE_PLANE
UNIT_SPACE_PLANE,30,kv,SoundMove,SOUND_MOVE_SPACE_PLANE
UNIT_SPACE_PLANE,31,kv,SoundAcknowledge,SOUND_ACKNOWLEDGE_SPACE_PLANE
UNIT_SPACE_PLANE,32,kv,SoundCantMove,SOUND_CANTMOVE_SPACE_PLANE
UNIT_SPACE_PLANE,33,kv,SoundAttack,SOUND_ATTACK_SPACE_PLANE
UNIT_SPACE_PLANE,34,kv,SoundWork,SOUND_WORK_SPACE_PLANE
UNIT_SPACE_PLANE,35,kv,SoundVictory,SOUND_VICTORY_SPACE_PLANE
UNIT_SPACE_PLANE,36,kv,SoundDeath,SOUND_DEATH_SPACE_PLANE
UNIT_SPACE_PLANE,37,sublist,CanCarry,SmallLand
UNIT_SPACE_PLANE,38,sublist,CanCarry,MedLand
UNIT_SPACE_PLANE,39,sublist,CanSee,Standard
UNIT_SPACE_PLANE,40,sublist,MovementType,Air
UNIT_SPACE_PLANE,41,sublist,Size,Large
UNIT_SPACE_PLANE,42,sublist,VisionClass,Standard
UNIT_SPACE_PLANE,43,nested,CargoData,"[{""t"": ""kv"", ""k"": ""MaxCargo"", ""v"": ""5""}, {""t"": ""kv"", ""k"": ""Load"", ""v"": ""SOUND_ID_SPACE_PLANE_LOAD""}, {""t"": ""kv"", ""k"": ""Unload"", ""v"": ""SOUND_ID_SPACE_PLANE_UNLOAD""}]"
UNIT_SPY,0,kv,Description,DESCRIPTION_UNIT_SPY
UNIT_SPY,1,kv,DefaultIcon,ICON_UNIT_SPY
UNIT_SPY,2,kv,DefaultSprite,SPRITE_SPY
UNIT_SPY,3,kv,Category,UNIT_CATEGORY_SPECIAL
UNIT_SPY,4,kv,Attack,0
UNIT_SPY,5,kv,Defense,10
UNIT_SPY,6,kv,ZBRangeAttack,0
UNIT_SPY,7,kv,Firepower,1
UNIT_SPY,8,kv,Armor,1
UNIT_SPY,9,kv,MaxHP,10
UNIT_SPY,10,kv,ShieldCost,860
UNIT_SPY,11,kv,PowerPoints,1500
UNIT_SPY,12,kv,ShieldHunger,8
UNIT_SPY,13,kv,GoldHunger,16
UNIT_SPY,14,kv,FoodHunger,0
UNIT_SPY,15,kv,MaxMovePoints,300
UNIT_SPY,16,kv,VisionRange,3
UNIT_SPY,17,kv,EnableAdvance,ADVANCE_NATIONALISM
UNIT_SPY,18,kv,ObsoleteAdvance,ADVANCE_NEURAL_INTERFACE
UNIT_SPY,19,kv,UpgradeTo,UNIT_CYBER_NINJA
UNIT_SPY,20,kv,ActiveDefenseRange,0
UNIT_SPY,21,flag,LossMoveToDmgNone,
UNIT_SPY,22,kv,MaxFuel,0
UNIT_SPY,23,flag,IgnoreZOC,
UNIT_SPY,24,flag,NoZoc,
UNIT_SPY,25,flag,CanBeExpelled,
UNIT_SPY,26,flag,CantCaptureCity,
UNIT_SPY,27,flag,DeathEffectsHappy,
UNIT_SPY,28,flag,IsSpecialForces,
UNIT_SPY,29,flag,InvisibleForGlobeSat,
UNIT_SPY,30,kv,DefendAgainstSpies,0.25
UNIT_SPY,31,kv,SoundSelect1,SOUND_SELECT1_SPY
UNIT_SPY,32,kv,SoundSelect2,SOUND_SELECT2_SPY
UNIT_SPY,33,kv,SoundMove,SOUND_MOVE_SPY
UNIT_SPY,34,kv,SoundAcknowledge,SOUND_ACKNOWLEDGE_SPY
UNIT_SPY,35,kv,SoundCantMove,SOUND_CANTMOVE_SPY
UNIT_SPY,36,kv,SoundAttack,SOUND_ATTACK_SPY
UNIT_SPY,37,kv,SoundWork,SOUND_WORK_SPY
UNIT_SPY,38,kv,SoundVictory,SOUND_VICTORY_SPY
UNIT_SPY,39,kv,SoundDeath,SOUND_DEATH_SPY
UNIT_SPY,40,sublist,CanSee,Standard
UNIT_SPY,41,sublist,CanSee,Stealth
UNIT_SPY,42,sublist,MovementType,Land
UNIT_SPY,43,sublist,MovementType,Mountain
UNIT_SPY,44,sublist,Size,Small
UNIT_SPY,45,sublist,VisionClass,Stealth
UNIT_SPY,46,nested,InciteRevolution,"[{""t"": ""kv"", ""k"": ""Chance"", ""v"": ""0.25""}, {""t"": ""kv"", ""k"": ""EliteChance"", ""v"": ""0.35""}, {""t"": ""kv"", ""k"": ""DeathChance"", ""v"": ""0.5""}, {""t"": ""kv"", ""k"": ""Sound"", ""v"": ""SOUND_ID_INCITE_REVOLUTION_SP""}, {""t"": ""kv"", ""k"": ""Effect"", ""v"": ""SPECEFFECT_INCITE_REVOLUTION""}]"
UNIT_SPY,47,nested,InvestigateCity,"[{""t"": ""kv"", ""k"": ""Chance"", ""v"": ""0.75""}, {""t"": ""kv"", ""k"": ""EliteChance"", ""v"": ""0.1""}, {""t"": ""kv"", ""k"": ""DeathChance"", ""v"": ""0.5""}]"
UNIT_SPY,48,nested,PlantNuke,"[{""t"": ""kv"", ""k"": ""Chance"", ""v"": ""0.25""}, {""t"": ""kv"", ""k"": ""EscapeChance"", ""v"": ""0.25""}, {""t"": ""kv"", ""k"": ""Sound"", ""v"": ""SOUND_ID_PLANT_NUKE_SP""}, {""t"": ""kv"", ""k"": ""Effect"", ""v"": ""SPECEFFECT_PLANT_NUKE""}]"
UNIT_SPY,49,nested,StealTechnology,"[{""t"": ""kv"", ""k"": ""RandomChance"", ""v"": ""0.35""}, {""t"": ""kv"", ""k"": ""SpecificChance"", ""v"": ""0.25""}, {""t"": ""kv"", ""k"": ""DeathChance"", ""v"": ""0.5""}, {""t"": ""kv"", ""k"": ""Sound"", ""v"": ""SOUND_ID_STEAL_TECHNOLOGY_SP""}, {""t"": ""kv"", ""k"": ""Effect"", ""v"": ""SPECEFFECT_STEAL_TECHNOLOGY""}]"
UNIT_SPY_PLANE,0,kv,Description,DESCRIPTION_UNIT_SPY_PLANE
UNIT_SPY_PLANE,1,kv,DefaultIcon,ICON_UNIT_SPY_PLANE
UNIT_SPY_PLANE,2,kv,DefaultSprite,SPRITE_SPY_PLANE
UNIT_SPY_PLANE,3,kv,Category,UNIT_CATEGORY_AERIAL
UNIT_SPY_PLANE,4,kv,Attack,10
UNIT_SPY_PLANE,5,kv,Defense,20
UNIT_SPY_PLANE,6,kv,ZBRangeAttack,10
UNIT_SPY_PLANE,7,kv,Firepower,2
UNIT_SPY_PLANE,8,kv,Armor,2
UNIT_SPY_PLANE,9,kv,MaxHP,10
UNIT_SPY_PLANE,10,kv,ShieldCost,2815
UNIT_SPY_PLANE,11,kv,PowerPoints,5000
UNIT_SPY_PLANE,12,kv,ShieldHunger,30
UNIT_SPY_PLANE,13,kv,GoldHunger,90
UNIT_SPY_PLANE,14,kv,FoodHunger,0
UNIT_SPY_PLANE,15,kv,MaxMovePoints,1000
UNIT_SPY_PLANE,16,kv,VisionRange,6
UNIT_SPY_PLANE,17,kv,EnableAdvance,ADVANCE_AI_SURVEILLANCE
UNIT_SPY_PLANE,18,kv,ActiveDefenseRange,0
UNIT_SPY_PLANE,19,flag,LossMoveToDmgNone,
UNIT_SPY_PLANE,20,flag,NoFuelThenCrash,
UNIT_SPY_PLANE,21,kv,MaxFuel,10000
UNIT_SPY_PLANE,22,flag,IgnoreZOC,
UNIT_SPY_PLANE,23,flag,NoZoc,
UNIT_SPY_PLANE,24,flag,CantCaptureCity,
UNIT_SPY_PLANE,25,flag,DeathEffectsHappy,
UNIT_SPY_PLANE,26,flag,Explodes,
UNIT_SPY_PLANE,27,kv,SoundSelect1,SOUND_SELECT1_SPY_PLANE
UNIT_SPY_PLANE,28,kv,SoundSelect2,SOUND_SELECT2_SPY_PLANE
UNIT_SPY_PLANE,29,kv,SoundMove,SOUND_MOVE_SPY_PLANE
UNIT_SPY_PLANE,30,kv,SoundAcknowledge,SOUND_ACKNOWLEDGE_SPY_PLANE
UNIT_SPY_PLANE,31,kv,SoundCantMove,SOUND_CANTMOVE_SPY_PLANE
UNIT_SPY_PLANE,32,kv,SoundAttack,SOUND_ATTACK_SPY_PLANE
UNIT_SPY_PLANE,33,kv,SoundWork,SOUND_WORK_SPY_PLANE
UNIT_SPY_PLANE,34,kv,SoundVictory,SOUND_VICTORY_SPY_PLANE
UNIT_SPY_PLANE,35,kv,SoundDeath,SOUND_DEATH_SPY_PLANE
UNIT_SPY_PLANE,36,sublist,CanAttack,Air
UNIT_SPY_PLANE,37,sublist,CanSee,Standard
UNIT_SPY_PLANE,38,sublist,CanSee,Underwater
UNIT_SPY_PLANE,39,sublist,MovementType,Air
UNIT_SPY_PLANE,40,sublist,Size,Medium
UNIT_SPY_PLANE,41,sublist,VisionClass,Standard
UNIT_STEALTH_BOMBER,0,kv,Description,DESCRIPTION_UNIT_STEALTH_BOMBER
UNIT_STEALTH_BOMBER,1,kv,DefaultIcon,ICON_UNIT_STEALTH_BOMBER
UNIT_STEALTH_BOMBER,2,kv,DefaultSprite,SPRITE_STEALTH_BOMBER
UNIT_STEALTH_BOMBER,3,kv,Category,UNIT_CATEGORY_AERIAL
UNIT_STEALTH_BOMBER,4,kv,Attack,80
UNIT_STEALTH_BOMBER,5,kv,Defense,80
UNIT_STEALTH_BOMBER,6,kv,ZBRangeAttack,95
UNIT_STEALTH_BOMBER,7,kv,Firepower,4
UNIT_STEALTH_BOMBER,8,kv,Armor,3
UNIT_STEALTH_BOMBER,9,kv,MaxHP,10
UNIT_STEALTH_BOMBER,10,kv,ShieldCost,3375
UNIT_STEALTH_BOMBER,11,kv,PowerPoints,6000
UNIT_STEALTH_BOMBER,12,kv,ShieldHunger,35
UNIT_STEALTH_BOMBER,13,kv,GoldHunger,90
UNIT_STEALTH_BOMBER,14,kv,FoodHunger,0
UNIT_STEALTH_BOMBER,15,kv,MaxMovePoints,1000
UNIT_STEALTH_BOMBER,16,kv,VisionRange,4
UNIT_STEALTH_BOMBER,17,kv,EnableAdvance,ADVANCE_ADVANCED_COMPOSITES
UNIT_STEALTH_BOMBER,18,kv,BombRounds,5
UNIT_STEALTH_BOMBER,19,kv,BombardRange,1
UNIT_STEALTH_BOMBER,20,kv,ActiveDefenseRange,0
UNIT_STEALTH_BOMBER,21,flag,EnableCarrierDefenses,
UNIT_STEALTH_BOMBER,22,flag,LossMoveToDmgNone,
UNIT_STEALTH_BOMBER,23,flag,NoFuelThenCrash,
UNIT_STEALTH_BOMBER,24,kv,MaxFuel,5000
UNIT_STEALTH_BOMBER,25,flag,IgnoreZOC,
UNIT_STEALTH_BOMBER,26,flag,NoZoc,
UNIT_STEALTH_BOMBER,27,flag,CanBeachAssault,
UNIT_STEALTH_BOMBER,28,flag,CantCaptureCity,
UNIT_STEALTH_BOMBER,29,flag,DeathEffectsHappy,
UNIT_STEALTH_BOMBER,30,flag,Explodes,
UNIT_STEALTH_BOMBER,31,kv,SoundSelect1,SOUND_SELECT1_STEALTH_BOMBER
UNIT_STEALTH_BOMBER,32,kv,SoundSelect2,SOUND_SELECT2_STEALTH_BOMBER
UNIT_STEALTH_BOMBER,33,kv,SoundMove,SOUND_MOVE_STEALTH_BOMBER
UNIT_STEALTH_BOMBER,34,kv,SoundAcknowledge,SOUND_ACKNOWLEDGE_STEALTH_BOMBER
UNIT_STEALTH_BOMBER,35,kv,SoundCantMove,SOUND_CANTMOVE_STEALTH_BOMBER
UNIT_STEALTH_BOMBER,36,kv,SoundAttack,SOUND_ATTACK_STEALTH_BOMBER
UNIT_STEALTH_BOMBER,37,kv,SoundWork,SOUND_WORK_STEALTH_BOMBER
UNIT_STEALTH_BOMBER,38,kv,SoundVictory,SOUND_VICTORY_STEALTH_BOMBER
UNIT_STEALTH_BOMBER,39,kv,SoundDeath,SOUND_DEATH_STEALTH_BOMBER
UNIT_STEALTH_BOMBER,40,sublist,CanAttack,Air
UNIT_STEALTH_BOMBER,41,sublist,CanAttack,Land
UNIT_STEALTH_BOMBER,42,sublist,CanAttack,Mountain
UNIT_STEALTH_BOMBER,43,sublist,CanAttack,Sea
UNIT_STEALTH_BOMBER,44,sublist,CanAttack,ShallowWater
UNIT_STEALTH_BOMBER,45,sublist,CanBombard,Land
UNIT_STEALTH_BOMBER,46,sublist,CanBombard,Mountain
UNIT_STEALTH_BOMBER,47,sublist,CanBombard,Water
UNIT_STEALTH_BOMBER,48,sublist,CanCarry,SmallAir
UNIT_STEALTH_BOMBER,49,sublist,CanSee,Standard
UNIT_STEALTH_BOMBER,50,sublist,MovementType,Air
UNIT_STEALTH_BOMBER,51,sublist,Size,Medium
UNIT_STEALTH_BOMBER,52,sublist,VisionClass,Standard
UNIT_STEALTH_BOMBER,53,nested,CargoData,"[{""t"": ""kv"", ""k"": ""MaxCargo"", ""v"": ""2""}, {""t"": ""kv"", ""k"": ""Load"", ""v"": ""SOUND_ID_STEALTH_BOMBER_LOAD""}, {""t"": ""kv"", ""k"": ""Unload"", ""v"": ""SOUND_ID_STEALTH_BOMBER_UNLOAD""}]"
UNIT_STEALTH_FIGHTER,0,kv,Description,DESCRIPTION_UNIT_STEALTH_FIGHTER
UNIT_STEALTH_FIGHTER,1,kv,DefaultIcon,ICON_UNIT_STEALTH_FIGHTER
UNIT_STEALTH_FIGHTER,2,kv,DefaultSprite,SPRITE_STEALTH_FIGHTER
UNIT_STEALTH_FIGHTER,3,kv,Category,UNIT_CATEGORY_AERIAL
UNIT_STEALTH_FIGHTER,4,kv,Attack,90
UNIT_STEALTH_FIGHTER,5,kv,Defense,80
UNIT_STEALTH_FIGHTER,6,kv,ZBRangeAttack,90
UNIT_STEALTH_FIGHTER,7,kv,Firepower,5
UNIT_STEALTH_FIGHTER,8,kv,Armor,3
UNIT_STEALTH_FIGHTER,9,kv,MaxHP,10
UNIT_STEALTH_FIGHTER,10,kv,ShieldCost,2815
UNIT_STEALTH_FIGHTER,11,kv,PowerPoints,4000
UNIT_STEALTH_FIGHTER,12,kv,ShieldHunger,30
UNIT_STEALTH_FIGHTER,13,kv,GoldHunger,75
UNIT_STEALTH_FIGHTER,14,kv,FoodHunger,0
UNIT_STEALTH_FIGHTER,15,kv,MaxMovePoints,1500
UNIT_STEALTH_FIGHTER,16,kv,VisionRange,4
UNIT_STEALTH_FIGHTER,17,kv,EnableAdvance,ADVANCE_ADVANCED_COMPOSITES
UNIT_STEALTH_FIGHTER,18,flag,CanCounterBombard,
UNIT_STEALTH_FIGHTER,19,kv,ActiveDefenseRange,1
UNIT_STEALTH_FIGHTER,20,flag,EnableCarrierDefenses,
UNIT_STEALTH_FIGHTER,21,flag,LossMoveToDmgNone,
UNIT_STEALTH_FIGHTER,22,flag,NoFuelThenCrash,
UNIT_STEALTH_FIGHTER,23,kv,MaxFuel,3000
UNIT_STEALTH_FIGHTER,24,flag,IgnoreZOC,
UNIT_STEALTH_FIGHTER,25,flag,NoZoc,
UNIT_STEALTH_FIGHTER,26,flag,CanBeachAssault,
UNIT_STEALTH_FIGHTER,27,flag,CantCaptureCity,
UNIT_STEALTH_FIGHTER,28,flag,DeathEffectsHappy,
UNIT_STEALTH_FIGHTER,29,flag,Explodes,
UNIT_STEALTH_FIGHTER,30,kv,SoundSelect1,SOUND_SELECT1_STEALTH_FIGHTER
UNIT_STEALTH_FIGHTER,31,kv,SoundSelect2,SOUND_SELECT2_STEALTH_FIGHTER
UNIT_STEALTH_FIGHTER,32,kv,SoundMove,SOUND_MOVE_STEALTH_FIGHTER
UNIT_STEALTH_FIGHTER,33,kv,SoundAcknowledge,SOUND_ACKNOWLEDGE_STEALTH_FIGHTER
UNIT_STEALTH_FIGHTER,34,kv,SoundCantMove,SOUND_CANTMOVE_STEALTH_FIGHTER
UNIT_STEALTH_FIGHTER,35,kv,SoundAttack,SOUND_ATTACK_STEALTH_FIGHTER
UNIT_STEALTH_FIGHTER,36,kv,SoundWork,SOUND_WORK_STEALTH_FIGHTER
UNIT_STEALTH_FIGHTER,37,kv,SoundVictory,SOUND_VICTORY_STEALTH_FIGHTER
UNIT_STEALTH_FIGHTER,38,kv,SoundDeath,SOUND_DEATH_STEALTH_FIGHTER
UNIT_STEALTH_FIGHTER,39,sublist,CanAttack,Air
UNIT_STEALTH_FIGHTER,40,sublist,CanAttack,Land
UNIT_STEALTH_FIGHTER,41,sublist,CanAttack,Mountain
UNIT_STEALTH_FIGHTER,42,sublist,CanAttack,Sea
UNIT_STEALTH_FIGHTER,43,sublist,CanAttack,ShallowWater
UNIT_STEALTH_FIGHTER,44,sublist,CanSee,Standard
UNIT_STEALTH_FIGHTER,45,sublist,Defend,Air
UNIT_STEALTH_FIGHTER,46,sublist,MovementType,Air
UNIT_STEALTH_FIGHTER,47,sublist,Size,Medium
UNIT_STEALTH_FIGHTER,48,sublist,VisionClass,Standard
UNIT_SUBMARINE,0,kv,Description,DESCRIPTION_UNIT_SUBMARINE
UNIT_SUBMARINE,1,kv,DefaultIcon,ICON_UNIT_SUBMARINE
UNIT_SUBMARINE,2,kv,DefaultSprite,SPRITE_SUBMARINE
UNIT_SUBMARINE,3,kv,Category,UNIT_CATEGORY_UNDERSEA
UNIT_SUBMARINE,4,kv,Attack,40
UNIT_SUBMARINE,5,kv,Defense,30
UNIT_SUBMARINE,6,kv,ZBRangeAttack,40
UNIT_SUBMARINE,7,kv,Firepower,3
UNIT_SUBMARINE,8,kv,Armor,2
UNIT_SUBMARINE,9,kv,MaxHP,10
UNIT_SUBMARINE,10,kv,ShieldCost,1200
UNIT_SUBMARINE,11,kv,PowerPoints,1500
UNIT_SUBMARINE,12,kv,ShieldHunger,12
UNIT_SUBMARINE,13,kv,GoldHunger,40
UNIT_SUBMARINE,14,kv,FoodHunger,0
UNIT_SUBMARINE,15,kv,MaxMovePoints,400
UNIT_SUBMARINE,16,kv,VisionRange,2
UNIT_SUBMARINE,17,kv,EnableAdvance,ADVANCE_OIL_REFINING
UNIT_SUBMARINE,18,kv,ObsoleteAdvance,ADVANCE_NUCLEAR_POWER
UNIT_SUBMARINE,19,kv,UpgradeTo,UNIT_NUCLEAR_SUBMARINE
UNIT_SUBMARINE,20,kv,UpgradeTo,UNIT_MOREY_STRIKER
UNIT_SUBMARINE,21,kv,BombRounds,5
UNIT_SUBMARINE,22,kv,BombardRange,1
UNIT_SUBMARINE,23,kv,ActiveDefenseRange,0
UNIT_SUBMARINE,24,flag,LossMoveToDmgNone,
UNIT_SUBMARINE,25,kv,MaxFuel,0
UNIT_SUBMARINE,26,flag,IgnoreZOC,
UNIT_SUBMARINE,27,flag,NoZoc,
UNIT_SUBMARINE,28,flag,CanExpel,
UNIT_SUBMARINE,29,flag,CanPillage,
UNIT_SUBMARINE,30,flag,CanPirate,
UNIT_SUBMARINE,31,flag,CantCaptureCity,
UNIT_SUBMARINE,32,flag,DeathEffectsHappy,
UNIT_SUBMARINE,33,flag,IsSubmarine,
UNIT_SUBMARINE,34,flag,Explodes,
UNIT_SUBMARINE,35,kv,SoundSelect1,SOUND_SELECT1_SUBMARINE
UNIT_SUBMARINE,36,kv,SoundSelect2,SOUND_SELECT2_SUBMARINE
UNIT_SUBMARINE,37,kv,SoundMove,SOUND_MOVE_SUBMARINE
UNIT_SUBMARINE,38,kv,SoundAcknowledge,SOUND_ACKNOWLEDGE_SUBMARINE
UNIT_SUBMARINE,39,kv,SoundCantMove,SOUND_CANTMOVE_SUBMARINE
UNIT_SUBMARINE,40,kv,SoundAttack,SOUND_ATTACK_SUBMARINE
UNIT_SUBMARINE,41,kv,SoundWork,SOUND_WORK_SUBMARINE
UNIT_SUBMARINE,42,kv,SoundVictory,SOUND_VICTORY_SUBMARINE
UNIT_SUBMARINE,43,kv,SoundDeath,SOUND_DEATH_SUBMARINE
UNIT_SUBMARINE,44,sublist,CanAttack,Sea
UNIT_SUBMARINE,45,sublist,CanAttack,Underwater
UNIT_SUBMARINE,46,sublist,CanAttack,ShallowWater
UNIT_SUBMARINE,47,sublist,CanBombard,Water
UNIT_SUBMARINE,48,sublist,CanSee,Standard
UNIT_SUBMARINE,49,sublist,CanSee,Underwater
UNIT_SUBMARINE,50,sublist,MovementType,Sea
UNIT_SUBMARINE,51,sublist,MovementType,ShallowWater
UNIT_SUBMARINE,52,sublist,Size,Large
UNIT_SUBMARINE,53,sublist,VisionClass,Underwater
UNIT_SUBMARINE,54,nested,CanReform,"[{""t"": ""kv"", ""k"": ""Sound"", ""v"": ""SOUND_ID_REFORM_CITY""}, {""t"": ""kv"", ""k"": ""Effect"", ""v"": ""SPECEFFECT_REFORMCITY""}]"
UNIT_SWORDSMAN,0,kv,Description,DESCRIPTION_UNIT_SWORDSMAN
UNIT_SWORDSMAN,1,kv,DefaultIcon,ICON_UNIT_SWORDSMAN
UNIT_SWORDSMAN,2,kv,DefaultSprite,SPRITE_SWORDSMAN
UNIT_SWORDSMAN,3,kv,Category,UNIT_CATEGORY_ATTACK
UNIT_SWORDSMAN,4,kv,Attack,20
UNIT_SWORDSMAN,5,kv,Defense,10
UNIT_SWORDSMAN,6,kv,ZBRangeAttack,0
UNIT_SWORDSMAN,7,kv,Firepower,2
UNIT_SWORDSMAN,8,kv,Armor,1
UNIT_SWORDSMAN,9,kv,MaxHP,10
UNIT_SWORDSMAN,10,kv,ShieldCost,460
UNIT_SWORDSMAN,11,kv,PowerPoints,250
UNIT_SWORDSMAN,12,kv,ShieldHunger,5
UNIT_SWORDSMAN,13,kv,GoldHunger,3
UNIT_SWORDSMAN,14,kv,FoodHunger,0
UNIT_SWORDSMAN,15,kv,MaxMovePoints,200
UNIT_SWORDSMAN,16,kv,VisionRange,1
UNIT_SWORDSMAN,17,kv,EnableAdvance,ADVANCE_IRON_WORKING
UNIT_SWORDSMAN,18,kv,ObsoleteAdvance,ADVANCE_INDUSTRIAL_REVOLUTION
UNIT_SWORDSMAN,19,kv,UpgradeTo,UNIT_INFANTRYMAN
UNIT_SWORDSMAN,20,kv,UpgradeTo,UNIT_MACHINE_GUNNER
UNIT_SWORDSMAN,21,kv,UpgradeTo,UNIT_MARINE
UNIT_SWORDSMAN,22,kv,UpgradeTo,UNIT_HOVER_INFANTRY
UNIT_SWORDSMAN,23,kv,ActiveDefenseRange,0
UNIT_SWORDSMAN,24,flag,LossMoveToDmgNone,
UNIT_SWORDSMAN,25,kv,MaxFuel,0
UNIT_SWORDSMAN,26,flag,CanEntrench,
UNIT_SWORDSMAN,27,flag,CanExpel,
UNIT_SWORDSMAN,28,flag,CanPillage,
UNIT_SWORDSMAN,29,flag,CanPirate,
UNIT_SWORDSMAN,30,flag,ExertsMartialLaw,
UNIT_SWORDSMAN,31,flag,DeathEffectsHappy,
UNIT_SWORDSMAN,32,flag,IsSpecialForces,
UNIT_SWORDSMAN,33,kv,SoundSelect1,SOUND_SELECT1_SAMURAI
UNIT_SWORDSMAN,34,kv,SoundSelect2,SOUND_SELECT2_SAMURAI
UNIT_SWORDSMAN,35,kv,SoundMove,SOUND_MOVE_SAMURAI
UNIT_SWORDSMAN,36,kv,SoundAcknowledge,SOUND_ACKNOWLEDGE_SAMURAI
UNIT_SWORDSMAN,37,kv,SoundCantMove,SOUND_CANTMOVE_SAMURAI
UNIT_SWORDSMAN,38,kv,SoundAttack,SOUND_ATTACK_SAMURAI
UNIT_SWORDSMAN,39,kv,SoundWork,SOUND_WORK_SAMURAI
UNIT_SWORDSMAN,40,kv,SoundVictory,SOUND_VICTORY_SAMURAI
UNIT_SWORDSMAN,41,kv,SoundDeath,SOUND_DEATH_SAMURAI
UNIT_SWORDSMAN,42,sublist,CanAttack,Land
UNIT_SWORDSMAN,43,sublist,CanAttack,Mountain
UNIT_SWORDSMAN,44,sublist,CanSee,Standard
UNIT_SWORDSMAN,45,sublist,MovementType,Land
UNIT_SWORDSMAN,46,sublist,MovementType,Mountain
UNIT_SWORDSMAN,47,sublist,Size,Small
UNIT_SWORDSMAN,48,sublist,VisionClass,Standard
UNIT_SWORDSMAN,49,nested,CanReform,"[{""t"": ""kv"", ""k"": ""Sound"", ""v"": ""SOUND_ID_REFORM_CITY""}, {""t"": ""kv"", ""k"": ""Effect"", ""v"": ""SPECEFFECT_REFORMCITY""}]"
UNIT_TANK,0,kv,Description,DESCRIPTION_UNIT_TANK
UNIT_TANK,1,kv,DefaultIcon,ICON_UNIT_TANK
UNIT_TANK,2,kv,DefaultSprite,SPRITE_TANK
UNIT_TANK,3,kv,Category,UNIT_CATEGORY_FLANKER
UNIT_TANK,4,kv,Attack,50
UNIT_TANK,5,kv,Defense,35
UNIT_TANK,6,kv,ZBRangeAttack,80
UNIT_TANK,7,kv,Firepower,4
UNIT_TANK,8,kv,Armor,3
UNIT_TANK,9,kv,MaxHP,10
UNIT_TANK,10,kv,ShieldCost,2000
UNIT_TANK,11,kv,PowerPoints,2000
UNIT_TANK,12,kv,ShieldHunger,20
UNIT_TANK,13,kv,GoldHunger,40
UNIT_TANK,14,kv,FoodHunger,0
UNIT_TANK,15,kv,MaxMovePoints,600
UNIT_TANK,16,kv,VisionRange,3
UNIT_TANK,17,kv,EnableAdvance,ADVANCE_TANK_WARFARE
UNIT_TANK,18,kv,ObsoleteAdvance,ADVANCE_FUSION
UNIT_TANK,19,kv,UpgradeTo,UNIT_FUSION_TANK
UNIT_TANK,20,kv,ActiveDefenseRange,0
UNIT_TANK,21,flag,LossMoveToDmgNone,
UNIT_TANK,22,kv,MaxFuel,0
UNIT_TANK,23,flag,CanEntrench,
UNIT_TANK,24,flag,CanExpel,
UNIT_TANK,25,flag,CanPillage,
UNIT_TANK,26,flag,CanPirate,
UNIT_TANK,27,flag,ExertsMartialLaw,
UNIT_TANK,28,flag,DeathEffectsHappy,
UNIT_TANK,29,flag,IsFlanker,
UNIT_TANK,30,flag,Explodes,
UNIT_TANK,31,kv,SoundSelect1,SOUND_SELECT1_TANK
UNIT_TANK,32,kv,SoundSelect2,SOUND_SELECT2_TANK
UNIT_TANK,33,kv,SoundMove,SOUND_MOVE_TANK
UNIT_TANK,34,kv,SoundAcknowledge,SOUND_ACKNOWLEDGE_TANK
UNIT_TANK,35,kv,SoundCantMove,SOUND_CANTMOVE_TANK
UNIT_TANK,36,kv,SoundAttack,SOUND_ATTACK_TANK
UNIT_TANK,37,kv,SoundWork,SOUND_WORK_TANK
UNIT_TANK,38,kv,SoundVictory,SOUND_VICTORY_TANK
UNIT_TANK,39,kv,SoundDeath,SOUND_DEATH_TANK
UNIT_TANK,40,sublist,CanAttack,Land
UNIT_TANK,41,sublist,CanSee,Standard
UNIT_TANK,42,sublist,MovementType,Land
UNIT_TANK,43,sublist,Size,Medium
UNIT_TANK,44,sublist,VisionClass,Standard
UNIT_TANK,45,nested,CanReform,"[{""t"": ""kv"", ""k"": ""Sound"", ""v"": ""SOUND_ID_REFORM_CITY""}, {""t"": ""kv"", ""k"": ""Effect"", ""v"": ""SPECEFFECT_REFORMCITY""}]"
UNIT_TELEVANGELIST,0,kv,Description,DESCRIPTION_UNIT_TELEVANGELIST
UNIT_TELEVANGELIST,1,kv,DefaultIcon,ICON_UNIT_TELEVANGELIST
UNIT_TELEVANGELIST,2,kv,DefaultSprite,SPRITE_TELEVANGELIST
UNIT_TELEVANGELIST,3,kv,Category,UNIT_CATEGORY_SPECIAL
UNIT_TELEVANGELIST,4,kv,Attack,0
UNIT_TELEVANGELIST,5,kv,Defense,10
UNIT_TELEVANGELIST,6,kv,ZBRangeAttack,0
UNIT_TELEVANGELIST,7,kv,Firepower,1
UNIT_TELEVANGELIST,8,kv,Armor,1
UNIT_TELEVANGELIST,9,kv,MaxHP,10
UNIT_TELEVANGELIST,10,kv,ShieldCost,1200
UNIT_TELEVANGELIST,11,kv,PowerPoints,1000
UNIT_TELEVANGELIST,12,kv,ShieldHunger,12
UNIT_TELEVANGELIST,13,kv,GoldHunger,100
UNIT_TELEVANGELIST,14,kv,FoodHunger,0
UNIT_TELEVANGELIST,15,kv,MaxMovePoints,400
UNIT_TELEVANGELIST,16,kv,VisionRange,2
UNIT_TELEVANGELIST,17,kv,EnableAdvance,ADVANCE_MASS_MEDIA
UNIT_TELEVANGELIST,18,kv,GovernmentType,GOVERNMENT_THEOCRACY
UNIT_TELEVANGELIST,19,kv,ActiveDefenseRange,0
UNIT_TELEVANGELIST,20,flag,LossMoveToDmgNone,
UNIT_TELEVANGELIST,21,kv,MaxFuel,0
UNIT_TELEVANGELIST,22,flag,IgnoreZOC,
UNIT_TELEVANGELIST,23,flag,NoZoc,
UNIT_TELEVANGELIST,24,flag,CanBeExpelled,
UNIT_TELEVANGELIST,25,flag,CanBeSued,
UNIT_TELEVANGELIST,26,flag,CantCaptureCity,
UNIT_TELEVANGELIST,27,flag,DeathEffectsHappy,
UNIT_TELEVANGELIST,28,flag,IsSpecialForces,
UNIT_TELEVANGELIST,29,flag,IsTelevangelist,
UNIT_TELEVANGELIST,30,flag,Civilian,
UNIT_TELEVANGELIST,31,flag,InvisibleForGlobeSat,
UNIT_TELEVANGELIST,32,kv,SoundSelect1,SOUND_SELECT1_TELEVANGELIST
UNIT_TELEVANGELIST,33,kv,SoundSelect2,SOUND_SELECT2_TELEVANGELIST
UNIT_TELEVANGELIST,34,kv,SoundMove,SOUND_MOVE_TELEVANGELIST
UNIT_TELEVANGELIST,35,kv,SoundAcknowledge,SOUND_ACKNOWLEDGE_TELEVANGELIST
UNIT_TELEVANGELIST,36,kv,SoundCantMove,SOUND_CANTMOVE_TELEVANGELIST
UNIT_TELEVANGELIST,37,kv,SoundAttack,SOUND_ATTACK_TELEVANGELIST
UNIT_TELEVANGELIST,38,kv,SoundWork,SOUND_WORK_TELEVANGELIST
UNIT_TELEVANGELIST,39,kv,SoundVictory,SOUND_VICTORY_TELEVANGELIST
UNIT_TELEVANGELIST,40,kv,SoundDeath,SOUND_DEATH_TELEVANGELIST
UNIT_TELEVANGELIST,41,sublist,CanSee,Standard
UNIT_TELEVANGELIST,42,sublist,CanSee,Stealth
UNIT_TELEVANGELIST,43,sublist,MovementType,Land
UNIT_TELEVANGELIST,44,sublist,MovementType,Mountain
UNIT_TELEVANGELIST,45,sublist,Size,Small
UNIT_TELEVANGELIST,46,sublist,VisionClass,Stealth
UNIT_TELEVANGELIST,47,nested,CanSoothsay,"[{""t"": ""kv"", ""k"": ""Sound"", ""v"": ""SOUND_ID_CAN_SOOTHSAY_TV""}, {""t"": ""kv"", ""k"": ""Effect"", ""v"": ""SPECEFFECT_CAN_SOOTHSAY""}]"
UNIT_TELEVANGELIST,48,nested,CauseUnhappiness,"[{""t"": ""kv"", ""k"": ""Chance"", ""v"": ""1""}, {""t"": ""kv"", ""k"": ""Timer"", ""v"": ""1""}, {""t"": ""kv"", ""k"": ""Amount"", ""v"": ""5""}, {""t"": ""kv"", ""k"": ""Sound"", ""v"": ""SOUND_ID_CAN_SOOTHSAY_TV""}, {""t"": ""kv"", ""k"": ""Effect"", ""v"": ""SPECEFFECT_CAN_SOOTHSAY""}]"
UNIT_TELEVANGELIST,49,nested,ConvertCities,"[{""t"": ""kv"", ""k"": ""Chance"", ""v"": ""0.75""}, {""t"": ""kv"", ""k"": ""DeathChance"", ""v"": ""0.25""}, {""t"": ""kv"", ""k"": ""Sound"", ""v"": ""SOUND_ID_CONVERT_CITIES_TV""}, {""t"": ""kv"", ""k"": ""Effect"", ""v"": ""SPECEFFECT_CONVERT_CITIES""}]"
UNIT_TELEVANGELIST,50,nested,IndulgenceSales,"[{""t"": ""kv"", ""k"": ""Sound"", ""v"": ""SOUND_ID_INDULGENCE_SALES_TV""}, {""t"": ""kv"", ""k"": ""Effect"", ""v"": ""SPECEFFECT_INDULGENCE_SALES""}]"
UNIT_TROOP_SHIP,0,kv,Description,DESCRIPTION_UNIT_TROOP_SHIP
UNIT_TROOP_SHIP,1,kv,DefaultIcon,ICON_UNIT_TROOP_SHIP
UNIT_TROOP_SHIP,2,kv,DefaultSprite,SPRITE_TROOP_SHIP
UNIT_TROOP_SHIP,3,kv,Category,UNIT_CATEGORY_NAVAL
UNIT_TROOP_SHIP,4,kv,Attack,0
UNIT_TROOP_SHIP,5,kv,Defense,10
UNIT_TROOP_SHIP,6,kv,ZBRangeAttack,0
UNIT_TROOP_SHIP,7,kv,Firepower,1
UNIT_TROOP_SHIP,8,kv,Armor,1
UNIT_TROOP_SHIP,9,kv,MaxHP,10
UNIT_TROOP_SHIP,10,kv,ShieldCost,1200
UNIT_TROOP_SHIP,11,kv,PowerPoints,1200
UNIT_TROOP_SHIP,12,kv,ShieldHunger,12
UNIT_TROOP_SHIP,13,kv,GoldHunger,20
UNIT_TROOP_SHIP,14,kv,FoodHunger,0
UNIT_TROOP_SHIP,15,kv,MaxMovePoints,500
UNIT_TROOP_SHIP,16,kv,VisionRange,2
UNIT_TROOP_SHIP,17,kv,EnableAdvance,ADVANCE_INTERNAL_COMBUSTION
UNIT_TROOP_SHIP,18,kv,ActiveDefenseRange,0
UNIT_TROOP_SHIP,19,flag,LossMoveToDmgNone,
UNIT_TROOP_SHIP,20,kv,MaxFuel,0
UNIT_TROOP_SHIP,21,flag,NoZoc,
UNIT_TROOP_SHIP,22,flag,CantCaptureCity,
UNIT_TROOP_SHIP,23,flag,DeathEffectsHappy,
UNIT_TROOP_SHIP,24,flag,Explodes,
UNIT_TROOP_SHIP,25,kv,SoundSelect1,SOUND_SELECT1_TROOP_SHIP
UNIT_TROOP_SHIP,26,kv,SoundSelect2,SOUND_SELECT2_TROOP_SHIP
UNIT_TROOP_SHIP,27,kv,SoundMove,SOUND_MOVE_TROOP_SHIP
UNIT_TROOP_SHIP,28,kv,SoundAcknowledge,SOUND_ACKNOWLEDGE_TROOP_SHIP
UNIT_TROOP_SHIP,29,kv,SoundCantMove,SOUND_CANTMOVE_TROOP_SHIP
UNIT_TROOP_SHIP,30,kv,SoundAttack,SOUND_ATTACK_TROOP_SHIP
UNIT_TROOP_SHIP,31,kv,SoundWork,SOUND_WORK_TROOP_SHIP
UNIT_TROOP_SHIP,32,kv,SoundVictory,SOUND_VICTORY_TROOP_SHIP
UNIT_TROOP_SHIP,33,kv,SoundDeath,SOUND_DEATH_TROOP_SHIP
UNIT_TROOP_SHIP,34,sublist,CanCarry,SmallLand
UNIT_TROOP_SHIP,35,sublist,CanCarry,MedLand
UNIT_TROOP_SHIP,36,sublist,CanSee,Standard
UNIT_TROOP_SHIP,37,sublist,MovementType,Sea
UNIT_TROOP_SHIP,38,sublist,MovementType,ShallowWater
UNIT_TROOP_SHIP,39,sublist,Size,Large
UNIT_TROOP_SHIP,40,sublist,VisionClass,Standard
UNIT_TROOP_SHIP,41,nested,CargoData,"[{""t"": ""kv"", ""k"": ""MaxCargo"", ""v"": ""5""}, {""t"": ""kv"", ""k"": ""Load"", ""v"": ""SOUND_ID_TROOP_SHIP_LOAD""}, {""t"": ""kv"", ""k"": ""Unload"", ""v"": ""SOUND_ID_TROOP_SHIP_UNLOAD""}]"
UNIT_URBAN_PLANNER,0,kv,Description,DESCRIPTION_UNIT_URBAN_PLANNER
UNIT_URBAN_PLANNER,1,kv,DefaultIcon,ICON_UNIT_URBAN_PLANNER
UNIT_URBAN_PLANNER,2,kv,DefaultSprite,SPRITE_URBAN_PLANNER
UNIT_URBAN_PLANNER,3,kv,Category,UNIT_CATEGORY_SETTLER
UNIT_URBAN_PLANNER,4,kv,Attack,0
UNIT_URBAN_PLANNER,5,kv,Defense,10
UNIT_URBAN_PLANNER,6,kv,ZBRangeAttack,0
UNIT_URBAN_PLANNER,7,kv,Firepower,1
UNIT_URBAN_PLANNER,8,kv,Armor,1
UNIT_URBAN_PLANNER,9,kv,MaxHP,10
UNIT_URBAN_PLANNER,10,kv,ShieldCost,1200
UNIT_URBAN_PLANNER,11,kv,PowerPoints,100
UNIT_URBAN_PLANNER,12,kv,ShieldHunger,12
UNIT_URBAN_PLANNER,13,kv,FoodHunger,0
UNIT_URBAN_PLANNER,14,kv,MaxMovePoints,200
UNIT_URBAN_PLANNER,15,kv,VisionRange,2
UNIT_URBAN_PLANNER,16,kv,EnableAdvance,ADVANCE_ADV_URBAN_PLANNING
UNIT_URBAN_PLANNER,17,kv,ActiveDefenseRange,0
UNIT_URBAN_PLANNER,18,flag,LossMoveToDmgNone,
UNIT_URBAN_PLANNER,19,kv,MaxFuel,0
UNIT_URBAN_PLANNER,20,flag,NoZoc,
UNIT_URBAN_PLANNER,21,kv,SettleCityType,UNIT_CITY
UNIT_URBAN_PLANNER,22,kv,SettleSize,3
UNIT_URBAN_PLANNER,23,flag,CanBeExpelled,
UNIT_URBAN_PLANNER,24,flag,CantCaptureCity,
UNIT_URBAN_PLANNER,25,flag,DeathEffectsHappy,
UNIT_URBAN_PLANNER,26,flag,BuildingRemovesAPop,
UNIT_URBAN_PLANNER,27,flag,OnlyBuildOne,
UNIT_URBAN_PLANNER,28,flag,IsSpecialForces,
UNIT_URBAN_PLANNER,29,flag,Civilian,
UNIT_URBAN_PLANNER,30,flag,InvisibleForGlobeSat,
UNIT_URBAN_PLANNER,31,kv,SoundSelect1,SOUND_SELECT1_URBAN_PLANNER
UNIT_URBAN_PLANNER,32,kv,SoundSelect2,SOUND_SELECT2_URBAN_PLANNER
UNIT_URBAN_PLANNER,33,kv,SoundMove,SOUND_MOVE_URBAN_PLANNER
UNIT_URBAN_PLANNER,34,kv,SoundAcknowledge,SOUND_ACKNOWLEDGE_URBAN_PLANNER
UNIT_URBAN_PLANNER,35,kv,SoundCantMove,SOUND_CANTMOVE_URBAN_PLANNER
UNIT_URBAN_PLANNER,36,kv,SoundAttack,SOUND_ATTACK_URBAN_PLANNER
UNIT_URBAN_PLANNER,37,kv,SoundWork,SOUND_WORK_URBAN_PLANNER
UNIT_URBAN_PLANNER,38,kv,SoundVictory,SOUND_VICTORY_URBAN_PLANNER
UNIT_URBAN_PLANNER,39,kv,SoundDeath,SOUND_DEATH_URBAN_PLANNER
UNIT_URBAN_PLANNER,40,kv,SettleBuilding,IMPROVE_ACADEMY
UNIT_URBAN_PLANNER,41,kv,SettleBuilding,IMPROVE_COURTHOUSE
UNIT_URBAN_PLANNER,42,kv,SettleBuilding,IMPROVE_GRANARY
UNIT_URBAN_PLANNER,43,kv,SettleBuilding,IMPROVE_SHRINE
UNIT_URBAN_PLANNER,44,kv,SettleBuilding,IMPROVE_THEATER
UNIT_URBAN_PLANNER,45,sublist,CanSee,Standard
UNIT_URBAN_PLANNER,46,sublist,MovementType,Land
UNIT_URBAN_PLANNER,47,sublist,MovementType,Mountain
UNIT_URBAN_PLANNER,48,sublist,Settle,Land
UNIT_URBAN_PLANNER,49,sublist,Settle,Mountain
UNIT_URBAN_PLANNER,50,sublist,Size,Small
UNIT_URBAN_PLANNER,51,sublist,VisionClass,Standard
UNIT_WAR_WALKER,0,kv,Description,DESCRIPTION_UNIT_WAR_WALKER
UNIT_WAR_WALKER,1,kv,DefaultIcon,ICON_UNIT_WAR_WALKER
UNIT_WAR_WALKER,2,kv,DefaultSprite,SPRITE_WAR_WALKER
UNIT_WAR_WALKER,3,kv,Category,UNIT_CATEGORY_RANGED
UNIT_WAR_WALKER,4,kv,Attack,50
UNIT_WAR_WALKER,5,kv,Defense,40
UNIT_WAR_WALKER,6,kv,ZBRangeAttack,95
UNIT_WAR_WALKER,7,kv,Firepower,5
UNIT_WAR_WALKER,8,kv,Armor,4
UNIT_WAR_WALKER,9,kv,MaxHP,10
UNIT_WAR_WALKER,10,kv,ShieldCost,3500
UNIT_WAR_WALKER,11,kv,PowerPoints,100
UNIT_WAR_WALKER,12,kv,ShieldHunger,35
UNIT_WAR_WALKER,13,kv,GoldHunger,90
UNIT_WAR_WALKER,14,kv,FoodHunger,0
UNIT_WAR_WALKER,15,kv,MaxMovePoints,500
UNIT_WAR_WALKER,16,kv,VisionRange,4
UNIT_WAR_WALKER,17,kv,EnableAdvance,ADVANCE_CYBERNETICS
UNIT_WAR_WALKER,18,kv,BombRounds,5
UNIT_WAR_WALKER,19,kv,BombardRange,1
UNIT_WAR_WALKER,20,flag,CanCounterBombard,
UNIT_WAR_WALKER,21,kv,ActiveDefenseRange,1
UNIT_WAR_WALKER,22,flag,LossMoveToDmgNone,
UNIT_WAR_WALKER,23,kv,MaxFuel,0
UNIT_WAR_WALKER,24,flag,CanEntrench,
UNIT_WAR_WALKER,25,flag,CanExpel,
UNIT_WAR_WALKER,26,flag,CanPillage,
UNIT_WAR_WALKER,27,flag,CanPirate,
UNIT_WAR_WALKER,28,flag,ExertsMartialLaw,
UNIT_WAR_WALKER,29,flag,DeathEffectsHappy,
UNIT_WAR_WALKER,30,flag,Explodes,
UNIT_WAR_WALKER,31,kv,SoundSelect1,SOUND_SELECT1_WAR_WALKER
UNIT_WAR_WALKER,32,kv,SoundSelect2,SOUND_SELECT2_WAR_WALKER
UNIT_WAR_WALKER,33,kv,SoundMove,SOUND_MOVE_WAR_WALKER
UNIT_WAR_WALKER,34,kv,SoundAcknowledge,SOUND_ACKNOWLEDGE_WAR_WALKER
UNIT_WAR_WALKER,35,kv,SoundCantMove,SOUND_CANTMOVE_WAR_WALKER
UNIT_WAR_WALKER,36,kv,SoundAttack,SOUND_ATTACK_WAR_WALKER
UNIT_WAR_WALKER,37,kv,SoundWork,SOUND_WORK_WAR_WALKER
UNIT_WAR_WALKER,38,kv,SoundVictory,SOUND_VICTORY_WAR_WALKER
UNIT_WAR_WALKER,39,kv,SoundDeath,SOUND_DEATH_WAR_WALKER
UNIT_WAR_WALKER,40,sublist,CanAttack,Air
UNIT_WAR_WALKER,41,sublist,CanAttack,Land
UNIT_WAR_WALKER,42,sublist,CanAttack,Mountain
UNIT_WAR_WALKER,43,sublist,CanBombard,Land
UNIT_WAR_WALKER,44,sublist,CanBombard,Mountain
UNIT_WAR_WALKER,45,sublist,CanBombard,Air
UNIT_WAR_WALKER,46,sublist,CanSee,Standard
UNIT_WAR_WALKER,47,sublist,Defend,Air
UNIT_WAR_WALKER,48,sublist,MovementType,Land
UNIT_WAR_WALKER,49,sublist,MovementType,Mountain
UNIT_WAR_WALKER,50,sublist,Size,Medium
UNIT_WAR_WALKER,51,sublist,VisionClass,Standard
UNIT_WAR_WALKER,52,nested,CanReform,"[{""t"": ""kv"", ""k"": ""Sound"", ""v"": ""SOUND_ID_REFORM_CITY""}, {""t"": ""kv"", ""k"": ""Effect"", ""v"": ""SPECEFFECT_REFORMCITY""}]"
UNIT_WARRIOR,0,kv,Description,DESCRIPTION_UNIT_WARRIOR
UNIT_WARRIOR,1,kv,DefaultIcon,ICON_UNIT_WARRIOR
UNIT_WARRIOR,2,kv,DefaultSprite,SPRITE_WARRIOR
UNIT_WARRIOR,3,kv,Category,UNIT_CATEGORY_ATTACK
UNIT_WARRIOR,4,kv,Attack,10
UNIT_WARRIOR,5,kv,Defense,10
UNIT_WARRIOR,6,kv,ZBRangeAttack,0
UNIT_WARRIOR,7,kv,Firepower,1
UNIT_WARRIOR,8,kv,Armor,1
UNIT_WARRIOR,9,kv,MaxHP,10
UNIT_WARRIOR,10,kv,ShieldCost,150
UNIT_WARRIOR,11,kv,PowerPoints,100
UNIT_WARRIOR,12,kv,ShieldHunger,1
UNIT_WARRIOR,13,kv,GoldHunger,0
UNIT_WARRIOR,14,kv,FoodHunger,0
UNIT_WARRIOR,15,kv,MaxMovePoints,100
UNIT_WARRIOR,16,kv,VisionRange,2
UNIT_WARRIOR,17,kv,EnableAdvance,ADVANCE_TOOLMAKING
UNIT_WARRIOR,18,kv,ObsoleteAdvance,ADVANCE_GUNPOWDER
UNIT_WARRIOR,19,kv,UpgradeTo,UNIT_SWORDSMAN
UNIT_WARRIOR,20,kv,UpgradeTo,UNIT_INFANTRYMAN
UNIT_WARRIOR,21,kv,UpgradeTo,UNIT_MACHINE_GUNNER
UNIT_WARRIOR,22,kv,UpgradeTo,UNIT_MARINE
UNIT_WARRIOR,23,kv,UpgradeTo,UNIT_HOVER_INFANTRY
UNIT_WARRIOR,24,kv,ActiveDefenseRange,0
UNIT_WARRIOR,25,flag,LossMoveToDmgNone,
UNIT_WARRIOR,26,kv,MaxFuel,0
UNIT_WARRIOR,27,flag,CanEntrench,
UNIT_WARRIOR,28,flag,CanExpel,
UNIT_WARRIOR,29,flag,CanPillage,
UNIT_WARRIOR,30,flag,CanPirate,
UNIT_WARRIOR,31,flag,ExertsMartialLaw,
UNIT_WARRIOR,32,flag,DeathEffectsHappy,
UNIT_WARRIOR,33,kv,SoundSelect1,SOUND_SELECT1_WARRIOR
UNIT_WARRIOR,34,kv,SoundSelect2,SOUND_SELECT2_WARRIOR
UNIT_WARRIOR,35,kv,SoundMove,SOUND_MOVE_WARRIOR
UNIT_WARRIOR,36,kv,SoundAcknowledge,SOUND_ACKNOWLEDGE_WARRIOR
UNIT_WARRIOR,37,kv,SoundCantMove,SOUND_CANTMOVE_WARRIOR
UNIT_WARRIOR,38,kv,SoundAttack,SOUND_ATTACK_WARRIOR
UNIT_WARRIOR,39,kv,SoundWork,SOUND_WORK_WARRIOR
UNIT_WARRIOR,40,kv,SoundVictory,SOUND_VICTORY_WARRIOR
UNIT_WARRIOR,41,kv,SoundDeath,SOUND_DEATH_WARRIOR
UNIT_WARRIOR,42,sublist,CanAttack,Land
UNIT_WARRIOR,43,sublist,CanAttack,Mountain
UNIT_WARRIOR,44,sublist,CanSee,Standard
UNIT_WARRIOR,45,sublist,MovementType,Land
UNIT_WARRIOR,46,sublist,MovementType,Mountain
UNIT_WARRIOR,47,sublist,Size,Small
UNIT_WARRIOR,48,sublist,VisionClass,Standard
UNIT_WARRIOR,49,nested,CanReform,"[{""t"": ""kv"", ""k"": ""Sound"", ""v"": ""SOUND_ID_REFORM_CITY""}, {""t"": ""kv"", ""k"": ""Effect"", ""v"": ""SPECEFFECT_REFORMCITY""}]"
UNIT_Z_FREIGHT_TRANSPORT,0,kv,Description,DESCRIPTION_UNIT_WARRIOR
UNIT_Z_FREIGHT_TRANSPORT,1,kv,DefaultIcon,ICON_UNIT_FREIGHT_TRANSPORT
UNIT_Z_FREIGHT_TRANSPORT,2,kv,DefaultSprite,SPRITE_WARRIOR
UNIT_Z_FREIGHT_TRANSPORT,3,kv,Category,UNIT_CATEGORY_SPECIAL
UNIT_Z_FREIGHT_TRANSPORT,4,kv,Attack,0
UNIT_Z_FREIGHT_TRANSPORT,5,kv,Defense,0
UNIT_Z_FREIGHT_TRANSPORT,6,kv,ZBRangeAttack,0
UNIT_Z_FREIGHT_TRANSPORT,7,kv,Firepower,0
UNIT_Z_FREIGHT_TRANSPORT,8,kv,Armor,0
UNIT_Z_FREIGHT_TRANSPORT,9,kv,MaxHP,10
UNIT_Z_FREIGHT_TRANSPORT,10,kv,ShieldCost,1200
UNIT_Z_FREIGHT_TRANSPORT,11,kv,PowerPoints,100
UNIT_Z_FREIGHT_TRANSPORT,12,kv,ShieldHunger,0
UNIT_Z_FREIGHT_TRANSPORT,13,kv,FoodHunger,0
UNIT_Z_FREIGHT_TRANSPORT,14,kv,MaxMovePoints,3
UNIT_Z_FREIGHT_TRANSPORT,15,kv,VisionRange,0
UNIT_Z_FREIGHT_TRANSPORT,16,kv,EnableAdvance,ADVANCE_GLOBAL_ECONOMICS
UNIT_Z_FREIGHT_TRANSPORT,17,kv,ActiveDefenseRange,0
UNIT_Z_FREIGHT_TRANSPORT,18,kv,MaxFuel,0
UNIT_Z_FREIGHT_TRANSPORT,19,flag,IsTrader,
UNIT_Z_FREIGHT_TRANSPORT,20,kv,SoundSelect1,SOUND_SELECT1_CARAVAN
UNIT_Z_FREIGHT_TRANSPORT,21,kv,SoundSelect2,SOUND_SELECT2_CARAVAN
UNIT_Z_FREIGHT_TRANSPORT,22,kv,SoundMove,SOUND_MOVE_CARAVAN
UNIT_Z_FREIGHT_TRANSPORT,23,kv,SoundAcknowledge,SOUND_ACKNOWLEDGE_CARAVAN
UNIT_Z_FREIGHT_TRANSPORT,24,kv,SoundCantMove,SOUND_CANTMOVE_CARAVAN
UNIT_Z_FREIGHT_TRANSPORT,25,kv,SoundAttack,SOUND_ATTACK_CARAVAN
UNIT_Z_FREIGHT_TRANSPORT,26,kv,SoundWork,SOUND_WORK_CARAVAN
UNIT_Z_FREIGHT_TRANSPORT,27,kv,SoundVictory,SOUND_VICTORY_CARAVAN
UNIT_Z_FREIGHT_TRANSPORT,28,kv,SoundDeath,SOUND_DEATH_CARAVAN
UNIT_LONGBOWMAN,0,flag,GLHidden,
UNIT_LONGBOWMAN,1,kv,Description,DESCRIPTION_UNIT_ARCHER
UNIT_LONGBOWMAN,2,kv,DefaultIcon,ICON_UNIT_LONGBOWMAN
UNIT_LONGBOWMAN,3,kv,DefaultSprite,SPRITE_LONGBOWMAN
UNIT_LONGBOWMAN,4,kv,Category,UNIT_CATEGORY_RANGED
UNIT_LONGBOWMAN,5,kv,Attack,10
UNIT_LONGBOWMAN,6,kv,Defense,15
UNIT_LONGBOWMAN,7,kv,ZBRangeAttack,25
UNIT_LONGBOWMAN,8,kv,Firepower,2
UNIT_LONGBOWMAN,9,kv,Armor,1
UNIT_LONGBOWMAN,10,kv,MaxHP,10
UNIT_LONGBOWMAN,11,kv,ShieldCost,370
UNIT_LONGBOWMAN,12,kv,PowerPoints,200
UNIT_LONGBOWMAN,13,kv,ShieldHunger,3
UNIT_LONGBOWMAN,14,kv,GoldHunger,5
UNIT_LONGBOWMAN,15,kv,FoodHunger,0
UNIT_LONGBOWMAN,16,kv,MaxMovePoints,100
UNIT_LONGBOWMAN,17,kv,VisionRange,2
UNIT_LONGBOWMAN,18,kv,EnableAdvance,ADVANCE_SUBNEURAL_ADS
UNIT_LONGBOWMAN,19,kv,ObsoleteAdvance,ADVANCE_CANNON_MAKING
UNIT_LONGBOWMAN,20,kv,UpgradeTo,UNIT_INFANTRYMAN
UNIT_LONGBOWMAN,21,kv,UpgradeTo,UNIT_MACHINE_GUNNER
UNIT_LONGBOWMAN,22,kv,UpgradeTo,UNIT_MARINE
UNIT_LONGBOWMAN,23,kv,UpgradeTo,UNIT_HOVER_INFANTRY
UNIT_LONGBOWMAN,24,kv,ActiveDefenseRange,0
UNIT_LONGBOWMAN,25,flag,LossMoveToDmgNone,
UNIT_LONGBOWMAN,26,kv,MaxFuel,0
UNIT_LONGBOWMAN,27,flag,CanEntrench,
UNIT_LONGBOWMAN,28,flag,CanExpel,
UNIT_LONGBOWMAN,29,flag,CanPillage,
UNIT_LONGBOWMAN,30,flag,CanPirate,
UNIT_LONGBOWMAN,31,flag,ExertsMartialLaw,
UNIT_LONGBOWMAN,32,flag,DeathEffectsHappy,
UNIT_LONGBOWMAN,33,kv,SoundSelect1,SOUND_SELECT1_ARCHER
UNIT_LONGBOWMAN,34,kv,SoundSelect2,SOUND_SELECT2_ARCHER
UNIT_LONGBOWMAN,35,kv,SoundMove,SOUND_MOVE_ARCHER
UNIT_LONGBOWMAN,36,kv,SoundAcknowledge,SOUND_ACKNOWLEDGE_ARCHER
UNIT_LONGBOWMAN,37,kv,SoundCantMove,SOUND_CANTMOVE_ARCHER
UNIT_LONGBOWMAN,38,kv,SoundAttack,SOUND_ATTACK_ARCHER
UNIT_LONGBOWMAN,39,kv,SoundWork,SOUND_WORK_ARCHER
UNIT_LONGBOWMAN,40,kv,SoundVictory,SOUND_VICTORY_ARCHER
UNIT_LONGBOWMAN,41,kv,SoundDeath,SOUND_DEATH_ARCHER
UNIT_LONGBOWMAN,42,sublist,CanAttack,Land
UNIT_LONGBOWMAN,43,sublist,CanAttack,Mountain
UNIT_LONGBOWMAN,44,sublist,CanSee,Standard
UNIT_LONGBOWMAN,45,sublist,MovementType,Land
UNIT_LONGBOWMAN,46,sublist,MovementType,Mountain
UNIT_LONGBOWMAN,47,sublist,Size,Small
UNIT_LONGBOWMAN,48,sublist,VisionClass,Standard
UNIT_LONGBOWMAN,49,nested,CanReform,"[{""t"": ""kv"", ""k"": ""Sound"", ""v"": ""SOUND_ID_REFORM_CITY""}, {""t"": ""kv"", ""k"": ""Effect"", ""v"": ""SPECEFFECT_REFORMCITY""}]"
UNIT_ELEPHANT_WARRIOR,0,flag,GLHidden,
UNIT_ELEPHANT_WARRIOR,1,kv,Description,DESCRIPTION_UNIT_KNIGHT
UNIT_ELEPHANT_WARRIOR,2,kv,DefaultIcon,ICON_UNIT_ELEPHANT_WARRIOR
UNIT_ELEPHANT_WARRIOR,3,kv,DefaultSprite,SPRITE_ELEPHANT_WARRIOR
UNIT_ELEPHANT_WARRIOR,4,kv,Category,UNIT_CATEGORY_FLANKER
UNIT_ELEPHANT_WARRIOR,5,kv,Attack,30
UNIT_ELEPHANT_WARRIOR,6,kv,Defense,20
UNIT_ELEPHANT_WARRIOR,7,kv,ZBRangeAttack,0
UNIT_ELEPHANT_WARRIOR,8,kv,Firepower,2
UNIT_ELEPHANT_WARRIOR,9,kv,Armor,1
UNIT_ELEPHANT_WARRIOR,10,kv,MaxHP,10
UNIT_ELEPHANT_WARRIOR,11,kv,ShieldCost,3000
UNIT_ELEPHANT_WARRIOR,12,kv,PowerPoints,400
UNIT_ELEPHANT_WARRIOR,13,kv,ShieldHunger,10
UNIT_ELEPHANT_WARRIOR,14,kv,GoldHunger,15
UNIT_ELEPHANT_WARRIOR,15,kv,FoodHunger,0
UNIT_ELEPHANT_WARRIOR,16,kv,MaxMovePoints,200
UNIT_ELEPHANT_WARRIOR,17,kv,VisionRange,2
UNIT_ELEPHANT_WARRIOR,18,kv,EnableAdvance,ADVANCE_SUBNEURAL_ADS
UNIT_ELEPHANT_WARRIOR,19,kv,ObsoleteAdvance,ADVANCE_INDUSTRIAL_REVOLUTION
UNIT_ELEPHANT_WARRIOR,20,kv,ObsoleteAdvance,ADVANCE_TANK_WARFARE
UNIT_ELEPHANT_WARRIOR,21,kv,ActiveDefenseRange,0
UNIT_ELEPHANT_WARRIOR,22,flag,LossMoveToDmgNone,
UNIT_ELEPHANT_WARRIOR,23,kv,MaxFuel,0
UNIT_ELEPHANT_WARRIOR,24,flag,CanEntrench,
UNIT_ELEPHANT_WARRIOR,25,flag,CanExpel,
UNIT_ELEPHANT_WARRIOR,26,flag,CanPillage,
UNIT_ELEPHANT_WARRIOR,27,flag,CanPirate,
UNIT_ELEPHANT_WARRIOR,28,flag,ExertsMartialLaw,
UNIT_ELEPHANT_WARRIOR,29,flag,DeathEffectsHappy,
UNIT_ELEPHANT_WARRIOR,30,flag,IsFlanker,
UNIT_ELEPHANT_WARRIOR,31,flag,CanBeGifted,
UNIT_ELEPHANT_WARRIOR,32,flag,ImmuneToHostileTerrain,
UNIT_ELEPHANT_WARRIOR,33,kv,NeedsCityGood,TERRAIN_PLAINS_GOOD_TWO
UNIT_ELEPHANT_WARRIOR,34,kv,SoundSelect1,SOUND_ID_ELEPHANT
UNIT_ELEPHANT_WARRIOR,35,kv,SoundSelect2,SOUND_SELECT2_PIKEMEN
UNIT_ELEPHANT_WARRIOR,36,kv,SoundMove,SOUND_MOVE_PIKEMEN
UNIT_ELEPHANT_WARRIOR,37,kv,SoundAcknowledge,SOUND_ID_ELEPHANT
UNIT_ELEPHANT_WARRIOR,38,kv,SoundCantMove,SOUND_CANTMOVE_PIKEMEN
UNIT_ELEPHANT_WARRIOR,39,kv,SoundAttack,SOUND_ID_ELEPHANT
UNIT_ELEPHANT_WARRIOR,40,kv,SoundWork,SOUND_WORK_PIKEMEN
UNIT_ELEPHANT_WARRIOR,41,kv,SoundVictory,SOUND_ID_ELEPHANT
UNIT_ELEPHANT_WARRIOR,42,kv,SoundDeath,SOUND_ID_ELEPHANT
UNIT_ELEPHANT_WARRIOR,43,sublist,CanAttack,Land
UNIT_ELEPHANT_WARRIOR,44,sublist,CanSee,Standard
UNIT_ELEPHANT_WARRIOR,45,sublist,MovementType,Land
UNIT_ELEPHANT_WARRIOR,46,sublist,Size,Large
UNIT_ELEPHANT_WARRIOR,47,sublist,VisionClass,Standard
UNIT_ELEPHANT_WARRIOR,48,nested,CanReform,"[{""t"": ""kv"", ""k"": ""Sound"", ""v"": ""SOUND_ID_REFORM_CITY""}, {""t"": ""kv"", ""k"": ""Effect"", ""v"": ""SPECEFFECT_REFORMCITY""}]"
