block_id,seq,type,key,val
UNIT_HURRICANE,0,flag,CantBuild,
UNIT_HURRICANE,1,flag,GLHidden,
UNIT_HURRICANE,2,kv,Description,DESCRIPTION_UNIT_FIGHTER
UNIT_HURRICANE,3,kv,DefaultIcon,ICON_UNIT_HURRICANE
UNIT_HURRICANE,4,kv,DefaultSprite,SPRITE_HURRICANE
UNIT_HURRICANE,5,kv,Category,UNIT_CATEGORY_AERIAL
UNIT_HURRICANE,6,kv,Attack,10
UNIT_HURRICANE,7,kv,Defense,10
UNIT_HURRICANE,8,kv,ZBRangeAttack,0
UNIT_HURRICANE,9,kv,Firepower,3
UNIT_HURRICANE,10,kv,Armor,2
UNIT_HURRICANE,11,kv,MaxHP,10
UNIT_HURRICANE,12,kv,ShieldCost,1125
UNIT_HURRICANE,13,kv,PowerPoints,1500
UNIT_HURRICANE,14,kv,ShieldHunger,0
UNIT_HURRICANE,15,kv,FoodHunger,0
UNIT_HURRICANE,16,kv,MaxMovePoints,1200
UNIT_HURRICANE,17,kv,VisionRange,20
UNIT_HURRICANE,18,kv,EnableAdvance,ADVANCE_HEXTAPUL
UNIT_HURRICANE,19,kv,ActiveDefenseRange,20
UNIT_HURRICANE,20,flag,NoFuelThenCrash,
UNIT_HURRICANE,21,kv,MaxFuel,4800
UNIT_HURRICANE,22,flag,IgnoreZOC,
UNIT_HURRICANE,23,flag,NoZoc,
UNIT_HURRICANE,24,flag,CanBeachAssault,
UNIT_HURRICANE,25,flag,CantCaptureCity,
UNIT_HURRICANE,26,kv,SoundSelect1,SOUND_SELECT1_SPACE_PLANE
UNIT_HURRICANE,27,kv,SoundSelect2,SOUND_SELECT2_SPACE_PLANE
UNIT_HURRICANE,28,kv,SoundMove,SOUND_MOVE_SPACE_PLANE
UNIT_HURRICANE,29,kv,SoundAcknowledge,SOUND_ACKNOWLEDGE_SPACE_PLANE
UNIT_HURRICANE,30,kv,SoundCantMove,SOUND_CANTMOVE_SPACE_PLANE
UNIT_HURRICANE,31,kv,SoundAttack,SOUND_ATTACK_SPACE_PLANE
UNIT_HURRICANE,32,kv,SoundWork,SOUND_WORK_SPACE_PLANE
UNIT_HURRICANE,33,kv,SoundVictory,SOUND_VICTORY_SPACE_PLANE
UNIT_HURRICANE,34,kv,SoundDeath,SOUND_DEATH_SPACE_PLANE
UNIT_HURRICANE,35,sublist,CanAttack,Air
UNIT_HURRICANE,36,sublist,CanAttack,Land
UNIT_HURRICANE,37,sublist,CanAttack,Mountain
UNIT_HURRICANE,38,sublist,CanAttack,Sea
UNIT_HURRICANE,39,sublist,CanAttack,ShallowWater
UNIT_HURRICANE,40,sublist,CanSee,Standard
UNIT_HURRICANE,41,sublist,MovementType,Air
UNIT_HURRICANE,42,sublist,Size,Large
UNIT_HURRICANE,43,sublist,VisionClass,Standard
UNIT_ABOLITIONIST,0,flag,CantBuild,
UNIT_ABOLITIONIST,1,flag,GLHidden,
UNIT_ABOLITIONIST,2,kv,Description,DESCRIPTION_UNIT_ABOLITIONIST
UNIT_ABOLITIONIST,3,kv,DefaultIcon,ICON_UNIT_ABOLITIONIST
UNIT_ABOLITIONIST,4,kv,DefaultSprite,SPRITE_ABOLITIONIST
UNIT_ABOLITIONIST,5,kv,Category,UNIT_CATEGORY_SPECIAL
UNIT_ABOLITIONIST,6,kv,Attack,0
UNIT_ABOLITIONIST,7,kv,Defense,10
UNIT_ABOLITIONIST,8,kv,ZBRangeAttack,0
UNIT_ABOLITIONIST,9,kv,Firepower,1
UNIT_ABOLITIONIST,10,kv,Armor,1
UNIT_ABOLITIONIST,11,kv,MaxHP,10
UNIT_ABOLITIONIST,12,kv,ShieldCost,500
UNIT_ABOLITIONIST,13,kv,PowerPoints,250
UNIT_ABOLITIONIST,14,kv,ShieldHunger,5
UNIT_ABOLITIONIST,15,kv,FoodHunger,0
UNIT_ABOLITIONIST,16,kv,MaxMovePoints,300
UNIT_ABOLITIONIST,17,kv,VisionRange,1
UNIT_ABOLITIONIST,18,kv,EnableAdvance,ADVANCE_HEXTAPUL
UNIT_ABOLITIONIST,19,kv,ActiveDefenseRange,0
UNIT_ABOLITIONIST,20,flag,LossMoveToDmgNone,
UNIT_ABOLITIONIST,21,kv,MaxFuel,0
UNIT_ABOLITIONIST,22,flag,CanEntrench,
UNIT_ABOLITIONIST,23,flag,IgnoreZOC,
UNIT_ABOLITIONIST,24,flag,NoZoc,
UNIT_ABOLITIONIST,25,flag,CanBeExpelled,
UNIT_ABOLITIONIST,26,flag,CantCaptureCity,
UNIT_ABOLITIONIST,27,flag,IsSpecialForces,
UNIT_ABOLITIONIST,28,flag,Civilian,
UNIT_ABOLITIONIST,29,flag,OnlyBuildOne,
UNIT_ABOLITIONIST,30,kv,SoundSelect1,SOUND_SELECT1_ABOLITIONIST
UNIT_ABOLITIONIST,31,kv,SoundSelect2,SOUND_SELECT2_ABOLITIONIST
UNIT_ABOLITIONIST,32,kv,SoundMove,SOUND_MOVE_ABOLITIONIST
UNIT_ABOLITIONIST,33,kv,SoundAcknowledge,SOUND_ACKNOWLEDGE_ABOLITIONIST
UNIT_ABOLITIONIST,34,kv,SoundCantMove,SOUND_CANTMOVE_ABOLITIONIST
UNIT_ABOLITIONIST,35,kv,SoundAttack,SOUND_ATTACK_ABOLITIONIST
UNIT_ABOLITIONIST,36,kv,SoundWork,SOUND_WORK_ABOLITIONIST
UNIT_ABOLITIONIST,37,kv,SoundVictory,SOUND_VICTORY_ABOLITIONIST
UNIT_ABOLITIONIST,38,kv,SoundDeath,SOUND_DEATH_ABOLITIONIST
UNIT_ABOLITIONIST,39,sublist,CanSee,Standard
UNIT_ABOLITIONIST,40,sublist,CanSee,Stealth
UNIT_ABOLITIONIST,41,sublist,MovementType,Land
UNIT_ABOLITIONIST,42,sublist,MovementType,Mountain
UNIT_ABOLITIONIST,43,sublist,Size,Small
UNIT_ABOLITIONIST,44,sublist,VisionClass,Stealth
UNIT_ABOLITIONIST,45,nested,SlaveUprising,"[{""t"": ""kv"", ""k"": ""Sound"", ""v"": ""SOUND_ID_SLAVE_UPRISING""}, {""t"": ""kv"", ""k"": ""Effect"", ""v"": ""SPECEFFECT_SLAVE_UPRISING""}]"
UNIT_ABOLITIONIST,46,nested,UndergroundRailway,"[{""t"": ""kv"", ""k"": ""Chance"", ""v"": ""0.75""}, {""t"": ""kv"", ""k"": ""DeathChance"", ""v"": ""0.5""}, {""t"": ""kv"", ""k"": ""Sound"", ""v"": ""SOUND_ID_UNDERGROUND_RAILWAY""}, {""t"": ""kv"", ""k"": ""Effect"", ""v"": ""SPECEFFECT_UNDERGROUND_RAILWAY""}]"
UNIT_AIRCRAFT_CARRIER,0,flag,CantBuild,
UNIT_AIRCRAFT_CARRIER,1,flag,GLHidden,
UNIT_AIRCRAFT_CARRIER,2,kv,Description,DESCRIPTION_UNIT_AIRCRAFT_CARRIER
UNIT_AIRCRAFT_CARRIER,3,kv,DefaultIcon,ICON_UNIT_AIRCRAFT_CARRIER
UNIT_AIRCRAFT_CARRIER,4,kv,DefaultSprite,SPRITE_AIRCRAFT_CARRIER
UNIT_AIRCRAFT_CARRIER,5,kv,Category,UNIT_CATEGORY_NAVAL
UNIT_AIRCRAFT_CARRIER,6,kv,Attack,30
UNIT_AIRCRAFT_CARRIER,7,kv,Defense,50
UNIT_AIRCRAFT_CARRIER,8,kv,ZBRangeAttack,25
UNIT_AIRCRAFT_CARRIER,9,kv,Firepower,2
UNIT_AIRCRAFT_CARRIER,10,kv,Armor,2
UNIT_AIRCRAFT_CARRIER,11,kv,MaxHP,20
UNIT_AIRCRAFT_CARRIER,12,kv,ShieldCost,3500
UNIT_AIRCRAFT_CARRIER,13,kv,PowerPoints,3000
UNIT_AIRCRAFT_CARRIER,14,kv,ShieldHunger,35
UNIT_AIRCRAFT_CARRIER,15,kv,FoodHunger,0
UNIT_AIRCRAFT_CARRIER,16,kv,MaxMovePoints,1200
UNIT_AIRCRAFT_CARRIER,17,kv,VisionRange,3
UNIT_AIRCRAFT_CARRIER,18,kv,EnableAdvance,ADVANCE_HEXTAPUL
UNIT_AIRCRAFT_CARRIER,19,kv,BombRounds,10
UNIT_AIRCRAFT_CARRIER,20,kv,BombardRange,1
UNIT_AIRCRAFT_CARRIER,21,kv,ActiveDefenseRange,1
UNIT_AIRCRAFT_CARRIER,22,flag,ActiveDefenseOnlyWhenCarryingEnablers,
UNIT_AIRCRAFT_CARRIER,23,flag,LossMoveToDmgNone,
UNIT_AIRCRAFT_CARRIER,24,kv,MaxFuel,0
UNIT_AIRCRAFT_CARRIER,25,flag,CanExpel,
UNIT_AIRCRAFT_CARRIER,26,flag,NoZoc,
UNIT_AIRCRAFT_CARRIER,27,flag,CanPillage,
UNIT_AIRCRAFT_CARRIER,28,flag,CanPirate,
UNIT_AIRCRAFT_CARRIER,29,flag,CantCaptureCity,
UNIT_AIRCRAFT_CARRIER,30,flag,ExertsMartialLaw,
UNIT_AIRCRAFT_CARRIER,31,flag,DeathEffectsHappy,
UNIT_AIRCRAFT_CARRIER,32,flag,Explodes,
UNIT_AIRCRAFT_CARRIER,33,flag,OnlyBuildOne,
UNIT_AIRCRAFT_CARRIER,34,kv,SoundSelect1,SOUND_SELECT1_AIRCRAFT_CARRIER
UNIT_AIRCRAFT_CARRIER,35,kv,SoundSelect2,SOUND_SELECT2_AIRCRAFT_CARRIER
UNIT_AIRCRAFT_CARRIER,36,kv,SoundMove,SOUND_MOVE_AIRCRAFT_CARRIER
UNIT_AIRCRAFT_CARRIER,37,kv,SoundAcknowledge,SOUND_ACKNOWLEDGE_AIRCRAFT_CARRIER
UNIT_AIRCRAFT_CARRIER,38,kv,SoundCantMove,SOUND_CANTMOVE_AIRCRAFT_CARRIER
UNIT_AIRCRAFT_CARRIER,39,kv,SoundAttack,SOUND_ATTACK_AIRCRAFT_CARRIER
UNIT_AIRCRAFT_CARRIER,40,kv,SoundWork,SOUND_WORK_AIRCRAFT_CARRIER
UNIT_AIRCRAFT_CARRIER,41,kv,SoundVictory,SOUND_VICTORY_AIRCRAFT_CARRIER
UNIT_AIRCRAFT_CARRIER,42,kv,SoundDeath,SOUND_DEATH_AIRCRAFT_CARRIER
UNIT_AIRCRAFT_CARRIER,43,sublist,CanAttack,Sea
UNIT_AIRCRAFT_CARRIER,44,sublist,CanAttack,ShallowWater
UNIT_AIRCRAFT_CARRIER,45,sublist,CanCarry,MedAir
UNIT_AIRCRAFT_CARRIER,46,sublist,CanCarry,SmallAir
UNIT_AIRCRAFT_CARRIER,47,sublist,CanSee,Standard
UNIT_AIRCRAFT_CARRIER,48,sublist,Defend,Air
UNIT_AIRCRAFT_CARRIER,49,sublist,MovementType,Sea
UNIT_AIRCRAFT_CARRIER,50,sublist,MovementType,ShallowWater
UNIT_AIRCRAFT_CARRIER,51,sublist,Size,Large
UNIT_AIRCRAFT_CARRIER,52,sublist,VisionClass,Standard
UNIT_AIRCRAFT_CARRIER,53,nested,CanReform,"[{""t"": ""kv"", ""k"": ""Sound"", ""v"": ""SOUND_ID_REFORM_CITY""}, {""t"": ""kv"", ""k"": ""Effect"", ""v"": ""SPECEFFECT_REFORMCITY""}]"
UNIT_AIRCRAFT_CARRIER,54,nested,CargoData,"[{""t"": ""kv"", ""k"": ""MaxCargo"", ""v"": ""2""}, {""t"": ""kv"", ""k"": ""Load"", ""v"": ""SOUND_ID_AIRCRAFT_CARRIER_LOAD""}, {""t"": ""kv"", ""k"": ""Unload"", ""v"": ""SOUND_ID_AIRCRAFT_CARRIER_UNLOAD""}]"
UNIT_ARCHER,0,kv,Description,DESCRIPTION_UNIT_ARCHER
UNIT_ARCHER,1,kv,DefaultIcon,ICON_UNIT_ARCHER
UNIT_ARCHER,2,kv,DefaultSprite,SPRITE_ARCHER
UNIT_ARCHER,3,kv,Category,UNIT_CATEGORY_RANGED
UNIT_ARCHER,4,kv,Attack,15
UNIT_ARCHER,5,kv,Defense,15
UNIT_ARCHER,6,kv,ZBRangeAttack,40
UNIT_ARCHER,7,kv,Firepower,2
UNIT_ARCHER,8,kv,Armor,1
UNIT_ARCHER,9,kv,MaxHP,10
UNIT_ARCHER,10,kv,ShieldCost,700
UNIT_ARCHER,11,kv,PowerPoints,200
UNIT_ARCHER,12,kv,ShieldHunger,3
UNIT_ARCHER,13,kv,FoodHunger,0
UNIT_ARCHER,14,kv,MaxMovePoints,200
UNIT_ARCHER,15,kv,VisionRange,1
UNIT_ARCHER,16,kv,EnableAdvance,ADVANCE_MONGOLIA
UNIT_ARCHER,17,kv,ActiveDefenseRange,0
UNIT_ARCHER,18,flag,LossMoveToDmgNone,
UNIT_ARCHER,19,kv,MaxFuel,0
UNIT_ARCHER,20,flag,CanEntrench,
UNIT_ARCHER,21,flag,NoZoc,
UNIT_ARCHER,22,flag,CanExpel,
UNIT_ARCHER,23,flag,CanPillage,
UNIT_ARCHER,24,flag,CanPirate,
UNIT_ARCHER,25,flag,ExertsMartialLaw,
UNIT_ARCHER,26,flag,DeathEffectsHappy,
UNIT_ARCHER,27,flag,OnlyBuildOne,
UNIT_ARCHER,28,kv,SoundSelect1,SOUND_SELECT1_ARCHER
UNIT_ARCHER,29,kv,SoundSelect2,SOUND_SELECT2_ARCHER
UNIT_ARCHER,30,kv,SoundMove,SOUND_MOVE_ARCHER
UNIT_ARCHER,31,kv,SoundAcknowledge,SOUND_ACKNOWLEDGE_ARCHER
UNIT_ARCHER,32,kv,SoundCantMove,SOUND_CANTMOVE_ARCHER
UNIT_ARCHER,33,kv,SoundAttack,SOUND_ATTACK_ARCHER
UNIT_ARCHER,34,kv,SoundWork,SOUND_WORK_ARCHER
UNIT_ARCHER,35,kv,SoundVictory,SOUND_VICTORY_ARCHER
UNIT_ARCHER,36,kv,SoundDeath,SOUND_DEATH_ARCHER
UNIT_ARCHER,37,sublist,CanAttack,Land
UNIT_ARCHER,38,sublist,CanSee,Standard
UNIT_ARCHER,39,sublist,MovementType,Land
UNIT_ARCHER,40,sublist,MovementType,Mountain
UNIT_ARCHER,41,sublist,Size,Medium
UNIT_ARCHER,42,sublist,VisionClass,Standard
UNIT_ARCHER,43,nested,CanReform,"[{""t"": ""kv"", ""k"": ""Sound"", ""v"": ""SOUND_ID_REFORM_CITY""}, {""t"": ""kv"", ""k"": ""Effect"", ""v"": ""SPECEFFECT_REFORMCITY""}]"
UNIT_ARQUEBUSIER,0,kv,Description,DESCRIPTION_UNIT_INFANTRYMAN
UNIT_ARQUEBUSIER,1,kv,DefaultIcon,ICON_UNIT_ARQUEBUSIER
UNIT_ARQUEBUSIER,2,kv,DefaultSprite,SPRITE_ARQUEBUSIER
UNIT_ARQUEBUSIER,3,kv,Category,UNIT_CATEGORY_RANGED
UNIT_ARQUEBUSIER,4,kv,Attack,30
UNIT_ARQUEBUSIER,5,kv,Defense,35
UNIT_ARQUEBUSIER,6,kv,ZBRangeAttack,35
UNIT_ARQUEBUSIER,7,kv,Firepower,2
UNIT_ARQUEBUSIER,8,kv,Armor,1
UNIT_ARQUEBUSIER,9,kv,MaxHP,15
UNIT_ARQUEBUSIER,10,kv,ShieldCost,1200
UNIT_ARQUEBUSIER,11,kv,PowerPoints,500
UNIT_ARQUEBUSIER,12,kv,ShieldHunger,6
UNIT_ARQUEBUSIER,13,kv,FoodHunger,0
UNIT_ARQUEBUSIER,14,kv,MaxMovePoints,100
UNIT_ARQUEBUSIER,15,kv,VisionRange,1
UNIT_ARQUEBUSIER,16,kv,EnableAdvance,ADVANCE_SONG
UNIT_ARQUEBUSIER,17,kv,ActiveDefenseRange,0
UNIT_ARQUEBUSIER,18,flag,LossMoveToDmgNone,
UNIT_ARQUEBUSIER,19,kv,MaxFuel,0
UNIT_ARQUEBUSIER,20,flag,CanEntrench,
UNIT_ARQUEBUSIER,21,flag,NoZoc,
UNIT_ARQUEBUSIER,22,flag,CanExpel,
UNIT_ARQUEBUSIER,23,flag,CanPillage,
UNIT_ARQUEBUSIER,24,flag,CanPirate,
UNIT_ARQUEBUSIER,25,flag,ExertsMartialLaw,
UNIT_ARQUEBUSIER,26,flag,DeathEffectsHappy,
UNIT_ARQUEBUSIER,27,flag,OnlyBuildOne,
UNIT_ARQUEBUSIER,28,kv,SoundSelect1,SOUND_SELECT1_INFANTRYMAN
UNIT_ARQUEBUSIER,29,kv,SoundSelect2,SOUND_SELECT2_INFANTRYMAN
UNIT_ARQUEBUSIER,30,kv,SoundMove,SOUND_MOVE_INFANTRYMAN
UNIT_ARQUEBUSIER,31,kv,SoundAcknowledge,SOUND_ACKNOWLEDGE_INFANTRYMAN
UNIT_ARQUEBUSIER,32,kv,SoundCantMove,SOUND_CANTMOVE_INFANTRYMAN
UNIT_ARQUEBUSIER,33,kv,SoundAttack,SOUND_ATTACK_INFANTRYMAN
UNIT_ARQUEBUSIER,34,kv,SoundWork,SOUND_WORK_INFANTRYMAN
UNIT_ARQUEBUSIER,35,kv,SoundVictory,SOUND_VICTORY_INFANTRYMAN
UNIT_ARQUEBUSIER,36,kv,SoundDeath,SOUND_DEATH_INFANTRYMAN
UNIT_ARQUEBUSIER,37,sublist,CanAttack,Land
UNIT_ARQUEBUSIER,38,sublist,CanAttack,Mountain
UNIT_ARQUEBUSIER,39,sublist,CanSee,Standard
UNIT_ARQUEBUSIER,40,sublist,MovementType,Land
UNIT_ARQUEBUSIER,41,sublist,MovementType,Mountain
UNIT_ARQUEBUSIER,42,sublist,Size,Medium
UNIT_ARQUEBUSIER,43,sublist,VisionClass,Standard
UNIT_ARQUEBUSIER,44,nested,CanReform,"[{""t"": ""kv"", ""k"": ""Sound"", ""v"": ""SOUND_ID_REFORM_CITY""}, {""t"": ""kv"", ""k"": ""Effect"", ""v"": ""SPECEFFECT_REFORMCITY""}]"
UNIT_ARQUEBUSIER_ELITE,0,flag,CantBuild,
UNIT_ARQUEBUSIER_ELITE,1,kv,Description,DESCRIPTION_UNIT_INFANTRYMAN
UNIT_ARQUEBUSIER_ELITE,2,kv,DefaultIcon,ICON_UNIT_ARQUEBUSIER_ELITE
UNIT_ARQUEBUSIER_ELITE,3,kv,DefaultSprite,SPRITE_ARQUEBUSIER_ELITE
UNIT_ARQUEBUSIER_ELITE,4,kv,Category,UNIT_CATEGORY_RANGED
UNIT_ARQUEBUSIER_ELITE,5,kv,Attack,35
UNIT_ARQUEBUSIER_ELITE,6,kv,Defense,40
UNIT_ARQUEBUSIER_ELITE,7,kv,ZBRangeAttack,40
UNIT_ARQUEBUSIER_ELITE,8,kv,Firepower,2
UNIT_ARQUEBUSIER_ELITE,9,kv,Armor,1
UNIT_ARQUEBUSIER_ELITE,10,kv,MaxHP,15
UNIT_ARQUEBUSIER_ELITE,11,kv,ShieldCost,1200
UNIT_ARQUEBUSIER_ELITE,12,kv,PowerPoints,500
UNIT_ARQUEBUSIER_ELITE,13,kv,ShieldHunger,6
UNIT_ARQUEBUSIER_ELITE,14,kv,FoodHunger,0
UNIT_ARQUEBUSIER_ELITE,15,kv,MaxMovePoints,200
UNIT_ARQUEBUSIER_ELITE,16,kv,VisionRange,1
UNIT_ARQUEBUSIER_ELITE,17,kv,EnableAdvance,ADVANCE_HEXTAPUL
UNIT_ARQUEBUSIER_ELITE,18,kv,ActiveDefenseRange,0
UNIT_ARQUEBUSIER_ELITE,19,flag,LossMoveToDmgNone,
UNIT_ARQUEBUSIER_ELITE,20,kv,MaxFuel,0
UNIT_ARQUEBUSIER_ELITE,21,flag,CanEntrench,
UNIT_ARQUEBUSIER_ELITE,22,flag,CanExpel,
UNIT_ARQUEBUSIER_ELITE,23,flag,NoZoc,
UNIT_ARQUEBUSIER_ELITE,24,flag,CanPillage,
UNIT_ARQUEBUSIER_ELITE,25,flag,CanPirate,
UNIT_ARQUEBUSIER_ELITE,26,flag,ExertsMartialLaw,
UNIT_ARQUEBUSIER_ELITE,27,flag,DeathEffectsHappy,
UNIT_ARQUEBUSIER_ELITE,28,flag,OnlyBuildOne,
UNIT_ARQUEBUSIER_ELITE,29,kv,SoundSelect1,SOUND_SELECT1_INFANTRYMAN
UNIT_ARQUEBUSIER_ELITE,30,kv,SoundSelect2,SOUND_SELECT2_INFANTRYMAN
UNIT_ARQUEBUSIER_ELITE,31,kv,SoundMove,SOUND_MOVE_INFANTRYMAN
UNIT_ARQUEBUSIER_ELITE,32,kv,SoundAcknowledge,SOUND_ACKNOWLEDGE_INFANTRYMAN
UNIT_ARQUEBUSIER_ELITE,33,kv,SoundCantMove,SOUND_CANTMOVE_INFANTRYMAN
UNIT_ARQUEBUSIER_ELITE,34,kv,SoundAttack,SOUND_ATTACK_INFANTRYMAN
UNIT_ARQUEBUSIER_ELITE,35,kv,SoundWork,SOUND_WORK_INFANTRYMAN
UNIT_ARQUEBUSIER_ELITE,36,kv,SoundVictory,SOUND_VICTORY_INFANTRYMAN
UNIT_ARQUEBUSIER_ELITE,37,kv,SoundDeath,SOUND_DEATH_INFANTRYMAN
UNIT_ARQUEBUSIER_ELITE,38,sublist,CanAttack,Land
UNIT_ARQUEBUSIER_ELITE,39,sublist,CanAttack,Mountain
UNIT_ARQUEBUSIER_ELITE,40,sublist,CanSee,Standard
UNIT_ARQUEBUSIER_ELITE,41,sublist,MovementType,Land
UNIT_ARQUEBUSIER_ELITE,42,sublist,MovementType,Mountain
UNIT_ARQUEBUSIER_ELITE,43,sublist,Size,Medium
UNIT_ARQUEBUSIER_ELITE,44,sublist,VisionClass,Standard
UNIT_ARQUEBUSIER_ELITE,45,nested,CanReform,"[{""t"": ""kv"", ""k"": ""Sound"", ""v"": ""SOUND_ID_REFORM_CITY""}, {""t"": ""kv"", ""k"": ""Effect"", ""v"": ""SPECEFFECT_REFORMCITY""}]"
UNIT_ARTILLERY,0,kv,Description,DESCRIPTION_UNIT_ARTILLERY
UNIT_ARTILLERY,1,kv,DefaultIcon,ICON_UNIT_ARTILLERY
UNIT_ARTILLERY,2,kv,DefaultSprite,SPRITE_ARTILLERY
UNIT_ARTILLERY,3,kv,Category,UNIT_CATEGORY_RANGED
UNIT_ARTILLERY,4,kv,Attack,5
UNIT_ARTILLERY,5,kv,Defense,5
UNIT_ARTILLERY,6,kv,ZBRangeAttack,30
UNIT_ARTILLERY,7,kv,Firepower,2
UNIT_ARTILLERY,8,kv,Armor,1
UNIT_ARTILLERY,9,kv,MaxHP,5
UNIT_ARTILLERY,10,kv,ShieldCost,1200
UNIT_ARTILLERY,11,kv,PowerPoints,300
UNIT_ARTILLERY,12,kv,ShieldHunger,6
UNIT_ARTILLERY,13,kv,FoodHunger,0
UNIT_ARTILLERY,14,kv,MaxMovePoints,100
UNIT_ARTILLERY,15,kv,VisionRange,1
UNIT_ARTILLERY,16,kv,EnableAdvance,ADVANCE_SIEGE_III
UNIT_ARTILLERY,17,kv,BombRounds,5
UNIT_ARTILLERY,18,kv,BombardRange,1
UNIT_ARTILLERY,19,flag,CanCounterBombard,
UNIT_ARTILLERY,20,kv,ActiveDefenseRange,0
UNIT_ARTILLERY,21,flag,LossMoveToDmgNone,
UNIT_ARTILLERY,22,kv,MaxFuel,0
UNIT_ARTILLERY,23,flag,CanEntrench,
UNIT_ARTILLERY,24,flag,NoZoc,
UNIT_ARTILLERY,25,flag,CanExpel,
UNIT_ARTILLERY,26,flag,CanPillage,
UNIT_ARTILLERY,27,flag,CanPirate,
UNIT_ARTILLERY,28,flag,ExertsMartialLaw,
UNIT_ARTILLERY,29,flag,DeathEffectsHappy,
UNIT_ARTILLERY,30,flag,OnlyBuildOne,
UNIT_ARTILLERY,31,kv,SoundSelect1,SOUND_SELECT1_CATAPULT
UNIT_ARTILLERY,32,kv,SoundSelect2,SOUND_SELECT2_CATAPULT
UNIT_ARTILLERY,33,kv,SoundMove,SOUND_MOVE_CATAPULT
UNIT_ARTILLERY,34,kv,SoundAcknowledge,SOUND_ACKNOWLEDGE_CATAPULT
UNIT_ARTILLERY,35,kv,SoundCantMove,SOUND_CANTMOVE_CATAPULT
UNIT_ARTILLERY,36,kv,SoundAttack,SOUND_ATTACK_CATAPULT
UNIT_ARTILLERY,37,kv,SoundWork,SOUND_WORK_CATAPULT
UNIT_ARTILLERY,38,kv,SoundVictory,SOUND_VICTORY_CATAPULT
UNIT_ARTILLERY,39,kv,SoundDeath,SOUND_DEATH_CATAPULT
UNIT_ARTILLERY,40,sublist,CanAttack,Land
UNIT_ARTILLERY,41,sublist,CanBombard,Land
UNIT_ARTILLERY,42,sublist,CanBombard,Mountain
UNIT_ARTILLERY,43,sublist,CanBombard,Water
UNIT_ARTILLERY,44,sublist,CanSee,Standard
UNIT_ARTILLERY,45,sublist,MovementType,Land
UNIT_ARTILLERY,46,sublist,Size,Medium
UNIT_ARTILLERY,47,sublist,VisionClass,Standard
UNIT_ARTILLERY,48,nested,CanReform,"[{""t"": ""kv"", ""k"": ""Sound"", ""v"": ""SOUND_ID_REFORM_CITY""}, {""t"": ""kv"", ""k"": ""Effect"", ""v"": ""SPECEFFECT_REFORMCITY""}]"
UNIT_BATTLESHIP,0,flag,CantBuild,
UNIT_BATTLESHIP,1,flag,GLHidden,
UNIT_BATTLESHIP,2,kv,Description,DESCRIPTION_UNIT_BATTLESHIP
UNIT_BATTLESHIP,3,kv,DefaultIcon,ICON_UNIT_BATTLESHIP
UNIT_BATTLESHIP,4,kv,DefaultSprite,SPRITE_BATTLESHIP
UNIT_BATTLESHIP,5,kv,Category,UNIT_CATEGORY_NAVAL
UNIT_BATTLESHIP,6,kv,Attack,65
UNIT_BATTLESHIP,7,kv,Defense,55
UNIT_BATTLESHIP,8,kv,ZBRangeAttack,45
UNIT_BATTLESHIP,9,kv,Firepower,4
UNIT_BATTLESHIP,10,kv,Armor,3
UNIT_BATTLESHIP,11,kv,MaxHP,20
UNIT_BATTLESHIP,12,kv,ShieldCost,4200
UNIT_BATTLESHIP,13,kv,PowerPoints,2000
UNIT_BATTLESHIP,14,kv,ShieldHunger,42
UNIT_BATTLESHIP,15,kv,FoodHunger,0
UNIT_BATTLESHIP,16,kv,MaxMovePoints,1200
UNIT_BATTLESHIP,17,kv,VisionRange,3
UNIT_BATTLESHIP,18,kv,EnableAdvance,ADVANCE_HEXTAPUL
UNIT_BATTLESHIP,19,kv,BombRounds,5
UNIT_BATTLESHIP,20,kv,BombardRange,1
UNIT_BATTLESHIP,21,flag,CanCounterBombard,
UNIT_BATTLESHIP,22,kv,ActiveDefenseRange,0
UNIT_BATTLESHIP,23,flag,LossMoveToDmgNone,
UNIT_BATTLESHIP,24,kv,MaxFuel,0
UNIT_BATTLESHIP,25,flag,CanExpel,
UNIT_BATTLESHIP,26,flag,NoZoc,
UNIT_BATTLESHIP,27,flag,CanPillage,
UNIT_BATTLESHIP,28,flag,CanPirate,
UNIT_BATTLESHIP,29,flag,CantCaptureCity,
UNIT_BATTLESHIP,30,flag,ExertsMartialLaw,
UNIT_BATTLESHIP,31,flag,DeathEffectsHappy,
UNIT_BATTLESHIP,32,flag,Explodes,
UNIT_BATTLESHIP,33,flag,OnlyBuildOne,
UNIT_BATTLESHIP,34,kv,SoundSelect1,SOUND_SELECT1_BATTLESHIP
UNIT_BATTLESHIP,35,kv,SoundSelect2,SOUND_SELECT2_BATTLESHIP
UNIT_BATTLESHIP,36,kv,SoundMove,SOUND_MOVE_BATTLESHIP
UNIT_BATTLESHIP,37,kv,SoundAcknowledge,SOUND_ACKNOWLEDGE_BATTLESHIP
UNIT_BATTLESHIP,38,kv,SoundCantMove,SOUND_CANTMOVE_BATTLESHIP
UNIT_BATTLESHIP,39,kv,SoundAttack,SOUND_ATTACK_BATTLESHIP
UNIT_BATTLESHIP,40,kv,SoundWork,SOUND_WORK_BATTLESHIP
UNIT_BATTLESHIP,41,kv,SoundVictory,SOUND_VICTORY_BATTLESHIP
UNIT_BATTLESHIP,42,kv,SoundDeath,SOUND_DEATH_BATTLESHIP
UNIT_BATTLESHIP,43,sublist,CanAttack,Sea
UNIT_BATTLESHIP,44,sublist,CanAttack,ShallowWater
UNIT_BATTLESHIP,45,sublist,CanBombard,Land
UNIT_BATTLESHIP,46,sublist,CanBombard,Mountain
UNIT_BATTLESHIP,47,sublist,CanBombard,Water
UNIT_BATTLESHIP,48,sublist,CanBombard,Air
UNIT_BATTLESHIP,49,sublist,CanSee,Standard
UNIT_BATTLESHIP,50,sublist,MovementType,Sea
UNIT_BATTLESHIP,51,sublist,MovementType,ShallowWater
UNIT_BATTLESHIP,52,sublist,Size,Large
UNIT_BATTLESHIP,53,sublist,VisionClass,Standard
UNIT_BATTLESHIP,54,nested,CanReform,"[{""t"": ""kv"", ""k"": ""Sound"", ""v"": ""SOUND_ID_REFORM_CITY""}, {""t"": ""kv"", ""k"": ""Effect"", ""v"": ""SPECEFFECT_REFORMCITY""}]"
UNIT_BIREME,0,flag,CantBuild,
UNIT_BIREME,1,flag,GLHidden,
UNIT_BIREME,2,kv,Description,DESCRIPTION_UNIT_GALLEY
UNIT_BIREME,3,kv,DefaultIcon,ICON_UNIT_BIREME
UNIT_BIREME,4,kv,DefaultSprite,SPRITE_BIREME
UNIT_BIREME,5,kv,Category,UNIT_CATEGORY_NAVAL
UNIT_BIREME,6,kv,Attack,20
UNIT_BIREME,7,kv,Defense,10
UNIT_BIREME,8,kv,ZBRangeAttack,0
UNIT_BIREME,9,kv,Firepower,1
UNIT_BIREME,10,kv,Armor,1
UNIT_BIREME,11,kv,MaxHP,10
UNIT_BIREME,12,kv,ShieldCost,300
UNIT_BIREME,13,kv,PowerPoints,200
UNIT_BIREME,14,kv,ShieldHunger,3
UNIT_BIREME,15,kv,FoodHunger,0
UNIT_BIREME,16,kv,MaxMovePoints,500
UNIT_BIREME,17,kv,VisionRange,1
UNIT_BIREME,18,kv,EnableAdvance,ADVANCE_HEXTAPUL
UNIT_BIREME,19,kv,ActiveDefenseRange,0
UNIT_BIREME,20,flag,LossMoveToDmgNone,
UNIT_BIREME,21,kv,MaxFuel,0
UNIT_BIREME,22,flag,CanExpel,
UNIT_BIREME,23,flag,NoZoc,
UNIT_BIREME,24,flag,CanPillage,
UNIT_BIREME,25,flag,CanPirate,
UNIT_BIREME,26,flag,CantCaptureCity,
UNIT_BIREME,27,flag,DeathEffectsHappy,
UNIT_BIREME,28,flag,OnlyBuildOne,
UNIT_BIREME,29,kv,SoundSelect1,SOUND_SELECT1_CATAMARAN
UNIT_BIREME,30,kv,SoundSelect2,SOUND_SELECT2_CATAMARAN
UNIT_BIREME,31,kv,SoundMove,SOUND_MOVE_CATAMARAN
UNIT_BIREME,32,kv,SoundAcknowledge,SOUND_ACKNOWLEDGE_CATAMARAN
UNIT_BIREME,33,kv,SoundCantMove,SOUND_CANTMOVE_CATAMARAN
UNIT_BIREME,34,kv,SoundAttack,SOUND_ATTACK_CATAMARAN
UNIT_BIREME,35,kv,SoundWork,SOUND_WORK_CATAMARAN
UNIT_BIREME,36,kv,SoundVictory,SOUND_VICTORY_CATAMARAN
UNIT_BIREME,37,kv,SoundDeath,SOUND_DEATH_CATAMARAN
UNIT_BIREME,38,sublist,CanCarry,SmallLand
UNIT_BIREME,39,sublist,CanCarry,MedLand
UNIT_BIREME,40,sublist,CanAttack,ShallowWater
UNIT_BIREME,41,sublist,CanSee,Standard
UNIT_BIREME,42,sublist,MovementType,ShallowWater
UNIT_BIREME,43,sublist,Size,Large
UNIT_BIREME,44,sublist,VisionClass,Standard
UNIT_BIREME,45,nested,CanReform,"[{""t"": ""kv"", ""k"": ""Sound"", ""v"": ""SOUND_ID_REFORM_CITY""}, {""t"": ""kv"", ""k"": ""Effect"", ""v"": ""SPECEFFECT_REFORMCITY""}]"
UNIT_BIREME,46,nested,CargoData,"[{""t"": ""kv"", ""k"": ""MaxCargo"", ""v"": ""2""}, {""t"": ""kv"", ""k"": ""Load"", ""v"": ""SOUND_ID_TRIREME_LOAD""}, {""t"": ""kv"", ""k"": ""Unload"", ""v"": ""SOUND_ID_TRIREME_UNLOAD""}]"
UNIT_BOMBER,0,flag,CantBuild,
UNIT_BOMBER,1,flag,GLHidden,
UNIT_BOMBER,2,kv,Description,DESCRIPTION_UNIT_BOMBER
UNIT_BOMBER,3,kv,DefaultIcon,ICON_UNIT_BOMBER
UNIT_BOMBER,4,kv,DefaultSprite,SPRITE_BOMBER
UNIT_BOMBER,5,kv,Category,UNIT_CATEGORY_AERIAL
UNIT_BOMBER,6,kv,Attack,35
UNIT_BOMBER,7,kv,Defense,35
UNIT_BOMBER,8,kv,ZBRangeAttack,60
UNIT_BOMBER,9,kv,Firepower,3
UNIT_BOMBER,10,kv,Armor,2
UNIT_BOMBER,11,kv,MaxHP,15
UNIT_BOMBER,12,kv,ShieldCost,2600
UNIT_BOMBER,13,kv,PowerPoints,3000
UNIT_BOMBER,14,kv,ShieldHunger,26
UNIT_BOMBER,15,kv,FoodHunger,0
UNIT_BOMBER,16,kv,MaxMovePoints,1000
UNIT_BOMBER,17,kv,VisionRange,2
UNIT_BOMBER,18,kv,EnableAdvance,ADVANCE_HEXTAPUL
UNIT_BOMBER,19,kv,BombRounds,5
UNIT_BOMBER,20,kv,BombardRange,1
UNIT_BOMBER,21,flag,CanCounterBombard,
UNIT_BOMBER,22,kv,ActiveDefenseRange,0
UNIT_BOMBER,23,flag,LossMoveToDmgNone,
UNIT_BOMBER,24,flag,NoFuelThenCrash,
UNIT_BOMBER,25,kv,MaxFuel,5000
UNIT_BOMBER,26,flag,IgnoreZOC,
UNIT_BOMBER,27,flag,CantCaptureCity,
UNIT_BOMBER,28,flag,DeathEffectsHappy,
UNIT_BOMBER,29,flag,Explodes,
UNIT_BOMBER,30,flag,OnlyBuildOne,
UNIT_BOMBER,31,kv,SoundSelect1,SOUND_SELECT1_BOMBER
UNIT_BOMBER,32,kv,SoundSelect2,SOUND_SELECT2_BOMBER
UNIT_BOMBER,33,kv,SoundMove,SOUND_MOVE_BOMBER
UNIT_BOMBER,34,kv,SoundAcknowledge,SOUND_ACKNOWLEDGE_BOMBER
UNIT_BOMBER,35,kv,SoundCantMove,SOUND_CANTMOVE_BOMBER
UNIT_BOMBER,36,kv,SoundAttack,SOUND_ATTACK_BOMBER
UNIT_BOMBER,37,kv,SoundWork,SOUND_WORK_BOMBER
UNIT_BOMBER,38,kv,SoundVictory,SOUND_VICTORY_BOMBER
UNIT_BOMBER,39,kv,SoundDeath,SOUND_DEATH_BOMBER
UNIT_BOMBER,40,sublist,CanAttack,Air
UNIT_BOMBER,41,sublist,CanAttack,Land
UNIT_BOMBER,42,sublist,CanAttack,Mountain
UNIT_BOMBER,43,sublist,CanAttack,Sea
UNIT_BOMBER,44,sublist,CanAttack,ShallowWater
UNIT_BOMBER,45,sublist,CanBombard,Land
UNIT_BOMBER,46,sublist,CanBombard,Mountain
UNIT_BOMBER,47,sublist,CanBombard,Water
UNIT_BOMBER,48,sublist,CanCarry,SmallAir
UNIT_BOMBER,49,sublist,CanSee,Standard
UNIT_BOMBER,50,sublist,MovementType,Air
UNIT_BOMBER,51,sublist,Size,Medium
UNIT_BOMBER,52,sublist,VisionClass,Standard
UNIT_BOMBER,53,nested,CargoData,"[{""t"": ""kv"", ""k"": ""MaxCargo"", ""v"": ""1""}, {""t"": ""kv"", ""k"": ""Load"", ""v"": ""SOUND_ID_BOMBER_LOAD""}, {""t"": ""kv"", ""k"": ""Unload"", ""v"": ""SOUND_ID_BOMBER_UNLOAD""}]"
UNIT_CANNON,0,kv,Description,DESCRIPTION_UNIT_CANNON
UNIT_CANNON,1,kv,DefaultIcon,ICON_UNIT_CANNON
UNIT_CANNON,2,kv,DefaultSprite,SPRITE_CANNON
UNIT_CANNON,3,kv,Category,UNIT_CATEGORY_RANGED
UNIT_CANNON,4,kv,Attack,5
UNIT_CANNON,5,kv,Defense,5
UNIT_CANNON,6,kv,ZBRangeAttack,30
UNIT_CANNON,7,kv,Firepower,2
UNIT_CANNON,8,kv,Armor,1
UNIT_CANNON,9,kv,MaxHP,5
UNIT_CANNON,10,kv,ShieldCost,1200
UNIT_CANNON,11,kv,PowerPoints,300
UNIT_CANNON,12,kv,ShieldHunger,6
UNIT_CANNON,13,kv,FoodHunger,0
UNIT_CANNON,14,kv,MaxMovePoints,100
UNIT_CANNON,15,kv,VisionRange,1
UNIT_CANNON,16,kv,EnableAdvance,ADVANCE_CHINA
UNIT_CANNON,17,kv,BombRounds,5
UNIT_CANNON,18,kv,BombardRange,1
UNIT_CANNON,19,flag,CanCounterBombard,
UNIT_CANNON,20,kv,ActiveDefenseRange,0
UNIT_CANNON,21,flag,LossMoveToDmgNone,
UNIT_CANNON,22,kv,MaxFuel,0
UNIT_CANNON,23,flag,CanEntrench,
UNIT_CANNON,24,flag,NoZoc,
UNIT_CANNON,25,flag,CanExpel,
UNIT_CANNON,26,flag,CanPillage,
UNIT_CANNON,27,flag,CanPirate,
UNIT_CANNON,28,flag,ExertsMartialLaw,
UNIT_CANNON,29,flag,DeathEffectsHappy,
UNIT_CANNON,30,flag,OnlyBuildOne,
UNIT_CANNON,31,kv,SoundSelect1,SOUND_SELECT1_CATAPULT
UNIT_CANNON,32,kv,SoundSelect2,SOUND_SELECT2_CATAPULT
UNIT_CANNON,33,kv,SoundMove,SOUND_MOVE_CATAPULT
UNIT_CANNON,34,kv,SoundAcknowledge,SOUND_ACKNOWLEDGE_CATAPULT
UNIT_CANNON,35,kv,SoundCantMove,SOUND_CANTMOVE_CATAPULT
UNIT_CANNON,36,kv,SoundAttack,SOUND_ATTACK_CATAPULT
UNIT_CANNON,37,kv,SoundWork,SOUND_WORK_CATAPULT
UNIT_CANNON,38,kv,SoundVictory,SOUND_VICTORY_CATAPULT
UNIT_CANNON,39,kv,SoundDeath,SOUND_DEATH_CATAPULT
UNIT_CANNON,40,sublist,CanAttack,Land
UNIT_CANNON,41,sublist,CanBombard,Land
UNIT_CANNON,42,sublist,CanBombard,Mountain
UNIT_CANNON,43,sublist,CanBombard,Water
UNIT_CANNON,44,sublist,CanSee,Standard
UNIT_CANNON,45,sublist,MovementType,Land
UNIT_CANNON,46,sublist,Size,Medium
UNIT_CANNON,47,sublist,VisionClass,Standard
UNIT_CANNON,48,nested,CanReform,"[{""t"": ""kv"", ""k"": ""Sound"", ""v"": ""SOUND_ID_REFORM_CITY""}, {""t"": ""kv"", ""k"": ""Effect"", ""v"": ""SPECEFFECT_REFORMCITY""}]"
UNIT_CARAVAN,0,kv,Description,DESCRIPTION_UNIT_WARRIOR
UNIT_CARAVAN,1,kv,DefaultIcon,ICON_UNIT_CARAVAN
UNIT_CARAVAN,2,kv,DefaultSprite,SPRITE_WARRIOR
UNIT_CARAVAN,3,kv,Category,UNIT_CATEGORY_SPECIAL
UNIT_CARAVAN,4,kv,Attack,0
UNIT_CARAVAN,5,kv,Defense,0
UNIT_CARAVAN,6,kv,ZBRangeAttack,0
UNIT_CARAVAN,7,kv,Firepower,0
UNIT_CARAVAN,8,kv,Armor,0
UNIT_CARAVAN,9,kv,MaxHP,10
UNIT_CARAVAN,10,kv,ShieldCost,600
UNIT_CARAVAN,11,kv,PowerPoints,100
UNIT_CARAVAN,12,kv,ShieldHunger,0
UNIT_CARAVAN,13,kv,FoodHunger,0
UNIT_CARAVAN,14,kv,MaxMovePoints,1
UNIT_CARAVAN,15,kv,VisionRange,0
UNIT_CARAVAN,16,kv,EnableAdvance,ADVANCE_CURRENCY
UNIT_CARAVAN,17,kv,ActiveDefenseRange,0
UNIT_CARAVAN,18,kv,MaxFuel,0
UNIT_CARAVAN,19,flag,IsTrader,
UNIT_CARAVAN,20,flag,OnlyBuildOne,
UNIT_CARAVAN,21,kv,SoundSelect1,SOUND_SELECT1_CARAVAN
UNIT_CARAVAN,22,kv,SoundSelect2,SOUND_SELECT2_CARAVAN
UNIT_CARAVAN,23,kv,SoundMove,SOUND_MOVE_CARAVAN
UNIT_CARAVAN,24,kv,SoundAcknowledge,SOUND_ACKNOWLEDGE_CARAVAN
UNIT_CARAVAN,25,kv,SoundCantMove,SOUND_CANTMOVE_CARAVAN
UNIT_CARAVAN,26,kv,SoundAttack,SOUND_ATTACK_CARAVAN
UNIT_CARAVAN,27,kv,SoundWork,SOUND_WORK_CARAVAN
UNIT_CARAVAN,28,kv,SoundVictory,SOUND_VICTORY_CARAVAN
UNIT_CARAVAN,29,kv,SoundDeath,SOUND_DEATH_CARAVAN
UNIT_CARAVAN,30,sublist,CanSee,Standard
UNIT_CARAVAN,31,sublist,MovementType,Trade
UNIT_CARAVAN,32,sublist,Size,Small
UNIT_CARAVAN,33,sublist,VisionClass,Standard
UNIT_CARGO_HELICOPTER,0,flag,CantBuild,
UNIT_CARGO_HELICOPTER,1,flag,GLHidden,
UNIT_CARGO_HELICOPTER,2,kv,Description,DESCRIPTION_UNIT_CARGO_HELICOPTER
UNIT_CARGO_HELICOPTER,3,kv,DefaultIcon,ICON_UNIT_CARGO_HELICOPTER
UNIT_CARGO_HELICOPTER,4,kv,DefaultSprite,SPRITE_CARGO_HELICOPTER
UNIT_CARGO_HELICOPTER,5,kv,Category,UNIT_CATEGORY_AERIAL
UNIT_CARGO_HELICOPTER,6,kv,Attack,0
UNIT_CARGO_HELICOPTER,7,kv,Defense,10
UNIT_CARGO_HELICOPTER,8,kv,ZBRangeAttack,0
UNIT_CARGO_HELICOPTER,9,kv,Firepower,1
UNIT_CARGO_HELICOPTER,10,kv,Armor,1
UNIT_CARGO_HELICOPTER,11,kv,MaxHP,15
UNIT_CARGO_HELICOPTER,12,kv,ShieldCost,1750
UNIT_CARGO_HELICOPTER,13,kv,PowerPoints,100
UNIT_CARGO_HELICOPTER,14,kv,ShieldHunger,17
UNIT_CARGO_HELICOPTER,15,kv,FoodHunger,0
UNIT_CARGO_HELICOPTER,16,kv,MaxMovePoints,600
UNIT_CARGO_HELICOPTER,17,kv,VisionRange,3
UNIT_CARGO_HELICOPTER,18,kv,EnableAdvance,ADVANCE_HEXTAPUL
UNIT_CARGO_HELICOPTER,19,kv,ActiveDefenseRange,0
UNIT_CARGO_HELICOPTER,20,flag,LossMoveToDmgNone,
UNIT_CARGO_HELICOPTER,21,kv,MaxFuel,0
UNIT_CARGO_HELICOPTER,22,flag,IgnoreZOC,
UNIT_CARGO_HELICOPTER,23,flag,CantCaptureCity,
UNIT_CARGO_HELICOPTER,24,flag,DeathEffectsHappy,
UNIT_CARGO_HELICOPTER,25,flag,ParatrooperTransport,
UNIT_CARGO_HELICOPTER,26,flag,Explodes,
UNIT_CARGO_HELICOPTER,27,flag,OnlyBuildOne,
UNIT_CARGO_HELICOPTER,28,kv,SoundSelect1,SOUND_SELECT1_CARGO_HELICOPTER
UNIT_CARGO_HELICOPTER,29,kv,SoundSelect2,SOUND_SELECT2_CARGO_HELICOPTER
UNIT_CARGO_HELICOPTER,30,kv,SoundMove,SOUND_MOVE_CARGO_HELICOPTER
UNIT_CARGO_HELICOPTER,31,kv,SoundAcknowledge,SOUND_ACKNOWLEDGE_CARGO_HELICOPTER
UNIT_CARGO_HELICOPTER,32,kv,SoundCantMove,SOUND_CANTMOVE_CARGO_HELICOPTER
UNIT_CARGO_HELICOPTER,33,kv,SoundAttack,SOUND_ATTACK_CARGO_HELICOPTER
UNIT_CARGO_HELICOPTER,34,kv,SoundWork,SOUND_WORK_CARGO_HELICOPTER
UNIT_CARGO_HELICOPTER,35,kv,SoundVictory,SOUND_VICTORY_CARGO_HELICOPTER
UNIT_CARGO_HELICOPTER,36,kv,SoundDeath,SOUND_DEATH_CARGO_HELICOPTER
UNIT_CARGO_HELICOPTER,37,sublist,CanAttack,Air
UNIT_CARGO_HELICOPTER,38,sublist,CanAttack,Land
UNIT_CARGO_HELICOPTER,39,sublist,CanAttack,Mountain
UNIT_CARGO_HELICOPTER,40,sublist,CanCarry,MedLand
UNIT_CARGO_HELICOPTER,41,sublist,CanCarry,SmallLand
UNIT_CARGO_HELICOPTER,42,sublist,CanSee,Standard
UNIT_CARGO_HELICOPTER,43,sublist,MovementType,Air
UNIT_CARGO_HELICOPTER,44,sublist,Size,Large
UNIT_CARGO_HELICOPTER,45,sublist,VisionClass,Standard
UNIT_CARGO_HELICOPTER,46,nested,CargoData,"[{""t"": ""kv"", ""k"": ""MaxCargo"", ""v"": ""5""}, {""t"": ""kv"", ""k"": ""Load"", ""v"": ""SOUND_ID_TRIREME_LOAD""}, {""t"": ""kv"", ""k"": ""Unload"", ""v"": ""SOUND_ID_TRIREME_UNLOAD""}]"
UNIT_CARRACK,0,kv,Description,DESCRIPTION_UNIT_GALLEY
UNIT_CARRACK,1,kv,DefaultIcon,ICON_UNIT_CARRACK
UNIT_CARRACK,2,kv,DefaultSprite,SPRITE_GALLEY
UNIT_CARRACK,3,kv,Category,UNIT_CATEGORY_NAVAL
UNIT_CARRACK,4,kv,Attack,10
UNIT_CARRACK,5,kv,Defense,10
UNIT_CARRACK,6,kv,ZBRangeAttack,0
UNIT_CARRACK,7,kv,Firepower,1
UNIT_CARRACK,8,kv,Armor,1
UNIT_CARRACK,9,kv,MaxHP,10
UNIT_CARRACK,10,kv,ShieldCost,1000
UNIT_CARRACK,11,kv,PowerPoints,400
UNIT_CARRACK,12,kv,ShieldHunger,5
UNIT_CARRACK,13,kv,FoodHunger,0
UNIT_CARRACK,14,kv,MaxMovePoints,600
UNIT_CARRACK,15,kv,VisionRange,1
UNIT_CARRACK,16,kv,EnableAdvance,ADVANCE_SHIP_BUILDING
UNIT_CARRACK,17,kv,ActiveDefenseRange,0
UNIT_CARRACK,18,flag,LossMoveToDmgNone,
UNIT_CARRACK,19,kv,MaxFuel,0
UNIT_CARRACK,20,flag,NoZoc,
UNIT_CARRACK,21,flag,CantCaptureCity,
UNIT_CARRACK,22,flag,DeathEffectsHappy,
UNIT_CARRACK,23,flag,WoodenShip,
UNIT_CARRACK,24,flag,OnlyBuildOne,
UNIT_CARRACK,25,kv,SoundSelect1,SOUND_SELECT1_CARRACK
UNIT_CARRACK,26,kv,SoundSelect2,SOUND_SELECT2_CARRACK
UNIT_CARRACK,27,kv,SoundMove,SOUND_MOVE_CARRACK
UNIT_CARRACK,28,kv,SoundAcknowledge,SOUND_ACKNOWLEDGE_CARRACK
UNIT_CARRACK,29,kv,SoundCantMove,SOUND_CANTMOVE_CARRACK
UNIT_CARRACK,30,kv,SoundAttack,SOUND_ATTACK_CARRACK
UNIT_CARRACK,31,kv,SoundWork,SOUND_WORK_CARRACK
UNIT_CARRACK,32,kv,SoundVictory,SOUND_VICTORY_CARRACK
UNIT_CARRACK,33,kv,SoundDeath,SOUND_DEATH_CARRACK
UNIT_CARRACK,34,sublist,CanCarry,MedLand
UNIT_CARRACK,35,sublist,CanCarry,SmallLand
UNIT_CARRACK,36,sublist,CanSee,Standard
UNIT_CARRACK,37,sublist,MovementType,ShallowWater
UNIT_CARRACK,38,sublist,Size,Large
UNIT_CARRACK,39,sublist,VisionClass,Standard
UNIT_CARRACK,40,nested,CargoData,"[{""t"": ""kv"", ""k"": ""MaxCargo"", ""v"": ""5""}, {""t"": ""kv"", ""k"": ""Load"", ""v"": ""SOUND_ID_TRIREME_LOAD""}, {""t"": ""kv"", ""k"": ""Unload"", ""v"": ""SOUND_ID_TRIREME_UNLOAD""}]"
UNIT_CARRACK,41,nested,CanReform,"[{""t"": ""kv"", ""k"": ""Sound"", ""v"": ""SOUND_ID_REFORM_CITY""}, {""t"": ""kv"", ""k"": ""Effect"", ""v"": ""SPECEFFECT_REFORMCITY""}]"
UNIT_CATAPHRACT,0,kv,Description,DESCRIPTION_UNIT_MOUNTED_ARCHER
UNIT_CATAPHRACT,1,kv,DefaultIcon,ICON_UNIT_CATAPHRACT
UNIT_CATAPHRACT,2,kv,DefaultSprite,SPRITE_CATAPHRACT
UNIT_CATAPHRACT,3,kv,Category,UNIT_CATEGORY_RANGED
UNIT_CATAPHRACT,4,kv,Attack,20
UNIT_CATAPHRACT,5,kv,Defense,20
UNIT_CATAPHRACT,6,kv,ZBRangeAttack,20
UNIT_CATAPHRACT,7,kv,Firepower,1
UNIT_CATAPHRACT,8,kv,Armor,1
UNIT_CATAPHRACT,9,kv,MaxHP,10
UNIT_CATAPHRACT,10,kv,ShieldCost,800
UNIT_CATAPHRACT,11,kv,PowerPoints,200
UNIT_CATAPHRACT,12,kv,ShieldHunger,4
UNIT_CATAPHRACT,13,kv,FoodHunger,0
UNIT_CATAPHRACT,14,kv,MaxMovePoints,400
UNIT_CATAPHRACT,15,kv,VisionRange,2
UNIT_CATAPHRACT,16,kv,EnableAdvance,ADVANCE_CHINA
UNIT_CATAPHRACT,17,kv,BombRounds,3
UNIT_CATAPHRACT,18,kv,BombardRange,1
UNIT_CATAPHRACT,19,flag,CanCounterBombard,
UNIT_CATAPHRACT,20,kv,ActiveDefenseRange,0
UNIT_CATAPHRACT,21,flag,LossMoveToDmgNone,
UNIT_CATAPHRACT,22,kv,MaxFuel,0
UNIT_CATAPHRACT,23,flag,CanEntrench,
UNIT_CATAPHRACT,24,flag,NoZoc,
UNIT_CATAPHRACT,25,flag,CanExpel,
UNIT_CATAPHRACT,26,flag,CanPillage,
UNIT_CATAPHRACT,27,flag,CanPirate,
UNIT_CATAPHRACT,28,flag,ExertsMartialLaw,
UNIT_CATAPHRACT,29,flag,DeathEffectsHappy,
UNIT_CATAPHRACT,30,flag,OnlyBuildOne,
UNIT_CATAPHRACT,31,kv,SoundSelect1,SOUND_SELECT1_KNIGHT
UNIT_CATAPHRACT,32,kv,SoundSelect2,SOUND_SELECT2_KNIGHT
UNIT_CATAPHRACT,33,kv,SoundMove,SOUND_MOVE_KNIGHT
UNIT_CATAPHRACT,34,kv,SoundAcknowledge,SOUND_ACKNOWLEDGE_KNIGHT
UNIT_CATAPHRACT,35,kv,SoundCantMove,SOUND_CANTMOVE_KNIGHT
UNIT_CATAPHRACT,36,kv,SoundAttack,SOUND_ATTACK_KNIGHT
UNIT_CATAPHRACT,37,kv,SoundWork,SOUND_WORK_KNIGHT
UNIT_CATAPHRACT,38,kv,SoundVictory,SOUND_VICTORY_KNIGHT
UNIT_CATAPHRACT,39,kv,SoundDeath,SOUND_DEATH_KNIGHT
UNIT_CATAPHRACT,40,sublist,CanAttack,Land
UNIT_CATAPHRACT,41,sublist,CanBombard,Land
UNIT_CATAPHRACT,42,sublist,CanSee,Standard
UNIT_CATAPHRACT,43,sublist,CanSee,Stealth
UNIT_CATAPHRACT,44,sublist,MovementType,Land
UNIT_CATAPHRACT,45,sublist,Size,Medium
UNIT_CATAPHRACT,46,sublist,VisionClass,Stealth
UNIT_CATAPHRACT,47,nested,CanReform,"[{""t"": ""kv"", ""k"": ""Sound"", ""v"": ""SOUND_ID_REFORM_CITY""}, {""t"": ""kv"", ""k"": ""Effect"", ""v"": ""SPECEFFECT_REFORMCITY""}]"
UNIT_BELFROI,0,kv,Description,DESCRIPTION_UNIT_CATAPULT
UNIT_BELFROI,1,kv,DefaultIcon,ICON_UNIT_BELFROI
UNIT_BELFROI,2,kv,DefaultSprite,SPRITE_BELFROI
UNIT_BELFROI,3,kv,Category,UNIT_CATEGORY_RANGED
UNIT_BELFROI,4,kv,Attack,5
UNIT_BELFROI,5,kv,Defense,5
UNIT_BELFROI,6,kv,ZBRangeAttack,20
UNIT_BELFROI,7,kv,Firepower,2
UNIT_BELFROI,8,kv,Armor,1
UNIT_BELFROI,9,kv,MaxHP,5
UNIT_BELFROI,10,kv,ShieldCost,1200
UNIT_BELFROI,11,kv,PowerPoints,300
UNIT_BELFROI,12,kv,ShieldHunger,6
UNIT_BELFROI,13,kv,FoodHunger,0
UNIT_BELFROI,14,kv,MaxMovePoints,100
UNIT_BELFROI,15,kv,VisionRange,1
UNIT_BELFROI,16,kv,EnableAdvance,ADVANCE_PROJECTILE_WEAPONS
UNIT_BELFROI,17,kv,BombRounds,5
UNIT_BELFROI,18,kv,BombardRange,1
UNIT_BELFROI,19,flag,CanCounterBombard,
UNIT_BELFROI,20,kv,ActiveDefenseRange,0
UNIT_BELFROI,21,flag,LossMoveToDmgNone,
UNIT_BELFROI,22,kv,MaxFuel,0
UNIT_BELFROI,23,flag,CanEntrench,
UNIT_BELFROI,24,flag,NoZoc,
UNIT_BELFROI,25,flag,CanExpel,
UNIT_BELFROI,26,flag,CanPillage,
UNIT_BELFROI,27,flag,CanPirate,
UNIT_BELFROI,28,flag,ExertsMartialLaw,
UNIT_BELFROI,29,flag,DeathEffectsHappy,
UNIT_BELFROI,30,flag,OnlyBuildOne,
UNIT_BELFROI,31,kv,SoundSelect1,SOUND_SELECT1_CATAPULT
UNIT_BELFROI,32,kv,SoundSelect2,SOUND_SELECT2_CATAPULT
UNIT_BELFROI,33,kv,SoundMove,SOUND_MOVE_CATAPULT
UNIT_BELFROI,34,kv,SoundAcknowledge,SOUND_ACKNOWLEDGE_CATAPULT
UNIT_BELFROI,35,kv,SoundCantMove,SOUND_CANTMOVE_CATAPULT
UNIT_BELFROI,36,kv,SoundAttack,SOUND_ATTACK_CATAPULT
UNIT_BELFROI,37,kv,SoundWork,SOUND_WORK_CATAPULT
UNIT_BELFROI,38,kv,SoundVictory,SOUND_VICTORY_CATAPULT
UNIT_BELFROI,39,kv,SoundDeath,SOUND_DEATH_CATAPULT
UNIT_BELFROI,40,sublist,CanAttack,Land
UNIT_BELFROI,41,sublist,CanBombard,Land
UNIT_BELFROI,42,sublist,CanBombard,Mountain
UNIT_BELFROI,43,sublist,CanBombard,Water
UNIT_BELFROI,44,sublist,CanSee,Standard
UNIT_BELFROI,45,sublist,MovementType,Land
UNIT_BELFROI,46,sublist,Size,Medium
UNIT_BELFROI,47,sublist,VisionClass,Standard
UNIT_BELFROI,48,nested,CanReform,"[{""t"": ""kv"", ""k"": ""Sound"", ""v"": ""SOUND_ID_REFORM_CITY""}, {""t"": ""kv"", ""k"": ""Effect"", ""v"": ""SPECEFFECT_REFORMCITY""}]"
UNIT_CAVALRY,0,flag,CantBuild,
UNIT_CAVALRY,1,flag,GLHidden,
UNIT_CAVALRY,2,kv,Description,DESCRIPTION_UNIT_CAVALRY
UNIT_CAVALRY,3,kv,DefaultIcon,ICON_UNIT_CAVALRY
UNIT_CAVALRY,4,kv,DefaultSprite,SPRITE_CAVALRY
UNIT_CAVALRY,5,kv,Category,UNIT_CATEGORY_FLANKER
UNIT_CAVALRY,6,kv,Attack,40
UNIT_CAVALRY,7,kv,Defense,25
UNIT_CAVALRY,8,kv,ZBRangeAttack,0
UNIT_CAVALRY,9,kv,Firepower,2
UNIT_CAVALRY,10,kv,Armor,1
UNIT_CAVALRY,11,kv,MaxHP,15
UNIT_CAVALRY,12,kv,ShieldCost,900
UNIT_CAVALRY,13,kv,PowerPoints,400
UNIT_CAVALRY,14,kv,ShieldHunger,9
UNIT_CAVALRY,15,kv,FoodHunger,0
UNIT_CAVALRY,16,kv,MaxMovePoints,300
UNIT_CAVALRY,17,kv,VisionRange,2
UNIT_CAVALRY,18,kv,EnableAdvance,ADVANCE_HEXTAPUL
UNIT_CAVALRY,19,kv,ActiveDefenseRange,0
UNIT_CAVALRY,20,flag,LossMoveToDmgNone,
UNIT_CAVALRY,21,kv,MaxFuel,0
UNIT_CAVALRY,22,flag,CanEntrench,
UNIT_CAVALRY,23,flag,NoZoc,
UNIT_CAVALRY,24,flag,CanExpel,
UNIT_CAVALRY,25,flag,CanPillage,
UNIT_CAVALRY,26,flag,CanPirate,
UNIT_CAVALRY,27,flag,ExertsMartialLaw,
UNIT_CAVALRY,28,flag,DeathEffectsHappy,
UNIT_CAVALRY,29,flag,IsFlanker,
UNIT_CAVALRY,30,flag,IsMounted,
UNIT_CAVALRY,31,flag,IsSpecialForces,
UNIT_CAVALRY,32,flag,OnlyBuildOne,
UNIT_CAVALRY,33,kv,SoundSelect1,SOUND_SELECT1_KNIGHT
UNIT_CAVALRY,34,kv,SoundSelect2,SOUND_SELECT2_KNIGHT
UNIT_CAVALRY,35,kv,SoundMove,SOUND_MOVE_KNIGHT
UNIT_CAVALRY,36,kv,SoundAcknowledge,SOUND_ACKNOWLEDGE_KNIGHT
UNIT_CAVALRY,37,kv,SoundCantMove,SOUND_CANTMOVE_KNIGHT
UNIT_CAVALRY,38,kv,SoundAttack,SOUND_ATTACK_KNIGHT
UNIT_CAVALRY,39,kv,SoundWork,SOUND_WORK_KNIGHT
UNIT_CAVALRY,40,kv,SoundVictory,SOUND_VICTORY_KNIGHT
UNIT_CAVALRY,41,kv,SoundDeath,SOUND_DEATH_KNIGHT
UNIT_CAVALRY,42,sublist,CanAttack,Land
UNIT_CAVALRY,43,sublist,CanSee,Standard
UNIT_CAVALRY,44,sublist,MovementType,Land
UNIT_CAVALRY,45,sublist,Size,Medium
UNIT_CAVALRY,46,sublist,VisionClass,Standard
UNIT_CAVALRY,47,nested,CanReform,"[{""t"": ""kv"", ""k"": ""Sound"", ""v"": ""SOUND_ID_REFORM_CITY""}, {""t"": ""kv"", ""k"": ""Effect"", ""v"": ""SPECEFFECT_REFORMCITY""}]"
UNIT_CHARIOT,0,flag,CantBuild,
UNIT_CHARIOT,1,flag,GLHidden,
UNIT_CHARIOT,2,kv,Description,DESCRIPTION_UNIT_SWORDSMAN
UNIT_CHARIOT,3,kv,DefaultIcon,ICON_UNIT_CHARIOT
UNIT_CHARIOT,4,kv,DefaultSprite,SPRITE_CHARIOT
UNIT_CHARIOT,5,kv,Category,UNIT_CATEGORY_FLANKER
UNIT_CHARIOT,6,kv,Attack,25
UNIT_CHARIOT,7,kv,Defense,10
UNIT_CHARIOT,8,kv,ZBRangeAttack,0
UNIT_CHARIOT,9,kv,Firepower,1
UNIT_CHARIOT,10,kv,Armor,1
UNIT_CHARIOT,11,kv,MaxHP,10
UNIT_CHARIOT,12,kv,ShieldCost,325
UNIT_CHARIOT,13,kv,PowerPoints,200
UNIT_CHARIOT,14,kv,ShieldHunger,3
UNIT_CHARIOT,15,kv,FoodHunger,0
UNIT_CHARIOT,16,kv,MaxMovePoints,200
UNIT_CHARIOT,17,kv,VisionRange,1
UNIT_CHARIOT,18,kv,EnableAdvance,ADVANCE_HEXTAPUL
UNIT_CHARIOT,19,kv,ActiveDefenseRange,0
UNIT_CHARIOT,20,flag,LossMoveToDmgNone,
UNIT_CHARIOT,21,kv,MaxFuel,0
UNIT_CHARIOT,22,flag,CanEntrench,
UNIT_CHARIOT,23,flag,NoZoc,
UNIT_CHARIOT,24,flag,CanExpel,
UNIT_CHARIOT,25,flag,CanPillage,
UNIT_CHARIOT,26,flag,CanPirate,
UNIT_CHARIOT,27,flag,ExertsMartialLaw,
UNIT_CHARIOT,28,flag,DeathEffectsHappy,
UNIT_CHARIOT,29,flag,IsFlanker,
UNIT_CHARIOT,30,flag,IsMounted,
UNIT_CHARIOT,31,flag,IsSpecialForces,
UNIT_CHARIOT,32,flag,OnlyBuildOne,
UNIT_CHARIOT,33,kv,SoundSelect1,SOUND_SELECT1_SAMURAI
UNIT_CHARIOT,34,kv,SoundSelect2,SOUND_SELECT2_SAMURAI
UNIT_CHARIOT,35,kv,SoundMove,SOUND_MOVE_SAMURAI
UNIT_CHARIOT,36,kv,SoundAcknowledge,SOUND_ACKNOWLEDGE_SAMURAI
UNIT_CHARIOT,37,kv,SoundCantMove,SOUND_CANTMOVE_SAMURAI
UNIT_CHARIOT,38,kv,SoundAttack,SOUND_ATTACK_SAMURAI
UNIT_CHARIOT,39,kv,SoundWork,SOUND_WORK_SAMURAI
UNIT_CHARIOT,40,kv,SoundVictory,SOUND_VICTORY_SAMURAI
UNIT_CHARIOT,41,kv,SoundDeath,SOUND_DEATH_SAMURAI
UNIT_CHARIOT,42,sublist,CanAttack,Land
UNIT_CHARIOT,43,sublist,CanSee,Standard
UNIT_CHARIOT,44,sublist,MovementType,Land
UNIT_CHARIOT,45,sublist,Size,Medium
UNIT_CHARIOT,46,sublist,VisionClass,Standard
UNIT_CHARIOT,47,nested,CanReform,"[{""t"": ""kv"", ""k"": ""Sound"", ""v"": ""SOUND_ID_REFORM_CITY""}, {""t"": ""kv"", ""k"": ""Effect"", ""v"": ""SPECEFFECT_REFORMCITY""}]"
UNIT_CITY,0,kv,Description,DESCRIPTION_UNIT_CITY
UNIT_CITY,1,kv,DefaultIcon,ICON_UNIT_CITY
UNIT_CITY,2,kv,DefaultSprite,SPRITE_CITY
UNIT_CITY,3,kv,Category,UNIT_CATEGORY_GENERIC
UNIT_CITY,4,kv,Attack,0
UNIT_CITY,5,kv,Defense,0
UNIT_CITY,6,kv,ZBRangeAttack,0
UNIT_CITY,7,kv,Firepower,0
UNIT_CITY,8,kv,Armor,0
UNIT_CITY,9,kv,MaxHP,0
UNIT_CITY,10,kv,ShieldCost,0
UNIT_CITY,11,kv,PowerPoints,1000
UNIT_CITY,12,kv,ShieldHunger,0
UNIT_CITY,13,kv,FoodHunger,0
UNIT_CITY,14,kv,MaxMovePoints,0
UNIT_CITY,15,kv,VisionRange,2
UNIT_CITY,16,kv,ActiveDefenseRange,0
UNIT_CITY,17,flag,LossMoveToDmgNone,
UNIT_CITY,18,kv,MaxFuel,0
UNIT_CITY,19,flag,HasPopAndCanBuild,
UNIT_CITY,20,flag,CantBuild,
UNIT_CITY,21,kv,CityGrowthCoefficient,1
UNIT_CITY,22,flag,NoIndex,
UNIT_CITY,23,flag,GLHidden,
UNIT_CITY,24,flag,CantCaptureCity,
UNIT_CITY,25,flag,NeedsNoSupport,
UNIT_CITY,26,kv,SoundSelect1,SOUND_SELECT1_CITY
UNIT_CITY,27,kv,SoundSelect2,SOUND_SELECT2_CITY
UNIT_CITY,28,kv,SoundMove,SOUND_MOVE_CITY
UNIT_CITY,29,kv,SoundAcknowledge,SOUND_ACKNOWLEDGE_CITY
UNIT_CITY,30,kv,SoundCantMove,SOUND_CANTMOVE_CITY
UNIT_CITY,31,kv,SoundAttack,SOUND_ATTACK_CITY
UNIT_CITY,32,kv,SoundWork,SOUND_WORK_CITY
UNIT_CITY,33,kv,SoundVictory,SOUND_VICTORY_CITY
UNIT_CITY,34,kv,SoundDeath,SOUND_DEATH_CITY
UNIT_CITY,35,sublist,CanAttack,Land
UNIT_CITY,36,sublist,CanAttack,Mountain
UNIT_CITY,37,sublist,CanSee,Standard
UNIT_CITY,38,sublist,MovementType,Land
UNIT_CITY,39,sublist,MovementType,Mountain
UNIT_CITY,40,sublist,Size,Medium
UNIT_CITY,41,sublist,VisionClass,Standard
UNIT_CITY,42,nested,Revolution,"[{""t"": ""kv"", ""k"": ""Sound"", ""v"": ""SOUND_ID_REVOLUTION""}, {""t"": ""kv"", ""k"": ""Effect"", ""v"": ""SPECEFFECT_REVOLUTION""}]"
UNIT_CLERIC,0,kv,Description,DESCRIPTION_UNIT_CLERIC
UNIT_CLERIC,1,kv,DefaultIcon,ICON_UNIT_CLERIC
UNIT_CLERIC,2,kv,DefaultSprite,SPRITE_CLERIC
UNIT_CLERIC,3,kv,Category,UNIT_CATEGORY_SPECIAL
UNIT_CLERIC,4,kv,Attack,0
UNIT_CLERIC,5,kv,Defense,10
UNIT_CLERIC,6,kv,ZBRangeAttack,0
UNIT_CLERIC,7,kv,Firepower,1
UNIT_CLERIC,8,kv,Armor,1
UNIT_CLERIC,9,kv,MaxHP,10
UNIT_CLERIC,10,kv,ShieldCost,1400
UNIT_CLERIC,11,kv,PowerPoints,200
UNIT_CLERIC,12,kv,ShieldHunger,7
UNIT_CLERIC,13,kv,FoodHunger,0
UNIT_CLERIC,14,kv,MaxMovePoints,300
UNIT_CLERIC,15,kv,VisionRange,1
UNIT_CLERIC,16,kv,EnableAdvance,ADVANCE_DRAMA
UNIT_CLERIC,17,kv,ActiveDefenseRange,0
UNIT_CLERIC,18,flag,LossMoveToDmgNone,
UNIT_CLERIC,19,kv,MaxFuel,0
UNIT_CLERIC,20,flag,CanEntrench,
UNIT_CLERIC,21,flag,IgnoreZOC,
UNIT_CLERIC,22,flag,NoZoc,
UNIT_CLERIC,23,flag,CanBeExpelled,
UNIT_CLERIC,24,flag,CanBeSued,
UNIT_CLERIC,25,flag,CantCaptureCity,
UNIT_CLERIC,26,flag,DeathEffectsHappy,
UNIT_CLERIC,27,flag,IsSpecialForces,
UNIT_CLERIC,28,flag,Civilian,
UNIT_CLERIC,29,flag,OnlyBuildOne,
UNIT_CLERIC,30,kv,SoundSelect1,SOUND_SELECT1_CLERIC
UNIT_CLERIC,31,kv,SoundSelect2,SOUND_SELECT2_CLERIC
UNIT_CLERIC,32,kv,SoundMove,SOUND_MOVE_CLERIC
UNIT_CLERIC,33,kv,SoundAcknowledge,SOUND_ACKNOWLEDGE_CLERIC
UNIT_CLERIC,34,kv,SoundCantMove,SOUND_CANTMOVE_CLERIC
UNIT_CLERIC,35,kv,SoundAttack,SOUND_ATTACK_CLERIC
UNIT_CLERIC,36,kv,SoundWork,SOUND_WORK_CLERIC
UNIT_CLERIC,37,kv,SoundVictory,SOUND_VICTORY_CLERIC
UNIT_CLERIC,38,kv,SoundDeath,SOUND_DEATH_CLERIC
UNIT_CLERIC,39,sublist,CanSee,Standard
UNIT_CLERIC,40,sublist,CanSee,Stealth
UNIT_CLERIC,41,sublist,MovementType,Land
UNIT_CLERIC,42,sublist,MovementType,Mountain
UNIT_CLERIC,43,sublist,Size,Small
UNIT_CLERIC,44,sublist,VisionClass,Stealth
UNIT_CLERIC,45,nested,CanSoothsay,"[{""t"": ""kv"", ""k"": ""Sound"", ""v"": ""SOUND_ID_CONVERT_CITIES_CL""}, {""t"": ""kv"", ""k"": ""Effect"", ""v"": ""SPECEFFECT_CONVERT_CITIES""}]"
UNIT_CLERIC,46,nested,CauseUnhappiness,"[{""t"": ""kv"", ""k"": ""Chance"", ""v"": ""1""}, {""t"": ""kv"", ""k"": ""Timer"", ""v"": ""1""}, {""t"": ""kv"", ""k"": ""Amount"", ""v"": ""2""}, {""t"": ""kv"", ""k"": ""Sound"", ""v"": ""SOUND_ID_CONVERT_CITIES_CL""}, {""t"": ""kv"", ""k"": ""Effect"", ""v"": ""SPECEFFECT_CONVERT_CITIES""}]"
UNIT_CLERIC,47,nested,ConvertCities,"[{""t"": ""kv"", ""k"": ""Chance"", ""v"": ""0.6""}, {""t"": ""kv"", ""k"": ""DeathChance"", ""v"": ""0.4""}, {""t"": ""kv"", ""k"": ""Sound"", ""v"": ""SOUND_ID_CONVERT_CITIES_CL""}, {""t"": ""kv"", ""k"": ""Effect"", ""v"": ""SPECEFFECT_CONVERT_CITIES""}]"
UNIT_CLERIC,48,nested,IndulgenceSales,"[{""t"": ""kv"", ""k"": ""Sound"", ""v"": ""SOUND_ID_CONVERT_CITIES_CL""}, {""t"": ""kv"", ""k"": ""Effect"", ""v"": ""SPECEFFECT_CONVERT_CITIES""}]"
UNIT_COMPOSITE_ARCHER,0,kv,Description,DESCRIPTION_UNIT_ARCHER
UNIT_COMPOSITE_ARCHER,1,kv,DefaultIcon,ICON_UNIT_COMPOSITE_ARCHER
UNIT_COMPOSITE_ARCHER,2,kv,DefaultSprite,SPRITE_COMPOSITE_ARCHER
UNIT_COMPOSITE_ARCHER,3,kv,Category,UNIT_CATEGORY_RANGED
UNIT_COMPOSITE_ARCHER,4,kv,Attack,15
UNIT_COMPOSITE_ARCHER,5,kv,Defense,15
UNIT_COMPOSITE_ARCHER,6,kv,ZBRangeAttack,45
UNIT_COMPOSITE_ARCHER,7,kv,Firepower,2
UNIT_COMPOSITE_ARCHER,8,kv,Armor,1
UNIT_COMPOSITE_ARCHER,9,kv,MaxHP,10
UNIT_COMPOSITE_ARCHER,10,kv,ShieldCost,900
UNIT_COMPOSITE_ARCHER,11,kv,PowerPoints,200
UNIT_COMPOSITE_ARCHER,12,kv,ShieldHunger,4
UNIT_COMPOSITE_ARCHER,13,kv,FoodHunger,0
UNIT_COMPOSITE_ARCHER,14,kv,MaxMovePoints,200
UNIT_COMPOSITE_ARCHER,15,kv,VisionRange,1
UNIT_COMPOSITE_ARCHER,16,kv,EnableAdvance,ADVANCE_TACTICS_I
UNIT_COMPOSITE_ARCHER,17,kv,ActiveDefenseRange,0
UNIT_COMPOSITE_ARCHER,18,flag,LossMoveToDmgNone,
UNIT_COMPOSITE_ARCHER,19,kv,MaxFuel,0
UNIT_COMPOSITE_ARCHER,20,flag,CanEntrench,
UNIT_COMPOSITE_ARCHER,21,flag,NoZoc,
UNIT_COMPOSITE_ARCHER,22,flag,CanExpel,
UNIT_COMPOSITE_ARCHER,23,flag,CanPillage,
UNIT_COMPOSITE_ARCHER,24,flag,CanPirate,
UNIT_COMPOSITE_ARCHER,25,flag,ExertsMartialLaw,
UNIT_COMPOSITE_ARCHER,26,flag,DeathEffectsHappy,
UNIT_COMPOSITE_ARCHER,27,flag,OnlyBuildOne,
UNIT_COMPOSITE_ARCHER,28,kv,SoundSelect1,SOUND_SELECT1_ARCHER
UNIT_COMPOSITE_ARCHER,29,kv,SoundSelect2,SOUND_SELECT2_ARCHER
UNIT_COMPOSITE_ARCHER,30,kv,SoundMove,SOUND_MOVE_ARCHER
UNIT_COMPOSITE_ARCHER,31,kv,SoundAcknowledge,SOUND_ACKNOWLEDGE_ARCHER
UNIT_COMPOSITE_ARCHER,32,kv,SoundCantMove,SOUND_CANTMOVE_ARCHER
UNIT_COMPOSITE_ARCHER,33,kv,SoundAttack,SOUND_ATTACK_ARCHER
UNIT_COMPOSITE_ARCHER,34,kv,SoundWork,SOUND_WORK_ARCHER
UNIT_COMPOSITE_ARCHER,35,kv,SoundVictory,SOUND_VICTORY_ARCHER
UNIT_COMPOSITE_ARCHER,36,kv,SoundDeath,SOUND_DEATH_ARCHER
UNIT_COMPOSITE_ARCHER,37,sublist,CanAttack,Land
UNIT_COMPOSITE_ARCHER,38,sublist,CanSee,Standard
UNIT_COMPOSITE_ARCHER,39,sublist,MovementType,Land
UNIT_COMPOSITE_ARCHER,40,sublist,MovementType,Mountain
UNIT_COMPOSITE_ARCHER,41,sublist,Size,Medium
UNIT_COMPOSITE_ARCHER,42,sublist,VisionClass,Standard
UNIT_COMPOSITE_ARCHER,43,nested,CanReform,"[{""t"": ""kv"", ""k"": ""Sound"", ""v"": ""SOUND_ID_REFORM_CITY""}, {""t"": ""kv"", ""k"": ""Effect"", ""v"": ""SPECEFFECT_REFORMCITY""}]"
UNIT_CORACLE,0,flag,CantBuild,
UNIT_CORACLE,1,flag,GLHidden,
UNIT_CORACLE,2,kv,Description,DESCRIPTION_UNIT_GALLEY
UNIT_CORACLE,3,kv,DefaultIcon,ICON_UNIT_CORACLE
UNIT_CORACLE,4,kv,DefaultSprite,SPRITE_CORACLE
UNIT_CORACLE,5,kv,Category,UNIT_CATEGORY_NAVAL
UNIT_CORACLE,6,kv,Attack,10
UNIT_CORACLE,7,kv,Defense,10
UNIT_CORACLE,8,kv,ZBRangeAttack,0
UNIT_CORACLE,9,kv,Firepower,1
UNIT_CORACLE,10,kv,Armor,1
UNIT_CORACLE,11,kv,MaxHP,10
UNIT_CORACLE,12,kv,ShieldCost,140
UNIT_CORACLE,13,kv,PowerPoints,100
UNIT_CORACLE,14,kv,ShieldHunger,1
UNIT_CORACLE,15,kv,FoodHunger,0
UNIT_CORACLE,16,kv,MaxMovePoints,500
UNIT_CORACLE,17,kv,VisionRange,1
UNIT_CORACLE,18,kv,EnableAdvance,ADVANCE_HEXTAPUL
UNIT_CORACLE,19,kv,ActiveDefenseRange,0
UNIT_CORACLE,20,flag,LossMoveToDmgNone,
UNIT_CORACLE,21,kv,MaxFuel,0
UNIT_CORACLE,22,flag,CanExpel,
UNIT_CORACLE,23,flag,NoZoc,
UNIT_CORACLE,24,flag,CanPillage,
UNIT_CORACLE,25,flag,CanPirate,
UNIT_CORACLE,26,flag,CantCaptureCity,
UNIT_CORACLE,27,flag,DeathEffectsHappy,
UNIT_CORACLE,28,flag,WoodenShip,
UNIT_CORACLE,29,flag,OnlyBuildOne,
UNIT_CORACLE,30,kv,SoundSelect1,SOUND_SELECT1_GREEK_FIRE_TRIREME
UNIT_CORACLE,31,kv,SoundSelect2,SOUND_SELECT2_GREEK_FIRE_TRIREME
UNIT_CORACLE,32,kv,SoundMove,SOUND_MOVE_GREEK_FIRE_TRIREME
UNIT_CORACLE,33,kv,SoundAcknowledge,SOUND_ACKNOWLEDGE_GREEK_FIRE_TRIREME
UNIT_CORACLE,34,kv,SoundCantMove,SOUND_CANTMOVE_GREEK_FIRE_TRIREME
UNIT_CORACLE,35,kv,SoundAttack,SOUND_ATTACK_GREEK_FIRE_TRIREME
UNIT_CORACLE,36,kv,SoundWork,SOUND_WORK_GREEK_FIRE_TRIREME
UNIT_CORACLE,37,kv,SoundVictory,SOUND_VICTORY_GREEK_FIRE_TRIREME
UNIT_CORACLE,38,kv,SoundDeath,SOUND_DEATH_GREEK_FIRE_TRIREME
UNIT_CORACLE,39,sublist,CanAttack,ShallowWater
UNIT_CORACLE,40,sublist,CanCarry,MedLand
UNIT_CORACLE,41,sublist,CanCarry,SmallLand
UNIT_CORACLE,42,sublist,CanSee,Standard
UNIT_CORACLE,43,sublist,MovementType,ShallowWater
UNIT_CORACLE,44,sublist,Size,Large
UNIT_CORACLE,45,sublist,VisionClass,Standard
UNIT_CORACLE,46,nested,CanReform,"[{""t"": ""kv"", ""k"": ""Sound"", ""v"": ""SOUND_ID_REFORM_CITY""}, {""t"": ""kv"", ""k"": ""Effect"", ""v"": ""SPECEFFECT_REFORMCITY""}]"
UNIT_CORACLE,47,nested,CargoData,"[{""t"": ""kv"", ""k"": ""MaxCargo"", ""v"": ""2""}, {""t"": ""kv"", ""k"": ""Load"", ""v"": ""SOUND_ID_TRIREME_LOAD""}, {""t"": ""kv"", ""k"": ""Unload"", ""v"": ""SOUND_ID_TRIREME_UNLOAD""}]"
UNIT_CORPORATE_BRANCH,0,flag,CantBuild,
UNIT_CORPORATE_BRANCH,1,flag,GLHidden,
UNIT_CORPORATE_BRANCH,2,kv,Description,DESCRIPTION_UNIT_CORPORATE_BRANCH
UNIT_CORPORATE_BRANCH,3,kv,DefaultIcon,ICON_UNIT_CORPORATE_BRANCH
UNIT_CORPORATE_BRANCH,4,kv,DefaultSprite,SPRITE_CORPORATE_BRANCH
UNIT_CORPORATE_BRANCH,5,kv,Category,UNIT_CATEGORY_SPECIAL
UNIT_CORPORATE_BRANCH,6,kv,Attack,0
UNIT_CORPORATE_BRANCH,7,kv,Defense,10
UNIT_CORPORATE_BRANCH,8,kv,ZBRangeAttack,0
UNIT_CORPORATE_BRANCH,9,kv,Firepower,1
UNIT_CORPORATE_BRANCH,10,kv,Armor,1
UNIT_CORPORATE_BRANCH,11,kv,MaxHP,10
UNIT_CORPORATE_BRANCH,12,kv,ShieldCost,1750
UNIT_CORPORATE_BRANCH,13,kv,PowerPoints,2000
UNIT_CORPORATE_BRANCH,14,kv,ShieldHunger,17
UNIT_CORPORATE_BRANCH,15,kv,FoodHunger,0
UNIT_CORPORATE_BRANCH,16,kv,MaxMovePoints,1000
UNIT_CORPORATE_BRANCH,17,kv,VisionRange,2
UNIT_CORPORATE_BRANCH,18,kv,EnableAdvance,ADVANCE_HEXTAPUL
UNIT_CORPORATE_BRANCH,19,kv,ActiveDefenseRange,0
UNIT_CORPORATE_BRANCH,20,flag,LossMoveToDmgNone,
UNIT_CORPORATE_BRANCH,21,flag,CanEntrench,
UNIT_CORPORATE_BRANCH,22,kv,MaxFuel,0
UNIT_CORPORATE_BRANCH,23,flag,IgnoreZOC,
UNIT_CORPORATE_BRANCH,24,flag,NoZoc,
UNIT_CORPORATE_BRANCH,25,flag,CanBeSued,
UNIT_CORPORATE_BRANCH,26,flag,CantCaptureCity,
UNIT_CORPORATE_BRANCH,27,flag,DeathEffectsHappy,
UNIT_CORPORATE_BRANCH,28,flag,Advertise,
UNIT_CORPORATE_BRANCH,29,flag,IsSpecialForces,
UNIT_CORPORATE_BRANCH,30,flag,Civilian,
UNIT_CORPORATE_BRANCH,31,flag,OnlyBuildOne,
UNIT_CORPORATE_BRANCH,32,kv,SoundSelect1,SOUND_SELECT1_CORPORATE_BRANCH
UNIT_CORPORATE_BRANCH,33,kv,SoundSelect2,SOUND_SELECT2_CORPORATE_BRANCH
UNIT_CORPORATE_BRANCH,34,kv,SoundMove,SOUND_MOVE_CORPORATE_BRANCH
UNIT_CORPORATE_BRANCH,35,kv,SoundAcknowledge,SOUND_ACKNOWLEDGE_CORPORATE_BRANCH
UNIT_CORPORATE_BRANCH,36,kv,SoundCantMove,SOUND_CANTMOVE_CORPORATE_BRANCH
UNIT_CORPORATE_BRANCH,37,kv,SoundAttack,SOUND_ATTACK_CORPORATE_BRANCH
UNIT_CORPORATE_BRANCH,38,kv,SoundWork,SOUND_WORK_CORPORATE_BRANCH
UNIT_CORPORATE_BRANCH,39,kv,SoundVictory,SOUND_VICTORY_CORPORATE_BRANCH
UNIT_CORPORATE_BRANCH,40,kv,SoundDeath,SOUND_DEATH_CORPORATE_BRANCH
UNIT_CORPORATE_BRANCH,41,sublist,CanSee,Standard
UNIT_CORPORATE_BRANCH,42,sublist,CanSee,Stealth
UNIT_CORPORATE_BRANCH,43,sublist,MovementType,Land
UNIT_CORPORATE_BRANCH,44,sublist,MovementType,Mountain
UNIT_CORPORATE_BRANCH,45,sublist,Size,Small
UNIT_CORPORATE_BRANCH,46,sublist,VisionClass,Stealth
UNIT_CORPORATE_BRANCH,47,nested,CauseUnhappiness,"[{""t"": ""kv"", ""k"": ""Chance"", ""v"": ""1""}, {""t"": ""kv"", ""k"": ""Timer"", ""v"": ""1""}, {""t"": ""kv"", ""k"": ""Amount"", ""v"": ""5""}, {""t"": ""kv"", ""k"": ""Sound"", ""v"": ""SOUND_ID_ADVERTISE""}, {""t"": ""kv"", ""k"": ""Effect"", ""v"": ""SPECEFFECT_ADVERTISE""}]"
UNIT_CORPORATE_BRANCH,48,nested,CreateFranchise,"[{""t"": ""kv"", ""k"": ""Chance"", ""v"": ""0.5""}, {""t"": ""kv"", ""k"": ""Sound"", ""v"": ""SOUND_ID_CREATE_FRANCHISE""}, {""t"": ""kv"", ""k"": ""Effect"", ""v"": ""SPECEFFECT_CREATE_FRANCHISE""}]"
UNIT_CRAWLER,0,flag,CantBuild,
UNIT_CRAWLER,1,flag,GLHidden,
UNIT_CRAWLER,2,kv,Description,DESCRIPTION_UNIT_CRAWLER
UNIT_CRAWLER,3,kv,DefaultIcon,ICON_UNIT_CRAWLER
UNIT_CRAWLER,4,kv,DefaultSprite,SPRITE_CRAWLER
UNIT_CRAWLER,5,kv,Category,UNIT_CATEGORY_UNDERSEA
UNIT_CRAWLER,6,kv,Attack,0
UNIT_CRAWLER,7,kv,Defense,10
UNIT_CRAWLER,8,kv,ZBRangeAttack,0
UNIT_CRAWLER,9,kv,Firepower,1
UNIT_CRAWLER,10,kv,Armor,2
UNIT_CRAWLER,11,kv,MaxHP,20
UNIT_CRAWLER,12,kv,ShieldCost,4500
UNIT_CRAWLER,13,kv,PowerPoints,5000
UNIT_CRAWLER,14,kv,ShieldHunger,45
UNIT_CRAWLER,15,kv,FoodHunger,0
UNIT_CRAWLER,16,kv,MaxMovePoints,1200
UNIT_CRAWLER,17,kv,VisionRange,3
UNIT_CRAWLER,18,kv,EnableAdvance,ADVANCE_HEXTAPUL
UNIT_CRAWLER,19,kv,ActiveDefenseRange,0
UNIT_CRAWLER,20,flag,LossMoveToDmgNone,
UNIT_CRAWLER,21,kv,MaxFuel,0
UNIT_CRAWLER,22,flag,NoZoc,
UNIT_CRAWLER,23,flag,CantCaptureCity,
UNIT_CRAWLER,24,flag,DeathEffectsHappy,
UNIT_CRAWLER,25,flag,IsSubmarine,
UNIT_CRAWLER,26,flag,Explodes,
UNIT_CRAWLER,27,flag,OnlyBuildOne,
UNIT_CRAWLER,28,kv,SoundSelect1,SOUND_SELECT1_CRAWLER
UNIT_CRAWLER,29,kv,SoundSelect2,SOUND_SELECT2_CRAWLER
UNIT_CRAWLER,30,kv,SoundMove,SOUND_MOVE_CRAWLER
UNIT_CRAWLER,31,kv,SoundAcknowledge,SOUND_ACKNOWLEDGE_CRAWLER
UNIT_CRAWLER,32,kv,SoundCantMove,SOUND_CANTMOVE_CRAWLER
UNIT_CRAWLER,33,kv,SoundAttack,SOUND_ATTACK_CRAWLER
UNIT_CRAWLER,34,kv,SoundWork,SOUND_WORK_CRAWLER
UNIT_CRAWLER,35,kv,SoundVictory,SOUND_VICTORY_CRAWLER
UNIT_CRAWLER,36,kv,SoundDeath,SOUND_DEATH_CRAWLER
UNIT_CRAWLER,37,sublist,CanCarry,MedLand
UNIT_CRAWLER,38,sublist,CanCarry,SmallLand
UNIT_CRAWLER,39,sublist,CanSee,Standard
UNIT_CRAWLER,40,sublist,CanSee,Underwater
UNIT_CRAWLER,41,sublist,MovementType,Sea
UNIT_CRAWLER,42,sublist,MovementType,ShallowWater
UNIT_CRAWLER,43,sublist,Size,Large
UNIT_CRAWLER,44,sublist,VisionClass,Underwater
UNIT_CRAWLER,45,nested,CargoData,"[{""t"": ""kv"", ""k"": ""MaxCargo"", ""v"": ""5""}, {""t"": ""kv"", ""k"": ""Load"", ""v"": ""SOUND_ID_CRAWLER_LOAD""}, {""t"": ""kv"", ""k"": ""Unload"", ""v"": ""SOUND_ID_CRAWLER_UNLOAD""}]"
UNIT_CROSSBOWMAN,0,kv,Description,DESCRIPTION_UNIT_ARCHER
UNIT_CROSSBOWMAN,1,kv,DefaultIcon,ICON_UNIT_CROSSBOWMAN
UNIT_CROSSBOWMAN,2,kv,DefaultSprite,SPRITE_CROSSBOWMAN
UNIT_CROSSBOWMAN,3,kv,Category,UNIT_CATEGORY_RANGED
UNIT_CROSSBOWMAN,4,kv,Attack,15
UNIT_CROSSBOWMAN,5,kv,Defense,15
UNIT_CROSSBOWMAN,6,kv,ZBRangeAttack,45
UNIT_CROSSBOWMAN,7,kv,Firepower,2
UNIT_CROSSBOWMAN,8,kv,Armor,1
UNIT_CROSSBOWMAN,9,kv,MaxHP,10
UNIT_CROSSBOWMAN,10,kv,ShieldCost,900
UNIT_CROSSBOWMAN,11,kv,PowerPoints,200
UNIT_CROSSBOWMAN,12,kv,ShieldHunger,4
UNIT_CROSSBOWMAN,13,kv,FoodHunger,0
UNIT_CROSSBOWMAN,14,kv,MaxMovePoints,100
UNIT_CROSSBOWMAN,15,kv,VisionRange,1
UNIT_CROSSBOWMAN,16,kv,EnableAdvance,ADVANCE_HAN
UNIT_CROSSBOWMAN,17,kv,ActiveDefenseRange,0
UNIT_CROSSBOWMAN,18,flag,LossMoveToDmgNone,
UNIT_CROSSBOWMAN,19,kv,MaxFuel,0
UNIT_CROSSBOWMAN,20,flag,CanEntrench,
UNIT_CROSSBOWMAN,21,flag,NoZoc,
UNIT_CROSSBOWMAN,22,flag,CanExpel,
UNIT_CROSSBOWMAN,23,flag,CanPillage,
UNIT_CROSSBOWMAN,24,flag,CanPirate,
UNIT_CROSSBOWMAN,25,flag,ExertsMartialLaw,
UNIT_CROSSBOWMAN,26,flag,DeathEffectsHappy,
UNIT_CROSSBOWMAN,27,flag,OnlyBuildOne,
UNIT_CROSSBOWMAN,28,kv,SoundSelect1,SOUND_SELECT1_ARCHER
UNIT_CROSSBOWMAN,29,kv,SoundSelect2,SOUND_SELECT2_ARCHER
UNIT_CROSSBOWMAN,30,kv,SoundMove,SOUND_MOVE_ARCHER
UNIT_CROSSBOWMAN,31,kv,SoundAcknowledge,SOUND_ACKNOWLEDGE_ARCHER
UNIT_CROSSBOWMAN,32,kv,SoundCantMove,SOUND_CANTMOVE_ARCHER
UNIT_CROSSBOWMAN,33,kv,SoundAttack,SOUND_ATTACK_ARCHER
UNIT_CROSSBOWMAN,34,kv,SoundWork,SOUND_WORK_ARCHER
UNIT_CROSSBOWMAN,35,kv,SoundVictory,SOUND_VICTORY_ARCHER
UNIT_CROSSBOWMAN,36,kv,SoundDeath,SOUND_DEATH_ARCHER
UNIT_CROSSBOWMAN,37,sublist,CanAttack,Land
UNIT_CROSSBOWMAN,38,sublist,CanSee,Standard
UNIT_CROSSBOWMAN,39,sublist,MovementType,Land
UNIT_CROSSBOWMAN,40,sublist,MovementType,Mountain
UNIT_CROSSBOWMAN,41,sublist,Size,Medium
UNIT_CROSSBOWMAN,42,sublist,VisionClass,Standard
UNIT_CROSSBOWMAN,43,nested,CanReform,"[{""t"": ""kv"", ""k"": ""Sound"", ""v"": ""SOUND_ID_REFORM_CITY""}, {""t"": ""kv"", ""k"": ""Effect"", ""v"": ""SPECEFFECT_REFORMCITY""}]"
UNIT_CRUISE_MISSILE,0,flag,CantBuild,
UNIT_CRUISE_MISSILE,1,flag,GLHidden,
UNIT_CRUISE_MISSILE,2,kv,Description,DESCRIPTION_UNIT_CRUISE_MISSILE
UNIT_CRUISE_MISSILE,3,kv,DefaultIcon,ICON_UNIT_CRUISE_MISSILE
UNIT_CRUISE_MISSILE,4,kv,DefaultSprite,SPRITE_CRUISE_MISSILE
UNIT_CRUISE_MISSILE,5,kv,Category,UNIT_CATEGORY_AERIAL
UNIT_CRUISE_MISSILE,6,kv,Attack,65
UNIT_CRUISE_MISSILE,7,kv,Defense,10
UNIT_CRUISE_MISSILE,8,kv,ZBRangeAttack,60
UNIT_CRUISE_MISSILE,9,kv,Firepower,1
UNIT_CRUISE_MISSILE,10,kv,Armor,1
UNIT_CRUISE_MISSILE,11,kv,MaxHP,10
UNIT_CRUISE_MISSILE,12,kv,ShieldCost,2100
UNIT_CRUISE_MISSILE,13,kv,PowerPoints,100
UNIT_CRUISE_MISSILE,14,kv,ShieldHunger,21
UNIT_CRUISE_MISSILE,15,kv,FoodHunger,0
UNIT_CRUISE_MISSILE,16,kv,MaxMovePoints,1000
UNIT_CRUISE_MISSILE,17,kv,VisionRange,2
UNIT_CRUISE_MISSILE,18,kv,EnableAdvance,ADVANCE_HEXTAPUL
UNIT_CRUISE_MISSILE,19,kv,BombRounds,10
UNIT_CRUISE_MISSILE,20,kv,BombardRange,1
UNIT_CRUISE_MISSILE,21,kv,ActiveDefenseRange,0
UNIT_CRUISE_MISSILE,22,flag,LossMoveToDmgNone,
UNIT_CRUISE_MISSILE,23,flag,NoFuelThenCrash,
UNIT_CRUISE_MISSILE,24,kv,MaxFuel,1000
UNIT_CRUISE_MISSILE,25,flag,IgnoreZOC,
UNIT_CRUISE_MISSILE,26,flag,NoZoc,
UNIT_CRUISE_MISSILE,27,flag,CanBeachAssault,
UNIT_CRUISE_MISSILE,28,flag,CantCaptureCity,
UNIT_CRUISE_MISSILE,29,flag,SingleUse,
UNIT_CRUISE_MISSILE,30,flag,Explodes,
UNIT_CRUISE_MISSILE,31,flag,OnlyBuildOne,
UNIT_CRUISE_MISSILE,32,kv,SoundSelect1,SOUND_SELECT1_CRUISE_MISSILE
UNIT_CRUISE_MISSILE,33,kv,SoundSelect2,SOUND_SELECT2_CRUISE_MISSILE
UNIT_CRUISE_MISSILE,34,kv,SoundMove,SOUND_MOVE_CRUISE_MISSILE
UNIT_CRUISE_MISSILE,35,kv,SoundAcknowledge,SOUND_ACKNOWLEDGE_CRUISE_MISSILE
UNIT_CRUISE_MISSILE,36,kv,SoundCantMove,SOUND_CANTMOVE_CRUISE_MISSILE
UNIT_CRUISE_MISSILE,37,kv,SoundAttack,SOUND_ATTACK_CRUISE_MISSILE
UNIT_CRUISE_MISSILE,38,kv,SoundWork,SOUND_WORK_CRUISE_MISSILE
UNIT_CRUISE_MISSILE,39,kv,SoundVictory,SOUND_VICTORY_CRUISE_MISSILE
UNIT_CRUISE_MISSILE,40,kv,SoundDeath,SOUND_DEATH_CRUISE_MISSILE
UNIT_CRUISE_MISSILE,41,sublist,CanAttack,Land
UNIT_CRUISE_MISSILE,42,sublist,CanAttack,Mountain
UNIT_CRUISE_MISSILE,43,sublist,CanAttack,Air
UNIT_CRUISE_MISSILE,44,sublist,CanAttack,Sea
UNIT_CRUISE_MISSILE,45,sublist,CanAttack,ShallowWater
UNIT_CRUISE_MISSILE,46,sublist,CanSee,Standard
UNIT_CRUISE_MISSILE,47,sublist,MovementType,Air
UNIT_CRUISE_MISSILE,48,sublist,Size,Small
UNIT_CRUISE_MISSILE,49,sublist,VisionClass,Standard
UNIT_CYBER_NINJA,0,flag,CantBuild,
UNIT_CYBER_NINJA,1,flag,GLHidden,
UNIT_CYBER_NINJA,2,kv,Description,DESCRIPTION_UNIT_CYBER_NINJA
UNIT_CYBER_NINJA,3,kv,DefaultIcon,ICON_UNIT_CYBER_NINJA
UNIT_CYBER_NINJA,4,kv,DefaultSprite,SPRITE_CYBER_NINJA
UNIT_CYBER_NINJA,5,kv,Category,UNIT_CATEGORY_SPECIAL
UNIT_CYBER_NINJA,6,kv,Attack,0
UNIT_CYBER_NINJA,7,kv,Defense,10
UNIT_CYBER_NINJA,8,kv,ZBRangeAttack,0
UNIT_CYBER_NINJA,9,kv,Firepower,1
UNIT_CYBER_NINJA,10,kv,Armor,1
UNIT_CYBER_NINJA,11,kv,MaxHP,15
UNIT_CYBER_NINJA,12,kv,ShieldCost,3000
UNIT_CYBER_NINJA,13,kv,PowerPoints,2500
UNIT_CYBER_NINJA,14,kv,ShieldHunger,30
UNIT_CYBER_NINJA,15,kv,FoodHunger,0
UNIT_CYBER_NINJA,16,kv,MaxMovePoints,400
UNIT_CYBER_NINJA,17,kv,VisionRange,3
UNIT_CYBER_NINJA,18,kv,EnableAdvance,ADVANCE_HEXTAPUL
UNIT_CYBER_NINJA,19,kv,ActiveDefenseRange,0
UNIT_CYBER_NINJA,20,flag,LossMoveToDmgNone,
UNIT_CYBER_NINJA,21,kv,MaxFuel,0
UNIT_CYBER_NINJA,22,flag,CanEntrench,
UNIT_CYBER_NINJA,23,flag,IgnoreZOC,
UNIT_CYBER_NINJA,24,flag,NoZoc,
UNIT_CYBER_NINJA,25,flag,CanBeExpelled,
UNIT_CYBER_NINJA,26,flag,CantCaptureCity,
UNIT_CYBER_NINJA,27,flag,IsSpecialForces,
UNIT_CYBER_NINJA,28,kv,DefendAgainstSpies,0.5
UNIT_CYBER_NINJA,29,flag,OnlyBuildOne,
UNIT_CYBER_NINJA,30,kv,SoundSelect1,SOUND_SELECT1_CYBER_NINJA
UNIT_CYBER_NINJA,31,kv,SoundSelect2,SOUND_SELECT2_CYBER_NINJA
UNIT_CYBER_NINJA,32,kv,SoundMove,SOUND_MOVE_CYBER_NINJA
UNIT_CYBER_NINJA,33,kv,SoundAcknowledge,SOUND_ACKNOWLEDGE_CYBER_NINJA
UNIT_CYBER_NINJA,34,kv,SoundCantMove,SOUND_CANTMOVE_CYBER_NINJA
UNIT_CYBER_NINJA,35,kv,SoundAttack,SOUND_ATTACK_CYBER_NINJA
UNIT_CYBER_NINJA,36,kv,SoundWork,SOUND_WORK_CYBER_NINJA
UNIT_CYBER_NINJA,37,kv,SoundVictory,SOUND_VICTORY_CYBER_NINJA
UNIT_CYBER_NINJA,38,kv,SoundDeath,SOUND_DEATH_CYBER_NINJA
UNIT_CYBER_NINJA,39,sublist,CanAttack,Land
UNIT_CYBER_NINJA,40,sublist,CanAttack,Mountain
UNIT_CYBER_NINJA,41,sublist,CanSee,Standard
UNIT_CYBER_NINJA,42,sublist,CanSee,Stealth
UNIT_CYBER_NINJA,43,sublist,MovementType,Land
UNIT_CYBER_NINJA,44,sublist,MovementType,Mountain
UNIT_CYBER_NINJA,45,sublist,Size,Small
UNIT_CYBER_NINJA,46,sublist,VisionClass,Stealth
UNIT_CYBER_NINJA,47,nested,InciteRevolution,"[{""t"": ""kv"", ""k"": ""Chance"", ""v"": ""0.35""}, {""t"": ""kv"", ""k"": ""EliteChance"", ""v"": ""0.5""}, {""t"": ""kv"", ""k"": ""DeathChance"", ""v"": ""0.25""}, {""t"": ""kv"", ""k"": ""Sound"", ""v"": ""SOUND_ID_INCITE_REVOLUTION_CN""}, {""t"": ""kv"", ""k"": ""Effect"", ""v"": ""SPECEFFECT_INCITE_REVOLUTION""}]"
UNIT_CYBER_NINJA,48,nested,InvestigateCity,"[{""t"": ""kv"", ""k"": ""Chance"", ""v"": ""0.85""}, {""t"": ""kv"", ""k"": ""EliteChance"", ""v"": ""0.9""}, {""t"": ""kv"", ""k"": ""DeathChance"", ""v"": ""0.25""}]"
UNIT_CYBER_NINJA,49,nested,PlantNuke,"[{""t"": ""kv"", ""k"": ""Chance"", ""v"": ""0.35""}, {""t"": ""kv"", ""k"": ""EscapeChance"", ""v"": ""0.5""}, {""t"": ""kv"", ""k"": ""Sound"", ""v"": ""SOUND_ID_PLANT_NUKE_CN""}, {""t"": ""kv"", ""k"": ""Effect"", ""v"": ""SPECEFFECT_PLANT_NUKE""}]"
UNIT_CYBER_NINJA,50,nested,StealTechnology,"[{""t"": ""kv"", ""k"": ""RandomChance"", ""v"": ""0.6""}, {""t"": ""kv"", ""k"": ""SpecificChance"", ""v"": ""0.25""}, {""t"": ""kv"", ""k"": ""DeathChance"", ""v"": ""0.25""}, {""t"": ""kv"", ""k"": ""Sound"", ""v"": ""SOUND_ID_STEAL_TECHNOLOGY_CN""}, {""t"": ""kv"", ""k"": ""Effect"", ""v"": ""SPECEFFECT_STEAL_TECHNOLOGY""}]"
UNIT_DESTROYER,0,flag,CantBuild,
UNIT_DESTROYER,1,flag,GLHidden,
UNIT_DESTROYER,2,kv,Description,DESCRIPTION_UNIT_DESTROYER
UNIT_DESTROYER,3,kv,DefaultIcon,ICON_UNIT_DESTROYER
UNIT_DESTROYER,4,kv,DefaultSprite,SPRITE_DESTROYER
UNIT_DESTROYER,5,kv,Category,UNIT_CATEGORY_NAVAL
UNIT_DESTROYER,6,kv,Attack,55
UNIT_DESTROYER,7,kv,Defense,45
UNIT_DESTROYER,8,kv,ZBRangeAttack,40
UNIT_DESTROYER,9,kv,Firepower,4
UNIT_DESTROYER,10,kv,Armor,2
UNIT_DESTROYER,11,kv,MaxHP,20
UNIT_DESTROYER,12,kv,ShieldCost,2500
UNIT_DESTROYER,13,kv,PowerPoints,1000
UNIT_DESTROYER,14,kv,ShieldHunger,25
UNIT_DESTROYER,15,kv,FoodHunger,0
UNIT_DESTROYER,16,kv,MaxMovePoints,1600
UNIT_DESTROYER,17,kv,VisionRange,3
UNIT_DESTROYER,18,kv,EnableAdvance,ADVANCE_HEXTAPUL
UNIT_DESTROYER,19,kv,BombRounds,5
UNIT_DESTROYER,20,kv,BombardRange,1
UNIT_DESTROYER,21,flag,CanCounterBombard,
UNIT_DESTROYER,22,kv,ActiveDefenseRange,1
UNIT_DESTROYER,23,flag,LossMoveToDmgNone,
UNIT_DESTROYER,24,kv,MaxFuel,0
UNIT_DESTROYER,25,flag,CanExpel,
UNIT_DESTROYER,26,flag,NoZoc,
UNIT_DESTROYER,27,flag,CanPillage,
UNIT_DESTROYER,28,flag,CanPirate,
UNIT_DESTROYER,29,flag,CantCaptureCity,
UNIT_DESTROYER,30,flag,ExertsMartialLaw,
UNIT_DESTROYER,31,flag,DeathEffectsHappy,
UNIT_DESTROYER,32,flag,IsFlanker,
UNIT_DESTROYER,33,flag,Explodes,
UNIT_DESTROYER,34,flag,OnlyBuildOne,
UNIT_DESTROYER,35,kv,SoundSelect1,SOUND_SELECT1_DESTROYER
UNIT_DESTROYER,36,kv,SoundSelect2,SOUND_SELECT2_DESTROYER
UNIT_DESTROYER,37,kv,SoundMove,SOUND_MOVE_DESTROYER
UNIT_DESTROYER,38,kv,SoundAcknowledge,SOUND_ACKNOWLEDGE_DESTROYER
UNIT_DESTROYER,39,kv,SoundCantMove,SOUND_CANTMOVE_DESTROYER
UNIT_DESTROYER,40,kv,SoundAttack,SOUND_ATTACK_DESTROYER
UNIT_DESTROYER,41,kv,SoundWork,SOUND_WORK_DESTROYER
UNIT_DESTROYER,42,kv,SoundVictory,SOUND_VICTORY_DESTROYER
UNIT_DESTROYER,43,kv,SoundDeath,SOUND_DEATH_DESTROYER
UNIT_DESTROYER,44,sublist,CanAttack,Air
UNIT_DESTROYER,45,sublist,CanAttack,Sea
UNIT_DESTROYER,46,sublist,CanAttack,ShallowWater
UNIT_DESTROYER,47,sublist,CanBombard,Land
UNIT_DESTROYER,48,sublist,CanBombard,Mountain
UNIT_DESTROYER,49,sublist,CanBombard,Air
UNIT_DESTROYER,50,sublist,CanBombard,Water
UNIT_DESTROYER,51,sublist,CanSee,Standard
UNIT_DESTROYER,52,sublist,MovementType,Sea
UNIT_DESTROYER,53,sublist,MovementType,ShallowWater
UNIT_DESTROYER,54,sublist,Size,Large
UNIT_DESTROYER,55,sublist,VisionClass,Standard
UNIT_DESTROYER,56,nested,CanReform,"[{""t"": ""kv"", ""k"": ""Sound"", ""v"": ""SOUND_ID_REFORM_CITY""}, {""t"": ""kv"", ""k"": ""Effect"", ""v"": ""SPECEFFECT_REFORMCITY""}]"
UNIT_DIPLOMAT,0,kv,Description,DESCRIPTION_UNIT_DIPLOMAT
UNIT_DIPLOMAT,1,kv,DefaultIcon,ICON_UNIT_DIPLOMAT
UNIT_DIPLOMAT,2,kv,DefaultSprite,SPRITE_DIPLOMAT
UNIT_DIPLOMAT,3,kv,Category,UNIT_CATEGORY_SPECIAL
UNIT_DIPLOMAT,4,kv,Attack,0
UNIT_DIPLOMAT,5,kv,Defense,5
UNIT_DIPLOMAT,6,kv,ZBRangeAttack,0
UNIT_DIPLOMAT,7,kv,Firepower,1
UNIT_DIPLOMAT,8,kv,Armor,1
UNIT_DIPLOMAT,9,kv,MaxHP,10
UNIT_DIPLOMAT,10,kv,ShieldCost,1500
UNIT_DIPLOMAT,11,kv,PowerPoints,100
UNIT_DIPLOMAT,12,kv,ShieldHunger,3
UNIT_DIPLOMAT,13,kv,FoodHunger,0
UNIT_DIPLOMAT,14,kv,MaxMovePoints,700
UNIT_DIPLOMAT,15,kv,VisionRange,1
UNIT_DIPLOMAT,16,kv,EnableAdvance,ADVANCE_ARCHERY
UNIT_DIPLOMAT,17,kv,ActiveDefenseRange,0
UNIT_DIPLOMAT,18,flag,LossMoveToDmgNone,
UNIT_DIPLOMAT,19,kv,MaxFuel,0
UNIT_DIPLOMAT,20,flag,CanEntrench,
UNIT_DIPLOMAT,21,flag,IgnoreZOC,
UNIT_DIPLOMAT,22,flag,NoZoc,
UNIT_DIPLOMAT,23,flag,CanBeExpelled,
UNIT_DIPLOMAT,24,flag,CanBeSued,
UNIT_DIPLOMAT,25,flag,CantCaptureCity,
UNIT_DIPLOMAT,26,flag,EstablishEmbassy,
UNIT_DIPLOMAT,27,flag,ThrowParty,
UNIT_DIPLOMAT,28,flag,DeathEffectsHappy,
UNIT_DIPLOMAT,29,flag,IsSpecialForces,
UNIT_DIPLOMAT,30,flag,Civilian,
UNIT_DIPLOMAT,31,flag,OnlyBuildOne,
UNIT_DIPLOMAT,32,kv,SoundSelect1,SOUND_SELECT1_DIPLOMAT
UNIT_DIPLOMAT,33,kv,SoundSelect2,SOUND_SELECT2_DIPLOMAT
UNIT_DIPLOMAT,34,kv,SoundMove,SOUND_MOVE_DIPLOMAT
UNIT_DIPLOMAT,35,kv,SoundAcknowledge,SOUND_ACKNOWLEDGE_DIPLOMAT
UNIT_DIPLOMAT,36,kv,SoundCantMove,SOUND_CANTMOVE_DIPLOMAT
UNIT_DIPLOMAT,37,kv,SoundAttack,SOUND_ATTACK_DIPLOMAT
UNIT_DIPLOMAT,38,kv,SoundWork,SOUND_WORK_DIPLOMAT
UNIT_DIPLOMAT,39,kv,SoundVictory,SOUND_VICTORY_DIPLOMAT
UNIT_DIPLOMAT,40,kv,SoundDeath,SOUND_DEATH_DIPLOMAT
UNIT_DIPLOMAT,41,sublist,CanSee,Standard
UNIT_DIPLOMAT,42,sublist,CanSee,Stealth
UNIT_DIPLOMAT,43,sublist,MovementType,Land
UNIT_DIPLOMAT,44,sublist,MovementType,Mountain
UNIT_DIPLOMAT,45,sublist,Size,Small
UNIT_DIPLOMAT,46,sublist,VisionClass,Standard
UNIT_DIPLOMAT,47,nested,InvestigateCity,"[{""t"": ""kv"", ""k"": ""Chance"", ""v"": ""0.6""}, {""t"": ""kv"", ""k"": ""EliteChance"", ""v"": ""0.7""}, {""t"": ""kv"", ""k"": ""DeathChance"", ""v"": ""0.1""}]"
UNIT_DIPLOMAT,48,nested,CanReform,"[{""t"": ""kv"", ""k"": ""Sound"", ""v"": ""SOUND_ID_REFORM_CITY""}, {""t"": ""kv"", ""k"": ""Effect"", ""v"": ""SPECEFFECT_REFORMCITY""}]"
UNIT_DREADNAUGHT,0,flag,CantBuild,
UNIT_DREADNAUGHT,1,flag,GLHidden,
UNIT_DREADNAUGHT,2,kv,Description,DESCRIPTION_UNIT_DREADNAUGHT
UNIT_DREADNAUGHT,3,kv,DefaultIcon,ICON_UNIT_DREADNAUGHT
UNIT_DREADNAUGHT,4,kv,DefaultSprite,SPRITE_DREADNAUGHT
UNIT_DREADNAUGHT,5,kv,Category,UNIT_CATEGORY_UNDERSEA
UNIT_DREADNAUGHT,6,kv,Attack,100
UNIT_DREADNAUGHT,7,kv,Defense,85
UNIT_DREADNAUGHT,8,kv,ZBRangeAttack,100
UNIT_DREADNAUGHT,9,kv,Firepower,6
UNIT_DREADNAUGHT,10,kv,Armor,5
UNIT_DREADNAUGHT,11,kv,MaxHP,25
UNIT_DREADNAUGHT,12,kv,ShieldCost,7000
UNIT_DREADNAUGHT,13,kv,PowerPoints,100
UNIT_DREADNAUGHT,14,kv,ShieldHunger,70
UNIT_DREADNAUGHT,15,kv,FoodHunger,0
UNIT_DREADNAUGHT,16,kv,MaxMovePoints,1200
UNIT_DREADNAUGHT,17,kv,VisionRange,4
UNIT_DREADNAUGHT,18,kv,EnableAdvance,ADVANCE_HEXTAPUL
UNIT_DREADNAUGHT,19,kv,ActiveDefenseRange,0
UNIT_DREADNAUGHT,20,flag,LossMoveToDmgNone,
UNIT_DREADNAUGHT,21,kv,MaxFuel,0
UNIT_DREADNAUGHT,22,flag,CanExpel,
UNIT_DREADNAUGHT,23,flag,NoZoc,
UNIT_DREADNAUGHT,24,flag,CanPillage,
UNIT_DREADNAUGHT,25,flag,CanPirate,
UNIT_DREADNAUGHT,26,flag,DeathEffectsHappy,
UNIT_DREADNAUGHT,27,flag,IsSubmarine,
UNIT_DREADNAUGHT,28,flag,Explodes,
UNIT_DREADNAUGHT,29,flag,OnlyBuildOne,
UNIT_DREADNAUGHT,30,kv,SoundSelect1,SOUND_SELECT1_DREADNAUGHT
UNIT_DREADNAUGHT,31,kv,SoundSelect2,SOUND_SELECT2_DREADNAUGHT
UNIT_DREADNAUGHT,32,kv,SoundMove,SOUND_MOVE_DREADNAUGHT
UNIT_DREADNAUGHT,33,kv,SoundAcknowledge,SOUND_ACKNOWLEDGE_DREADNAUGHT
UNIT_DREADNAUGHT,34,kv,SoundCantMove,SOUND_CANTMOVE_DREADNAUGHT
UNIT_DREADNAUGHT,35,kv,SoundAttack,SOUND_ATTACK_DREADNAUGHT
UNIT_DREADNAUGHT,36,kv,SoundWork,SOUND_WORK_DREADNAUGHT
UNIT_DREADNAUGHT,37,kv,SoundVictory,SOUND_VICTORY_DREADNAUGHT
UNIT_DREADNAUGHT,38,kv,SoundDeath,SOUND_DEATH_DREADNAUGHT
UNIT_DREADNAUGHT,39,sublist,CanAttack,Sea
UNIT_DREADNAUGHT,40,sublist,CanAttack,Underwater
UNIT_DREADNAUGHT,41,sublist,CanAttack,ShallowWater
UNIT_DREADNAUGHT,42,sublist,CanSee,Standard
UNIT_DREADNAUGHT,43,sublist,CanSee,Underwater
UNIT_DREADNAUGHT,44,sublist,MovementType,Sea
UNIT_DREADNAUGHT,45,sublist,MovementType,ShallowWater
UNIT_DREADNAUGHT,46,sublist,Size,Large
UNIT_DREADNAUGHT,47,sublist,VisionClass,Underwater
UNIT_DREADNAUGHT,48,nested,CanReform,"[{""t"": ""kv"", ""k"": ""Sound"", ""v"": ""SOUND_ID_REFORM_CITY""}, {""t"": ""kv"", ""k"": ""Effect"", ""v"": ""SPECEFFECT_REFORMCITY""}]"
UNIT_DROMON,0,kv,Description,DESCRIPTION_UNIT_LONGSHIP
UNIT_DROMON,1,kv,DefaultIcon,ICON_UNIT_DROMON
UNIT_DROMON,2,kv,DefaultSprite,SPRITE_DROMON
UNIT_DROMON,3,kv,Category,UNIT_CATEGORY_NAVAL
UNIT_DROMON,4,kv,Attack,30
UNIT_DROMON,5,kv,Defense,20
UNIT_DROMON,6,kv,ZBRangeAttack,25
UNIT_DROMON,7,kv,Firepower,2
UNIT_DROMON,8,kv,Armor,1
UNIT_DROMON,9,kv,MaxHP,20
UNIT_DROMON,10,kv,ShieldCost,1500
UNIT_DROMON,11,kv,PowerPoints,300
UNIT_DROMON,12,kv,ShieldHunger,15
UNIT_DROMON,13,kv,FoodHunger,0
UNIT_DROMON,14,kv,MaxMovePoints,2
UNIT_DROMON,15,kv,VisionRange,1
UNIT_DROMON,16,kv,EnableAdvance,ADVANCE_SHIP_BUILDING
UNIT_DROMON,17,kv,BombRounds,3
UNIT_DROMON,18,kv,BombardRange,1
UNIT_DROMON,19,flag,CanCounterBombard,
UNIT_DROMON,20,kv,ActiveDefenseRange,0
UNIT_DROMON,21,flag,LossMoveToDmgNone,
UNIT_DROMON,22,kv,MaxFuel,0
UNIT_DROMON,23,flag,CanExpel,
UNIT_DROMON,24,flag,NoZoc,
UNIT_DROMON,25,flag,CanPillage,
UNIT_DROMON,26,flag,CanPirate,
UNIT_DROMON,27,flag,CantCaptureCity,
UNIT_DROMON,28,flag,DeathEffectsHappy,
UNIT_DROMON,29,flag,WoodenShip,
UNIT_DROMON,30,flag,AttackWoodenShipBonus,
UNIT_DROMON,31,kv,WoodenShipBonus,0.15
UNIT_DROMON,32,flag,OnlyBuildOne,
UNIT_DROMON,33,kv,SoundSelect1,SOUND_SELECT1_LONGSHIP
UNIT_DROMON,34,kv,SoundSelect2,SOUND_SELECT2_LONGSHIP
UNIT_DROMON,35,kv,SoundMove,SOUND_MOVE_LONGSHIP
UNIT_DROMON,36,kv,SoundAcknowledge,SOUND_ACKNOWLEDGE_LONGSHIP
UNIT_DROMON,37,kv,SoundCantMove,SOUND_CANTMOVE_LONGSHIP
UNIT_DROMON,38,kv,SoundAttack,SOUND_ATTACK_LONGSHIP
UNIT_DROMON,39,kv,SoundWork,SOUND_WORK_LONGSHIP
UNIT_DROMON,40,kv,SoundVictory,SOUND_VICTORY_LONGSHIP
UNIT_DROMON,41,kv,SoundDeath,SOUND_DEATH_LONGSHIP
UNIT_DROMON,42,sublist,CanCarry,SmallLand
UNIT_DROMON,43,sublist,CanCarry,MedLand
UNIT_DROMON,44,sublist,CanAttack,ShallowWater
UNIT_DROMON,45,sublist,CanBombard,Land
UNIT_DROMON,46,sublist,CanBombard,Water
UNIT_DROMON,47,sublist,CanSee,Standard
UNIT_DROMON,48,sublist,MovementType,ShallowWater
UNIT_DROMON,49,sublist,Size,Large
UNIT_DROMON,50,sublist,VisionClass,Standard
UNIT_DROMON,51,nested,CargoData,"[{""t"": ""kv"", ""k"": ""MaxCargo"", ""v"": ""1""}, {""t"": ""kv"", ""k"": ""Load"", ""v"": ""SOUND_ID_TROOP_SHIP_LOAD""}, {""t"": ""kv"", ""k"": ""Unload"", ""v"": ""SOUND_ID_TROOP_SHIP_UNLOAD""}]"
UNIT_DROMON,52,nested,CanReform,"[{""t"": ""kv"", ""k"": ""Sound"", ""v"": ""SOUND_ID_REFORM_CITY""}, {""t"": ""kv"", ""k"": ""Effect"", ""v"": ""SPECEFFECT_REFORMCITY""}]"
UNIT_ECO_RANGER,0,flag,CantBuild,
UNIT_ECO_RANGER,1,flag,GLHidden,
UNIT_ECO_RANGER,2,kv,Description,DESCRIPTION_UNIT_ECO_RANGER
UNIT_ECO_RANGER,3,kv,DefaultIcon,ICON_UNIT_ECO_RANGER
UNIT_ECO_RANGER,4,kv,DefaultSprite,SPRITE_ECO_RANGER
UNIT_ECO_RANGER,5,kv,Category,UNIT_CATEGORY_SPECIAL
UNIT_ECO_RANGER,6,kv,Attack,0
UNIT_ECO_RANGER,7,kv,Defense,10
UNIT_ECO_RANGER,8,kv,ZBRangeAttack,0
UNIT_ECO_RANGER,9,kv,Firepower,1
UNIT_ECO_RANGER,10,kv,Armor,1
UNIT_ECO_RANGER,11,kv,MaxHP,15
UNIT_ECO_RANGER,12,kv,ShieldCost,4500
UNIT_ECO_RANGER,13,kv,PowerPoints,100
UNIT_ECO_RANGER,14,kv,ShieldHunger,45
UNIT_ECO_RANGER,15,kv,FoodHunger,0
UNIT_ECO_RANGER,16,kv,MaxMovePoints,300
UNIT_ECO_RANGER,17,kv,VisionRange,3
UNIT_ECO_RANGER,18,kv,EnableAdvance,ADVANCE_HEXTAPUL
UNIT_ECO_RANGER,19,kv,ActiveDefenseRange,0
UNIT_ECO_RANGER,20,flag,LossMoveToDmgNone,
UNIT_ECO_RANGER,21,kv,MaxFuel,0
UNIT_ECO_RANGER,22,flag,CanEntrench,
UNIT_ECO_RANGER,23,flag,IgnoreZOC,
UNIT_ECO_RANGER,24,flag,NoZoc,
UNIT_ECO_RANGER,25,flag,CanBeExpelled,
UNIT_ECO_RANGER,26,flag,CantCaptureCity,
UNIT_ECO_RANGER,27,flag,DeathEffectsHappy,
UNIT_ECO_RANGER,28,flag,IsSpecialForces,
UNIT_ECO_RANGER,29,flag,OnlyBuildOne,
UNIT_ECO_RANGER,30,kv,SoundSelect1,SOUND_SELECT1_ECO_RANGER
UNIT_ECO_RANGER,31,kv,SoundSelect2,SOUND_SELECT2_ECO_RANGER
UNIT_ECO_RANGER,32,kv,SoundMove,SOUND_MOVE_ECO_RANGER
UNIT_ECO_RANGER,33,kv,SoundAcknowledge,SOUND_ACKNOWLEDGE_ECO_RANGER
UNIT_ECO_RANGER,34,kv,SoundCantMove,SOUND_CANTMOVE_ECO_RANGER
UNIT_ECO_RANGER,35,kv,SoundAttack,SOUND_ATTACK_ECO_RANGER
UNIT_ECO_RANGER,36,kv,SoundWork,SOUND_WORK_ECO_RANGER
UNIT_ECO_RANGER,37,kv,SoundVictory,SOUND_VICTORY_ECO_RANGER
UNIT_ECO_RANGER,38,kv,SoundDeath,SOUND_DEATH_ECO_RANGER
UNIT_ECO_RANGER,39,sublist,CanSee,Standard
UNIT_ECO_RANGER,40,sublist,MovementType,Land
UNIT_ECO_RANGER,41,sublist,MovementType,Mountain
UNIT_ECO_RANGER,42,sublist,Size,Small
UNIT_ECO_RANGER,43,sublist,VisionClass,Standard
UNIT_ECO_RANGER,44,nested,CreateParks,"[{""t"": ""kv"", ""k"": ""Sound"", ""v"": ""SOUND_ID_CREATE_PARKS""}, {""t"": ""kv"", ""k"": ""Effect"", ""v"": ""SPECEFFECT_CREATE_PARKS""}]"
UNIT_ECO_TERRORIST,0,flag,CantBuild,
UNIT_ECO_TERRORIST,1,flag,GLHidden,
UNIT_ECO_TERRORIST,2,kv,Description,DESCRIPTION_UNIT_ECO_TERRORIST
UNIT_ECO_TERRORIST,3,kv,DefaultIcon,ICON_UNIT_ECO_TERRORIST
UNIT_ECO_TERRORIST,4,kv,DefaultSprite,SPRITE_ECO_TERRORIST
UNIT_ECO_TERRORIST,5,kv,Category,UNIT_CATEGORY_SPECIAL
UNIT_ECO_TERRORIST,6,kv,Attack,0
UNIT_ECO_TERRORIST,7,kv,Defense,10
UNIT_ECO_TERRORIST,8,kv,ZBRangeAttack,0
UNIT_ECO_TERRORIST,9,kv,Firepower,1
UNIT_ECO_TERRORIST,10,kv,Armor,1
UNIT_ECO_TERRORIST,11,kv,MaxHP,15
UNIT_ECO_TERRORIST,12,kv,ShieldCost,4000
UNIT_ECO_TERRORIST,13,kv,PowerPoints,5000
UNIT_ECO_TERRORIST,14,kv,ShieldHunger,40
UNIT_ECO_TERRORIST,15,kv,FoodHunger,0
UNIT_ECO_TERRORIST,16,kv,MaxMovePoints,400
UNIT_ECO_TERRORIST,17,kv,VisionRange,2
UNIT_ECO_TERRORIST,18,kv,EnableAdvance,ADVANCE_HEXTAPUL
UNIT_ECO_TERRORIST,19,kv,ActiveDefenseRange,0
UNIT_ECO_TERRORIST,20,flag,LossMoveToDmgNone,
UNIT_ECO_TERRORIST,21,kv,MaxFuel,0
UNIT_ECO_TERRORIST,22,flag,CanEntrench,
UNIT_ECO_TERRORIST,23,flag,IgnoreZOC,
UNIT_ECO_TERRORIST,24,flag,NoZoc,
UNIT_ECO_TERRORIST,25,flag,CanBeExpelled,
UNIT_ECO_TERRORIST,26,flag,CantCaptureCity,
UNIT_ECO_TERRORIST,27,flag,DeathEffectsHappy,
UNIT_ECO_TERRORIST,28,flag,IsSpecialForces,
UNIT_ECO_TERRORIST,29,flag,OnlyBuildOne,
UNIT_ECO_TERRORIST,30,kv,SoundSelect1,SOUND_SELECT1_ECOTERRORIST
UNIT_ECO_TERRORIST,31,kv,SoundSelect2,SOUND_SELECT2_ECOTERRORIST
UNIT_ECO_TERRORIST,32,kv,SoundMove,SOUND_MOVE_ECOTERRORIST
UNIT_ECO_TERRORIST,33,kv,SoundAcknowledge,SOUND_ACKNOWLEDGE_ECOTERRORIST
UNIT_ECO_TERRORIST,34,kv,SoundCantMove,SOUND_CANTMOVE_ECOTERRORIST
UNIT_ECO_TERRORIST,35,kv,SoundAttack,SOUND_ATTACK_ECOTERRORIST
UNIT_ECO_TERRORIST,36,kv,SoundWork,SOUND_WORK_ECOTERRORIST
UNIT_ECO_TERRORIST,37,kv,SoundVictory,SOUND_VICTORY_ECOTERRORIST
UNIT_ECO_TERRORIST,38,kv,SoundDeath,SOUND_DEATH_ECOTERRORIST
UNIT_ECO_TERRORIST,39,sublist,CanSee,Standard
UNIT_ECO_TERRORIST,40,sublist,CanSee,Stealth
UNIT_ECO_TERRORIST,41,sublist,MovementType,Land
UNIT_ECO_TERRORIST,42,sublist,MovementType,Mountain
UNIT_ECO_TERRORIST,43,sublist,Size,Small
UNIT_ECO_TERRORIST,44,sublist,VisionClass,Stealth
UNIT_ECO_TERRORIST,45,nested,AssasinateRuler,"[{""t"": ""kv"", ""k"": ""Chance"", ""v"": ""0.5""}, {""t"": ""kv"", ""k"": ""EliteChance"", ""v"": ""0.7""}, {""t"": ""kv"", ""k"": ""DeathChance"", ""v"": ""0.3""}]"
UNIT_ECO_TERRORIST,46,nested,NanoTerror,"[{""t"": ""kv"", ""k"": ""Chance"", ""v"": ""0.5""}, {""t"": ""kv"", ""k"": ""Sound"", ""v"": ""SOUND_ID_NANO_TERROR""}, {""t"": ""kv"", ""k"": ""Effect"", ""v"": ""SPECEFFECT_NANO""}]"
UNIT_ELEPHANT_WARRIOR,0,kv,Description,DESCRIPTION_UNIT_KNIGHT
UNIT_ELEPHANT_WARRIOR,1,kv,DefaultIcon,ICON_UNIT_ELEPHANT_WARRIOR
UNIT_ELEPHANT_WARRIOR,2,kv,DefaultSprite,SPRITE_ELEPHANT_WARRIOR
UNIT_ELEPHANT_WARRIOR,3,kv,Category,UNIT_CATEGORY_FLANKER
UNIT_ELEPHANT_WARRIOR,4,kv,Attack,40
UNIT_ELEPHANT_WARRIOR,5,kv,Defense,30
UNIT_ELEPHANT_WARRIOR,6,kv,ZBRangeAttack,0
UNIT_ELEPHANT_WARRIOR,7,kv,Firepower,2
UNIT_ELEPHANT_WARRIOR,8,kv,Armor,1
UNIT_ELEPHANT_WARRIOR,9,kv,MaxHP,18
UNIT_ELEPHANT_WARRIOR,10,kv,ShieldCost,1000
UNIT_ELEPHANT_WARRIOR,11,kv,PowerPoints,400
UNIT_ELEPHANT_WARRIOR,12,kv,ShieldHunger,5
UNIT_ELEPHANT_WARRIOR,13,kv,FoodHunger,0
UNIT_ELEPHANT_WARRIOR,14,kv,MaxMovePoints,200
UNIT_ELEPHANT_WARRIOR,15,kv,VisionRange,2
UNIT_ELEPHANT_WARRIOR,16,kv,EnableAdvance,ADVANCE_INDIA
UNIT_ELEPHANT_WARRIOR,17,kv,ActiveDefenseRange,0
UNIT_ELEPHANT_WARRIOR,18,flag,LossMoveToDmgNone,
UNIT_ELEPHANT_WARRIOR,19,kv,MaxFuel,0
UNIT_ELEPHANT_WARRIOR,20,flag,CanEntrench,
UNIT_ELEPHANT_WARRIOR,21,flag,NoZoc,
UNIT_ELEPHANT_WARRIOR,22,flag,CanExpel,
UNIT_ELEPHANT_WARRIOR,23,flag,CanPillage,
UNIT_ELEPHANT_WARRIOR,24,flag,CanPirate,
UNIT_ELEPHANT_WARRIOR,25,flag,ExertsMartialLaw,
UNIT_ELEPHANT_WARRIOR,26,flag,DeathEffectsHappy,
UNIT_ELEPHANT_WARRIOR,27,flag,IsFlanker,
UNIT_ELEPHANT_WARRIOR,28,flag,IsSpecialForces,
UNIT_ELEPHANT_WARRIOR,29,flag,OnlyBuildOne,
UNIT_ELEPHANT_WARRIOR,30,kv,SoundSelect1,SOUND_SELECT1_KNIGHT
UNIT_ELEPHANT_WARRIOR,31,kv,SoundSelect2,SOUND_SELECT2_KNIGHT
UNIT_ELEPHANT_WARRIOR,32,kv,SoundMove,SOUND_MOVE_KNIGHT
UNIT_ELEPHANT_WARRIOR,33,kv,SoundAcknowledge,SOUND_ACKNOWLEDGE_KNIGHT
UNIT_ELEPHANT_WARRIOR,34,kv,SoundCantMove,SOUND_CANTMOVE_KNIGHT
UNIT_ELEPHANT_WARRIOR,35,kv,SoundAttack,SOUND_ATTACK_KNIGHT
UNIT_ELEPHANT_WARRIOR,36,kv,SoundWork,SOUND_WORK_KNIGHT
UNIT_ELEPHANT_WARRIOR,37,kv,SoundVictory,SOUND_VICTORY_KNIGHT
UNIT_ELEPHANT_WARRIOR,38,kv,SoundDeath,SOUND_DEATH_KNIGHT
UNIT_ELEPHANT_WARRIOR,39,sublist,CanAttack,Land
UNIT_ELEPHANT_WARRIOR,40,sublist,CanSee,Standard
UNIT_ELEPHANT_WARRIOR,41,sublist,MovementType,Land
UNIT_ELEPHANT_WARRIOR,42,sublist,Size,Medium
UNIT_ELEPHANT_WARRIOR,43,sublist,VisionClass,Standard
UNIT_ELEPHANT_WARRIOR,44,nested,CanReform,"[{""t"": ""kv"", ""k"": ""Sound"", ""v"": ""SOUND_ID_REFORM_CITY""}, {""t"": ""kv"", ""k"": ""Effect"", ""v"": ""SPECEFFECT_REFORMCITY""}]"
UNIT_EMPATHIC_DIPLOMAT,0,flag,CantBuild,
UNIT_EMPATHIC_DIPLOMAT,1,flag,GLHidden,
UNIT_EMPATHIC_DIPLOMAT,2,kv,Description,DESCRIPTION_UNIT_EMPATHIC_DIPLOMAT
UNIT_EMPATHIC_DIPLOMAT,3,kv,DefaultIcon,ICON_UNIT_EMPATHIC_DIPLOMAT
UNIT_EMPATHIC_DIPLOMAT,4,kv,DefaultSprite,SPRITE_EMPATHIC_DIPLOMAT
UNIT_EMPATHIC_DIPLOMAT,5,kv,Category,UNIT_CATEGORY_SPECIAL
UNIT_EMPATHIC_DIPLOMAT,6,kv,Attack,0
UNIT_EMPATHIC_DIPLOMAT,7,kv,Defense,10
UNIT_EMPATHIC_DIPLOMAT,8,kv,ZBRangeAttack,0
UNIT_EMPATHIC_DIPLOMAT,9,kv,Firepower,1
UNIT_EMPATHIC_DIPLOMAT,10,kv,Armor,1
UNIT_EMPATHIC_DIPLOMAT,11,kv,MaxHP,10
UNIT_EMPATHIC_DIPLOMAT,12,kv,ShieldCost,1750
UNIT_EMPATHIC_DIPLOMAT,13,kv,PowerPoints,100
UNIT_EMPATHIC_DIPLOMAT,14,kv,ShieldHunger,17
UNIT_EMPATHIC_DIPLOMAT,15,kv,FoodHunger,0
UNIT_EMPATHIC_DIPLOMAT,16,kv,MaxMovePoints,300
UNIT_EMPATHIC_DIPLOMAT,17,kv,VisionRange,2
UNIT_EMPATHIC_DIPLOMAT,18,kv,EnableAdvance,ADVANCE_HEXTAPUL
UNIT_EMPATHIC_DIPLOMAT,19,kv,ActiveDefenseRange,0
UNIT_EMPATHIC_DIPLOMAT,20,flag,LossMoveToDmgNone,
UNIT_EMPATHIC_DIPLOMAT,21,kv,MaxFuel,0
UNIT_EMPATHIC_DIPLOMAT,22,flag,CanEntrench,
UNIT_EMPATHIC_DIPLOMAT,23,flag,IgnoreZOC,
UNIT_EMPATHIC_DIPLOMAT,24,flag,NoZoc,
UNIT_EMPATHIC_DIPLOMAT,25,flag,CanBeExpelled,
UNIT_EMPATHIC_DIPLOMAT,26,flag,CantCaptureCity,
UNIT_EMPATHIC_DIPLOMAT,27,flag,EstablishEmbassy,
UNIT_EMPATHIC_DIPLOMAT,28,flag,ThrowParty,
UNIT_EMPATHIC_DIPLOMAT,29,flag,DeathEffectsHappy,
UNIT_EMPATHIC_DIPLOMAT,30,flag,IsSpecialForces,
UNIT_EMPATHIC_DIPLOMAT,31,flag,Civilian,
UNIT_EMPATHIC_DIPLOMAT,32,flag,OnlyBuildOne,
UNIT_EMPATHIC_DIPLOMAT,33,kv,SoundSelect1,SOUND_SELECT1_EMPATHIC_DIPLOMAT
UNIT_EMPATHIC_DIPLOMAT,34,kv,SoundSelect2,SOUND_SELECT2_EMPATHIC_DIPLOMAT
UNIT_EMPATHIC_DIPLOMAT,35,kv,SoundMove,SOUND_MOVE_EMPATHIC_DIPLOMAT
UNIT_EMPATHIC_DIPLOMAT,36,kv,SoundAcknowledge,SOUND_ACKNOWLEDGE_EMPATHIC_DIPLOMAT
UNIT_EMPATHIC_DIPLOMAT,37,kv,SoundCantMove,SOUND_CANTMOVE_EMPATHIC_DIPLOMAT
UNIT_EMPATHIC_DIPLOMAT,38,kv,SoundAttack,SOUND_ATTACK_EMPATHIC_DIPLOMAT
UNIT_EMPATHIC_DIPLOMAT,39,kv,SoundWork,SOUND_WORK_EMPATHIC_DIPLOMAT
UNIT_EMPATHIC_DIPLOMAT,40,kv,SoundVictory,SOUND_VICTORY_EMPATHIC_DIPLOMAT
UNIT_EMPATHIC_DIPLOMAT,41,kv,SoundDeath,SOUND_DEATH_EMPATHIC_DIPLOMAT
UNIT_EMPATHIC_DIPLOMAT,42,sublist,CanSee,Standard
UNIT_EMPATHIC_DIPLOMAT,43,sublist,CanSee,Stealth
UNIT_EMPATHIC_DIPLOMAT,44,sublist,MovementType,Land
UNIT_EMPATHIC_DIPLOMAT,45,sublist,MovementType,Mountain
UNIT_EMPATHIC_DIPLOMAT,46,sublist,Size,Small
UNIT_EMPATHIC_DIPLOMAT,47,sublist,VisionClass,Standard
UNIT_EMPATHIC_DIPLOMAT,48,nested,InvestigateCity,"[{""t"": ""kv"", ""k"": ""Chance"", ""v"": ""0.6""}, {""t"": ""kv"", ""k"": ""EliteChance"", ""v"": ""0.7""}, {""t"": ""kv"", ""k"": ""DeathChance"", ""v"": ""0.2""}]"
UNIT_EMPATHIC_DIPLOMAT,49,nested,PlantNuke,"[{""t"": ""kv"", ""k"": ""Chance"", ""v"": ""0.25""}, {""t"": ""kv"", ""k"": ""EscapeChance"", ""v"": ""0.4""}, {""t"": ""kv"", ""k"": ""Sound"", ""v"": ""SOUND_ID_PLANT_NUKE_SP""}, {""t"": ""kv"", ""k"": ""Effect"", ""v"": ""SPECEFFECT_PLANT_NUKE""}]"
UNIT_FASCIST,0,flag,CantBuild,
UNIT_FASCIST,1,flag,GLHidden,
UNIT_FASCIST,2,kv,Description,DESCRIPTION_UNIT_FASCIST
UNIT_FASCIST,3,kv,DefaultIcon,ICON_UNIT_FASCIST
UNIT_FASCIST,4,kv,DefaultSprite,SPRITE_FASCIST
UNIT_FASCIST,5,kv,Category,UNIT_CATEGORY_ATTACK
UNIT_FASCIST,6,kv,Attack,65
UNIT_FASCIST,7,kv,Defense,45
UNIT_FASCIST,8,kv,ZBRangeAttack,45
UNIT_FASCIST,9,kv,Firepower,3
UNIT_FASCIST,10,kv,Armor,1
UNIT_FASCIST,11,kv,MaxHP,23
UNIT_FASCIST,12,kv,ShieldCost,1200
UNIT_FASCIST,13,kv,PowerPoints,1000
UNIT_FASCIST,14,kv,ShieldHunger,12
UNIT_FASCIST,15,kv,FoodHunger,0
UNIT_FASCIST,16,kv,MaxMovePoints,200
UNIT_FASCIST,17,kv,VisionRange,3
UNIT_FASCIST,18,kv,EnableAdvance,ADVANCE_HEXTAPUL
UNIT_FASCIST,19,kv,ActiveDefenseRange,0
UNIT_FASCIST,20,flag,LossMoveToDmgNone,
UNIT_FASCIST,21,kv,MaxFuel,0
UNIT_FASCIST,22,flag,CanEntrench,
UNIT_FASCIST,23,flag,NoZoc,
UNIT_FASCIST,24,flag,CanExpel,
UNIT_FASCIST,25,flag,CanPillage,
UNIT_FASCIST,26,flag,CanPirate,
UNIT_FASCIST,27,flag,ExertsMartialLaw,
UNIT_FASCIST,28,flag,DeathEffectsHappy,
UNIT_FASCIST,29,flag,IsSpecialForces,
UNIT_FASCIST,30,kv,DefendAgainstSpies,0.25
UNIT_FASCIST,31,flag,OnlyBuildOne,
UNIT_FASCIST,32,kv,SoundSelect1,SOUND_SELECT1_FASCIST
UNIT_FASCIST,33,kv,SoundSelect2,SOUND_SELECT2_FASCIST
UNIT_FASCIST,34,kv,SoundMove,SOUND_MOVE_FASCIST
UNIT_FASCIST,35,kv,SoundAcknowledge,SOUND_ACKNOWLEDGE_FASCIST
UNIT_FASCIST,36,kv,SoundCantMove,SOUND_CANTMOVE_FASCIST
UNIT_FASCIST,37,kv,SoundAttack,SOUND_ATTACK_FASCIST
UNIT_FASCIST,38,kv,SoundWork,SOUND_WORK_FASCIST
UNIT_FASCIST,39,kv,SoundVictory,SOUND_VICTORY_FASCIST
UNIT_FASCIST,40,kv,SoundDeath,SOUND_DEATH_FASCIST
UNIT_FASCIST,41,sublist,CanAttack,Land
UNIT_FASCIST,42,sublist,CanAttack,Mountain
UNIT_FASCIST,43,sublist,CanSee,Standard
UNIT_FASCIST,44,sublist,MovementType,Land
UNIT_FASCIST,45,sublist,MovementType,Mountain
UNIT_FASCIST,46,sublist,Size,Medium
UNIT_FASCIST,47,sublist,VisionClass,Standard
UNIT_FASCIST,48,nested,CanReform,"[{""t"": ""kv"", ""k"": ""Sound"", ""v"": ""SOUND_ID_REFORM_CITY""}, {""t"": ""kv"", ""k"": ""Effect"", ""v"": ""SPECEFFECT_REFORMCITY""}]"
UNIT_FIGHTER,0,flag,CantBuild,
UNIT_FIGHTER,1,flag,GLHidden,
UNIT_FIGHTER,2,kv,Description,DESCRIPTION_UNIT_FIGHTER
UNIT_FIGHTER,3,kv,DefaultIcon,ICON_UNIT_FIGHTER
UNIT_FIGHTER,4,kv,DefaultSprite,SPRITE_FIGHTER
UNIT_FIGHTER,5,kv,Category,UNIT_CATEGORY_AERIAL
UNIT_FIGHTER,6,kv,Attack,50
UNIT_FIGHTER,7,kv,Defense,45
UNIT_FIGHTER,8,kv,ZBRangeAttack,50
UNIT_FIGHTER,9,kv,Firepower,3
UNIT_FIGHTER,10,kv,Armor,2
UNIT_FIGHTER,11,kv,MaxHP,20
UNIT_FIGHTER,12,kv,ShieldCost,1750
UNIT_FIGHTER,13,kv,PowerPoints,1500
UNIT_FIGHTER,14,kv,ShieldHunger,17
UNIT_FIGHTER,15,kv,FoodHunger,0
UNIT_FIGHTER,16,kv,MaxMovePoints,800
UNIT_FIGHTER,17,kv,VisionRange,3
UNIT_FIGHTER,18,kv,EnableAdvance,ADVANCE_HEXTAPUL
UNIT_FIGHTER,19,kv,ActiveDefenseRange,0
UNIT_FIGHTER,20,flag,EnableCarrierDefenses,
UNIT_FIGHTER,21,flag,LossMoveToDmgNone,
UNIT_FIGHTER,22,flag,NoFuelThenCrash,
UNIT_FIGHTER,23,kv,MaxFuel,2400
UNIT_FIGHTER,24,flag,IgnoreZOC,
UNIT_FIGHTER,25,flag,CanBeachAssault,
UNIT_FIGHTER,26,flag,CantCaptureCity,
UNIT_FIGHTER,27,flag,DeathEffectsHappy,
UNIT_FIGHTER,28,flag,Explodes,
UNIT_FIGHTER,29,flag,OnlyBuildOne,
UNIT_FIGHTER,30,kv,SoundSelect1,SOUND_SELECT1_FIGHTER
UNIT_FIGHTER,31,kv,SoundSelect2,SOUND_SELECT2_FIGHTER
UNIT_FIGHTER,32,kv,SoundMove,SOUND_MOVE_FIGHTER
UNIT_FIGHTER,33,kv,SoundAcknowledge,SOUND_ACKNOWLEDGE_FIGHTER
UNIT_FIGHTER,34,kv,SoundCantMove,SOUND_CANTMOVE_FIGHTER
UNIT_FIGHTER,35,kv,SoundAttack,SOUND_ATTACK_FIGHTER
UNIT_FIGHTER,36,kv,SoundWork,SOUND_WORK_FIGHTER
UNIT_FIGHTER,37,kv,SoundVictory,SOUND_VICTORY_FIGHTER
UNIT_FIGHTER,38,kv,SoundDeath,SOUND_DEATH_FIGHTER
UNIT_FIGHTER,39,sublist,CanAttack,Air
UNIT_FIGHTER,40,sublist,CanAttack,Land
UNIT_FIGHTER,41,sublist,CanAttack,Mountain
UNIT_FIGHTER,42,sublist,CanAttack,Sea
UNIT_FIGHTER,43,sublist,CanAttack,ShallowWater
UNIT_FIGHTER,44,sublist,CanSee,Standard
UNIT_FIGHTER,45,sublist,MovementType,Air
UNIT_FIGHTER,46,sublist,Size,Medium
UNIT_FIGHTER,47,sublist,VisionClass,Standard
UNIT_FRIGATE,0,flag,CantBuild,
UNIT_FRIGATE,1,flag,GLHidden,
UNIT_FRIGATE,2,kv,Description,DESCRIPTION_UNIT_FRIGATE
UNIT_FRIGATE,3,kv,DefaultIcon,ICON_UNIT_FRIGATE
UNIT_FRIGATE,4,kv,DefaultSprite,SPRITE_FRIGATE
UNIT_FRIGATE,5,kv,Category,UNIT_CATEGORY_NAVAL
UNIT_FRIGATE,6,kv,Attack,50
UNIT_FRIGATE,7,kv,Defense,40
UNIT_FRIGATE,8,kv,ZBRangeAttack,35
UNIT_FRIGATE,9,kv,Firepower,4
UNIT_FRIGATE,10,kv,Armor,2
UNIT_FRIGATE,11,kv,MaxHP,20
UNIT_FRIGATE,12,kv,ShieldCost,2300
UNIT_FRIGATE,13,kv,PowerPoints,1000
UNIT_FRIGATE,14,kv,ShieldHunger,23
UNIT_FRIGATE,15,kv,FoodHunger,0
UNIT_FRIGATE,16,kv,MaxMovePoints,1000
UNIT_FRIGATE,17,kv,VisionRange,3
UNIT_FRIGATE,18,kv,EnableAdvance,ADVANCE_HEXTAPUL
UNIT_FRIGATE,19,kv,BombRounds,5
UNIT_FRIGATE,20,kv,BombardRange,1
UNIT_FRIGATE,21,flag,CanCounterBombard,
UNIT_FRIGATE,22,kv,ActiveDefenseRange,0
UNIT_FRIGATE,23,flag,LossMoveToDmgNone,
UNIT_FRIGATE,24,kv,MaxFuel,0
UNIT_FRIGATE,25,flag,CanExpel,
UNIT_FRIGATE,26,flag,NoZoc,
UNIT_FRIGATE,27,flag,CanPillage,
UNIT_FRIGATE,28,flag,CanPirate,
UNIT_FRIGATE,29,flag,CantCaptureCity,
UNIT_FRIGATE,30,flag,DeathEffectsHappy,
UNIT_FRIGATE,31,flag,Explodes,
UNIT_FRIGATE,32,flag,OnlyBuildOne,
UNIT_FRIGATE,33,kv,SoundSelect1,SOUND_SELECT1_FRIGATE
UNIT_FRIGATE,34,kv,SoundSelect2,SOUND_SELECT2_FRIGATE
UNIT_FRIGATE,35,kv,SoundMove,SOUND_MOVE_FRIGATE
UNIT_FRIGATE,36,kv,SoundAcknowledge,SOUND_ACKNOWLEDGE_FRIGATE
UNIT_FRIGATE,37,kv,SoundCantMove,SOUND_CANTMOVE_FRIGATE
UNIT_FRIGATE,38,kv,SoundAttack,SOUND_ATTACK_FRIGATE
UNIT_FRIGATE,39,kv,SoundWork,SOUND_WORK_FRIGATE
UNIT_FRIGATE,40,kv,SoundVictory,SOUND_VICTORY_FRIGATE
UNIT_FRIGATE,41,kv,SoundDeath,SOUND_DEATH_FRIGATE
UNIT_FRIGATE,42,sublist,CanAttack,Sea
UNIT_FRIGATE,43,sublist,CanAttack,ShallowWater
UNIT_FRIGATE,44,sublist,CanAttack,Underwater
UNIT_FRIGATE,45,sublist,CanBombard,Land
UNIT_FRIGATE,46,sublist,CanBombard,Mountain
UNIT_FRIGATE,47,sublist,CanBombard,Water
UNIT_FRIGATE,48,sublist,CanSee,Underwater
UNIT_FRIGATE,49,sublist,CanSee,Standard
UNIT_FRIGATE,50,sublist,MovementType,Sea
UNIT_FRIGATE,51,sublist,MovementType,ShallowWater
UNIT_FRIGATE,52,sublist,Size,Large
UNIT_FRIGATE,53,sublist,VisionClass,Standard
UNIT_FRIGATE,54,nested,CanReform,"[{""t"": ""kv"", ""k"": ""Sound"", ""v"": ""SOUND_ID_REFORM_CITY""}, {""t"": ""kv"", ""k"": ""Effect"", ""v"": ""SPECEFFECT_REFORMCITY""}]"
UNIT_FUSION_TANK,0,flag,CantBuild,
UNIT_FUSION_TANK,1,flag,GLHidden,
UNIT_FUSION_TANK,2,kv,Description,DESCRIPTION_UNIT_FUSION_TANK
UNIT_FUSION_TANK,3,kv,DefaultIcon,ICON_UNIT_FUSION_TANK
UNIT_FUSION_TANK,4,kv,DefaultSprite,SPRITE_FUSION_TANK
UNIT_FUSION_TANK,5,kv,Category,UNIT_CATEGORY_FLANKER
UNIT_FUSION_TANK,6,kv,Attack,70
UNIT_FUSION_TANK,7,kv,Defense,65
UNIT_FUSION_TANK,8,kv,ZBRangeAttack,55
UNIT_FUSION_TANK,9,kv,Firepower,4
UNIT_FUSION_TANK,10,kv,Armor,2
UNIT_FUSION_TANK,11,kv,MaxHP,23
UNIT_FUSION_TANK,12,kv,ShieldCost,6000
UNIT_FUSION_TANK,13,kv,PowerPoints,7000
UNIT_FUSION_TANK,14,kv,ShieldHunger,60
UNIT_FUSION_TANK,15,kv,FoodHunger,0
UNIT_FUSION_TANK,16,kv,MaxMovePoints,600
UNIT_FUSION_TANK,17,kv,VisionRange,3
UNIT_FUSION_TANK,18,kv,EnableAdvance,ADVANCE_HEXTAPUL
UNIT_FUSION_TANK,19,kv,ActiveDefenseRange,0
UNIT_FUSION_TANK,20,flag,LossMoveToDmgNone,
UNIT_FUSION_TANK,21,kv,MaxFuel,0
UNIT_FUSION_TANK,22,flag,CanEntrench,
UNIT_FUSION_TANK,23,flag,NoZoc,
UNIT_FUSION_TANK,24,flag,CanExpel,
UNIT_FUSION_TANK,25,flag,CanPillage,
UNIT_FUSION_TANK,26,flag,CanPirate,
UNIT_FUSION_TANK,27,flag,ExertsMartialLaw,
UNIT_FUSION_TANK,28,flag,DeathEffectsHappy,
UNIT_FUSION_TANK,29,flag,IsFlanker,
UNIT_FUSION_TANK,30,flag,Explodes,
UNIT_FUSION_TANK,31,flag,OnlyBuildOne,
UNIT_FUSION_TANK,32,kv,SoundSelect1,SOUND_SELECT1_FUSION_TANK
UNIT_FUSION_TANK,33,kv,SoundSelect2,SOUND_SELECT2_FUSION_TANK
UNIT_FUSION_TANK,34,kv,SoundMove,SOUND_MOVE_FUSION_TANK
UNIT_FUSION_TANK,35,kv,SoundAcknowledge,SOUND_ACKNOWLEDGE_FUSION_TANK
UNIT_FUSION_TANK,36,kv,SoundCantMove,SOUND_CANTMOVE_FUSION_TANK
UNIT_FUSION_TANK,37,kv,SoundAttack,SOUND_ATTACK_FUSION_TANK
UNIT_FUSION_TANK,38,kv,SoundWork,SOUND_WORK_FUSION_TANK
UNIT_FUSION_TANK,39,kv,SoundVictory,SOUND_VICTORY_FUSION_TANK
UNIT_FUSION_TANK,40,kv,SoundDeath,SOUND_DEATH_FUSION_TANK
UNIT_FUSION_TANK,41,sublist,CanAttack,Land
UNIT_FUSION_TANK,42,sublist,CanAttack,ShallowWater
UNIT_FUSION_TANK,43,sublist,CanSee,Standard
UNIT_FUSION_TANK,44,sublist,MovementType,Land
UNIT_FUSION_TANK,45,sublist,MovementType,ShallowWater
UNIT_FUSION_TANK,46,sublist,Size,Medium
UNIT_FUSION_TANK,47,sublist,VisionClass,Standard
UNIT_FUSION_TANK,48,nested,CanReform,"[{""t"": ""kv"", ""k"": ""Sound"", ""v"": ""SOUND_ID_REFORM_CITY""}, {""t"": ""kv"", ""k"": ""Effect"", ""v"": ""SPECEFFECT_REFORMCITY""}]"
UNIT_GALLEON,0,flag,CantBuild,
UNIT_GALLEON,1,flag,GLHidden,
UNIT_GALLEON,2,kv,Description,DESCRIPTION_UNIT_SHIP_OF_THE_LINE
UNIT_GALLEON,3,kv,DefaultIcon,ICON_UNIT_GALLEON
UNIT_GALLEON,4,kv,DefaultSprite,SPRITE_GALLEON
UNIT_GALLEON,5,kv,Category,UNIT_CATEGORY_NAVAL
UNIT_GALLEON,6,kv,Attack,35
UNIT_GALLEON,7,kv,Defense,25
UNIT_GALLEON,8,kv,ZBRangeAttack,25
UNIT_GALLEON,9,kv,Firepower,2
UNIT_GALLEON,10,kv,Armor,1
UNIT_GALLEON,11,kv,MaxHP,15
UNIT_GALLEON,12,kv,ShieldCost,1000
UNIT_GALLEON,13,kv,PowerPoints,500
UNIT_GALLEON,14,kv,ShieldHunger,10
UNIT_GALLEON,15,kv,FoodHunger,0
UNIT_GALLEON,16,kv,MaxMovePoints,800
UNIT_GALLEON,17,kv,VisionRange,2
UNIT_GALLEON,18,kv,EnableAdvance,ADVANCE_HEXTAPUL
UNIT_GALLEON,19,kv,BombRounds,5
UNIT_GALLEON,20,kv,BombardRange,1
UNIT_GALLEON,21,flag,CanCounterBombard,
UNIT_GALLEON,22,kv,ActiveDefenseRange,0
UNIT_GALLEON,23,flag,LossMoveToDmgNone,
UNIT_GALLEON,24,kv,MaxFuel,0
UNIT_GALLEON,25,flag,CanExpel,
UNIT_GALLEON,26,flag,NoZoc,
UNIT_GALLEON,27,flag,CanPillage,
UNIT_GALLEON,28,flag,CanPirate,
UNIT_GALLEON,29,flag,CantCaptureCity,
UNIT_GALLEON,30,flag,ExertsMartialLaw,
UNIT_GALLEON,31,flag,DeathEffectsHappy,
UNIT_GALLEON,32,flag,OnlyBuildOne,
UNIT_GALLEON,33,kv,SoundSelect1,SOUND_SELECT1_SHIP_OF_THE_LINE
UNIT_GALLEON,34,kv,SoundSelect2,SOUND_SELECT2_SHIP_OF_THE_LINE
UNIT_GALLEON,35,kv,SoundMove,SOUND_MOVE_SHIP_OF_THE_LINE
UNIT_GALLEON,36,kv,SoundAcknowledge,SOUND_ACKNOWLEDGE_SHIP_OF_THE_LINE
UNIT_GALLEON,37,kv,SoundCantMove,SOUND_CANTMOVE_SHIP_OF_THE_LINE
UNIT_GALLEON,38,kv,SoundAttack,SOUND_ATTACK_SHIP_OF_THE_LINE
UNIT_GALLEON,39,kv,SoundWork,SOUND_WORK_SHIP_OF_THE_LINE
UNIT_GALLEON,40,kv,SoundVictory,SOUND_VICTORY_SHIP_OF_THE_LINE
UNIT_GALLEON,41,kv,SoundDeath,SOUND_DEATH_SHIP_OF_THE_LINE
UNIT_GALLEON,42,sublist,CanCarry,SmallLand
UNIT_GALLEON,43,sublist,CanCarry,MedLand
UNIT_GALLEON,44,sublist,CanAttack,Sea
UNIT_GALLEON,45,sublist,CanAttack,ShallowWater
UNIT_GALLEON,46,sublist,CanBombard,Land
UNIT_GALLEON,47,sublist,CanBombard,Mountain
UNIT_GALLEON,48,sublist,CanBombard,Water
UNIT_GALLEON,49,sublist,CanSee,Standard
UNIT_GALLEON,50,sublist,MovementType,Sea
UNIT_GALLEON,51,sublist,MovementType,ShallowWater
UNIT_GALLEON,52,sublist,Size,Large
UNIT_GALLEON,53,sublist,VisionClass,Standard
UNIT_GALLEON,54,nested,CargoData,"[{""t"": ""kv"", ""k"": ""MaxCargo"", ""v"": ""4""}, {""t"": ""kv"", ""k"": ""Load"", ""v"": ""SOUND_ID_TRIREME_LOAD""}, {""t"": ""kv"", ""k"": ""Unload"", ""v"": ""SOUND_ID_TRIREME_UNLOAD""}]"
UNIT_GALLEON,55,nested,CanReform,"[{""t"": ""kv"", ""k"": ""Sound"", ""v"": ""SOUND_ID_REFORM_CITY""}, {""t"": ""kv"", ""k"": ""Effect"", ""v"": ""SPECEFFECT_REFORMCITY""}]"
UNIT_HEPTIREME,0,flag,CantBuild,
UNIT_HEPTIREME,1,flag,GLHidden,
UNIT_HEPTIREME,2,kv,Description,DESCRIPTION_UNIT_GALLEY
UNIT_HEPTIREME,3,kv,DefaultIcon,ICON_UNIT_HEPTIREME
UNIT_HEPTIREME,4,kv,DefaultSprite,SPRITE_HEPTIREME
UNIT_HEPTIREME,5,kv,Category,UNIT_CATEGORY_NAVAL
UNIT_HEPTIREME,6,kv,Attack,25
UNIT_HEPTIREME,7,kv,Defense,15
UNIT_HEPTIREME,8,kv,ZBRangeAttack,15
UNIT_HEPTIREME,9,kv,Firepower,2
UNIT_HEPTIREME,10,kv,Armor,1
UNIT_HEPTIREME,11,kv,MaxHP,15
UNIT_HEPTIREME,12,kv,ShieldCost,600
UNIT_HEPTIREME,13,kv,PowerPoints,300
UNIT_HEPTIREME,14,kv,ShieldHunger,6
UNIT_HEPTIREME,15,kv,FoodHunger,0
UNIT_HEPTIREME,16,kv,MaxMovePoints,800
UNIT_HEPTIREME,17,kv,VisionRange,1
UNIT_HEPTIREME,18,kv,EnableAdvance,ADVANCE_HEXTAPUL
UNIT_HEPTIREME,19,kv,BombRounds,3
UNIT_HEPTIREME,20,kv,BombardRange,1
UNIT_HEPTIREME,21,flag,CanCounterBombard,
UNIT_HEPTIREME,22,kv,ActiveDefenseRange,0
UNIT_HEPTIREME,23,flag,LossMoveToDmgNone,
UNIT_HEPTIREME,24,kv,MaxFuel,0
UNIT_HEPTIREME,25,flag,CanExpel,
UNIT_HEPTIREME,26,flag,NoZoc,
UNIT_HEPTIREME,27,flag,CanPillage,
UNIT_HEPTIREME,28,flag,CanPirate,
UNIT_HEPTIREME,29,flag,CantCaptureCity,
UNIT_HEPTIREME,30,flag,DeathEffectsHappy,
UNIT_HEPTIREME,31,flag,WoodenShip,
UNIT_HEPTIREME,32,flag,OnlyBuildOne,
UNIT_HEPTIREME,33,kv,SoundSelect1,SOUND_SELECT1_GREEK_FIRE_TRIREME
UNIT_HEPTIREME,34,kv,SoundSelect2,SOUND_SELECT2_GREEK_FIRE_TRIREME
UNIT_HEPTIREME,35,kv,SoundMove,SOUND_MOVE_GREEK_FIRE_TRIREME
UNIT_HEPTIREME,36,kv,SoundAcknowledge,SOUND_ACKNOWLEDGE_GREEK_FIRE_TRIREME
UNIT_HEPTIREME,37,kv,SoundCantMove,SOUND_CANTMOVE_GREEK_FIRE_TRIREME
UNIT_HEPTIREME,38,kv,SoundAttack,SOUND_ATTACK_GREEK_FIRE_TRIREME
UNIT_HEPTIREME,39,kv,SoundWork,SOUND_WORK_GREEK_FIRE_TRIREME
UNIT_HEPTIREME,40,kv,SoundVictory,SOUND_VICTORY_GREEK_FIRE_TRIREME
UNIT_HEPTIREME,41,kv,SoundDeath,SOUND_DEATH_GREEK_FIRE_TRIREME
UNIT_HEPTIREME,42,sublist,CanAttack,Sea
UNIT_HEPTIREME,43,sublist,CanAttack,ShallowWater
UNIT_HEPTIREME,44,sublist,CanBombard,Land
UNIT_HEPTIREME,45,sublist,CanBombard,Water
UNIT_HEPTIREME,46,sublist,CanSee,Standard
UNIT_HEPTIREME,47,sublist,MovementType,ShallowWater
UNIT_HEPTIREME,48,sublist,Size,Large
UNIT_HEPTIREME,49,sublist,VisionClass,Standard
UNIT_HEPTIREME,50,nested,CanReform,"[{""t"": ""kv"", ""k"": ""Sound"", ""v"": ""SOUND_ID_REFORM_CITY""}, {""t"": ""kv"", ""k"": ""Effect"", ""v"": ""SPECEFFECT_REFORMCITY""}]"
UNIT_HOPLITE,0,kv,Description,DESCRIPTION_UNIT_HOPLITE
UNIT_HOPLITE,1,kv,DefaultIcon,ICON_UNIT_HOPLITE
UNIT_HOPLITE,2,kv,DefaultSprite,SPRITE_HOPLITE
UNIT_HOPLITE,3,kv,Category,UNIT_CATEGORY_DEFENSE
UNIT_HOPLITE,4,kv,Attack,35
UNIT_HOPLITE,5,kv,Defense,40
UNIT_HOPLITE,6,kv,ZBRangeAttack,0
UNIT_HOPLITE,7,kv,Firepower,2
UNIT_HOPLITE,8,kv,Armor,1
UNIT_HOPLITE,9,kv,MaxHP,17
UNIT_HOPLITE,10,kv,ShieldCost,900
UNIT_HOPLITE,11,kv,PowerPoints,400
UNIT_HOPLITE,12,kv,ShieldHunger,4
UNIT_HOPLITE,13,kv,FoodHunger,0
UNIT_HOPLITE,14,kv,MaxMovePoints,100
UNIT_HOPLITE,15,kv,VisionRange,1
UNIT_HOPLITE,16,kv,EnableAdvance,ADVANCE_PERSIA
UNIT_HOPLITE,17,kv,ActiveDefenseRange,0
UNIT_HOPLITE,18,flag,LossMoveToDmgNone,
UNIT_HOPLITE,19,kv,MaxFuel,0
UNIT_HOPLITE,20,flag,CanEntrench,
UNIT_HOPLITE,21,flag,NoZoc,
UNIT_HOPLITE,22,flag,CanExpel,
UNIT_HOPLITE,23,flag,CanPillage,
UNIT_HOPLITE,24,flag,CanPirate,
UNIT_HOPLITE,25,flag,ExertsMartialLaw,
UNIT_HOPLITE,26,flag,DeathEffectsHappy,
UNIT_HOPLITE,27,flag,BonusAgainstMounted,
UNIT_HOPLITE,28,kv,MountedBonus,0.25
UNIT_HOPLITE,29,flag,OnlyBuildOne,
UNIT_HOPLITE,30,kv,SoundSelect1,SOUND_SELECT1_PIKEMEN
UNIT_HOPLITE,31,kv,SoundSelect2,SOUND_SELECT2_PIKEMEN
UNIT_HOPLITE,32,kv,SoundMove,SOUND_MOVE_PIKEMEN
UNIT_HOPLITE,33,kv,SoundAcknowledge,SOUND_ACKNOWLEDGE_PIKEMEN
UNIT_HOPLITE,34,kv,SoundCantMove,SOUND_CANTMOVE_PIKEMEN
UNIT_HOPLITE,35,kv,SoundAttack,SOUND_ATTACK_PIKEMEN
UNIT_HOPLITE,36,kv,SoundWork,SOUND_WORK_PIKEMEN
UNIT_HOPLITE,37,kv,SoundVictory,SOUND_VICTORY_PIKEMEN
UNIT_HOPLITE,38,kv,SoundDeath,SOUND_DEATH_PIKEMEN
UNIT_HOPLITE,39,sublist,CanAttack,Land
UNIT_HOPLITE,40,sublist,CanAttack,Mountain
UNIT_HOPLITE,41,sublist,CanSee,Standard
UNIT_HOPLITE,42,sublist,MovementType,Land
UNIT_HOPLITE,43,sublist,MovementType,Mountain
UNIT_HOPLITE,44,sublist,Size,Small
UNIT_HOPLITE,45,sublist,VisionClass,Standard
UNIT_HOPLITE,46,nested,CanReform,"[{""t"": ""kv"", ""k"": ""Sound"", ""v"": ""SOUND_ID_REFORM_CITY""}, {""t"": ""kv"", ""k"": ""Effect"", ""v"": ""SPECEFFECT_REFORMCITY""}]"
UNIT_HOPLITE_ELITE,0,flag,CantBuild,
UNIT_HOPLITE_ELITE,1,kv,Description,DESCRIPTION_UNIT_HOPLITE
UNIT_HOPLITE_ELITE,2,kv,DefaultIcon,ICON_UNIT_HOPLITE_ELITE
UNIT_HOPLITE_ELITE,3,kv,DefaultSprite,SPRITE_HOPLITE_ELITE
UNIT_HOPLITE_ELITE,4,kv,Category,UNIT_CATEGORY_DEFENSE
UNIT_HOPLITE_ELITE,5,kv,Attack,40
UNIT_HOPLITE_ELITE,6,kv,Defense,45
UNIT_HOPLITE_ELITE,7,kv,ZBRangeAttack,0
UNIT_HOPLITE_ELITE,8,kv,Firepower,2
UNIT_HOPLITE_ELITE,9,kv,Armor,1
UNIT_HOPLITE_ELITE,10,kv,MaxHP,19
UNIT_HOPLITE_ELITE,11,kv,ShieldCost,900
UNIT_HOPLITE_ELITE,12,kv,PowerPoints,400
UNIT_HOPLITE_ELITE,13,kv,ShieldHunger,4
UNIT_HOPLITE_ELITE,14,kv,FoodHunger,0
UNIT_HOPLITE_ELITE,15,kv,MaxMovePoints,200
UNIT_HOPLITE_ELITE,16,kv,VisionRange,1
UNIT_HOPLITE_ELITE,17,kv,EnableAdvance,ADVANCE_HEXTAPUL
UNIT_HOPLITE_ELITE,18,kv,ActiveDefenseRange,0
UNIT_HOPLITE_ELITE,19,flag,LossMoveToDmgNone,
UNIT_HOPLITE_ELITE,20,kv,MaxFuel,0
UNIT_HOPLITE_ELITE,21,flag,CanEntrench,
UNIT_HOPLITE_ELITE,22,flag,CanExpel,
UNIT_HOPLITE_ELITE,23,flag,NoZoc,
UNIT_HOPLITE_ELITE,24,flag,CanPillage,
UNIT_HOPLITE_ELITE,25,flag,CanPirate,
UNIT_HOPLITE_ELITE,26,flag,ExertsMartialLaw,
UNIT_HOPLITE_ELITE,27,flag,DeathEffectsHappy,
UNIT_HOPLITE_ELITE,28,flag,BonusAgainstMounted,
UNIT_HOPLITE_ELITE,29,kv,MountedBonus,0.35
UNIT_HOPLITE_ELITE,30,flag,OnlyBuildOne,
UNIT_HOPLITE_ELITE,31,kv,SoundSelect1,SOUND_SELECT1_PIKEMEN
UNIT_HOPLITE_ELITE,32,kv,SoundSelect2,SOUND_SELECT2_PIKEMEN
UNIT_HOPLITE_ELITE,33,kv,SoundMove,SOUND_MOVE_PIKEMEN
UNIT_HOPLITE_ELITE,34,kv,SoundAcknowledge,SOUND_ACKNOWLEDGE_PIKEMEN
UNIT_HOPLITE_ELITE,35,kv,SoundCantMove,SOUND_CANTMOVE_PIKEMEN
UNIT_HOPLITE_ELITE,36,kv,SoundAttack,SOUND_ATTACK_PIKEMEN
UNIT_HOPLITE_ELITE,37,kv,SoundWork,SOUND_WORK_PIKEMEN
UNIT_HOPLITE_ELITE,38,kv,SoundVictory,SOUND_VICTORY_PIKEMEN
UNIT_HOPLITE_ELITE,39,kv,SoundDeath,SOUND_DEATH_PIKEMEN
UNIT_HOPLITE_ELITE,40,sublist,CanAttack,Land
UNIT_HOPLITE_ELITE,41,sublist,CanAttack,Mountain
UNIT_HOPLITE_ELITE,42,sublist,CanSee,Standard
UNIT_HOPLITE_ELITE,43,sublist,MovementType,Land
UNIT_HOPLITE_ELITE,44,sublist,MovementType,Mountain
UNIT_HOPLITE_ELITE,45,sublist,Size,Small
UNIT_HOPLITE_ELITE,46,sublist,VisionClass,Standard
UNIT_HOPLITE_ELITE,47,nested,CanReform,"[{""t"": ""kv"", ""k"": ""Sound"", ""v"": ""SOUND_ID_REFORM_CITY""}, {""t"": ""kv"", ""k"": ""Effect"", ""v"": ""SPECEFFECT_REFORMCITY""}]"
UNIT_HOPLITE_MILITIA,0,flag,CantBuild,
UNIT_HOPLITE_MILITIA,1,flag,GLHidden,
UNIT_HOPLITE_MILITIA,2,kv,Description,DESCRIPTION_UNIT_HOPLITE
UNIT_HOPLITE_MILITIA,3,kv,DefaultIcon,ICON_UNIT_HOPLITE_MILITIA
UNIT_HOPLITE_MILITIA,4,kv,DefaultSprite,SPRITE_PEZHETEROI
UNIT_HOPLITE_MILITIA,5,kv,Category,UNIT_CATEGORY_RANGED
UNIT_HOPLITE_MILITIA,6,kv,Attack,25
UNIT_HOPLITE_MILITIA,7,kv,Defense,25
UNIT_HOPLITE_MILITIA,8,kv,ZBRangeAttack,25
UNIT_HOPLITE_MILITIA,9,kv,Firepower,1
UNIT_HOPLITE_MILITIA,10,kv,Armor,1
UNIT_HOPLITE_MILITIA,11,kv,MaxHP,25
UNIT_HOPLITE_MILITIA,12,kv,ShieldCost,250
UNIT_HOPLITE_MILITIA,13,kv,PowerPoints,100
UNIT_HOPLITE_MILITIA,14,kv,ShieldHunger,2
UNIT_HOPLITE_MILITIA,15,kv,FoodHunger,0
UNIT_HOPLITE_MILITIA,16,kv,MaxMovePoints,0
UNIT_HOPLITE_MILITIA,17,kv,VisionRange,1
UNIT_HOPLITE_MILITIA,18,kv,EnableAdvance,ADVANCE_HEXTAPUL
UNIT_HOPLITE_MILITIA,19,kv,BombRounds,3
UNIT_HOPLITE_MILITIA,20,kv,BombardRange,1
UNIT_HOPLITE_MILITIA,21,flag,CanCounterBombard,
UNIT_HOPLITE_MILITIA,22,kv,ActiveDefenseRange,0
UNIT_HOPLITE_MILITIA,23,flag,LossMoveToDmgNone,
UNIT_HOPLITE_MILITIA,24,kv,MaxFuel,0
UNIT_HOPLITE_MILITIA,25,flag,CanEntrench,
UNIT_HOPLITE_MILITIA,26,flag,NoZoc,
UNIT_HOPLITE_MILITIA,27,flag,CanExpel,
UNIT_HOPLITE_MILITIA,28,flag,CanPillage,
UNIT_HOPLITE_MILITIA,29,flag,CanPirate,
UNIT_HOPLITE_MILITIA,30,flag,ExertsMartialLaw,
UNIT_HOPLITE_MILITIA,31,flag,DeathEffectsHappy,
UNIT_HOPLITE_MILITIA,32,kv,SoundSelect1,SOUND_SELECT1_HOPLITE
UNIT_HOPLITE_MILITIA,33,kv,SoundSelect2,SOUND_SELECT2_HOPLITE
UNIT_HOPLITE_MILITIA,34,kv,SoundMove,SOUND_MOVE_HOPLITE
UNIT_HOPLITE_MILITIA,35,kv,SoundAcknowledge,SOUND_ACKNOWLEDGE_HOPLITE
UNIT_HOPLITE_MILITIA,36,kv,SoundCantMove,SOUND_CANTMOVE_HOPLITE
UNIT_HOPLITE_MILITIA,37,kv,SoundAttack,SOUND_ATTACK_HOPLITE
UNIT_HOPLITE_MILITIA,38,kv,SoundWork,SOUND_WORK_HOPLITE
UNIT_HOPLITE_MILITIA,39,kv,SoundVictory,SOUND_VICTORY_HOPLITE
UNIT_HOPLITE_MILITIA,40,kv,SoundDeath,SOUND_DEATH_HOPLITE
UNIT_HOPLITE_MILITIA,41,sublist,CanAttack,Land
UNIT_HOPLITE_MILITIA,42,sublist,CanAttack,Mountain
UNIT_HOPLITE_MILITIA,43,sublist,CanBombard,Land
UNIT_HOPLITE_MILITIA,44,sublist,CanSee,Standard
UNIT_HOPLITE_MILITIA,45,sublist,MovementType,Land
UNIT_HOPLITE_MILITIA,46,sublist,MovementType,Mountain
UNIT_HOPLITE_MILITIA,47,sublist,Size,Medium
UNIT_HOPLITE_MILITIA,48,sublist,VisionClass,Standard
UNIT_HOPLITE_MILITIA,49,nested,CanReform,"[{""t"": ""kv"", ""k"": ""Sound"", ""v"": ""SOUND_ID_REFORM_CITY""}, {""t"": ""kv"", ""k"": ""Effect"", ""v"": ""SPECEFFECT_REFORMCITY""}]"
UNIT_HORSEMAN,0,kv,Description,DESCRIPTION_UNIT_KNIGHT
UNIT_HORSEMAN,1,kv,DefaultIcon,ICON_UNIT_HORSEMAN
UNIT_HORSEMAN,2,kv,DefaultSprite,SPRITE_HORSEMAN
UNIT_HORSEMAN,3,kv,Category,UNIT_CATEGORY_RANGED
UNIT_HORSEMAN,4,kv,Attack,30
UNIT_HORSEMAN,5,kv,Defense,30
UNIT_HORSEMAN,6,kv,ZBRangeAttack,20
UNIT_HORSEMAN,7,kv,Firepower,2
UNIT_HORSEMAN,8,kv,Armor,1
UNIT_HORSEMAN,9,kv,MaxHP,12
UNIT_HORSEMAN,10,kv,ShieldCost,900
UNIT_HORSEMAN,11,kv,PowerPoints,400
UNIT_HORSEMAN,12,kv,ShieldHunger,4
UNIT_HORSEMAN,13,kv,FoodHunger,0
UNIT_HORSEMAN,14,kv,MaxMovePoints,400
UNIT_HORSEMAN,15,kv,VisionRange,2
UNIT_HORSEMAN,16,kv,EnableAdvance,ADVANCE_ARABIA
UNIT_HORSEMAN,17,kv,ActiveDefenseRange,0
UNIT_HORSEMAN,18,flag,LossMoveToDmgNone,
UNIT_HORSEMAN,19,kv,MaxFuel,0
UNIT_HORSEMAN,20,flag,CanEntrench,
UNIT_HORSEMAN,21,flag,NoZoc,
UNIT_HORSEMAN,22,flag,CanExpel,
UNIT_HORSEMAN,23,flag,CanPillage,
UNIT_HORSEMAN,24,flag,CanPirate,
UNIT_HORSEMAN,25,flag,ExertsMartialLaw,
UNIT_HORSEMAN,26,flag,DeathEffectsHappy,
UNIT_HORSEMAN,27,flag,IsFlanker,
UNIT_HORSEMAN,28,flag,IsMounted,
UNIT_HORSEMAN,29,flag,IsSpecialForces,
UNIT_HORSEMAN,30,flag,OnlyBuildOne,
UNIT_HORSEMAN,31,kv,SoundSelect1,SOUND_SELECT1_KNIGHT
UNIT_HORSEMAN,32,kv,SoundSelect2,SOUND_SELECT2_KNIGHT
UNIT_HORSEMAN,33,kv,SoundMove,SOUND_MOVE_KNIGHT
UNIT_HORSEMAN,34,kv,SoundAcknowledge,SOUND_ACKNOWLEDGE_KNIGHT
UNIT_HORSEMAN,35,kv,SoundCantMove,SOUND_CANTMOVE_KNIGHT
UNIT_HORSEMAN,36,kv,SoundAttack,SOUND_ATTACK_KNIGHT
UNIT_HORSEMAN,37,kv,SoundWork,SOUND_WORK_KNIGHT
UNIT_HORSEMAN,38,kv,SoundVictory,SOUND_VICTORY_KNIGHT
UNIT_HORSEMAN,39,kv,SoundDeath,SOUND_DEATH_KNIGHT
UNIT_HORSEMAN,40,sublist,CanAttack,Land
UNIT_HORSEMAN,41,sublist,CanSee,Standard
UNIT_HORSEMAN,42,sublist,CanSee,Stealth
UNIT_HORSEMAN,43,sublist,MovementType,Land
UNIT_HORSEMAN,44,sublist,Size,Medium
UNIT_HORSEMAN,45,sublist,VisionClass,Stealth
UNIT_HORSEMAN,46,nested,CanReform,"[{""t"": ""kv"", ""k"": ""Sound"", ""v"": ""SOUND_ID_REFORM_CITY""}, {""t"": ""kv"", ""k"": ""Effect"", ""v"": ""SPECEFFECT_REFORMCITY""}]"
UNIT_HOVER_INFANTRY,0,flag,CantBuild,
UNIT_HOVER_INFANTRY,1,flag,GLHidden,
UNIT_HOVER_INFANTRY,2,kv,Description,DESCRIPTION_UNIT_HOVER_INFANTRY
UNIT_HOVER_INFANTRY,3,kv,DefaultIcon,ICON_UNIT_HOVER_INFANTRY
UNIT_HOVER_INFANTRY,4,kv,DefaultSprite,SPRITE_HOVER_INFANTRY
UNIT_HOVER_INFANTRY,5,kv,Category,UNIT_CATEGORY_ATTACK
UNIT_HOVER_INFANTRY,6,kv,Attack,85
UNIT_HOVER_INFANTRY,7,kv,Defense,70
UNIT_HOVER_INFANTRY,8,kv,ZBRangeAttack,40
UNIT_HOVER_INFANTRY,9,kv,Firepower,4
UNIT_HOVER_INFANTRY,10,kv,Armor,1
UNIT_HOVER_INFANTRY,11,kv,MaxHP,25
UNIT_HOVER_INFANTRY,12,kv,ShieldCost,2800
UNIT_HOVER_INFANTRY,13,kv,PowerPoints,100
UNIT_HOVER_INFANTRY,14,kv,ShieldHunger,28
UNIT_HOVER_INFANTRY,15,kv,FoodHunger,0
UNIT_HOVER_INFANTRY,16,kv,MaxMovePoints,400
UNIT_HOVER_INFANTRY,17,kv,VisionRange,4
UNIT_HOVER_INFANTRY,18,kv,EnableAdvance,ADVANCE_HEXTAPUL
UNIT_HOVER_INFANTRY,19,kv,ActiveDefenseRange,0
UNIT_HOVER_INFANTRY,20,flag,LossMoveToDmgNone,
UNIT_HOVER_INFANTRY,21,kv,MaxFuel,0
UNIT_HOVER_INFANTRY,22,flag,CanEntrench,
UNIT_HOVER_INFANTRY,23,flag,NoZoc,
UNIT_HOVER_INFANTRY,24,flag,CanExpel,
UNIT_HOVER_INFANTRY,25,flag,CanPillage,
UNIT_HOVER_INFANTRY,26,flag,CanPirate,
UNIT_HOVER_INFANTRY,27,flag,BonusAgainstMounted,
UNIT_HOVER_INFANTRY,28,kv,MountedBonus,0.2
UNIT_HOVER_INFANTRY,29,flag,ExertsMartialLaw,
UNIT_HOVER_INFANTRY,30,flag,DeathEffectsHappy,
UNIT_HOVER_INFANTRY,31,flag,OnlyBuildOne,
UNIT_HOVER_INFANTRY,32,kv,SoundSelect1,SOUND_SELECT1_HOVER_INFANTRY
UNIT_HOVER_INFANTRY,33,kv,SoundSelect2,SOUND_SELECT2_HOVER_INFANTRY
UNIT_HOVER_INFANTRY,34,kv,SoundMove,SOUND_MOVE_HOVER_INFANTRY
UNIT_HOVER_INFANTRY,35,kv,SoundAcknowledge,SOUND_ACKNOWLEDGE_HOVER_INFANTRY
UNIT_HOVER_INFANTRY,36,kv,SoundCantMove,SOUND_CANTMOVE_HOVER_INFANTRY
UNIT_HOVER_INFANTRY,37,kv,SoundAttack,SOUND_ATTACK_HOVER_INFANTRY
UNIT_HOVER_INFANTRY,38,kv,SoundWork,SOUND_WORK_HOVER_INFANTRY
UNIT_HOVER_INFANTRY,39,kv,SoundVictory,SOUND_VICTORY_HOVER_INFANTRY
UNIT_HOVER_INFANTRY,40,kv,SoundDeath,SOUND_DEATH_HOVER_INFANTRY
UNIT_HOVER_INFANTRY,41,sublist,CanAttack,Land
UNIT_HOVER_INFANTRY,42,sublist,CanAttack,Mountain
UNIT_HOVER_INFANTRY,43,sublist,CanSee,Standard
UNIT_HOVER_INFANTRY,44,sublist,MovementType,Land
UNIT_HOVER_INFANTRY,45,sublist,MovementType,Mountain
UNIT_HOVER_INFANTRY,46,sublist,Size,Medium
UNIT_HOVER_INFANTRY,47,sublist,VisionClass,Standard
UNIT_HOVER_INFANTRY,48,nested,CanReform,"[{""t"": ""kv"", ""k"": ""Sound"", ""v"": ""SOUND_ID_REFORM_CITY""}, {""t"": ""kv"", ""k"": ""Effect"", ""v"": ""SPECEFFECT_REFORMCITY""}]"
UNIT_HOVER_INFANTRY_ELITE,0,flag,CantBuild,
UNIT_HOVER_INFANTRY_ELITE,1,flag,GLHidden,
UNIT_HOVER_INFANTRY_ELITE,2,kv,Description,DESCRIPTION_UNIT_HOVER_INFANTRY
UNIT_HOVER_INFANTRY_ELITE,3,kv,DefaultIcon,ICON_UNIT_HOVER_INFANTRY_ELITE
UNIT_HOVER_INFANTRY_ELITE,4,kv,DefaultSprite,SPRITE_HOVER_INFANTRY_ELITE
UNIT_HOVER_INFANTRY_ELITE,5,kv,Category,UNIT_CATEGORY_ATTACK
UNIT_HOVER_INFANTRY_ELITE,6,kv,Attack,95
UNIT_HOVER_INFANTRY_ELITE,7,kv,Defense,80
UNIT_HOVER_INFANTRY_ELITE,8,kv,ZBRangeAttack,50
UNIT_HOVER_INFANTRY_ELITE,9,kv,Firepower,4
UNIT_HOVER_INFANTRY_ELITE,10,kv,Armor,1
UNIT_HOVER_INFANTRY_ELITE,11,kv,MaxHP,28
UNIT_HOVER_INFANTRY_ELITE,12,kv,ShieldCost,2800
UNIT_HOVER_INFANTRY_ELITE,13,kv,PowerPoints,100
UNIT_HOVER_INFANTRY_ELITE,14,kv,ShieldHunger,28
UNIT_HOVER_INFANTRY_ELITE,15,kv,FoodHunger,0
UNIT_HOVER_INFANTRY_ELITE,16,kv,MaxMovePoints,500
UNIT_HOVER_INFANTRY_ELITE,17,kv,VisionRange,4
UNIT_HOVER_INFANTRY_ELITE,18,kv,EnableAdvance,ADVANCE_HEXTAPUL
UNIT_HOVER_INFANTRY_ELITE,19,kv,ActiveDefenseRange,0
UNIT_HOVER_INFANTRY_ELITE,20,flag,LossMoveToDmgNone,
UNIT_HOVER_INFANTRY_ELITE,21,kv,MaxFuel,0
UNIT_HOVER_INFANTRY_ELITE,22,flag,CanEntrench,
UNIT_HOVER_INFANTRY_ELITE,23,flag,CanExpel,
UNIT_HOVER_INFANTRY_ELITE,24,flag,NoZoc,
UNIT_HOVER_INFANTRY_ELITE,25,flag,CanPillage,
UNIT_HOVER_INFANTRY_ELITE,26,flag,CanPirate,
UNIT_HOVER_INFANTRY_ELITE,27,flag,BonusAgainstMounted,
UNIT_HOVER_INFANTRY_ELITE,28,kv,MountedBonus,0.2
UNIT_HOVER_INFANTRY_ELITE,29,flag,ExertsMartialLaw,
UNIT_HOVER_INFANTRY_ELITE,30,flag,DeathEffectsHappy,
UNIT_HOVER_INFANTRY_ELITE,31,flag,OnlyBuildOne,
UNIT_HOVER_INFANTRY_ELITE,32,kv,SoundSelect1,SOUND_SELECT1_HOVER_INFANTRY
UNIT_HOVER_INFANTRY_ELITE,33,kv,SoundSelect2,SOUND_SELECT2_HOVER_INFANTRY
UNIT_HOVER_INFANTRY_ELITE,34,kv,SoundMove,SOUND_MOVE_HOVER_INFANTRY
UNIT_HOVER_INFANTRY_ELITE,35,kv,SoundAcknowledge,SOUND_ACKNOWLEDGE_HOVER_INFANTRY
UNIT_HOVER_INFANTRY_ELITE,36,kv,SoundCantMove,SOUND_CANTMOVE_HOVER_INFANTRY
UNIT_HOVER_INFANTRY_ELITE,37,kv,SoundAttack,SOUND_ATTACK_HOVER_INFANTRY
UNIT_HOVER_INFANTRY_ELITE,38,kv,SoundWork,SOUND_WORK_HOVER_INFANTRY
UNIT_HOVER_INFANTRY_ELITE,39,kv,SoundVictory,SOUND_VICTORY_HOVER_INFANTRY
UNIT_HOVER_INFANTRY_ELITE,40,kv,SoundDeath,SOUND_DEATH_HOVER_INFANTRY
UNIT_HOVER_INFANTRY_ELITE,41,sublist,CanAttack,Land
UNIT_HOVER_INFANTRY_ELITE,42,sublist,CanAttack,Mountain
UNIT_HOVER_INFANTRY_ELITE,43,sublist,CanSee,Standard
UNIT_HOVER_INFANTRY_ELITE,44,sublist,MovementType,Land
UNIT_HOVER_INFANTRY_ELITE,45,sublist,MovementType,Mountain
UNIT_HOVER_INFANTRY_ELITE,46,sublist,Size,Medium
UNIT_HOVER_INFANTRY_ELITE,47,sublist,VisionClass,Standard
UNIT_HOVER_INFANTRY_ELITE,48,nested,CanReform,"[{""t"": ""kv"", ""k"": ""Sound"", ""v"": ""SOUND_ID_REFORM_CITY""}, {""t"": ""kv"", ""k"": ""Effect"", ""v"": ""SPECEFFECT_REFORMCITY""}]"
UNIT_HOVER_INFANTRY_MILITIA,0,flag,CantBuild,
UNIT_HOVER_INFANTRY_MILITIA,1,flag,GLHidden,
UNIT_HOVER_INFANTRY_MILITIA,2,kv,Description,DESCRIPTION_UNIT_HOVER_INFANTRY
UNIT_HOVER_INFANTRY_MILITIA,3,kv,DefaultIcon,ICON_UNIT_HOVER_INFANTRY_MILITIA
UNIT_HOVER_INFANTRY_MILITIA,4,kv,DefaultSprite,SPRITE_HOVER_INFANTRY
UNIT_HOVER_INFANTRY_MILITIA,5,kv,Category,UNIT_CATEGORY_RANGED
UNIT_HOVER_INFANTRY_MILITIA,6,kv,Attack,40
UNIT_HOVER_INFANTRY_MILITIA,7,kv,Defense,45
UNIT_HOVER_INFANTRY_MILITIA,8,kv,ZBRangeAttack,60
UNIT_HOVER_INFANTRY_MILITIA,9,kv,Firepower,4
UNIT_HOVER_INFANTRY_MILITIA,10,kv,Armor,1
UNIT_HOVER_INFANTRY_MILITIA,11,kv,MaxHP,30
UNIT_HOVER_INFANTRY_MILITIA,12,kv,ShieldCost,2800
UNIT_HOVER_INFANTRY_MILITIA,13,kv,PowerPoints,100
UNIT_HOVER_INFANTRY_MILITIA,14,kv,ShieldHunger,28
UNIT_HOVER_INFANTRY_MILITIA,15,kv,FoodHunger,0
UNIT_HOVER_INFANTRY_MILITIA,16,kv,MaxMovePoints,0
UNIT_HOVER_INFANTRY_MILITIA,17,kv,VisionRange,4
UNIT_HOVER_INFANTRY_MILITIA,18,kv,EnableAdvance,ADVANCE_HEXTAPUL
UNIT_HOVER_INFANTRY_MILITIA,19,kv,BombRounds,5
UNIT_HOVER_INFANTRY_MILITIA,20,kv,BombardRange,1
UNIT_HOVER_INFANTRY_MILITIA,21,flag,CanCounterBombard,
UNIT_HOVER_INFANTRY_MILITIA,22,kv,ActiveDefenseRange,0
UNIT_HOVER_INFANTRY_MILITIA,23,flag,LossMoveToDmgNone,
UNIT_HOVER_INFANTRY_MILITIA,24,kv,MaxFuel,0
UNIT_HOVER_INFANTRY_MILITIA,25,flag,CanEntrench,
UNIT_HOVER_INFANTRY_MILITIA,26,flag,NoZoc,
UNIT_HOVER_INFANTRY_MILITIA,27,flag,CanExpel,
UNIT_HOVER_INFANTRY_MILITIA,28,flag,CanPillage,
UNIT_HOVER_INFANTRY_MILITIA,29,flag,CanPirate,
UNIT_HOVER_INFANTRY_MILITIA,30,flag,ExertsMartialLaw,
UNIT_HOVER_INFANTRY_MILITIA,31,flag,DeathEffectsHappy,
UNIT_HOVER_INFANTRY_MILITIA,32,kv,SoundSelect1,SOUND_SELECT1_HOVER_INFANTRY
UNIT_HOVER_INFANTRY_MILITIA,33,kv,SoundSelect2,SOUND_SELECT2_HOVER_INFANTRY
UNIT_HOVER_INFANTRY_MILITIA,34,kv,SoundMove,SOUND_MOVE_HOVER_INFANTRY
UNIT_HOVER_INFANTRY_MILITIA,35,kv,SoundAcknowledge,SOUND_ACKNOWLEDGE_HOVER_INFANTRY
UNIT_HOVER_INFANTRY_MILITIA,36,kv,SoundCantMove,SOUND_CANTMOVE_HOVER_INFANTRY
UNIT_HOVER_INFANTRY_MILITIA,37,kv,SoundAttack,SOUND_ATTACK_HOVER_INFANTRY
UNIT_HOVER_INFANTRY_MILITIA,38,kv,SoundWork,SOUND_WORK_HOVER_INFANTRY
UNIT_HOVER_INFANTRY_MILITIA,39,kv,SoundVictory,SOUND_VICTORY_HOVER_INFANTRY
UNIT_HOVER_INFANTRY_MILITIA,40,kv,SoundDeath,SOUND_DEATH_HOVER_INFANTRY
UNIT_HOVER_INFANTRY_MILITIA,41,sublist,CanAttack,Land
UNIT_HOVER_INFANTRY_MILITIA,42,sublist,CanAttack,Mountain
UNIT_HOVER_INFANTRY_MILITIA,43,sublist,CanBombard,Land
UNIT_HOVER_INFANTRY_MILITIA,44,sublist,CanSee,Standard
UNIT_HOVER_INFANTRY_MILITIA,45,sublist,MovementType,Land
UNIT_HOVER_INFANTRY_MILITIA,46,sublist,MovementType,Mountain
UNIT_HOVER_INFANTRY_MILITIA,47,sublist,Size,Medium
UNIT_HOVER_INFANTRY_MILITIA,48,sublist,VisionClass,Standard
UNIT_HOVER_INFANTRY_MILITIA,49,nested,CanReform,"[{""t"": ""kv"", ""k"": ""Sound"", ""v"": ""SOUND_ID_REFORM_CITY""}, {""t"": ""kv"", ""k"": ""Effect"", ""v"": ""SPECEFFECT_REFORMCITY""}]"
UNIT_HYPASPISTS,0,kv,Description,DESCRIPTION_UNIT_WARRIOR
UNIT_HYPASPISTS,1,kv,DefaultIcon,ICON_UNIT_HYPASPISTS
UNIT_HYPASPISTS,2,kv,DefaultSprite,SPRITE_HYPASPISTS
UNIT_HYPASPISTS,3,kv,Category,UNIT_CATEGORY_ATTACK
UNIT_HYPASPISTS,4,kv,Attack,35
UNIT_HYPASPISTS,5,kv,Defense,40
UNIT_HYPASPISTS,6,kv,ZBRangeAttack,0
UNIT_HYPASPISTS,7,kv,Firepower,2
UNIT_HYPASPISTS,8,kv,Armor,1
UNIT_HYPASPISTS,9,kv,MaxHP,17
UNIT_HYPASPISTS,10,kv,ShieldCost,900
UNIT_HYPASPISTS,11,kv,PowerPoints,400
UNIT_HYPASPISTS,12,kv,ShieldHunger,4
UNIT_HYPASPISTS,13,kv,FoodHunger,0
UNIT_HYPASPISTS,14,kv,MaxMovePoints,100
UNIT_HYPASPISTS,15,kv,VisionRange,1
UNIT_HYPASPISTS,16,kv,EnableAdvance,ADVANCE_INDIA
UNIT_HYPASPISTS,17,kv,ActiveDefenseRange,0
UNIT_HYPASPISTS,18,flag,LossMoveToDmgNone,
UNIT_HYPASPISTS,19,kv,MaxFuel,0
UNIT_HYPASPISTS,20,flag,CanEntrench,
UNIT_HYPASPISTS,21,flag,NoZoc,
UNIT_HYPASPISTS,22,flag,CanExpel,
UNIT_HYPASPISTS,23,flag,CanPillage,
UNIT_HYPASPISTS,24,flag,CanPirate,
UNIT_HYPASPISTS,25,flag,ExertsMartialLaw,
UNIT_HYPASPISTS,26,flag,DeathEffectsHappy,
UNIT_HYPASPISTS,27,flag,BonusAgainstMounted,
UNIT_HYPASPISTS,28,kv,MountedBonus,0.25
UNIT_HYPASPISTS,29,flag,OnlyBuildOne,
UNIT_HYPASPISTS,30,kv,SoundSelect1,SOUND_SELECT1_PIKEMEN
UNIT_HYPASPISTS,31,kv,SoundSelect2,SOUND_SELECT2_PIKEMEN
UNIT_HYPASPISTS,32,kv,SoundMove,SOUND_MOVE_PIKEMEN
UNIT_HYPASPISTS,33,kv,SoundAcknowledge,SOUND_ACKNOWLEDGE_PIKEMEN
UNIT_HYPASPISTS,34,kv,SoundCantMove,SOUND_CANTMOVE_PIKEMEN
UNIT_HYPASPISTS,35,kv,SoundAttack,SOUND_ATTACK_PIKEMEN
UNIT_HYPASPISTS,36,kv,SoundWork,SOUND_WORK_PIKEMEN
UNIT_HYPASPISTS,37,kv,SoundVictory,SOUND_VICTORY_PIKEMEN
UNIT_HYPASPISTS,38,kv,SoundDeath,SOUND_DEATH_PIKEMEN
UNIT_HYPASPISTS,39,sublist,CanAttack,Land
UNIT_HYPASPISTS,40,sublist,CanAttack,Mountain
UNIT_HYPASPISTS,41,sublist,CanSee,Standard
UNIT_HYPASPISTS,42,sublist,MovementType,Land
UNIT_HYPASPISTS,43,sublist,MovementType,Mountain
UNIT_HYPASPISTS,44,sublist,Size,Small
UNIT_HYPASPISTS,45,sublist,VisionClass,Standard
UNIT_HYPASPISTS,46,nested,CanReform,"[{""t"": ""kv"", ""k"": ""Sound"", ""v"": ""SOUND_ID_REFORM_CITY""}, {""t"": ""kv"", ""k"": ""Effect"", ""v"": ""SPECEFFECT_REFORMCITY""}]"
UNIT_HYPASPISTS_ELITE,0,flag,CantBuild,
UNIT_HYPASPISTS_ELITE,1,kv,Description,DESCRIPTION_UNIT_WARRIOR
UNIT_HYPASPISTS_ELITE,2,kv,DefaultIcon,ICON_UNIT_HYPASPISTS_ELITE
UNIT_HYPASPISTS_ELITE,3,kv,DefaultSprite,SPRITE_HYPASPISTS_ELITE
UNIT_HYPASPISTS_ELITE,4,kv,Category,UNIT_CATEGORY_ATTACK
UNIT_HYPASPISTS_ELITE,5,kv,Attack,40
UNIT_HYPASPISTS_ELITE,6,kv,Defense,45
UNIT_HYPASPISTS_ELITE,7,kv,ZBRangeAttack,0
UNIT_HYPASPISTS_ELITE,8,kv,Firepower,2
UNIT_HYPASPISTS_ELITE,9,kv,Armor,1
UNIT_HYPASPISTS_ELITE,10,kv,MaxHP,19
UNIT_HYPASPISTS_ELITE,11,kv,ShieldCost,900
UNIT_HYPASPISTS_ELITE,12,kv,PowerPoints,400
UNIT_HYPASPISTS_ELITE,13,kv,ShieldHunger,4
UNIT_HYPASPISTS_ELITE,14,kv,FoodHunger,0
UNIT_HYPASPISTS_ELITE,15,kv,MaxMovePoints,200
UNIT_HYPASPISTS_ELITE,16,kv,VisionRange,1
UNIT_HYPASPISTS_ELITE,17,kv,EnableAdvance,ADVANCE_HEXTAPUL
UNIT_HYPASPISTS_ELITE,18,kv,ActiveDefenseRange,0
UNIT_HYPASPISTS_ELITE,19,flag,LossMoveToDmgNone,
UNIT_HYPASPISTS_ELITE,20,kv,MaxFuel,0
UNIT_HYPASPISTS_ELITE,21,flag,CanEntrench,
UNIT_HYPASPISTS_ELITE,22,flag,CanExpel,
UNIT_HYPASPISTS_ELITE,23,flag,NoZoc,
UNIT_HYPASPISTS_ELITE,24,flag,CanPillage,
UNIT_HYPASPISTS_ELITE,25,flag,CanPirate,
UNIT_HYPASPISTS_ELITE,26,flag,ExertsMartialLaw,
UNIT_HYPASPISTS_ELITE,27,flag,DeathEffectsHappy,
UNIT_HYPASPISTS_ELITE,28,flag,BonusAgainstMounted,
UNIT_HYPASPISTS_ELITE,29,kv,MountedBonus,0.35
UNIT_HYPASPISTS_ELITE,30,flag,OnlyBuildOne,
UNIT_HYPASPISTS_ELITE,31,kv,SoundSelect1,SOUND_SELECT1_PIKEMEN
UNIT_HYPASPISTS_ELITE,32,kv,SoundSelect2,SOUND_SELECT2_PIKEMEN
UNIT_HYPASPISTS_ELITE,33,kv,SoundMove,SOUND_MOVE_PIKEMEN
UNIT_HYPASPISTS_ELITE,34,kv,SoundAcknowledge,SOUND_ACKNOWLEDGE_PIKEMEN
UNIT_HYPASPISTS_ELITE,35,kv,SoundCantMove,SOUND_CANTMOVE_PIKEMEN
UNIT_HYPASPISTS_ELITE,36,kv,SoundAttack,SOUND_ATTACK_PIKEMEN
UNIT_HYPASPISTS_ELITE,37,kv,SoundWork,SOUND_WORK_PIKEMEN
UNIT_HYPASPISTS_ELITE,38,kv,SoundVictory,SOUND_VICTORY_PIKEMEN
UNIT_HYPASPISTS_ELITE,39,kv,SoundDeath,SOUND_DEATH_PIKEMEN
UNIT_HYPASPISTS_ELITE,40,sublist,CanAttack,Land
UNIT_HYPASPISTS_ELITE,41,sublist,CanAttack,Mountain
UNIT_HYPASPISTS_ELITE,42,sublist,CanSee,Standard
UNIT_HYPASPISTS_ELITE,43,sublist,MovementType,Land
UNIT_HYPASPISTS_ELITE,44,sublist,MovementType,Mountain
UNIT_HYPASPISTS_ELITE,45,sublist,Size,Small
UNIT_HYPASPISTS_ELITE,46,sublist,VisionClass,Standard
UNIT_HYPASPISTS_ELITE,47,nested,CanReform,"[{""t"": ""kv"", ""k"": ""Sound"", ""v"": ""SOUND_ID_REFORM_CITY""}, {""t"": ""kv"", ""k"": ""Effect"", ""v"": ""SPECEFFECT_REFORMCITY""}]"
UNIT_INFANTRYMAN,0,flag,CantBuild,
UNIT_INFANTRYMAN,1,flag,GLHidden,
UNIT_INFANTRYMAN,2,kv,Description,DESCRIPTION_UNIT_INFANTRYMAN
UNIT_INFANTRYMAN,3,kv,DefaultIcon,ICON_UNIT_INFANTRYMAN
UNIT_INFANTRYMAN,4,kv,DefaultSprite,SPRITE_INFANTRYMAN
UNIT_INFANTRYMAN,5,kv,Category,UNIT_CATEGORY_ATTACK
UNIT_INFANTRYMAN,6,kv,Attack,45
UNIT_INFANTRYMAN,7,kv,Defense,40
UNIT_INFANTRYMAN,8,kv,ZBRangeAttack,35
UNIT_INFANTRYMAN,9,kv,Firepower,3
UNIT_INFANTRYMAN,10,kv,Armor,1
UNIT_INFANTRYMAN,11,kv,MaxHP,18
UNIT_INFANTRYMAN,12,kv,ShieldCost,1100
UNIT_INFANTRYMAN,13,kv,PowerPoints,500
UNIT_INFANTRYMAN,14,kv,ShieldHunger,11
UNIT_INFANTRYMAN,15,kv,FoodHunger,0
UNIT_INFANTRYMAN,16,kv,MaxMovePoints,100
UNIT_INFANTRYMAN,17,kv,VisionRange,2
UNIT_INFANTRYMAN,18,kv,EnableAdvance,ADVANCE_HEXTAPUL
UNIT_INFANTRYMAN,19,kv,ActiveDefenseRange,0
UNIT_INFANTRYMAN,20,flag,LossMoveToDmgNone,
UNIT_INFANTRYMAN,21,kv,MaxFuel,0
UNIT_INFANTRYMAN,22,flag,CanEntrench,
UNIT_INFANTRYMAN,23,flag,NoZoc,
UNIT_INFANTRYMAN,24,flag,CanBeachAssault,
UNIT_INFANTRYMAN,25,flag,CanExpel,
UNIT_INFANTRYMAN,26,flag,CanPillage,
UNIT_INFANTRYMAN,27,flag,CanPirate,
UNIT_INFANTRYMAN,28,flag,BonusAgainstMounted,
UNIT_INFANTRYMAN,29,kv,MountedBonus,0.2
UNIT_INFANTRYMAN,30,flag,ExertsMartialLaw,
UNIT_INFANTRYMAN,31,flag,DeathEffectsHappy,
UNIT_INFANTRYMAN,32,flag,OnlyBuildOne,
UNIT_INFANTRYMAN,33,kv,SoundSelect1,SOUND_SELECT1_INFANTRYMAN
UNIT_INFANTRYMAN,34,kv,SoundSelect2,SOUND_SELECT2_INFANTRYMAN
UNIT_INFANTRYMAN,35,kv,SoundMove,SOUND_MOVE_INFANTRYMAN
UNIT_INFANTRYMAN,36,kv,SoundAcknowledge,SOUND_ACKNOWLEDGE_INFANTRYMAN
UNIT_INFANTRYMAN,37,kv,SoundCantMove,SOUND_CANTMOVE_INFANTRYMAN
UNIT_INFANTRYMAN,38,kv,SoundAttack,SOUND_ATTACK_INFANTRYMAN
UNIT_INFANTRYMAN,39,kv,SoundWork,SOUND_WORK_INFANTRYMAN
UNIT_INFANTRYMAN,40,kv,SoundVictory,SOUND_VICTORY_INFANTRYMAN
UNIT_INFANTRYMAN,41,kv,SoundDeath,SOUND_DEATH_INFANTRYMAN
UNIT_INFANTRYMAN,42,sublist,CanAttack,Land
UNIT_INFANTRYMAN,43,sublist,CanAttack,Mountain
UNIT_INFANTRYMAN,44,sublist,CanSee,Standard
UNIT_INFANTRYMAN,45,sublist,MovementType,Land
UNIT_INFANTRYMAN,46,sublist,MovementType,Mountain
UNIT_INFANTRYMAN,47,sublist,Size,Medium
UNIT_INFANTRYMAN,48,sublist,VisionClass,Standard
UNIT_INFANTRYMAN,49,nested,CanReform,"[{""t"": ""kv"", ""k"": ""Sound"", ""v"": ""SOUND_ID_REFORM_CITY""}, {""t"": ""kv"", ""k"": ""Effect"", ""v"": ""SPECEFFECT_REFORMCITY""}]"
UNIT_INFANTRYMAN_ELITE,0,flag,CantBuild,
UNIT_INFANTRYMAN_ELITE,1,flag,GLHidden,
UNIT_INFANTRYMAN_ELITE,2,kv,Description,DESCRIPTION_UNIT_INFANTRYMAN
UNIT_INFANTRYMAN_ELITE,3,kv,DefaultIcon,ICON_UNIT_INFANTRYMAN_ELITE
UNIT_INFANTRYMAN_ELITE,4,kv,DefaultSprite,SPRITE_INFANTRYMAN_ELITE
UNIT_INFANTRYMAN_ELITE,5,kv,Category,UNIT_CATEGORY_ATTACK
UNIT_INFANTRYMAN_ELITE,6,kv,Attack,50
UNIT_INFANTRYMAN_ELITE,7,kv,Defense,45
UNIT_INFANTRYMAN_ELITE,8,kv,ZBRangeAttack,40
UNIT_INFANTRYMAN_ELITE,9,kv,Firepower,3
UNIT_INFANTRYMAN_ELITE,10,kv,Armor,1
UNIT_INFANTRYMAN_ELITE,11,kv,MaxHP,20
UNIT_INFANTRYMAN_ELITE,12,kv,ShieldCost,1100
UNIT_INFANTRYMAN_ELITE,13,kv,PowerPoints,500
UNIT_INFANTRYMAN_ELITE,14,kv,ShieldHunger,11
UNIT_INFANTRYMAN_ELITE,15,kv,FoodHunger,0
UNIT_INFANTRYMAN_ELITE,16,kv,MaxMovePoints,200
UNIT_INFANTRYMAN_ELITE,17,kv,VisionRange,2
UNIT_INFANTRYMAN_ELITE,18,kv,EnableAdvance,ADVANCE_HEXTAPUL
UNIT_INFANTRYMAN_ELITE,19,kv,ActiveDefenseRange,0
UNIT_INFANTRYMAN_ELITE,20,flag,LossMoveToDmgNone,
UNIT_INFANTRYMAN_ELITE,21,kv,MaxFuel,0
UNIT_INFANTRYMAN_ELITE,22,flag,CanEntrench,
UNIT_INFANTRYMAN_ELITE,23,flag,CanBeachAssault,
UNIT_INFANTRYMAN_ELITE,24,flag,CanExpel,
UNIT_INFANTRYMAN_ELITE,25,flag,NoZoc,
UNIT_INFANTRYMAN_ELITE,26,flag,CanPillage,
UNIT_INFANTRYMAN_ELITE,27,flag,CanPirate,
UNIT_INFANTRYMAN_ELITE,28,flag,BonusAgainstMounted,
UNIT_INFANTRYMAN_ELITE,29,kv,MountedBonus,0.2
UNIT_INFANTRYMAN_ELITE,30,flag,ExertsMartialLaw,
UNIT_INFANTRYMAN_ELITE,31,flag,DeathEffectsHappy,
UNIT_INFANTRYMAN_ELITE,32,flag,OnlyBuildOne,
UNIT_INFANTRYMAN_ELITE,33,kv,SoundSelect1,SOUND_SELECT1_INFANTRYMAN
UNIT_INFANTRYMAN_ELITE,34,kv,SoundSelect2,SOUND_SELECT2_INFANTRYMAN
UNIT_INFANTRYMAN_ELITE,35,kv,SoundMove,SOUND_MOVE_INFANTRYMAN
UNIT_INFANTRYMAN_ELITE,36,kv,SoundAcknowledge,SOUND_ACKNOWLEDGE_INFANTRYMAN
UNIT_INFANTRYMAN_ELITE,37,kv,SoundCantMove,SOUND_CANTMOVE_INFANTRYMAN
UNIT_INFANTRYMAN_ELITE,38,kv,SoundAttack,SOUND_ATTACK_INFANTRYMAN
UNIT_INFANTRYMAN_ELITE,39,kv,SoundWork,SOUND_WORK_INFANTRYMAN
UNIT_INFANTRYMAN_ELITE,40,kv,SoundVictory,SOUND_VICTORY_INFANTRYMAN
UNIT_INFANTRYMAN_ELITE,41,kv,SoundDeath,SOUND_DEATH_INFANTRYMAN
UNIT_INFANTRYMAN_ELITE,42,sublist,CanAttack,Land
UNIT_INFANTRYMAN_ELITE,43,sublist,CanAttack,Mountain
UNIT_INFANTRYMAN_ELITE,44,sublist,CanSee,Standard
UNIT_INFANTRYMAN_ELITE,45,sublist,MovementType,Land
UNIT_INFANTRYMAN_ELITE,46,sublist,MovementType,Mountain
UNIT_INFANTRYMAN_ELITE,47,sublist,Size,Medium
UNIT_INFANTRYMAN_ELITE,48,sublist,VisionClass,Standard
UNIT_INFANTRYMAN_ELITE,49,nested,CanReform,"[{""t"": ""kv"", ""k"": ""Sound"", ""v"": ""SOUND_ID_REFORM_CITY""}, {""t"": ""kv"", ""k"": ""Effect"", ""v"": ""SPECEFFECT_REFORMCITY""}]"
UNIT_INFANTRYMAN_MILITIA,0,flag,CantBuild,
UNIT_INFANTRYMAN_MILITIA,1,flag,GLHidden,
UNIT_INFANTRYMAN_MILITIA,2,kv,Description,DESCRIPTION_UNIT_INFANTRYMAN
UNIT_INFANTRYMAN_MILITIA,3,kv,DefaultIcon,ICON_UNIT_INFANTRYMAN_MILITIA
UNIT_INFANTRYMAN_MILITIA,4,kv,DefaultSprite,SPRITE_INFANTRYMAN
UNIT_INFANTRYMAN_MILITIA,5,kv,Category,UNIT_CATEGORY_RANGED
UNIT_INFANTRYMAN_MILITIA,6,kv,Attack,30
UNIT_INFANTRYMAN_MILITIA,7,kv,Defense,35
UNIT_INFANTRYMAN_MILITIA,8,kv,ZBRangeAttack,40
UNIT_INFANTRYMAN_MILITIA,9,kv,Firepower,3
UNIT_INFANTRYMAN_MILITIA,10,kv,Armor,1
UNIT_INFANTRYMAN_MILITIA,11,kv,MaxHP,30
UNIT_INFANTRYMAN_MILITIA,12,kv,ShieldCost,1100
UNIT_INFANTRYMAN_MILITIA,13,kv,PowerPoints,500
UNIT_INFANTRYMAN_MILITIA,14,kv,ShieldHunger,11
UNIT_INFANTRYMAN_MILITIA,15,kv,FoodHunger,0
UNIT_INFANTRYMAN_MILITIA,16,kv,MaxMovePoints,0
UNIT_INFANTRYMAN_MILITIA,17,kv,VisionRange,2
UNIT_INFANTRYMAN_MILITIA,18,kv,EnableAdvance,ADVANCE_HEXTAPUL
UNIT_INFANTRYMAN_MILITIA,19,kv,BombRounds,5
UNIT_INFANTRYMAN_MILITIA,20,kv,BombardRange,1
UNIT_INFANTRYMAN_MILITIA,21,flag,CanCounterBombard,
UNIT_INFANTRYMAN_MILITIA,22,kv,ActiveDefenseRange,0
UNIT_INFANTRYMAN_MILITIA,23,flag,LossMoveToDmgNone,
UNIT_INFANTRYMAN_MILITIA,24,kv,MaxFuel,0
UNIT_INFANTRYMAN_MILITIA,25,flag,CanEntrench,
UNIT_INFANTRYMAN_MILITIA,26,flag,NoZoc,
UNIT_INFANTRYMAN_MILITIA,27,flag,CanExpel,
UNIT_INFANTRYMAN_MILITIA,28,flag,CanPillage,
UNIT_INFANTRYMAN_MILITIA,29,flag,CanPirate,
UNIT_INFANTRYMAN_MILITIA,30,flag,ExertsMartialLaw,
UNIT_INFANTRYMAN_MILITIA,31,flag,DeathEffectsHappy,
UNIT_INFANTRYMAN_MILITIA,32,kv,SoundSelect1,SOUND_SELECT1_INFANTRYMAN
UNIT_INFANTRYMAN_MILITIA,33,kv,SoundSelect2,SOUND_SELECT2_INFANTRYMAN
UNIT_INFANTRYMAN_MILITIA,34,kv,SoundMove,SOUND_MOVE_INFANTRYMAN
UNIT_INFANTRYMAN_MILITIA,35,kv,SoundAcknowledge,SOUND_ACKNOWLEDGE_INFANTRYMAN
UNIT_INFANTRYMAN_MILITIA,36,kv,SoundCantMove,SOUND_CANTMOVE_INFANTRYMAN
UNIT_INFANTRYMAN_MILITIA,37,kv,SoundAttack,SOUND_ATTACK_INFANTRYMAN
UNIT_INFANTRYMAN_MILITIA,38,kv,SoundWork,SOUND_WORK_INFANTRYMAN
UNIT_INFANTRYMAN_MILITIA,39,kv,SoundVictory,SOUND_VICTORY_INFANTRYMAN
UNIT_INFANTRYMAN_MILITIA,40,kv,SoundDeath,SOUND_DEATH_INFANTRYMAN
UNIT_INFANTRYMAN_MILITIA,41,sublist,CanAttack,Land
UNIT_INFANTRYMAN_MILITIA,42,sublist,CanAttack,Mountain
UNIT_INFANTRYMAN_MILITIA,43,sublist,CanBombard,Land
UNIT_INFANTRYMAN_MILITIA,44,sublist,CanSee,Standard
UNIT_INFANTRYMAN_MILITIA,45,sublist,MovementType,Land
UNIT_INFANTRYMAN_MILITIA,46,sublist,MovementType,Mountain
UNIT_INFANTRYMAN_MILITIA,47,sublist,Size,Medium
UNIT_INFANTRYMAN_MILITIA,48,sublist,VisionClass,Standard
UNIT_INFANTRYMAN_MILITIA,49,nested,CanReform,"[{""t"": ""kv"", ""k"": ""Sound"", ""v"": ""SOUND_ID_REFORM_CITY""}, {""t"": ""kv"", ""k"": ""Effect"", ""v"": ""SPECEFFECT_REFORMCITY""}]"
UNIT_INFECTOR,0,kv,Description,DESCRIPTION_UNIT_INFECTOR
UNIT_INFECTOR,1,kv,DefaultIcon,ICON_UNIT_PROPHET
UNIT_INFECTOR,2,kv,DefaultSprite,SPRITE_PROPHET
UNIT_INFECTOR,3,kv,Category,UNIT_CATEGORY_SPECIAL
UNIT_INFECTOR,4,kv,Attack,0
UNIT_INFECTOR,5,kv,Defense,10
UNIT_INFECTOR,6,kv,ZBRangeAttack,0
UNIT_INFECTOR,7,kv,Firepower,1
UNIT_INFECTOR,8,kv,Armor,1
UNIT_INFECTOR,9,kv,MaxHP,15
UNIT_INFECTOR,10,kv,ShieldCost,2000
UNIT_INFECTOR,11,kv,PowerPoints,5000
UNIT_INFECTOR,12,kv,ShieldHunger,35
UNIT_INFECTOR,13,kv,FoodHunger,0
UNIT_INFECTOR,14,kv,MaxMovePoints,300
UNIT_INFECTOR,15,kv,VisionRange,2
UNIT_INFECTOR,16,kv,EnableAdvance,ADVANCE_SIEGE_WEAPONS
UNIT_INFECTOR,17,kv,ActiveDefenseRange,0
UNIT_INFECTOR,18,flag,LossMoveToDmgNone,
UNIT_INFECTOR,19,kv,MaxFuel,0
UNIT_INFECTOR,20,flag,CanEntrench,
UNIT_INFECTOR,21,flag,IgnoreZOC,
UNIT_INFECTOR,22,flag,NoZoc,
UNIT_INFECTOR,23,flag,CanBeExpelled,
UNIT_INFECTOR,24,flag,CantCaptureCity,
UNIT_INFECTOR,25,flag,DeathEffectsHappy,
UNIT_INFECTOR,26,flag,IsSpecialForces,
UNIT_INFECTOR,27,flag,OnlyBuildOne,
UNIT_INFECTOR,28,kv,SoundSelect1,SOUND_SELECT1_INFECTOR
UNIT_INFECTOR,29,kv,SoundSelect2,SOUND_SELECT2_INFECTOR
UNIT_INFECTOR,30,kv,SoundMove,SOUND_MOVE_INFECTOR
UNIT_INFECTOR,31,kv,SoundAcknowledge,SOUND_ACKNOWLEDGE_INFECTOR
UNIT_INFECTOR,32,kv,SoundCantMove,SOUND_CANTMOVE_INFECTOR
UNIT_INFECTOR,33,kv,SoundAttack,SOUND_ATTACK_INFECTOR
UNIT_INFECTOR,34,kv,SoundWork,SOUND_WORK_INFECTOR
UNIT_INFECTOR,35,kv,SoundVictory,SOUND_VICTORY_INFECTOR
UNIT_INFECTOR,36,kv,SoundDeath,SOUND_DEATH_INFECTOR
UNIT_INFECTOR,37,sublist,CanSee,Standard
UNIT_INFECTOR,38,sublist,CanSee,Stealth
UNIT_INFECTOR,39,sublist,MovementType,Land
UNIT_INFECTOR,40,sublist,MovementType,Mountain
UNIT_INFECTOR,41,sublist,Size,Small
UNIT_INFECTOR,42,sublist,VisionClass,Stealth
UNIT_INFECTOR,43,nested,BioTerror,"[{""t"": ""kv"", ""k"": ""Chance"", ""v"": ""0.5""}, {""t"": ""kv"", ""k"": ""Sound"", ""v"": ""SOUND_ID_BIO_TERROR""}, {""t"": ""kv"", ""k"": ""Effect"", ""v"": ""SPECEFFECT_BIO_TERROR""}]"
UNIT_INFECTOR,44,nested,Plague,"[{""t"": ""kv"", ""k"": ""Chance"", ""v"": ""0.5""}, {""t"": ""kv"", ""k"": ""Sound"", ""v"": ""SOUND_ID_BIO_TERROR""}, {""t"": ""kv"", ""k"": ""Effect"", ""v"": ""SPECEFFECT_BIO_TERROR""}]"
UNIT_INTERCEPTOR,0,flag,CantBuild,
UNIT_INTERCEPTOR,1,flag,GLHidden,
UNIT_INTERCEPTOR,2,kv,Description,DESCRIPTION_UNIT_INTERCEPTOR
UNIT_INTERCEPTOR,3,kv,DefaultIcon,ICON_UNIT_INTERCEPTOR
UNIT_INTERCEPTOR,4,kv,DefaultSprite,SPRITE_INTERCEPTOR
UNIT_INTERCEPTOR,5,kv,Category,UNIT_CATEGORY_AERIAL
UNIT_INTERCEPTOR,6,kv,Attack,65
UNIT_INTERCEPTOR,7,kv,Defense,65
UNIT_INTERCEPTOR,8,kv,ZBRangeAttack,65
UNIT_INTERCEPTOR,9,kv,Firepower,4
UNIT_INTERCEPTOR,10,kv,Armor,2
UNIT_INTERCEPTOR,11,kv,MaxHP,20
UNIT_INTERCEPTOR,12,kv,ShieldCost,2900
UNIT_INTERCEPTOR,13,kv,PowerPoints,100
UNIT_INTERCEPTOR,14,kv,ShieldHunger,29
UNIT_INTERCEPTOR,15,kv,FoodHunger,0
UNIT_INTERCEPTOR,16,kv,MaxMovePoints,1200
UNIT_INTERCEPTOR,17,kv,VisionRange,4
UNIT_INTERCEPTOR,18,kv,EnableAdvance,ADVANCE_HEXTAPUL
UNIT_INTERCEPTOR,19,kv,ActiveDefenseRange,0
UNIT_INTERCEPTOR,20,flag,EnableCarrierDefenses,
UNIT_INTERCEPTOR,21,flag,LossMoveToDmgNone,
UNIT_INTERCEPTOR,22,flag,NoFuelThenCrash,
UNIT_INTERCEPTOR,23,kv,MaxFuel,3600
UNIT_INTERCEPTOR,24,flag,IgnoreZOC,
UNIT_INTERCEPTOR,25,flag,CanBeachAssault,
UNIT_INTERCEPTOR,26,flag,CantCaptureCity,
UNIT_INTERCEPTOR,27,flag,DeathEffectsHappy,
UNIT_INTERCEPTOR,28,flag,Explodes,
UNIT_INTERCEPTOR,29,flag,OnlyBuildOne,
UNIT_INTERCEPTOR,30,kv,SoundSelect1,SOUND_SELECT1_INTERCEPTORS
UNIT_INTERCEPTOR,31,kv,SoundSelect2,SOUND_SELECT2_INTERCEPTORS
UNIT_INTERCEPTOR,32,kv,SoundMove,SOUND_MOVE_INTERCEPTORS
UNIT_INTERCEPTOR,33,kv,SoundAcknowledge,SOUND_ACKNOWLEDGE_INTERCEPTORS
UNIT_INTERCEPTOR,34,kv,SoundCantMove,SOUND_CANTMOVE_INTERCEPTORS
UNIT_INTERCEPTOR,35,kv,SoundAttack,SOUND_ATTACK_INTERCEPTORS
UNIT_INTERCEPTOR,36,kv,SoundWork,SOUND_WORK_INTERCEPTORS
UNIT_INTERCEPTOR,37,kv,SoundVictory,SOUND_VICTORY_INTERCEPTORS
UNIT_INTERCEPTOR,38,kv,SoundDeath,SOUND_DEATH_INTERCEPTORS
UNIT_INTERCEPTOR,39,sublist,CanAttack,Land
UNIT_INTERCEPTOR,40,sublist,CanAttack,Mountain
UNIT_INTERCEPTOR,41,sublist,CanAttack,Air
UNIT_INTERCEPTOR,42,sublist,CanAttack,Sea
UNIT_INTERCEPTOR,43,sublist,CanAttack,ShallowWater
UNIT_INTERCEPTOR,44,sublist,CanSee,Standard
UNIT_INTERCEPTOR,45,sublist,MovementType,Air
UNIT_INTERCEPTOR,46,sublist,Size,Medium
UNIT_INTERCEPTOR,47,sublist,VisionClass,Standard
UNIT_IRONCLAD,0,flag,CantBuild,
UNIT_IRONCLAD,1,flag,GLHidden,
UNIT_IRONCLAD,2,kv,Description,DESCRIPTION_UNIT_IRONCLAD
UNIT_IRONCLAD,3,kv,DefaultIcon,ICON_UNIT_IRONCLAD
UNIT_IRONCLAD,4,kv,DefaultSprite,SPRITE_IRONCLAD
UNIT_IRONCLAD,5,kv,Category,UNIT_CATEGORY_NAVAL
UNIT_IRONCLAD,6,kv,Attack,40
UNIT_IRONCLAD,7,kv,Defense,40
UNIT_IRONCLAD,8,kv,ZBRangeAttack,30
UNIT_IRONCLAD,9,kv,Firepower,3
UNIT_IRONCLAD,10,kv,Armor,1
UNIT_IRONCLAD,11,kv,MaxHP,18
UNIT_IRONCLAD,12,kv,ShieldCost,1700
UNIT_IRONCLAD,13,kv,PowerPoints,100
UNIT_IRONCLAD,14,kv,ShieldHunger,17
UNIT_IRONCLAD,15,kv,FoodHunger,0
UNIT_IRONCLAD,16,kv,MaxMovePoints,800
UNIT_IRONCLAD,17,kv,VisionRange,2
UNIT_IRONCLAD,18,kv,EnableAdvance,ADVANCE_HEXTAPUL
UNIT_IRONCLAD,19,kv,BombRounds,5
UNIT_IRONCLAD,20,kv,BombardRange,1
UNIT_IRONCLAD,21,flag,CanCounterBombard,
UNIT_IRONCLAD,22,kv,ActiveDefenseRange,0
UNIT_IRONCLAD,23,flag,LossMoveToDmgNone,
UNIT_IRONCLAD,24,kv,MaxFuel,0
UNIT_IRONCLAD,25,flag,CanExpel,
UNIT_IRONCLAD,26,flag,NoZoc,
UNIT_IRONCLAD,27,flag,CanPillage,
UNIT_IRONCLAD,28,flag,CanPirate,
UNIT_IRONCLAD,29,flag,CantCaptureCity,
UNIT_IRONCLAD,30,flag,ExertsMartialLaw,
UNIT_IRONCLAD,31,flag,DeathEffectsHappy,
UNIT_IRONCLAD,32,flag,Explodes,
UNIT_IRONCLAD,33,flag,OnlyBuildOne,
UNIT_IRONCLAD,34,kv,SoundSelect1,SOUND_SELECT1_IRONCLAD
UNIT_IRONCLAD,35,kv,SoundSelect2,SOUND_SELECT2_IRONCLAD
UNIT_IRONCLAD,36,kv,SoundMove,SOUND_MOVE_IRONCLAD
UNIT_IRONCLAD,37,kv,SoundAcknowledge,SOUND_ACKNOWLEDGE_IRONCLAD
UNIT_IRONCLAD,38,kv,SoundCantMove,SOUND_CANTMOVE_IRONCLAD
UNIT_IRONCLAD,39,kv,SoundAttack,SOUND_ATTACK_IRONCLAD
UNIT_IRONCLAD,40,kv,SoundWork,SOUND_WORK_IRONCLAD
UNIT_IRONCLAD,41,kv,SoundVictory,SOUND_VICTORY_IRONCLAD
UNIT_IRONCLAD,42,kv,SoundDeath,SOUND_DEATH_IRONCLAD
UNIT_IRONCLAD,43,sublist,CanAttack,Sea
UNIT_IRONCLAD,44,sublist,CanAttack,ShallowWater
UNIT_IRONCLAD,45,sublist,CanBombard,Land
UNIT_IRONCLAD,46,sublist,CanBombard,Mountain
UNIT_IRONCLAD,47,sublist,CanBombard,Water
UNIT_IRONCLAD,48,sublist,CanSee,Standard
UNIT_IRONCLAD,49,sublist,MovementType,Sea
UNIT_IRONCLAD,50,sublist,MovementType,ShallowWater
UNIT_IRONCLAD,51,sublist,Size,Large
UNIT_IRONCLAD,52,sublist,VisionClass,Standard
UNIT_IRONCLAD,53,nested,CanReform,"[{""t"": ""kv"", ""k"": ""Sound"", ""v"": ""SOUND_ID_REFORM_CITY""}, {""t"": ""kv"", ""k"": ""Effect"", ""v"": ""SPECEFFECT_REFORMCITY""}]"
UNIT_JANISSARY,0,kv,Description,DESCRIPTION_UNIT_SWORDSMAN
UNIT_JANISSARY,1,kv,DefaultIcon,ICON_UNIT_JANISSARY
UNIT_JANISSARY,2,kv,DefaultSprite,SPRITE_JANISSARY
UNIT_JANISSARY,3,kv,Category,UNIT_CATEGORY_ATTACK
UNIT_JANISSARY,4,kv,Attack,30
UNIT_JANISSARY,5,kv,Defense,35
UNIT_JANISSARY,6,kv,ZBRangeAttack,0
UNIT_JANISSARY,7,kv,Firepower,2
UNIT_JANISSARY,8,kv,Armor,1
UNIT_JANISSARY,9,kv,MaxHP,17
UNIT_JANISSARY,10,kv,ShieldCost,750
UNIT_JANISSARY,11,kv,PowerPoints,400
UNIT_JANISSARY,12,kv,ShieldHunger,3
UNIT_JANISSARY,13,kv,FoodHunger,0
UNIT_JANISSARY,14,kv,MaxMovePoints,200
UNIT_JANISSARY,15,kv,VisionRange,1
UNIT_JANISSARY,16,kv,EnableAdvance,ADVANCE_TACTICS_I
UNIT_JANISSARY,17,kv,ActiveDefenseRange,0
UNIT_JANISSARY,18,flag,LossMoveToDmgNone,
UNIT_JANISSARY,19,kv,MaxFuel,0
UNIT_JANISSARY,20,flag,CanEntrench,
UNIT_JANISSARY,21,flag,NoZoc,
UNIT_JANISSARY,22,flag,CanExpel,
UNIT_JANISSARY,23,flag,CanPillage,
UNIT_JANISSARY,24,flag,CanPirate,
UNIT_JANISSARY,25,flag,ExertsMartialLaw,
UNIT_JANISSARY,26,flag,DeathEffectsHappy,
UNIT_JANISSARY,27,flag,BonusAgainstMounted,
UNIT_JANISSARY,28,kv,MountedBonus,0.3
UNIT_JANISSARY,29,flag,OnlyBuildOne,
UNIT_JANISSARY,30,kv,SoundSelect1,SOUND_SELECT1_PIKEMEN
UNIT_JANISSARY,31,kv,SoundSelect2,SOUND_SELECT2_PIKEMEN
UNIT_JANISSARY,32,kv,SoundMove,SOUND_MOVE_PIKEMEN
UNIT_JANISSARY,33,kv,SoundAcknowledge,SOUND_ACKNOWLEDGE_PIKEMEN
UNIT_JANISSARY,34,kv,SoundCantMove,SOUND_CANTMOVE_PIKEMEN
UNIT_JANISSARY,35,kv,SoundAttack,SOUND_ATTACK_PIKEMEN
UNIT_JANISSARY,36,kv,SoundWork,SOUND_WORK_PIKEMEN
UNIT_JANISSARY,37,kv,SoundVictory,SOUND_VICTORY_PIKEMEN
UNIT_JANISSARY,38,kv,SoundDeath,SOUND_DEATH_PIKEMEN
UNIT_JANISSARY,39,sublist,CanAttack,Land
UNIT_JANISSARY,40,sublist,CanAttack,Mountain
UNIT_JANISSARY,41,sublist,CanSee,Standard
UNIT_JANISSARY,42,sublist,MovementType,Land
UNIT_JANISSARY,43,sublist,MovementType,Mountain
UNIT_JANISSARY,44,sublist,Size,Small
UNIT_JANISSARY,45,sublist,VisionClass,Standard
UNIT_JANISSARY,46,nested,CanReform,"[{""t"": ""kv"", ""k"": ""Sound"", ""v"": ""SOUND_ID_REFORM_CITY""}, {""t"": ""kv"", ""k"": ""Effect"", ""v"": ""SPECEFFECT_REFORMCITY""}]"
UNIT_JAVELIN_CAVALRY,0,kv,Description,DESCRIPTION_UNIT_MOUNTED_ARCHER
UNIT_JAVELIN_CAVALRY,1,kv,DefaultIcon,ICON_UNIT_JAVELIN_CAVALRY
UNIT_JAVELIN_CAVALRY,2,kv,DefaultSprite,SPRITE_JAVELIN_CAVALRY
UNIT_JAVELIN_CAVALRY,3,kv,Category,UNIT_CATEGORY_FLANKER
UNIT_JAVELIN_CAVALRY,4,kv,Attack,35
UNIT_JAVELIN_CAVALRY,5,kv,Defense,25
UNIT_JAVELIN_CAVALRY,6,kv,ZBRangeAttack,0
UNIT_JAVELIN_CAVALRY,7,kv,Firepower,2
UNIT_JAVELIN_CAVALRY,8,kv,Armor,1
UNIT_JAVELIN_CAVALRY,9,kv,MaxHP,15
UNIT_JAVELIN_CAVALRY,10,kv,ShieldCost,900
UNIT_JAVELIN_CAVALRY,11,kv,PowerPoints,400
UNIT_JAVELIN_CAVALRY,12,kv,ShieldHunger,4
UNIT_JAVELIN_CAVALRY,13,kv,FoodHunger,0
UNIT_JAVELIN_CAVALRY,14,kv,MaxMovePoints,300
UNIT_JAVELIN_CAVALRY,15,kv,VisionRange,2
UNIT_JAVELIN_CAVALRY,16,kv,EnableAdvance,ADVANCE_DOMESTICATION
UNIT_JAVELIN_CAVALRY,17,kv,ActiveDefenseRange,0
UNIT_JAVELIN_CAVALRY,18,flag,LossMoveToDmgNone,
UNIT_JAVELIN_CAVALRY,19,kv,MaxFuel,0
UNIT_JAVELIN_CAVALRY,20,flag,CanEntrench,
UNIT_JAVELIN_CAVALRY,21,flag,NoZoc,
UNIT_JAVELIN_CAVALRY,22,flag,CanExpel,
UNIT_JAVELIN_CAVALRY,23,flag,CanPillage,
UNIT_JAVELIN_CAVALRY,24,flag,CanPirate,
UNIT_JAVELIN_CAVALRY,25,flag,ExertsMartialLaw,
UNIT_JAVELIN_CAVALRY,26,flag,DeathEffectsHappy,
UNIT_JAVELIN_CAVALRY,27,flag,IsFlanker,
UNIT_JAVELIN_CAVALRY,28,flag,IsMounted,
UNIT_JAVELIN_CAVALRY,29,flag,IsSpecialForces,
UNIT_JAVELIN_CAVALRY,30,flag,OnlyBuildOne,
UNIT_JAVELIN_CAVALRY,31,kv,SoundSelect1,SOUND_SELECT1_KNIGHT
UNIT_JAVELIN_CAVALRY,32,kv,SoundSelect2,SOUND_SELECT2_KNIGHT
UNIT_JAVELIN_CAVALRY,33,kv,SoundMove,SOUND_MOVE_KNIGHT
UNIT_JAVELIN_CAVALRY,34,kv,SoundAcknowledge,SOUND_ACKNOWLEDGE_KNIGHT
UNIT_JAVELIN_CAVALRY,35,kv,SoundCantMove,SOUND_CANTMOVE_KNIGHT
UNIT_JAVELIN_CAVALRY,36,kv,SoundAttack,SOUND_ATTACK_KNIGHT
UNIT_JAVELIN_CAVALRY,37,kv,SoundWork,SOUND_WORK_KNIGHT
UNIT_JAVELIN_CAVALRY,38,kv,SoundVictory,SOUND_VICTORY_KNIGHT
UNIT_JAVELIN_CAVALRY,39,kv,SoundDeath,SOUND_DEATH_KNIGHT
UNIT_JAVELIN_CAVALRY,40,sublist,CanAttack,Land
UNIT_JAVELIN_CAVALRY,41,sublist,CanSee,Standard
UNIT_JAVELIN_CAVALRY,42,sublist,CanSee,Stealth
UNIT_JAVELIN_CAVALRY,43,sublist,MovementType,Land
UNIT_JAVELIN_CAVALRY,44,sublist,Size,Medium
UNIT_JAVELIN_CAVALRY,45,sublist,VisionClass,Stealth
UNIT_JAVELIN_CAVALRY,46,nested,CanReform,"[{""t"": ""kv"", ""k"": ""Sound"", ""v"": ""SOUND_ID_REFORM_CITY""}, {""t"": ""kv"", ""k"": ""Effect"", ""v"": ""SPECEFFECT_REFORMCITY""}]"
UNIT_KNIGHT,0,kv,Description,DESCRIPTION_UNIT_KNIGHT
UNIT_KNIGHT,1,kv,DefaultIcon,ICON_UNIT_KNIGHT
UNIT_KNIGHT,2,kv,DefaultSprite,SPRITE_KNIGHT
UNIT_KNIGHT,3,kv,Category,UNIT_CATEGORY_FLANKER
UNIT_KNIGHT,4,kv,Attack,40
UNIT_KNIGHT,5,kv,Defense,30
UNIT_KNIGHT,6,kv,ZBRangeAttack,20
UNIT_KNIGHT,7,kv,Firepower,2
UNIT_KNIGHT,8,kv,Armor,1
UNIT_KNIGHT,9,kv,MaxHP,15
UNIT_KNIGHT,10,kv,ShieldCost,750
UNIT_KNIGHT,11,kv,PowerPoints,400
UNIT_KNIGHT,12,kv,ShieldHunger,4
UNIT_KNIGHT,13,kv,FoodHunger,0
UNIT_KNIGHT,14,kv,MaxMovePoints,400
UNIT_KNIGHT,15,kv,VisionRange,3
UNIT_KNIGHT,16,kv,EnableAdvance,ADVANCE_MONGOLIA
UNIT_KNIGHT,17,kv,ActiveDefenseRange,0
UNIT_KNIGHT,18,flag,LossMoveToDmgNone,
UNIT_KNIGHT,19,kv,MaxFuel,0
UNIT_KNIGHT,20,flag,CanEntrench,
UNIT_KNIGHT,21,flag,NoZoc,
UNIT_KNIGHT,22,flag,CanExpel,
UNIT_KNIGHT,23,flag,CanPillage,
UNIT_KNIGHT,24,flag,CanPirate,
UNIT_KNIGHT,25,flag,ExertsMartialLaw,
UNIT_KNIGHT,26,flag,DeathEffectsHappy,
UNIT_KNIGHT,27,flag,IsFlanker,
UNIT_KNIGHT,28,flag,IsMounted,
UNIT_KNIGHT,29,flag,BonusAgainstMounted,
UNIT_KNIGHT,30,kv,MountedBonus,0.10
UNIT_KNIGHT,31,flag,IsSpecialForces,
UNIT_KNIGHT,32,flag,OnlyBuildOne,
UNIT_KNIGHT,33,kv,SoundSelect1,SOUND_SELECT1_KNIGHT
UNIT_KNIGHT,34,kv,SoundSelect2,SOUND_SELECT2_KNIGHT
UNIT_KNIGHT,35,kv,SoundMove,SOUND_MOVE_KNIGHT
UNIT_KNIGHT,36,kv,SoundAcknowledge,SOUND_ACKNOWLEDGE_KNIGHT
UNIT_KNIGHT,37,kv,SoundCantMove,SOUND_CANTMOVE_KNIGHT
UNIT_KNIGHT,38,kv,SoundAttack,SOUND_ATTACK_KNIGHT
UNIT_KNIGHT,39,kv,SoundWork,SOUND_WORK_KNIGHT
UNIT_KNIGHT,40,kv,SoundVictory,SOUND_VICTORY_KNIGHT
UNIT_KNIGHT,41,kv,SoundDeath,SOUND_DEATH_KNIGHT
UNIT_KNIGHT,42,sublist,CanAttack,Land
UNIT_KNIGHT,43,sublist,CanSee,Standard
UNIT_KNIGHT,44,sublist,MovementType,Land
UNIT_KNIGHT,45,sublist,Size,Medium
UNIT_KNIGHT,46,sublist,VisionClass,Standard
UNIT_KNIGHT,47,nested,CanReform,"[{""t"": ""kv"", ""k"": ""Sound"", ""v"": ""SOUND_ID_REFORM_CITY""}, {""t"": ""kv"", ""k"": ""Effect"", ""v"": ""SPECEFFECT_REFORMCITY""}]"
UNIT_KRAKEN,0,flag,CantBuild,
UNIT_KRAKEN,1,flag,GLHidden,
UNIT_KRAKEN,2,kv,Description,DESCRIPTION_UNIT_KRAKEN
UNIT_KRAKEN,3,kv,DefaultIcon,ICON_UNIT_KRAKEN
UNIT_KRAKEN,4,kv,DefaultSprite,SPRITE_KRAKEN
UNIT_KRAKEN,5,kv,Category,UNIT_CATEGORY_UNDERSEA
UNIT_KRAKEN,6,kv,Attack,80
UNIT_KRAKEN,7,kv,Defense,60
UNIT_KRAKEN,8,kv,ZBRangeAttack,80
UNIT_KRAKEN,9,kv,Firepower,5
UNIT_KRAKEN,10,kv,Armor,5
UNIT_KRAKEN,11,kv,MaxHP,25
UNIT_KRAKEN,12,kv,ShieldCost,5200
UNIT_KRAKEN,13,kv,PowerPoints,100
UNIT_KRAKEN,14,kv,ShieldHunger,52
UNIT_KRAKEN,15,kv,FoodHunger,0
UNIT_KRAKEN,16,kv,MaxMovePoints,1200
UNIT_KRAKEN,17,kv,VisionRange,3
UNIT_KRAKEN,18,kv,EnableAdvance,ADVANCE_HEXTAPUL
UNIT_KRAKEN,19,kv,ActiveDefenseRange,0
UNIT_KRAKEN,20,flag,LossMoveToDmgNone,
UNIT_KRAKEN,21,kv,MaxFuel,0
UNIT_KRAKEN,22,flag,CanExpel,
UNIT_KRAKEN,23,flag,NoZoc,
UNIT_KRAKEN,24,flag,CanPillage,
UNIT_KRAKEN,25,flag,CanPirate,
UNIT_KRAKEN,26,flag,DeathEffectsHappy,
UNIT_KRAKEN,27,flag,IsFlanker,
UNIT_KRAKEN,28,flag,IsSubmarine,
UNIT_KRAKEN,29,flag,Explodes,
UNIT_KRAKEN,30,flag,OnlyBuildOne,
UNIT_KRAKEN,31,kv,SoundSelect1,SOUND_SELECT1_KRAKEN
UNIT_KRAKEN,32,kv,SoundSelect2,SOUND_SELECT2_KRAKEN
UNIT_KRAKEN,33,kv,SoundMove,SOUND_MOVE_KRAKEN
UNIT_KRAKEN,34,kv,SoundAcknowledge,SOUND_ACKNOWLEDGE_KRAKEN
UNIT_KRAKEN,35,kv,SoundCantMove,SOUND_CANTMOVE_KRAKEN
UNIT_KRAKEN,36,kv,SoundAttack,SOUND_ATTACK_KRAKEN
UNIT_KRAKEN,37,kv,SoundWork,SOUND_WORK_KRAKEN
UNIT_KRAKEN,38,kv,SoundVictory,SOUND_VICTORY_KRAKEN
UNIT_KRAKEN,39,kv,SoundDeath,SOUND_DEATH_KRAKEN
UNIT_KRAKEN,40,sublist,CanAttack,Sea
UNIT_KRAKEN,41,sublist,CanAttack,Underwater
UNIT_KRAKEN,42,sublist,CanAttack,ShallowWater
UNIT_KRAKEN,43,sublist,CanSee,Standard
UNIT_KRAKEN,44,sublist,CanSee,Underwater
UNIT_KRAKEN,45,sublist,MovementType,Sea
UNIT_KRAKEN,46,sublist,MovementType,ShallowWater
UNIT_KRAKEN,47,sublist,Size,Large
UNIT_KRAKEN,48,sublist,VisionClass,Underwater
UNIT_KRAKEN,49,nested,CanReform,"[{""t"": ""kv"", ""k"": ""Sound"", ""v"": ""SOUND_ID_REFORM_CITY""}, {""t"": ""kv"", ""k"": ""Effect"", ""v"": ""SPECEFFECT_REFORMCITY""}]"
UNIT_LAWYER,0,flag,CantBuild,
UNIT_LAWYER,1,flag,GLHidden,
UNIT_LAWYER,2,kv,Description,DESCRIPTION_UNIT_LAWYER
UNIT_LAWYER,3,kv,DefaultIcon,ICON_UNIT_LAWYER
UNIT_LAWYER,4,kv,DefaultSprite,SPRITE_LAWYER
UNIT_LAWYER,5,kv,Category,UNIT_CATEGORY_SPECIAL
UNIT_LAWYER,6,kv,Attack,0
UNIT_LAWYER,7,kv,Defense,10
UNIT_LAWYER,8,kv,ZBRangeAttack,0
UNIT_LAWYER,9,kv,Firepower,1
UNIT_LAWYER,10,kv,Armor,1
UNIT_LAWYER,11,kv,MaxHP,10
UNIT_LAWYER,12,kv,ShieldCost,1750
UNIT_LAWYER,13,kv,PowerPoints,400
UNIT_LAWYER,14,kv,ShieldHunger,17
UNIT_LAWYER,15,kv,FoodHunger,0
UNIT_LAWYER,16,kv,MaxMovePoints,300
UNIT_LAWYER,17,kv,VisionRange,2
UNIT_LAWYER,18,kv,EnableAdvance,ADVANCE_HEXTAPUL
UNIT_LAWYER,19,kv,ActiveDefenseRange,0
UNIT_LAWYER,20,flag,LossMoveToDmgNone,
UNIT_LAWYER,21,kv,MaxFuel,0
UNIT_LAWYER,22,flag,CanEntrench,
UNIT_LAWYER,23,flag,IgnoreZOC,
UNIT_LAWYER,24,flag,NoZoc,
UNIT_LAWYER,25,flag,CanSue,
UNIT_LAWYER,26,flag,CanBeSued,
UNIT_LAWYER,27,flag,CantCaptureCity,
UNIT_LAWYER,28,flag,DeathEffectsHappy,
UNIT_LAWYER,29,flag,IsSpecialForces,
UNIT_LAWYER,30,flag,Civilian,
UNIT_LAWYER,31,flag,OnlyBuildOne,
UNIT_LAWYER,32,kv,SoundSelect1,SOUND_SELECT1_LAWYER
UNIT_LAWYER,33,kv,SoundSelect2,SOUND_SELECT2_LAWYER
UNIT_LAWYER,34,kv,SoundMove,SOUND_MOVE_LAWYER
UNIT_LAWYER,35,kv,SoundAcknowledge,SOUND_ACKNOWLEDGE_LAWYER
UNIT_LAWYER,36,kv,SoundCantMove,SOUND_CANTMOVE_LAWYER
UNIT_LAWYER,37,kv,SoundAttack,SOUND_ATTACK_LAWYER
UNIT_LAWYER,38,kv,SoundWork,SOUND_WORK_LAWYER
UNIT_LAWYER,39,kv,SoundVictory,SOUND_VICTORY_LAWYER
UNIT_LAWYER,40,kv,SoundDeath,SOUND_DEATH_LAWYER
UNIT_LAWYER,41,sublist,CanSee,Standard
UNIT_LAWYER,42,sublist,CanSee,Stealth
UNIT_LAWYER,43,sublist,MovementType,Land
UNIT_LAWYER,44,sublist,MovementType,Mountain
UNIT_LAWYER,45,sublist,Size,Small
UNIT_LAWYER,46,sublist,VisionClass,Stealth
UNIT_LAWYER,47,nested,CanInjoin,"[{""t"": ""kv"", ""k"": ""Sound"", ""v"": ""SOUND_ID_INJUNCTION""}, {""t"": ""kv"", ""k"": ""Effect"", ""v"": ""SPECEFFECT_INJUNCTIONS""}]"
UNIT_LEGION,0,kv,Description,DESCRIPTION_UNIT_KNIGHT
UNIT_LEGION,1,kv,DefaultIcon,ICON_UNIT_LEGION
UNIT_LEGION,2,kv,DefaultSprite,SPRITE_LEGION
UNIT_LEGION,3,kv,Category,UNIT_CATEGORY_ATTACK
UNIT_LEGION,4,kv,Attack,35
UNIT_LEGION,5,kv,Defense,40
UNIT_LEGION,6,kv,ZBRangeAttack,0
UNIT_LEGION,7,kv,Firepower,2
UNIT_LEGION,8,kv,Armor,1
UNIT_LEGION,9,kv,MaxHP,17
UNIT_LEGION,10,kv,ShieldCost,900
UNIT_LEGION,11,kv,PowerPoints,400
UNIT_LEGION,12,kv,ShieldHunger,4
UNIT_LEGION,13,kv,FoodHunger,0
UNIT_LEGION,14,kv,MaxMovePoints,100
UNIT_LEGION,15,kv,VisionRange,1
UNIT_LEGION,16,kv,EnableAdvance,ADVANCE_HAN
UNIT_LEGION,17,kv,ActiveDefenseRange,0
UNIT_LEGION,18,flag,LossMoveToDmgNone,
UNIT_LEGION,19,kv,MaxFuel,0
UNIT_LEGION,20,flag,CanEntrench,
UNIT_LEGION,21,flag,NoZoc,
UNIT_LEGION,22,flag,CanExpel,
UNIT_LEGION,23,flag,CanPillage,
UNIT_LEGION,24,flag,CanPirate,
UNIT_LEGION,25,flag,ExertsMartialLaw,
UNIT_LEGION,26,flag,DeathEffectsHappy,
UNIT_LEGION,27,flag,BonusAgainstMounted,
UNIT_LEGION,28,kv,MountedBonus,0.25
UNIT_LEGION,29,flag,OnlyBuildOne,
UNIT_LEGION,30,kv,SoundSelect1,SOUND_SELECT1_PIKEMEN
UNIT_LEGION,31,kv,SoundSelect2,SOUND_SELECT2_PIKEMEN
UNIT_LEGION,32,kv,SoundMove,SOUND_MOVE_PIKEMEN
UNIT_LEGION,33,kv,SoundAcknowledge,SOUND_ACKNOWLEDGE_PIKEMEN
UNIT_LEGION,34,kv,SoundCantMove,SOUND_CANTMOVE_PIKEMEN
UNIT_LEGION,35,kv,SoundAttack,SOUND_ATTACK_PIKEMEN
UNIT_LEGION,36,kv,SoundWork,SOUND_WORK_PIKEMEN
UNIT_LEGION,37,kv,SoundVictory,SOUND_VICTORY_PIKEMEN
UNIT_LEGION,38,kv,SoundDeath,SOUND_DEATH_PIKEMEN
UNIT_LEGION,39,sublist,CanAttack,Land
UNIT_LEGION,40,sublist,CanAttack,Mountain
UNIT_LEGION,41,sublist,CanSee,Standard
UNIT_LEGION,42,sublist,MovementType,Land
UNIT_LEGION,43,sublist,MovementType,Mountain
UNIT_LEGION,44,sublist,Size,Small
UNIT_LEGION,45,sublist,VisionClass,Standard
UNIT_LEGION,46,nested,CanReform,"[{""t"": ""kv"", ""k"": ""Sound"", ""v"": ""SOUND_ID_REFORM_CITY""}, {""t"": ""kv"", ""k"": ""Effect"", ""v"": ""SPECEFFECT_REFORMCITY""}]"
UNIT_LEGION_ELITE,0,flag,CantBuild,
UNIT_LEGION_ELITE,1,kv,Description,DESCRIPTION_UNIT_KNIGHT
UNIT_LEGION_ELITE,2,kv,DefaultIcon,ICON_UNIT_LEGION_ELITE
UNIT_LEGION_ELITE,3,kv,DefaultSprite,SPRITE_LEGION_ELITE
UNIT_LEGION_ELITE,4,kv,Category,UNIT_CATEGORY_ATTACK
UNIT_LEGION_ELITE,5,kv,Attack,40
UNIT_LEGION_ELITE,6,kv,Defense,45
UNIT_LEGION_ELITE,7,kv,ZBRangeAttack,0
UNIT_LEGION_ELITE,8,kv,Firepower,2
UNIT_LEGION_ELITE,9,kv,Armor,1
UNIT_LEGION_ELITE,10,kv,MaxHP,19
UNIT_LEGION_ELITE,11,kv,ShieldCost,900
UNIT_LEGION_ELITE,12,kv,PowerPoints,400
UNIT_LEGION_ELITE,13,kv,ShieldHunger,4
UNIT_LEGION_ELITE,14,kv,FoodHunger,0
UNIT_LEGION_ELITE,15,kv,MaxMovePoints,200
UNIT_LEGION_ELITE,16,kv,VisionRange,1
UNIT_LEGION_ELITE,17,kv,EnableAdvance,ADVANCE_HEXTAPUL
UNIT_LEGION_ELITE,18,kv,ActiveDefenseRange,0
UNIT_LEGION_ELITE,19,flag,LossMoveToDmgNone,
UNIT_LEGION_ELITE,20,kv,MaxFuel,0
UNIT_LEGION_ELITE,21,flag,CanEntrench,
UNIT_LEGION_ELITE,22,flag,CanExpel,
UNIT_LEGION_ELITE,23,flag,NoZoc,
UNIT_LEGION_ELITE,24,flag,CanPillage,
UNIT_LEGION_ELITE,25,flag,CanPirate,
UNIT_LEGION_ELITE,26,flag,ExertsMartialLaw,
UNIT_LEGION_ELITE,27,flag,DeathEffectsHappy,
UNIT_LEGION_ELITE,28,flag,BonusAgainstMounted,
UNIT_LEGION_ELITE,29,kv,MountedBonus,0.35
UNIT_LEGION_ELITE,30,flag,OnlyBuildOne,
UNIT_LEGION_ELITE,31,kv,SoundSelect1,SOUND_SELECT1_PIKEMEN
UNIT_LEGION_ELITE,32,kv,SoundSelect2,SOUND_SELECT2_PIKEMEN
UNIT_LEGION_ELITE,33,kv,SoundMove,SOUND_MOVE_PIKEMEN
UNIT_LEGION_ELITE,34,kv,SoundAcknowledge,SOUND_ACKNOWLEDGE_PIKEMEN
UNIT_LEGION_ELITE,35,kv,SoundCantMove,SOUND_CANTMOVE_PIKEMEN
UNIT_LEGION_ELITE,36,kv,SoundAttack,SOUND_ATTACK_PIKEMEN
UNIT_LEGION_ELITE,37,kv,SoundWork,SOUND_WORK_PIKEMEN
UNIT_LEGION_ELITE,38,kv,SoundVictory,SOUND_VICTORY_PIKEMEN
UNIT_LEGION_ELITE,39,kv,SoundDeath,SOUND_DEATH_PIKEMEN
UNIT_LEGION_ELITE,40,sublist,CanAttack,Land
UNIT_LEGION_ELITE,41,sublist,CanAttack,Mountain
UNIT_LEGION_ELITE,42,sublist,CanSee,Standard
UNIT_LEGION_ELITE,43,sublist,MovementType,Land
UNIT_LEGION_ELITE,44,sublist,MovementType,Mountain
UNIT_LEGION_ELITE,45,sublist,Size,Small
UNIT_LEGION_ELITE,46,sublist,VisionClass,Standard
UNIT_LEGION_ELITE,47,nested,CanReform,"[{""t"": ""kv"", ""k"": ""Sound"", ""v"": ""SOUND_ID_REFORM_CITY""}, {""t"": ""kv"", ""k"": ""Effect"", ""v"": ""SPECEFFECT_REFORMCITY""}]"
UNIT_LEGION_MILITIA,0,flag,CantBuild,
UNIT_LEGION_MILITIA,1,flag,GLHidden,
UNIT_LEGION_MILITIA,2,kv,Description,DESCRIPTION_UNIT_KNIGHT
UNIT_LEGION_MILITIA,3,kv,DefaultIcon,ICON_UNIT_LEGION_MILITIA
UNIT_LEGION_MILITIA,4,kv,DefaultSprite,SPRITE_PEZHETEROI
UNIT_LEGION_MILITIA,5,kv,Category,UNIT_CATEGORY_RANGED
UNIT_LEGION_MILITIA,6,kv,Attack,30
UNIT_LEGION_MILITIA,7,kv,Defense,30
UNIT_LEGION_MILITIA,8,kv,ZBRangeAttack,30
UNIT_LEGION_MILITIA,9,kv,Firepower,1
UNIT_LEGION_MILITIA,10,kv,Armor,1
UNIT_LEGION_MILITIA,11,kv,MaxHP,30
UNIT_LEGION_MILITIA,12,kv,ShieldCost,300
UNIT_LEGION_MILITIA,13,kv,PowerPoints,100
UNIT_LEGION_MILITIA,14,kv,ShieldHunger,2
UNIT_LEGION_MILITIA,15,kv,FoodHunger,0
UNIT_LEGION_MILITIA,16,kv,MaxMovePoints,0
UNIT_LEGION_MILITIA,17,kv,VisionRange,1
UNIT_LEGION_MILITIA,18,kv,EnableAdvance,ADVANCE_HEXTAPUL
UNIT_LEGION_MILITIA,19,kv,BombRounds,3
UNIT_LEGION_MILITIA,20,kv,BombardRange,1
UNIT_LEGION_MILITIA,21,flag,CanCounterBombard,
UNIT_LEGION_MILITIA,22,kv,ActiveDefenseRange,0
UNIT_LEGION_MILITIA,23,flag,LossMoveToDmgNone,
UNIT_LEGION_MILITIA,24,kv,MaxFuel,0
UNIT_LEGION_MILITIA,25,flag,CanEntrench,
UNIT_LEGION_MILITIA,26,flag,NoZoc,
UNIT_LEGION_MILITIA,27,flag,CanExpel,
UNIT_LEGION_MILITIA,28,flag,CanPillage,
UNIT_LEGION_MILITIA,29,flag,CanPirate,
UNIT_LEGION_MILITIA,30,flag,ExertsMartialLaw,
UNIT_LEGION_MILITIA,31,flag,DeathEffectsHappy,
UNIT_LEGION_MILITIA,32,kv,SoundSelect1,SOUND_SELECT1_SAMURAI
UNIT_LEGION_MILITIA,33,kv,SoundSelect2,SOUND_SELECT2_SAMURAI
UNIT_LEGION_MILITIA,34,kv,SoundMove,SOUND_MOVE_SAMURAI
UNIT_LEGION_MILITIA,35,kv,SoundAcknowledge,SOUND_ACKNOWLEDGE_SAMURAI
UNIT_LEGION_MILITIA,36,kv,SoundCantMove,SOUND_CANTMOVE_SAMURAI
UNIT_LEGION_MILITIA,37,kv,SoundAttack,SOUND_ATTACK_SAMURAI
UNIT_LEGION_MILITIA,38,kv,SoundWork,SOUND_WORK_SAMURAI
UNIT_LEGION_MILITIA,39,kv,SoundVictory,SOUND_VICTORY_SAMURAI
UNIT_LEGION_MILITIA,40,kv,SoundDeath,SOUND_DEATH_SAMURAI
UNIT_LEGION_MILITIA,41,sublist,CanAttack,Land
UNIT_LEGION_MILITIA,42,sublist,CanAttack,Mountain
UNIT_LEGION_MILITIA,43,sublist,CanBombard,Land
UNIT_LEGION_MILITIA,44,sublist,CanSee,Standard
UNIT_LEGION_MILITIA,45,sublist,MovementType,Land
UNIT_LEGION_MILITIA,46,sublist,MovementType,Mountain
UNIT_LEGION_MILITIA,47,sublist,Size,Medium
UNIT_LEGION_MILITIA,48,sublist,VisionClass,Standard
UNIT_LEGION_MILITIA,49,sublist,CanAttack,Land
UNIT_LEGION_MILITIA,50,nested,CanReform,"[{""t"": ""kv"", ""k"": ""Sound"", ""v"": ""SOUND_ID_REFORM_CITY""}, {""t"": ""kv"", ""k"": ""Effect"", ""v"": ""SPECEFFECT_REFORMCITY""}]"
UNIT_LEVIATHON,0,flag,CantBuild,
UNIT_LEVIATHON,1,flag,GLHidden,
UNIT_LEVIATHON,2,kv,Description,DESCRIPTION_UNIT_LEVIATHON
UNIT_LEVIATHON,3,kv,DefaultIcon,ICON_UNIT_LEVIATHON
UNIT_LEVIATHON,4,kv,DefaultSprite,SPRITE_LEVIATHON
UNIT_LEVIATHON,5,kv,Category,UNIT_CATEGORY_DEFENSE
UNIT_LEVIATHON,6,kv,Attack,60
UNIT_LEVIATHON,7,kv,Defense,100
UNIT_LEVIATHON,8,kv,ZBRangeAttack,50
UNIT_LEVIATHON,9,kv,Firepower,5
UNIT_LEVIATHON,10,kv,Armor,3
UNIT_LEVIATHON,11,kv,MaxHP,25
UNIT_LEVIATHON,12,kv,ShieldCost,7000
UNIT_LEVIATHON,13,kv,PowerPoints,12000
UNIT_LEVIATHON,14,kv,ShieldHunger,70
UNIT_LEVIATHON,15,kv,FoodHunger,0
UNIT_LEVIATHON,16,kv,MaxMovePoints,100
UNIT_LEVIATHON,17,kv,VisionRange,3
UNIT_LEVIATHON,18,kv,EnableAdvance,ADVANCE_HEXTAPUL
UNIT_LEVIATHON,19,kv,BombRounds,5
UNIT_LEVIATHON,20,kv,BombardRange,1
UNIT_LEVIATHON,21,flag,CanCounterBombard,
UNIT_LEVIATHON,22,kv,ActiveDefenseRange,1
UNIT_LEVIATHON,23,flag,LossMoveToDmgNone,
UNIT_LEVIATHON,24,kv,MaxFuel,0
UNIT_LEVIATHON,25,flag,CanEntrench,
UNIT_LEVIATHON,26,flag,NoZoc,
UNIT_LEVIATHON,27,flag,CanExpel,
UNIT_LEVIATHON,28,flag,CanPillage,
UNIT_LEVIATHON,29,flag,CanPirate,
UNIT_LEVIATHON,30,flag,ExertsMartialLaw,
UNIT_LEVIATHON,31,flag,DeathEffectsHappy,
UNIT_LEVIATHON,32,flag,IsSpecialForces,
UNIT_LEVIATHON,33,flag,Explodes,
UNIT_LEVIATHON,34,flag,OnlyBuildOne,
UNIT_LEVIATHON,35,kv,SoundSelect1,SOUND_SELECT1_LEVIATHAN
UNIT_LEVIATHON,36,kv,SoundSelect2,SOUND_SELECT2_LEVIATHAN
UNIT_LEVIATHON,37,kv,SoundMove,SOUND_MOVE_LEVIATHAN
UNIT_LEVIATHON,38,kv,SoundAcknowledge,SOUND_ACKNOWLEDGE_LEVIATHAN
UNIT_LEVIATHON,39,kv,SoundCantMove,SOUND_CANTMOVE_LEVIATHAN
UNIT_LEVIATHON,40,kv,SoundAttack,SOUND_ATTACK_LEVIATHAN
UNIT_LEVIATHON,41,kv,SoundWork,SOUND_WORK_LEVIATHAN
UNIT_LEVIATHON,42,kv,SoundVictory,SOUND_VICTORY_LEVIATHAN
UNIT_LEVIATHON,43,kv,SoundDeath,SOUND_DEATH_LEVIATHAN
UNIT_LEVIATHON,44,sublist,CanAttack,Air
UNIT_LEVIATHON,45,sublist,CanAttack,Land
UNIT_LEVIATHON,46,sublist,CanBombard,Land
UNIT_LEVIATHON,47,sublist,CanBombard,Mountain
UNIT_LEVIATHON,48,sublist,CanBombard,Water
UNIT_LEVIATHON,49,sublist,CanBombard,Air
UNIT_LEVIATHON,50,sublist,CanSee,Standard
UNIT_LEVIATHON,51,sublist,Defend,Air
UNIT_LEVIATHON,52,sublist,MovementType,Land
UNIT_LEVIATHON,53,sublist,Size,Large
UNIT_LEVIATHON,54,sublist,VisionClass,Standard
UNIT_LEVIATHON,55,nested,CanReform,"[{""t"": ""kv"", ""k"": ""Sound"", ""v"": ""SOUND_ID_REFORM_CITY""}, {""t"": ""kv"", ""k"": ""Effect"", ""v"": ""SPECEFFECT_REFORMCITY""}]"
UNIT_LONGSHIP,0,kv,Description,DESCRIPTION_UNIT_LONGSHIP
UNIT_LONGSHIP,1,kv,DefaultIcon,ICON_UNIT_LONGSHIP
UNIT_LONGSHIP,2,kv,DefaultSprite,SPRITE_LONGSHIP
UNIT_LONGSHIP,3,kv,Category,UNIT_CATEGORY_NAVAL
UNIT_LONGSHIP,4,kv,Attack,30
UNIT_LONGSHIP,5,kv,Defense,20
UNIT_LONGSHIP,6,kv,ZBRangeAttack,25
UNIT_LONGSHIP,7,kv,Firepower,2
UNIT_LONGSHIP,8,kv,Armor,1
UNIT_LONGSHIP,9,kv,MaxHP,20
UNIT_LONGSHIP,10,kv,ShieldCost,1500
UNIT_LONGSHIP,11,kv,PowerPoints,300
UNIT_LONGSHIP,12,kv,ShieldHunger,15
UNIT_LONGSHIP,13,kv,FoodHunger,0
UNIT_LONGSHIP,14,kv,MaxMovePoints,800
UNIT_LONGSHIP,15,kv,VisionRange,1
UNIT_LONGSHIP,16,kv,EnableAdvance,ADVANCE_SHIP_BUILDING
UNIT_LONGSHIP,17,kv,ActiveDefenseRange,0
UNIT_LONGSHIP,18,flag,LossMoveToDmgNone,
UNIT_LONGSHIP,19,kv,MaxFuel,0
UNIT_LONGSHIP,20,flag,CanExpel,
UNIT_LONGSHIP,21,flag,NoZoc,
UNIT_LONGSHIP,22,flag,CanPillage,
UNIT_LONGSHIP,23,flag,CanPirate,
UNIT_LONGSHIP,24,flag,CantCaptureCity,
UNIT_LONGSHIP,25,flag,DeathEffectsHappy,
UNIT_LONGSHIP,26,flag,WoodenShip,
UNIT_LONGSHIP,27,flag,AttackWoodenShipBonus,
UNIT_LONGSHIP,28,kv,WoodenShipBonus,0.15
UNIT_LONGSHIP,29,flag,OnlyBuildOne,
UNIT_LONGSHIP,30,flag,IsFlanker,
UNIT_LONGSHIP,31,kv,SoundSelect1,SOUND_SELECT1_LONGSHIP
UNIT_LONGSHIP,32,kv,SoundSelect2,SOUND_SELECT2_LONGSHIP
UNIT_LONGSHIP,33,kv,SoundMove,SOUND_MOVE_LONGSHIP
UNIT_LONGSHIP,34,kv,SoundAcknowledge,SOUND_ACKNOWLEDGE_LONGSHIP
UNIT_LONGSHIP,35,kv,SoundCantMove,SOUND_CANTMOVE_LONGSHIP
UNIT_LONGSHIP,36,kv,SoundAttack,SOUND_ATTACK_LONGSHIP
UNIT_LONGSHIP,37,kv,SoundWork,SOUND_WORK_LONGSHIP
UNIT_LONGSHIP,38,kv,SoundVictory,SOUND_VICTORY_LONGSHIP
UNIT_LONGSHIP,39,kv,SoundDeath,SOUND_DEATH_LONGSHIP
UNIT_LONGSHIP,40,sublist,CanCarry,SmallLand
UNIT_LONGSHIP,41,sublist,CanCarry,MedLand
UNIT_LONGSHIP,42,sublist,CanAttack,ShallowWater
UNIT_LONGSHIP,43,sublist,CanBombard,Land
UNIT_LONGSHIP,44,sublist,CanBombard,Water
UNIT_LONGSHIP,45,sublist,CanSee,Standard
UNIT_LONGSHIP,46,sublist,MovementType,ShallowWater
UNIT_LONGSHIP,47,sublist,Size,Large
UNIT_LONGSHIP,48,sublist,VisionClass,Standard
UNIT_LONGSHIP,49,nested,CargoData,"[{""t"": ""kv"", ""k"": ""MaxCargo"", ""v"": ""2""}, {""t"": ""kv"", ""k"": ""Load"", ""v"": ""SOUND_ID_TROOP_SHIP_LOAD""}, {""t"": ""kv"", ""k"": ""Unload"", ""v"": ""SOUND_ID_TROOP_SHIP_UNLOAD""}]"
UNIT_LONGSHIP,50,nested,CanReform,"[{""t"": ""kv"", ""k"": ""Sound"", ""v"": ""SOUND_ID_REFORM_CITY""}, {""t"": ""kv"", ""k"": ""Effect"", ""v"": ""SPECEFFECT_REFORMCITY""}]"
UNIT_MACHINE_GUNNER,0,flag,CantBuild,
UNIT_MACHINE_GUNNER,1,flag,GLHidden,
UNIT_MACHINE_GUNNER,2,kv,Description,DESCRIPTION_UNIT_MACHINE_GUNNER
UNIT_MACHINE_GUNNER,3,kv,DefaultIcon,ICON_UNIT_MACHINE_GUNNER
UNIT_MACHINE_GUNNER,4,kv,DefaultSprite,SPRITE_MACHINE_GUNNER
UNIT_MACHINE_GUNNER,5,kv,Category,UNIT_CATEGORY_ATTACK
UNIT_MACHINE_GUNNER,6,kv,Attack,60
UNIT_MACHINE_GUNNER,7,kv,Defense,50
UNIT_MACHINE_GUNNER,8,kv,ZBRangeAttack,40
UNIT_MACHINE_GUNNER,9,kv,Firepower,3
UNIT_MACHINE_GUNNER,10,kv,Armor,1
UNIT_MACHINE_GUNNER,11,kv,MaxHP,20
UNIT_MACHINE_GUNNER,12,kv,ShieldCost,1400
UNIT_MACHINE_GUNNER,13,kv,PowerPoints,800
UNIT_MACHINE_GUNNER,14,kv,ShieldHunger,14
UNIT_MACHINE_GUNNER,15,kv,FoodHunger,0
UNIT_MACHINE_GUNNER,16,kv,MaxMovePoints,200
UNIT_MACHINE_GUNNER,17,kv,VisionRange,2
UNIT_MACHINE_GUNNER,18,kv,EnableAdvance,ADVANCE_HEXTAPUL
UNIT_MACHINE_GUNNER,19,kv,ActiveDefenseRange,0
UNIT_MACHINE_GUNNER,20,flag,LossMoveToDmgNone,
UNIT_MACHINE_GUNNER,21,kv,MaxFuel,0
UNIT_MACHINE_GUNNER,22,flag,CanEntrench,
UNIT_MACHINE_GUNNER,23,flag,NoZoc,
UNIT_MACHINE_GUNNER,24,flag,CanExpel,
UNIT_MACHINE_GUNNER,25,flag,CanPillage,
UNIT_MACHINE_GUNNER,26,flag,CanPirate,
UNIT_MACHINE_GUNNER,27,flag,BonusAgainstMounted,
UNIT_MACHINE_GUNNER,28,kv,MountedBonus,0.2
UNIT_MACHINE_GUNNER,29,flag,ExertsMartialLaw,
UNIT_MACHINE_GUNNER,30,flag,DeathEffectsHappy,
UNIT_MACHINE_GUNNER,31,flag,OnlyBuildOne,
UNIT_MACHINE_GUNNER,32,kv,SoundSelect1,SOUND_SELECT1_MACHINE_GUNNER
UNIT_MACHINE_GUNNER,33,kv,SoundSelect2,SOUND_SELECT2_MACHINE_GUNNER
UNIT_MACHINE_GUNNER,34,kv,SoundMove,SOUND_MOVE_MACHINE_GUNNER
UNIT_MACHINE_GUNNER,35,kv,SoundAcknowledge,SOUND_ACKNOWLEDGE_MACHINE_GUNNER
UNIT_MACHINE_GUNNER,36,kv,SoundCantMove,SOUND_CANTMOVE_MACHINE_GUNNER
UNIT_MACHINE_GUNNER,37,kv,SoundAttack,SOUND_ATTACK_MACHINE_GUNNER
UNIT_MACHINE_GUNNER,38,kv,SoundWork,SOUND_WORK_MACHINE_GUNNER
UNIT_MACHINE_GUNNER,39,kv,SoundVictory,SOUND_VICTORY_MACHINE_GUNNER
UNIT_MACHINE_GUNNER,40,kv,SoundDeath,SOUND_DEATH_MACHINE_GUNNER
UNIT_MACHINE_GUNNER,41,sublist,CanAttack,Land
UNIT_MACHINE_GUNNER,42,sublist,CanAttack,Mountain
UNIT_MACHINE_GUNNER,43,sublist,CanSee,Standard
UNIT_MACHINE_GUNNER,44,sublist,MovementType,Land
UNIT_MACHINE_GUNNER,45,sublist,MovementType,Mountain
UNIT_MACHINE_GUNNER,46,sublist,Size,Medium
UNIT_MACHINE_GUNNER,47,sublist,VisionClass,Standard
UNIT_MACHINE_GUNNER,48,nested,CanReform,"[{""t"": ""kv"", ""k"": ""Sound"", ""v"": ""SOUND_ID_REFORM_CITY""}, {""t"": ""kv"", ""k"": ""Effect"", ""v"": ""SPECEFFECT_REFORMCITY""}]"
UNIT_MACHINE_GUNNER_ELITE,0,flag,CantBuild,
UNIT_MACHINE_GUNNER_ELITE,1,flag,GLHidden,
UNIT_MACHINE_GUNNER_ELITE,2,kv,Description,DESCRIPTION_UNIT_MACHINE_GUNNER
UNIT_MACHINE_GUNNER_ELITE,3,kv,DefaultIcon,ICON_UNIT_MACHINE_GUNNER_ELITE
UNIT_MACHINE_GUNNER_ELITE,4,kv,DefaultSprite,SPRITE_MACHINE_GUNNER_ELITE
UNIT_MACHINE_GUNNER_ELITE,5,kv,Category,UNIT_CATEGORY_ATTACK
UNIT_MACHINE_GUNNER_ELITE,6,kv,Attack,65
UNIT_MACHINE_GUNNER_ELITE,7,kv,Defense,55
UNIT_MACHINE_GUNNER_ELITE,8,kv,ZBRangeAttack,45
UNIT_MACHINE_GUNNER_ELITE,9,kv,Firepower,3
UNIT_MACHINE_GUNNER_ELITE,10,kv,Armor,1
UNIT_MACHINE_GUNNER_ELITE,11,kv,MaxHP,22
UNIT_MACHINE_GUNNER_ELITE,12,kv,ShieldCost,1400
UNIT_MACHINE_GUNNER_ELITE,13,kv,PowerPoints,800
UNIT_MACHINE_GUNNER_ELITE,14,kv,ShieldHunger,14
UNIT_MACHINE_GUNNER_ELITE,15,kv,FoodHunger,0
UNIT_MACHINE_GUNNER_ELITE,16,kv,MaxMovePoints,300
UNIT_MACHINE_GUNNER_ELITE,17,kv,VisionRange,2
UNIT_MACHINE_GUNNER_ELITE,18,kv,EnableAdvance,ADVANCE_HEXTAPUL
UNIT_MACHINE_GUNNER_ELITE,19,kv,ActiveDefenseRange,0
UNIT_MACHINE_GUNNER_ELITE,20,flag,LossMoveToDmgNone,
UNIT_MACHINE_GUNNER_ELITE,21,kv,MaxFuel,0
UNIT_MACHINE_GUNNER_ELITE,22,flag,CanEntrench,
UNIT_MACHINE_GUNNER_ELITE,23,flag,CanExpel,
UNIT_MACHINE_GUNNER_ELITE,24,flag,NoZoc,
UNIT_MACHINE_GUNNER_ELITE,25,flag,CanPillage,
UNIT_MACHINE_GUNNER_ELITE,26,flag,CanPirate,
UNIT_MACHINE_GUNNER_ELITE,27,flag,BonusAgainstMounted,
UNIT_MACHINE_GUNNER_ELITE,28,kv,MountedBonus,0.2
UNIT_MACHINE_GUNNER_ELITE,29,flag,ExertsMartialLaw,
UNIT_MACHINE_GUNNER_ELITE,30,flag,DeathEffectsHappy,
UNIT_MACHINE_GUNNER_ELITE,31,flag,OnlyBuildOne,
UNIT_MACHINE_GUNNER_ELITE,32,kv,SoundSelect1,SOUND_SELECT1_MACHINE_GUNNER
UNIT_MACHINE_GUNNER_ELITE,33,kv,SoundSelect2,SOUND_SELECT2_MACHINE_GUNNER
UNIT_MACHINE_GUNNER_ELITE,34,kv,SoundMove,SOUND_MOVE_MACHINE_GUNNER
UNIT_MACHINE_GUNNER_ELITE,35,kv,SoundAcknowledge,SOUND_ACKNOWLEDGE_MACHINE_GUNNER
UNIT_MACHINE_GUNNER_ELITE,36,kv,SoundCantMove,SOUND_CANTMOVE_MACHINE_GUNNER
UNIT_MACHINE_GUNNER_ELITE,37,kv,SoundAttack,SOUND_ATTACK_MACHINE_GUNNER
UNIT_MACHINE_GUNNER_ELITE,38,kv,SoundWork,SOUND_WORK_MACHINE_GUNNER
UNIT_MACHINE_GUNNER_ELITE,39,kv,SoundVictory,SOUND_VICTORY_MACHINE_GUNNER
UNIT_MACHINE_GUNNER_ELITE,40,kv,SoundDeath,SOUND_DEATH_MACHINE_GUNNER
UNIT_MACHINE_GUNNER_ELITE,41,sublist,CanAttack,Land
UNIT_MACHINE_GUNNER_ELITE,42,sublist,CanAttack,Mountain
UNIT_MACHINE_GUNNER_ELITE,43,sublist,CanSee,Standard
UNIT_MACHINE_GUNNER_ELITE,44,sublist,MovementType,Land
UNIT_MACHINE_GUNNER_ELITE,45,sublist,MovementType,Mountain
UNIT_MACHINE_GUNNER_ELITE,46,sublist,Size,Medium
UNIT_MACHINE_GUNNER_ELITE,47,sublist,VisionClass,Standard
UNIT_MACHINE_GUNNER_ELITE,48,nested,CanReform,"[{""t"": ""kv"", ""k"": ""Sound"", ""v"": ""SOUND_ID_REFORM_CITY""}, {""t"": ""kv"", ""k"": ""Effect"", ""v"": ""SPECEFFECT_REFORMCITY""}]"
UNIT_MACHINE_GUNNER_MILITIA,0,flag,CantBuild,
UNIT_MACHINE_GUNNER_MILITIA,1,flag,GLHidden,
UNIT_MACHINE_GUNNER_MILITIA,2,kv,Description,DESCRIPTION_UNIT_MACHINE_GUNNER
UNIT_MACHINE_GUNNER_MILITIA,3,kv,DefaultIcon,ICON_UNIT_MACHINE_GUNNER_MILITIA
UNIT_MACHINE_GUNNER_MILITIA,4,kv,DefaultSprite,SPRITE_MACHINE_GUNNER
UNIT_MACHINE_GUNNER_MILITIA,5,kv,Category,UNIT_CATEGORY_RANGED
UNIT_MACHINE_GUNNER_MILITIA,6,kv,Attack,35
UNIT_MACHINE_GUNNER_MILITIA,7,kv,Defense,40
UNIT_MACHINE_GUNNER_MILITIA,8,kv,ZBRangeAttack,50
UNIT_MACHINE_GUNNER_MILITIA,9,kv,Firepower,3
UNIT_MACHINE_GUNNER_MILITIA,10,kv,Armor,1
UNIT_MACHINE_GUNNER_MILITIA,11,kv,MaxHP,30
UNIT_MACHINE_GUNNER_MILITIA,12,kv,ShieldCost,1400
UNIT_MACHINE_GUNNER_MILITIA,13,kv,PowerPoints,800
UNIT_MACHINE_GUNNER_MILITIA,14,kv,ShieldHunger,14
UNIT_MACHINE_GUNNER_MILITIA,15,kv,FoodHunger,0
UNIT_MACHINE_GUNNER_MILITIA,16,kv,MaxMovePoints,0
UNIT_MACHINE_GUNNER_MILITIA,17,kv,VisionRange,2
UNIT_MACHINE_GUNNER_MILITIA,18,kv,EnableAdvance,ADVANCE_HEXTAPUL
UNIT_MACHINE_GUNNER_MILITIA,19,kv,BombRounds,5
UNIT_MACHINE_GUNNER_MILITIA,20,kv,BombardRange,1
UNIT_MACHINE_GUNNER_MILITIA,21,flag,CanCounterBombard,
UNIT_MACHINE_GUNNER_MILITIA,22,kv,ActiveDefenseRange,0
UNIT_MACHINE_GUNNER_MILITIA,23,flag,LossMoveToDmgNone,
UNIT_MACHINE_GUNNER_MILITIA,24,kv,MaxFuel,0
UNIT_MACHINE_GUNNER_MILITIA,25,flag,CanEntrench,
UNIT_MACHINE_GUNNER_MILITIA,26,flag,NoZoc,
UNIT_MACHINE_GUNNER_MILITIA,27,flag,CanExpel,
UNIT_MACHINE_GUNNER_MILITIA,28,flag,CanPillage,
UNIT_MACHINE_GUNNER_MILITIA,29,flag,CanPirate,
UNIT_MACHINE_GUNNER_MILITIA,30,flag,ExertsMartialLaw,
UNIT_MACHINE_GUNNER_MILITIA,31,flag,DeathEffectsHappy,
UNIT_MACHINE_GUNNER_MILITIA,32,kv,SoundSelect1,SOUND_SELECT1_MACHINE_GUNNER
UNIT_MACHINE_GUNNER_MILITIA,33,kv,SoundSelect2,SOUND_SELECT2_MACHINE_GUNNER
UNIT_MACHINE_GUNNER_MILITIA,34,kv,SoundMove,SOUND_MOVE_MACHINE_GUNNER
UNIT_MACHINE_GUNNER_MILITIA,35,kv,SoundAcknowledge,SOUND_ACKNOWLEDGE_MACHINE_GUNNER
UNIT_MACHINE_GUNNER_MILITIA,36,kv,SoundCantMove,SOUND_CANTMOVE_MACHINE_GUNNER
UNIT_MACHINE_GUNNER_MILITIA,37,kv,SoundAttack,SOUND_ATTACK_MACHINE_GUNNER
UNIT_MACHINE_GUNNER_MILITIA,38,kv,SoundWork,SOUND_WORK_MACHINE_GUNNER
UNIT_MACHINE_GUNNER_MILITIA,39,kv,SoundVictory,SOUND_VICTORY_MACHINE_GUNNER
UNIT_MACHINE_GUNNER_MILITIA,40,kv,SoundDeath,SOUND_DEATH_MACHINE_GUNNER
UNIT_MACHINE_GUNNER_MILITIA,41,sublist,CanAttack,Land
UNIT_MACHINE_GUNNER_MILITIA,42,sublist,CanAttack,Mountain
UNIT_MACHINE_GUNNER_MILITIA,43,sublist,CanBombard,Land
UNIT_MACHINE_GUNNER_MILITIA,44,sublist,CanSee,Standard
UNIT_MACHINE_GUNNER_MILITIA,45,sublist,MovementType,Land
UNIT_MACHINE_GUNNER_MILITIA,46,sublist,MovementType,Mountain
UNIT_MACHINE_GUNNER_MILITIA,47,sublist,Size,Medium
UNIT_MACHINE_GUNNER_MILITIA,48,sublist,VisionClass,Standard
UNIT_MACHINE_GUNNER_MILITIA,49,nested,CanReform,"[{""t"": ""kv"", ""k"": ""Sound"", ""v"": ""SOUND_ID_REFORM_CITY""}, {""t"": ""kv"", ""k"": ""Effect"", ""v"": ""SPECEFFECT_REFORMCITY""}]"
UNIT_MAN_AT_ARMS,0,kv,Description,DESCRIPTION_UNIT_PIKEMEN
UNIT_MAN_AT_ARMS,1,kv,DefaultIcon,ICON_UNIT_MAN_AT_ARMS
UNIT_MAN_AT_ARMS,2,kv,DefaultSprite,SPRITE_MAN_AT_ARMS
UNIT_MAN_AT_ARMS,3,kv,Category,UNIT_CATEGORY_DEFENSE
UNIT_MAN_AT_ARMS,4,kv,Attack,35
UNIT_MAN_AT_ARMS,5,kv,Defense,40
UNIT_MAN_AT_ARMS,6,kv,ZBRangeAttack,0
UNIT_MAN_AT_ARMS,7,kv,Firepower,2
UNIT_MAN_AT_ARMS,8,kv,Armor,1
UNIT_MAN_AT_ARMS,9,kv,MaxHP,17
UNIT_MAN_AT_ARMS,10,kv,ShieldCost,900
UNIT_MAN_AT_ARMS,11,kv,PowerPoints,400
UNIT_MAN_AT_ARMS,12,kv,ShieldHunger,4
UNIT_MAN_AT_ARMS,13,kv,FoodHunger,0
UNIT_MAN_AT_ARMS,14,kv,MaxMovePoints,100
UNIT_MAN_AT_ARMS,15,kv,VisionRange,1
UNIT_MAN_AT_ARMS,16,kv,EnableAdvance,ADVANCE_RUS
UNIT_MAN_AT_ARMS,17,kv,ActiveDefenseRange,0
UNIT_MAN_AT_ARMS,18,flag,LossMoveToDmgNone,
UNIT_MAN_AT_ARMS,19,kv,MaxFuel,0
UNIT_MAN_AT_ARMS,20,flag,CanEntrench,
UNIT_MAN_AT_ARMS,21,flag,NoZoc,
UNIT_MAN_AT_ARMS,22,flag,CanExpel,
UNIT_MAN_AT_ARMS,23,flag,CanPillage,
UNIT_MAN_AT_ARMS,24,flag,CanPirate,
UNIT_MAN_AT_ARMS,25,flag,ExertsMartialLaw,
UNIT_MAN_AT_ARMS,26,flag,DeathEffectsHappy,
UNIT_MAN_AT_ARMS,27,flag,BonusAgainstMounted,
UNIT_MAN_AT_ARMS,28,kv,MountedBonus,0.25
UNIT_MAN_AT_ARMS,29,flag,OnlyBuildOne,
UNIT_MAN_AT_ARMS,30,kv,SoundSelect1,SOUND_SELECT1_PIKEMEN
UNIT_MAN_AT_ARMS,31,kv,SoundSelect2,SOUND_SELECT2_PIKEMEN
UNIT_MAN_AT_ARMS,32,kv,SoundMove,SOUND_MOVE_PIKEMEN
UNIT_MAN_AT_ARMS,33,kv,SoundAcknowledge,SOUND_ACKNOWLEDGE_PIKEMEN
UNIT_MAN_AT_ARMS,34,kv,SoundCantMove,SOUND_CANTMOVE_PIKEMEN
UNIT_MAN_AT_ARMS,35,kv,SoundAttack,SOUND_ATTACK_PIKEMEN
UNIT_MAN_AT_ARMS,36,kv,SoundWork,SOUND_WORK_PIKEMEN
UNIT_MAN_AT_ARMS,37,kv,SoundVictory,SOUND_VICTORY_PIKEMEN
UNIT_MAN_AT_ARMS,38,kv,SoundDeath,SOUND_DEATH_PIKEMEN
UNIT_MAN_AT_ARMS,39,sublist,CanAttack,Land
UNIT_MAN_AT_ARMS,40,sublist,CanAttack,Mountain
UNIT_MAN_AT_ARMS,41,sublist,CanSee,Standard
UNIT_MAN_AT_ARMS,42,sublist,MovementType,Land
UNIT_MAN_AT_ARMS,43,sublist,MovementType,Mountain
UNIT_MAN_AT_ARMS,44,sublist,Size,Small
UNIT_MAN_AT_ARMS,45,sublist,VisionClass,Standard
UNIT_MAN_AT_ARMS,46,nested,CanReform,"[{""t"": ""kv"", ""k"": ""Sound"", ""v"": ""SOUND_ID_REFORM_CITY""}, {""t"": ""kv"", ""k"": ""Effect"", ""v"": ""SPECEFFECT_REFORMCITY""}]"
UNIT_MAN_AT_ARMS_ELITE,0,flag,CantBuild,
UNIT_MAN_AT_ARMS_ELITE,1,kv,Description,DESCRIPTION_UNIT_PIKEMEN
UNIT_MAN_AT_ARMS_ELITE,2,kv,DefaultIcon,ICON_UNIT_MAN_AT_ARMS_ELITE
UNIT_MAN_AT_ARMS_ELITE,3,kv,DefaultSprite,SPRITE_MAN_AT_ARMS_ELITE
UNIT_MAN_AT_ARMS_ELITE,4,kv,Category,UNIT_CATEGORY_DEFENSE
UNIT_MAN_AT_ARMS_ELITE,5,kv,Attack,40
UNIT_MAN_AT_ARMS_ELITE,6,kv,Defense,45
UNIT_MAN_AT_ARMS_ELITE,7,kv,ZBRangeAttack,0
UNIT_MAN_AT_ARMS_ELITE,8,kv,Firepower,2
UNIT_MAN_AT_ARMS_ELITE,9,kv,Armor,1
UNIT_MAN_AT_ARMS_ELITE,10,kv,MaxHP,19
UNIT_MAN_AT_ARMS_ELITE,11,kv,ShieldCost,900
UNIT_MAN_AT_ARMS_ELITE,12,kv,PowerPoints,400
UNIT_MAN_AT_ARMS_ELITE,13,kv,ShieldHunger,4
UNIT_MAN_AT_ARMS_ELITE,14,kv,FoodHunger,0
UNIT_MAN_AT_ARMS_ELITE,15,kv,MaxMovePoints,200
UNIT_MAN_AT_ARMS_ELITE,16,kv,VisionRange,1
UNIT_MAN_AT_ARMS_ELITE,17,kv,EnableAdvance,ADVANCE_HEXTAPUL
UNIT_MAN_AT_ARMS_ELITE,18,kv,ActiveDefenseRange,0
UNIT_MAN_AT_ARMS_ELITE,19,flag,LossMoveToDmgNone,
UNIT_MAN_AT_ARMS_ELITE,20,kv,MaxFuel,0
UNIT_MAN_AT_ARMS_ELITE,21,flag,CanEntrench,
UNIT_MAN_AT_ARMS_ELITE,22,flag,CanExpel,
UNIT_MAN_AT_ARMS_ELITE,23,flag,NoZoc,
UNIT_MAN_AT_ARMS_ELITE,24,flag,CanPillage,
UNIT_MAN_AT_ARMS_ELITE,25,flag,CanPirate,
UNIT_MAN_AT_ARMS_ELITE,26,flag,ExertsMartialLaw,
UNIT_MAN_AT_ARMS_ELITE,27,flag,DeathEffectsHappy,
UNIT_MAN_AT_ARMS_ELITE,28,flag,BonusAgainstMounted,
UNIT_MAN_AT_ARMS_ELITE,29,kv,MountedBonus,0.35
UNIT_MAN_AT_ARMS_ELITE,30,flag,OnlyBuildOne,
UNIT_MAN_AT_ARMS_ELITE,31,kv,SoundSelect1,SOUND_SELECT1_PIKEMEN
UNIT_MAN_AT_ARMS_ELITE,32,kv,SoundSelect2,SOUND_SELECT2_PIKEMEN
UNIT_MAN_AT_ARMS_ELITE,33,kv,SoundMove,SOUND_MOVE_PIKEMEN
UNIT_MAN_AT_ARMS_ELITE,34,kv,SoundAcknowledge,SOUND_ACKNOWLEDGE_PIKEMEN
UNIT_MAN_AT_ARMS_ELITE,35,kv,SoundCantMove,SOUND_CANTMOVE_PIKEMEN
UNIT_MAN_AT_ARMS_ELITE,36,kv,SoundAttack,SOUND_ATTACK_PIKEMEN
UNIT_MAN_AT_ARMS_ELITE,37,kv,SoundWork,SOUND_WORK_PIKEMEN
UNIT_MAN_AT_ARMS_ELITE,38,kv,SoundVictory,SOUND_VICTORY_PIKEMEN
UNIT_MAN_AT_ARMS_ELITE,39,kv,SoundDeath,SOUND_DEATH_PIKEMEN
UNIT_MAN_AT_ARMS_ELITE,40,sublist,CanAttack,Land
UNIT_MAN_AT_ARMS_ELITE,41,sublist,CanAttack,Mountain
UNIT_MAN_AT_ARMS_ELITE,42,sublist,CanSee,Standard
UNIT_MAN_AT_ARMS_ELITE,43,sublist,MovementType,Land
UNIT_MAN_AT_ARMS_ELITE,44,sublist,MovementType,Mountain
UNIT_MAN_AT_ARMS_ELITE,45,sublist,Size,Small
UNIT_MAN_AT_ARMS_ELITE,46,sublist,VisionClass,Standard
UNIT_MAN_AT_ARMS_ELITE,47,nested,CanReform,"[{""t"": ""kv"", ""k"": ""Sound"", ""v"": ""SOUND_ID_REFORM_CITY""}, {""t"": ""kv"", ""k"": ""Effect"", ""v"": ""SPECEFFECT_REFORMCITY""}]"
UNIT_MAN_AT_ARMS_MILITIA,0,flag,CantBuild,
UNIT_MAN_AT_ARMS_MILITIA,1,flag,GLHidden,
UNIT_MAN_AT_ARMS_MILITIA,2,kv,Description,DESCRIPTION_UNIT_PIKEMEN
UNIT_MAN_AT_ARMS_MILITIA,3,kv,DefaultIcon,ICON_UNIT_MAN_AT_ARMS_MILITIA
UNIT_MAN_AT_ARMS_MILITIA,4,kv,DefaultSprite,SPRITE_MAN_AT_ARMS
UNIT_MAN_AT_ARMS_MILITIA,5,kv,Category,UNIT_CATEGORY_RANGED
UNIT_MAN_AT_ARMS_MILITIA,6,kv,Attack,35
UNIT_MAN_AT_ARMS_MILITIA,7,kv,Defense,35
UNIT_MAN_AT_ARMS_MILITIA,8,kv,ZBRangeAttack,35
UNIT_MAN_AT_ARMS_MILITIA,9,kv,Firepower,1
UNIT_MAN_AT_ARMS_MILITIA,10,kv,Armor,1
UNIT_MAN_AT_ARMS_MILITIA,11,kv,MaxHP,35
UNIT_MAN_AT_ARMS_MILITIA,12,kv,ShieldCost,350
UNIT_MAN_AT_ARMS_MILITIA,13,kv,PowerPoints,100
UNIT_MAN_AT_ARMS_MILITIA,14,kv,ShieldHunger,2
UNIT_MAN_AT_ARMS_MILITIA,15,kv,FoodHunger,0
UNIT_MAN_AT_ARMS_MILITIA,16,kv,MaxMovePoints,0
UNIT_MAN_AT_ARMS_MILITIA,17,kv,VisionRange,1
UNIT_MAN_AT_ARMS_MILITIA,18,kv,EnableAdvance,ADVANCE_HEXTAPUL
UNIT_MAN_AT_ARMS_MILITIA,19,kv,BombRounds,3
UNIT_MAN_AT_ARMS_MILITIA,20,kv,BombardRange,1
UNIT_MAN_AT_ARMS_MILITIA,21,flag,CanCounterBombard,
UNIT_MAN_AT_ARMS_MILITIA,22,kv,ActiveDefenseRange,0
UNIT_MAN_AT_ARMS_MILITIA,23,flag,LossMoveToDmgNone,
UNIT_MAN_AT_ARMS_MILITIA,24,kv,MaxFuel,0
UNIT_MAN_AT_ARMS_MILITIA,25,flag,CanEntrench,
UNIT_MAN_AT_ARMS_MILITIA,26,flag,NoZoc,
UNIT_MAN_AT_ARMS_MILITIA,27,flag,CanExpel,
UNIT_MAN_AT_ARMS_MILITIA,28,flag,CanPillage,
UNIT_MAN_AT_ARMS_MILITIA,29,flag,CanPirate,
UNIT_MAN_AT_ARMS_MILITIA,30,flag,ExertsMartialLaw,
UNIT_MAN_AT_ARMS_MILITIA,31,flag,DeathEffectsHappy,
UNIT_MAN_AT_ARMS_MILITIA,32,kv,SoundSelect1,SOUND_SELECT1_PIKEMEN
UNIT_MAN_AT_ARMS_MILITIA,33,kv,SoundSelect2,SOUND_SELECT2_PIKEMEN
UNIT_MAN_AT_ARMS_MILITIA,34,kv,SoundMove,SOUND_MOVE_PIKEMEN
UNIT_MAN_AT_ARMS_MILITIA,35,kv,SoundAcknowledge,SOUND_ACKNOWLEDGE_PIKEMEN
UNIT_MAN_AT_ARMS_MILITIA,36,kv,SoundCantMove,SOUND_CANTMOVE_PIKEMEN
UNIT_MAN_AT_ARMS_MILITIA,37,kv,SoundAttack,SOUND_ATTACK_PIKEMEN
UNIT_MAN_AT_ARMS_MILITIA,38,kv,SoundWork,SOUND_WORK_PIKEMEN
UNIT_MAN_AT_ARMS_MILITIA,39,kv,SoundVictory,SOUND_VICTORY_PIKEMEN
UNIT_MAN_AT_ARMS_MILITIA,40,kv,SoundDeath,SOUND_DEATH_PIKEMEN
UNIT_MAN_AT_ARMS_MILITIA,41,sublist,CanAttack,Land
UNIT_MAN_AT_ARMS_MILITIA,42,sublist,CanAttack,Mountain
UNIT_MAN_AT_ARMS_MILITIA,43,sublist,CanBombard,Land
UNIT_MAN_AT_ARMS_MILITIA,44,sublist,CanSee,Standard
UNIT_MAN_AT_ARMS_MILITIA,45,sublist,MovementType,Land
UNIT_MAN_AT_ARMS_MILITIA,46,sublist,MovementType,Mountain
UNIT_MAN_AT_ARMS_MILITIA,47,sublist,Size,Medium
UNIT_MAN_AT_ARMS_MILITIA,48,sublist,VisionClass,Standard
UNIT_MAN_AT_ARMS_MILITIA,49,nested,CanReform,"[{""t"": ""kv"", ""k"": ""Sound"", ""v"": ""SOUND_ID_REFORM_CITY""}, {""t"": ""kv"", ""k"": ""Effect"", ""v"": ""SPECEFFECT_REFORMCITY""}]"
UNIT_MARINE,0,flag,CantBuild,
UNIT_MARINE,1,flag,GLHidden,
UNIT_MARINE,2,kv,Description,DESCRIPTION_UNIT_MARINE
UNIT_MARINE,3,kv,DefaultIcon,ICON_UNIT_MARINE
UNIT_MARINE,4,kv,DefaultSprite,SPRITE_MARINE
UNIT_MARINE,5,kv,Category,UNIT_CATEGORY_ATTACK
UNIT_MARINE,6,kv,Attack,70
UNIT_MARINE,7,kv,Defense,55
UNIT_MARINE,8,kv,ZBRangeAttack,40
UNIT_MARINE,9,kv,Firepower,3
UNIT_MARINE,10,kv,Armor,1
UNIT_MARINE,11,kv,MaxHP,23
UNIT_MARINE,12,kv,ShieldCost,1750
UNIT_MARINE,13,kv,PowerPoints,1000
UNIT_MARINE,14,kv,ShieldHunger,17
UNIT_MARINE,15,kv,FoodHunger,0
UNIT_MARINE,16,kv,MaxMovePoints,300
UNIT_MARINE,17,kv,VisionRange,2
UNIT_MARINE,18,kv,EnableAdvance,ADVANCE_HEXTAPUL
UNIT_MARINE,19,kv,ActiveDefenseRange,0
UNIT_MARINE,20,flag,LossMoveToDmgNone,
UNIT_MARINE,21,kv,MaxFuel,0
UNIT_MARINE,22,flag,CanEntrench,
UNIT_MARINE,23,flag,NoZoc,
UNIT_MARINE,24,flag,CanBeachAssault,
UNIT_MARINE,25,flag,CanExpel,
UNIT_MARINE,26,flag,CanPillage,
UNIT_MARINE,27,flag,CanPirate,
UNIT_MARINE,28,flag,BonusAgainstMounted,
UNIT_MARINE,29,kv,MountedBonus,0.2
UNIT_MARINE,30,flag,ExertsMartialLaw,
UNIT_MARINE,31,flag,DeathEffectsHappy,
UNIT_MARINE,32,flag,IsSpecialForces,
UNIT_MARINE,33,flag,OnlyBuildOne,
UNIT_MARINE,34,kv,SoundSelect1,SOUND_SELECT1_MARINES
UNIT_MARINE,35,kv,SoundSelect2,SOUND_SELECT2_MARINES
UNIT_MARINE,36,kv,SoundMove,SOUND_MOVE_MARINES
UNIT_MARINE,37,kv,SoundAcknowledge,SOUND_ACKNOWLEDGE_MARINES
UNIT_MARINE,38,kv,SoundCantMove,SOUND_CANTMOVE_MARINES
UNIT_MARINE,39,kv,SoundAttack,SOUND_ATTACK_MARINES
UNIT_MARINE,40,kv,SoundWork,SOUND_WORK_MARINES
UNIT_MARINE,41,kv,SoundVictory,SOUND_VICTORY_MARINES
UNIT_MARINE,42,kv,SoundDeath,SOUND_DEATH_MARINES
UNIT_MARINE,43,sublist,CanAttack,Land
UNIT_MARINE,44,sublist,CanAttack,Mountain
UNIT_MARINE,45,sublist,CanSee,Standard
UNIT_MARINE,46,sublist,MovementType,Land
UNIT_MARINE,47,sublist,MovementType,Mountain
UNIT_MARINE,48,sublist,Size,Medium
UNIT_MARINE,49,sublist,VisionClass,Standard
UNIT_MARINE,50,nested,CanReform,"[{""t"": ""kv"", ""k"": ""Sound"", ""v"": ""SOUND_ID_REFORM_CITY""}, {""t"": ""kv"", ""k"": ""Effect"", ""v"": ""SPECEFFECT_REFORMCITY""}]"
UNIT_MARINE_ELITE,0,flag,CantBuild,
UNIT_MARINE_ELITE,1,flag,GLHidden,
UNIT_MARINE_ELITE,2,kv,Description,DESCRIPTION_UNIT_MARINE
UNIT_MARINE_ELITE,3,kv,DefaultIcon,ICON_UNIT_MARINE_ELITE
UNIT_MARINE_ELITE,4,kv,DefaultSprite,SPRITE_MARINE_ELITE
UNIT_MARINE_ELITE,5,kv,Category,UNIT_CATEGORY_ATTACK
UNIT_MARINE_ELITE,6,kv,Attack,75
UNIT_MARINE_ELITE,7,kv,Defense,60
UNIT_MARINE_ELITE,8,kv,ZBRangeAttack,45
UNIT_MARINE_ELITE,9,kv,Firepower,3
UNIT_MARINE_ELITE,10,kv,Armor,1
UNIT_MARINE_ELITE,11,kv,MaxHP,25
UNIT_MARINE_ELITE,12,kv,ShieldCost,1750
UNIT_MARINE_ELITE,13,kv,PowerPoints,1000
UNIT_MARINE_ELITE,14,kv,ShieldHunger,17
UNIT_MARINE_ELITE,15,kv,FoodHunger,0
UNIT_MARINE_ELITE,16,kv,MaxMovePoints,400
UNIT_MARINE_ELITE,17,kv,VisionRange,2
UNIT_MARINE_ELITE,18,kv,EnableAdvance,ADVANCE_HEXTAPUL
UNIT_MARINE_ELITE,19,kv,ActiveDefenseRange,0
UNIT_MARINE_ELITE,20,flag,LossMoveToDmgNone,
UNIT_MARINE_ELITE,21,kv,MaxFuel,0
UNIT_MARINE_ELITE,22,flag,CanEntrench,
UNIT_MARINE_ELITE,23,flag,CanBeachAssault,
UNIT_MARINE_ELITE,24,flag,CanExpel,
UNIT_MARINE_ELITE,25,flag,NoZoc,
UNIT_MARINE_ELITE,26,flag,CanPillage,
UNIT_MARINE_ELITE,27,flag,CanPirate,
UNIT_MARINE_ELITE,28,flag,BonusAgainstMounted,
UNIT_MARINE_ELITE,29,kv,MountedBonus,0.2
UNIT_MARINE_ELITE,30,flag,ExertsMartialLaw,
UNIT_MARINE_ELITE,31,flag,DeathEffectsHappy,
UNIT_MARINE_ELITE,32,flag,IsSpecialForces,
UNIT_MARINE_ELITE,33,flag,OnlyBuildOne,
UNIT_MARINE_ELITE,34,kv,SoundSelect1,SOUND_SELECT1_MARINES
UNIT_MARINE_ELITE,35,kv,SoundSelect2,SOUND_SELECT2_MARINES
UNIT_MARINE_ELITE,36,kv,SoundMove,SOUND_MOVE_MARINES
UNIT_MARINE_ELITE,37,kv,SoundAcknowledge,SOUND_ACKNOWLEDGE_MARINES
UNIT_MARINE_ELITE,38,kv,SoundCantMove,SOUND_CANTMOVE_MARINES
UNIT_MARINE_ELITE,39,kv,SoundAttack,SOUND_ATTACK_MARINES
UNIT_MARINE_ELITE,40,kv,SoundWork,SOUND_WORK_MARINES
UNIT_MARINE_ELITE,41,kv,SoundVictory,SOUND_VICTORY_MARINES
UNIT_MARINE_ELITE,42,kv,SoundDeath,SOUND_DEATH_MARINES
UNIT_MARINE_ELITE,43,sublist,CanAttack,Land
UNIT_MARINE_ELITE,44,sublist,CanAttack,Mountain
UNIT_MARINE_ELITE,45,sublist,CanSee,Standard
UNIT_MARINE_ELITE,46,sublist,MovementType,Land
UNIT_MARINE_ELITE,47,sublist,MovementType,Mountain
UNIT_MARINE_ELITE,48,sublist,Size,Medium
UNIT_MARINE_ELITE,49,sublist,VisionClass,Standard
UNIT_MARINE_ELITE,50,nested,CanReform,"[{""t"": ""kv"", ""k"": ""Sound"", ""v"": ""SOUND_ID_REFORM_CITY""}, {""t"": ""kv"", ""k"": ""Effect"", ""v"": ""SPECEFFECT_REFORMCITY""}]"
UNIT_MERCHANT_TRADER,0,kv,Description,DESCRIPTION_UNIT_WARRIOR
UNIT_MERCHANT_TRADER,1,kv,DefaultIcon,ICON_UNIT_MERCHANT_TRADER
UNIT_MERCHANT_TRADER,2,kv,DefaultSprite,SPRITE_WARRIOR
UNIT_MERCHANT_TRADER,3,kv,Category,UNIT_CATEGORY_SPECIAL
UNIT_MERCHANT_TRADER,4,kv,Attack,0
UNIT_MERCHANT_TRADER,5,kv,Defense,0
UNIT_MERCHANT_TRADER,6,kv,ZBRangeAttack,0
UNIT_MERCHANT_TRADER,7,kv,Firepower,0
UNIT_MERCHANT_TRADER,8,kv,Armor,0
UNIT_MERCHANT_TRADER,9,kv,MaxHP,10
UNIT_MERCHANT_TRADER,10,kv,ShieldCost,1100
UNIT_MERCHANT_TRADER,11,kv,PowerPoints,100
UNIT_MERCHANT_TRADER,12,kv,ShieldHunger,0
UNIT_MERCHANT_TRADER,13,kv,FoodHunger,0
UNIT_MERCHANT_TRADER,14,kv,MaxMovePoints,2
UNIT_MERCHANT_TRADER,15,kv,VisionRange,0
UNIT_MERCHANT_TRADER,16,kv,EnableAdvance,ADVANCE_BUREAUCRACY
UNIT_MERCHANT_TRADER,17,kv,ActiveDefenseRange,0
UNIT_MERCHANT_TRADER,18,kv,MaxFuel,0
UNIT_MERCHANT_TRADER,19,flag,IsTrader,
UNIT_MERCHANT_TRADER,20,flag,OnlyBuildOne,
UNIT_MERCHANT_TRADER,21,kv,SoundSelect1,SOUND_SELECT1_CARAVAN
UNIT_MERCHANT_TRADER,22,kv,SoundSelect2,SOUND_SELECT2_CARAVAN
UNIT_MERCHANT_TRADER,23,kv,SoundMove,SOUND_MOVE_CARAVAN
UNIT_MERCHANT_TRADER,24,kv,SoundAcknowledge,SOUND_ACKNOWLEDGE_CARAVAN
UNIT_MERCHANT_TRADER,25,kv,SoundCantMove,SOUND_CANTMOVE_CARAVAN
UNIT_MERCHANT_TRADER,26,kv,SoundAttack,SOUND_ATTACK_CARAVAN
UNIT_MERCHANT_TRADER,27,kv,SoundWork,SOUND_WORK_CARAVAN
UNIT_MERCHANT_TRADER,28,kv,SoundVictory,SOUND_VICTORY_CARAVAN
UNIT_MERCHANT_TRADER,29,kv,SoundDeath,SOUND_DEATH_CARAVAN
UNIT_MOBILE_SAM,0,flag,CantBuild,
UNIT_MOBILE_SAM,1,flag,GLHidden,
UNIT_MOBILE_SAM,2,kv,Description,DESCRIPTION_UNIT_MOBILE_SAM
UNIT_MOBILE_SAM,3,kv,DefaultIcon,ICON_UNIT_MOBILE_SAM
UNIT_MOBILE_SAM,4,kv,DefaultSprite,SPRITE_MOBILE_SAM
UNIT_MOBILE_SAM,5,kv,Category,UNIT_CATEGORY_RANGED
UNIT_MOBILE_SAM,6,kv,Attack,20
UNIT_MOBILE_SAM,7,kv,Defense,30
UNIT_MOBILE_SAM,8,kv,ZBRangeAttack,80
UNIT_MOBILE_SAM,9,kv,Firepower,3
UNIT_MOBILE_SAM,10,kv,Armor,1
UNIT_MOBILE_SAM,11,kv,MaxHP,15
UNIT_MOBILE_SAM,12,kv,ShieldCost,2300
UNIT_MOBILE_SAM,13,kv,PowerPoints,2000
UNIT_MOBILE_SAM,14,kv,ShieldHunger,23
UNIT_MOBILE_SAM,15,kv,FoodHunger,0
UNIT_MOBILE_SAM,16,kv,MaxMovePoints,400
UNIT_MOBILE_SAM,17,kv,VisionRange,3
UNIT_MOBILE_SAM,18,kv,EnableAdvance,ADVANCE_HEXTAPUL
UNIT_MOBILE_SAM,19,kv,BombRounds,5
UNIT_MOBILE_SAM,20,kv,BombardRange,1
UNIT_MOBILE_SAM,21,flag,CanCounterBombard,
UNIT_MOBILE_SAM,22,kv,ActiveDefenseRange,1
UNIT_MOBILE_SAM,23,flag,LossMoveToDmgNone,
UNIT_MOBILE_SAM,24,kv,MaxFuel,0
UNIT_MOBILE_SAM,25,flag,CanEntrench,
UNIT_MOBILE_SAM,26,flag,IgnoreZOC,
UNIT_MOBILE_SAM,27,flag,NoZoc,
UNIT_MOBILE_SAM,28,flag,CanExpel,
UNIT_MOBILE_SAM,29,flag,CanPillage,
UNIT_MOBILE_SAM,30,flag,CanPirate,
UNIT_MOBILE_SAM,31,flag,ExertsMartialLaw,
UNIT_MOBILE_SAM,32,flag,DeathEffectsHappy,
UNIT_MOBILE_SAM,33,flag,Explodes,
UNIT_MOBILE_SAM,34,flag,OnlyBuildOne,
UNIT_MOBILE_SAM,35,kv,SoundSelect1,SOUND_SELECT1_MOBILE_SAM
UNIT_MOBILE_SAM,36,kv,SoundSelect2,SOUND_SELECT2_MOBILE_SAM
UNIT_MOBILE_SAM,37,kv,SoundMove,SOUND_MOVE_MOBILE_SAM
UNIT_MOBILE_SAM,38,kv,SoundAcknowledge,SOUND_ACKNOWLEDGE_MOBILE_SAM
UNIT_MOBILE_SAM,39,kv,SoundCantMove,SOUND_CANTMOVE_MOBILE_SAM
UNIT_MOBILE_SAM,40,kv,SoundAttack,SOUND_ATTACK_MOBILE_SAM
UNIT_MOBILE_SAM,41,kv,SoundWork,SOUND_WORK_MOBILE_SAM
UNIT_MOBILE_SAM,42,kv,SoundVictory,SOUND_VICTORY_MOBILE_SAM
UNIT_MOBILE_SAM,43,kv,SoundDeath,SOUND_DEATH_MOBILE_SAM
UNIT_MOBILE_SAM,44,sublist,CanAttack,Air
UNIT_MOBILE_SAM,45,sublist,CanBombard,Air
UNIT_MOBILE_SAM,46,sublist,CanBombard,Land
UNIT_MOBILE_SAM,47,sublist,CanBombard,Mountain
UNIT_MOBILE_SAM,48,sublist,CanBombard,Water
UNIT_MOBILE_SAM,49,sublist,CanSee,Standard
UNIT_MOBILE_SAM,50,sublist,Defend,Air
UNIT_MOBILE_SAM,51,sublist,MovementType,Land
UNIT_MOBILE_SAM,52,sublist,Size,Medium
UNIT_MOBILE_SAM,53,sublist,VisionClass,Standard
UNIT_MOBILE_SAM,54,nested,CanReform,"[{""t"": ""kv"", ""k"": ""Sound"", ""v"": ""SOUND_ID_REFORM_CITY""}, {""t"": ""kv"", ""k"": ""Effect"", ""v"": ""SPECEFFECT_REFORMCITY""}]"
UNIT_MOREY_STRIKER,0,flag,CantBuild,
UNIT_MOREY_STRIKER,1,flag,GLHidden,
UNIT_MOREY_STRIKER,2,kv,Description,DESCRIPTION_UNIT_MOREY_STRIKER
UNIT_MOREY_STRIKER,3,kv,DefaultIcon,ICON_UNIT_MOREY_STRIKER
UNIT_MOREY_STRIKER,4,kv,DefaultSprite,SPRITE_MOREY_STRIKER
UNIT_MOREY_STRIKER,5,kv,Category,UNIT_CATEGORY_UNDERSEA
UNIT_MOREY_STRIKER,6,kv,Attack,60
UNIT_MOREY_STRIKER,7,kv,Defense,80
UNIT_MOREY_STRIKER,8,kv,ZBRangeAttack,60
UNIT_MOREY_STRIKER,9,kv,Firepower,4
UNIT_MOREY_STRIKER,10,kv,Armor,4
UNIT_MOREY_STRIKER,11,kv,MaxHP,20
UNIT_MOREY_STRIKER,12,kv,ShieldCost,4000
UNIT_MOREY_STRIKER,13,kv,PowerPoints,100
UNIT_MOREY_STRIKER,14,kv,ShieldHunger,40
UNIT_MOREY_STRIKER,15,kv,FoodHunger,0
UNIT_MOREY_STRIKER,16,kv,MaxMovePoints,1600
UNIT_MOREY_STRIKER,17,kv,VisionRange,3
UNIT_MOREY_STRIKER,18,kv,EnableAdvance,ADVANCE_HEXTAPUL
UNIT_MOREY_STRIKER,19,kv,BombRounds,5
UNIT_MOREY_STRIKER,20,kv,BombardRange,1
UNIT_MOREY_STRIKER,21,flag,CanCounterBombard,
UNIT_MOREY_STRIKER,22,kv,ActiveDefenseRange,1
UNIT_MOREY_STRIKER,23,flag,LossMoveToDmgNone,
UNIT_MOREY_STRIKER,24,kv,MaxFuel,0
UNIT_MOREY_STRIKER,25,flag,CanExpel,
UNIT_MOREY_STRIKER,26,flag,NoZoc,
UNIT_MOREY_STRIKER,27,flag,CanPillage,
UNIT_MOREY_STRIKER,28,flag,CanPirate,
UNIT_MOREY_STRIKER,29,flag,DeathEffectsHappy,
UNIT_MOREY_STRIKER,30,flag,IsFlanker,
UNIT_MOREY_STRIKER,31,flag,IsSubmarine,
UNIT_MOREY_STRIKER,32,flag,Explodes,
UNIT_MOREY_STRIKER,33,flag,OnlyBuildOne,
UNIT_MOREY_STRIKER,34,kv,SoundSelect1,SOUND_SELECT1_MOREY_STRIKER
UNIT_MOREY_STRIKER,35,kv,SoundSelect2,SOUND_SELECT2_MOREY_STRIKER
UNIT_MOREY_STRIKER,36,kv,SoundMove,SOUND_MOVE_MOREY_STRIKER
UNIT_MOREY_STRIKER,37,kv,SoundAcknowledge,SOUND_ACKNOWLEDGE_MOREY_STRIKER
UNIT_MOREY_STRIKER,38,kv,SoundCantMove,SOUND_CANTMOVE_MOREY_STRIKER
UNIT_MOREY_STRIKER,39,kv,SoundAttack,SOUND_ATTACK_MOREY_STRIKER
UNIT_MOREY_STRIKER,40,kv,SoundWork,SOUND_WORK_MOREY_STRIKER
UNIT_MOREY_STRIKER,41,kv,SoundVictory,SOUND_VICTORY_MOREY_STRIKER
UNIT_MOREY_STRIKER,42,kv,SoundDeath,SOUND_DEATH_MOREY_STRIKER
UNIT_MOREY_STRIKER,43,sublist,CanAttack,Sea
UNIT_MOREY_STRIKER,44,sublist,CanAttack,Underwater
UNIT_MOREY_STRIKER,45,sublist,CanAttack,ShallowWater
UNIT_MOREY_STRIKER,46,sublist,CanBombard,Water
UNIT_MOREY_STRIKER,47,sublist,CanSee,Standard
UNIT_MOREY_STRIKER,48,sublist,MovementType,Sea
UNIT_MOREY_STRIKER,49,sublist,MovementType,ShallowWater
UNIT_MOREY_STRIKER,50,sublist,Size,Large
UNIT_MOREY_STRIKER,51,sublist,VisionClass,Underwater
UNIT_MOREY_STRIKER,52,nested,CanReform,"[{""t"": ""kv"", ""k"": ""Sound"", ""v"": ""SOUND_ID_REFORM_CITY""}, {""t"": ""kv"", ""k"": ""Effect"", ""v"": ""SPECEFFECT_REFORMCITY""}]"
UNIT_MOUNTED_ARCHER,0,kv,Description,DESCRIPTION_UNIT_MOUNTED_ARCHER
UNIT_MOUNTED_ARCHER,1,kv,DefaultIcon,ICON_UNIT_MOUNTED_ARCHER
UNIT_MOUNTED_ARCHER,2,kv,DefaultSprite,SPRITE_MOUNTED_ARCHER
UNIT_MOUNTED_ARCHER,3,kv,Category,UNIT_CATEGORY_RANGED
UNIT_MOUNTED_ARCHER,4,kv,Attack,15
UNIT_MOUNTED_ARCHER,5,kv,Defense,15
UNIT_MOUNTED_ARCHER,6,kv,ZBRangeAttack,15
UNIT_MOUNTED_ARCHER,7,kv,Firepower,1
UNIT_MOUNTED_ARCHER,8,kv,Armor,1
UNIT_MOUNTED_ARCHER,9,kv,MaxHP,10
UNIT_MOUNTED_ARCHER,10,kv,ShieldCost,800
UNIT_MOUNTED_ARCHER,11,kv,PowerPoints,200
UNIT_MOUNTED_ARCHER,12,kv,ShieldHunger,4
UNIT_MOUNTED_ARCHER,13,kv,FoodHunger,0
UNIT_MOUNTED_ARCHER,14,kv,MaxMovePoints,400
UNIT_MOUNTED_ARCHER,15,kv,VisionRange,2
UNIT_MOUNTED_ARCHER,16,kv,EnableAdvance,ADVANCE_DOMESTICATION
UNIT_MOUNTED_ARCHER,17,kv,BombRounds,3
UNIT_MOUNTED_ARCHER,18,kv,BombardRange,1
UNIT_MOUNTED_ARCHER,19,flag,CanCounterBombard,
UNIT_MOUNTED_ARCHER,20,kv,ActiveDefenseRange,0
UNIT_MOUNTED_ARCHER,21,flag,LossMoveToDmgNone,
UNIT_MOUNTED_ARCHER,22,kv,MaxFuel,0
UNIT_MOUNTED_ARCHER,23,flag,CanEntrench,
UNIT_MOUNTED_ARCHER,24,flag,NoZoc,
UNIT_MOUNTED_ARCHER,25,flag,CanExpel,
UNIT_MOUNTED_ARCHER,26,flag,CanPillage,
UNIT_MOUNTED_ARCHER,27,flag,CanPirate,
UNIT_MOUNTED_ARCHER,28,flag,ExertsMartialLaw,
UNIT_MOUNTED_ARCHER,29,flag,DeathEffectsHappy,
UNIT_MOUNTED_ARCHER,30,flag,OnlyBuildOne,
UNIT_MOUNTED_ARCHER,31,kv,SoundSelect1,SOUND_SELECT1_MOUNTED_ARCHER
UNIT_MOUNTED_ARCHER,32,kv,SoundSelect2,SOUND_SELECT2_MOUNTED_ARCHER
UNIT_MOUNTED_ARCHER,33,kv,SoundMove,SOUND_MOVE_MOUNTED_ARCHER
UNIT_MOUNTED_ARCHER,34,kv,SoundAcknowledge,SOUND_ACKNOWLEDGE_MOUNTED_ARCHER
UNIT_MOUNTED_ARCHER,35,kv,SoundCantMove,SOUND_CANTMOVE_MOUNTED_ARCHER
UNIT_MOUNTED_ARCHER,36,kv,SoundAttack,SOUND_ATTACK_MOUNTED_ARCHER
UNIT_MOUNTED_ARCHER,37,kv,SoundWork,SOUND_WORK_MOUNTED_ARCHER
UNIT_MOUNTED_ARCHER,38,kv,SoundVictory,SOUND_VICTORY_MOUNTED_ARCHER
UNIT_MOUNTED_ARCHER,39,kv,SoundDeath,SOUND_DEATH_MOUNTED_ARCHER
UNIT_MOUNTED_ARCHER,40,sublist,CanAttack,Land
UNIT_MOUNTED_ARCHER,41,sublist,CanBombard,Land
UNIT_MOUNTED_ARCHER,42,sublist,CanSee,Standard
UNIT_MOUNTED_ARCHER,43,sublist,CanSee,Stealth
UNIT_MOUNTED_ARCHER,44,sublist,MovementType,Land
UNIT_MOUNTED_ARCHER,45,sublist,Size,Medium
UNIT_MOUNTED_ARCHER,46,sublist,VisionClass,Stealth
UNIT_MOUNTED_ARCHER,47,nested,CanReform,"[{""t"": ""kv"", ""k"": ""Sound"", ""v"": ""SOUND_ID_REFORM_CITY""}, {""t"": ""kv"", ""k"": ""Effect"", ""v"": ""SPECEFFECT_REFORMCITY""}]"
UNIT_NOMAD,0,flag,CantBuild,
UNIT_NOMAD,1,flag,GLHidden,
UNIT_NOMAD,2,kv,Description,DESCRIPTION_UNIT_SETTLER
UNIT_NOMAD,3,kv,DefaultIcon,ICON_UNIT_NOMAD
UNIT_NOMAD,4,kv,DefaultSprite,SPRITE_NOMAD
UNIT_NOMAD,5,kv,Category,UNIT_CATEGORY_SETTLER
UNIT_NOMAD,6,kv,Attack,0
UNIT_NOMAD,7,kv,Defense,5
UNIT_NOMAD,8,kv,ZBRangeAttack,0
UNIT_NOMAD,9,kv,Firepower,1
UNIT_NOMAD,10,kv,Armor,1
UNIT_NOMAD,11,kv,MaxHP,10
UNIT_NOMAD,12,kv,ShieldCost,750
UNIT_NOMAD,13,kv,PowerPoints,400
UNIT_NOMAD,14,kv,ShieldHunger,0
UNIT_NOMAD,15,kv,FoodHunger,0
UNIT_NOMAD,16,kv,MaxMovePoints,100
UNIT_NOMAD,17,kv,VisionRange,1
UNIT_NOMAD,18,kv,EnableAdvance,ADVANCE_HEXTAPUL
UNIT_NOMAD,19,kv,ActiveDefenseRange,0
UNIT_NOMAD,20,flag,LossMoveToDmgNone,
UNIT_NOMAD,21,kv,MaxFuel,0
UNIT_NOMAD,22,flag,CanEntrench,
UNIT_NOMAD,23,flag,IgnoreZOC,
UNIT_NOMAD,24,flag,NoZoc,
UNIT_NOMAD,25,kv,SettleCityType,UNIT_CITY
UNIT_NOMAD,26,kv,SettleSize,1
UNIT_NOMAD,27,flag,CantCaptureCity,
UNIT_NOMAD,28,flag,DeathEffectsHappy,
UNIT_NOMAD,29,flag,BuildingRemovesAPop,
UNIT_NOMAD,30,flag,IsSpecialForces,
UNIT_NOMAD,31,flag,Civilian,
UNIT_NOMAD,32,flag,OnlyBuildOne,
UNIT_NOMAD,33,kv,SoundSelect1,SOUND_SELECT1_SETTLER
UNIT_NOMAD,34,kv,SoundSelect2,SOUND_SELECT2_SETTLER
UNIT_NOMAD,35,kv,SoundMove,SOUND_MOVE_SETTLER
UNIT_NOMAD,36,kv,SoundAcknowledge,SOUND_ACKNOWLEDGE_SETTLER
UNIT_NOMAD,37,kv,SoundCantMove,SOUND_CANTMOVE_SETTLER
UNIT_NOMAD,38,kv,SoundAttack,SOUND_ATTACK_SETTLER
UNIT_NOMAD,39,kv,SoundWork,SOUND_WORK_SETTLER
UNIT_NOMAD,40,kv,SoundVictory,SOUND_VICTORY_SETTLER
UNIT_NOMAD,41,kv,SoundDeath,SOUND_DEATH_SETTLER
UNIT_NOMAD,42,sublist,CanSee,Standard
UNIT_NOMAD,43,sublist,MovementType,Land
UNIT_NOMAD,44,sublist,MovementType,Mountain
UNIT_NOMAD,45,sublist,Settle,Land
UNIT_NOMAD,46,sublist,Settle,Mountain
UNIT_NOMAD,47,sublist,Size,Small
UNIT_NOMAD,48,sublist,VisionClass,Standard
UNIT_NUCLEAR_SUBMARINE,0,flag,CantBuild,
UNIT_NUCLEAR_SUBMARINE,1,flag,GLHidden,
UNIT_NUCLEAR_SUBMARINE,2,kv,Description,DESCRIPTION_UNIT_NUCLEAR_SUBMARINE
UNIT_NUCLEAR_SUBMARINE,3,kv,DefaultIcon,ICON_UNIT_NUCLEAR_SUBMARINE
UNIT_NUCLEAR_SUBMARINE,4,kv,DefaultSprite,SPRITE_NUCLEAR_SUBMARINE
UNIT_NUCLEAR_SUBMARINE,5,kv,Category,UNIT_CATEGORY_UNDERSEA
UNIT_NUCLEAR_SUBMARINE,6,kv,Attack,50
UNIT_NUCLEAR_SUBMARINE,7,kv,Defense,40
UNIT_NUCLEAR_SUBMARINE,8,kv,ZBRangeAttack,50
UNIT_NUCLEAR_SUBMARINE,9,kv,Firepower,4
UNIT_NUCLEAR_SUBMARINE,10,kv,Armor,3
UNIT_NUCLEAR_SUBMARINE,11,kv,MaxHP,15
UNIT_NUCLEAR_SUBMARINE,12,kv,ShieldCost,2100
UNIT_NUCLEAR_SUBMARINE,13,kv,PowerPoints,1850
UNIT_NUCLEAR_SUBMARINE,14,kv,ShieldHunger,21
UNIT_NUCLEAR_SUBMARINE,15,kv,FoodHunger,0
UNIT_NUCLEAR_SUBMARINE,16,kv,MaxMovePoints,1000
UNIT_NUCLEAR_SUBMARINE,17,kv,VisionRange,3
UNIT_NUCLEAR_SUBMARINE,18,kv,EnableAdvance,ADVANCE_HEXTAPUL
UNIT_NUCLEAR_SUBMARINE,19,kv,BombRounds,5
UNIT_NUCLEAR_SUBMARINE,20,kv,BombardRange,1
UNIT_NUCLEAR_SUBMARINE,21,flag,CanCounterBombard,
UNIT_NUCLEAR_SUBMARINE,22,kv,ActiveDefenseRange,0
UNIT_NUCLEAR_SUBMARINE,23,flag,LossMoveToDmgNone,
UNIT_NUCLEAR_SUBMARINE,24,kv,MaxFuel,0
UNIT_NUCLEAR_SUBMARINE,25,flag,CanExpel,
UNIT_NUCLEAR_SUBMARINE,26,flag,NoZoc,
UNIT_NUCLEAR_SUBMARINE,27,flag,CanPillage,
UNIT_NUCLEAR_SUBMARINE,28,flag,CanPirate,
UNIT_NUCLEAR_SUBMARINE,29,flag,CantCaptureCity,
UNIT_NUCLEAR_SUBMARINE,30,flag,DeathEffectsHappy,
UNIT_NUCLEAR_SUBMARINE,31,flag,IsFlanker,
UNIT_NUCLEAR_SUBMARINE,32,flag,IsSubmarine,
UNIT_NUCLEAR_SUBMARINE,33,flag,Explodes,
UNIT_NUCLEAR_SUBMARINE,34,flag,OnlyBuildOne,
UNIT_NUCLEAR_SUBMARINE,35,kv,SoundSelect1,SOUND_SELECT1_NUCLEAR_SUBMARINE
UNIT_NUCLEAR_SUBMARINE,36,kv,SoundSelect2,SOUND_SELECT2_NUCLEAR_SUBMARINE
UNIT_NUCLEAR_SUBMARINE,37,kv,SoundMove,SOUND_MOVE_NUCLEAR_SUBMARINE
UNIT_NUCLEAR_SUBMARINE,38,kv,SoundAcknowledge,SOUND_ACKNOWLEDGE_NUCLEAR_SUBMARINE
UNIT_NUCLEAR_SUBMARINE,39,kv,SoundCantMove,SOUND_CANTMOVE_NUCLEAR_SUBMARINE
UNIT_NUCLEAR_SUBMARINE,40,kv,SoundAttack,SOUND_ATTACK_NUCLEAR_SUBMARINE
UNIT_NUCLEAR_SUBMARINE,41,kv,SoundWork,SOUND_WORK_NUCLEAR_SUBMARINE
UNIT_NUCLEAR_SUBMARINE,42,kv,SoundVictory,SOUND_VICTORY_NUCLEAR_SUBMARINE
UNIT_NUCLEAR_SUBMARINE,43,kv,SoundDeath,SOUND_DEATH_NUCLEAR_SUBMARINE
UNIT_NUCLEAR_SUBMARINE,44,sublist,CanAttack,ShallowWater
UNIT_NUCLEAR_SUBMARINE,45,sublist,CanAttack,Sea
UNIT_NUCLEAR_SUBMARINE,46,sublist,CanAttack,Underwater
UNIT_NUCLEAR_SUBMARINE,47,sublist,CanBombard,Water
UNIT_NUCLEAR_SUBMARINE,48,sublist,CanCarry,SmallAir
UNIT_NUCLEAR_SUBMARINE,49,sublist,CanCarry,SmallLand
UNIT_NUCLEAR_SUBMARINE,50,sublist,CanSee,Standard
UNIT_NUCLEAR_SUBMARINE,51,sublist,CanSee,Underwater
UNIT_NUCLEAR_SUBMARINE,52,sublist,MovementType,Sea
UNIT_NUCLEAR_SUBMARINE,53,sublist,MovementType,ShallowWater
UNIT_NUCLEAR_SUBMARINE,54,sublist,Size,Large
UNIT_NUCLEAR_SUBMARINE,55,sublist,VisionClass,Underwater
UNIT_NUCLEAR_SUBMARINE,56,nested,CanReform,"[{""t"": ""kv"", ""k"": ""Sound"", ""v"": ""SOUND_ID_REFORM_CITY""}, {""t"": ""kv"", ""k"": ""Effect"", ""v"": ""SPECEFFECT_REFORMCITY""}]"
UNIT_NUCLEAR_SUBMARINE,57,nested,CargoData,"[{""t"": ""kv"", ""k"": ""MaxCargo"", ""v"": ""2""}, {""t"": ""kv"", ""k"": ""Load"", ""v"": ""SOUND_ID_SUBMARINE_LOAD""}, {""t"": ""kv"", ""k"": ""Unload"", ""v"": ""SOUND_ID_SUBMARINE_UNLOAD""}]"
UNIT_NUKE,0,flag,CantBuild,
UNIT_NUKE,1,flag,GLHidden,
UNIT_NUKE,2,kv,Description,DESCRIPTION_UNIT_NUKE
UNIT_NUKE,3,kv,DefaultIcon,ICON_UNIT_NUKE
UNIT_NUKE,4,kv,DefaultSprite,SPRITE_NUKE
UNIT_NUKE,5,kv,Category,UNIT_CATEGORY_AERIAL
UNIT_NUKE,6,kv,Attack,1000
UNIT_NUKE,7,kv,Defense,10
UNIT_NUKE,8,kv,ZBRangeAttack,0
UNIT_NUKE,9,kv,Firepower,1
UNIT_NUKE,10,kv,Armor,1
UNIT_NUKE,11,kv,MaxHP,10
UNIT_NUKE,12,kv,ShieldCost,4000
UNIT_NUKE,13,kv,PowerPoints,4000
UNIT_NUKE,14,kv,ShieldHunger,40
UNIT_NUKE,15,kv,FoodHunger,0
UNIT_NUKE,16,kv,MaxMovePoints,2000
UNIT_NUKE,17,kv,VisionRange,2
UNIT_NUKE,18,kv,EnableAdvance,ADVANCE_HEXTAPUL
UNIT_NUKE,19,kv,ActiveDefenseRange,0
UNIT_NUKE,20,flag,LossMoveToDmgNone,
UNIT_NUKE,21,flag,NoFuelThenCrash,
UNIT_NUKE,22,kv,MaxFuel,2000
UNIT_NUKE,23,flag,IgnoreZOC,
UNIT_NUKE,24,flag,NoZoc,
UNIT_NUKE,25,flag,CanBeachAssault,
UNIT_NUKE,26,flag,CantCaptureCity,
UNIT_NUKE,27,flag,SingleUse,
UNIT_NUKE,28,flag,IsSpecialForces,
UNIT_NUKE,29,flag,Explodes,
UNIT_NUKE,30,flag,OnlyBuildOne,
UNIT_NUKE,31,kv,SoundSelect1,SOUND_SELECT1_NUKE
UNIT_NUKE,32,kv,SoundSelect2,SOUND_SELECT2_NUKE
UNIT_NUKE,33,kv,SoundMove,SOUND_MOVE_NUKE
UNIT_NUKE,34,kv,SoundAcknowledge,SOUND_ACKNOWLEDGE_NUKE
UNIT_NUKE,35,kv,SoundCantMove,SOUND_CANTMOVE_NUKE
UNIT_NUKE,36,kv,SoundAttack,SOUND_ATTACK_NUKE
UNIT_NUKE,37,kv,SoundWork,SOUND_WORK_NUKE
UNIT_NUKE,38,kv,SoundVictory,SOUND_VICTORY_NUKE
UNIT_NUKE,39,kv,SoundDeath,SOUND_DEATH_NUKE
UNIT_NUKE,40,sublist,CanAttack,Air
UNIT_NUKE,41,sublist,CanAttack,Land
UNIT_NUKE,42,sublist,CanAttack,Mountain
UNIT_NUKE,43,sublist,CanAttack,Sea
UNIT_NUKE,44,sublist,CanAttack,ShallowWater
UNIT_NUKE,45,sublist,CanSee,Standard
UNIT_NUKE,46,sublist,MovementType,Air
UNIT_NUKE,47,sublist,Size,Small
UNIT_NUKE,48,sublist,VisionClass,Standard
UNIT_NUKE,49,nested,NuclearAttack,"[{""t"": ""kv"", ""k"": ""Sound"", ""v"": ""SOUND_ID_NUCLEAR_ATTACK""}, {""t"": ""kv"", ""k"": ""Effect"", ""v"": ""SPECEFFECT_NUCLEAR_ATTACK""}]"
UNIT_OCEAN_CITY,0,flag,CantBuild,
UNIT_OCEAN_CITY,1,flag,GLHidden,
UNIT_OCEAN_CITY,2,kv,Description,DESCRIPTION_UNIT_OCEAN_CITY
UNIT_OCEAN_CITY,3,kv,DefaultIcon,ICON_UNIT_OCEAN_CITY
UNIT_OCEAN_CITY,4,kv,DefaultSprite,SPRITE_OCEAN_CITY
UNIT_OCEAN_CITY,5,kv,Category,UNIT_CATEGORY_GENERIC
UNIT_OCEAN_CITY,6,kv,Attack,0
UNIT_OCEAN_CITY,7,kv,Defense,0
UNIT_OCEAN_CITY,8,kv,ZBRangeAttack,0
UNIT_OCEAN_CITY,9,kv,Firepower,0
UNIT_OCEAN_CITY,10,kv,Armor,0
UNIT_OCEAN_CITY,11,kv,MaxHP,0
UNIT_OCEAN_CITY,12,kv,ShieldCost,0
UNIT_OCEAN_CITY,13,kv,PowerPoints,1000
UNIT_OCEAN_CITY,14,kv,ShieldHunger,0
UNIT_OCEAN_CITY,15,kv,FoodHunger,0
UNIT_OCEAN_CITY,16,kv,MaxMovePoints,0
UNIT_OCEAN_CITY,17,kv,VisionRange,2
UNIT_OCEAN_CITY,18,kv,ActiveDefenseRange,0
UNIT_OCEAN_CITY,19,flag,LossMoveToDmgNone,
UNIT_OCEAN_CITY,20,kv,MaxFuel,0
UNIT_OCEAN_CITY,21,flag,HasPopAndCanBuild,
UNIT_OCEAN_CITY,22,flag,CantBuild,
UNIT_OCEAN_CITY,23,kv,CityGrowthCoefficient,0.5
UNIT_OCEAN_CITY,24,flag,NoIndex,
UNIT_OCEAN_CITY,25,flag,GLHidden,
UNIT_OCEAN_CITY,26,flag,CantCaptureCity,
UNIT_OCEAN_CITY,27,flag,NeedsNoSupport,
UNIT_OCEAN_CITY,28,kv,SoundSelect1,SOUND_SELECT1_OCEAN_CITY
UNIT_OCEAN_CITY,29,kv,SoundSelect2,SOUND_SELECT2_OCEAN_CITY
UNIT_OCEAN_CITY,30,kv,SoundMove,SOUND_MOVE_OCEAN_CITY
UNIT_OCEAN_CITY,31,kv,SoundAcknowledge,SOUND_ACKNOWLEDGE_OCEAN_CITY
UNIT_OCEAN_CITY,32,kv,SoundCantMove,SOUND_CANTMOVE_OCEAN_CITY
UNIT_OCEAN_CITY,33,kv,SoundAttack,SOUND_ATTACK_OCEAN_CITY
UNIT_OCEAN_CITY,34,kv,SoundWork,SOUND_WORK_OCEAN_CITY
UNIT_OCEAN_CITY,35,kv,SoundVictory,SOUND_VICTORY_OCEAN_CITY
UNIT_OCEAN_CITY,36,kv,SoundDeath,SOUND_DEATH_OCEAN_CITY
UNIT_OCEAN_CITY,37,sublist,CanAttack,Land
UNIT_OCEAN_CITY,38,sublist,CanAttack,Sea
UNIT_OCEAN_CITY,39,sublist,CanAttack,ShallowWater
UNIT_OCEAN_CITY,40,sublist,CanSee,Standard
UNIT_OCEAN_CITY,41,sublist,MovementType,Land
UNIT_OCEAN_CITY,42,sublist,MovementType,Sea
UNIT_OCEAN_CITY,43,sublist,MovementType,ShallowWater
UNIT_OCEAN_CITY,44,sublist,Size,Medium
UNIT_OCEAN_CITY,45,sublist,VisionClass,Standard
UNIT_OCEAN_CITY,46,nested,Revolution,"[{""t"": ""kv"", ""k"": ""Sound"", ""v"": ""SOUND_ID_REVOLUTION""}, {""t"": ""kv"", ""k"": ""Effect"", ""v"": ""SPECEFFECT_REVOLUTION""}]"
UNIT_CATAPULT,0,kv,Description,DESCRIPTION_UNIT_CATAPULT
UNIT_CATAPULT,1,kv,DefaultIcon,ICON_UNIT_CATAPULT
UNIT_CATAPULT,2,kv,DefaultSprite,SPRITE_CATAPULT
UNIT_CATAPULT,3,kv,Category,UNIT_CATEGORY_RANGED
UNIT_CATAPULT,4,kv,Attack,5
UNIT_CATAPULT,5,kv,Defense,5
UNIT_CATAPULT,6,kv,ZBRangeAttack,25
UNIT_CATAPULT,7,kv,Firepower,2
UNIT_CATAPULT,8,kv,Armor,1
UNIT_CATAPULT,9,kv,MaxHP,10
UNIT_CATAPULT,10,kv,ShieldCost,1200
UNIT_CATAPULT,11,kv,PowerPoints,300
UNIT_CATAPULT,12,kv,ShieldHunger,6
UNIT_CATAPULT,13,kv,FoodHunger,0
UNIT_CATAPULT,14,kv,MaxMovePoints,100
UNIT_CATAPULT,15,kv,VisionRange,1
UNIT_CATAPULT,16,kv,EnableAdvance,ADVANCE_ARABIA
UNIT_CATAPULT,17,kv,BombRounds,5
UNIT_CATAPULT,18,kv,BombardRange,1
UNIT_CATAPULT,19,flag,CanCounterBombard,
UNIT_CATAPULT,20,kv,ActiveDefenseRange,0
UNIT_CATAPULT,21,flag,LossMoveToDmgNone,
UNIT_CATAPULT,22,kv,MaxFuel,0
UNIT_CATAPULT,23,flag,CanEntrench,
UNIT_CATAPULT,24,flag,NoZoc,
UNIT_CATAPULT,25,flag,CanExpel,
UNIT_CATAPULT,26,flag,CanPillage,
UNIT_CATAPULT,27,flag,CanPirate,
UNIT_CATAPULT,28,flag,ExertsMartialLaw,
UNIT_CATAPULT,29,flag,DeathEffectsHappy,
UNIT_CATAPULT,30,flag,OnlyBuildOne,
UNIT_CATAPULT,31,kv,SoundSelect1,SOUND_SELECT1_CATAPULT
UNIT_CATAPULT,32,kv,SoundSelect2,SOUND_SELECT2_CATAPULT
UNIT_CATAPULT,33,kv,SoundMove,SOUND_MOVE_CATAPULT
UNIT_CATAPULT,34,kv,SoundAcknowledge,SOUND_ACKNOWLEDGE_CATAPULT
UNIT_CATAPULT,35,kv,SoundCantMove,SOUND_CANTMOVE_CATAPULT
UNIT_CATAPULT,36,kv,SoundAttack,SOUND_ATTACK_CATAPULT
UNIT_CATAPULT,37,kv,SoundWork,SOUND_WORK_CATAPULT
UNIT_CATAPULT,38,kv,SoundVictory,SOUND_VICTORY_CATAPULT
UNIT_CATAPULT,39,kv,SoundDeath,SOUND_DEATH_CATAPULT
UNIT_CATAPULT,40,sublist,CanAttack,Land
UNIT_CATAPULT,41,sublist,CanBombard,Land
UNIT_CATAPULT,42,sublist,CanBombard,Mountain
UNIT_CATAPULT,43,sublist,CanBombard,Water
UNIT_CATAPULT,44,sublist,CanSee,Standard
UNIT_CATAPULT,45,sublist,MovementType,Land
UNIT_CATAPULT,46,sublist,Size,Medium
UNIT_CATAPULT,47,sublist,VisionClass,Standard
UNIT_CATAPULT,48,nested,CanReform,"[{""t"": ""kv"", ""k"": ""Sound"", ""v"": ""SOUND_ID_REFORM_CITY""}, {""t"": ""kv"", ""k"": ""Effect"", ""v"": ""SPECEFFECT_REFORMCITY""}]"
UNIT_PARATROOPER,0,flag,CantBuild,
UNIT_PARATROOPER,1,flag,GLHidden,
UNIT_PARATROOPER,2,kv,Description,DESCRIPTION_UNIT_PARATROOPER
UNIT_PARATROOPER,3,kv,DefaultIcon,ICON_UNIT_PARATROOPER
UNIT_PARATROOPER,4,kv,DefaultSprite,SPRITE_PARATROOPER
UNIT_PARATROOPER,5,kv,Category,UNIT_CATEGORY_ATTACK
UNIT_PARATROOPER,6,kv,Attack,60
UNIT_PARATROOPER,7,kv,Defense,45
UNIT_PARATROOPER,8,kv,ZBRangeAttack,30
UNIT_PARATROOPER,9,kv,Firepower,3
UNIT_PARATROOPER,10,kv,Armor,1
UNIT_PARATROOPER,11,kv,MaxHP,20
UNIT_PARATROOPER,12,kv,ShieldCost,2000
UNIT_PARATROOPER,13,kv,PowerPoints,2500
UNIT_PARATROOPER,14,kv,ShieldHunger,20
UNIT_PARATROOPER,15,kv,FoodHunger,0
UNIT_PARATROOPER,16,kv,MaxMovePoints,300
UNIT_PARATROOPER,17,kv,VisionRange,2
UNIT_PARATROOPER,18,kv,EnableAdvance,ADVANCE_HEXTAPUL
UNIT_PARATROOPER,19,kv,ActiveDefenseRange,0
UNIT_PARATROOPER,20,flag,LossMoveToDmgNone,
UNIT_PARATROOPER,21,kv,MaxFuel,0
UNIT_PARATROOPER,22,flag,CanEntrench,
UNIT_PARATROOPER,23,flag,IgnoreZOC,
UNIT_PARATROOPER,24,flag,NoZoc,
UNIT_PARATROOPER,25,flag,CanExpel,
UNIT_PARATROOPER,26,flag,CanPillage,
UNIT_PARATROOPER,27,flag,CanPirate,
UNIT_PARATROOPER,28,flag,BonusAgainstMounted,
UNIT_PARATROOPER,29,kv,MountedBonus,0.2
UNIT_PARATROOPER,30,flag,ExertsMartialLaw,
UNIT_PARATROOPER,31,flag,DeathEffectsHappy,
UNIT_PARATROOPER,32,flag,IsSpecialForces,
UNIT_PARATROOPER,33,flag,Paratrooper,
UNIT_PARATROOPER,34,flag,OnlyBuildOne,
UNIT_PARATROOPER,35,kv,SoundSelect1,SOUND_SELECT1_PARATROOPER
UNIT_PARATROOPER,36,kv,SoundSelect2,SOUND_SELECT2_PARATROOPER
UNIT_PARATROOPER,37,kv,SoundMove,SOUND_MOVE_PARATROOPER
UNIT_PARATROOPER,38,kv,SoundAcknowledge,SOUND_ACKNOWLEDGE_PARATROOPER
UNIT_PARATROOPER,39,kv,SoundCantMove,SOUND_CANTMOVE_PARATROOPER
UNIT_PARATROOPER,40,kv,SoundAttack,SOUND_ATTACK_PARATROOPER
UNIT_PARATROOPER,41,kv,SoundWork,SOUND_WORK_PARATROOPER
UNIT_PARATROOPER,42,kv,SoundVictory,SOUND_VICTORY_PARATROOPER
UNIT_PARATROOPER,43,kv,SoundDeath,SOUND_DEATH_PARATROOPER
UNIT_PARATROOPER,44,sublist,CanAttack,Land
UNIT_PARATROOPER,45,sublist,CanAttack,Mountain
UNIT_PARATROOPER,46,sublist,CanSee,Standard
UNIT_PARATROOPER,47,sublist,MovementType,Land
UNIT_PARATROOPER,48,sublist,MovementType,Mountain
UNIT_PARATROOPER,49,sublist,Size,Small
UNIT_PARATROOPER,50,sublist,VisionClass,Standard
UNIT_PARATROOPER,51,nested,CanReform,"[{""t"": ""kv"", ""k"": ""Sound"", ""v"": ""SOUND_ID_REFORM_CITY""}, {""t"": ""kv"", ""k"": ""Effect"", ""v"": ""SPECEFFECT_REFORMCITY""}]"
UNIT_PEZHETEROI,0,kv,Description,DESCRIPTION_UNIT_WARRIOR
UNIT_PEZHETEROI,1,kv,DefaultIcon,ICON_UNIT_PEZHETEROI
UNIT_PEZHETEROI,2,kv,DefaultSprite,SPRITE_PEZHETEROI
UNIT_PEZHETEROI,3,kv,Category,UNIT_CATEGORY_DEFENSE
UNIT_PEZHETEROI,4,kv,Attack,25
UNIT_PEZHETEROI,5,kv,Defense,30
UNIT_PEZHETEROI,6,kv,ZBRangeAttack,0
UNIT_PEZHETEROI,7,kv,Firepower,2
UNIT_PEZHETEROI,8,kv,Armor,1
UNIT_PEZHETEROI,9,kv,MaxHP,17
UNIT_PEZHETEROI,10,kv,ShieldCost,500
UNIT_PEZHETEROI,11,kv,PowerPoints,400
UNIT_PEZHETEROI,12,kv,ShieldHunger,2
UNIT_PEZHETEROI,13,kv,FoodHunger,0
UNIT_PEZHETEROI,14,kv,MaxMovePoints,200
UNIT_PEZHETEROI,15,kv,VisionRange,1
UNIT_PEZHETEROI,16,kv,EnableAdvance,ADVANCE_MONGOLIA
UNIT_PEZHETEROI,17,kv,ActiveDefenseRange,0
UNIT_PEZHETEROI,18,flag,LossMoveToDmgNone,
UNIT_PEZHETEROI,19,kv,MaxFuel,0
UNIT_PEZHETEROI,20,flag,CanEntrench,
UNIT_PEZHETEROI,21,flag,NoZoc,
UNIT_PEZHETEROI,22,flag,CanExpel,
UNIT_PEZHETEROI,23,flag,CanPillage,
UNIT_PEZHETEROI,24,flag,CanPirate,
UNIT_PEZHETEROI,25,flag,ExertsMartialLaw,
UNIT_PEZHETEROI,26,flag,DeathEffectsHappy,
UNIT_PEZHETEROI,27,flag,BonusAgainstMounted,
UNIT_PEZHETEROI,28,kv,MountedBonus,0.25
UNIT_PEZHETEROI,29,flag,OnlyBuildOne,
UNIT_PEZHETEROI,30,kv,SoundSelect1,SOUND_SELECT1_PIKEMEN
UNIT_PEZHETEROI,31,kv,SoundSelect2,SOUND_SELECT2_PIKEMEN
UNIT_PEZHETEROI,32,kv,SoundMove,SOUND_MOVE_PIKEMEN
UNIT_PEZHETEROI,33,kv,SoundAcknowledge,SOUND_ACKNOWLEDGE_PIKEMEN
UNIT_PEZHETEROI,34,kv,SoundCantMove,SOUND_CANTMOVE_PIKEMEN
UNIT_PEZHETEROI,35,kv,SoundAttack,SOUND_ATTACK_PIKEMEN
UNIT_PEZHETEROI,36,kv,SoundWork,SOUND_WORK_PIKEMEN
UNIT_PEZHETEROI,37,kv,SoundVictory,SOUND_VICTORY_PIKEMEN
UNIT_PEZHETEROI,38,kv,SoundDeath,SOUND_DEATH_PIKEMEN
UNIT_PEZHETEROI,39,sublist,CanAttack,Land
UNIT_PEZHETEROI,40,sublist,CanAttack,Mountain
UNIT_PEZHETEROI,41,sublist,CanSee,Standard
UNIT_PEZHETEROI,42,sublist,MovementType,Land
UNIT_PEZHETEROI,43,sublist,MovementType,Mountain
UNIT_PEZHETEROI,44,sublist,Size,Small
UNIT_PEZHETEROI,45,sublist,VisionClass,Standard
UNIT_PEZHETEROI,46,nested,CanReform,"[{""t"": ""kv"", ""k"": ""Sound"", ""v"": ""SOUND_ID_REFORM_CITY""}, {""t"": ""kv"", ""k"": ""Effect"", ""v"": ""SPECEFFECT_REFORMCITY""}]"
UNIT_PIKEMEN,0,kv,Description,DESCRIPTION_UNIT_PIKEMEN
UNIT_PIKEMEN,1,kv,DefaultIcon,ICON_UNIT_PIKEMEN
UNIT_PIKEMEN,2,kv,DefaultSprite,SPRITE_PIKEMEN
UNIT_PIKEMEN,3,kv,Category,UNIT_CATEGORY_ATTACK
UNIT_PIKEMEN,4,kv,Attack,35
UNIT_PIKEMEN,5,kv,Defense,40
UNIT_PIKEMEN,6,kv,ZBRangeAttack,0
UNIT_PIKEMEN,7,kv,Firepower,2
UNIT_PIKEMEN,8,kv,Armor,1
UNIT_PIKEMEN,9,kv,MaxHP,17
UNIT_PIKEMEN,10,kv,ShieldCost,900
UNIT_PIKEMEN,11,kv,PowerPoints,400
UNIT_PIKEMEN,12,kv,ShieldHunger,4
UNIT_PIKEMEN,13,kv,FoodHunger,0
UNIT_PIKEMEN,14,kv,MaxMovePoints,100
UNIT_PIKEMEN,15,kv,VisionRange,1
UNIT_PIKEMEN,16,kv,EnableAdvance,ADVANCE_SONG
UNIT_PIKEMEN,17,kv,ActiveDefenseRange,0
UNIT_PIKEMEN,18,flag,LossMoveToDmgNone,
UNIT_PIKEMEN,19,kv,MaxFuel,0
UNIT_PIKEMEN,20,flag,CanEntrench,
UNIT_PIKEMEN,21,flag,NoZoc,
UNIT_PIKEMEN,22,flag,CanExpel,
UNIT_PIKEMEN,23,flag,CanPillage,
UNIT_PIKEMEN,24,flag,CanPirate,
UNIT_PIKEMEN,25,flag,ExertsMartialLaw,
UNIT_PIKEMEN,26,flag,DeathEffectsHappy,
UNIT_PIKEMEN,27,flag,BonusAgainstMounted,
UNIT_PIKEMEN,28,kv,MountedBonus,0.25
UNIT_PIKEMEN,29,flag,OnlyBuildOne,
UNIT_PIKEMEN,30,kv,SoundSelect1,SOUND_SELECT1_PIKEMEN
UNIT_PIKEMEN,31,kv,SoundSelect2,SOUND_SELECT2_PIKEMEN
UNIT_PIKEMEN,32,kv,SoundMove,SOUND_MOVE_PIKEMEN
UNIT_PIKEMEN,33,kv,SoundAcknowledge,SOUND_ACKNOWLEDGE_PIKEMEN
UNIT_PIKEMEN,34,kv,SoundCantMove,SOUND_CANTMOVE_PIKEMEN
UNIT_PIKEMEN,35,kv,SoundAttack,SOUND_ATTACK_PIKEMEN
UNIT_PIKEMEN,36,kv,SoundWork,SOUND_WORK_PIKEMEN
UNIT_PIKEMEN,37,kv,SoundVictory,SOUND_VICTORY_PIKEMEN
UNIT_PIKEMEN,38,kv,SoundDeath,SOUND_DEATH_PIKEMEN
UNIT_PIKEMEN,39,sublist,CanAttack,Land
UNIT_PIKEMEN,40,sublist,CanAttack,Mountain
UNIT_PIKEMEN,41,sublist,CanSee,Standard
UNIT_PIKEMEN,42,sublist,MovementType,Land
UNIT_PIKEMEN,43,sublist,MovementType,Mountain
UNIT_PIKEMEN,44,sublist,Size,Small
UNIT_PIKEMEN,45,sublist,VisionClass,Standard
UNIT_PIKEMEN,46,nested,CanReform,"[{""t"": ""kv"", ""k"": ""Sound"", ""v"": ""SOUND_ID_REFORM_CITY""}, {""t"": ""kv"", ""k"": ""Effect"", ""v"": ""SPECEFFECT_REFORMCITY""}]"
UNIT_PIKEMEN_ELITE,0,flag,CantBuild,
UNIT_PIKEMEN_ELITE,1,kv,Description,DESCRIPTION_UNIT_PIKEMEN
UNIT_PIKEMEN_ELITE,2,kv,DefaultIcon,ICON_UNIT_PIKEMEN_ELITE
UNIT_PIKEMEN_ELITE,3,kv,DefaultSprite,SPRITE_PIKEMEN_ELITE
UNIT_PIKEMEN_ELITE,4,kv,Category,UNIT_CATEGORY_ATTACK
UNIT_PIKEMEN_ELITE,5,kv,Attack,40
UNIT_PIKEMEN_ELITE,6,kv,Defense,45
UNIT_PIKEMEN_ELITE,7,kv,ZBRangeAttack,0
UNIT_PIKEMEN_ELITE,8,kv,Firepower,2
UNIT_PIKEMEN_ELITE,9,kv,Armor,1
UNIT_PIKEMEN_ELITE,10,kv,MaxHP,19
UNIT_PIKEMEN_ELITE,11,kv,ShieldCost,900
UNIT_PIKEMEN_ELITE,12,kv,PowerPoints,400
UNIT_PIKEMEN_ELITE,13,kv,ShieldHunger,4
UNIT_PIKEMEN_ELITE,14,kv,FoodHunger,0
UNIT_PIKEMEN_ELITE,15,kv,MaxMovePoints,200
UNIT_PIKEMEN_ELITE,16,kv,VisionRange,1
UNIT_PIKEMEN_ELITE,17,kv,EnableAdvance,ADVANCE_HEXTAPUL
UNIT_PIKEMEN_ELITE,18,kv,ActiveDefenseRange,0
UNIT_PIKEMEN_ELITE,19,flag,LossMoveToDmgNone,
UNIT_PIKEMEN_ELITE,20,kv,MaxFuel,0
UNIT_PIKEMEN_ELITE,21,flag,CanEntrench,
UNIT_PIKEMEN_ELITE,22,flag,CanExpel,
UNIT_PIKEMEN_ELITE,23,flag,NoZoc,
UNIT_PIKEMEN_ELITE,24,flag,CanPillage,
UNIT_PIKEMEN_ELITE,25,flag,CanPirate,
UNIT_PIKEMEN_ELITE,26,flag,ExertsMartialLaw,
UNIT_PIKEMEN_ELITE,27,flag,DeathEffectsHappy,
UNIT_PIKEMEN_ELITE,28,flag,BonusAgainstMounted,
UNIT_PIKEMEN_ELITE,29,kv,MountedBonus,0.35
UNIT_PIKEMEN_ELITE,30,flag,OnlyBuildOne,
UNIT_PIKEMEN_ELITE,31,kv,SoundSelect1,SOUND_SELECT1_PIKEMEN
UNIT_PIKEMEN_ELITE,32,kv,SoundSelect2,SOUND_SELECT2_PIKEMEN
UNIT_PIKEMEN_ELITE,33,kv,SoundMove,SOUND_MOVE_PIKEMEN
UNIT_PIKEMEN_ELITE,34,kv,SoundAcknowledge,SOUND_ACKNOWLEDGE_PIKEMEN
UNIT_PIKEMEN_ELITE,35,kv,SoundCantMove,SOUND_CANTMOVE_PIKEMEN
UNIT_PIKEMEN_ELITE,36,kv,SoundAttack,SOUND_ATTACK_PIKEMEN
UNIT_PIKEMEN_ELITE,37,kv,SoundWork,SOUND_WORK_PIKEMEN
UNIT_PIKEMEN_ELITE,38,kv,SoundVictory,SOUND_VICTORY_PIKEMEN
UNIT_PIKEMEN_ELITE,39,kv,SoundDeath,SOUND_DEATH_PIKEMEN
UNIT_PIKEMEN_ELITE,40,sublist,CanAttack,Land
UNIT_PIKEMEN_ELITE,41,sublist,CanAttack,Mountain
UNIT_PIKEMEN_ELITE,42,sublist,CanSee,Standard
UNIT_PIKEMEN_ELITE,43,sublist,MovementType,Land
UNIT_PIKEMEN_ELITE,44,sublist,MovementType,Mountain
UNIT_PIKEMEN_ELITE,45,sublist,Size,Small
UNIT_PIKEMEN_ELITE,46,sublist,VisionClass,Standard
UNIT_PIKEMEN_ELITE,47,nested,CanReform,"[{""t"": ""kv"", ""k"": ""Sound"", ""v"": ""SOUND_ID_REFORM_CITY""}, {""t"": ""kv"", ""k"": ""Effect"", ""v"": ""SPECEFFECT_REFORMCITY""}]"
UNIT_PLASMA_DESTROYER,0,flag,CantBuild,
UNIT_PLASMA_DESTROYER,1,flag,GLHidden,
UNIT_PLASMA_DESTROYER,2,kv,Description,DESCRIPTION_UNIT_PLASMA_DESTROYER
UNIT_PLASMA_DESTROYER,3,kv,DefaultIcon,ICON_UNIT_PLASMA_DESTROYER
UNIT_PLASMA_DESTROYER,4,kv,DefaultSprite,SPRITE_PLASMA_DESTROYER
UNIT_PLASMA_DESTROYER,5,kv,Category,UNIT_CATEGORY_NAVAL
UNIT_PLASMA_DESTROYER,6,kv,Attack,80
UNIT_PLASMA_DESTROYER,7,kv,Defense,60
UNIT_PLASMA_DESTROYER,8,kv,ZBRangeAttack,70
UNIT_PLASMA_DESTROYER,9,kv,Firepower,4
UNIT_PLASMA_DESTROYER,10,kv,Armor,5
UNIT_PLASMA_DESTROYER,11,kv,MaxHP,25
UNIT_PLASMA_DESTROYER,12,kv,ShieldCost,5200
UNIT_PLASMA_DESTROYER,13,kv,PowerPoints,6000
UNIT_PLASMA_DESTROYER,14,kv,ShieldHunger,52
UNIT_PLASMA_DESTROYER,15,kv,FoodHunger,0
UNIT_PLASMA_DESTROYER,16,kv,MaxMovePoints,2000
UNIT_PLASMA_DESTROYER,17,kv,VisionRange,4
UNIT_PLASMA_DESTROYER,18,kv,EnableAdvance,ADVANCE_HEXTAPUL
UNIT_PLASMA_DESTROYER,19,kv,BombRounds,5
UNIT_PLASMA_DESTROYER,20,kv,BombardRange,1
UNIT_PLASMA_DESTROYER,21,flag,CanCounterBombard,
UNIT_PLASMA_DESTROYER,22,kv,ActiveDefenseRange,1
UNIT_PLASMA_DESTROYER,23,flag,LossMoveToDmgNone,
UNIT_PLASMA_DESTROYER,24,kv,MaxFuel,0
UNIT_PLASMA_DESTROYER,25,flag,CanExpel,
UNIT_PLASMA_DESTROYER,26,flag,NoZoc,
UNIT_PLASMA_DESTROYER,27,flag,CanPillage,
UNIT_PLASMA_DESTROYER,28,flag,CanPirate,
UNIT_PLASMA_DESTROYER,29,flag,ExertsMartialLaw,
UNIT_PLASMA_DESTROYER,30,flag,DeathEffectsHappy,
UNIT_PLASMA_DESTROYER,31,flag,Explodes,
UNIT_PLASMA_DESTROYER,32,flag,OnlyBuildOne,
UNIT_PLASMA_DESTROYER,33,kv,SoundSelect1,SOUND_SELECT1_PLASMA_DESTROYER
UNIT_PLASMA_DESTROYER,34,kv,SoundSelect2,SOUND_SELECT2_PLASMA_DESTROYER
UNIT_PLASMA_DESTROYER,35,kv,SoundMove,SOUND_MOVE_PLASMA_DESTROYER
UNIT_PLASMA_DESTROYER,36,kv,SoundAcknowledge,SOUND_ACKNOWLEDGE_PLASMA_DESTROYER
UNIT_PLASMA_DESTROYER,37,kv,SoundCantMove,SOUND_CANTMOVE_PLASMA_DESTROYER
UNIT_PLASMA_DESTROYER,38,kv,SoundAttack,SOUND_ATTACK_PLASMA_DESTROYER
UNIT_PLASMA_DESTROYER,39,kv,SoundWork,SOUND_WORK_PLASMA_DESTROYER
UNIT_PLASMA_DESTROYER,40,kv,SoundVictory,SOUND_VICTORY_PLASMA_DESTROYER
UNIT_PLASMA_DESTROYER,41,kv,SoundDeath,SOUND_DEATH_PLASMA_DESTROYER
UNIT_PLASMA_DESTROYER,42,sublist,CanAttack,Air
UNIT_PLASMA_DESTROYER,43,sublist,CanAttack,Sea
UNIT_PLASMA_DESTROYER,44,sublist,CanAttack,Underwater
UNIT_PLASMA_DESTROYER,45,sublist,CanAttack,ShallowWater
UNIT_PLASMA_DESTROYER,46,sublist,CanBombard,Land
UNIT_PLASMA_DESTROYER,47,sublist,CanBombard,Mountain
UNIT_PLASMA_DESTROYER,48,sublist,CanBombard,Water
UNIT_PLASMA_DESTROYER,49,sublist,CanBombard,Air
UNIT_PLASMA_DESTROYER,50,sublist,CanSee,Standard
UNIT_PLASMA_DESTROYER,51,sublist,CanSee,Underwater
UNIT_PLASMA_DESTROYER,52,sublist,Defend,Air
UNIT_PLASMA_DESTROYER,53,sublist,MovementType,Sea
UNIT_PLASMA_DESTROYER,54,sublist,MovementType,ShallowWater
UNIT_PLASMA_DESTROYER,55,sublist,Size,Large
UNIT_PLASMA_DESTROYER,56,sublist,VisionClass,Standard
UNIT_PLASMA_DESTROYER,57,nested,CanReform,"[{""t"": ""kv"", ""k"": ""Sound"", ""v"": ""SOUND_ID_REFORM_CITY""}, {""t"": ""kv"", ""k"": ""Effect"", ""v"": ""SPECEFFECT_REFORMCITY""}]"
UNIT_PLUNDER,0,flag,CantBuild,
UNIT_PLUNDER,1,kv,Description,DESCRIPTION_UNIT_WARRIOR
UNIT_PLUNDER,2,kv,DefaultIcon,ICON_UNIT_PLUNDER
UNIT_PLUNDER,3,kv,DefaultSprite,SPRITE_PLUNDER
UNIT_PLUNDER,4,kv,Category,UNIT_CATEGORY_SPECIAL
UNIT_PLUNDER,5,kv,Attack,0
UNIT_PLUNDER,6,kv,Defense,0
UNIT_PLUNDER,7,kv,ZBRangeAttack,0
UNIT_PLUNDER,8,kv,Firepower,1
UNIT_PLUNDER,9,kv,Armor,1
UNIT_PLUNDER,10,kv,MaxHP,5
UNIT_PLUNDER,11,kv,ShieldCost,500
UNIT_PLUNDER,12,kv,PowerPoints,100
UNIT_PLUNDER,13,kv,ShieldHunger,1
UNIT_PLUNDER,14,kv,FoodHunger,0
UNIT_PLUNDER,15,kv,MaxMovePoints,100
UNIT_PLUNDER,16,kv,VisionRange,1
UNIT_PLUNDER,17,kv,EnableAdvance,ADVANCE_HEXTAPUL
UNIT_PLUNDER,18,kv,ActiveDefenseRange,0
UNIT_PLUNDER,19,flag,LossMoveToDmgNone,
UNIT_PLUNDER,20,kv,MaxFuel,0
UNIT_PLUNDER,21,flag,CanEntrench,
UNIT_PLUNDER,22,flag,NoZoc,
UNIT_PLUNDER,23,flag,CanExpel,
UNIT_PLUNDER,24,flag,CanPillage,
UNIT_PLUNDER,25,flag,CanPirate,
UNIT_PLUNDER,26,flag,ExertsMartialLaw,
UNIT_PLUNDER,27,flag,DeathEffectsHappy,
UNIT_PLUNDER,28,flag,OnlyBuildOne,
UNIT_PLUNDER,29,kv,SoundSelect1,SOUND_SELECT1_PIKEMEN
UNIT_PLUNDER,30,kv,SoundSelect2,SOUND_SELECT2_PIKEMEN
UNIT_PLUNDER,31,kv,SoundMove,SOUND_MOVE_PIKEMEN
UNIT_PLUNDER,32,kv,SoundAcknowledge,SOUND_ACKNOWLEDGE_PIKEMEN
UNIT_PLUNDER,33,kv,SoundCantMove,SOUND_CANTMOVE_PIKEMEN
UNIT_PLUNDER,34,kv,SoundAttack,SOUND_ATTACK_PIKEMEN
UNIT_PLUNDER,35,kv,SoundWork,SOUND_WORK_PIKEMEN
UNIT_PLUNDER,36,kv,SoundVictory,SOUND_VICTORY_PIKEMEN
UNIT_PLUNDER,37,kv,SoundDeath,SOUND_DEATH_PIKEMEN
UNIT_PLUNDER,38,sublist,CanAttack,Land
UNIT_PLUNDER,39,sublist,CanAttack,Mountain
UNIT_PLUNDER,40,sublist,CanSee,Standard
UNIT_PLUNDER,41,sublist,MovementType,Land
UNIT_PLUNDER,42,sublist,MovementType,Mountain
UNIT_PLUNDER,43,sublist,Size,Medium
UNIT_PLUNDER,44,sublist,VisionClass,Standard
UNIT_PLUNDER_II,0,flag,CantBuild,
UNIT_PLUNDER_II,1,kv,Description,DESCRIPTION_UNIT_WARRIOR
UNIT_PLUNDER_II,2,kv,DefaultIcon,ICON_UNIT_PLUNDER_II
UNIT_PLUNDER_II,3,kv,DefaultSprite,SPRITE_PLUNDER_II
UNIT_PLUNDER_II,4,kv,Category,UNIT_CATEGORY_SPECIAL
UNIT_PLUNDER_II,5,kv,Attack,0
UNIT_PLUNDER_II,6,kv,Defense,5
UNIT_PLUNDER_II,7,kv,ZBRangeAttack,0
UNIT_PLUNDER_II,8,kv,Firepower,1
UNIT_PLUNDER_II,9,kv,Armor,1
UNIT_PLUNDER_II,10,kv,MaxHP,5
UNIT_PLUNDER_II,11,kv,ShieldCost,1000
UNIT_PLUNDER_II,12,kv,PowerPoints,100
UNIT_PLUNDER_II,13,kv,ShieldHunger,2
UNIT_PLUNDER_II,14,kv,FoodHunger,0
UNIT_PLUNDER_II,15,kv,MaxMovePoints,100
UNIT_PLUNDER_II,16,kv,VisionRange,1
UNIT_PLUNDER_II,17,kv,EnableAdvance,ADVANCE_HEXTAPUL
UNIT_PLUNDER_II,18,kv,ActiveDefenseRange,0
UNIT_PLUNDER_II,19,flag,LossMoveToDmgNone,
UNIT_PLUNDER_II,20,kv,MaxFuel,0
UNIT_PLUNDER_II,21,flag,CanEntrench,
UNIT_PLUNDER_II,22,flag,NoZoc,
UNIT_PLUNDER_II,23,flag,CanExpel,
UNIT_PLUNDER_II,24,flag,CanPillage,
UNIT_PLUNDER_II,25,flag,CanPirate,
UNIT_PLUNDER_II,26,flag,ExertsMartialLaw,
UNIT_PLUNDER_II,27,flag,DeathEffectsHappy,
UNIT_PLUNDER_II,28,flag,OnlyBuildOne,
UNIT_PLUNDER_II,29,kv,SoundSelect1,SOUND_SELECT1_PIKEMEN
UNIT_PLUNDER_II,30,kv,SoundSelect2,SOUND_SELECT2_PIKEMEN
UNIT_PLUNDER_II,31,kv,SoundMove,SOUND_MOVE_PIKEMEN
UNIT_PLUNDER_II,32,kv,SoundAcknowledge,SOUND_ACKNOWLEDGE_PIKEMEN
UNIT_PLUNDER_II,33,kv,SoundCantMove,SOUND_CANTMOVE_PIKEMEN
UNIT_PLUNDER_II,34,kv,SoundAttack,SOUND_ATTACK_PIKEMEN
UNIT_PLUNDER_II,35,kv,SoundWork,SOUND_WORK_PIKEMEN
UNIT_PLUNDER_II,36,kv,SoundVictory,SOUND_VICTORY_PIKEMEN
UNIT_PLUNDER_II,37,kv,SoundDeath,SOUND_DEATH_PIKEMEN
UNIT_PLUNDER_II,38,sublist,CanAttack,Land
UNIT_PLUNDER_II,39,sublist,CanAttack,Mountain
UNIT_PLUNDER_II,40,sublist,CanSee,Standard
UNIT_PLUNDER_II,41,sublist,MovementType,Land
UNIT_PLUNDER_II,42,sublist,MovementType,Mountain
UNIT_PLUNDER_II,43,sublist,Size,Medium
UNIT_PLUNDER_II,44,sublist,VisionClass,Standard
UNIT_PLUNDER_III,0,flag,CantBuild,
UNIT_PLUNDER_III,1,kv,Description,DESCRIPTION_UNIT_WARRIOR
UNIT_PLUNDER_III,2,kv,DefaultIcon,ICON_UNIT_PLUNDER_III
UNIT_PLUNDER_III,3,kv,DefaultSprite,SPRITE_PLUNDER_III
UNIT_PLUNDER_III,4,kv,Category,UNIT_CATEGORY_SPECIAL
UNIT_PLUNDER_III,5,kv,Attack,0
UNIT_PLUNDER_III,6,kv,Defense,5
UNIT_PLUNDER_III,7,kv,ZBRangeAttack,0
UNIT_PLUNDER_III,8,kv,Firepower,1
UNIT_PLUNDER_III,9,kv,Armor,1
UNIT_PLUNDER_III,10,kv,MaxHP,5
UNIT_PLUNDER_III,11,kv,ShieldCost,1500
UNIT_PLUNDER_III,12,kv,PowerPoints,100
UNIT_PLUNDER_III,13,kv,ShieldHunger,3
UNIT_PLUNDER_III,14,kv,FoodHunger,0
UNIT_PLUNDER_III,15,kv,MaxMovePoints,100
UNIT_PLUNDER_III,16,kv,VisionRange,1
UNIT_PLUNDER_III,17,kv,EnableAdvance,ADVANCE_HEXTAPUL
UNIT_PLUNDER_III,18,kv,ActiveDefenseRange,0
UNIT_PLUNDER_III,19,flag,LossMoveToDmgNone,
UNIT_PLUNDER_III,20,kv,MaxFuel,0
UNIT_PLUNDER_III,21,flag,CanEntrench,
UNIT_PLUNDER_III,22,flag,NoZoc,
UNIT_PLUNDER_III,23,flag,CanExpel,
UNIT_PLUNDER_III,24,flag,CanPillage,
UNIT_PLUNDER_III,25,flag,CanPirate,
UNIT_PLUNDER_III,26,flag,ExertsMartialLaw,
UNIT_PLUNDER_III,27,flag,DeathEffectsHappy,
UNIT_PLUNDER_III,28,flag,OnlyBuildOne,
UNIT_PLUNDER_III,29,kv,SoundSelect1,SOUND_SELECT1_PIKEMEN
UNIT_PLUNDER_III,30,kv,SoundSelect2,SOUND_SELECT2_PIKEMEN
UNIT_PLUNDER_III,31,kv,SoundMove,SOUND_MOVE_PIKEMEN
UNIT_PLUNDER_III,32,kv,SoundAcknowledge,SOUND_ACKNOWLEDGE_PIKEMEN
UNIT_PLUNDER_III,33,kv,SoundCantMove,SOUND_CANTMOVE_PIKEMEN
UNIT_PLUNDER_III,34,kv,SoundAttack,SOUND_ATTACK_PIKEMEN
UNIT_PLUNDER_III,35,kv,SoundWork,SOUND_WORK_PIKEMEN
UNIT_PLUNDER_III,36,kv,SoundVictory,SOUND_VICTORY_PIKEMEN
UNIT_PLUNDER_III,37,kv,SoundDeath,SOUND_DEATH_PIKEMEN
UNIT_PLUNDER_III,38,sublist,CanAttack,Land
UNIT_PLUNDER_III,39,sublist,CanAttack,Mountain
UNIT_PLUNDER_III,40,sublist,CanSee,Standard
UNIT_PLUNDER_III,41,sublist,MovementType,Land
UNIT_PLUNDER_III,42,sublist,MovementType,Mountain
UNIT_PLUNDER_III,43,sublist,Size,Medium
UNIT_PLUNDER_III,44,sublist,VisionClass,Standard
UNIT_PLUNDER_IV,0,flag,CantBuild,
UNIT_PLUNDER_IV,1,kv,Description,DESCRIPTION_UNIT_WARRIOR
UNIT_PLUNDER_IV,2,kv,DefaultIcon,ICON_UNIT_PLUNDER_IV
UNIT_PLUNDER_IV,3,kv,DefaultSprite,SPRITE_PLUNDER_IV
UNIT_PLUNDER_IV,4,kv,Category,UNIT_CATEGORY_SPECIAL
UNIT_PLUNDER_IV,5,kv,Attack,0
UNIT_PLUNDER_IV,6,kv,Defense,5
UNIT_PLUNDER_IV,7,kv,ZBRangeAttack,0
UNIT_PLUNDER_IV,8,kv,Firepower,1
UNIT_PLUNDER_IV,9,kv,Armor,1
UNIT_PLUNDER_IV,10,kv,MaxHP,5
UNIT_PLUNDER_IV,11,kv,ShieldCost,2000
UNIT_PLUNDER_IV,12,kv,PowerPoints,100
UNIT_PLUNDER_IV,13,kv,ShieldHunger,4
UNIT_PLUNDER_IV,14,kv,FoodHunger,0
UNIT_PLUNDER_IV,15,kv,MaxMovePoints,100
UNIT_PLUNDER_IV,16,kv,VisionRange,1
UNIT_PLUNDER_IV,17,kv,EnableAdvance,ADVANCE_HEXTAPUL
UNIT_PLUNDER_IV,18,kv,ActiveDefenseRange,0
UNIT_PLUNDER_IV,19,flag,LossMoveToDmgNone,
UNIT_PLUNDER_IV,20,kv,MaxFuel,0
UNIT_PLUNDER_IV,21,flag,CanEntrench,
UNIT_PLUNDER_IV,22,flag,NoZoc,
UNIT_PLUNDER_IV,23,flag,CanExpel,
UNIT_PLUNDER_IV,24,flag,CanPillage,
UNIT_PLUNDER_IV,25,flag,CanPirate,
UNIT_PLUNDER_IV,26,flag,ExertsMartialLaw,
UNIT_PLUNDER_IV,27,flag,DeathEffectsHappy,
UNIT_PLUNDER_IV,28,flag,OnlyBuildOne,
UNIT_PLUNDER_IV,29,kv,SoundSelect1,SOUND_SELECT1_PIKEMEN
UNIT_PLUNDER_IV,30,kv,SoundSelect2,SOUND_SELECT2_PIKEMEN
UNIT_PLUNDER_IV,31,kv,SoundMove,SOUND_MOVE_PIKEMEN
UNIT_PLUNDER_IV,32,kv,SoundAcknowledge,SOUND_ACKNOWLEDGE_PIKEMEN
UNIT_PLUNDER_IV,33,kv,SoundCantMove,SOUND_CANTMOVE_PIKEMEN
UNIT_PLUNDER_IV,34,kv,SoundAttack,SOUND_ATTACK_PIKEMEN
UNIT_PLUNDER_IV,35,kv,SoundWork,SOUND_WORK_PIKEMEN
UNIT_PLUNDER_IV,36,kv,SoundVictory,SOUND_VICTORY_PIKEMEN
UNIT_PLUNDER_IV,37,kv,SoundDeath,SOUND_DEATH_PIKEMEN
UNIT_PLUNDER_IV,38,sublist,CanAttack,Land
UNIT_PLUNDER_IV,39,sublist,CanAttack,Mountain
UNIT_PLUNDER_IV,40,sublist,CanSee,Standard
UNIT_PLUNDER_IV,41,sublist,MovementType,Land
UNIT_PLUNDER_IV,42,sublist,MovementType,Mountain
UNIT_PLUNDER_IV,43,sublist,Size,Medium
UNIT_PLUNDER_IV,44,sublist,VisionClass,Standard
UNIT_PRAETORIANS,0,flag,CantBuild,
UNIT_PRAETORIANS,1,flag,GLHidden,
UNIT_PRAETORIANS,2,kv,Description,DESCRIPTION_UNIT_KNIGHT
UNIT_PRAETORIANS,3,kv,DefaultIcon,ICON_UNIT_PRAETORIANS
UNIT_PRAETORIANS,4,kv,DefaultSprite,SPRITE_PRAETORIANS
UNIT_PRAETORIANS,5,kv,Category,UNIT_CATEGORY_DEFENSE
UNIT_PRAETORIANS,6,kv,Attack,35
UNIT_PRAETORIANS,7,kv,Defense,40
UNIT_PRAETORIANS,8,kv,ZBRangeAttack,0
UNIT_PRAETORIANS,9,kv,Firepower,2
UNIT_PRAETORIANS,10,kv,Armor,1
UNIT_PRAETORIANS,11,kv,MaxHP,17
UNIT_PRAETORIANS,12,kv,ShieldCost,900
UNIT_PRAETORIANS,13,kv,PowerPoints,400
UNIT_PRAETORIANS,14,kv,ShieldHunger,7
UNIT_PRAETORIANS,15,kv,FoodHunger,0
UNIT_PRAETORIANS,16,kv,MaxMovePoints,100
UNIT_PRAETORIANS,17,kv,VisionRange,1
UNIT_PRAETORIANS,18,kv,EnableAdvance,ADVANCE_HEXTAPUL
UNIT_PRAETORIANS,19,kv,ActiveDefenseRange,0
UNIT_PRAETORIANS,20,flag,LossMoveToDmgNone,
UNIT_PRAETORIANS,21,kv,MaxFuel,0
UNIT_PRAETORIANS,22,flag,CanEntrench,
UNIT_PRAETORIANS,23,flag,NoZoc,
UNIT_PRAETORIANS,24,flag,CanExpel,
UNIT_PRAETORIANS,25,flag,CanPillage,
UNIT_PRAETORIANS,26,flag,CanPirate,
UNIT_PRAETORIANS,27,flag,ExertsMartialLaw,
UNIT_PRAETORIANS,28,flag,DeathEffectsHappy,
UNIT_PRAETORIANS,29,flag,BonusAgainstMounted,
UNIT_PRAETORIANS,30,kv,MountedBonus,0.25
UNIT_PRAETORIANS,31,flag,OnlyBuildOne,
UNIT_PRAETORIANS,32,kv,SoundSelect1,SOUND_SELECT1_PIKEMEN
UNIT_PRAETORIANS,33,kv,SoundSelect2,SOUND_SELECT2_PIKEMEN
UNIT_PRAETORIANS,34,kv,SoundMove,SOUND_MOVE_PIKEMEN
UNIT_PRAETORIANS,35,kv,SoundAcknowledge,SOUND_ACKNOWLEDGE_PIKEMEN
UNIT_PRAETORIANS,36,kv,SoundCantMove,SOUND_CANTMOVE_PIKEMEN
UNIT_PRAETORIANS,37,kv,SoundAttack,SOUND_ATTACK_PIKEMEN
UNIT_PRAETORIANS,38,kv,SoundWork,SOUND_WORK_PIKEMEN
UNIT_PRAETORIANS,39,kv,SoundVictory,SOUND_VICTORY_PIKEMEN
UNIT_PRAETORIANS,40,kv,SoundDeath,SOUND_DEATH_PIKEMEN
UNIT_PRAETORIANS,41,sublist,CanAttack,Land
UNIT_PRAETORIANS,42,sublist,CanAttack,Mountain
UNIT_PRAETORIANS,43,sublist,CanSee,Standard
UNIT_PRAETORIANS,44,sublist,MovementType,Land
UNIT_PRAETORIANS,45,sublist,MovementType,Mountain
UNIT_PRAETORIANS,46,sublist,Size,Small
UNIT_PRAETORIANS,47,sublist,VisionClass,Standard
UNIT_PRAETORIANS,48,nested,CanReform,"[{""t"": ""kv"", ""k"": ""Sound"", ""v"": ""SOUND_ID_REFORM_CITY""}, {""t"": ""kv"", ""k"": ""Effect"", ""v"": ""SPECEFFECT_REFORMCITY""}]"
UNIT_PROPHET,0,flag,CantBuild,
UNIT_PROPHET,1,flag,GLHidden,
UNIT_PROPHET,2,kv,Description,DESCRIPTION_UNIT_CLERIC
UNIT_PROPHET,3,kv,DefaultIcon,ICON_UNIT_PROPHET
UNIT_PROPHET,4,kv,DefaultSprite,SPRITE_PROPHET
UNIT_PROPHET,5,kv,Category,UNIT_CATEGORY_SPECIAL
UNIT_PROPHET,6,kv,Attack,0
UNIT_PROPHET,7,kv,Defense,5
UNIT_PROPHET,8,kv,ZBRangeAttack,0
UNIT_PROPHET,9,kv,Firepower,1
UNIT_PROPHET,10,kv,Armor,1
UNIT_PROPHET,11,kv,MaxHP,10
UNIT_PROPHET,12,kv,ShieldCost,500
UNIT_PROPHET,13,kv,PowerPoints,200
UNIT_PROPHET,14,kv,ShieldHunger,5
UNIT_PROPHET,15,kv,FoodHunger,0
UNIT_PROPHET,16,kv,MaxMovePoints,200
UNIT_PROPHET,17,kv,VisionRange,1
UNIT_PROPHET,18,kv,EnableAdvance,ADVANCE_HEXTAPUL
UNIT_PROPHET,19,kv,ActiveDefenseRange,0
UNIT_PROPHET,20,flag,LossMoveToDmgNone,
UNIT_PROPHET,21,kv,MaxFuel,0
UNIT_PROPHET,22,flag,CanEntrench,
UNIT_PROPHET,23,flag,IgnoreZOC,
UNIT_PROPHET,24,flag,NoZoc,
UNIT_PROPHET,25,flag,CanBeExpelled,
UNIT_PROPHET,26,flag,CanBeSued,
UNIT_PROPHET,27,flag,CantCaptureCity,
UNIT_PROPHET,28,flag,DeathEffectsHappy,
UNIT_PROPHET,29,flag,IsSpecialForces,
UNIT_PROPHET,30,flag,Civilian,
UNIT_PROPHET,31,flag,OnlyBuildOne,
UNIT_PROPHET,32,kv,SoundSelect1,SOUND_SELECT1_CLERIC
UNIT_PROPHET,33,kv,SoundSelect2,SOUND_SELECT2_CLERIC
UNIT_PROPHET,34,kv,SoundMove,SOUND_MOVE_CLERIC
UNIT_PROPHET,35,kv,SoundAcknowledge,SOUND_ACKNOWLEDGE_CLERIC
UNIT_PROPHET,36,kv,SoundCantMove,SOUND_CANTMOVE_CLERIC
UNIT_PROPHET,37,kv,SoundAttack,SOUND_ATTACK_CLERIC
UNIT_PROPHET,38,kv,SoundWork,SOUND_WORK_CLERIC
UNIT_PROPHET,39,kv,SoundVictory,SOUND_VICTORY_CLERIC
UNIT_PROPHET,40,kv,SoundDeath,SOUND_DEATH_CLERIC
UNIT_PROPHET,41,sublist,CanSee,Standard
UNIT_PROPHET,42,sublist,CanSee,Stealth
UNIT_PROPHET,43,sublist,MovementType,Land
UNIT_PROPHET,44,sublist,MovementType,Mountain
UNIT_PROPHET,45,sublist,Size,Small
UNIT_PROPHET,46,sublist,VisionClass,Stealth
UNIT_PROPHET,47,nested,InciteRevolution,"[{""t"": ""kv"", ""k"": ""Chance"", ""v"": ""0.2""}, {""t"": ""kv"", ""k"": ""EliteChance"", ""v"": ""0.3""}, {""t"": ""kv"", ""k"": ""DeathChance"", ""v"": ""0.4""}, {""t"": ""kv"", ""k"": ""Sound"", ""v"": ""SOUND_ID_INCITE_REVOLUTION_SP""}, {""t"": ""kv"", ""k"": ""Effect"", ""v"": ""SPECEFFECT_INCITE_REVOLUTION""}]"
UNIT_PROPHET,48,nested,CanSoothsay,"[{""t"": ""kv"", ""k"": ""Sound"", ""v"": ""SOUND_ID_CONVERT_CITIES_CL""}, {""t"": ""kv"", ""k"": ""Effect"", ""v"": ""SPECEFFECT_CONVERT_CITIES""}]"
UNIT_PROPHET,49,nested,CauseUnhappiness,"[{""t"": ""kv"", ""k"": ""Chance"", ""v"": ""1""}, {""t"": ""kv"", ""k"": ""Timer"", ""v"": ""1""}, {""t"": ""kv"", ""k"": ""Amount"", ""v"": ""2""}, {""t"": ""kv"", ""k"": ""Sound"", ""v"": ""SOUND_ID_CONVERT_CITIES_CL""}, {""t"": ""kv"", ""k"": ""Effect"", ""v"": ""SPECEFFECT_CONVERT_CITIES""}]"
UNIT_PROPHET,50,nested,ConvertCities,"[{""t"": ""kv"", ""k"": ""Chance"", ""v"": ""0.3""}, {""t"": ""kv"", ""k"": ""DeathChance"", ""v"": ""0.5""}, {""t"": ""kv"", ""k"": ""Sound"", ""v"": ""SOUND_ID_CONVERT_CITIES_CL""}, {""t"": ""kv"", ""k"": ""Effect"", ""v"": ""SPECEFFECT_CONVERT_CITIES""}]"
UNIT_PROPHET,51,nested,IndulgenceSales,"[{""t"": ""kv"", ""k"": ""Sound"", ""v"": ""SOUND_ID_CONVERT_CITIES_CL""}, {""t"": ""kv"", ""k"": ""Effect"", ""v"": ""SPECEFFECT_CONVERT_CITIES""}]"
UNIT_RAIDER,0,kv,Description,DESCRIPTION_UNIT_MOUNTED_ARCHER
UNIT_RAIDER,1,kv,DefaultIcon,ICON_UNIT_RAIDER
UNIT_RAIDER,2,kv,DefaultSprite,SPRITE_RAIDER
UNIT_RAIDER,3,kv,Category,UNIT_CATEGORY_RANGED
UNIT_RAIDER,4,kv,Attack,20
UNIT_RAIDER,5,kv,Defense,20
UNIT_RAIDER,6,kv,ZBRangeAttack,20
UNIT_RAIDER,7,kv,Firepower,1
UNIT_RAIDER,8,kv,Armor,1
UNIT_RAIDER,9,kv,MaxHP,12
UNIT_RAIDER,10,kv,ShieldCost,650
UNIT_RAIDER,11,kv,PowerPoints,200
UNIT_RAIDER,12,kv,ShieldHunger,4
UNIT_RAIDER,13,kv,FoodHunger,0
UNIT_RAIDER,14,kv,MaxMovePoints,400
UNIT_RAIDER,15,kv,VisionRange,3
UNIT_RAIDER,16,kv,EnableAdvance,ADVANCE_MONGOLIA
UNIT_RAIDER,17,kv,BombRounds,3
UNIT_RAIDER,18,kv,BombardRange,1
UNIT_RAIDER,19,flag,CanCounterBombard,
UNIT_RAIDER,20,kv,ActiveDefenseRange,0
UNIT_RAIDER,21,flag,LossMoveToDmgNone,
UNIT_RAIDER,22,kv,MaxFuel,0
UNIT_RAIDER,23,flag,CanEntrench,
UNIT_RAIDER,24,flag,NoZoc,
UNIT_RAIDER,25,flag,CanExpel,
UNIT_RAIDER,26,flag,CanPillage,
UNIT_RAIDER,27,flag,CanPirate,
UNIT_RAIDER,28,flag,BonusAgainstMounted,
UNIT_RAIDER,29,kv,MountedBonus,0.10
UNIT_RAIDER,30,flag,ExertsMartialLaw,
UNIT_RAIDER,31,flag,DeathEffectsHappy,
UNIT_RAIDER,32,flag,OnlyBuildOne,
UNIT_RAIDER,33,kv,SoundSelect1,SOUND_SELECT1_MOUNTED_ARCHER
UNIT_RAIDER,34,kv,SoundSelect2,SOUND_SELECT2_MOUNTED_ARCHER
UNIT_RAIDER,35,kv,SoundMove,SOUND_MOVE_MOUNTED_ARCHER
UNIT_RAIDER,36,kv,SoundAcknowledge,SOUND_ACKNOWLEDGE_MOUNTED_ARCHER
UNIT_RAIDER,37,kv,SoundCantMove,SOUND_CANTMOVE_MOUNTED_ARCHER
UNIT_RAIDER,38,kv,SoundAttack,SOUND_ATTACK_MOUNTED_ARCHER
UNIT_RAIDER,39,kv,SoundWork,SOUND_WORK_MOUNTED_ARCHER
UNIT_RAIDER,40,kv,SoundVictory,SOUND_VICTORY_MOUNTED_ARCHER
UNIT_RAIDER,41,kv,SoundDeath,SOUND_DEATH_MOUNTED_ARCHER
UNIT_RAIDER,42,sublist,CanAttack,Land
UNIT_RAIDER,43,sublist,CanBombard,Land
UNIT_RAIDER,44,sublist,CanSee,Standard
UNIT_RAIDER,45,sublist,CanSee,Stealth
UNIT_RAIDER,46,sublist,MovementType,Land
UNIT_RAIDER,47,sublist,Size,Medium
UNIT_RAIDER,48,sublist,VisionClass,Stealth
UNIT_RAIDER,49,nested,CanReform,"[{""t"": ""kv"", ""k"": ""Sound"", ""v"": ""SOUND_ID_REFORM_CITY""}, {""t"": ""kv"", ""k"": ""Effect"", ""v"": ""SPECEFFECT_REFORMCITY""}]"
UNIT_REVOLUTIONARY,0,flag,CantBuild,
UNIT_REVOLUTIONARY,1,flag,GLHidden,
UNIT_REVOLUTIONARY,2,kv,Description,DESCRIPTION_UNIT_SPY
UNIT_REVOLUTIONARY,3,kv,DefaultIcon,ICON_UNIT_REVOLUTIONARY
UNIT_REVOLUTIONARY,4,kv,DefaultSprite,SPRITE_REVOLUTIONARY
UNIT_REVOLUTIONARY,5,kv,Category,UNIT_CATEGORY_SPECIAL
UNIT_REVOLUTIONARY,6,kv,Attack,0
UNIT_REVOLUTIONARY,7,kv,Defense,10
UNIT_REVOLUTIONARY,8,kv,ZBRangeAttack,0
UNIT_REVOLUTIONARY,9,kv,Firepower,1
UNIT_REVOLUTIONARY,10,kv,Armor,1
UNIT_REVOLUTIONARY,11,kv,MaxHP,10
UNIT_REVOLUTIONARY,12,kv,ShieldCost,1500
UNIT_REVOLUTIONARY,13,kv,PowerPoints,1500
UNIT_REVOLUTIONARY,14,kv,ShieldHunger,20
UNIT_REVOLUTIONARY,15,kv,FoodHunger,0
UNIT_REVOLUTIONARY,16,kv,MaxMovePoints,300
UNIT_REVOLUTIONARY,17,kv,VisionRange,3
UNIT_REVOLUTIONARY,18,kv,EnableAdvance,ADVANCE_HEXTAPUL
UNIT_REVOLUTIONARY,19,kv,ActiveDefenseRange,0
UNIT_REVOLUTIONARY,20,flag,LossMoveToDmgNone,
UNIT_REVOLUTIONARY,21,kv,MaxFuel,0
UNIT_REVOLUTIONARY,22,flag,CanEntrench,
UNIT_REVOLUTIONARY,23,flag,NoZoc,
UNIT_REVOLUTIONARY,24,flag,CanBeExpelled,
UNIT_REVOLUTIONARY,25,flag,CantCaptureCity,
UNIT_REVOLUTIONARY,26,flag,DeathEffectsHappy,
UNIT_REVOLUTIONARY,27,flag,IsSpecialForces,
UNIT_REVOLUTIONARY,28,kv,DefendAgainstSpies,0.25
UNIT_REVOLUTIONARY,29,flag,OnlyBuildOne,
UNIT_REVOLUTIONARY,30,kv,SoundSelect1,SOUND_SELECT1_SPY
UNIT_REVOLUTIONARY,31,kv,SoundSelect2,SOUND_SELECT2_SPY
UNIT_REVOLUTIONARY,32,kv,SoundMove,SOUND_MOVE_SPY
UNIT_REVOLUTIONARY,33,kv,SoundAcknowledge,SOUND_ACKNOWLEDGE_SPY
UNIT_REVOLUTIONARY,34,kv,SoundCantMove,SOUND_CANTMOVE_SPY
UNIT_REVOLUTIONARY,35,kv,SoundAttack,SOUND_ATTACK_SPY
UNIT_REVOLUTIONARY,36,kv,SoundWork,SOUND_WORK_SPY
UNIT_REVOLUTIONARY,37,kv,SoundVictory,SOUND_VICTORY_SPY
UNIT_REVOLUTIONARY,38,kv,SoundDeath,SOUND_DEATH_SPY
UNIT_REVOLUTIONARY,39,sublist,CanSee,Standard
UNIT_REVOLUTIONARY,40,sublist,CanSee,Stealth
UNIT_REVOLUTIONARY,41,sublist,MovementType,Land
UNIT_REVOLUTIONARY,42,sublist,MovementType,Mountain
UNIT_REVOLUTIONARY,43,sublist,Size,Small
UNIT_REVOLUTIONARY,44,sublist,VisionClass,Stealth
UNIT_REVOLUTIONARY,45,nested,InciteRevolution,"[{""t"": ""kv"", ""k"": ""Chance"", ""v"": ""0.4""}, {""t"": ""kv"", ""k"": ""EliteChance"", ""v"": ""0.5""}, {""t"": ""kv"", ""k"": ""DeathChance"", ""v"": ""0.4""}, {""t"": ""kv"", ""k"": ""Sound"", ""v"": ""SOUND_ID_INCITE_REVOLUTION_SP""}, {""t"": ""kv"", ""k"": ""Effect"", ""v"": ""SPECEFFECT_INCITE_REVOLUTION""}]"
UNIT_REVOLUTIONARY,46,nested,InvestigateCity,"[{""t"": ""kv"", ""k"": ""Chance"", ""v"": ""0.9""}, {""t"": ""kv"", ""k"": ""EliteChance"", ""v"": ""1.0""}, {""t"": ""kv"", ""k"": ""DeathChance"", ""v"": ""0.1""}]"
UNIT_REVOLUTIONARY,47,nested,PlantNuke,"[{""t"": ""kv"", ""k"": ""Chance"", ""v"": ""0.25""}, {""t"": ""kv"", ""k"": ""EscapeChance"", ""v"": ""0.3""}, {""t"": ""kv"", ""k"": ""Sound"", ""v"": ""SOUND_ID_PLANT_NUKE_SP""}, {""t"": ""kv"", ""k"": ""Effect"", ""v"": ""SPECEFFECT_PLANT_NUKE""}]"
UNIT_REVOLUTIONARY,48,nested,StealTechnology,"[{""t"": ""kv"", ""k"": ""RandomChance"", ""v"": ""0.5""}, {""t"": ""kv"", ""k"": ""SpecificChance"", ""v"": ""0.3""}, {""t"": ""kv"", ""k"": ""DeathChance"", ""v"": ""0.5""}, {""t"": ""kv"", ""k"": ""Sound"", ""v"": ""SOUND_ID_STEAL_TECHNOLOGY_SP""}, {""t"": ""kv"", ""k"": ""Effect"", ""v"": ""SPECEFFECT_STEAL_TECHNOLOGY""}]"
UNIT_SWORDSMAN,0,flag,CantBuild,
UNIT_SWORDSMAN,1,flag,GLHidden,
UNIT_SWORDSMAN,2,kv,Description,DESCRIPTION_UNIT_SWORDSMAN
UNIT_SWORDSMAN,3,kv,DefaultIcon,ICON_UNIT_SWORDSMAN
UNIT_SWORDSMAN,4,kv,DefaultSprite,SPRITE_SWORDSMAN
UNIT_SWORDSMAN,5,kv,Category,UNIT_CATEGORY_SPECIAL
UNIT_SWORDSMAN,6,kv,Attack,0
UNIT_SWORDSMAN,7,kv,Defense,5
UNIT_SWORDSMAN,8,kv,ZBRangeAttack,0
UNIT_SWORDSMAN,9,kv,Firepower,1
UNIT_SWORDSMAN,10,kv,Armor,1
UNIT_SWORDSMAN,11,kv,MaxHP,10
UNIT_SWORDSMAN,12,kv,ShieldCost,90
UNIT_SWORDSMAN,13,kv,PowerPoints,100
UNIT_SWORDSMAN,14,kv,ShieldHunger,1
UNIT_SWORDSMAN,15,kv,FoodHunger,0
UNIT_SWORDSMAN,16,kv,MaxMovePoints,200
UNIT_SWORDSMAN,17,kv,VisionRange,1
UNIT_SWORDSMAN,18,kv,EnableAdvance,ADVANCE_HEXTAPUL
UNIT_SWORDSMAN,19,kv,ActiveDefenseRange,0
UNIT_SWORDSMAN,20,flag,LossMoveToDmgNone,
UNIT_SWORDSMAN,21,kv,MaxFuel,0
UNIT_SWORDSMAN,22,flag,CanExpel,
UNIT_SWORDSMAN,23,flag,CanBeExpelled,
UNIT_SWORDSMAN,24,flag,CanEntrench,
UNIT_SWORDSMAN,25,flag,NoZoc,
UNIT_SWORDSMAN,26,flag,ExertsMartialLaw,
UNIT_SWORDSMAN,27,flag,DeathEffectsHappy,
UNIT_SWORDSMAN,28,flag,IsSpecialForces,
UNIT_SWORDSMAN,29,flag,OnlyBuildOne,
UNIT_SWORDSMAN,30,kv,SoundSelect1,SOUND_SELECT1_SAMURAI
UNIT_SWORDSMAN,31,kv,SoundSelect2,SOUND_SELECT2_SAMURAI
UNIT_SWORDSMAN,32,kv,SoundMove,SOUND_MOVE_SAMURAI
UNIT_SWORDSMAN,33,kv,SoundAcknowledge,SOUND_ACKNOWLEDGE_SAMURAI
UNIT_SWORDSMAN,34,kv,SoundCantMove,SOUND_CANTMOVE_SAMURAI
UNIT_SWORDSMAN,35,kv,SoundAttack,SOUND_ATTACK_SAMURAI
UNIT_SWORDSMAN,36,kv,SoundWork,SOUND_WORK_SAMURAI
UNIT_SWORDSMAN,37,kv,SoundVictory,SOUND_VICTORY_SAMURAI
UNIT_SWORDSMAN,38,kv,SoundDeath,SOUND_DEATH_SAMURAI
UNIT_SWORDSMAN,39,sublist,CanAttack,Land
UNIT_SWORDSMAN,40,sublist,CanAttack,Mountain
UNIT_SWORDSMAN,41,sublist,CanSee,Stealth
UNIT_SWORDSMAN,42,sublist,CanSee,Standard
UNIT_SWORDSMAN,43,sublist,MovementType,Land
UNIT_SWORDSMAN,44,sublist,MovementType,Mountain
UNIT_SWORDSMAN,45,sublist,Size,Small
UNIT_SWORDSMAN,46,sublist,VisionClass,Stealth
UNIT_SWORDSMAN,47,nested,CanReform,"[{""t"": ""kv"", ""k"": ""Sound"", ""v"": ""SOUND_ID_REFORM_CITY""}, {""t"": ""kv"", ""k"": ""Effect"", ""v"": ""SPECEFFECT_REFORMCITY""}]"
UNIT_SCOUT_SUB,0,flag,CantBuild,
UNIT_SCOUT_SUB,1,flag,GLHidden,
UNIT_SCOUT_SUB,2,kv,Description,DESCRIPTION_UNIT_SCOUT_SUB
UNIT_SCOUT_SUB,3,kv,DefaultIcon,ICON_UNIT_SCOUT_SUB
UNIT_SCOUT_SUB,4,kv,DefaultSprite,SPRITE_SCOUT_SUB
UNIT_SCOUT_SUB,5,kv,Category,UNIT_CATEGORY_UNDERSEA
UNIT_SCOUT_SUB,6,kv,Attack,25
UNIT_SCOUT_SUB,7,kv,Defense,25
UNIT_SCOUT_SUB,8,kv,ZBRangeAttack,25
UNIT_SCOUT_SUB,9,kv,Firepower,3
UNIT_SCOUT_SUB,10,kv,Armor,1
UNIT_SCOUT_SUB,11,kv,MaxHP,15
UNIT_SCOUT_SUB,12,kv,ShieldCost,2800
UNIT_SCOUT_SUB,13,kv,PowerPoints,100
UNIT_SCOUT_SUB,14,kv,ShieldHunger,28
UNIT_SCOUT_SUB,15,kv,FoodHunger,0
UNIT_SCOUT_SUB,16,kv,MaxMovePoints,1600
UNIT_SCOUT_SUB,17,kv,VisionRange,6
UNIT_SCOUT_SUB,18,kv,EnableAdvance,ADVANCE_HEXTAPUL
UNIT_SCOUT_SUB,19,kv,ActiveDefenseRange,0
UNIT_SCOUT_SUB,20,flag,LossMoveToDmgNone,
UNIT_SCOUT_SUB,21,kv,MaxFuel,0
UNIT_SCOUT_SUB,22,flag,CanExpel,
UNIT_SCOUT_SUB,23,flag,NoZoc,
UNIT_SCOUT_SUB,24,flag,CanPillage,
UNIT_SCOUT_SUB,25,flag,CanPirate,
UNIT_SCOUT_SUB,26,flag,CantCaptureCity,
UNIT_SCOUT_SUB,27,flag,DeathEffectsHappy,
UNIT_SCOUT_SUB,28,flag,IsFlanker,
UNIT_SCOUT_SUB,29,flag,IsSubmarine,
UNIT_SCOUT_SUB,30,flag,Explodes,
UNIT_SCOUT_SUB,31,flag,OnlyBuildOne,
UNIT_SCOUT_SUB,32,kv,SoundSelect1,SOUND_SELECT1_SCOUT_SUB
UNIT_SCOUT_SUB,33,kv,SoundSelect2,SOUND_SELECT2_SCOUT_SUB
UNIT_SCOUT_SUB,34,kv,SoundMove,SOUND_MOVE_SCOUT_SUB
UNIT_SCOUT_SUB,35,kv,SoundAcknowledge,SOUND_ACKNOWLEDGE_SCOUT_SUB
UNIT_SCOUT_SUB,36,kv,SoundCantMove,SOUND_CANTMOVE_SCOUT_SUB
UNIT_SCOUT_SUB,37,kv,SoundAttack,SOUND_ATTACK_SCOUT_SUB
UNIT_SCOUT_SUB,38,kv,SoundWork,SOUND_WORK_SCOUT_SUB
UNIT_SCOUT_SUB,39,kv,SoundVictory,SOUND_VICTORY_SCOUT_SUB
UNIT_SCOUT_SUB,40,kv,SoundDeath,SOUND_DEATH_SCOUT_SUB
UNIT_SCOUT_SUB,41,sublist,CanAttack,Sea
UNIT_SCOUT_SUB,42,sublist,CanAttack,Underwater
UNIT_SCOUT_SUB,43,sublist,CanAttack,ShallowWater
UNIT_SCOUT_SUB,44,sublist,CanSee,Standard
UNIT_SCOUT_SUB,45,sublist,CanSee,Underwater
UNIT_SCOUT_SUB,46,sublist,MovementType,Sea
UNIT_SCOUT_SUB,47,sublist,MovementType,ShallowWater
UNIT_SCOUT_SUB,48,sublist,Size,Large
UNIT_SCOUT_SUB,49,sublist,VisionClass,Underwater
UNIT_SCOUT_SUB,50,nested,CanReform,"[{""t"": ""kv"", ""k"": ""Sound"", ""v"": ""SOUND_ID_REFORM_CITY""}, {""t"": ""kv"", ""k"": ""Effect"", ""v"": ""SPECEFFECT_REFORMCITY""}]"
UNIT_SEA_ENGINEER,0,flag,CantBuild,
UNIT_SEA_ENGINEER,1,flag,GLHidden,
UNIT_SEA_ENGINEER,2,kv,Description,DESCRIPTION_UNIT_SEA_ENGINEER
UNIT_SEA_ENGINEER,3,kv,DefaultIcon,ICON_UNIT_SEA_ENGINEER
UNIT_SEA_ENGINEER,4,kv,DefaultSprite,SPRITE_SEA_ENGINEER
UNIT_SEA_ENGINEER,5,kv,Category,UNIT_CATEGORY_SETTLER
UNIT_SEA_ENGINEER,6,kv,Attack,0
UNIT_SEA_ENGINEER,7,kv,Defense,10
UNIT_SEA_ENGINEER,8,kv,ZBRangeAttack,0
UNIT_SEA_ENGINEER,9,kv,Firepower,1
UNIT_SEA_ENGINEER,10,kv,Armor,1
UNIT_SEA_ENGINEER,11,kv,MaxHP,10
UNIT_SEA_ENGINEER,12,kv,ShieldCost,3400
UNIT_SEA_ENGINEER,13,kv,PowerPoints,6000
UNIT_SEA_ENGINEER,14,kv,ShieldHunger,34
UNIT_SEA_ENGINEER,15,kv,FoodHunger,0
UNIT_SEA_ENGINEER,16,kv,MaxMovePoints,400
UNIT_SEA_ENGINEER,17,kv,VisionRange,2
UNIT_SEA_ENGINEER,18,kv,EnableAdvance,ADVANCE_HEXTAPUL
UNIT_SEA_ENGINEER,19,kv,ActiveDefenseRange,0
UNIT_SEA_ENGINEER,20,flag,LossMoveToDmgNone,
UNIT_SEA_ENGINEER,21,kv,MaxFuel,0
UNIT_SEA_ENGINEER,22,flag,IgnoreZOC,
UNIT_SEA_ENGINEER,23,flag,NoZoc,
UNIT_SEA_ENGINEER,24,kv,SettleCityType,UNIT_OCEAN_CITY
UNIT_SEA_ENGINEER,25,flag,CanBeExpelled,
UNIT_SEA_ENGINEER,26,flag,CantCaptureCity,
UNIT_SEA_ENGINEER,27,flag,DeathEffectsHappy,
UNIT_SEA_ENGINEER,28,flag,BuildingRemovesAPop,
UNIT_SEA_ENGINEER,29,flag,IsSpecialForces,
UNIT_SEA_ENGINEER,30,flag,Civilian,
UNIT_SEA_ENGINEER,31,flag,OnlyBuildOne,
UNIT_SEA_ENGINEER,32,kv,SoundSelect1,SOUND_SELECT1_SEA_ENGINEER
UNIT_SEA_ENGINEER,33,kv,SoundSelect2,SOUND_SELECT2_SEA_ENGINEER
UNIT_SEA_ENGINEER,34,kv,SoundMove,SOUND_MOVE_SEA_ENGINEER
UNIT_SEA_ENGINEER,35,kv,SoundAcknowledge,SOUND_ACKNOWLEDGE_SEA_ENGINEER
UNIT_SEA_ENGINEER,36,kv,SoundCantMove,SOUND_CANTMOVE_SEA_ENGINEER
UNIT_SEA_ENGINEER,37,kv,SoundAttack,SOUND_ATTACK_SEA_ENGINEER
UNIT_SEA_ENGINEER,38,kv,SoundWork,SOUND_WORK_SEA_ENGINEER
UNIT_SEA_ENGINEER,39,kv,SoundVictory,SOUND_VICTORY_SEA_ENGINEER
UNIT_SEA_ENGINEER,40,kv,SoundDeath,SOUND_DEATH_SEA_ENGINEER
UNIT_SEA_ENGINEER,41,kv,SettleBuilding,IMPROVE_SHRINE
UNIT_SEA_ENGINEER,42,kv,SettleBuilding,IMPROVE_THEATER
UNIT_SEA_ENGINEER,43,sublist,CanSee,Standard
UNIT_SEA_ENGINEER,44,sublist,CanSee,Underwater
UNIT_SEA_ENGINEER,45,sublist,MovementType,Sea
UNIT_SEA_ENGINEER,46,sublist,MovementType,ShallowWater
UNIT_SEA_ENGINEER,47,sublist,Settle,Water
UNIT_SEA_ENGINEER,48,sublist,Size,Small
UNIT_SEA_ENGINEER,49,sublist,VisionClass,Underwater
UNIT_SETTLER,0,flag,CantBuild,
UNIT_SETTLER,1,flag,GLHidden,
UNIT_SETTLER,2,kv,Description,DESCRIPTION_UNIT_SETTLER
UNIT_SETTLER,3,kv,DefaultIcon,ICON_UNIT_SETTLER
UNIT_SETTLER,4,kv,DefaultSprite,SPRITE_SETTLER
UNIT_SETTLER,5,kv,Category,UNIT_CATEGORY_SETTLER
UNIT_SETTLER,6,kv,Attack,0
UNIT_SETTLER,7,kv,Defense,25
UNIT_SETTLER,8,kv,ZBRangeAttack,0
UNIT_SETTLER,9,kv,Firepower,1
UNIT_SETTLER,10,kv,Armor,1
UNIT_SETTLER,11,kv,MaxHP,10
UNIT_SETTLER,12,kv,ShieldCost,2000
UNIT_SETTLER,13,kv,PowerPoints,400
UNIT_SETTLER,14,kv,ShieldHunger,15
UNIT_SETTLER,15,kv,FoodHunger,0
UNIT_SETTLER,16,kv,MaxMovePoints,300
UNIT_SETTLER,17,kv,VisionRange,1
UNIT_SETTLER,18,kv,EnableAdvance,ADVANCE_HEXTAPUL
UNIT_SETTLER,19,kv,ActiveDefenseRange,0
UNIT_SETTLER,20,flag,LossMoveToDmgNone,
UNIT_SETTLER,21,kv,MaxFuel,0
UNIT_SETTLER,22,flag,CanEntrench,
UNIT_SETTLER,23,flag,IgnoreZOC,
UNIT_SETTLER,24,flag,NoZoc,
UNIT_SETTLER,25,kv,SettleCityType,UNIT_CITY
UNIT_SETTLER,26,kv,SettleSize,1
UNIT_SETTLER,27,flag,CanBeExpelled,
UNIT_SETTLER,28,flag,CantCaptureCity,
UNIT_SETTLER,29,flag,DeathEffectsHappy,
UNIT_SETTLER,30,flag,BuildingRemovesAPop,
UNIT_SETTLER,31,flag,IsSpecialForces,
UNIT_SETTLER,32,flag,Civilian,
UNIT_SETTLER,33,flag,OnlyBuildOne,
UNIT_SETTLER,34,kv,SoundSelect1,SOUND_SELECT1_SETTLER
UNIT_SETTLER,35,kv,SoundSelect2,SOUND_SELECT2_SETTLER
UNIT_SETTLER,36,kv,SoundMove,SOUND_MOVE_SETTLER
UNIT_SETTLER,37,kv,SoundAcknowledge,SOUND_ACKNOWLEDGE_SETTLER
UNIT_SETTLER,38,kv,SoundCantMove,SOUND_CANTMOVE_SETTLER
UNIT_SETTLER,39,kv,SoundAttack,SOUND_ATTACK_SETTLER
UNIT_SETTLER,40,kv,SoundWork,SOUND_WORK_SETTLER
UNIT_SETTLER,41,kv,SoundVictory,SOUND_VICTORY_SETTLER
UNIT_SETTLER,42,kv,SoundDeath,SOUND_DEATH_SETTLER
UNIT_SETTLER,43,kv,SettleBuilding,IMPROVE_SHRINE
UNIT_SETTLER,44,kv,SettleBuilding,IMPROVE_THEATER
UNIT_SETTLER,45,sublist,CanSee,Standard
UNIT_SETTLER,46,sublist,MovementType,Land
UNIT_SETTLER,47,sublist,MovementType,Mountain
UNIT_SETTLER,48,sublist,Settle,Land
UNIT_SETTLER,49,sublist,Settle,Mountain
UNIT_SETTLER,50,sublist,Size,Small
UNIT_SETTLER,51,sublist,VisionClass,Standard
UNIT_SHIP_OF_THE_LINE,0,flag,CantBuild,
UNIT_SHIP_OF_THE_LINE,1,flag,GLHidden,
UNIT_SHIP_OF_THE_LINE,2,kv,Description,DESCRIPTION_UNIT_SHIP_OF_THE_LINE
UNIT_SHIP_OF_THE_LINE,3,kv,DefaultIcon,ICON_UNIT_SHIP_OF_THE_LINE
UNIT_SHIP_OF_THE_LINE,4,kv,DefaultSprite,SPRITE_SHIP_OF_THE_LINE
UNIT_SHIP_OF_THE_LINE,5,kv,Category,UNIT_CATEGORY_NAVAL
UNIT_SHIP_OF_THE_LINE,6,kv,Attack,40
UNIT_SHIP_OF_THE_LINE,7,kv,Defense,25
UNIT_SHIP_OF_THE_LINE,8,kv,ZBRangeAttack,40
UNIT_SHIP_OF_THE_LINE,9,kv,Firepower,3
UNIT_SHIP_OF_THE_LINE,10,kv,Armor,1
UNIT_SHIP_OF_THE_LINE,11,kv,MaxHP,15
UNIT_SHIP_OF_THE_LINE,12,kv,ShieldCost,1400
UNIT_SHIP_OF_THE_LINE,13,kv,PowerPoints,700
UNIT_SHIP_OF_THE_LINE,14,kv,ShieldHunger,14
UNIT_SHIP_OF_THE_LINE,15,kv,FoodHunger,0
UNIT_SHIP_OF_THE_LINE,16,kv,MaxMovePoints,1000
UNIT_SHIP_OF_THE_LINE,17,kv,VisionRange,2
UNIT_SHIP_OF_THE_LINE,18,kv,EnableAdvance,ADVANCE_HEXTAPUL
UNIT_SHIP_OF_THE_LINE,19,kv,BombRounds,5
UNIT_SHIP_OF_THE_LINE,20,kv,BombardRange,1
UNIT_SHIP_OF_THE_LINE,21,flag,CanCounterBombard,
UNIT_SHIP_OF_THE_LINE,22,kv,ActiveDefenseRange,0
UNIT_SHIP_OF_THE_LINE,23,flag,LossMoveToDmgNone,
UNIT_SHIP_OF_THE_LINE,24,kv,MaxFuel,0
UNIT_SHIP_OF_THE_LINE,25,flag,CanExpel,
UNIT_SHIP_OF_THE_LINE,26,flag,NoZoc,
UNIT_SHIP_OF_THE_LINE,27,flag,CanPillage,
UNIT_SHIP_OF_THE_LINE,28,flag,CanPirate,
UNIT_SHIP_OF_THE_LINE,29,flag,CantCaptureCity,
UNIT_SHIP_OF_THE_LINE,30,flag,ExertsMartialLaw,
UNIT_SHIP_OF_THE_LINE,31,flag,DeathEffectsHappy,
UNIT_SHIP_OF_THE_LINE,32,flag,OnlyBuildOne,
UNIT_SHIP_OF_THE_LINE,33,kv,SoundSelect1,SOUND_SELECT1_SHIP_OF_THE_LINE
UNIT_SHIP_OF_THE_LINE,34,kv,SoundSelect2,SOUND_SELECT2_SHIP_OF_THE_LINE
UNIT_SHIP_OF_THE_LINE,35,kv,SoundMove,SOUND_MOVE_SHIP_OF_THE_LINE
UNIT_SHIP_OF_THE_LINE,36,kv,SoundAcknowledge,SOUND_ACKNOWLEDGE_SHIP_OF_THE_LINE
UNIT_SHIP_OF_THE_LINE,37,kv,SoundCantMove,SOUND_CANTMOVE_SHIP_OF_THE_LINE
UNIT_SHIP_OF_THE_LINE,38,kv,SoundAttack,SOUND_ATTACK_SHIP_OF_THE_LINE
UNIT_SHIP_OF_THE_LINE,39,kv,SoundWork,SOUND_WORK_SHIP_OF_THE_LINE
UNIT_SHIP_OF_THE_LINE,40,kv,SoundVictory,SOUND_VICTORY_SHIP_OF_THE_LINE
UNIT_SHIP_OF_THE_LINE,41,kv,SoundDeath,SOUND_DEATH_SHIP_OF_THE_LINE
UNIT_SHIP_OF_THE_LINE,42,sublist,CanCarry,MedLand
UNIT_SHIP_OF_THE_LINE,43,sublist,CanCarry,SmallLand
UNIT_SHIP_OF_THE_LINE,44,sublist,CanAttack,Sea
UNIT_SHIP_OF_THE_LINE,45,sublist,CanAttack,ShallowWater
UNIT_SHIP_OF_THE_LINE,46,sublist,CanBombard,Land
UNIT_SHIP_OF_THE_LINE,47,sublist,CanBombard,Mountain
UNIT_SHIP_OF_THE_LINE,48,sublist,CanBombard,Water
UNIT_SHIP_OF_THE_LINE,49,sublist,CanSee,Standard
UNIT_SHIP_OF_THE_LINE,50,sublist,MovementType,Sea
UNIT_SHIP_OF_THE_LINE,51,sublist,MovementType,ShallowWater
UNIT_SHIP_OF_THE_LINE,52,sublist,Size,Large
UNIT_SHIP_OF_THE_LINE,53,sublist,VisionClass,Standard
UNIT_SHIP_OF_THE_LINE,54,nested,CanReform,"[{""t"": ""kv"", ""k"": ""Sound"", ""v"": ""SOUND_ID_REFORM_CITY""}, {""t"": ""kv"", ""k"": ""Effect"", ""v"": ""SPECEFFECT_REFORMCITY""}]"
UNIT_SHIP_OF_THE_LINE,55,nested,CargoData,"[{""t"": ""kv"", ""k"": ""MaxCargo"", ""v"": ""1""}, {""t"": ""kv"", ""k"": ""Load"", ""v"": ""SOUND_ID_TRIREME_LOAD""}, {""t"": ""kv"", ""k"": ""Unload"", ""v"": ""SOUND_ID_TRIREME_UNLOAD""}]"
UNIT_SLAVER,0,kv,Description,DESCRIPTION_UNIT_SLAVER
UNIT_SLAVER,1,kv,DefaultIcon,ICON_UNIT_SLAVER
UNIT_SLAVER,2,kv,DefaultSprite,SPRITE_SLAVER
UNIT_SLAVER,3,kv,Category,UNIT_CATEGORY_SPECIAL
UNIT_SLAVER,4,kv,Attack,0
UNIT_SLAVER,5,kv,Defense,0
UNIT_SLAVER,6,kv,ZBRangeAttack,0
UNIT_SLAVER,7,kv,Firepower,1
UNIT_SLAVER,8,kv,Armor,1
UNIT_SLAVER,9,kv,MaxHP,10
UNIT_SLAVER,10,kv,ShieldCost,400
UNIT_SLAVER,11,kv,PowerPoints,200
UNIT_SLAVER,12,kv,ShieldHunger,4
UNIT_SLAVER,13,kv,FoodHunger,0
UNIT_SLAVER,14,kv,MaxMovePoints,200
UNIT_SLAVER,15,kv,VisionRange,1
UNIT_SLAVER,16,kv,EnableAdvance,ADVANCE_ARCHERY_C1
UNIT_SLAVER,17,kv,ActiveDefenseRange,0
UNIT_SLAVER,18,flag,LossMoveToDmgNone,
UNIT_SLAVER,19,kv,MaxFuel,0
UNIT_SLAVER,20,flag,CanEntrench,
UNIT_SLAVER,21,flag,NoZoc,
UNIT_SLAVER,22,flag,CanBeExpelled,
UNIT_SLAVER,23,flag,CantCaptureCity,
UNIT_SLAVER,24,flag,DeathEffectsHappy,
UNIT_SLAVER,25,flag,IsSpecialForces,
UNIT_SLAVER,26,flag,OnlyBuildOne,
UNIT_SLAVER,27,kv,SoundSelect1,SOUND_SELECT1_SLAVER
UNIT_SLAVER,28,kv,SoundSelect2,SOUND_SELECT2_SLAVER
UNIT_SLAVER,29,kv,SoundMove,SOUND_MOVE_SLAVER
UNIT_SLAVER,30,kv,SoundAcknowledge,SOUND_ACKNOWLEDGE_SLAVER
UNIT_SLAVER,31,kv,SoundCantMove,SOUND_CANTMOVE_SLAVER
UNIT_SLAVER,32,kv,SoundAttack,SOUND_ATTACK_SLAVER
UNIT_SLAVER,33,kv,SoundWork,SOUND_WORK_SLAVER
UNIT_SLAVER,34,kv,SoundVictory,SOUND_VICTORY_SLAVER
UNIT_SLAVER,35,kv,SoundDeath,SOUND_DEATH_SLAVER
UNIT_SLAVER,36,sublist,CanSee,Standard
UNIT_SLAVER,37,sublist,CanSee,Stealth
UNIT_SLAVER,38,sublist,MovementType,Land
UNIT_SLAVER,39,sublist,MovementType,Mountain
UNIT_SLAVER,40,sublist,Size,Small
UNIT_SLAVER,41,sublist,VisionClass,Stealth
UNIT_SLAVER,42,nested,SettlerSlaveRaids,"[{""t"": ""kv"", ""k"": ""Sound"", ""v"": ""SOUND_ID_SETTLER_SLAVE_RAIDS""}, {""t"": ""kv"", ""k"": ""Effect"", ""v"": ""SPECEFFECT_SETTLER_SLAVE_RAIDS""}]"
UNIT_SLAVER,43,nested,SlaveRaids,"[{""t"": ""kv"", ""k"": ""Chance"", ""v"": ""0.3""}, {""t"": ""kv"", ""k"": ""DeathChance"", ""v"": ""0.6""}, {""t"": ""kv"", ""k"": ""Timer"", ""v"": ""2""}, {""t"": ""kv"", ""k"": ""Amount"", ""v"": ""4""}, {""t"": ""kv"", ""k"": ""Sound"", ""v"": ""SOUND_ID_SLAVE_RAIDS""}, {""t"": ""kv"", ""k"": ""Effect"", ""v"": ""SPECEFFECT_SLAVE_RAIDS""}]"
UNIT_SLINGER,0,kv,Description,DESCRIPTION_UNIT_ARCHER
UNIT_SLINGER,1,kv,DefaultIcon,ICON_UNIT_SLINGER
UNIT_SLINGER,2,kv,DefaultSprite,SPRITE_SLINGER
UNIT_SLINGER,3,kv,Category,UNIT_CATEGORY_RANGED
UNIT_SLINGER,4,kv,Attack,10
UNIT_SLINGER,5,kv,Defense,10
UNIT_SLINGER,6,kv,ZBRangeAttack,35
UNIT_SLINGER,7,kv,Firepower,2
UNIT_SLINGER,8,kv,Armor,1
UNIT_SLINGER,9,kv,MaxHP,10
UNIT_SLINGER,10,kv,ShieldCost,600
UNIT_SLINGER,11,kv,PowerPoints,200
UNIT_SLINGER,12,kv,ShieldHunger,3
UNIT_SLINGER,13,kv,FoodHunger,0
UNIT_SLINGER,14,kv,MaxMovePoints,100
UNIT_SLINGER,15,kv,VisionRange,1
UNIT_SLINGER,16,kv,EnableAdvance,ADVANCE_PROJECTILE_WEAPONS
UNIT_SLINGER,17,kv,ActiveDefenseRange,0
UNIT_SLINGER,18,flag,LossMoveToDmgNone,
UNIT_SLINGER,19,kv,MaxFuel,0
UNIT_SLINGER,20,flag,CanEntrench,
UNIT_SLINGER,21,flag,NoZoc,
UNIT_SLINGER,22,flag,CanExpel,
UNIT_SLINGER,23,flag,CanPillage,
UNIT_SLINGER,24,flag,CanPirate,
UNIT_SLINGER,25,flag,ExertsMartialLaw,
UNIT_SLINGER,26,flag,DeathEffectsHappy,
UNIT_SLINGER,27,flag,OnlyBuildOne,
UNIT_SLINGER,28,kv,SoundSelect1,SOUND_SELECT1_ARCHER
UNIT_SLINGER,29,kv,SoundSelect2,SOUND_SELECT2_ARCHER
UNIT_SLINGER,30,kv,SoundMove,SOUND_MOVE_ARCHER
UNIT_SLINGER,31,kv,SoundAcknowledge,SOUND_ACKNOWLEDGE_ARCHER
UNIT_SLINGER,32,kv,SoundCantMove,SOUND_CANTMOVE_ARCHER
UNIT_SLINGER,33,kv,SoundAttack,SOUND_ATTACK_ARCHER
UNIT_SLINGER,34,kv,SoundWork,SOUND_WORK_ARCHER
UNIT_SLINGER,35,kv,SoundVictory,SOUND_VICTORY_ARCHER
UNIT_SLINGER,36,kv,SoundDeath,SOUND_DEATH_ARCHER
UNIT_SLINGER,37,sublist,CanAttack,Land
UNIT_SLINGER,38,sublist,CanSee,Standard
UNIT_SLINGER,39,sublist,MovementType,Land
UNIT_SLINGER,40,sublist,MovementType,Mountain
UNIT_SLINGER,41,sublist,Size,Medium
UNIT_SLINGER,42,sublist,VisionClass,Standard
UNIT_SLINGER,43,nested,CanReform,"[{""t"": ""kv"", ""k"": ""Sound"", ""v"": ""SOUND_ID_REFORM_CITY""}, {""t"": ""kv"", ""k"": ""Effect"", ""v"": ""SPECEFFECT_REFORMCITY""}]"
UNIT_SPACE_CITY,0,flag,CantBuild,
UNIT_SPACE_CITY,1,flag,GLHidden,
UNIT_SPACE_CITY,2,kv,Description,DESCRIPTION_UNIT_SPACE_CITY
UNIT_SPACE_CITY,3,kv,DefaultIcon,ICON_UNIT_SPACE_CITY
UNIT_SPACE_CITY,4,kv,DefaultSprite,SPRITE_SPACE_CITY
UNIT_SPACE_CITY,5,kv,Category,UNIT_CATEGORY_GENERIC
UNIT_SPACE_CITY,6,kv,Attack,0
UNIT_SPACE_CITY,7,kv,Defense,0
UNIT_SPACE_CITY,8,kv,ZBRangeAttack,0
UNIT_SPACE_CITY,9,kv,Firepower,0
UNIT_SPACE_CITY,10,kv,Armor,0
UNIT_SPACE_CITY,11,kv,MaxHP,0
UNIT_SPACE_CITY,12,kv,ShieldCost,0
UNIT_SPACE_CITY,13,kv,PowerPoints,1000
UNIT_SPACE_CITY,14,kv,ShieldHunger,0
UNIT_SPACE_CITY,15,kv,FoodHunger,0
UNIT_SPACE_CITY,16,kv,MaxMovePoints,0
UNIT_SPACE_CITY,17,kv,VisionRange,2
UNIT_SPACE_CITY,18,kv,ActiveDefenseRange,0
UNIT_SPACE_CITY,19,flag,LossMoveToDmgNone,
UNIT_SPACE_CITY,20,kv,MaxFuel,0
UNIT_SPACE_CITY,21,flag,HasPopAndCanBuild,
UNIT_SPACE_CITY,22,flag,CantBuild,
UNIT_SPACE_CITY,23,kv,CityGrowthCoefficient,0.5
UNIT_SPACE_CITY,24,flag,NoIndex,
UNIT_SPACE_CITY,25,flag,GLHidden,
UNIT_SPACE_CITY,26,flag,CantCaptureCity,
UNIT_SPACE_CITY,27,flag,NeedsNoSupport,
UNIT_SPACE_CITY,28,kv,SoundSelect1,SOUND_SELECT1_SPACE_CITY
UNIT_SPACE_CITY,29,kv,SoundSelect2,SOUND_SELECT2_SPACE_CITY
UNIT_SPACE_CITY,30,kv,SoundMove,SOUND_MOVE_SPACE_CITY
UNIT_SPACE_CITY,31,kv,SoundAcknowledge,SOUND_ACKNOWLEDGE_SPACE_CITY
UNIT_SPACE_CITY,32,kv,SoundCantMove,SOUND_CANTMOVE_SPACE_CITY
UNIT_SPACE_CITY,33,kv,SoundAttack,SOUND_ATTACK_SPACE_CITY
UNIT_SPACE_CITY,34,kv,SoundWork,SOUND_WORK_SPACE_CITY
UNIT_SPACE_CITY,35,kv,SoundVictory,SOUND_VICTORY_SPACE_CITY
UNIT_SPACE_CITY,36,kv,SoundDeath,SOUND_DEATH_SPACE_CITY
UNIT_SPACE_CITY,37,sublist,CanAttack,Land
UNIT_SPACE_CITY,38,sublist,CanSee,Standard
UNIT_SPACE_CITY,39,sublist,MovementType,Land
UNIT_SPACE_CITY,40,sublist,Size,Medium
UNIT_SPACE_CITY,41,sublist,VisionClass,Standard
UNIT_SPACE_CITY,42,nested,Revolution,"[{""t"": ""kv"", ""k"": ""Sound"", ""v"": ""SOUND_ID_REVOLUTION""}, {""t"": ""kv"", ""k"": ""Effect"", ""v"": ""SPECEFFECT_REVOLUTION""}]"
UNIT_SPACE_PLANE,0,flag,CantBuild,
UNIT_SPACE_PLANE,1,flag,GLHidden,
UNIT_SPACE_PLANE,2,kv,Description,DESCRIPTION_UNIT_SPACE_PLANE
UNIT_SPACE_PLANE,3,kv,DefaultIcon,ICON_UNIT_SPACE_PLANE
UNIT_SPACE_PLANE,4,kv,DefaultSprite,SPRITE_SPACE_PLANE
UNIT_SPACE_PLANE,5,kv,Category,UNIT_CATEGORY_AERIAL
UNIT_SPACE_PLANE,6,kv,Attack,0
UNIT_SPACE_PLANE,7,kv,Defense,10
UNIT_SPACE_PLANE,8,kv,ZBRangeAttack,0
UNIT_SPACE_PLANE,9,kv,Firepower,1
UNIT_SPACE_PLANE,10,kv,Armor,1
UNIT_SPACE_PLANE,11,kv,MaxHP,15
UNIT_SPACE_PLANE,12,kv,ShieldCost,2500
UNIT_SPACE_PLANE,13,kv,PowerPoints,4000
UNIT_SPACE_PLANE,14,kv,ShieldHunger,25
UNIT_SPACE_PLANE,15,kv,FoodHunger,0
UNIT_SPACE_PLANE,16,kv,MaxMovePoints,1500
UNIT_SPACE_PLANE,17,kv,VisionRange,1
UNIT_SPACE_PLANE,18,kv,EnableAdvance,ADVANCE_HEXTAPUL
UNIT_SPACE_PLANE,19,kv,ActiveDefenseRange,0
UNIT_SPACE_PLANE,20,flag,LossMoveToDmgNone,
UNIT_SPACE_PLANE,21,flag,NoFuelThenCrash,
UNIT_SPACE_PLANE,22,kv,MaxFuel,4500
UNIT_SPACE_PLANE,23,flag,IgnoreZOC,
UNIT_SPACE_PLANE,24,flag,CantCaptureCity,
UNIT_SPACE_PLANE,25,kv,SpaceLaunch,3
UNIT_SPACE_PLANE,26,flag,DeathEffectsHappy,
UNIT_SPACE_PLANE,27,flag,Explodes,
UNIT_SPACE_PLANE,28,flag,OnlyBuildOne,
UNIT_SPACE_PLANE,29,kv,SoundSelect1,SOUND_SELECT1_SPACE_PLANE
UNIT_SPACE_PLANE,30,kv,SoundSelect2,SOUND_SELECT2_SPACE_PLANE
UNIT_SPACE_PLANE,31,kv,SoundMove,SOUND_MOVE_SPACE_PLANE
UNIT_SPACE_PLANE,32,kv,SoundAcknowledge,SOUND_ACKNOWLEDGE_SPACE_PLANE
UNIT_SPACE_PLANE,33,kv,SoundCantMove,SOUND_CANTMOVE_SPACE_PLANE
UNIT_SPACE_PLANE,34,kv,SoundAttack,SOUND_ATTACK_SPACE_PLANE
UNIT_SPACE_PLANE,35,kv,SoundWork,SOUND_WORK_SPACE_PLANE
UNIT_SPACE_PLANE,36,kv,SoundVictory,SOUND_VICTORY_SPACE_PLANE
UNIT_SPACE_PLANE,37,kv,SoundDeath,SOUND_DEATH_SPACE_PLANE
UNIT_SPACE_PLANE,38,sublist,CanCarry,SmallLand
UNIT_SPACE_PLANE,39,sublist,CanCarry,MedLand
UNIT_SPACE_PLANE,40,sublist,CanSee,Standard
UNIT_SPACE_PLANE,41,sublist,MovementType,Air
UNIT_SPACE_PLANE,42,sublist,Size,Large
UNIT_SPACE_PLANE,43,sublist,VisionClass,Standard
UNIT_SPACE_PLANE,44,nested,CargoData,"[{""t"": ""kv"", ""k"": ""MaxCargo"", ""v"": ""5""}, {""t"": ""kv"", ""k"": ""Load"", ""v"": ""SOUND_ID_SPACE_PLANE_LOAD""}, {""t"": ""kv"", ""k"": ""Unload"", ""v"": ""SOUND_ID_SPACE_PLANE_UNLOAD""}]"
UNIT_SPEARMAN,0,kv,Description,DESCRIPTION_UNIT_WARRIOR
UNIT_SPEARMAN,1,kv,DefaultIcon,ICON_UNIT_SPEARMAN
UNIT_SPEARMAN,2,kv,DefaultSprite,SPRITE_SPEARMAN
UNIT_SPEARMAN,3,kv,Category,UNIT_CATEGORY_DEFENSE
UNIT_SPEARMAN,4,kv,Attack,25
UNIT_SPEARMAN,5,kv,Defense,30
UNIT_SPEARMAN,6,kv,ZBRangeAttack,0
UNIT_SPEARMAN,7,kv,Firepower,2
UNIT_SPEARMAN,8,kv,Armor,1
UNIT_SPEARMAN,9,kv,MaxHP,15
UNIT_SPEARMAN,10,kv,ShieldCost,750
UNIT_SPEARMAN,11,kv,PowerPoints,400
UNIT_SPEARMAN,12,kv,ShieldHunger,3
UNIT_SPEARMAN,13,kv,FoodHunger,0
UNIT_SPEARMAN,14,kv,MaxMovePoints,100
UNIT_SPEARMAN,15,kv,VisionRange,1
UNIT_SPEARMAN,16,kv,EnableAdvance,ADVANCE_WHEEL
UNIT_SPEARMAN,17,kv,ActiveDefenseRange,0
UNIT_SPEARMAN,18,flag,LossMoveToDmgNone,
UNIT_SPEARMAN,19,kv,MaxFuel,0
UNIT_SPEARMAN,20,flag,CanEntrench,
UNIT_SPEARMAN,21,flag,NoZoc,
UNIT_SPEARMAN,22,flag,CanExpel,
UNIT_SPEARMAN,23,flag,CanPillage,
UNIT_SPEARMAN,24,flag,CanPirate,
UNIT_SPEARMAN,25,flag,ExertsMartialLaw,
UNIT_SPEARMAN,26,flag,DeathEffectsHappy,
UNIT_SPEARMAN,27,flag,BonusAgainstMounted,
UNIT_SPEARMAN,28,kv,MountedBonus,0.25
UNIT_SPEARMAN,29,flag,OnlyBuildOne,
UNIT_SPEARMAN,30,kv,SoundSelect1,SOUND_SELECT1_PIKEMEN
UNIT_SPEARMAN,31,kv,SoundSelect2,SOUND_SELECT2_PIKEMEN
UNIT_SPEARMAN,32,kv,SoundMove,SOUND_MOVE_PIKEMEN
UNIT_SPEARMAN,33,kv,SoundAcknowledge,SOUND_ACKNOWLEDGE_PIKEMEN
UNIT_SPEARMAN,34,kv,SoundCantMove,SOUND_CANTMOVE_PIKEMEN
UNIT_SPEARMAN,35,kv,SoundAttack,SOUND_ATTACK_PIKEMEN
UNIT_SPEARMAN,36,kv,SoundWork,SOUND_WORK_PIKEMEN
UNIT_SPEARMAN,37,kv,SoundVictory,SOUND_VICTORY_PIKEMEN
UNIT_SPEARMAN,38,kv,SoundDeath,SOUND_DEATH_PIKEMEN
UNIT_SPEARMAN,39,sublist,CanAttack,Land
UNIT_SPEARMAN,40,sublist,CanAttack,Mountain
UNIT_SPEARMAN,41,sublist,CanSee,Standard
UNIT_SPEARMAN,42,sublist,MovementType,Land
UNIT_SPEARMAN,43,sublist,MovementType,Mountain
UNIT_SPEARMAN,44,sublist,Size,Small
UNIT_SPEARMAN,45,sublist,VisionClass,Standard
UNIT_SPEARMAN,46,nested,CanReform,"[{""t"": ""kv"", ""k"": ""Sound"", ""v"": ""SOUND_ID_REFORM_CITY""}, {""t"": ""kv"", ""k"": ""Effect"", ""v"": ""SPECEFFECT_REFORMCITY""}]"
UNIT_SPEARMAN_ELITE,0,flag,CantBuild,
UNIT_SPEARMAN_ELITE,1,kv,Description,DESCRIPTION_UNIT_WARRIOR
UNIT_SPEARMAN_ELITE,2,kv,DefaultIcon,ICON_UNIT_SPEARMAN_ELITE
UNIT_SPEARMAN_ELITE,3,kv,DefaultSprite,SPRITE_SPEARMAN_ELITE
UNIT_SPEARMAN_ELITE,4,kv,Category,UNIT_CATEGORY_DEFENSE
UNIT_SPEARMAN_ELITE,5,kv,Attack,30
UNIT_SPEARMAN_ELITE,6,kv,Defense,35
UNIT_SPEARMAN_ELITE,7,kv,ZBRangeAttack,0
UNIT_SPEARMAN_ELITE,8,kv,Firepower,2
UNIT_SPEARMAN_ELITE,9,kv,Armor,1
UNIT_SPEARMAN_ELITE,10,kv,MaxHP,17
UNIT_SPEARMAN_ELITE,11,kv,ShieldCost,900
UNIT_SPEARMAN_ELITE,12,kv,PowerPoints,400
UNIT_SPEARMAN_ELITE,13,kv,ShieldHunger,4
UNIT_SPEARMAN_ELITE,14,kv,FoodHunger,0
UNIT_SPEARMAN_ELITE,15,kv,MaxMovePoints,200
UNIT_SPEARMAN_ELITE,16,kv,VisionRange,1
UNIT_SPEARMAN_ELITE,17,kv,EnableAdvance,ADVANCE_HEXTAPUL
UNIT_SPEARMAN_ELITE,18,kv,ActiveDefenseRange,0
UNIT_SPEARMAN_ELITE,19,flag,LossMoveToDmgNone,
UNIT_SPEARMAN_ELITE,20,kv,MaxFuel,0
UNIT_SPEARMAN_ELITE,21,flag,CanEntrench,
UNIT_SPEARMAN_ELITE,22,flag,CanExpel,
UNIT_SPEARMAN_ELITE,23,flag,NoZoc,
UNIT_SPEARMAN_ELITE,24,flag,CanPillage,
UNIT_SPEARMAN_ELITE,25,flag,CanPirate,
UNIT_SPEARMAN_ELITE,26,flag,ExertsMartialLaw,
UNIT_SPEARMAN_ELITE,27,flag,DeathEffectsHappy,
UNIT_SPEARMAN_ELITE,28,flag,BonusAgainstMounted,
UNIT_SPEARMAN_ELITE,29,kv,MountedBonus,0.35
UNIT_SPEARMAN_ELITE,30,flag,OnlyBuildOne,
UNIT_SPEARMAN_ELITE,31,kv,SoundSelect1,SOUND_SELECT1_PIKEMEN
UNIT_SPEARMAN_ELITE,32,kv,SoundSelect2,SOUND_SELECT2_PIKEMEN
UNIT_SPEARMAN_ELITE,33,kv,SoundMove,SOUND_MOVE_PIKEMEN
UNIT_SPEARMAN_ELITE,34,kv,SoundAcknowledge,SOUND_ACKNOWLEDGE_PIKEMEN
UNIT_SPEARMAN_ELITE,35,kv,SoundCantMove,SOUND_CANTMOVE_PIKEMEN
UNIT_SPEARMAN_ELITE,36,kv,SoundAttack,SOUND_ATTACK_PIKEMEN
UNIT_SPEARMAN_ELITE,37,kv,SoundWork,SOUND_WORK_PIKEMEN
UNIT_SPEARMAN_ELITE,38,kv,SoundVictory,SOUND_VICTORY_PIKEMEN
UNIT_SPEARMAN_ELITE,39,kv,SoundDeath,SOUND_DEATH_PIKEMEN
UNIT_SPEARMAN_ELITE,40,sublist,CanAttack,Land
UNIT_SPEARMAN_ELITE,41,sublist,CanAttack,Mountain
UNIT_SPEARMAN_ELITE,42,sublist,CanSee,Standard
UNIT_SPEARMAN_ELITE,43,sublist,MovementType,Land
UNIT_SPEARMAN_ELITE,44,sublist,MovementType,Mountain
UNIT_SPEARMAN_ELITE,45,sublist,Size,Small
UNIT_SPEARMAN_ELITE,46,sublist,VisionClass,Standard
UNIT_SPEARMAN_ELITE,47,nested,CanReform,"[{""t"": ""kv"", ""k"": ""Sound"", ""v"": ""SOUND_ID_REFORM_CITY""}, {""t"": ""kv"", ""k"": ""Effect"", ""v"": ""SPECEFFECT_REFORMCITY""}]"
UNIT_SPEARMAN_MILITIA,0,flag,CantBuild,
UNIT_SPEARMAN_MILITIA,1,flag,GLHidden,
UNIT_SPEARMAN_MILITIA,2,kv,Description,DESCRIPTION_UNIT_WARRIOR
UNIT_SPEARMAN_MILITIA,3,kv,DefaultIcon,ICON_UNIT_SPEARMAN_MILITIA
UNIT_SPEARMAN_MILITIA,4,kv,DefaultSprite,SPRITE_PEZHETEROI
UNIT_SPEARMAN_MILITIA,5,kv,Category,UNIT_CATEGORY_DEFENSE
UNIT_SPEARMAN_MILITIA,6,kv,Attack,40
UNIT_SPEARMAN_MILITIA,7,kv,Defense,40
UNIT_SPEARMAN_MILITIA,8,kv,ZBRangeAttack,20
UNIT_SPEARMAN_MILITIA,9,kv,Firepower,1
UNIT_SPEARMAN_MILITIA,10,kv,Armor,1
UNIT_SPEARMAN_MILITIA,11,kv,MaxHP,40
UNIT_SPEARMAN_MILITIA,12,kv,ShieldCost,250
UNIT_SPEARMAN_MILITIA,13,kv,PowerPoints,100
UNIT_SPEARMAN_MILITIA,14,kv,ShieldHunger,2
UNIT_SPEARMAN_MILITIA,15,kv,FoodHunger,0
UNIT_SPEARMAN_MILITIA,16,kv,MaxMovePoints,0
UNIT_SPEARMAN_MILITIA,17,kv,VisionRange,1
UNIT_SPEARMAN_MILITIA,18,kv,EnableAdvance,ADVANCE_HEXTAPUL
UNIT_SPEARMAN_MILITIA,19,kv,BombRounds,3
UNIT_SPEARMAN_MILITIA,20,kv,BombardRange,1
UNIT_SPEARMAN_MILITIA,21,flag,CanCounterBombard,
UNIT_SPEARMAN_MILITIA,22,kv,ActiveDefenseRange,0
UNIT_SPEARMAN_MILITIA,23,flag,LossMoveToDmgNone,
UNIT_SPEARMAN_MILITIA,24,kv,MaxFuel,0
UNIT_SPEARMAN_MILITIA,25,flag,CanEntrench,
UNIT_SPEARMAN_MILITIA,26,flag,NoZoc,
UNIT_SPEARMAN_MILITIA,27,flag,CanExpel,
UNIT_SPEARMAN_MILITIA,28,flag,CanPillage,
UNIT_SPEARMAN_MILITIA,29,flag,CanPirate,
UNIT_SPEARMAN_MILITIA,30,flag,ExertsMartialLaw,
UNIT_SPEARMAN_MILITIA,31,flag,DeathEffectsHappy,
UNIT_SPEARMAN_MILITIA,32,kv,SoundSelect1,SOUND_SELECT1_PIKEMEN
UNIT_SPEARMAN_MILITIA,33,kv,SoundSelect2,SOUND_SELECT2_PIKEMEN
UNIT_SPEARMAN_MILITIA,34,kv,SoundMove,SOUND_MOVE_PIKEMEN
UNIT_SPEARMAN_MILITIA,35,kv,SoundAcknowledge,SOUND_ACKNOWLEDGE_PIKEMEN
UNIT_SPEARMAN_MILITIA,36,kv,SoundCantMove,SOUND_CANTMOVE_PIKEMEN
UNIT_SPEARMAN_MILITIA,37,kv,SoundAttack,SOUND_ATTACK_PIKEMEN
UNIT_SPEARMAN_MILITIA,38,kv,SoundWork,SOUND_WORK_PIKEMEN
UNIT_SPEARMAN_MILITIA,39,kv,SoundVictory,SOUND_VICTORY_PIKEMEN
UNIT_SPEARMAN_MILITIA,40,kv,SoundDeath,SOUND_DEATH_PIKEMEN
UNIT_SPEARMAN_MILITIA,41,sublist,CanAttack,Land
UNIT_SPEARMAN_MILITIA,42,sublist,CanAttack,Mountain
UNIT_SPEARMAN_MILITIA,43,sublist,CanSee,Standard
UNIT_SPEARMAN_MILITIA,44,sublist,MovementType,Land
UNIT_SPEARMAN_MILITIA,45,sublist,MovementType,Mountain
UNIT_SPEARMAN_MILITIA,46,sublist,Size,Medium
UNIT_SPEARMAN_MILITIA,47,sublist,VisionClass,Standard
UNIT_SPEARMAN_MILITIA,48,nested,CanReform,"[{""t"": ""kv"", ""k"": ""Sound"", ""v"": ""SOUND_ID_REFORM_CITY""}, {""t"": ""kv"", ""k"": ""Effect"", ""v"": ""SPECEFFECT_REFORMCITY""}]"
UNIT_SPY,0,kv,Description,DESCRIPTION_UNIT_SPY
UNIT_SPY,1,kv,DefaultIcon,ICON_UNIT_SPY
UNIT_SPY,2,kv,DefaultSprite,SPRITE_SPY
UNIT_SPY,3,kv,Category,UNIT_CATEGORY_SPECIAL
UNIT_SPY,4,kv,Attack,0
UNIT_SPY,5,kv,Defense,5
UNIT_SPY,6,kv,ZBRangeAttack,0
UNIT_SPY,7,kv,Firepower,1
UNIT_SPY,8,kv,Armor,1
UNIT_SPY,9,kv,MaxHP,10
UNIT_SPY,10,kv,ShieldCost,1200
UNIT_SPY,11,kv,PowerPoints,1500
UNIT_SPY,12,kv,ShieldHunger,12
UNIT_SPY,13,kv,FoodHunger,0
UNIT_SPY,14,kv,MaxMovePoints,200
UNIT_SPY,15,kv,VisionRange,3
UNIT_SPY,16,kv,EnableAdvance,ADVANCE_COMPOSITE_BOW
UNIT_SPY,17,kv,ActiveDefenseRange,0
UNIT_SPY,18,flag,LossMoveToDmgNone,
UNIT_SPY,19,kv,MaxFuel,0
UNIT_SPY,20,flag,CanEntrench,
UNIT_SPY,21,flag,IgnoreZOC,
UNIT_SPY,22,flag,NoZoc,
UNIT_SPY,23,flag,CanBeExpelled,
UNIT_SPY,24,flag,CantCaptureCity,
UNIT_SPY,25,flag,DeathEffectsHappy,
UNIT_SPY,26,flag,IsSpecialForces,
UNIT_SPY,27,kv,DefendAgainstSpies,0.25
UNIT_SPY,28,flag,OnlyBuildOne,
UNIT_SPY,29,kv,SoundSelect1,SOUND_SELECT1_SPY
UNIT_SPY,30,kv,SoundSelect2,SOUND_SELECT2_SPY
UNIT_SPY,31,kv,SoundMove,SOUND_MOVE_SPY
UNIT_SPY,32,kv,SoundAcknowledge,SOUND_ACKNOWLEDGE_SPY
UNIT_SPY,33,kv,SoundCantMove,SOUND_CANTMOVE_SPY
UNIT_SPY,34,kv,SoundAttack,SOUND_ATTACK_SPY
UNIT_SPY,35,kv,SoundWork,SOUND_WORK_SPY
UNIT_SPY,36,kv,SoundVictory,SOUND_VICTORY_SPY
UNIT_SPY,37,kv,SoundDeath,SOUND_DEATH_SPY
UNIT_SPY,38,sublist,CanSee,Standard
UNIT_SPY,39,sublist,CanSee,Stealth
UNIT_SPY,40,sublist,MovementType,Land
UNIT_SPY,41,sublist,MovementType,Mountain
UNIT_SPY,42,sublist,Size,Small
UNIT_SPY,43,sublist,VisionClass,Stealth
UNIT_SPY,44,nested,InvestigateCity,"[{""t"": ""kv"", ""k"": ""Chance"", ""v"": ""0.8""}, {""t"": ""kv"", ""k"": ""EliteChance"", ""v"": ""0.9""}, {""t"": ""kv"", ""k"": ""DeathChance"", ""v"": ""0.2""}]"
UNIT_SPY,45,nested,StealTechnology,"[{""t"": ""kv"", ""k"": ""RandomChance"", ""v"": ""0.4""}, {""t"": ""kv"", ""k"": ""SpecificChance"", ""v"": ""0.2""}, {""t"": ""kv"", ""k"": ""DeathChance"", ""v"": ""0.4""}, {""t"": ""kv"", ""k"": ""Sound"", ""v"": ""SOUND_ID_STEAL_TECHNOLOGY_SP""}, {""t"": ""kv"", ""k"": ""Effect"", ""v"": ""SPECEFFECT_STEAL_TECHNOLOGY""}]"
UNIT_SPY,46,nested,InciteRevolution,"[{""t"": ""kv"", ""k"": ""Chance"", ""v"": ""0.3""}, {""t"": ""kv"", ""k"": ""EliteChance"", ""v"": ""0.4""}, {""t"": ""kv"", ""k"": ""DeathChance"", ""v"": ""0.5""}, {""t"": ""kv"", ""k"": ""Sound"", ""v"": ""SOUND_ID_INCITE_REVOLUTION_SP""}, {""t"": ""kv"", ""k"": ""Effect"", ""v"": ""SPECEFFECT_INCITE_REVOLUTION""}]"
UNIT_SPY_PLANE,0,flag,CantBuild,
UNIT_SPY_PLANE,1,flag,GLHidden,
UNIT_SPY_PLANE,2,kv,Description,DESCRIPTION_UNIT_SPY_PLANE
UNIT_SPY_PLANE,3,kv,DefaultIcon,ICON_UNIT_SPY_PLANE
UNIT_SPY_PLANE,4,kv,DefaultSprite,SPRITE_SPY_PLANE
UNIT_SPY_PLANE,5,kv,Category,UNIT_CATEGORY_AERIAL
UNIT_SPY_PLANE,6,kv,Attack,10
UNIT_SPY_PLANE,7,kv,Defense,20
UNIT_SPY_PLANE,8,kv,ZBRangeAttack,10
UNIT_SPY_PLANE,9,kv,Firepower,2
UNIT_SPY_PLANE,10,kv,Armor,2
UNIT_SPY_PLANE,11,kv,MaxHP,15
UNIT_SPY_PLANE,12,kv,ShieldCost,3300
UNIT_SPY_PLANE,13,kv,PowerPoints,5000
UNIT_SPY_PLANE,14,kv,ShieldHunger,33
UNIT_SPY_PLANE,15,kv,FoodHunger,0
UNIT_SPY_PLANE,16,kv,MaxMovePoints,1000
UNIT_SPY_PLANE,17,kv,VisionRange,6
UNIT_SPY_PLANE,18,kv,EnableAdvance,ADVANCE_HEXTAPUL
UNIT_SPY_PLANE,19,kv,ActiveDefenseRange,0
UNIT_SPY_PLANE,20,flag,LossMoveToDmgNone,
UNIT_SPY_PLANE,21,flag,NoFuelThenCrash,
UNIT_SPY_PLANE,22,kv,MaxFuel,10000
UNIT_SPY_PLANE,23,flag,IgnoreZOC,
UNIT_SPY_PLANE,24,flag,CantCaptureCity,
UNIT_SPY_PLANE,25,flag,DeathEffectsHappy,
UNIT_SPY_PLANE,26,flag,Explodes,
UNIT_SPY_PLANE,27,flag,OnlyBuildOne,
UNIT_SPY_PLANE,28,kv,SoundSelect1,SOUND_SELECT1_SPY_PLANE
UNIT_SPY_PLANE,29,kv,SoundSelect2,SOUND_SELECT2_SPY_PLANE
UNIT_SPY_PLANE,30,kv,SoundMove,SOUND_MOVE_SPY_PLANE
UNIT_SPY_PLANE,31,kv,SoundAcknowledge,SOUND_ACKNOWLEDGE_SPY_PLANE
UNIT_SPY_PLANE,32,kv,SoundCantMove,SOUND_CANTMOVE_SPY_PLANE
UNIT_SPY_PLANE,33,kv,SoundAttack,SOUND_ATTACK_SPY_PLANE
UNIT_SPY_PLANE,34,kv,SoundWork,SOUND_WORK_SPY_PLANE
UNIT_SPY_PLANE,35,kv,SoundVictory,SOUND_VICTORY_SPY_PLANE
UNIT_SPY_PLANE,36,kv,SoundDeath,SOUND_DEATH_SPY_PLANE
UNIT_SPY_PLANE,37,sublist,CanAttack,Air
UNIT_SPY_PLANE,38,sublist,CanSee,Standard
UNIT_SPY_PLANE,39,sublist,CanSee,Underwater
UNIT_SPY_PLANE,40,sublist,MovementType,Air
UNIT_SPY_PLANE,41,sublist,Size,Medium
UNIT_SPY_PLANE,42,sublist,VisionClass,Standard
UNIT_STEALTH_BOMBER,0,flag,CantBuild,
UNIT_STEALTH_BOMBER,1,flag,GLHidden,
UNIT_STEALTH_BOMBER,2,kv,Description,DESCRIPTION_UNIT_STEALTH_BOMBER
UNIT_STEALTH_BOMBER,3,kv,DefaultIcon,ICON_UNIT_STEALTH_BOMBER
UNIT_STEALTH_BOMBER,4,kv,DefaultSprite,SPRITE_STEALTH_BOMBER
UNIT_STEALTH_BOMBER,5,kv,Category,UNIT_CATEGORY_AERIAL
UNIT_STEALTH_BOMBER,6,kv,Attack,80
UNIT_STEALTH_BOMBER,7,kv,Defense,80
UNIT_STEALTH_BOMBER,8,kv,ZBRangeAttack,95
UNIT_STEALTH_BOMBER,9,kv,Firepower,4
UNIT_STEALTH_BOMBER,10,kv,Armor,3
UNIT_STEALTH_BOMBER,11,kv,MaxHP,20
UNIT_STEALTH_BOMBER,12,kv,ShieldCost,3900
UNIT_STEALTH_BOMBER,13,kv,PowerPoints,6000
UNIT_STEALTH_BOMBER,14,kv,ShieldHunger,39
UNIT_STEALTH_BOMBER,15,kv,FoodHunger,0
UNIT_STEALTH_BOMBER,16,kv,MaxMovePoints,1000
UNIT_STEALTH_BOMBER,17,kv,VisionRange,4
UNIT_STEALTH_BOMBER,18,kv,EnableAdvance,ADVANCE_HEXTAPUL
UNIT_STEALTH_BOMBER,19,kv,BombRounds,5
UNIT_STEALTH_BOMBER,20,kv,BombardRange,1
UNIT_STEALTH_BOMBER,21,flag,CanCounterBombard,
UNIT_STEALTH_BOMBER,22,kv,ActiveDefenseRange,0
UNIT_STEALTH_BOMBER,23,flag,EnableCarrierDefenses,
UNIT_STEALTH_BOMBER,24,flag,LossMoveToDmgNone,
UNIT_STEALTH_BOMBER,25,flag,NoFuelThenCrash,
UNIT_STEALTH_BOMBER,26,kv,MaxFuel,5000
UNIT_STEALTH_BOMBER,27,flag,IgnoreZOC,
UNIT_STEALTH_BOMBER,28,flag,CanBeachAssault,
UNIT_STEALTH_BOMBER,29,flag,CantCaptureCity,
UNIT_STEALTH_BOMBER,30,flag,DeathEffectsHappy,
UNIT_STEALTH_BOMBER,31,flag,Explodes,
UNIT_STEALTH_BOMBER,32,flag,OnlyBuildOne,
UNIT_STEALTH_BOMBER,33,kv,SoundSelect1,SOUND_SELECT1_STEALTH_BOMBER
UNIT_STEALTH_BOMBER,34,kv,SoundSelect2,SOUND_SELECT2_STEALTH_BOMBER
UNIT_STEALTH_BOMBER,35,kv,SoundMove,SOUND_MOVE_STEALTH_BOMBER
UNIT_STEALTH_BOMBER,36,kv,SoundAcknowledge,SOUND_ACKNOWLEDGE_STEALTH_BOMBER
UNIT_STEALTH_BOMBER,37,kv,SoundCantMove,SOUND_CANTMOVE_STEALTH_BOMBER
UNIT_STEALTH_BOMBER,38,kv,SoundAttack,SOUND_ATTACK_STEALTH_BOMBER
UNIT_STEALTH_BOMBER,39,kv,SoundWork,SOUND_WORK_STEALTH_BOMBER
UNIT_STEALTH_BOMBER,40,kv,SoundVictory,SOUND_VICTORY_STEALTH_BOMBER
UNIT_STEALTH_BOMBER,41,kv,SoundDeath,SOUND_DEATH_STEALTH_BOMBER
UNIT_STEALTH_BOMBER,42,sublist,CanAttack,Air
UNIT_STEALTH_BOMBER,43,sublist,CanAttack,Land
UNIT_STEALTH_BOMBER,44,sublist,CanAttack,Mountain
UNIT_STEALTH_BOMBER,45,sublist,CanAttack,Sea
UNIT_STEALTH_BOMBER,46,sublist,CanAttack,ShallowWater
UNIT_STEALTH_BOMBER,47,sublist,CanBombard,Land
UNIT_STEALTH_BOMBER,48,sublist,CanBombard,Mountain
UNIT_STEALTH_BOMBER,49,sublist,CanBombard,Water
UNIT_STEALTH_BOMBER,50,sublist,CanCarry,SmallAir
UNIT_STEALTH_BOMBER,51,sublist,CanSee,Standard
UNIT_STEALTH_BOMBER,52,sublist,MovementType,Air
UNIT_STEALTH_BOMBER,53,sublist,Size,Medium
UNIT_STEALTH_BOMBER,54,sublist,VisionClass,Standard
UNIT_STEALTH_BOMBER,55,nested,CargoData,"[{""t"": ""kv"", ""k"": ""MaxCargo"", ""v"": ""2""}, {""t"": ""kv"", ""k"": ""Load"", ""v"": ""SOUND_ID_STEALTH_BOMBER_LOAD""}, {""t"": ""kv"", ""k"": ""Unload"", ""v"": ""SOUND_ID_STEALTH_BOMBER_UNLOAD""}]"
UNIT_STEALTH_FIGHTER,0,flag,CantBuild,
UNIT_STEALTH_FIGHTER,1,flag,GLHidden,
UNIT_STEALTH_FIGHTER,2,kv,Description,DESCRIPTION_UNIT_STEALTH_FIGHTER
UNIT_STEALTH_FIGHTER,3,kv,DefaultIcon,ICON_UNIT_STEALTH_FIGHTER
UNIT_STEALTH_FIGHTER,4,kv,DefaultSprite,SPRITE_STEALTH_FIGHTER
UNIT_STEALTH_FIGHTER,5,kv,Category,UNIT_CATEGORY_AERIAL
UNIT_STEALTH_FIGHTER,6,kv,Attack,90
UNIT_STEALTH_FIGHTER,7,kv,Defense,80
UNIT_STEALTH_FIGHTER,8,kv,ZBRangeAttack,90
UNIT_STEALTH_FIGHTER,9,kv,Firepower,5
UNIT_STEALTH_FIGHTER,10,kv,Armor,3
UNIT_STEALTH_FIGHTER,11,kv,MaxHP,20
UNIT_STEALTH_FIGHTER,12,kv,ShieldCost,3300
UNIT_STEALTH_FIGHTER,13,kv,PowerPoints,4000
UNIT_STEALTH_FIGHTER,14,kv,ShieldHunger,33
UNIT_STEALTH_FIGHTER,15,kv,FoodHunger,0
UNIT_STEALTH_FIGHTER,16,kv,MaxMovePoints,1500
UNIT_STEALTH_FIGHTER,17,kv,VisionRange,4
UNIT_STEALTH_FIGHTER,18,kv,EnableAdvance,ADVANCE_HEXTAPUL
UNIT_STEALTH_FIGHTER,19,flag,CanCounterBombard,
UNIT_STEALTH_FIGHTER,20,kv,ActiveDefenseRange,1
UNIT_STEALTH_FIGHTER,21,flag,EnableCarrierDefenses,
UNIT_STEALTH_FIGHTER,22,flag,LossMoveToDmgNone,
UNIT_STEALTH_FIGHTER,23,flag,NoFuelThenCrash,
UNIT_STEALTH_FIGHTER,24,kv,MaxFuel,3000
UNIT_STEALTH_FIGHTER,25,flag,IgnoreZOC,
UNIT_STEALTH_FIGHTER,26,flag,CanBeachAssault,
UNIT_STEALTH_FIGHTER,27,flag,CantCaptureCity,
UNIT_STEALTH_FIGHTER,28,flag,DeathEffectsHappy,
UNIT_STEALTH_FIGHTER,29,flag,Explodes,
UNIT_STEALTH_FIGHTER,30,flag,OnlyBuildOne,
UNIT_STEALTH_FIGHTER,31,kv,SoundSelect1,SOUND_SELECT1_STEALTH_FIGHTER
UNIT_STEALTH_FIGHTER,32,kv,SoundSelect2,SOUND_SELECT2_STEALTH_FIGHTER
UNIT_STEALTH_FIGHTER,33,kv,SoundMove,SOUND_MOVE_STEALTH_FIGHTER
UNIT_STEALTH_FIGHTER,34,kv,SoundAcknowledge,SOUND_ACKNOWLEDGE_STEALTH_FIGHTER
UNIT_STEALTH_FIGHTER,35,kv,SoundCantMove,SOUND_CANTMOVE_STEALTH_FIGHTER
UNIT_STEALTH_FIGHTER,36,kv,SoundAttack,SOUND_ATTACK_STEALTH_FIGHTER
UNIT_STEALTH_FIGHTER,37,kv,SoundWork,SOUND_WORK_STEALTH_FIGHTER
UNIT_STEALTH_FIGHTER,38,kv,SoundVictory,SOUND_VICTORY_STEALTH_FIGHTER
UNIT_STEALTH_FIGHTER,39,kv,SoundDeath,SOUND_DEATH_STEALTH_FIGHTER
UNIT_STEALTH_FIGHTER,40,sublist,CanAttack,Air
UNIT_STEALTH_FIGHTER,41,sublist,CanAttack,Land
UNIT_STEALTH_FIGHTER,42,sublist,CanAttack,Mountain
UNIT_STEALTH_FIGHTER,43,sublist,CanAttack,Sea
UNIT_STEALTH_FIGHTER,44,sublist,CanAttack,ShallowWater
UNIT_STEALTH_FIGHTER,45,sublist,CanSee,Standard
UNIT_STEALTH_FIGHTER,46,sublist,Defend,Air
UNIT_STEALTH_FIGHTER,47,sublist,MovementType,Air
UNIT_STEALTH_FIGHTER,48,sublist,Size,Medium
UNIT_STEALTH_FIGHTER,49,sublist,VisionClass,Standard
UNIT_SUBMARINE,0,flag,CantBuild,
UNIT_SUBMARINE,1,flag,GLHidden,
UNIT_SUBMARINE,2,kv,Description,DESCRIPTION_UNIT_SUBMARINE
UNIT_SUBMARINE,3,kv,DefaultIcon,ICON_UNIT_SUBMARINE
UNIT_SUBMARINE,4,kv,DefaultSprite,SPRITE_SUBMARINE
UNIT_SUBMARINE,5,kv,Category,UNIT_CATEGORY_UNDERSEA
UNIT_SUBMARINE,6,kv,Attack,40
UNIT_SUBMARINE,7,kv,Defense,30
UNIT_SUBMARINE,8,kv,ZBRangeAttack,40
UNIT_SUBMARINE,9,kv,Firepower,3
UNIT_SUBMARINE,10,kv,Armor,2
UNIT_SUBMARINE,11,kv,MaxHP,10
UNIT_SUBMARINE,12,kv,ShieldCost,1700
UNIT_SUBMARINE,13,kv,PowerPoints,1500
UNIT_SUBMARINE,14,kv,ShieldHunger,17
UNIT_SUBMARINE,15,kv,FoodHunger,0
UNIT_SUBMARINE,16,kv,MaxMovePoints,800
UNIT_SUBMARINE,17,kv,VisionRange,2
UNIT_SUBMARINE,18,kv,EnableAdvance,ADVANCE_HEXTAPUL
UNIT_SUBMARINE,19,kv,BombRounds,5
UNIT_SUBMARINE,20,kv,BombardRange,1
UNIT_SUBMARINE,21,flag,CanCounterBombard,
UNIT_SUBMARINE,22,kv,ActiveDefenseRange,0
UNIT_SUBMARINE,23,flag,LossMoveToDmgNone,
UNIT_SUBMARINE,24,kv,MaxFuel,0
UNIT_SUBMARINE,25,flag,NoZoc,
UNIT_SUBMARINE,26,flag,CanExpel,
UNIT_SUBMARINE,27,flag,CanPillage,
UNIT_SUBMARINE,28,flag,CanPirate,
UNIT_SUBMARINE,29,flag,CantCaptureCity,
UNIT_SUBMARINE,30,flag,DeathEffectsHappy,
UNIT_SUBMARINE,31,flag,IsSubmarine,
UNIT_SUBMARINE,32,flag,IsFlanker,
UNIT_SUBMARINE,33,flag,Explodes,
UNIT_SUBMARINE,34,flag,OnlyBuildOne,
UNIT_SUBMARINE,35,kv,SoundSelect1,SOUND_SELECT1_SUBMARINE
UNIT_SUBMARINE,36,kv,SoundSelect2,SOUND_SELECT2_SUBMARINE
UNIT_SUBMARINE,37,kv,SoundMove,SOUND_MOVE_SUBMARINE
UNIT_SUBMARINE,38,kv,SoundAcknowledge,SOUND_ACKNOWLEDGE_SUBMARINE
UNIT_SUBMARINE,39,kv,SoundCantMove,SOUND_CANTMOVE_SUBMARINE
UNIT_SUBMARINE,40,kv,SoundAttack,SOUND_ATTACK_SUBMARINE
UNIT_SUBMARINE,41,kv,SoundWork,SOUND_WORK_SUBMARINE
UNIT_SUBMARINE,42,kv,SoundVictory,SOUND_VICTORY_SUBMARINE
UNIT_SUBMARINE,43,kv,SoundDeath,SOUND_DEATH_SUBMARINE
UNIT_SUBMARINE,44,sublist,CanAttack,Sea
UNIT_SUBMARINE,45,sublist,CanAttack,Underwater
UNIT_SUBMARINE,46,sublist,CanAttack,ShallowWater
UNIT_SUBMARINE,47,sublist,CanCarry,SmallAir
UNIT_SUBMARINE,48,sublist,CanCarry,SmallLand
UNIT_SUBMARINE,49,sublist,CanBombard,Water
UNIT_SUBMARINE,50,sublist,CanSee,Standard
UNIT_SUBMARINE,51,sublist,CanSee,Underwater
UNIT_SUBMARINE,52,sublist,MovementType,Sea
UNIT_SUBMARINE,53,sublist,MovementType,ShallowWater
UNIT_SUBMARINE,54,sublist,Size,Large
UNIT_SUBMARINE,55,sublist,VisionClass,Underwater
UNIT_SUBMARINE,56,nested,CanReform,"[{""t"": ""kv"", ""k"": ""Sound"", ""v"": ""SOUND_ID_REFORM_CITY""}, {""t"": ""kv"", ""k"": ""Effect"", ""v"": ""SPECEFFECT_REFORMCITY""}]"
UNIT_SUBMARINE,57,nested,CargoData,"[{""t"": ""kv"", ""k"": ""MaxCargo"", ""v"": ""1""}, {""t"": ""kv"", ""k"": ""Load"", ""v"": ""SOUND_ID_SUBMARINE_LOAD""}, {""t"": ""kv"", ""k"": ""Unload"", ""v"": ""SOUND_ID_SUBMARINE_UNLOAD""}]"
UNIT_TANK,0,flag,CantBuild,
UNIT_TANK,1,flag,GLHidden,
UNIT_TANK,2,kv,Description,DESCRIPTION_UNIT_TANK
UNIT_TANK,3,kv,DefaultIcon,ICON_UNIT_TANK
UNIT_TANK,4,kv,DefaultSprite,SPRITE_TANK
UNIT_TANK,5,kv,Category,UNIT_CATEGORY_FLANKER
UNIT_TANK,6,kv,Attack,55
UNIT_TANK,7,kv,Defense,40
UNIT_TANK,8,kv,ZBRangeAttack,40
UNIT_TANK,9,kv,Firepower,3
UNIT_TANK,10,kv,Armor,2
UNIT_TANK,11,kv,MaxHP,18
UNIT_TANK,12,kv,ShieldCost,2700
UNIT_TANK,13,kv,PowerPoints,2000
UNIT_TANK,14,kv,ShieldHunger,27
UNIT_TANK,15,kv,FoodHunger,0
UNIT_TANK,16,kv,MaxMovePoints,500
UNIT_TANK,17,kv,VisionRange,3
UNIT_TANK,18,kv,EnableAdvance,ADVANCE_HEXTAPUL
UNIT_TANK,19,kv,BombRounds,2
UNIT_TANK,20,kv,BombardRange,1
UNIT_TANK,21,flag,CanCounterBombard,
UNIT_TANK,22,kv,ActiveDefenseRange,0
UNIT_TANK,23,flag,LossMoveToDmgNone,
UNIT_TANK,24,kv,MaxFuel,0
UNIT_TANK,25,flag,CanEntrench,
UNIT_TANK,26,flag,NoZoc,
UNIT_TANK,27,flag,CanExpel,
UNIT_TANK,28,flag,CanPillage,
UNIT_TANK,29,flag,CanPirate,
UNIT_TANK,30,flag,ExertsMartialLaw,
UNIT_TANK,31,flag,DeathEffectsHappy,
UNIT_TANK,32,flag,IsFlanker,
UNIT_TANK,33,flag,Explodes,
UNIT_TANK,34,flag,OnlyBuildOne,
UNIT_TANK,35,kv,SoundSelect1,SOUND_SELECT1_TANK
UNIT_TANK,36,kv,SoundSelect2,SOUND_SELECT2_TANK
UNIT_TANK,37,kv,SoundMove,SOUND_MOVE_TANK
UNIT_TANK,38,kv,SoundAcknowledge,SOUND_ACKNOWLEDGE_TANK
UNIT_TANK,39,kv,SoundCantMove,SOUND_CANTMOVE_TANK
UNIT_TANK,40,kv,SoundAttack,SOUND_ATTACK_TANK
UNIT_TANK,41,kv,SoundWork,SOUND_WORK_TANK
UNIT_TANK,42,kv,SoundVictory,SOUND_VICTORY_TANK
UNIT_TANK,43,kv,SoundDeath,SOUND_DEATH_TANK
UNIT_TANK,44,sublist,CanAttack,Land
UNIT_TANK,45,sublist,CanSee,Standard
UNIT_TANK,46,sublist,MovementType,Land
UNIT_TANK,47,sublist,Size,Medium
UNIT_TANK,48,sublist,VisionClass,Standard
UNIT_TANK,49,nested,CanReform,"[{""t"": ""kv"", ""k"": ""Sound"", ""v"": ""SOUND_ID_REFORM_CITY""}, {""t"": ""kv"", ""k"": ""Effect"", ""v"": ""SPECEFFECT_REFORMCITY""}]"
UNIT_TELEVANGELIST,0,flag,CantBuild,
UNIT_TELEVANGELIST,1,flag,GLHidden,
UNIT_TELEVANGELIST,2,kv,Description,DESCRIPTION_UNIT_TELEVANGELIST
UNIT_TELEVANGELIST,3,kv,DefaultIcon,ICON_UNIT_TELEVANGELIST
UNIT_TELEVANGELIST,4,kv,DefaultSprite,SPRITE_TELEVANGELIST
UNIT_TELEVANGELIST,5,kv,Category,UNIT_CATEGORY_SPECIAL
UNIT_TELEVANGELIST,6,kv,Attack,0
UNIT_TELEVANGELIST,7,kv,Defense,10
UNIT_TELEVANGELIST,8,kv,ZBRangeAttack,0
UNIT_TELEVANGELIST,9,kv,Firepower,1
UNIT_TELEVANGELIST,10,kv,Armor,1
UNIT_TELEVANGELIST,11,kv,MaxHP,10
UNIT_TELEVANGELIST,12,kv,ShieldCost,1500
UNIT_TELEVANGELIST,13,kv,PowerPoints,1000
UNIT_TELEVANGELIST,14,kv,ShieldHunger,15
UNIT_TELEVANGELIST,15,kv,FoodHunger,0
UNIT_TELEVANGELIST,16,kv,MaxMovePoints,400
UNIT_TELEVANGELIST,17,kv,VisionRange,2
UNIT_TELEVANGELIST,18,kv,EnableAdvance,ADVANCE_HEXTAPUL
UNIT_TELEVANGELIST,19,kv,ActiveDefenseRange,0
UNIT_TELEVANGELIST,20,flag,LossMoveToDmgNone,
UNIT_TELEVANGELIST,21,kv,MaxFuel,0
UNIT_TELEVANGELIST,22,flag,CanEntrench,
UNIT_TELEVANGELIST,23,flag,IgnoreZOC,
UNIT_TELEVANGELIST,24,flag,NoZoc,
UNIT_TELEVANGELIST,25,flag,CanBeExpelled,
UNIT_TELEVANGELIST,26,flag,CanBeSued,
UNIT_TELEVANGELIST,27,flag,CantCaptureCity,
UNIT_TELEVANGELIST,28,flag,DeathEffectsHappy,
UNIT_TELEVANGELIST,29,flag,IsSpecialForces,
UNIT_TELEVANGELIST,30,flag,IsTelevangelist,
UNIT_TELEVANGELIST,31,flag,Civilian,
UNIT_TELEVANGELIST,32,flag,OnlyBuildOne,
UNIT_TELEVANGELIST,33,kv,SoundSelect1,SOUND_SELECT1_TELEVANGELIST
UNIT_TELEVANGELIST,34,kv,SoundSelect2,SOUND_SELECT2_TELEVANGELIST
UNIT_TELEVANGELIST,35,kv,SoundMove,SOUND_MOVE_TELEVANGELIST
UNIT_TELEVANGELIST,36,kv,SoundAcknowledge,SOUND_ACKNOWLEDGE_TELEVANGELIST
UNIT_TELEVANGELIST,37,kv,SoundCantMove,SOUND_CANTMOVE_TELEVANGELIST
UNIT_TELEVANGELIST,38,kv,SoundAttack,SOUND_ATTACK_TELEVANGELIST
UNIT_TELEVANGELIST,39,kv,SoundWork,SOUND_WORK_TELEVANGELIST
UNIT_TELEVANGELIST,40,kv,SoundVictory,SOUND_VICTORY_TELEVANGELIST
UNIT_TELEVANGELIST,41,kv,SoundDeath,SOUND_DEATH_TELEVANGELIST
UNIT_TELEVANGELIST,42,sublist,CanSee,Standard
UNIT_TELEVANGELIST,43,sublist,CanSee,Stealth
UNIT_TELEVANGELIST,44,sublist,MovementType,Land
UNIT_TELEVANGELIST,45,sublist,MovementType,Mountain
UNIT_TELEVANGELIST,46,sublist,Size,Small
UNIT_TELEVANGELIST,47,sublist,VisionClass,Stealth
UNIT_TELEVANGELIST,48,nested,CanSoothsay,"[{""t"": ""kv"", ""k"": ""Sound"", ""v"": ""SOUND_ID_CAN_SOOTHSAY_TV""}, {""t"": ""kv"", ""k"": ""Effect"", ""v"": ""SPECEFFECT_CAN_SOOTHSAY""}]"
UNIT_TELEVANGELIST,49,nested,CauseUnhappiness,"[{""t"": ""kv"", ""k"": ""Chance"", ""v"": ""1""}, {""t"": ""kv"", ""k"": ""Timer"", ""v"": ""1""}, {""t"": ""kv"", ""k"": ""Amount"", ""v"": ""3""}, {""t"": ""kv"", ""k"": ""Sound"", ""v"": ""SOUND_ID_CAN_SOOTHSAY_TV""}, {""t"": ""kv"", ""k"": ""Effect"", ""v"": ""SPECEFFECT_CAN_SOOTHSAY""}]"
UNIT_TELEVANGELIST,50,nested,ConvertCities,"[{""t"": ""kv"", ""k"": ""Chance"", ""v"": ""0.75""}, {""t"": ""kv"", ""k"": ""DeathChance"", ""v"": ""0.25""}, {""t"": ""kv"", ""k"": ""Sound"", ""v"": ""SOUND_ID_CONVERT_CITIES_TV""}, {""t"": ""kv"", ""k"": ""Effect"", ""v"": ""SPECEFFECT_CONVERT_CITIES""}]"
UNIT_TELEVANGELIST,51,nested,IndulgenceSales,"[{""t"": ""kv"", ""k"": ""Sound"", ""v"": ""SOUND_ID_INDULGENCE_SALES_TV""}, {""t"": ""kv"", ""k"": ""Effect"", ""v"": ""SPECEFFECT_INDULGENCE_SALES""}]"
UNIT_TEUTONIC_KNIGHT,0,kv,Description,DESCRIPTION_UNIT_KNIGHT
UNIT_TEUTONIC_KNIGHT,1,kv,DefaultIcon,ICON_UNIT_TEUTONIC_KNIGHT
UNIT_TEUTONIC_KNIGHT,2,kv,DefaultSprite,SPRITE_TEUTONIC_KNIGHT
UNIT_TEUTONIC_KNIGHT,3,kv,Category,UNIT_CATEGORY_FLANKER
UNIT_TEUTONIC_KNIGHT,4,kv,Attack,40
UNIT_TEUTONIC_KNIGHT,5,kv,Defense,40
UNIT_TEUTONIC_KNIGHT,6,kv,ZBRangeAttack,0
UNIT_TEUTONIC_KNIGHT,7,kv,Firepower,2
UNIT_TEUTONIC_KNIGHT,8,kv,Armor,1
UNIT_TEUTONIC_KNIGHT,9,kv,MaxHP,18
UNIT_TEUTONIC_KNIGHT,10,kv,ShieldCost,1000
UNIT_TEUTONIC_KNIGHT,11,kv,PowerPoints,400
UNIT_TEUTONIC_KNIGHT,12,kv,ShieldHunger,5
UNIT_TEUTONIC_KNIGHT,13,kv,FoodHunger,0
UNIT_TEUTONIC_KNIGHT,14,kv,MaxMovePoints,300
UNIT_TEUTONIC_KNIGHT,15,kv,VisionRange,2
UNIT_TEUTONIC_KNIGHT,16,kv,EnableAdvance,ADVANCE_RUS
UNIT_TEUTONIC_KNIGHT,17,kv,ActiveDefenseRange,0
UNIT_TEUTONIC_KNIGHT,18,flag,LossMoveToDmgNone,
UNIT_TEUTONIC_KNIGHT,19,kv,MaxFuel,0
UNIT_TEUTONIC_KNIGHT,20,flag,CanEntrench,
UNIT_TEUTONIC_KNIGHT,21,flag,NoZoc,
UNIT_TEUTONIC_KNIGHT,22,flag,CanExpel,
UNIT_TEUTONIC_KNIGHT,23,flag,CanPillage,
UNIT_TEUTONIC_KNIGHT,24,flag,CanPirate,
UNIT_TEUTONIC_KNIGHT,25,flag,ExertsMartialLaw,
UNIT_TEUTONIC_KNIGHT,26,flag,DeathEffectsHappy,
UNIT_TEUTONIC_KNIGHT,27,flag,IsFlanker,
UNIT_TEUTONIC_KNIGHT,28,flag,IsMounted,
UNIT_TEUTONIC_KNIGHT,29,flag,IsSpecialForces,
UNIT_TEUTONIC_KNIGHT,30,flag,OnlyBuildOne,
UNIT_TEUTONIC_KNIGHT,31,kv,SoundSelect1,SOUND_SELECT1_KNIGHT
UNIT_TEUTONIC_KNIGHT,32,kv,SoundSelect2,SOUND_SELECT2_KNIGHT
UNIT_TEUTONIC_KNIGHT,33,kv,SoundMove,SOUND_MOVE_KNIGHT
UNIT_TEUTONIC_KNIGHT,34,kv,SoundAcknowledge,SOUND_ACKNOWLEDGE_KNIGHT
UNIT_TEUTONIC_KNIGHT,35,kv,SoundCantMove,SOUND_CANTMOVE_KNIGHT
UNIT_TEUTONIC_KNIGHT,36,kv,SoundAttack,SOUND_ATTACK_KNIGHT
UNIT_TEUTONIC_KNIGHT,37,kv,SoundWork,SOUND_WORK_KNIGHT
UNIT_TEUTONIC_KNIGHT,38,kv,SoundVictory,SOUND_VICTORY_KNIGHT
UNIT_TEUTONIC_KNIGHT,39,kv,SoundDeath,SOUND_DEATH_KNIGHT
UNIT_TEUTONIC_KNIGHT,40,sublist,CanAttack,Land
UNIT_TEUTONIC_KNIGHT,41,sublist,CanSee,Standard
UNIT_TEUTONIC_KNIGHT,42,sublist,CanSee,Stealth
UNIT_TEUTONIC_KNIGHT,43,sublist,MovementType,Land
UNIT_TEUTONIC_KNIGHT,44,sublist,Size,Medium
UNIT_TEUTONIC_KNIGHT,45,sublist,VisionClass,Stealth
UNIT_TEUTONIC_KNIGHT,46,nested,CanReform,"[{""t"": ""kv"", ""k"": ""Sound"", ""v"": ""SOUND_ID_REFORM_CITY""}, {""t"": ""kv"", ""k"": ""Effect"", ""v"": ""SPECEFFECT_REFORMCITY""}]"
UNIT_TREBUCHET,0,kv,Description,DESCRIPTION_UNIT_CATAPULT
UNIT_TREBUCHET,1,kv,DefaultIcon,ICON_UNIT_TREBUCHET
UNIT_TREBUCHET,2,kv,DefaultSprite,SPRITE_TREBUCHET
UNIT_TREBUCHET,3,kv,Category,UNIT_CATEGORY_RANGED
UNIT_TREBUCHET,4,kv,Attack,5
UNIT_TREBUCHET,5,kv,Defense,5
UNIT_TREBUCHET,6,kv,ZBRangeAttack,25
UNIT_TREBUCHET,7,kv,Firepower,2
UNIT_TREBUCHET,8,kv,Armor,1
UNIT_TREBUCHET,9,kv,MaxHP,5
UNIT_TREBUCHET,10,kv,ShieldCost,1200
UNIT_TREBUCHET,11,kv,PowerPoints,300
UNIT_TREBUCHET,12,kv,ShieldHunger,6
UNIT_TREBUCHET,13,kv,FoodHunger,0
UNIT_TREBUCHET,14,kv,MaxMovePoints,100
UNIT_TREBUCHET,15,kv,VisionRange,1
UNIT_TREBUCHET,16,kv,EnableAdvance,ADVANCE_SIEGE_II
UNIT_TREBUCHET,17,kv,BombRounds,5
UNIT_TREBUCHET,18,kv,BombardRange,1
UNIT_TREBUCHET,19,flag,CanCounterBombard,
UNIT_TREBUCHET,20,kv,ActiveDefenseRange,0
UNIT_TREBUCHET,21,flag,LossMoveToDmgNone,
UNIT_TREBUCHET,22,kv,MaxFuel,0
UNIT_TREBUCHET,23,flag,CanEntrench,
UNIT_TREBUCHET,24,flag,NoZoc,
UNIT_TREBUCHET,25,flag,CanExpel,
UNIT_TREBUCHET,26,flag,CanPillage,
UNIT_TREBUCHET,27,flag,CanPirate,
UNIT_TREBUCHET,28,flag,ExertsMartialLaw,
UNIT_TREBUCHET,29,flag,DeathEffectsHappy,
UNIT_TREBUCHET,30,flag,OnlyBuildOne,
UNIT_TREBUCHET,31,kv,SoundSelect1,SOUND_SELECT1_CATAPULT
UNIT_TREBUCHET,32,kv,SoundSelect2,SOUND_SELECT2_CATAPULT
UNIT_TREBUCHET,33,kv,SoundMove,SOUND_MOVE_CATAPULT
UNIT_TREBUCHET,34,kv,SoundAcknowledge,SOUND_ACKNOWLEDGE_CATAPULT
UNIT_TREBUCHET,35,kv,SoundCantMove,SOUND_CANTMOVE_CATAPULT
UNIT_TREBUCHET,36,kv,SoundAttack,SOUND_ATTACK_CATAPULT
UNIT_TREBUCHET,37,kv,SoundWork,SOUND_WORK_CATAPULT
UNIT_TREBUCHET,38,kv,SoundVictory,SOUND_VICTORY_CATAPULT
UNIT_TREBUCHET,39,kv,SoundDeath,SOUND_DEATH_CATAPULT
UNIT_TREBUCHET,40,sublist,CanAttack,Land
UNIT_TREBUCHET,41,sublist,CanBombard,Land
UNIT_TREBUCHET,42,sublist,CanBombard,Mountain
UNIT_TREBUCHET,43,sublist,CanBombard,Water
UNIT_TREBUCHET,44,sublist,CanSee,Standard
UNIT_TREBUCHET,45,sublist,MovementType,Land
UNIT_TREBUCHET,46,sublist,Size,Medium
UNIT_TREBUCHET,47,sublist,VisionClass,Standard
UNIT_TREBUCHET,48,nested,CanReform,"[{""t"": ""kv"", ""k"": ""Sound"", ""v"": ""SOUND_ID_REFORM_CITY""}, {""t"": ""kv"", ""k"": ""Effect"", ""v"": ""SPECEFFECT_REFORMCITY""}]"
UNIT_TRIREME,0,flag,CantBuild,
UNIT_TRIREME,1,flag,GLHidden,
UNIT_TRIREME,2,kv,Description,DESCRIPTION_UNIT_FIRE_TRIREME
UNIT_TRIREME,3,kv,DefaultIcon,ICON_UNIT_TRIREME
UNIT_TRIREME,4,kv,DefaultSprite,SPRITE_TRIREME
UNIT_TRIREME,5,kv,Category,UNIT_CATEGORY_NAVAL
UNIT_TRIREME,6,kv,Attack,20
UNIT_TRIREME,7,kv,Defense,10
UNIT_TRIREME,8,kv,ZBRangeAttack,10
UNIT_TRIREME,9,kv,Firepower,1
UNIT_TRIREME,10,kv,Armor,1
UNIT_TRIREME,11,kv,MaxHP,13
UNIT_TRIREME,12,kv,ShieldCost,420
UNIT_TRIREME,13,kv,PowerPoints,300
UNIT_TRIREME,14,kv,ShieldHunger,4
UNIT_TRIREME,15,kv,FoodHunger,0
UNIT_TRIREME,16,kv,MaxMovePoints,300
UNIT_TRIREME,17,kv,VisionRange,1
UNIT_TRIREME,18,kv,EnableAdvance,ADVANCE_HEXTAPUL
UNIT_TRIREME,19,kv,BombRounds,3
UNIT_TRIREME,20,kv,BombardRange,1
UNIT_TRIREME,21,flag,CanCounterBombard,
UNIT_TRIREME,22,kv,ActiveDefenseRange,0
UNIT_TRIREME,23,flag,LossMoveToDmgNone,
UNIT_TRIREME,24,kv,MaxFuel,0
UNIT_TRIREME,25,flag,CanExpel,
UNIT_TRIREME,26,flag,NoZoc,
UNIT_TRIREME,27,flag,CanPillage,
UNIT_TRIREME,28,flag,CanPirate,
UNIT_TRIREME,29,flag,CantCaptureCity,
UNIT_TRIREME,30,flag,ExertsMartialLaw,
UNIT_TRIREME,31,flag,DeathEffectsHappy,
UNIT_TRIREME,32,flag,IsFlanker,
UNIT_TRIREME,33,flag,WoodenShip,
UNIT_TRIREME,34,flag,OnlyBuildOne,
UNIT_TRIREME,35,kv,SoundSelect1,SOUND_SELECT1_GREEK_FIRE_TRIREME
UNIT_TRIREME,36,kv,SoundSelect2,SOUND_SELECT2_GREEK_FIRE_TRIREME
UNIT_TRIREME,37,kv,SoundMove,SOUND_MOVE_GREEK_FIRE_TRIREME
UNIT_TRIREME,38,kv,SoundAcknowledge,SOUND_ACKNOWLEDGE_GREEK_FIRE_TRIREME
UNIT_TRIREME,39,kv,SoundCantMove,SOUND_CANTMOVE_GREEK_FIRE_TRIREME
UNIT_TRIREME,40,kv,SoundAttack,SOUND_ATTACK_GREEK_FIRE_TRIREME
UNIT_TRIREME,41,kv,SoundWork,SOUND_WORK_GREEK_FIRE_TRIREME
UNIT_TRIREME,42,kv,SoundVictory,SOUND_VICTORY_GREEK_FIRE_TRIREME
UNIT_TRIREME,43,kv,SoundDeath,SOUND_DEATH_GREEK_FIRE_TRIREME
UNIT_TRIREME,44,sublist,CanAttack,ShallowWater
UNIT_TRIREME,45,sublist,CanBombard,Water
UNIT_TRIREME,46,sublist,CanSee,Standard
UNIT_TRIREME,47,sublist,MovementType,ShallowWater
UNIT_TRIREME,48,sublist,Size,Large
UNIT_TRIREME,49,sublist,VisionClass,Standard
UNIT_TRIREME,50,nested,CanReform,"[{""t"": ""kv"", ""k"": ""Sound"", ""v"": ""SOUND_ID_REFORM_CITY""}, {""t"": ""kv"", ""k"": ""Effect"", ""v"": ""SPECEFFECT_REFORMCITY""}]"
UNIT_TROOP_SHIP,0,flag,CantBuild,
UNIT_TROOP_SHIP,1,flag,GLHidden,
UNIT_TROOP_SHIP,2,kv,Description,DESCRIPTION_UNIT_TROOP_SHIP
UNIT_TROOP_SHIP,3,kv,DefaultIcon,ICON_UNIT_TROOP_SHIP
UNIT_TROOP_SHIP,4,kv,DefaultSprite,SPRITE_TROOP_SHIP
UNIT_TROOP_SHIP,5,kv,Category,UNIT_CATEGORY_NAVAL
UNIT_TROOP_SHIP,6,kv,Attack,0
UNIT_TROOP_SHIP,7,kv,Defense,10
UNIT_TROOP_SHIP,8,kv,ZBRangeAttack,0
UNIT_TROOP_SHIP,9,kv,Firepower,1
UNIT_TROOP_SHIP,10,kv,Armor,1
UNIT_TROOP_SHIP,11,kv,MaxHP,20
UNIT_TROOP_SHIP,12,kv,ShieldCost,1400
UNIT_TROOP_SHIP,13,kv,PowerPoints,1200
UNIT_TROOP_SHIP,14,kv,ShieldHunger,14
UNIT_TROOP_SHIP,15,kv,FoodHunger,0
UNIT_TROOP_SHIP,16,kv,MaxMovePoints,1200
UNIT_TROOP_SHIP,17,kv,VisionRange,2
UNIT_TROOP_SHIP,18,kv,EnableAdvance,ADVANCE_HEXTAPUL
UNIT_TROOP_SHIP,19,kv,ActiveDefenseRange,0
UNIT_TROOP_SHIP,20,flag,LossMoveToDmgNone,
UNIT_TROOP_SHIP,21,kv,MaxFuel,0
UNIT_TROOP_SHIP,22,flag,NoZoc,
UNIT_TROOP_SHIP,23,flag,CantCaptureCity,
UNIT_TROOP_SHIP,24,flag,DeathEffectsHappy,
UNIT_TROOP_SHIP,25,flag,Explodes,
UNIT_TROOP_SHIP,26,flag,OnlyBuildOne,
UNIT_TROOP_SHIP,27,kv,SoundSelect1,SOUND_SELECT1_TROOP_SHIP
UNIT_TROOP_SHIP,28,kv,SoundSelect2,SOUND_SELECT2_TROOP_SHIP
UNIT_TROOP_SHIP,29,kv,SoundMove,SOUND_MOVE_TROOP_SHIP
UNIT_TROOP_SHIP,30,kv,SoundAcknowledge,SOUND_ACKNOWLEDGE_TROOP_SHIP
UNIT_TROOP_SHIP,31,kv,SoundCantMove,SOUND_CANTMOVE_TROOP_SHIP
UNIT_TROOP_SHIP,32,kv,SoundAttack,SOUND_ATTACK_TROOP_SHIP
UNIT_TROOP_SHIP,33,kv,SoundWork,SOUND_WORK_TROOP_SHIP
UNIT_TROOP_SHIP,34,kv,SoundVictory,SOUND_VICTORY_TROOP_SHIP
UNIT_TROOP_SHIP,35,kv,SoundDeath,SOUND_DEATH_TROOP_SHIP
UNIT_TROOP_SHIP,36,sublist,CanCarry,SmallLand
UNIT_TROOP_SHIP,37,sublist,CanCarry,MedLand
UNIT_TROOP_SHIP,38,sublist,CanSee,Standard
UNIT_TROOP_SHIP,39,sublist,MovementType,Sea
UNIT_TROOP_SHIP,40,sublist,MovementType,ShallowWater
UNIT_TROOP_SHIP,41,sublist,Size,Large
UNIT_TROOP_SHIP,42,sublist,VisionClass,Standard
UNIT_TROOP_SHIP,43,nested,CargoData,"[{""t"": ""kv"", ""k"": ""MaxCargo"", ""v"": ""5""}, {""t"": ""kv"", ""k"": ""Load"", ""v"": ""SOUND_ID_TROOP_SHIP_LOAD""}, {""t"": ""kv"", ""k"": ""Unload"", ""v"": ""SOUND_ID_TROOP_SHIP_UNLOAD""}]"
UNIT_URBAN_PLANNER,0,flag,CantBuild,
UNIT_URBAN_PLANNER,1,flag,GLHidden,
UNIT_URBAN_PLANNER,2,kv,Description,DESCRIPTION_UNIT_URBAN_PLANNER
UNIT_URBAN_PLANNER,3,kv,DefaultIcon,ICON_UNIT_URBAN_PLANNER
UNIT_URBAN_PLANNER,4,kv,DefaultSprite,SPRITE_URBAN_PLANNER
UNIT_URBAN_PLANNER,5,kv,Category,UNIT_CATEGORY_SETTLER
UNIT_URBAN_PLANNER,6,kv,Attack,5
UNIT_URBAN_PLANNER,7,kv,Defense,15
UNIT_URBAN_PLANNER,8,kv,ZBRangeAttack,0
UNIT_URBAN_PLANNER,9,kv,Firepower,1
UNIT_URBAN_PLANNER,10,kv,Armor,1
UNIT_URBAN_PLANNER,11,kv,MaxHP,15
UNIT_URBAN_PLANNER,12,kv,ShieldCost,4500
UNIT_URBAN_PLANNER,13,kv,PowerPoints,100
UNIT_URBAN_PLANNER,14,kv,ShieldHunger,45
UNIT_URBAN_PLANNER,15,kv,FoodHunger,0
UNIT_URBAN_PLANNER,16,kv,MaxMovePoints,200
UNIT_URBAN_PLANNER,17,kv,VisionRange,2
UNIT_URBAN_PLANNER,18,kv,EnableAdvance,ADVANCE_HEXTAPUL
UNIT_URBAN_PLANNER,19,kv,ActiveDefenseRange,0
UNIT_URBAN_PLANNER,20,flag,LossMoveToDmgNone,
UNIT_URBAN_PLANNER,21,kv,MaxFuel,0
UNIT_URBAN_PLANNER,22,flag,CanEntrench,
UNIT_URBAN_PLANNER,23,flag,IgnoreZOC,
UNIT_URBAN_PLANNER,24,flag,NoZoc,
UNIT_URBAN_PLANNER,25,kv,SettleCityType,UNIT_CITY
UNIT_URBAN_PLANNER,26,kv,SettleSize,3
UNIT_URBAN_PLANNER,27,flag,CanBeExpelled,
UNIT_URBAN_PLANNER,28,flag,CantCaptureCity,
UNIT_URBAN_PLANNER,29,flag,DeathEffectsHappy,
UNIT_URBAN_PLANNER,30,flag,BuildingRemovesAPop,
UNIT_URBAN_PLANNER,31,flag,IsSpecialForces,
UNIT_URBAN_PLANNER,32,flag,Civilian,
UNIT_URBAN_PLANNER,33,flag,OnlyBuildOne,
UNIT_URBAN_PLANNER,34,kv,SoundSelect1,SOUND_SELECT1_URBAN_PLANNER
UNIT_URBAN_PLANNER,35,kv,SoundSelect2,SOUND_SELECT2_URBAN_PLANNER
UNIT_URBAN_PLANNER,36,kv,SoundMove,SOUND_MOVE_URBAN_PLANNER
UNIT_URBAN_PLANNER,37,kv,SoundAcknowledge,SOUND_ACKNOWLEDGE_URBAN_PLANNER
UNIT_URBAN_PLANNER,38,kv,SoundCantMove,SOUND_CANTMOVE_URBAN_PLANNER
UNIT_URBAN_PLANNER,39,kv,SoundAttack,SOUND_ATTACK_URBAN_PLANNER
UNIT_URBAN_PLANNER,40,kv,SoundWork,SOUND_WORK_URBAN_PLANNER
UNIT_URBAN_PLANNER,41,kv,SoundVictory,SOUND_VICTORY_URBAN_PLANNER
UNIT_URBAN_PLANNER,42,kv,SoundDeath,SOUND_DEATH_URBAN_PLANNER
UNIT_URBAN_PLANNER,43,kv,SettleBuilding,IMPROVE_ACADEMY
UNIT_URBAN_PLANNER,44,kv,SettleBuilding,IMPROVE_COURTHOUSE
UNIT_URBAN_PLANNER,45,kv,SettleBuilding,IMPROVE_GRANARY
UNIT_URBAN_PLANNER,46,kv,SettleBuilding,IMPROVE_SHRINE
UNIT_URBAN_PLANNER,47,kv,SettleBuilding,IMPROVE_THEATER
UNIT_URBAN_PLANNER,48,sublist,CanSee,Standard
UNIT_URBAN_PLANNER,49,sublist,MovementType,Land
UNIT_URBAN_PLANNER,50,sublist,MovementType,Mountain
UNIT_URBAN_PLANNER,51,sublist,Settle,Land
UNIT_URBAN_PLANNER,52,sublist,Settle,Mountain
UNIT_URBAN_PLANNER,53,sublist,Size,Small
UNIT_URBAN_PLANNER,54,sublist,VisionClass,Standard
UNIT_WAR_WALKER,0,flag,CantBuild,
UNIT_WAR_WALKER,1,flag,GLHidden,
UNIT_WAR_WALKER,2,kv,Description,DESCRIPTION_UNIT_WAR_WALKER
UNIT_WAR_WALKER,3,kv,DefaultIcon,ICON_UNIT_WAR_WALKER
UNIT_WAR_WALKER,4,kv,DefaultSprite,SPRITE_WAR_WALKER
UNIT_WAR_WALKER,5,kv,Category,UNIT_CATEGORY_RANGED
UNIT_WAR_WALKER,6,kv,Attack,55
UNIT_WAR_WALKER,7,kv,Defense,40
UNIT_WAR_WALKER,8,kv,ZBRangeAttack,85
UNIT_WAR_WALKER,9,kv,Firepower,4
UNIT_WAR_WALKER,10,kv,Armor,2
UNIT_WAR_WALKER,11,kv,MaxHP,20
UNIT_WAR_WALKER,12,kv,ShieldCost,4000
UNIT_WAR_WALKER,13,kv,PowerPoints,2000
UNIT_WAR_WALKER,14,kv,ShieldHunger,40
UNIT_WAR_WALKER,15,kv,FoodHunger,0
UNIT_WAR_WALKER,16,kv,MaxMovePoints,500
UNIT_WAR_WALKER,17,kv,VisionRange,4
UNIT_WAR_WALKER,18,kv,EnableAdvance,ADVANCE_HEXTAPUL
UNIT_WAR_WALKER,19,kv,BombRounds,5
UNIT_WAR_WALKER,20,kv,BombardRange,1
UNIT_WAR_WALKER,21,flag,CanCounterBombard,
UNIT_WAR_WALKER,22,kv,ActiveDefenseRange,1
UNIT_WAR_WALKER,23,flag,LossMoveToDmgNone,
UNIT_WAR_WALKER,24,kv,MaxFuel,0
UNIT_WAR_WALKER,25,flag,CanEntrench,
UNIT_WAR_WALKER,26,flag,NoZoc,
UNIT_WAR_WALKER,27,flag,CanExpel,
UNIT_WAR_WALKER,28,flag,CanPillage,
UNIT_WAR_WALKER,29,flag,CanPirate,
UNIT_WAR_WALKER,30,flag,ExertsMartialLaw,
UNIT_WAR_WALKER,31,flag,DeathEffectsHappy,
UNIT_WAR_WALKER,32,flag,Explodes,
UNIT_WAR_WALKER,33,flag,OnlyBuildOne,
UNIT_WAR_WALKER,34,kv,SoundSelect1,SOUND_SELECT1_WAR_WALKER
UNIT_WAR_WALKER,35,kv,SoundSelect2,SOUND_SELECT2_WAR_WALKER
UNIT_WAR_WALKER,36,kv,SoundMove,SOUND_MOVE_WAR_WALKER
UNIT_WAR_WALKER,37,kv,SoundAcknowledge,SOUND_ACKNOWLEDGE_WAR_WALKER
UNIT_WAR_WALKER,38,kv,SoundCantMove,SOUND_CANTMOVE_WAR_WALKER
UNIT_WAR_WALKER,39,kv,SoundAttack,SOUND_ATTACK_WAR_WALKER
UNIT_WAR_WALKER,40,kv,SoundWork,SOUND_WORK_WAR_WALKER
UNIT_WAR_WALKER,41,kv,SoundVictory,SOUND_VICTORY_WAR_WALKER
UNIT_WAR_WALKER,42,kv,SoundDeath,SOUND_DEATH_WAR_WALKER
UNIT_WAR_WALKER,43,sublist,CanAttack,Air
UNIT_WAR_WALKER,44,sublist,CanAttack,Land
UNIT_WAR_WALKER,45,sublist,CanAttack,Mountain
UNIT_WAR_WALKER,46,sublist,CanBombard,Land
UNIT_WAR_WALKER,47,sublist,CanBombard,Mountain
UNIT_WAR_WALKER,48,sublist,CanBombard,Water
UNIT_WAR_WALKER,49,sublist,CanBombard,Air
UNIT_WAR_WALKER,50,sublist,CanSee,Standard
UNIT_WAR_WALKER,51,sublist,Defend,Air
UNIT_WAR_WALKER,52,sublist,MovementType,Land
UNIT_WAR_WALKER,53,sublist,MovementType,Mountain
UNIT_WAR_WALKER,54,sublist,Size,Medium
UNIT_WAR_WALKER,55,sublist,VisionClass,Standard
UNIT_WAR_WALKER,56,nested,CanReform,"[{""t"": ""kv"", ""k"": ""Sound"", ""v"": ""SOUND_ID_REFORM_CITY""}, {""t"": ""kv"", ""k"": ""Effect"", ""v"": ""SPECEFFECT_REFORMCITY""}]"
UNIT_WARRIOR,0,kv,Description,DESCRIPTION_UNIT_WARRIOR
UNIT_WARRIOR,1,kv,DefaultIcon,ICON_UNIT_WARRIOR
UNIT_WARRIOR,2,kv,DefaultSprite,SPRITE_WARRIOR
UNIT_WARRIOR,3,kv,Category,UNIT_CATEGORY_ATTACK
UNIT_WARRIOR,4,kv,Attack,35
UNIT_WARRIOR,5,kv,Defense,40
UNIT_WARRIOR,6,kv,ZBRangeAttack,0
UNIT_WARRIOR,7,kv,Firepower,2
UNIT_WARRIOR,8,kv,Armor,1
UNIT_WARRIOR,9,kv,MaxHP,17
UNIT_WARRIOR,10,kv,ShieldCost,900
UNIT_WARRIOR,11,kv,PowerPoints,400
UNIT_WARRIOR,12,kv,ShieldHunger,4
UNIT_WARRIOR,13,kv,FoodHunger,0
UNIT_WARRIOR,14,kv,MaxMovePoints,100
UNIT_WARRIOR,15,kv,VisionRange,1
UNIT_WARRIOR,16,kv,EnableAdvance,ADVANCE_ARABIA
UNIT_WARRIOR,17,kv,ActiveDefenseRange,0
UNIT_WARRIOR,18,flag,LossMoveToDmgNone,
UNIT_WARRIOR,19,kv,MaxFuel,0
UNIT_WARRIOR,20,flag,CanEntrench,
UNIT_WARRIOR,21,flag,NoZoc,
UNIT_WARRIOR,22,flag,CanExpel,
UNIT_WARRIOR,23,flag,CanPillage,
UNIT_WARRIOR,24,flag,CanPirate,
UNIT_WARRIOR,25,flag,ExertsMartialLaw,
UNIT_WARRIOR,26,flag,DeathEffectsHappy,
UNIT_WARRIOR,27,flag,BonusAgainstMounted,
UNIT_WARRIOR,28,kv,MountedBonus,0.25
UNIT_WARRIOR,29,flag,OnlyBuildOne,
UNIT_WARRIOR,30,kv,SoundSelect1,SOUND_SELECT1_PIKEMEN
UNIT_WARRIOR,31,kv,SoundSelect2,SOUND_SELECT2_PIKEMEN
UNIT_WARRIOR,32,kv,SoundMove,SOUND_MOVE_PIKEMEN
UNIT_WARRIOR,33,kv,SoundAcknowledge,SOUND_ACKNOWLEDGE_PIKEMEN
UNIT_WARRIOR,34,kv,SoundCantMove,SOUND_CANTMOVE_PIKEMEN
UNIT_WARRIOR,35,kv,SoundAttack,SOUND_ATTACK_PIKEMEN
UNIT_WARRIOR,36,kv,SoundWork,SOUND_WORK_PIKEMEN
UNIT_WARRIOR,37,kv,SoundVictory,SOUND_VICTORY_PIKEMEN
UNIT_WARRIOR,38,kv,SoundDeath,SOUND_DEATH_PIKEMEN
UNIT_WARRIOR,39,sublist,CanAttack,Land
UNIT_WARRIOR,40,sublist,CanAttack,Mountain
UNIT_WARRIOR,41,sublist,CanSee,Standard
UNIT_WARRIOR,42,sublist,MovementType,Land
UNIT_WARRIOR,43,sublist,MovementType,Mountain
UNIT_WARRIOR,44,sublist,Size,Small
UNIT_WARRIOR,45,sublist,VisionClass,Standard
UNIT_WARRIOR,46,nested,CanReform,"[{""t"": ""kv"", ""k"": ""Sound"", ""v"": ""SOUND_ID_REFORM_CITY""}, {""t"": ""kv"", ""k"": ""Effect"", ""v"": ""SPECEFFECT_REFORMCITY""}]"
UNIT_WARRIOR_ELITE,0,flag,CantBuild,
UNIT_WARRIOR_ELITE,1,kv,Description,DESCRIPTION_UNIT_WARRIOR
UNIT_WARRIOR_ELITE,2,kv,DefaultIcon,ICON_UNIT_WARRIOR_ELITE
UNIT_WARRIOR_ELITE,3,kv,DefaultSprite,SPRITE_WARRIOR_ELITE
UNIT_WARRIOR_ELITE,4,kv,Category,UNIT_CATEGORY_ATTACK
UNIT_WARRIOR_ELITE,5,kv,Attack,40
UNIT_WARRIOR_ELITE,6,kv,Defense,45
UNIT_WARRIOR_ELITE,7,kv,ZBRangeAttack,0
UNIT_WARRIOR_ELITE,8,kv,Firepower,2
UNIT_WARRIOR_ELITE,9,kv,Armor,1
UNIT_WARRIOR_ELITE,10,kv,MaxHP,19
UNIT_WARRIOR_ELITE,11,kv,ShieldCost,900
UNIT_WARRIOR_ELITE,12,kv,PowerPoints,400
UNIT_WARRIOR_ELITE,13,kv,ShieldHunger,4
UNIT_WARRIOR_ELITE,14,kv,FoodHunger,0
UNIT_WARRIOR_ELITE,15,kv,MaxMovePoints,200
UNIT_WARRIOR_ELITE,16,kv,VisionRange,1
UNIT_WARRIOR_ELITE,17,kv,EnableAdvance,ADVANCE_HEXTAPUL
UNIT_WARRIOR_ELITE,18,kv,ActiveDefenseRange,0
UNIT_WARRIOR_ELITE,19,flag,LossMoveToDmgNone,
UNIT_WARRIOR_ELITE,20,kv,MaxFuel,0
UNIT_WARRIOR_ELITE,21,flag,CanEntrench,
UNIT_WARRIOR_ELITE,22,flag,CanExpel,
UNIT_WARRIOR_ELITE,23,flag,NoZoc,
UNIT_WARRIOR_ELITE,24,flag,CanPillage,
UNIT_WARRIOR_ELITE,25,flag,CanPirate,
UNIT_WARRIOR_ELITE,26,flag,ExertsMartialLaw,
UNIT_WARRIOR_ELITE,27,flag,DeathEffectsHappy,
UNIT_WARRIOR_ELITE,28,flag,BonusAgainstMounted,
UNIT_WARRIOR_ELITE,29,kv,MountedBonus,0.35
UNIT_WARRIOR_ELITE,30,flag,OnlyBuildOne,
UNIT_WARRIOR_ELITE,31,kv,SoundSelect1,SOUND_SELECT1_PIKEMEN
UNIT_WARRIOR_ELITE,32,kv,SoundSelect2,SOUND_SELECT2_PIKEMEN
UNIT_WARRIOR_ELITE,33,kv,SoundMove,SOUND_MOVE_PIKEMEN
UNIT_WARRIOR_ELITE,34,kv,SoundAcknowledge,SOUND_ACKNOWLEDGE_PIKEMEN
UNIT_WARRIOR_ELITE,35,kv,SoundCantMove,SOUND_CANTMOVE_PIKEMEN
UNIT_WARRIOR_ELITE,36,kv,SoundAttack,SOUND_ATTACK_PIKEMEN
UNIT_WARRIOR_ELITE,37,kv,SoundWork,SOUND_WORK_PIKEMEN
UNIT_WARRIOR_ELITE,38,kv,SoundVictory,SOUND_VICTORY_PIKEMEN
UNIT_WARRIOR_ELITE,39,kv,SoundDeath,SOUND_DEATH_PIKEMEN
UNIT_WARRIOR_ELITE,40,sublist,CanAttack,Land
UNIT_WARRIOR_ELITE,41,sublist,CanAttack,Mountain
UNIT_WARRIOR_ELITE,42,sublist,CanSee,Standard
UNIT_WARRIOR_ELITE,43,sublist,MovementType,Land
UNIT_WARRIOR_ELITE,44,sublist,MovementType,Mountain
UNIT_WARRIOR_ELITE,45,sublist,Size,Small
UNIT_WARRIOR_ELITE,46,sublist,VisionClass,Standard
UNIT_WARRIOR_ELITE,47,nested,CanReform,"[{""t"": ""kv"", ""k"": ""Sound"", ""v"": ""SOUND_ID_REFORM_CITY""}, {""t"": ""kv"", ""k"": ""Effect"", ""v"": ""SPECEFFECT_REFORMCITY""}]"
UNIT_Z_FREIGHT_TRANSPORT,0,flag,CantBuild,
UNIT_Z_FREIGHT_TRANSPORT,1,flag,GLHidden,
UNIT_Z_FREIGHT_TRANSPORT,2,kv,Description,DESCRIPTION_UNIT_WARRIOR
UNIT_Z_FREIGHT_TRANSPORT,3,kv,DefaultIcon,ICON_UNIT_FREIGHT_TRANSPORT
UNIT_Z_FREIGHT_TRANSPORT,4,kv,DefaultSprite,SPRITE_WARRIOR
UNIT_Z_FREIGHT_TRANSPORT,5,kv,Category,UNIT_CATEGORY_SPECIAL
UNIT_Z_FREIGHT_TRANSPORT,6,kv,Attack,0
UNIT_Z_FREIGHT_TRANSPORT,7,kv,Defense,0
UNIT_Z_FREIGHT_TRANSPORT,8,kv,ZBRangeAttack,0
UNIT_Z_FREIGHT_TRANSPORT,9,kv,Firepower,0
UNIT_Z_FREIGHT_TRANSPORT,10,kv,Armor,0
UNIT_Z_FREIGHT_TRANSPORT,11,kv,MaxHP,10
UNIT_Z_FREIGHT_TRANSPORT,12,kv,ShieldCost,1600
UNIT_Z_FREIGHT_TRANSPORT,13,kv,PowerPoints,100
UNIT_Z_FREIGHT_TRANSPORT,14,kv,ShieldHunger,0
UNIT_Z_FREIGHT_TRANSPORT,15,kv,FoodHunger,0
UNIT_Z_FREIGHT_TRANSPORT,16,kv,MaxMovePoints,3
UNIT_Z_FREIGHT_TRANSPORT,17,kv,VisionRange,0
UNIT_Z_FREIGHT_TRANSPORT,18,kv,EnableAdvance,ADVANCE_HEXTAPUL
UNIT_Z_FREIGHT_TRANSPORT,19,kv,ActiveDefenseRange,0
UNIT_Z_FREIGHT_TRANSPORT,20,kv,MaxFuel,0
UNIT_Z_FREIGHT_TRANSPORT,21,flag,IsTrader,
UNIT_Z_FREIGHT_TRANSPORT,22,flag,OnlyBuildOne,
UNIT_Z_FREIGHT_TRANSPORT,23,kv,SoundSelect1,SOUND_SELECT1_CARAVAN
UNIT_Z_FREIGHT_TRANSPORT,24,kv,SoundSelect2,SOUND_SELECT2_CARAVAN
UNIT_Z_FREIGHT_TRANSPORT,25,kv,SoundMove,SOUND_MOVE_CARAVAN
UNIT_Z_FREIGHT_TRANSPORT,26,kv,SoundAcknowledge,SOUND_ACKNOWLEDGE_CARAVAN
UNIT_Z_FREIGHT_TRANSPORT,27,kv,SoundCantMove,SOUND_CANTMOVE_CARAVAN
UNIT_Z_FREIGHT_TRANSPORT,28,kv,SoundAttack,SOUND_ATTACK_CARAVAN
UNIT_Z_FREIGHT_TRANSPORT,29,kv,SoundWork,SOUND_WORK_CARAVAN
UNIT_Z_FREIGHT_TRANSPORT,30,kv,SoundVictory,SOUND_VICTORY_CARAVAN
UNIT_Z_FREIGHT_TRANSPORT,31,kv,SoundDeath,SOUND_DEATH_CARAVAN
UNIT_CATAMARAN,0,flag,CantBuild,
UNIT_CATAMARAN,1,flag,GLHidden,
UNIT_CATAMARAN,2,kv,Description,DESCRIPTION_UNIT_CATAMARAN
UNIT_CATAMARAN,3,kv,DefaultIcon,ICON_UNIT_CATAMARANS
UNIT_CATAMARAN,4,kv,DefaultSprite,SPRITE_CATAMARAN
UNIT_CATAMARAN,5,kv,Category,UNIT_CATEGORY_NAVAL
UNIT_CATAMARAN,6,kv,Attack,15
UNIT_CATAMARAN,7,kv,Defense,15
UNIT_CATAMARAN,8,kv,ZBRangeAttack,0
UNIT_CATAMARAN,9,kv,Firepower,1
UNIT_CATAMARAN,10,kv,Armor,1
UNIT_CATAMARAN,11,kv,MaxHP,10
UNIT_CATAMARAN,12,kv,ShieldCost,400
UNIT_CATAMARAN,13,kv,PowerPoints,200
UNIT_CATAMARAN,14,kv,ShieldHunger,4
UNIT_CATAMARAN,15,kv,FoodHunger,0
UNIT_CATAMARAN,16,kv,MaxMovePoints,100
UNIT_CATAMARAN,17,kv,VisionRange,1
UNIT_CATAMARAN,18,kv,EnableAdvance,ADVANCE_HEXTAPUL
UNIT_CATAMARAN,19,kv,ActiveDefenseRange,0
UNIT_CATAMARAN,20,flag,LossMoveToDmgNone,
UNIT_CATAMARAN,21,kv,MaxFuel,0
UNIT_CATAMARAN,22,flag,CanEntrench,
UNIT_CATAMARAN,23,flag,CanExpel,
UNIT_CATAMARAN,24,flag,CanPillage,
UNIT_CATAMARAN,25,flag,CanPirate,
UNIT_CATAMARAN,26,flag,ExertsMartialLaw,
UNIT_CATAMARAN,27,flag,DeathEffectsHappy,
UNIT_CATAMARAN,28,flag,OnlyBuildOne,
UNIT_CATAMARAN,29,kv,SoundSelect1,SOUND_SELECT1_HOPLITE
UNIT_CATAMARAN,30,kv,SoundSelect2,SOUND_SELECT2_HOPLITE
UNIT_CATAMARAN,31,kv,SoundMove,SOUND_MOVE_HOPLITE
UNIT_CATAMARAN,32,kv,SoundAcknowledge,SOUND_ACKNOWLEDGE_HOPLITE
UNIT_CATAMARAN,33,kv,SoundCantMove,SOUND_CANTMOVE_HOPLITE
UNIT_CATAMARAN,34,kv,SoundAttack,SOUND_ATTACK_HOPLITE
UNIT_CATAMARAN,35,kv,SoundWork,SOUND_WORK_HOPLITE
UNIT_CATAMARAN,36,kv,SoundVictory,SOUND_VICTORY_HOPLITE
UNIT_CATAMARAN,37,kv,SoundDeath,SOUND_DEATH_HOPLITE
UNIT_CATAMARAN,38,sublist,CanAttack,Land
UNIT_CATAMARAN,39,sublist,CanAttack,Mountain
UNIT_CATAMARAN,40,sublist,CanSee,Standard
UNIT_CATAMARAN,41,sublist,MovementType,Land
UNIT_CATAMARAN,42,sublist,MovementType,Mountain
UNIT_CATAMARAN,43,sublist,Size,Small
UNIT_CATAMARAN,44,sublist,VisionClass,Standard
UNIT_CATAMARAN,45,nested,CanReform,"[{""t"": ""kv"", ""k"": ""Sound"", ""v"": ""SOUND_ID_REFORM_CITY""}, {""t"": ""kv"", ""k"": ""Effect"", ""v"": ""SPECEFFECT_REFORMCITY""}]"
UNIT_HERO,0,flag,CantBuild,
UNIT_HERO,1,kv,Description,DESCRIPTION_UNIT_KNIGHT
UNIT_HERO,2,kv,DefaultIcon,ICON_UNIT_HERO
UNIT_HERO,3,kv,DefaultSprite,SPRITE_HERO
UNIT_HERO,4,kv,Category,UNIT_CATEGORY_ATTACK
UNIT_HERO,5,kv,Attack,45
UNIT_HERO,6,kv,Defense,50
UNIT_HERO,7,kv,ZBRangeAttack,10
UNIT_HERO,8,kv,Firepower,2
UNIT_HERO,9,kv,Armor,1
UNIT_HERO,10,kv,MaxHP,24
UNIT_HERO,11,kv,ShieldCost,1000
UNIT_HERO,12,kv,PowerPoints,400
UNIT_HERO,13,kv,ShieldHunger,10
UNIT_HERO,14,kv,FoodHunger,0
UNIT_HERO,15,kv,MaxMovePoints,300
UNIT_HERO,16,kv,VisionRange,2
UNIT_HERO,17,kv,EnableAdvance,ADVANCE_HEXTAPUL
UNIT_HERO,18,kv,ActiveDefenseRange,0
UNIT_HERO,19,flag,LossMoveToDmgNone,
UNIT_HERO,20,kv,MaxFuel,0
UNIT_HERO,21,flag,CanEntrench,
UNIT_HERO,22,flag,CanExpel,
UNIT_HERO,23,flag,NoZoc,
UNIT_HERO,24,flag,CanPillage,
UNIT_HERO,25,flag,CanPirate,
UNIT_HERO,26,flag,ExertsMartialLaw,
UNIT_HERO,27,flag,DeathEffectsHappy,
UNIT_HERO,28,flag,IsSpecialForces,
UNIT_HERO,29,kv,SoundSelect1,SOUND_SELECT1_KNIGHT
UNIT_HERO,30,kv,SoundSelect2,SOUND_SELECT2_KNIGHT
UNIT_HERO,31,kv,SoundMove,SOUND_MOVE_KNIGHT
UNIT_HERO,32,kv,SoundAcknowledge,SOUND_ACKNOWLEDGE_KNIGHT
UNIT_HERO,33,kv,SoundCantMove,SOUND_CANTMOVE_KNIGHT
UNIT_HERO,34,kv,SoundAttack,SOUND_ATTACK_KNIGHT
UNIT_HERO,35,kv,SoundWork,SOUND_WORK_KNIGHT
UNIT_HERO,36,kv,SoundVictory,SOUND_VICTORY_KNIGHT
UNIT_HERO,37,kv,SoundDeath,SOUND_DEATH_KNIGHT
UNIT_HERO,38,sublist,CanAttack,Land
UNIT_HERO,39,sublist,CanAttack,Mountain
UNIT_HERO,40,sublist,CanSee,Standard
UNIT_HERO,41,sublist,MovementType,Land
UNIT_HERO,42,sublist,MovementType,Mountain
UNIT_HERO,43,sublist,Size,Small
UNIT_HERO,44,sublist,VisionClass,Standard
UNIT_HERO,45,nested,CanReform,"[{""t"": ""kv"", ""k"": ""Sound"", ""v"": ""SOUND_ID_REFORM_CITY""}, {""t"": ""kv"", ""k"": ""Effect"", ""v"": ""SPECEFFECT_REFORMCITY""}]"
UNIT_GREAT_GENERAL,0,flag,CantBuild,
UNIT_GREAT_GENERAL,1,kv,Description,DESCRIPTION_UNIT_SWORDSMAN
UNIT_GREAT_GENERAL,2,kv,DefaultIcon,ICON_UNIT_GREAT_GENERAL
UNIT_GREAT_GENERAL,3,kv,DefaultSprite,SPRITE_GREAT_GENERAL
UNIT_GREAT_GENERAL,4,kv,Category,UNIT_CATEGORY_RANGED
UNIT_GREAT_GENERAL,5,kv,Attack,40
UNIT_GREAT_GENERAL,6,kv,Defense,40
UNIT_GREAT_GENERAL,7,kv,ZBRangeAttack,45
UNIT_GREAT_GENERAL,8,kv,Firepower,2
UNIT_GREAT_GENERAL,9,kv,Armor,1
UNIT_GREAT_GENERAL,10,kv,MaxHP,24
UNIT_GREAT_GENERAL,11,kv,ShieldCost,1500
UNIT_GREAT_GENERAL,12,kv,PowerPoints,250
UNIT_GREAT_GENERAL,13,kv,ShieldHunger,15
UNIT_GREAT_GENERAL,14,kv,FoodHunger,0
UNIT_GREAT_GENERAL,15,kv,MaxMovePoints,500
UNIT_GREAT_GENERAL,16,kv,VisionRange,3
UNIT_GREAT_GENERAL,17,kv,EnableAdvance,ADVANCE_HEXTAPUL
UNIT_GREAT_GENERAL,18,kv,BombRounds,3
UNIT_GREAT_GENERAL,19,kv,BombardRange,1
UNIT_GREAT_GENERAL,20,flag,CanCounterBombard,
UNIT_GREAT_GENERAL,21,kv,ActiveDefenseRange,0
UNIT_GREAT_GENERAL,22,flag,LossMoveToDmgNone,
UNIT_GREAT_GENERAL,23,kv,MaxFuel,0
UNIT_GREAT_GENERAL,24,flag,CanEntrench,
UNIT_GREAT_GENERAL,25,flag,CanExpel,
UNIT_GREAT_GENERAL,26,flag,NoZoc,
UNIT_GREAT_GENERAL,27,flag,CanPillage,
UNIT_GREAT_GENERAL,28,flag,ExertsMartialLaw,
UNIT_GREAT_GENERAL,29,flag,DeathEffectsHappy,
UNIT_GREAT_GENERAL,30,flag,IsSpecialForces,
UNIT_GREAT_GENERAL,31,flag,CanSue,
UNIT_GREAT_GENERAL,32,flag,CanBeSued,
UNIT_GREAT_GENERAL,33,kv,SoundSelect1,SOUND_SELECT1_SAMURAI
UNIT_GREAT_GENERAL,34,kv,SoundSelect2,SOUND_SELECT2_SAMURAI
UNIT_GREAT_GENERAL,35,kv,SoundMove,SOUND_MOVE_SAMURAI
UNIT_GREAT_GENERAL,36,kv,SoundAcknowledge,SOUND_ACKNOWLEDGE_SAMURAI
UNIT_GREAT_GENERAL,37,kv,SoundCantMove,SOUND_CANTMOVE_SAMURAI
UNIT_GREAT_GENERAL,38,kv,SoundAttack,SOUND_ATTACK_SAMURAI
UNIT_GREAT_GENERAL,39,kv,SoundWork,SOUND_WORK_SAMURAI
UNIT_GREAT_GENERAL,40,kv,SoundVictory,SOUND_VICTORY_SAMURAI
UNIT_GREAT_GENERAL,41,kv,SoundDeath,SOUND_DEATH_SAMURAI
UNIT_GREAT_GENERAL,42,sublist,CanAttack,Land
UNIT_GREAT_GENERAL,43,sublist,CanAttack,Mountain
UNIT_GREAT_GENERAL,44,sublist,CanBombard,Land
UNIT_GREAT_GENERAL,45,sublist,CanBombard,Mountain
UNIT_GREAT_GENERAL,46,sublist,CanBombard,Water
UNIT_GREAT_GENERAL,47,sublist,CanSee,Standard
UNIT_GREAT_GENERAL,48,sublist,MovementType,Land
UNIT_GREAT_GENERAL,49,sublist,MovementType,Mountain
UNIT_GREAT_GENERAL,50,sublist,Size,Small
UNIT_GREAT_GENERAL,51,sublist,VisionClass,Standard
UNIT_GREAT_GENERAL,52,nested,CanReform,"[{""t"": ""kv"", ""k"": ""Sound"", ""v"": ""SOUND_ID_REFORM_CITY""}, {""t"": ""kv"", ""k"": ""Effect"", ""v"": ""SPECEFFECT_REFORMCITY""}]"
UNIT_SLAVEMASTER,0,flag,CantBuild,
UNIT_SLAVEMASTER,1,flag,GLHidden,
UNIT_SLAVEMASTER,2,kv,Description,DESCRIPTION_UNIT_ARCHER
UNIT_SLAVEMASTER,3,kv,DefaultIcon,ICON_UNIT_SLAVEMASTER
UNIT_SLAVEMASTER,4,kv,DefaultSprite,SPRITE_SLAVEMASTER
UNIT_SLAVEMASTER,5,kv,Category,UNIT_CATEGORY_RANGED
UNIT_SLAVEMASTER,6,kv,Attack,25
UNIT_SLAVEMASTER,7,kv,Defense,15
UNIT_SLAVEMASTER,8,kv,ZBRangeAttack,15
UNIT_SLAVEMASTER,9,kv,Firepower,2
UNIT_SLAVEMASTER,10,kv,Armor,1
UNIT_SLAVEMASTER,11,kv,MaxHP,18
UNIT_SLAVEMASTER,12,kv,ShieldCost,1000
UNIT_SLAVEMASTER,13,kv,PowerPoints,100
UNIT_SLAVEMASTER,14,kv,ShieldHunger,10
UNIT_SLAVEMASTER,15,kv,FoodHunger,0
UNIT_SLAVEMASTER,16,kv,MaxMovePoints,300
UNIT_SLAVEMASTER,17,kv,VisionRange,1
UNIT_SLAVEMASTER,18,kv,EnableAdvance,ADVANCE_HEXTAPUL
UNIT_SLAVEMASTER,19,kv,ActiveDefenseRange,0
UNIT_SLAVEMASTER,20,flag,LossMoveToDmgNone,
UNIT_SLAVEMASTER,21,kv,MaxFuel,0
UNIT_SLAVEMASTER,22,flag,CanEntrench,
UNIT_SLAVEMASTER,23,flag,CanExpel,
UNIT_SLAVEMASTER,24,flag,CanPillage,
UNIT_SLAVEMASTER,25,flag,CanPirate,
UNIT_SLAVEMASTER,26,flag,CanBeSued,
UNIT_SLAVEMASTER,27,flag,ExertsMartialLaw,
UNIT_SLAVEMASTER,28,flag,DeathEffectsHappy,
UNIT_SLAVEMASTER,29,flag,VictoryEnslavement,
UNIT_SLAVEMASTER,30,flag,CanBeachAssault,
UNIT_SLAVEMASTER,31,flag,IsSpecialForces,
UNIT_SLAVEMASTER,32,flag,BonusAgainstMounted,
UNIT_SLAVEMASTER,33,kv,MountedBonus,0.25
UNIT_SLAVEMASTER,34,kv,SoundSelect1,SOUND_SELECT1_ARCHER
UNIT_SLAVEMASTER,35,kv,SoundSelect2,SOUND_SELECT2_ARCHER
UNIT_SLAVEMASTER,36,kv,SoundMove,SOUND_MOVE_ARCHER
UNIT_SLAVEMASTER,37,kv,SoundAcknowledge,SOUND_ACKNOWLEDGE_ARCHER
UNIT_SLAVEMASTER,38,kv,SoundCantMove,SOUND_CANTMOVE_ARCHER
UNIT_SLAVEMASTER,39,kv,SoundAttack,SOUND_ATTACK_ARCHER
UNIT_SLAVEMASTER,40,kv,SoundWork,SOUND_WORK_ARCHER
UNIT_SLAVEMASTER,41,kv,SoundVictory,SOUND_VICTORY_ARCHER
UNIT_SLAVEMASTER,42,kv,SoundDeath,SOUND_DEATH_ARCHER
UNIT_SLAVEMASTER,43,sublist,CanAttack,Land
UNIT_SLAVEMASTER,44,sublist,CanAttack,Mountain
UNIT_SLAVEMASTER,45,sublist,CanSee,Standard
UNIT_SLAVEMASTER,46,sublist,CanSee,Stealth
UNIT_SLAVEMASTER,47,sublist,MovementType,Land
UNIT_SLAVEMASTER,48,sublist,MovementType,Mountain
UNIT_SLAVEMASTER,49,sublist,Size,Small
UNIT_SLAVEMASTER,50,sublist,VisionClass,Standard
UNIT_SLAVEMASTER,51,nested,CanReform,"[{""t"": ""kv"", ""k"": ""Sound"", ""v"": ""SOUND_ID_REFORM_CITY""}, {""t"": ""kv"", ""k"": ""Effect"", ""v"": ""SPECEFFECT_REFORMCITY""}]"
UNIT_ALEXANDER_THE_GREAT,0,flag,CantBuild,
UNIT_ALEXANDER_THE_GREAT,1,kv,Description,DESCRIPTION_UNIT_WARRIOR
UNIT_ALEXANDER_THE_GREAT,2,kv,DefaultIcon,ICON_UNIT_ALEXANDER_THE_GREAT
UNIT_ALEXANDER_THE_GREAT,3,kv,DefaultSprite,SPRITE_ALEXANDER_THE_GREAT
UNIT_ALEXANDER_THE_GREAT,4,kv,Category,UNIT_CATEGORY_FLANKER
UNIT_ALEXANDER_THE_GREAT,5,kv,Attack,45
UNIT_ALEXANDER_THE_GREAT,6,kv,Defense,35
UNIT_ALEXANDER_THE_GREAT,7,kv,ZBRangeAttack,30
UNIT_ALEXANDER_THE_GREAT,8,kv,Firepower,3
UNIT_ALEXANDER_THE_GREAT,9,kv,Armor,1
UNIT_ALEXANDER_THE_GREAT,10,kv,MaxHP,24
UNIT_ALEXANDER_THE_GREAT,11,kv,ShieldCost,1000
UNIT_ALEXANDER_THE_GREAT,12,kv,PowerPoints,400
UNIT_ALEXANDER_THE_GREAT,13,kv,ShieldHunger,10
UNIT_ALEXANDER_THE_GREAT,14,kv,FoodHunger,0
UNIT_ALEXANDER_THE_GREAT,15,kv,MaxMovePoints,500
UNIT_ALEXANDER_THE_GREAT,16,kv,VisionRange,3
UNIT_ALEXANDER_THE_GREAT,17,kv,EnableAdvance,ADVANCE_HEXTAPUL
UNIT_ALEXANDER_THE_GREAT,18,kv,BombRounds,1
UNIT_ALEXANDER_THE_GREAT,19,kv,BombardRange,1
UNIT_ALEXANDER_THE_GREAT,20,flag,CanCounterBombard,
UNIT_ALEXANDER_THE_GREAT,21,kv,ActiveDefenseRange,0
UNIT_ALEXANDER_THE_GREAT,22,flag,LossMoveToDmgNone,
UNIT_ALEXANDER_THE_GREAT,23,kv,MaxFuel,0
UNIT_ALEXANDER_THE_GREAT,24,flag,CanEntrench,
UNIT_ALEXANDER_THE_GREAT,25,flag,CanExpel,
UNIT_ALEXANDER_THE_GREAT,26,flag,CanPillage,
UNIT_ALEXANDER_THE_GREAT,27,flag,CanPirate,
UNIT_ALEXANDER_THE_GREAT,28,flag,CanBeSued,
UNIT_ALEXANDER_THE_GREAT,29,flag,ExertsMartialLaw,
UNIT_ALEXANDER_THE_GREAT,30,flag,DeathEffectsHappy,
UNIT_ALEXANDER_THE_GREAT,31,flag,IsSpecialForces,
UNIT_ALEXANDER_THE_GREAT,32,flag,IsFlanker,
UNIT_ALEXANDER_THE_GREAT,33,flag,BonusAgainstMounted,
UNIT_ALEXANDER_THE_GREAT,34,kv,MountedBonus,0.25
UNIT_ALEXANDER_THE_GREAT,35,kv,SoundSelect1,SOUND_SELECT1_SAMURAI
UNIT_ALEXANDER_THE_GREAT,36,kv,SoundSelect2,SOUND_SELECT2_SAMURAI
UNIT_ALEXANDER_THE_GREAT,37,kv,SoundMove,SOUND_MOVE_SAMURAI
UNIT_ALEXANDER_THE_GREAT,38,kv,SoundAcknowledge,SOUND_ACKNOWLEDGE_SAMURAI
UNIT_ALEXANDER_THE_GREAT,39,kv,SoundCantMove,SOUND_CANTMOVE_SAMURAI
UNIT_ALEXANDER_THE_GREAT,40,kv,SoundAttack,SOUND_ATTACK_SAMURAI
UNIT_ALEXANDER_THE_GREAT,41,kv,SoundWork,SOUND_WORK_SAMURAI
UNIT_ALEXANDER_THE_GREAT,42,kv,SoundVictory,SOUND_VICTORY_SAMURAI
UNIT_ALEXANDER_THE_GREAT,43,kv,SoundDeath,SOUND_DEATH_SAMURAI
UNIT_ALEXANDER_THE_GREAT,44,sublist,CanAttack,Land
UNIT_ALEXANDER_THE_GREAT,45,sublist,CanAttack,Mountain
UNIT_ALEXANDER_THE_GREAT,46,sublist,CanBombard,Land
UNIT_ALEXANDER_THE_GREAT,47,sublist,CanBombard,Mountain
UNIT_ALEXANDER_THE_GREAT,48,sublist,CanBombard,Water
UNIT_ALEXANDER_THE_GREAT,49,sublist,CanSee,Standard
UNIT_ALEXANDER_THE_GREAT,50,sublist,CanSee,Stealth
UNIT_ALEXANDER_THE_GREAT,51,sublist,MovementType,Land
UNIT_ALEXANDER_THE_GREAT,52,sublist,MovementType,Mountain
UNIT_ALEXANDER_THE_GREAT,53,sublist,Size,Small
UNIT_ALEXANDER_THE_GREAT,54,sublist,VisionClass,Standard
UNIT_ALEXANDER_THE_GREAT,55,nested,InvestigateCity,"[{""t"": ""kv"", ""k"": ""Chance"", ""v"": ""0.2""}, {""t"": ""kv"", ""k"": ""DeathChance"", ""v"": ""0.05""}]"
UNIT_ALEXANDER_THE_GREAT,56,nested,Plague,"[{""t"": ""kv"", ""k"": ""Chance"", ""v"": ""0.2""}, {""t"": ""kv"", ""k"": ""Sound"", ""v"": ""SOUND_ID_BIO_TERROR""}, {""t"": ""kv"", ""k"": ""Effect"", ""v"": ""SPECEFFECT_BIO_TERROR""}]"
UNIT_ALEXANDER_THE_GREAT,57,nested,CanReform,"[{""t"": ""kv"", ""k"": ""Sound"", ""v"": ""SOUND_ID_REFORM_CITY""}, {""t"": ""kv"", ""k"": ""Effect"", ""v"": ""SPECEFFECT_REFORMCITY""}]"
UNIT_ATILLA,0,flag,CantBuild,
UNIT_ATILLA,1,kv,Description,DESCRIPTION_UNIT_KNIGHT
UNIT_ATILLA,2,kv,DefaultIcon,ICON_UNIT_ATILLA
UNIT_ATILLA,3,kv,DefaultSprite,SPRITE_ATILLA
UNIT_ATILLA,4,kv,Category,UNIT_CATEGORY_RANGED
UNIT_ATILLA,5,kv,Attack,50
UNIT_ATILLA,6,kv,Defense,40
UNIT_ATILLA,7,kv,ZBRangeAttack,35
UNIT_ATILLA,8,kv,Firepower,3
UNIT_ATILLA,9,kv,Armor,1
UNIT_ATILLA,10,kv,MaxHP,24
UNIT_ATILLA,11,kv,ShieldCost,1000
UNIT_ATILLA,12,kv,PowerPoints,400
UNIT_ATILLA,13,kv,ShieldHunger,10
UNIT_ATILLA,14,kv,FoodHunger,0
UNIT_ATILLA,15,kv,MaxMovePoints,500
UNIT_ATILLA,16,kv,VisionRange,3
UNIT_ATILLA,17,kv,EnableAdvance,ADVANCE_HEXTAPUL
UNIT_ATILLA,18,kv,BombRounds,3
UNIT_ATILLA,19,kv,BombardRange,1
UNIT_ATILLA,20,flag,CanCounterBombard,
UNIT_ATILLA,21,kv,ActiveDefenseRange,0
UNIT_ATILLA,22,flag,LossMoveToDmgNone,
UNIT_ATILLA,23,kv,MaxFuel,0
UNIT_ATILLA,24,flag,CanEntrench,
UNIT_ATILLA,25,flag,CanExpel,
UNIT_ATILLA,26,flag,CanPillage,
UNIT_ATILLA,27,flag,CanPirate,
UNIT_ATILLA,28,flag,CanBeSued,
UNIT_ATILLA,29,flag,ExertsMartialLaw,
UNIT_ATILLA,30,flag,DeathEffectsHappy,
UNIT_ATILLA,31,flag,IsSpecialForces,
UNIT_ATILLA,32,flag,BonusAgainstMounted,
UNIT_ATILLA,33,kv,MountedBonus,0.25
UNIT_ATILLA,34,kv,SoundSelect1,SOUND_SELECT1_SAMURAI
UNIT_ATILLA,35,kv,SoundSelect2,SOUND_SELECT2_SAMURAI
UNIT_ATILLA,36,kv,SoundMove,SOUND_MOVE_SAMURAI
UNIT_ATILLA,37,kv,SoundAcknowledge,SOUND_ACKNOWLEDGE_SAMURAI
UNIT_ATILLA,38,kv,SoundCantMove,SOUND_CANTMOVE_SAMURAI
UNIT_ATILLA,39,kv,SoundAttack,SOUND_ATTACK_SAMURAI
UNIT_ATILLA,40,kv,SoundWork,SOUND_WORK_SAMURAI
UNIT_ATILLA,41,kv,SoundVictory,SOUND_VICTORY_SAMURAI
UNIT_ATILLA,42,kv,SoundDeath,SOUND_DEATH_SAMURAI
UNIT_ATILLA,43,sublist,CanAttack,Land
UNIT_ATILLA,44,sublist,CanAttack,Mountain
UNIT_ATILLA,45,sublist,CanBombard,Land
UNIT_ATILLA,46,sublist,CanBombard,Mountain
UNIT_ATILLA,47,sublist,CanBombard,Water
UNIT_ATILLA,48,sublist,CanSee,Standard
UNIT_ATILLA,49,sublist,CanSee,Stealth
UNIT_ATILLA,50,sublist,MovementType,Land
UNIT_ATILLA,51,sublist,MovementType,Mountain
UNIT_ATILLA,52,sublist,Size,Small
UNIT_ATILLA,53,sublist,VisionClass,Standard
UNIT_ATILLA,54,nested,ConvertCities,"[{""t"": ""kv"", ""k"": ""Chance"", ""v"": ""0.2""}, {""t"": ""kv"", ""k"": ""DeathChance"", ""v"": ""0.05""}, {""t"": ""kv"", ""k"": ""Sound"", ""v"": ""SOUND_ID_CONVERT_CITIES_CL""}, {""t"": ""kv"", ""k"": ""Effect"", ""v"": ""SPECEFFECT_CONVERT_CITIES""}]"
UNIT_ATILLA,55,nested,BioTerror,"[{""t"": ""kv"", ""k"": ""Chance"", ""v"": ""0.2""}, {""t"": ""kv"", ""k"": ""Sound"", ""v"": ""SOUND_ID_BIO_TERROR""}, {""t"": ""kv"", ""k"": ""Effect"", ""v"": ""SPECEFFECT_BIO_TERROR""}]"
UNIT_ATILLA,56,nested,CanReform,"[{""t"": ""kv"", ""k"": ""Sound"", ""v"": ""SOUND_ID_REFORM_CITY""}, {""t"": ""kv"", ""k"": ""Effect"", ""v"": ""SPECEFFECT_REFORMCITY""}]"
UNIT_BELISARIUS,0,flag,CantBuild,
UNIT_BELISARIUS,1,kv,Description,DESCRIPTION_UNIT_KNIGHT
UNIT_BELISARIUS,2,kv,DefaultIcon,ICON_UNIT_BELISARIUS
UNIT_BELISARIUS,3,kv,DefaultSprite,SPRITE_BELISARIUS
UNIT_BELISARIUS,4,kv,Category,UNIT_CATEGORY_RANGED
UNIT_BELISARIUS,5,kv,Attack,45
UNIT_BELISARIUS,6,kv,Defense,35
UNIT_BELISARIUS,7,kv,ZBRangeAttack,40
UNIT_BELISARIUS,8,kv,Firepower,3
UNIT_BELISARIUS,9,kv,Armor,1
UNIT_BELISARIUS,10,kv,MaxHP,24
UNIT_BELISARIUS,11,kv,ShieldCost,1000
UNIT_BELISARIUS,12,kv,PowerPoints,400
UNIT_BELISARIUS,13,kv,ShieldHunger,10
UNIT_BELISARIUS,14,kv,FoodHunger,0
UNIT_BELISARIUS,15,kv,MaxMovePoints,500
UNIT_BELISARIUS,16,kv,VisionRange,3
UNIT_BELISARIUS,17,kv,EnableAdvance,ADVANCE_HEXTAPUL
UNIT_BELISARIUS,18,kv,BombRounds,5
UNIT_BELISARIUS,19,kv,BombardRange,1
UNIT_BELISARIUS,20,flag,CanCounterBombard,
UNIT_BELISARIUS,21,kv,ActiveDefenseRange,0
UNIT_BELISARIUS,22,flag,LossMoveToDmgNone,
UNIT_BELISARIUS,23,kv,MaxFuel,0
UNIT_BELISARIUS,24,flag,CanEntrench,
UNIT_BELISARIUS,25,flag,CanExpel,
UNIT_BELISARIUS,26,flag,CanPillage,
UNIT_BELISARIUS,27,flag,CanPirate,
UNIT_BELISARIUS,28,flag,CanBeSued,
UNIT_BELISARIUS,29,flag,ExertsMartialLaw,
UNIT_BELISARIUS,30,flag,DeathEffectsHappy,
UNIT_BELISARIUS,31,flag,IsSpecialForces,
UNIT_BELISARIUS,32,flag,BonusAgainstMounted,
UNIT_BELISARIUS,33,kv,MountedBonus,0.25
UNIT_BELISARIUS,34,kv,SoundSelect1,SOUND_SELECT1_SAMURAI
UNIT_BELISARIUS,35,kv,SoundSelect2,SOUND_SELECT2_SAMURAI
UNIT_BELISARIUS,36,kv,SoundMove,SOUND_MOVE_SAMURAI
UNIT_BELISARIUS,37,kv,SoundAcknowledge,SOUND_ACKNOWLEDGE_SAMURAI
UNIT_BELISARIUS,38,kv,SoundCantMove,SOUND_CANTMOVE_SAMURAI
UNIT_BELISARIUS,39,kv,SoundAttack,SOUND_ATTACK_SAMURAI
UNIT_BELISARIUS,40,kv,SoundWork,SOUND_WORK_SAMURAI
UNIT_BELISARIUS,41,kv,SoundVictory,SOUND_VICTORY_SAMURAI
UNIT_BELISARIUS,42,kv,SoundDeath,SOUND_DEATH_SAMURAI
UNIT_BELISARIUS,43,sublist,CanAttack,Land
UNIT_BELISARIUS,44,sublist,CanAttack,Mountain
UNIT_BELISARIUS,45,sublist,CanBombard,Land
UNIT_BELISARIUS,46,sublist,CanBombard,Mountain
UNIT_BELISARIUS,47,sublist,CanBombard,Water
UNIT_BELISARIUS,48,sublist,CanSee,Standard
UNIT_BELISARIUS,49,sublist,CanSee,Stealth
UNIT_BELISARIUS,50,sublist,MovementType,Land
UNIT_BELISARIUS,51,sublist,MovementType,Mountain
UNIT_BELISARIUS,52,sublist,Size,Small
UNIT_BELISARIUS,53,sublist,VisionClass,Standard
UNIT_BELISARIUS,54,nested,Plague,"[{""t"": ""kv"", ""k"": ""Chance"", ""v"": ""0.2""}, {""t"": ""kv"", ""k"": ""Sound"", ""v"": ""SOUND_ID_BIO_TERROR""}, {""t"": ""kv"", ""k"": ""Effect"", ""v"": ""SPECEFFECT_BIO_TERROR""}]"
UNIT_BELISARIUS,55,nested,CanReform,"[{""t"": ""kv"", ""k"": ""Sound"", ""v"": ""SOUND_ID_REFORM_CITY""}, {""t"": ""kv"", ""k"": ""Effect"", ""v"": ""SPECEFFECT_REFORMCITY""}]"
UNIT_CAESAR,0,flag,CantBuild,
UNIT_CAESAR,1,kv,Description,DESCRIPTION_UNIT_KNIGHT
UNIT_CAESAR,2,kv,DefaultIcon,ICON_UNIT_CAESAR
UNIT_CAESAR,3,kv,DefaultSprite,SPRITE_CAESAR
UNIT_CAESAR,4,kv,Category,UNIT_CATEGORY_RANGED
UNIT_CAESAR,5,kv,Attack,45
UNIT_CAESAR,6,kv,Defense,50
UNIT_CAESAR,7,kv,ZBRangeAttack,40
UNIT_CAESAR,8,kv,Firepower,3
UNIT_CAESAR,9,kv,Armor,1
UNIT_CAESAR,10,kv,MaxHP,24
UNIT_CAESAR,11,kv,ShieldCost,1000
UNIT_CAESAR,12,kv,PowerPoints,400
UNIT_CAESAR,13,kv,ShieldHunger,10
UNIT_CAESAR,14,kv,FoodHunger,0
UNIT_CAESAR,15,kv,MaxMovePoints,500
UNIT_CAESAR,16,kv,VisionRange,3
UNIT_CAESAR,17,kv,EnableAdvance,ADVANCE_HEXTAPUL
UNIT_CAESAR,18,kv,BombRounds,3
UNIT_CAESAR,19,kv,BombardRange,1
UNIT_CAESAR,20,flag,CanCounterBombard,
UNIT_CAESAR,21,kv,ActiveDefenseRange,0
UNIT_CAESAR,22,flag,LossMoveToDmgNone,
UNIT_CAESAR,23,kv,MaxFuel,0
UNIT_CAESAR,24,flag,CanEntrench,
UNIT_CAESAR,25,flag,CanExpel,
UNIT_CAESAR,26,flag,CanPillage,
UNIT_CAESAR,27,flag,CanPirate,
UNIT_CAESAR,28,flag,CanBeSued,
UNIT_CAESAR,29,flag,ExertsMartialLaw,
UNIT_CAESAR,30,flag,DeathEffectsHappy,
UNIT_CAESAR,31,flag,IsSpecialForces,
UNIT_CAESAR,32,flag,IsFlanker,
UNIT_CAESAR,33,flag,BonusAgainstMounted,
UNIT_CAESAR,34,kv,MountedBonus,0.25
UNIT_CAESAR,35,kv,SoundSelect1,SOUND_SELECT1_SAMURAI
UNIT_CAESAR,36,kv,SoundSelect2,SOUND_SELECT2_SAMURAI
UNIT_CAESAR,37,kv,SoundMove,SOUND_MOVE_SAMURAI
UNIT_CAESAR,38,kv,SoundAcknowledge,SOUND_ACKNOWLEDGE_SAMURAI
UNIT_CAESAR,39,kv,SoundCantMove,SOUND_CANTMOVE_SAMURAI
UNIT_CAESAR,40,kv,SoundAttack,SOUND_ATTACK_SAMURAI
UNIT_CAESAR,41,kv,SoundWork,SOUND_WORK_SAMURAI
UNIT_CAESAR,42,kv,SoundVictory,SOUND_VICTORY_SAMURAI
UNIT_CAESAR,43,kv,SoundDeath,SOUND_DEATH_SAMURAI
UNIT_CAESAR,44,sublist,CanAttack,Land
UNIT_CAESAR,45,sublist,CanAttack,Mountain
UNIT_CAESAR,46,sublist,CanBombard,Land
UNIT_CAESAR,47,sublist,CanBombard,Mountain
UNIT_CAESAR,48,sublist,CanBombard,Water
UNIT_CAESAR,49,sublist,CanSee,Standard
UNIT_CAESAR,50,sublist,CanSee,Stealth
UNIT_CAESAR,51,sublist,MovementType,Land
UNIT_CAESAR,52,sublist,MovementType,Mountain
UNIT_CAESAR,53,sublist,Size,Small
UNIT_CAESAR,54,sublist,VisionClass,Standard
UNIT_CAESAR,55,nested,InvestigateCity,"[{""t"": ""kv"", ""k"": ""Chance"", ""v"": ""0.2""}, {""t"": ""kv"", ""k"": ""DeathChance"", ""v"": ""0.05""}]"
UNIT_CAESAR,56,nested,CreateFranchise,"[{""t"": ""kv"", ""k"": ""Chance"", ""v"": ""0.2""}, {""t"": ""kv"", ""k"": ""Sound"", ""v"": ""SOUND_ID_CREATE_FRANCHISE""}, {""t"": ""kv"", ""k"": ""Effect"", ""v"": ""SPECEFFECT_CREATE_FRANCHISE""}]"
UNIT_CAESAR,57,nested,ConvertCities,"[{""t"": ""kv"", ""k"": ""Chance"", ""v"": ""0.2""}, {""t"": ""kv"", ""k"": ""DeathChance"", ""v"": ""0.05""}, {""t"": ""kv"", ""k"": ""Sound"", ""v"": ""SOUND_ID_CONVERT_CITIES_CL""}, {""t"": ""kv"", ""k"": ""Effect"", ""v"": ""SPECEFFECT_CONVERT_CITIES""}]"
UNIT_CAESAR,58,nested,CanReform,"[{""t"": ""kv"", ""k"": ""Sound"", ""v"": ""SOUND_ID_REFORM_CITY""}, {""t"": ""kv"", ""k"": ""Effect"", ""v"": ""SPECEFFECT_REFORMCITY""}]"
UNIT_CHARLEMANGE,0,flag,CantBuild,
UNIT_CHARLEMANGE,1,kv,Description,DESCRIPTION_UNIT_KNIGHT
UNIT_CHARLEMANGE,2,kv,DefaultIcon,ICON_UNIT_CHARLEMANGE
UNIT_CHARLEMANGE,3,kv,DefaultSprite,SPRITE_CHARLEMANGE
UNIT_CHARLEMANGE,4,kv,Category,UNIT_CATEGORY_FLANKER
UNIT_CHARLEMANGE,5,kv,Attack,50
UNIT_CHARLEMANGE,6,kv,Defense,40
UNIT_CHARLEMANGE,7,kv,ZBRangeAttack,35
UNIT_CHARLEMANGE,8,kv,Firepower,3
UNIT_CHARLEMANGE,9,kv,Armor,1
UNIT_CHARLEMANGE,10,kv,MaxHP,22
UNIT_CHARLEMANGE,11,kv,ShieldCost,1000
UNIT_CHARLEMANGE,12,kv,PowerPoints,400
UNIT_CHARLEMANGE,13,kv,ShieldHunger,10
UNIT_CHARLEMANGE,14,kv,FoodHunger,0
UNIT_CHARLEMANGE,15,kv,MaxMovePoints,500
UNIT_CHARLEMANGE,16,kv,VisionRange,3
UNIT_CHARLEMANGE,17,kv,EnableAdvance,ADVANCE_HEXTAPUL
UNIT_CHARLEMANGE,18,kv,BombRounds,1
UNIT_CHARLEMANGE,19,kv,BombardRange,1
UNIT_CHARLEMANGE,20,flag,CanCounterBombard,
UNIT_CHARLEMANGE,21,kv,ActiveDefenseRange,0
UNIT_CHARLEMANGE,22,flag,LossMoveToDmgNone,
UNIT_CHARLEMANGE,23,kv,MaxFuel,0
UNIT_CHARLEMANGE,24,flag,CanEntrench,
UNIT_CHARLEMANGE,25,flag,CanExpel,
UNIT_CHARLEMANGE,26,flag,CanPillage,
UNIT_CHARLEMANGE,27,flag,CanPirate,
UNIT_CHARLEMANGE,28,flag,CanBeSued,
UNIT_CHARLEMANGE,29,flag,ExertsMartialLaw,
UNIT_CHARLEMANGE,30,flag,DeathEffectsHappy,
UNIT_CHARLEMANGE,31,flag,IsSpecialForces,
UNIT_CHARLEMANGE,32,flag,IsFlanker,
UNIT_CHARLEMANGE,33,flag,BonusAgainstMounted,
UNIT_CHARLEMANGE,34,kv,MountedBonus,0.25
UNIT_CHARLEMANGE,35,kv,SoundSelect1,SOUND_SELECT1_SAMURAI
UNIT_CHARLEMANGE,36,kv,SoundSelect2,SOUND_SELECT2_SAMURAI
UNIT_CHARLEMANGE,37,kv,SoundMove,SOUND_MOVE_SAMURAI
UNIT_CHARLEMANGE,38,kv,SoundAcknowledge,SOUND_ACKNOWLEDGE_SAMURAI
UNIT_CHARLEMANGE,39,kv,SoundCantMove,SOUND_CANTMOVE_SAMURAI
UNIT_CHARLEMANGE,40,kv,SoundAttack,SOUND_ATTACK_SAMURAI
UNIT_CHARLEMANGE,41,kv,SoundWork,SOUND_WORK_SAMURAI
UNIT_CHARLEMANGE,42,kv,SoundVictory,SOUND_VICTORY_SAMURAI
UNIT_CHARLEMANGE,43,kv,SoundDeath,SOUND_DEATH_SAMURAI
UNIT_CHARLEMANGE,44,sublist,CanAttack,Land
UNIT_CHARLEMANGE,45,sublist,CanAttack,Mountain
UNIT_CHARLEMANGE,46,sublist,CanBombard,Land
UNIT_CHARLEMANGE,47,sublist,CanBombard,Mountain
UNIT_CHARLEMANGE,48,sublist,CanBombard,Water
UNIT_CHARLEMANGE,49,sublist,CanSee,Standard
UNIT_CHARLEMANGE,50,sublist,CanSee,Stealth
UNIT_CHARLEMANGE,51,sublist,MovementType,Land
UNIT_CHARLEMANGE,52,sublist,MovementType,Mountain
UNIT_CHARLEMANGE,53,sublist,Size,Small
UNIT_CHARLEMANGE,54,sublist,VisionClass,Standard
UNIT_CHARLEMANGE,55,nested,InvestigateCity,"[{""t"": ""kv"", ""k"": ""Chance"", ""v"": ""0.2""}, {""t"": ""kv"", ""k"": ""DeathChance"", ""v"": ""0.05""}]"
UNIT_CHARLEMANGE,56,nested,ConvertCities,"[{""t"": ""kv"", ""k"": ""Chance"", ""v"": ""0.2""}, {""t"": ""kv"", ""k"": ""DeathChance"", ""v"": ""0.05""}, {""t"": ""kv"", ""k"": ""Sound"", ""v"": ""SOUND_ID_CONVERT_CITIES_CL""}, {""t"": ""kv"", ""k"": ""Effect"", ""v"": ""SPECEFFECT_CONVERT_CITIES""}]"
UNIT_CHARLEMANGE,57,nested,Plague,"[{""t"": ""kv"", ""k"": ""Chance"", ""v"": ""0.2""}, {""t"": ""kv"", ""k"": ""Sound"", ""v"": ""SOUND_ID_BIO_TERROR""}, {""t"": ""kv"", ""k"": ""Effect"", ""v"": ""SPECEFFECT_BIO_TERROR""}]"
UNIT_CHARLEMANGE,58,nested,CanReform,"[{""t"": ""kv"", ""k"": ""Sound"", ""v"": ""SOUND_ID_REFORM_CITY""}, {""t"": ""kv"", ""k"": ""Effect"", ""v"": ""SPECEFFECT_REFORMCITY""}]"
UNIT_CYRUS,0,flag,CantBuild,
UNIT_CYRUS,1,kv,Description,DESCRIPTION_UNIT_KNIGHT
UNIT_CYRUS,2,kv,DefaultIcon,ICON_UNIT_CYRUS
UNIT_CYRUS,3,kv,DefaultSprite,SPRITE_CYRUS
UNIT_CYRUS,4,kv,Category,UNIT_CATEGORY_RANGED
UNIT_CYRUS,5,kv,Attack,45
UNIT_CYRUS,6,kv,Defense,35
UNIT_CYRUS,7,kv,ZBRangeAttack,30
UNIT_CYRUS,8,kv,Firepower,3
UNIT_CYRUS,9,kv,Armor,1
UNIT_CYRUS,10,kv,MaxHP,24
UNIT_CYRUS,11,kv,ShieldCost,1000
UNIT_CYRUS,12,kv,PowerPoints,400
UNIT_CYRUS,13,kv,ShieldHunger,10
UNIT_CYRUS,14,kv,FoodHunger,0
UNIT_CYRUS,15,kv,MaxMovePoints,500
UNIT_CYRUS,16,kv,VisionRange,3
UNIT_CYRUS,17,kv,EnableAdvance,ADVANCE_HEXTAPUL
UNIT_CYRUS,18,kv,BombRounds,3
UNIT_CYRUS,19,kv,BombardRange,1
UNIT_CYRUS,20,flag,CanCounterBombard,
UNIT_CYRUS,21,kv,ActiveDefenseRange,0
UNIT_CYRUS,22,flag,LossMoveToDmgNone,
UNIT_CYRUS,23,kv,MaxFuel,0
UNIT_CYRUS,24,flag,CanEntrench,
UNIT_CYRUS,25,flag,CanExpel,
UNIT_CYRUS,26,flag,CanPillage,
UNIT_CYRUS,27,flag,CanPirate,
UNIT_CYRUS,28,flag,CanBeSued,
UNIT_CYRUS,29,flag,ExertsMartialLaw,
UNIT_CYRUS,30,flag,DeathEffectsHappy,
UNIT_CYRUS,31,flag,IsSpecialForces,
UNIT_CYRUS,32,flag,BonusAgainstMounted,
UNIT_CYRUS,33,kv,MountedBonus,0.25
UNIT_CYRUS,34,kv,SoundSelect1,SOUND_SELECT1_SAMURAI
UNIT_CYRUS,35,kv,SoundSelect2,SOUND_SELECT2_SAMURAI
UNIT_CYRUS,36,kv,SoundMove,SOUND_MOVE_SAMURAI
UNIT_CYRUS,37,kv,SoundAcknowledge,SOUND_ACKNOWLEDGE_SAMURAI
UNIT_CYRUS,38,kv,SoundCantMove,SOUND_CANTMOVE_SAMURAI
UNIT_CYRUS,39,kv,SoundAttack,SOUND_ATTACK_SAMURAI
UNIT_CYRUS,40,kv,SoundWork,SOUND_WORK_SAMURAI
UNIT_CYRUS,41,kv,SoundVictory,SOUND_VICTORY_SAMURAI
UNIT_CYRUS,42,kv,SoundDeath,SOUND_DEATH_SAMURAI
UNIT_CYRUS,43,sublist,CanAttack,Land
UNIT_CYRUS,44,sublist,CanAttack,Mountain
UNIT_CYRUS,45,sublist,CanBombard,Land
UNIT_CYRUS,46,sublist,CanBombard,Mountain
UNIT_CYRUS,47,sublist,CanBombard,Water
UNIT_CYRUS,48,sublist,CanSee,Standard
UNIT_CYRUS,49,sublist,CanSee,Stealth
UNIT_CYRUS,50,sublist,MovementType,Land
UNIT_CYRUS,51,sublist,MovementType,Mountain
UNIT_CYRUS,52,sublist,Size,Small
UNIT_CYRUS,53,sublist,VisionClass,Standard
UNIT_CYRUS,54,nested,InvestigateCity,"[{""t"": ""kv"", ""k"": ""Chance"", ""v"": ""0.2""}, {""t"": ""kv"", ""k"": ""DeathChance"", ""v"": ""0.05""}]"
UNIT_CYRUS,55,nested,CreateFranchise,"[{""t"": ""kv"", ""k"": ""Chance"", ""v"": ""0.2""}, {""t"": ""kv"", ""k"": ""Sound"", ""v"": ""SOUND_ID_CREATE_FRANCHISE""}, {""t"": ""kv"", ""k"": ""Effect"", ""v"": ""SPECEFFECT_CREATE_FRANCHISE""}]"
UNIT_CYRUS,56,nested,ConvertCities,"[{""t"": ""kv"", ""k"": ""Chance"", ""v"": ""0.2""}, {""t"": ""kv"", ""k"": ""DeathChance"", ""v"": ""0.05""}, {""t"": ""kv"", ""k"": ""Sound"", ""v"": ""SOUND_ID_CONVERT_CITIES_CL""}, {""t"": ""kv"", ""k"": ""Effect"", ""v"": ""SPECEFFECT_CONVERT_CITIES""}]"
UNIT_CYRUS,57,nested,CanReform,"[{""t"": ""kv"", ""k"": ""Sound"", ""v"": ""SOUND_ID_REFORM_CITY""}, {""t"": ""kv"", ""k"": ""Effect"", ""v"": ""SPECEFFECT_REFORMCITY""}]"
UNIT_GHENGIS,0,flag,CantBuild,
UNIT_GHENGIS,1,kv,Description,DESCRIPTION_UNIT_KNIGHT
UNIT_GHENGIS,2,kv,DefaultIcon,ICON_UNIT_GHENGIS
UNIT_GHENGIS,3,kv,DefaultSprite,SPRITE_GHENGIS
UNIT_GHENGIS,4,kv,Category,UNIT_CATEGORY_RANGED
UNIT_GHENGIS,5,kv,Attack,45
UNIT_GHENGIS,6,kv,Defense,35
UNIT_GHENGIS,7,kv,ZBRangeAttack,30
UNIT_GHENGIS,8,kv,Firepower,3
UNIT_GHENGIS,9,kv,Armor,1
UNIT_GHENGIS,10,kv,MaxHP,24
UNIT_GHENGIS,11,kv,ShieldCost,1000
UNIT_GHENGIS,12,kv,PowerPoints,400
UNIT_GHENGIS,13,kv,ShieldHunger,10
UNIT_GHENGIS,14,kv,FoodHunger,0
UNIT_GHENGIS,15,kv,MaxMovePoints,500
UNIT_GHENGIS,16,kv,VisionRange,3
UNIT_GHENGIS,17,kv,EnableAdvance,ADVANCE_HEXTAPUL
UNIT_GHENGIS,18,kv,BombRounds,5
UNIT_GHENGIS,19,kv,BombardRange,1
UNIT_GHENGIS,20,flag,CanCounterBombard,
UNIT_GHENGIS,21,kv,ActiveDefenseRange,0
UNIT_GHENGIS,22,flag,LossMoveToDmgNone,
UNIT_GHENGIS,23,kv,MaxFuel,0
UNIT_GHENGIS,24,flag,CanEntrench,
UNIT_GHENGIS,25,flag,CanExpel,
UNIT_GHENGIS,26,flag,CanPillage,
UNIT_GHENGIS,27,flag,CanPirate,
UNIT_GHENGIS,28,flag,CanBeSued,
UNIT_GHENGIS,29,flag,ExertsMartialLaw,
UNIT_GHENGIS,30,flag,DeathEffectsHappy,
UNIT_GHENGIS,31,flag,VictoryEnslavement,
UNIT_GHENGIS,32,flag,IsSpecialForces,
UNIT_GHENGIS,33,flag,BonusAgainstMounted,
UNIT_GHENGIS,34,kv,MountedBonus,0.25
UNIT_GHENGIS,35,kv,SoundSelect1,SOUND_SELECT1_SAMURAI
UNIT_GHENGIS,36,kv,SoundSelect2,SOUND_SELECT2_SAMURAI
UNIT_GHENGIS,37,kv,SoundMove,SOUND_MOVE_SAMURAI
UNIT_GHENGIS,38,kv,SoundAcknowledge,SOUND_ACKNOWLEDGE_SAMURAI
UNIT_GHENGIS,39,kv,SoundCantMove,SOUND_CANTMOVE_SAMURAI
UNIT_GHENGIS,40,kv,SoundAttack,SOUND_ATTACK_SAMURAI
UNIT_GHENGIS,41,kv,SoundWork,SOUND_WORK_SAMURAI
UNIT_GHENGIS,42,kv,SoundVictory,SOUND_VICTORY_SAMURAI
UNIT_GHENGIS,43,kv,SoundDeath,SOUND_DEATH_SAMURAI
UNIT_GHENGIS,44,sublist,CanAttack,Land
UNIT_GHENGIS,45,sublist,CanAttack,Mountain
UNIT_GHENGIS,46,sublist,CanBombard,Land
UNIT_GHENGIS,47,sublist,CanBombard,Mountain
UNIT_GHENGIS,48,sublist,CanBombard,Water
UNIT_GHENGIS,49,sublist,CanSee,Standard
UNIT_GHENGIS,50,sublist,CanSee,Stealth
UNIT_GHENGIS,51,sublist,MovementType,Land
UNIT_GHENGIS,52,sublist,MovementType,Mountain
UNIT_GHENGIS,53,sublist,Size,Small
UNIT_GHENGIS,54,sublist,VisionClass,Standard
UNIT_GHENGIS,55,nested,InvestigateCity,"[{""t"": ""kv"", ""k"": ""Chance"", ""v"": ""0.2""}, {""t"": ""kv"", ""k"": ""DeathChance"", ""v"": ""0.05""}]"
UNIT_GHENGIS,56,nested,CanReform,"[{""t"": ""kv"", ""k"": ""Sound"", ""v"": ""SOUND_ID_REFORM_CITY""}, {""t"": ""kv"", ""k"": ""Effect"", ""v"": ""SPECEFFECT_REFORMCITY""}]"
UNIT_HANNIBAL,0,flag,CantBuild,
UNIT_HANNIBAL,1,kv,Description,DESCRIPTION_UNIT_KNIGHT
UNIT_HANNIBAL,2,kv,DefaultIcon,ICON_UNIT_HANNIBAL
UNIT_HANNIBAL,3,kv,DefaultSprite,SPRITE_HANNIBAL
UNIT_HANNIBAL,4,kv,Category,UNIT_CATEGORY_FLANKER
UNIT_HANNIBAL,5,kv,Attack,50
UNIT_HANNIBAL,6,kv,Defense,40
UNIT_HANNIBAL,7,kv,ZBRangeAttack,35
UNIT_HANNIBAL,8,kv,Firepower,3
UNIT_HANNIBAL,9,kv,Armor,1
UNIT_HANNIBAL,10,kv,MaxHP,24
UNIT_HANNIBAL,11,kv,ShieldCost,1000
UNIT_HANNIBAL,12,kv,PowerPoints,400
UNIT_HANNIBAL,13,kv,ShieldHunger,10
UNIT_HANNIBAL,14,kv,FoodHunger,0
UNIT_HANNIBAL,15,kv,MaxMovePoints,500
UNIT_HANNIBAL,16,kv,VisionRange,3
UNIT_HANNIBAL,17,kv,EnableAdvance,ADVANCE_HEXTAPUL
UNIT_HANNIBAL,18,kv,BombRounds,1
UNIT_HANNIBAL,19,kv,BombardRange,1
UNIT_HANNIBAL,20,flag,CanCounterBombard,
UNIT_HANNIBAL,21,kv,ActiveDefenseRange,0
UNIT_HANNIBAL,22,flag,LossMoveToDmgNone,
UNIT_HANNIBAL,23,kv,MaxFuel,0
UNIT_HANNIBAL,24,flag,CanEntrench,
UNIT_HANNIBAL,25,flag,CanExpel,
UNIT_HANNIBAL,26,flag,CanPillage,
UNIT_HANNIBAL,27,flag,CanPirate,
UNIT_HANNIBAL,28,flag,CanBeSued,
UNIT_HANNIBAL,29,flag,ExertsMartialLaw,
UNIT_HANNIBAL,30,flag,DeathEffectsHappy,
UNIT_HANNIBAL,31,flag,IsSpecialForces,
UNIT_HANNIBAL,32,flag,IsFlanker,
UNIT_HANNIBAL,33,flag,BonusAgainstMounted,
UNIT_HANNIBAL,34,kv,MountedBonus,0.25
UNIT_HANNIBAL,35,kv,SoundSelect1,SOUND_SELECT1_SAMURAI
UNIT_HANNIBAL,36,kv,SoundSelect2,SOUND_SELECT2_SAMURAI
UNIT_HANNIBAL,37,kv,SoundMove,SOUND_MOVE_SAMURAI
UNIT_HANNIBAL,38,kv,SoundAcknowledge,SOUND_ACKNOWLEDGE_SAMURAI
UNIT_HANNIBAL,39,kv,SoundCantMove,SOUND_CANTMOVE_SAMURAI
UNIT_HANNIBAL,40,kv,SoundAttack,SOUND_ATTACK_SAMURAI
UNIT_HANNIBAL,41,kv,SoundWork,SOUND_WORK_SAMURAI
UNIT_HANNIBAL,42,kv,SoundVictory,SOUND_VICTORY_SAMURAI
UNIT_HANNIBAL,43,kv,SoundDeath,SOUND_DEATH_SAMURAI
UNIT_HANNIBAL,44,sublist,CanAttack,Land
UNIT_HANNIBAL,45,sublist,CanAttack,Mountain
UNIT_HANNIBAL,46,sublist,CanBombard,Land
UNIT_HANNIBAL,47,sublist,CanBombard,Mountain
UNIT_HANNIBAL,48,sublist,CanBombard,Water
UNIT_HANNIBAL,49,sublist,CanSee,Standard
UNIT_HANNIBAL,50,sublist,CanSee,Stealth
UNIT_HANNIBAL,51,sublist,MovementType,Land
UNIT_HANNIBAL,52,sublist,MovementType,Mountain
UNIT_HANNIBAL,53,sublist,Size,Small
UNIT_HANNIBAL,54,sublist,VisionClass,Standard
UNIT_HANNIBAL,55,nested,InvestigateCity,"[{""t"": ""kv"", ""k"": ""Chance"", ""v"": ""0.2""}, {""t"": ""kv"", ""k"": ""DeathChance"", ""v"": ""0.05""}]"
UNIT_HANNIBAL,56,nested,CreateFranchise,"[{""t"": ""kv"", ""k"": ""Chance"", ""v"": ""0.2""}, {""t"": ""kv"", ""k"": ""Sound"", ""v"": ""SOUND_ID_CREATE_FRANCHISE""}, {""t"": ""kv"", ""k"": ""Effect"", ""v"": ""SPECEFFECT_CREATE_FRANCHISE""}]"
UNIT_HANNIBAL,57,nested,Plague,"[{""t"": ""kv"", ""k"": ""Chance"", ""v"": ""0.2""}, {""t"": ""kv"", ""k"": ""Sound"", ""v"": ""SOUND_ID_BIO_TERROR""}, {""t"": ""kv"", ""k"": ""Effect"", ""v"": ""SPECEFFECT_BIO_TERROR""}]"
UNIT_HANNIBAL,58,nested,CanReform,"[{""t"": ""kv"", ""k"": ""Sound"", ""v"": ""SOUND_ID_REFORM_CITY""}, {""t"": ""kv"", ""k"": ""Effect"", ""v"": ""SPECEFFECT_REFORMCITY""}]"
UNIT_NOBUNAGA,0,flag,CantBuild,
UNIT_NOBUNAGA,1,kv,Description,DESCRIPTION_UNIT_KNIGHT
UNIT_NOBUNAGA,2,kv,DefaultIcon,ICON_UNIT_NOBUNAGA
UNIT_NOBUNAGA,3,kv,DefaultSprite,SPRITE_NOBUNAGA
UNIT_NOBUNAGA,4,kv,Category,UNIT_CATEGORY_RANGED
UNIT_NOBUNAGA,5,kv,Attack,50
UNIT_NOBUNAGA,6,kv,Defense,45
UNIT_NOBUNAGA,7,kv,ZBRangeAttack,40
UNIT_NOBUNAGA,8,kv,Firepower,3
UNIT_NOBUNAGA,9,kv,Armor,1
UNIT_NOBUNAGA,10,kv,MaxHP,24
UNIT_NOBUNAGA,11,kv,ShieldCost,1000
UNIT_NOBUNAGA,12,kv,PowerPoints,400
UNIT_NOBUNAGA,13,kv,ShieldHunger,10
UNIT_NOBUNAGA,14,kv,FoodHunger,0
UNIT_NOBUNAGA,15,kv,MaxMovePoints,500
UNIT_NOBUNAGA,16,kv,VisionRange,3
UNIT_NOBUNAGA,17,kv,EnableAdvance,ADVANCE_HEXTAPUL
UNIT_NOBUNAGA,18,kv,BombRounds,3
UNIT_NOBUNAGA,19,kv,BombardRange,1
UNIT_NOBUNAGA,20,flag,CanCounterBombard,
UNIT_NOBUNAGA,21,kv,ActiveDefenseRange,0
UNIT_NOBUNAGA,22,flag,LossMoveToDmgNone,
UNIT_NOBUNAGA,23,kv,MaxFuel,0
UNIT_NOBUNAGA,24,flag,CanEntrench,
UNIT_NOBUNAGA,25,flag,CanExpel,
UNIT_NOBUNAGA,26,flag,CanPillage,
UNIT_NOBUNAGA,27,flag,CanPirate,
UNIT_NOBUNAGA,28,flag,CanBeSued,
UNIT_NOBUNAGA,29,flag,ExertsMartialLaw,
UNIT_NOBUNAGA,30,flag,DeathEffectsHappy,
UNIT_NOBUNAGA,31,flag,IsSpecialForces,
UNIT_NOBUNAGA,32,flag,BonusAgainstMounted,
UNIT_NOBUNAGA,33,kv,MountedBonus,0.25
UNIT_NOBUNAGA,34,kv,SoundSelect1,SOUND_SELECT1_SAMURAI
UNIT_NOBUNAGA,35,kv,SoundSelect2,SOUND_SELECT2_SAMURAI
UNIT_NOBUNAGA,36,kv,SoundMove,SOUND_MOVE_SAMURAI
UNIT_NOBUNAGA,37,kv,SoundAcknowledge,SOUND_ACKNOWLEDGE_SAMURAI
UNIT_NOBUNAGA,38,kv,SoundCantMove,SOUND_CANTMOVE_SAMURAI
UNIT_NOBUNAGA,39,kv,SoundAttack,SOUND_ATTACK_SAMURAI
UNIT_NOBUNAGA,40,kv,SoundWork,SOUND_WORK_SAMURAI
UNIT_NOBUNAGA,41,kv,SoundVictory,SOUND_VICTORY_SAMURAI
UNIT_NOBUNAGA,42,kv,SoundDeath,SOUND_DEATH_SAMURAI
UNIT_NOBUNAGA,43,sublist,CanAttack,Land
UNIT_NOBUNAGA,44,sublist,CanAttack,Mountain
UNIT_NOBUNAGA,45,sublist,CanBombard,Land
UNIT_NOBUNAGA,46,sublist,CanBombard,Mountain
UNIT_NOBUNAGA,47,sublist,CanBombard,Water
UNIT_NOBUNAGA,48,sublist,CanSee,Standard
UNIT_NOBUNAGA,49,sublist,CanSee,Stealth
UNIT_NOBUNAGA,50,sublist,MovementType,Land
UNIT_NOBUNAGA,51,sublist,MovementType,Mountain
UNIT_NOBUNAGA,52,sublist,Size,Small
UNIT_NOBUNAGA,53,sublist,VisionClass,Standard
UNIT_NOBUNAGA,54,nested,InvestigateCity,"[{""t"": ""kv"", ""k"": ""Chance"", ""v"": ""0.2""}, {""t"": ""kv"", ""k"": ""DeathChance"", ""v"": ""0.05""}]"
UNIT_NOBUNAGA,55,nested,CanReform,"[{""t"": ""kv"", ""k"": ""Sound"", ""v"": ""SOUND_ID_REFORM_CITY""}, {""t"": ""kv"", ""k"": ""Effect"", ""v"": ""SPECEFFECT_REFORMCITY""}]"
UNIT_PACAL,0,flag,CantBuild,
UNIT_PACAL,1,kv,Description,DESCRIPTION_UNIT_KNIGHT
UNIT_PACAL,2,kv,DefaultIcon,ICON_UNIT_PACAL
UNIT_PACAL,3,kv,DefaultSprite,SPRITE_PACAL
UNIT_PACAL,4,kv,Category,UNIT_CATEGORY_RANGED
UNIT_PACAL,5,kv,Attack,40
UNIT_PACAL,6,kv,Defense,40
UNIT_PACAL,7,kv,ZBRangeAttack,40
UNIT_PACAL,8,kv,Firepower,3
UNIT_PACAL,9,kv,Armor,1
UNIT_PACAL,10,kv,MaxHP,24
UNIT_PACAL,11,kv,ShieldCost,1000
UNIT_PACAL,12,kv,PowerPoints,400
UNIT_PACAL,13,kv,ShieldHunger,10
UNIT_PACAL,14,kv,FoodHunger,0
UNIT_PACAL,15,kv,MaxMovePoints,500
UNIT_PACAL,16,kv,VisionRange,3
UNIT_PACAL,17,kv,EnableAdvance,ADVANCE_HEXTAPUL
UNIT_PACAL,18,kv,BombRounds,4
UNIT_PACAL,19,kv,BombardRange,1
UNIT_PACAL,20,flag,CanCounterBombard,
UNIT_PACAL,21,kv,ActiveDefenseRange,0
UNIT_PACAL,22,flag,LossMoveToDmgNone,
UNIT_PACAL,23,kv,MaxFuel,0
UNIT_PACAL,24,flag,CanEntrench,
UNIT_PACAL,25,flag,CanExpel,
UNIT_PACAL,26,flag,CanPillage,
UNIT_PACAL,27,flag,CanPirate,
UNIT_PACAL,28,flag,CanBeSued,
UNIT_PACAL,29,flag,ExertsMartialLaw,
UNIT_PACAL,30,flag,DeathEffectsHappy,
UNIT_PACAL,31,flag,IsSpecialForces,
UNIT_PACAL,32,flag,BonusAgainstMounted,
UNIT_PACAL,33,kv,MountedBonus,0.25
UNIT_PACAL,34,kv,SoundSelect1,SOUND_SELECT1_SAMURAI
UNIT_PACAL,35,kv,SoundSelect2,SOUND_SELECT2_SAMURAI
UNIT_PACAL,36,kv,SoundMove,SOUND_MOVE_SAMURAI
UNIT_PACAL,37,kv,SoundAcknowledge,SOUND_ACKNOWLEDGE_SAMURAI
UNIT_PACAL,38,kv,SoundCantMove,SOUND_CANTMOVE_SAMURAI
UNIT_PACAL,39,kv,SoundAttack,SOUND_ATTACK_SAMURAI
UNIT_PACAL,40,kv,SoundWork,SOUND_WORK_SAMURAI
UNIT_PACAL,41,kv,SoundVictory,SOUND_VICTORY_SAMURAI
UNIT_PACAL,42,kv,SoundDeath,SOUND_DEATH_SAMURAI
UNIT_PACAL,43,sublist,CanAttack,Land
UNIT_PACAL,44,sublist,CanAttack,Mountain
UNIT_PACAL,45,sublist,CanBombard,Land
UNIT_PACAL,46,sublist,CanBombard,Mountain
UNIT_PACAL,47,sublist,CanBombard,Water
UNIT_PACAL,48,sublist,CanSee,Standard
UNIT_PACAL,49,sublist,MovementType,Land
UNIT_PACAL,50,sublist,MovementType,Mountain
UNIT_PACAL,51,sublist,Size,Small
UNIT_PACAL,52,sublist,VisionClass,Standard
UNIT_PACAL,53,nested,ConvertCities,"[{""t"": ""kv"", ""k"": ""Chance"", ""v"": ""0.2""}, {""t"": ""kv"", ""k"": ""Sound"", ""v"": ""SOUND_ID_CONVERT_CITIES_CL""}, {""t"": ""kv"", ""k"": ""Effect"", ""v"": ""SPECEFFECT_CONVERT_CITIES""}]"
UNIT_PACAL,54,nested,CanReform,"[{""t"": ""kv"", ""k"": ""Sound"", ""v"": ""SOUND_ID_REFORM_CITY""}, {""t"": ""kv"", ""k"": ""Effect"", ""v"": ""SPECEFFECT_REFORMCITY""}]"
UNIT_SALADIN,0,flag,CantBuild,
UNIT_SALADIN,1,kv,Description,DESCRIPTION_UNIT_KNIGHT
UNIT_SALADIN,2,kv,DefaultIcon,ICON_UNIT_SALADIN
UNIT_SALADIN,3,kv,DefaultSprite,SPRITE_SALADIN
UNIT_SALADIN,4,kv,Category,UNIT_CATEGORY_RANGED
UNIT_SALADIN,5,kv,Attack,40
UNIT_SALADIN,6,kv,Defense,40
UNIT_SALADIN,7,kv,ZBRangeAttack,40
UNIT_SALADIN,8,kv,Firepower,3
UNIT_SALADIN,9,kv,Armor,1
UNIT_SALADIN,10,kv,MaxHP,24
UNIT_SALADIN,11,kv,ShieldCost,1000
UNIT_SALADIN,12,kv,PowerPoints,400
UNIT_SALADIN,13,kv,ShieldHunger,10
UNIT_SALADIN,14,kv,FoodHunger,0
UNIT_SALADIN,15,kv,MaxMovePoints,500
UNIT_SALADIN,16,kv,VisionRange,3
UNIT_SALADIN,17,kv,EnableAdvance,ADVANCE_HEXTAPUL
UNIT_SALADIN,18,kv,BombRounds,4
UNIT_SALADIN,19,kv,BombardRange,1
UNIT_SALADIN,20,flag,CanCounterBombard,
UNIT_SALADIN,21,kv,ActiveDefenseRange,0
UNIT_SALADIN,22,flag,LossMoveToDmgNone,
UNIT_SALADIN,23,kv,MaxFuel,0
UNIT_SALADIN,24,flag,CanEntrench,
UNIT_SALADIN,25,flag,CanExpel,
UNIT_SALADIN,26,flag,CanPillage,
UNIT_SALADIN,27,flag,CanPirate,
UNIT_SALADIN,28,flag,CanBeSued,
UNIT_SALADIN,29,flag,ExertsMartialLaw,
UNIT_SALADIN,30,flag,DeathEffectsHappy,
UNIT_SALADIN,31,flag,VictoryEnslavement,
UNIT_SALADIN,32,flag,IsSpecialForces,
UNIT_SALADIN,33,flag,BonusAgainstMounted,
UNIT_SALADIN,34,kv,MountedBonus,0.25
UNIT_SALADIN,35,kv,SoundSelect1,SOUND_SELECT1_SAMURAI
UNIT_SALADIN,36,kv,SoundSelect2,SOUND_SELECT2_SAMURAI
UNIT_SALADIN,37,kv,SoundMove,SOUND_MOVE_SAMURAI
UNIT_SALADIN,38,kv,SoundAcknowledge,SOUND_ACKNOWLEDGE_SAMURAI
UNIT_SALADIN,39,kv,SoundCantMove,SOUND_CANTMOVE_SAMURAI
UNIT_SALADIN,40,kv,SoundAttack,SOUND_ATTACK_SAMURAI
UNIT_SALADIN,41,kv,SoundWork,SOUND_WORK_SAMURAI
UNIT_SALADIN,42,kv,SoundVictory,SOUND_VICTORY_SAMURAI
UNIT_SALADIN,43,kv,SoundDeath,SOUND_DEATH_SAMURAI
UNIT_SALADIN,44,sublist,CanAttack,Land
UNIT_SALADIN,45,sublist,CanAttack,Mountain
UNIT_SALADIN,46,sublist,CanBombard,Land
UNIT_SALADIN,47,sublist,CanBombard,Mountain
UNIT_SALADIN,48,sublist,CanBombard,Water
UNIT_SALADIN,49,sublist,CanSee,Standard
UNIT_SALADIN,50,sublist,CanSee,Stealth
UNIT_SALADIN,51,sublist,MovementType,Land
UNIT_SALADIN,52,sublist,MovementType,Mountain
UNIT_SALADIN,53,sublist,Size,Small
UNIT_SALADIN,54,sublist,VisionClass,Standard
UNIT_SALADIN,55,nested,InvestigateCity,"[{""t"": ""kv"", ""k"": ""Chance"", ""v"": ""0.2""}, {""t"": ""kv"", ""k"": ""DeathChance"", ""v"": ""0.05""}]"
UNIT_SALADIN,56,nested,CreateFranchise,"[{""t"": ""kv"", ""k"": ""Chance"", ""v"": ""0.2""}, {""t"": ""kv"", ""k"": ""Sound"", ""v"": ""SOUND_ID_CREATE_FRANCHISE""}, {""t"": ""kv"", ""k"": ""Effect"", ""v"": ""SPECEFFECT_CREATE_FRANCHISE""}]"
UNIT_SALADIN,57,nested,ConvertCities,"[{""t"": ""kv"", ""k"": ""Chance"", ""v"": ""0.2""}, {""t"": ""kv"", ""k"": ""Sound"", ""v"": ""SOUND_ID_CONVERT_CITIES_CL""}, {""t"": ""kv"", ""k"": ""Effect"", ""v"": ""SPECEFFECT_CONVERT_CITIES""}]"
UNIT_SALADIN,58,nested,CanReform,"[{""t"": ""kv"", ""k"": ""Sound"", ""v"": ""SOUND_ID_REFORM_CITY""}, {""t"": ""kv"", ""k"": ""Effect"", ""v"": ""SPECEFFECT_REFORMCITY""}]"
UNIT_SARGON,0,flag,CantBuild,
UNIT_SARGON,1,kv,Description,DESCRIPTION_UNIT_KNIGHT
UNIT_SARGON,2,kv,DefaultIcon,ICON_UNIT_SARGON
UNIT_SARGON,3,kv,DefaultSprite,SPRITE_SARGON
UNIT_SARGON,4,kv,Category,UNIT_CATEGORY_RANGED
UNIT_SARGON,5,kv,Attack,40
UNIT_SARGON,6,kv,Defense,40
UNIT_SARGON,7,kv,ZBRangeAttack,40
UNIT_SARGON,8,kv,Firepower,3
UNIT_SARGON,9,kv,Armor,1
UNIT_SARGON,10,kv,MaxHP,24
UNIT_SARGON,11,kv,ShieldCost,1000
UNIT_SARGON,12,kv,PowerPoints,400
UNIT_SARGON,13,kv,ShieldHunger,10
UNIT_SARGON,14,kv,FoodHunger,0
UNIT_SARGON,15,kv,MaxMovePoints,500
UNIT_SARGON,16,kv,VisionRange,3
UNIT_SARGON,17,kv,EnableAdvance,ADVANCE_HEXTAPUL
UNIT_SARGON,18,kv,BombRounds,4
UNIT_SARGON,19,kv,BombardRange,1
UNIT_SARGON,20,flag,CanCounterBombard,
UNIT_SARGON,21,kv,ActiveDefenseRange,0
UNIT_SARGON,22,flag,LossMoveToDmgNone,
UNIT_SARGON,23,kv,MaxFuel,0
UNIT_SARGON,24,flag,CanEntrench,
UNIT_SARGON,25,flag,CanExpel,
UNIT_SARGON,26,flag,CanPillage,
UNIT_SARGON,27,flag,CanPirate,
UNIT_SARGON,28,flag,CanBeSued,
UNIT_SARGON,29,flag,ExertsMartialLaw,
UNIT_SARGON,30,flag,DeathEffectsHappy,
UNIT_SARGON,31,flag,VictoryEnslavement,
UNIT_SARGON,32,flag,IsSpecialForces,
UNIT_SARGON,33,flag,BonusAgainstMounted,
UNIT_SARGON,34,kv,MountedBonus,0.25
UNIT_SARGON,35,kv,SoundSelect1,SOUND_SELECT1_SAMURAI
UNIT_SARGON,36,kv,SoundSelect2,SOUND_SELECT2_SAMURAI
UNIT_SARGON,37,kv,SoundMove,SOUND_MOVE_SAMURAI
UNIT_SARGON,38,kv,SoundAcknowledge,SOUND_ACKNOWLEDGE_SAMURAI
UNIT_SARGON,39,kv,SoundCantMove,SOUND_CANTMOVE_SAMURAI
UNIT_SARGON,40,kv,SoundAttack,SOUND_ATTACK_SAMURAI
UNIT_SARGON,41,kv,SoundWork,SOUND_WORK_SAMURAI
UNIT_SARGON,42,kv,SoundVictory,SOUND_VICTORY_SAMURAI
UNIT_SARGON,43,kv,SoundDeath,SOUND_DEATH_SAMURAI
UNIT_SARGON,44,sublist,CanAttack,Land
UNIT_SARGON,45,sublist,CanAttack,Mountain
UNIT_SARGON,46,sublist,CanBombard,Land
UNIT_SARGON,47,sublist,CanBombard,Mountain
UNIT_SARGON,48,sublist,CanBombard,Water
UNIT_SARGON,49,sublist,CanSee,Standard
UNIT_SARGON,50,sublist,CanSee,Stealth
UNIT_SARGON,51,sublist,MovementType,Land
UNIT_SARGON,52,sublist,MovementType,Mountain
UNIT_SARGON,53,sublist,Size,Small
UNIT_SARGON,54,sublist,VisionClass,Standard
UNIT_SARGON,55,nested,BioTerror,"[{""t"": ""kv"", ""k"": ""Chance"", ""v"": ""0.25""}, {""t"": ""kv"", ""k"": ""Sound"", ""v"": ""SOUND_ID_BIO_TERROR""}, {""t"": ""kv"", ""k"": ""Effect"", ""v"": ""SPECEFFECT_BIO_TERROR""}]"
UNIT_SARGON,56,nested,CanReform,"[{""t"": ""kv"", ""k"": ""Sound"", ""v"": ""SOUND_ID_REFORM_CITY""}, {""t"": ""kv"", ""k"": ""Effect"", ""v"": ""SPECEFFECT_REFORMCITY""}]"
UNIT_SUNTZU,0,flag,CantBuild,
UNIT_SUNTZU,1,kv,Description,DESCRIPTION_UNIT_KNIGHT
UNIT_SUNTZU,2,kv,DefaultIcon,ICON_UNIT_SUNTZU
UNIT_SUNTZU,3,kv,DefaultSprite,SPRITE_SUNTZU
UNIT_SUNTZU,4,kv,Category,UNIT_CATEGORY_RANGED
UNIT_SUNTZU,5,kv,Attack,40
UNIT_SUNTZU,6,kv,Defense,40
UNIT_SUNTZU,7,kv,ZBRangeAttack,40
UNIT_SUNTZU,8,kv,Firepower,3
UNIT_SUNTZU,9,kv,Armor,1
UNIT_SUNTZU,10,kv,MaxHP,24
UNIT_SUNTZU,11,kv,ShieldCost,1000
UNIT_SUNTZU,12,kv,PowerPoints,400
UNIT_SUNTZU,13,kv,ShieldHunger,10
UNIT_SUNTZU,14,kv,FoodHunger,0
UNIT_SUNTZU,15,kv,MaxMovePoints,500
UNIT_SUNTZU,16,kv,VisionRange,3
UNIT_SUNTZU,17,kv,EnableAdvance,ADVANCE_HEXTAPUL
UNIT_SUNTZU,18,kv,BombRounds,4
UNIT_SUNTZU,19,kv,BombardRange,1
UNIT_SUNTZU,20,flag,CanCounterBombard,
UNIT_SUNTZU,21,kv,ActiveDefenseRange,0
UNIT_SUNTZU,22,flag,LossMoveToDmgNone,
UNIT_SUNTZU,23,kv,MaxFuel,0
UNIT_SUNTZU,24,flag,CanEntrench,
UNIT_SUNTZU,25,flag,CanExpel,
UNIT_SUNTZU,26,flag,CanPillage,
UNIT_SUNTZU,27,flag,CanPirate,
UNIT_SUNTZU,28,flag,CanBeSued,
UNIT_SUNTZU,29,flag,ExertsMartialLaw,
UNIT_SUNTZU,30,flag,DeathEffectsHappy,
UNIT_SUNTZU,31,flag,IsSpecialForces,
UNIT_SUNTZU,32,flag,BonusAgainstMounted,
UNIT_SUNTZU,33,kv,MountedBonus,0.25
UNIT_SUNTZU,34,kv,SoundSelect1,SOUND_SELECT1_SAMURAI
UNIT_SUNTZU,35,kv,SoundSelect2,SOUND_SELECT2_SAMURAI
UNIT_SUNTZU,36,kv,SoundMove,SOUND_MOVE_SAMURAI
UNIT_SUNTZU,37,kv,SoundAcknowledge,SOUND_ACKNOWLEDGE_SAMURAI
UNIT_SUNTZU,38,kv,SoundCantMove,SOUND_CANTMOVE_SAMURAI
UNIT_SUNTZU,39,kv,SoundAttack,SOUND_ATTACK_SAMURAI
UNIT_SUNTZU,40,kv,SoundWork,SOUND_WORK_SAMURAI
UNIT_SUNTZU,41,kv,SoundVictory,SOUND_VICTORY_SAMURAI
UNIT_SUNTZU,42,kv,SoundDeath,SOUND_DEATH_SAMURAI
UNIT_SUNTZU,43,sublist,CanAttack,Land
UNIT_SUNTZU,44,sublist,CanAttack,Mountain
UNIT_SUNTZU,45,sublist,CanBombard,Land
UNIT_SUNTZU,46,sublist,CanBombard,Mountain
UNIT_SUNTZU,47,sublist,CanBombard,Water
UNIT_SUNTZU,48,sublist,CanSee,Standard
UNIT_SUNTZU,49,sublist,CanSee,Stealth
UNIT_SUNTZU,50,sublist,MovementType,Land
UNIT_SUNTZU,51,sublist,MovementType,Mountain
UNIT_SUNTZU,52,sublist,Size,Small
UNIT_SUNTZU,53,sublist,VisionClass,Standard
UNIT_SUNTZU,54,nested,InvestigateCity,"[{""t"": ""kv"", ""k"": ""Chance"", ""v"": ""0.2""}, {""t"": ""kv"", ""k"": ""DeathChance"", ""v"": ""0.05""}]"
UNIT_SUNTZU,55,nested,CreateFranchise,"[{""t"": ""kv"", ""k"": ""Chance"", ""v"": ""0.2""}, {""t"": ""kv"", ""k"": ""Sound"", ""v"": ""SOUND_ID_CREATE_FRANCHISE""}, {""t"": ""kv"", ""k"": ""Effect"", ""v"": ""SPECEFFECT_CREATE_FRANCHISE""}]"
UNIT_SUNTZU,56,nested,ConvertCities,"[{""t"": ""kv"", ""k"": ""Chance"", ""v"": ""0.2""}, {""t"": ""kv"", ""k"": ""Sound"", ""v"": ""SOUND_ID_CONVERT_CITIES_CL""}, {""t"": ""kv"", ""k"": ""Effect"", ""v"": ""SPECEFFECT_CONVERT_CITIES""}]"
UNIT_SUNTZU,57,nested,CanReform,"[{""t"": ""kv"", ""k"": ""Sound"", ""v"": ""SOUND_ID_REFORM_CITY""}, {""t"": ""kv"", ""k"": ""Effect"", ""v"": ""SPECEFFECT_REFORMCITY""}]"
UNIT_TAMERLANE,0,flag,CantBuild,
UNIT_TAMERLANE,1,kv,Description,DESCRIPTION_UNIT_KNIGHT
UNIT_TAMERLANE,2,kv,DefaultIcon,ICON_UNIT_TAMERLANE
UNIT_TAMERLANE,3,kv,DefaultSprite,SPRITE_TAMERLANE
UNIT_TAMERLANE,4,kv,Category,UNIT_CATEGORY_RANGED
UNIT_TAMERLANE,5,kv,Attack,50
UNIT_TAMERLANE,6,kv,Defense,45
UNIT_TAMERLANE,7,kv,ZBRangeAttack,45
UNIT_TAMERLANE,8,kv,Firepower,3
UNIT_TAMERLANE,9,kv,Armor,1
UNIT_TAMERLANE,10,kv,MaxHP,24
UNIT_TAMERLANE,11,kv,ShieldCost,1000
UNIT_TAMERLANE,12,kv,PowerPoints,400
UNIT_TAMERLANE,13,kv,ShieldHunger,10
UNIT_TAMERLANE,14,kv,FoodHunger,0
UNIT_TAMERLANE,15,kv,MaxMovePoints,500
UNIT_TAMERLANE,16,kv,VisionRange,3
UNIT_TAMERLANE,17,kv,EnableAdvance,ADVANCE_HEXTAPUL
UNIT_TAMERLANE,18,kv,BombRounds,5
UNIT_TAMERLANE,19,kv,BombardRange,1
UNIT_TAMERLANE,20,flag,CanCounterBombard,
UNIT_TAMERLANE,21,kv,ActiveDefenseRange,0
UNIT_TAMERLANE,22,flag,LossMoveToDmgNone,
UNIT_TAMERLANE,23,kv,MaxFuel,0
UNIT_TAMERLANE,24,flag,CanEntrench,
UNIT_TAMERLANE,25,flag,CanExpel,
UNIT_TAMERLANE,26,flag,CanPillage,
UNIT_TAMERLANE,27,flag,CanPirate,
UNIT_TAMERLANE,28,flag,CanBeSued,
UNIT_TAMERLANE,29,flag,ExertsMartialLaw,
UNIT_TAMERLANE,30,flag,DeathEffectsHappy,
UNIT_TAMERLANE,31,flag,VictoryEnslavement,
UNIT_TAMERLANE,32,flag,IsSpecialForces,
UNIT_TAMERLANE,33,flag,BonusAgainstMounted,
UNIT_TAMERLANE,34,kv,MountedBonus,0.25
UNIT_TAMERLANE,35,kv,SoundSelect1,SOUND_SELECT1_SAMURAI
UNIT_TAMERLANE,36,kv,SoundSelect2,SOUND_SELECT2_SAMURAI
UNIT_TAMERLANE,37,kv,SoundMove,SOUND_MOVE_SAMURAI
UNIT_TAMERLANE,38,kv,SoundAcknowledge,SOUND_ACKNOWLEDGE_SAMURAI
UNIT_TAMERLANE,39,kv,SoundCantMove,SOUND_CANTMOVE_SAMURAI
UNIT_TAMERLANE,40,kv,SoundAttack,SOUND_ATTACK_SAMURAI
UNIT_TAMERLANE,41,kv,SoundWork,SOUND_WORK_SAMURAI
UNIT_TAMERLANE,42,kv,SoundVictory,SOUND_VICTORY_SAMURAI
UNIT_TAMERLANE,43,kv,SoundDeath,SOUND_DEATH_SAMURAI
UNIT_TAMERLANE,44,sublist,CanAttack,Land
UNIT_TAMERLANE,45,sublist,CanAttack,Mountain
UNIT_TAMERLANE,46,sublist,CanBombard,Land
UNIT_TAMERLANE,47,sublist,CanBombard,Mountain
UNIT_TAMERLANE,48,sublist,CanBombard,Water
UNIT_TAMERLANE,49,sublist,CanSee,Standard
UNIT_TAMERLANE,50,sublist,CanSee,Stealth
UNIT_TAMERLANE,51,sublist,MovementType,Land
UNIT_TAMERLANE,52,sublist,MovementType,Mountain
UNIT_TAMERLANE,53,sublist,Size,Small
UNIT_TAMERLANE,54,sublist,VisionClass,Standard
UNIT_TAMERLANE,55,nested,InvestigateCity,"[{""t"": ""kv"", ""k"": ""Chance"", ""v"": ""0.2""}, {""t"": ""kv"", ""k"": ""DeathChance"", ""v"": ""0.05""}]"
UNIT_TAMERLANE,56,nested,CreateFranchise,"[{""t"": ""kv"", ""k"": ""Chance"", ""v"": ""0.2""}, {""t"": ""kv"", ""k"": ""Sound"", ""v"": ""SOUND_ID_CREATE_FRANCHISE""}, {""t"": ""kv"", ""k"": ""Effect"", ""v"": ""SPECEFFECT_CREATE_FRANCHISE""}]"
UNIT_TAMERLANE,57,nested,BioTerror,"[{""t"": ""kv"", ""k"": ""Chance"", ""v"": ""0.2""}, {""t"": ""kv"", ""k"": ""Sound"", ""v"": ""SOUND_ID_BIO_TERROR""}, {""t"": ""kv"", ""k"": ""Effect"", ""v"": ""SPECEFFECT_BIO_TERROR""}]"
UNIT_TAMERLANE,58,nested,Plague,"[{""t"": ""kv"", ""k"": ""Chance"", ""v"": ""0.2""}, {""t"": ""kv"", ""k"": ""Sound"", ""v"": ""SOUND_ID_BIO_TERROR""}, {""t"": ""kv"", ""k"": ""Effect"", ""v"": ""SPECEFFECT_BIO_TERROR""}]"
UNIT_TAMERLANE,59,nested,CanReform,"[{""t"": ""kv"", ""k"": ""Sound"", ""v"": ""SOUND_ID_REFORM_CITY""}, {""t"": ""kv"", ""k"": ""Effect"", ""v"": ""SPECEFFECT_REFORMCITY""}]"
UNIT_THUTMOSE,0,flag,CantBuild,
UNIT_THUTMOSE,1,kv,Description,DESCRIPTION_UNIT_KNIGHT
UNIT_THUTMOSE,2,kv,DefaultIcon,ICON_UNIT_THUTMOSE
UNIT_THUTMOSE,3,kv,DefaultSprite,SPRITE_THUTMOSE
UNIT_THUTMOSE,4,kv,Category,UNIT_CATEGORY_RANGED
UNIT_THUTMOSE,5,kv,Attack,40
UNIT_THUTMOSE,6,kv,Defense,40
UNIT_THUTMOSE,7,kv,ZBRangeAttack,40
UNIT_THUTMOSE,8,kv,Firepower,3
UNIT_THUTMOSE,9,kv,Armor,1
UNIT_THUTMOSE,10,kv,MaxHP,24
UNIT_THUTMOSE,11,kv,ShieldCost,1000
UNIT_THUTMOSE,12,kv,PowerPoints,400
UNIT_THUTMOSE,13,kv,ShieldHunger,10
UNIT_THUTMOSE,14,kv,FoodHunger,0
UNIT_THUTMOSE,15,kv,MaxMovePoints,500
UNIT_THUTMOSE,16,kv,VisionRange,3
UNIT_THUTMOSE,17,kv,EnableAdvance,ADVANCE_HEXTAPUL
UNIT_THUTMOSE,18,kv,BombRounds,4
UNIT_THUTMOSE,19,kv,BombardRange,1
UNIT_THUTMOSE,20,flag,CanCounterBombard,
UNIT_THUTMOSE,21,kv,ActiveDefenseRange,0
UNIT_THUTMOSE,22,flag,LossMoveToDmgNone,
UNIT_THUTMOSE,23,kv,MaxFuel,0
UNIT_THUTMOSE,24,flag,CanEntrench,
UNIT_THUTMOSE,25,flag,CanExpel,
UNIT_THUTMOSE,26,flag,CanPillage,
UNIT_THUTMOSE,27,flag,CanPirate,
UNIT_THUTMOSE,28,flag,CanBeSued,
UNIT_THUTMOSE,29,flag,ExertsMartialLaw,
UNIT_THUTMOSE,30,flag,DeathEffectsHappy,
UNIT_THUTMOSE,31,flag,IsSpecialForces,
UNIT_THUTMOSE,32,flag,BonusAgainstMounted,
UNIT_THUTMOSE,33,kv,MountedBonus,0.25
UNIT_THUTMOSE,34,kv,SoundSelect1,SOUND_SELECT1_SAMURAI
UNIT_THUTMOSE,35,kv,SoundSelect2,SOUND_SELECT2_SAMURAI
UNIT_THUTMOSE,36,kv,SoundMove,SOUND_MOVE_SAMURAI
UNIT_THUTMOSE,37,kv,SoundAcknowledge,SOUND_ACKNOWLEDGE_SAMURAI
UNIT_THUTMOSE,38,kv,SoundCantMove,SOUND_CANTMOVE_SAMURAI
UNIT_THUTMOSE,39,kv,SoundAttack,SOUND_ATTACK_SAMURAI
UNIT_THUTMOSE,40,kv,SoundWork,SOUND_WORK_SAMURAI
UNIT_THUTMOSE,41,kv,SoundVictory,SOUND_VICTORY_SAMURAI
UNIT_THUTMOSE,42,kv,SoundDeath,SOUND_DEATH_SAMURAI
UNIT_THUTMOSE,43,sublist,CanAttack,Land
UNIT_THUTMOSE,44,sublist,CanAttack,Mountain
UNIT_THUTMOSE,45,sublist,CanBombard,Land
UNIT_THUTMOSE,46,sublist,CanBombard,Mountain
UNIT_THUTMOSE,47,sublist,CanBombard,Water
UNIT_THUTMOSE,48,sublist,CanSee,Standard
UNIT_THUTMOSE,49,sublist,CanSee,Stealth
UNIT_THUTMOSE,50,sublist,MovementType,Land
UNIT_THUTMOSE,51,sublist,MovementType,Mountain
UNIT_THUTMOSE,52,sublist,Size,Small
UNIT_THUTMOSE,53,sublist,VisionClass,Standard
UNIT_THUTMOSE,54,nested,InvestigateCity,"[{""t"": ""kv"", ""k"": ""Chance"", ""v"": ""0.2""}]"
UNIT_THUTMOSE,55,nested,CreateFranchise,"[{""t"": ""kv"", ""k"": ""Chance"", ""v"": ""0.2""}, {""t"": ""kv"", ""k"": ""Sound"", ""v"": ""SOUND_ID_CREATE_FRANCHISE""}, {""t"": ""kv"", ""k"": ""Effect"", ""v"": ""SPECEFFECT_CREATE_FRANCHISE""}]"
UNIT_THUTMOSE,56,nested,ConvertCities,"[{""t"": ""kv"", ""k"": ""Chance"", ""v"": ""0.2""}, {""t"": ""kv"", ""k"": ""Sound"", ""v"": ""SOUND_ID_CONVERT_CITIES_CL""}, {""t"": ""kv"", ""k"": ""Effect"", ""v"": ""SPECEFFECT_CONVERT_CITIES""}]"
UNIT_THUTMOSE,57,nested,CanReform,"[{""t"": ""kv"", ""k"": ""Sound"", ""v"": ""SOUND_ID_REFORM_CITY""}, {""t"": ""kv"", ""k"": ""Effect"", ""v"": ""SPECEFFECT_REFORMCITY""}]"
UNIT_TIGLATH,0,flag,CantBuild,
UNIT_TIGLATH,1,kv,Description,DESCRIPTION_UNIT_KNIGHT
UNIT_TIGLATH,2,kv,DefaultIcon,ICON_UNIT_TIGLATH
UNIT_TIGLATH,3,kv,DefaultSprite,SPRITE_TIGLATH
UNIT_TIGLATH,4,kv,Category,UNIT_CATEGORY_RANGED
UNIT_TIGLATH,5,kv,Attack,40
UNIT_TIGLATH,6,kv,Defense,40
UNIT_TIGLATH,7,kv,ZBRangeAttack,40
UNIT_TIGLATH,8,kv,Firepower,3
UNIT_TIGLATH,9,kv,Armor,1
UNIT_TIGLATH,10,kv,MaxHP,24
UNIT_TIGLATH,11,kv,ShieldCost,1000
UNIT_TIGLATH,12,kv,PowerPoints,400
UNIT_TIGLATH,13,kv,ShieldHunger,10
UNIT_TIGLATH,14,kv,FoodHunger,0
UNIT_TIGLATH,15,kv,MaxMovePoints,500
UNIT_TIGLATH,16,kv,VisionRange,3
UNIT_TIGLATH,17,kv,EnableAdvance,ADVANCE_HEXTAPUL
UNIT_TIGLATH,18,kv,BombRounds,4
UNIT_TIGLATH,19,kv,BombardRange,1
UNIT_TIGLATH,20,flag,CanCounterBombard,
UNIT_TIGLATH,21,kv,ActiveDefenseRange,0
UNIT_TIGLATH,22,flag,LossMoveToDmgNone,
UNIT_TIGLATH,23,kv,MaxFuel,0
UNIT_TIGLATH,24,flag,CanEntrench,
UNIT_TIGLATH,25,flag,CanExpel,
UNIT_TIGLATH,26,flag,CanPillage,
UNIT_TIGLATH,27,flag,CanPirate,
UNIT_TIGLATH,28,flag,CanBeSued,
UNIT_TIGLATH,29,flag,ExertsMartialLaw,
UNIT_TIGLATH,30,flag,DeathEffectsHappy,
UNIT_TIGLATH,31,flag,VictoryEnslavement,
UNIT_TIGLATH,32,flag,IsSpecialForces,
UNIT_TIGLATH,33,flag,BonusAgainstMounted,
UNIT_TIGLATH,34,kv,MountedBonus,0.25
UNIT_TIGLATH,35,kv,SoundSelect1,SOUND_SELECT1_SAMURAI
UNIT_TIGLATH,36,kv,SoundSelect2,SOUND_SELECT2_SAMURAI
UNIT_TIGLATH,37,kv,SoundMove,SOUND_MOVE_SAMURAI
UNIT_TIGLATH,38,kv,SoundAcknowledge,SOUND_ACKNOWLEDGE_SAMURAI
UNIT_TIGLATH,39,kv,SoundCantMove,SOUND_CANTMOVE_SAMURAI
UNIT_TIGLATH,40,kv,SoundAttack,SOUND_ATTACK_SAMURAI
UNIT_TIGLATH,41,kv,SoundWork,SOUND_WORK_SAMURAI
UNIT_TIGLATH,42,kv,SoundVictory,SOUND_VICTORY_SAMURAI
UNIT_TIGLATH,43,kv,SoundDeath,SOUND_DEATH_SAMURAI
UNIT_TIGLATH,44,sublist,CanAttack,Land
UNIT_TIGLATH,45,sublist,CanAttack,Mountain
UNIT_TIGLATH,46,sublist,CanBombard,Land
UNIT_TIGLATH,47,sublist,CanBombard,Mountain
UNIT_TIGLATH,48,sublist,CanBombard,Water
UNIT_TIGLATH,49,sublist,CanSee,Standard
UNIT_TIGLATH,50,sublist,CanSee,Stealth
UNIT_TIGLATH,51,sublist,MovementType,Land
UNIT_TIGLATH,52,sublist,MovementType,Mountain
UNIT_TIGLATH,53,sublist,Size,Small
UNIT_TIGLATH,54,sublist,VisionClass,Standard
UNIT_TIGLATH,55,nested,InvestigateCity,"[{""t"": ""kv"", ""k"": ""Chance"", ""v"": ""0.2""}, {""t"": ""kv"", ""k"": ""DeathChance"", ""v"": ""0.05""}]"
UNIT_TIGLATH,56,nested,CreateFranchise,"[{""t"": ""kv"", ""k"": ""Chance"", ""v"": ""0.2""}, {""t"": ""kv"", ""k"": ""Sound"", ""v"": ""SOUND_ID_CREATE_FRANCHISE""}, {""t"": ""kv"", ""k"": ""Effect"", ""v"": ""SPECEFFECT_CREATE_FRANCHISE""}]"
UNIT_TIGLATH,57,nested,CanReform,"[{""t"": ""kv"", ""k"": ""Sound"", ""v"": ""SOUND_ID_REFORM_CITY""}, {""t"": ""kv"", ""k"": ""Effect"", ""v"": ""SPECEFFECT_REFORMCITY""}]"
UNIT_HOUSE,0,flag,CantBuild,
UNIT_HOUSE,1,kv,Description,DESCRIPTION_UNIT_KNIGHT
UNIT_HOUSE,2,kv,DefaultIcon,ICON_UNIT_HOUSE
UNIT_HOUSE,3,kv,DefaultSprite,SPRITE_HOUSE
UNIT_HOUSE,4,kv,Category,UNIT_CATEGORY_RANGED
UNIT_HOUSE,5,kv,Attack,60
UNIT_HOUSE,6,kv,Defense,60
UNIT_HOUSE,7,kv,ZBRangeAttack,30
UNIT_HOUSE,8,kv,Firepower,2
UNIT_HOUSE,9,kv,Armor,1
UNIT_HOUSE,10,kv,MaxHP,40
UNIT_HOUSE,11,kv,ShieldCost,1000
UNIT_HOUSE,12,kv,PowerPoints,300
UNIT_HOUSE,13,kv,ShieldHunger,5
UNIT_HOUSE,14,kv,FoodHunger,0
UNIT_HOUSE,15,kv,MaxMovePoints,0
UNIT_HOUSE,16,kv,VisionRange,3
UNIT_HOUSE,17,kv,EnableAdvance,ADVANCE_HEXTAPUL
UNIT_HOUSE,18,kv,BombRounds,5
UNIT_HOUSE,19,kv,BombardRange,1
UNIT_HOUSE,20,flag,CanCounterBombard,
UNIT_HOUSE,21,kv,ActiveDefenseRange,0
UNIT_HOUSE,22,flag,LossMoveToDmgNone,
UNIT_HOUSE,23,kv,MaxFuel,0
UNIT_HOUSE,24,flag,CanEntrench,
UNIT_HOUSE,25,flag,NoZoc,
UNIT_HOUSE,26,flag,CanExpel,
UNIT_HOUSE,27,flag,CanPillage,
UNIT_HOUSE,28,flag,CanPirate,
UNIT_HOUSE,29,flag,ExertsMartialLaw,
UNIT_HOUSE,30,flag,DeathEffectsHappy,
UNIT_HOUSE,31,kv,SoundSelect1,SOUND_SELECT1_SAMURAI
UNIT_HOUSE,32,kv,SoundSelect2,SOUND_SELECT2_SAMURAI
UNIT_HOUSE,33,kv,SoundMove,SOUND_MOVE_SAMURAI
UNIT_HOUSE,34,kv,SoundAcknowledge,SOUND_ACKNOWLEDGE_SAMURAI
UNIT_HOUSE,35,kv,SoundCantMove,SOUND_CANTMOVE_SAMURAI
UNIT_HOUSE,36,kv,SoundAttack,SOUND_ATTACK_SAMURAI
UNIT_HOUSE,37,kv,SoundWork,SOUND_WORK_SAMURAI
UNIT_HOUSE,38,kv,SoundVictory,SOUND_VICTORY_SAMURAI
UNIT_HOUSE,39,kv,SoundDeath,SOUND_DEATH_SAMURAI
UNIT_HOUSE,40,sublist,CanAttack,Land
UNIT_HOUSE,41,sublist,CanAttack,Mountain
UNIT_HOUSE,42,sublist,CanBombard,Land
UNIT_HOUSE,43,sublist,CanBombard,Mountain
UNIT_HOUSE,44,sublist,CanBombard,Water
UNIT_HOUSE,45,sublist,CanSee,Standard
UNIT_HOUSE,46,sublist,CanSee,Stealth
UNIT_HOUSE,47,sublist,MovementType,Land
UNIT_HOUSE,48,sublist,MovementType,Mountain
UNIT_HOUSE,49,sublist,Size,Medium
UNIT_HOUSE,50,sublist,VisionClass,Standard
UNIT_HOUSE,51,nested,CanReform,"[{""t"": ""kv"", ""k"": ""Sound"", ""v"": ""SOUND_ID_REFORM_CITY""}, {""t"": ""kv"", ""k"": ""Effect"", ""v"": ""SPECEFFECT_REFORMCITY""}]"
UNIT_DAVID,0,flag,CantBuild,
UNIT_DAVID,1,flag,GLHidden,
UNIT_DAVID,2,kv,Description,DESCRIPTION_UNIT_MOUNTED_ARCHER
UNIT_DAVID,3,kv,DefaultIcon,ICON_UNIT_DAVID
UNIT_DAVID,4,kv,DefaultSprite,SPRITE_DAVID
UNIT_DAVID,5,kv,Category,UNIT_CATEGORY_RANGED
UNIT_DAVID,6,kv,Attack,20
UNIT_DAVID,7,kv,Defense,15
UNIT_DAVID,8,kv,ZBRangeAttack,25
UNIT_DAVID,9,kv,Firepower,2
UNIT_DAVID,10,kv,Armor,1
UNIT_DAVID,11,kv,MaxHP,18
UNIT_DAVID,12,kv,ShieldCost,1000
UNIT_DAVID,13,kv,PowerPoints,200
UNIT_DAVID,14,kv,ShieldHunger,10
UNIT_DAVID,15,kv,FoodHunger,0
UNIT_DAVID,16,kv,MaxMovePoints,200
UNIT_DAVID,17,kv,VisionRange,2
UNIT_DAVID,18,kv,EnableAdvance,ADVANCE_HEXTAPUL
UNIT_DAVID,19,kv,ActiveDefenseRange,0
UNIT_DAVID,20,flag,LossMoveToDmgNone,
UNIT_DAVID,21,kv,MaxFuel,0
UNIT_DAVID,22,flag,CanEntrench,
UNIT_DAVID,23,flag,CanExpel,
UNIT_DAVID,24,flag,NoZoc,
UNIT_DAVID,25,flag,CanPillage,
UNIT_DAVID,26,flag,CanPirate,
UNIT_DAVID,27,flag,CanBeSued,
UNIT_DAVID,28,flag,ExertsMartialLaw,
UNIT_DAVID,29,flag,DeathEffectsHappy,
UNIT_DAVID,30,flag,IsSpecialForces,
UNIT_DAVID,31,kv,SoundSelect1,SOUND_SELECT1_MOUNTED_ARCHER
UNIT_DAVID,32,kv,SoundSelect2,SOUND_SELECT2_MOUNTED_ARCHER
UNIT_DAVID,33,kv,SoundMove,SOUND_MOVE_MOUNTED_ARCHER
UNIT_DAVID,34,kv,SoundAcknowledge,SOUND_ACKNOWLEDGE_MOUNTED_ARCHER
UNIT_DAVID,35,kv,SoundCantMove,SOUND_CANTMOVE_MOUNTED_ARCHER
UNIT_DAVID,36,kv,SoundAttack,SOUND_ATTACK_MOUNTED_ARCHER
UNIT_DAVID,37,kv,SoundWork,SOUND_WORK_MOUNTED_ARCHER
UNIT_DAVID,38,kv,SoundVictory,SOUND_VICTORY_MOUNTED_ARCHER
UNIT_DAVID,39,kv,SoundDeath,SOUND_DEATH_MOUNTED_ARCHER
UNIT_DAVID,40,sublist,CanAttack,Land
UNIT_DAVID,41,sublist,CanAttack,Mountain
UNIT_DAVID,42,sublist,CanSee,Standard
UNIT_DAVID,43,sublist,MovementType,Land
UNIT_DAVID,44,sublist,MovementType,Mountain
UNIT_DAVID,45,sublist,Size,Small
UNIT_DAVID,46,sublist,VisionClass,Standard
UNIT_DAVID,47,nested,ConvertCities,"[{""t"": ""kv"", ""k"": ""Chance"", ""v"": ""0.33""}, {""t"": ""kv"", ""k"": ""DeathChance"", ""v"": ""0.05""}, {""t"": ""kv"", ""k"": ""Sound"", ""v"": ""SOUND_ID_CONVERT_CITIES_CL""}, {""t"": ""kv"", ""k"": ""Effect"", ""v"": ""SPECEFFECT_CONVERT_CITIES""}]"
UNIT_DAVID,48,nested,CanReform,"[{""t"": ""kv"", ""k"": ""Sound"", ""v"": ""SOUND_ID_REFORM_CITY""}, {""t"": ""kv"", ""k"": ""Effect"", ""v"": ""SPECEFFECT_REFORMCITY""}]"
UNIT_DWIGHT_EISENHOWER,0,flag,CantBuild,
UNIT_DWIGHT_EISENHOWER,1,flag,GLHidden,
UNIT_DWIGHT_EISENHOWER,2,kv,Description,DESCRIPTION_UNIT_TANK
UNIT_DWIGHT_EISENHOWER,3,kv,DefaultIcon,ICON_UNIT_DWIGHT_EISENHOWER
UNIT_DWIGHT_EISENHOWER,4,kv,DefaultSprite,SPRITE_DWIGHT_EISENHOWER
UNIT_DWIGHT_EISENHOWER,5,kv,Category,UNIT_CATEGORY_RANGED
UNIT_DWIGHT_EISENHOWER,6,kv,Attack,65
UNIT_DWIGHT_EISENHOWER,7,kv,Defense,50
UNIT_DWIGHT_EISENHOWER,8,kv,ZBRangeAttack,75
UNIT_DWIGHT_EISENHOWER,9,kv,Firepower,4
UNIT_DWIGHT_EISENHOWER,10,kv,Armor,3
UNIT_DWIGHT_EISENHOWER,11,kv,MaxHP,15
UNIT_DWIGHT_EISENHOWER,12,kv,ShieldCost,1000
UNIT_DWIGHT_EISENHOWER,13,kv,PowerPoints,500
UNIT_DWIGHT_EISENHOWER,14,kv,ShieldHunger,10
UNIT_DWIGHT_EISENHOWER,15,kv,FoodHunger,0
UNIT_DWIGHT_EISENHOWER,16,kv,MaxMovePoints,700
UNIT_DWIGHT_EISENHOWER,17,kv,VisionRange,3
UNIT_DWIGHT_EISENHOWER,18,kv,EnableAdvance,ADVANCE_HEXTAPUL
UNIT_DWIGHT_EISENHOWER,19,kv,BombRounds,5
UNIT_DWIGHT_EISENHOWER,20,kv,BombardRange,1
UNIT_DWIGHT_EISENHOWER,21,flag,CanCounterBombard,
UNIT_DWIGHT_EISENHOWER,22,kv,ActiveDefenseRange,0
UNIT_DWIGHT_EISENHOWER,23,flag,LossMoveToDmgNone,
UNIT_DWIGHT_EISENHOWER,24,kv,MaxFuel,0
UNIT_DWIGHT_EISENHOWER,25,flag,CanEntrench,
UNIT_DWIGHT_EISENHOWER,26,flag,CanExpel,
UNIT_DWIGHT_EISENHOWER,27,flag,CanPillage,
UNIT_DWIGHT_EISENHOWER,28,flag,CanPirate,
UNIT_DWIGHT_EISENHOWER,29,flag,CanBeachAssault,
UNIT_DWIGHT_EISENHOWER,30,flag,CanBeSued,
UNIT_DWIGHT_EISENHOWER,31,flag,ExertsMartialLaw,
UNIT_DWIGHT_EISENHOWER,32,flag,DeathEffectsHappy,
UNIT_DWIGHT_EISENHOWER,33,flag,IsFlanker,
UNIT_DWIGHT_EISENHOWER,34,flag,Explodes,
UNIT_DWIGHT_EISENHOWER,35,kv,SoundSelect1,SOUND_SELECT1_TANK
UNIT_DWIGHT_EISENHOWER,36,kv,SoundSelect2,SOUND_SELECT2_TANK
UNIT_DWIGHT_EISENHOWER,37,kv,SoundMove,SOUND_MOVE_TANK
UNIT_DWIGHT_EISENHOWER,38,kv,SoundAcknowledge,SOUND_ACKNOWLEDGE_TANK
UNIT_DWIGHT_EISENHOWER,39,kv,SoundCantMove,SOUND_CANTMOVE_TANK
UNIT_DWIGHT_EISENHOWER,40,kv,SoundAttack,SOUND_ATTACK_TANK
UNIT_DWIGHT_EISENHOWER,41,kv,SoundWork,SOUND_WORK_TANK
UNIT_DWIGHT_EISENHOWER,42,kv,SoundVictory,SOUND_VICTORY_TANK
UNIT_DWIGHT_EISENHOWER,43,kv,SoundDeath,SOUND_DEATH_TANK
UNIT_DWIGHT_EISENHOWER,44,sublist,CanAttack,Land
UNIT_DWIGHT_EISENHOWER,45,sublist,CanAttack,Mountain
UNIT_DWIGHT_EISENHOWER,46,sublist,CanBombard,Land
UNIT_DWIGHT_EISENHOWER,47,sublist,CanBombard,Mountain
UNIT_DWIGHT_EISENHOWER,48,sublist,CanBombard,Water
UNIT_DWIGHT_EISENHOWER,49,sublist,CanSee,Standard
UNIT_DWIGHT_EISENHOWER,50,sublist,MovementType,Land
UNIT_DWIGHT_EISENHOWER,51,sublist,MovementType,Mountain
UNIT_DWIGHT_EISENHOWER,52,sublist,Size,Small
UNIT_DWIGHT_EISENHOWER,53,sublist,VisionClass,Standard
UNIT_DWIGHT_EISENHOWER,54,nested,CanReform,"[{""t"": ""kv"", ""k"": ""Sound"", ""v"": ""SOUND_ID_REFORM_CITY""}, {""t"": ""kv"", ""k"": ""Effect"", ""v"": ""SPECEFFECT_REFORMCITY""}]"
UNIT_HAMMURABI,0,flag,CantBuild,
UNIT_HAMMURABI,1,kv,Description,DESCRIPTION_UNIT_MOUNTED_ARCHER
UNIT_HAMMURABI,2,kv,DefaultIcon,ICON_UNIT_HAMMURABI
UNIT_HAMMURABI,3,kv,DefaultSprite,SPRITE_HAMMURABI
UNIT_HAMMURABI,4,kv,Category,UNIT_CATEGORY_FLANKER
UNIT_HAMMURABI,5,kv,Attack,40
UNIT_HAMMURABI,6,kv,Defense,40
UNIT_HAMMURABI,7,kv,ZBRangeAttack,35
UNIT_HAMMURABI,8,kv,Firepower,2
UNIT_HAMMURABI,9,kv,Armor,1
UNIT_HAMMURABI,10,kv,MaxHP,20
UNIT_HAMMURABI,11,kv,ShieldCost,1000
UNIT_HAMMURABI,12,kv,PowerPoints,200
UNIT_HAMMURABI,13,kv,ShieldHunger,10
UNIT_HAMMURABI,14,kv,FoodHunger,0
UNIT_HAMMURABI,15,kv,MaxMovePoints,500
UNIT_HAMMURABI,16,kv,VisionRange,3
UNIT_HAMMURABI,17,kv,EnableAdvance,ADVANCE_HEXTAPUL
UNIT_HAMMURABI,18,kv,BombRounds,3
UNIT_HAMMURABI,19,kv,BombardRange,1
UNIT_HAMMURABI,20,flag,CanCounterBombard,
UNIT_HAMMURABI,21,kv,ActiveDefenseRange,0
UNIT_HAMMURABI,22,flag,LossMoveToDmgNone,
UNIT_HAMMURABI,23,kv,MaxFuel,0
UNIT_HAMMURABI,24,flag,CanEntrench,
UNIT_HAMMURABI,25,flag,CanExpel,
UNIT_HAMMURABI,26,flag,CanPillage,
UNIT_HAMMURABI,27,flag,CanPirate,
UNIT_HAMMURABI,28,flag,CanBeSued,
UNIT_HAMMURABI,29,flag,ExertsMartialLaw,
UNIT_HAMMURABI,30,flag,DeathEffectsHappy,
UNIT_HAMMURABI,31,flag,IsFlanker,
UNIT_HAMMURABI,32,flag,IsSpecialForces,
UNIT_HAMMURABI,33,kv,SoundSelect1,SOUND_SELECT1_MOUNTED_ARCHER
UNIT_HAMMURABI,34,kv,SoundSelect2,SOUND_SELECT2_MOUNTED_ARCHER
UNIT_HAMMURABI,35,kv,SoundMove,SOUND_MOVE_MOUNTED_ARCHER
UNIT_HAMMURABI,36,kv,SoundAcknowledge,SOUND_ACKNOWLEDGE_MOUNTED_ARCHER
UNIT_HAMMURABI,37,kv,SoundCantMove,SOUND_CANTMOVE_MOUNTED_ARCHER
UNIT_HAMMURABI,38,kv,SoundAttack,SOUND_ATTACK_MOUNTED_ARCHER
UNIT_HAMMURABI,39,kv,SoundWork,SOUND_WORK_MOUNTED_ARCHER
UNIT_HAMMURABI,40,kv,SoundVictory,SOUND_VICTORY_MOUNTED_ARCHER
UNIT_HAMMURABI,41,kv,SoundDeath,SOUND_DEATH_MOUNTED_ARCHER
UNIT_HAMMURABI,42,sublist,CanAttack,Land
UNIT_HAMMURABI,43,sublist,CanAttack,Mountain
UNIT_HAMMURABI,44,sublist,CanSee,Standard
UNIT_HAMMURABI,45,sublist,MovementType,Land
UNIT_HAMMURABI,46,sublist,MovementType,Mountain
UNIT_HAMMURABI,47,sublist,Size,Small
UNIT_HAMMURABI,48,sublist,VisionClass,Standard
UNIT_HAMMURABI,49,nested,CanReform,"[{""t"": ""kv"", ""k"": ""Sound"", ""v"": ""SOUND_ID_REFORM_CITY""}, {""t"": ""kv"", ""k"": ""Effect"", ""v"": ""SPECEFFECT_REFORMCITY""}]"
UNIT_HERNAN_CORTES,0,flag,CantBuild,
UNIT_HERNAN_CORTES,1,kv,Description,DESCRIPTION_UNIT_CAVALRY
UNIT_HERNAN_CORTES,2,kv,DefaultIcon,ICON_UNIT_HERNAN_CORTES
UNIT_HERNAN_CORTES,3,kv,DefaultSprite,SPRITE_HERNAN_CORTES
UNIT_HERNAN_CORTES,4,kv,Category,UNIT_CATEGORY_FLANKER
UNIT_HERNAN_CORTES,5,kv,Attack,40
UNIT_HERNAN_CORTES,6,kv,Defense,40
UNIT_HERNAN_CORTES,7,kv,ZBRangeAttack,35
UNIT_HERNAN_CORTES,8,kv,Firepower,2
UNIT_HERNAN_CORTES,9,kv,Armor,1
UNIT_HERNAN_CORTES,10,kv,MaxHP,20
UNIT_HERNAN_CORTES,11,kv,ShieldCost,1000
UNIT_HERNAN_CORTES,12,kv,PowerPoints,200
UNIT_HERNAN_CORTES,13,kv,ShieldHunger,10
UNIT_HERNAN_CORTES,14,kv,FoodHunger,0
UNIT_HERNAN_CORTES,15,kv,MaxMovePoints,500
UNIT_HERNAN_CORTES,16,kv,VisionRange,3
UNIT_HERNAN_CORTES,17,kv,EnableAdvance,ADVANCE_HEXTAPUL
UNIT_HERNAN_CORTES,18,kv,BombRounds,3
UNIT_HERNAN_CORTES,19,kv,BombardRange,1
UNIT_HERNAN_CORTES,20,flag,CanCounterBombard,
UNIT_HERNAN_CORTES,21,kv,ActiveDefenseRange,0
UNIT_HERNAN_CORTES,22,flag,LossMoveToDmgNone,
UNIT_HERNAN_CORTES,23,kv,MaxFuel,0
UNIT_HERNAN_CORTES,24,flag,CanEntrench,
UNIT_HERNAN_CORTES,25,flag,CanExpel,
UNIT_HERNAN_CORTES,26,flag,CanPillage,
UNIT_HERNAN_CORTES,27,flag,CanPirate,
UNIT_HERNAN_CORTES,28,flag,CanBeSued,
UNIT_HERNAN_CORTES,29,flag,ExertsMartialLaw,
UNIT_HERNAN_CORTES,30,flag,DeathEffectsHappy,
UNIT_HERNAN_CORTES,31,flag,IsFlanker,
UNIT_HERNAN_CORTES,32,flag,IsSpecialForces,
UNIT_HERNAN_CORTES,33,kv,SoundSelect1,SOUND_SELECT1_CAVALRY
UNIT_HERNAN_CORTES,34,kv,SoundSelect2,SOUND_SELECT2_CAVALRY
UNIT_HERNAN_CORTES,35,kv,SoundMove,SOUND_MOVE_CAVALRY
UNIT_HERNAN_CORTES,36,kv,SoundAcknowledge,SOUND_ACKNOWLEDGE_CAVALRY
UNIT_HERNAN_CORTES,37,kv,SoundCantMove,SOUND_CANTMOVE_CAVALRY
UNIT_HERNAN_CORTES,38,kv,SoundAttack,SOUND_ATTACK_CAVALRY
UNIT_HERNAN_CORTES,39,kv,SoundWork,SOUND_WORK_CAVALRY
UNIT_HERNAN_CORTES,40,kv,SoundVictory,SOUND_VICTORY_CAVALRY
UNIT_HERNAN_CORTES,41,kv,SoundDeath,SOUND_DEATH_CAVALRY
UNIT_HERNAN_CORTES,42,sublist,CanAttack,Land
UNIT_HERNAN_CORTES,43,sublist,CanAttack,Mountain
UNIT_HERNAN_CORTES,44,sublist,CanSee,Standard
UNIT_HERNAN_CORTES,45,sublist,MovementType,Land
UNIT_HERNAN_CORTES,46,sublist,MovementType,Mountain
UNIT_HERNAN_CORTES,47,sublist,Size,Small
UNIT_HERNAN_CORTES,48,sublist,VisionClass,Standard
UNIT_HERNAN_CORTES,49,nested,CanReform,"[{""t"": ""kv"", ""k"": ""Sound"", ""v"": ""SOUND_ID_REFORM_CITY""}, {""t"": ""kv"", ""k"": ""Effect"", ""v"": ""SPECEFFECT_REFORMCITY""}]"
UNIT_KHUFU,0,flag,CantBuild,
UNIT_KHUFU,1,kv,Description,DESCRIPTION_UNIT_SWORDSMAN
UNIT_KHUFU,2,kv,DefaultIcon,ICON_UNIT_KHUFU
UNIT_KHUFU,3,kv,DefaultSprite,SPRITE_KHUFU
UNIT_KHUFU,4,kv,Category,UNIT_CATEGORY_FLANKER
UNIT_KHUFU,5,kv,Attack,40
UNIT_KHUFU,6,kv,Defense,40
UNIT_KHUFU,7,kv,ZBRangeAttack,35
UNIT_KHUFU,8,kv,Firepower,2
UNIT_KHUFU,9,kv,Armor,1
UNIT_KHUFU,10,kv,MaxHP,20
UNIT_KHUFU,11,kv,ShieldCost,1000
UNIT_KHUFU,12,kv,PowerPoints,200
UNIT_KHUFU,13,kv,ShieldHunger,10
UNIT_KHUFU,14,kv,FoodHunger,0
UNIT_KHUFU,15,kv,MaxMovePoints,500
UNIT_KHUFU,16,kv,VisionRange,3
UNIT_KHUFU,17,kv,EnableAdvance,ADVANCE_HEXTAPUL
UNIT_KHUFU,18,kv,BombRounds,3
UNIT_KHUFU,19,kv,BombardRange,1
UNIT_KHUFU,20,flag,CanCounterBombard,
UNIT_KHUFU,21,kv,ActiveDefenseRange,0
UNIT_KHUFU,22,flag,LossMoveToDmgNone,
UNIT_KHUFU,23,kv,MaxFuel,0
UNIT_KHUFU,24,flag,CanEntrench,
UNIT_KHUFU,25,flag,CanExpel,
UNIT_KHUFU,26,flag,CanPillage,
UNIT_KHUFU,27,flag,CanPirate,
UNIT_KHUFU,28,flag,CanBeSued,
UNIT_KHUFU,29,flag,ExertsMartialLaw,
UNIT_KHUFU,30,flag,DeathEffectsHappy,
UNIT_KHUFU,31,flag,IsFlanker,
UNIT_KHUFU,32,flag,IsSpecialForces,
UNIT_KHUFU,33,kv,SoundSelect1,SOUND_SELECT1_SAMURAI
UNIT_KHUFU,34,kv,SoundSelect2,SOUND_SELECT2_SAMURAI
UNIT_KHUFU,35,kv,SoundMove,SOUND_MOVE_SAMURAI
UNIT_KHUFU,36,kv,SoundAcknowledge,SOUND_ACKNOWLEDGE_SAMURAI
UNIT_KHUFU,37,kv,SoundCantMove,SOUND_CANTMOVE_SAMURAI
UNIT_KHUFU,38,kv,SoundAttack,SOUND_ATTACK_SAMURAI
UNIT_KHUFU,39,kv,SoundWork,SOUND_WORK_SAMURAI
UNIT_KHUFU,40,kv,SoundVictory,SOUND_VICTORY_SAMURAI
UNIT_KHUFU,41,kv,SoundDeath,SOUND_DEATH_SAMURAI
UNIT_KHUFU,42,sublist,CanAttack,Land
UNIT_KHUFU,43,sublist,CanAttack,Mountain
UNIT_KHUFU,44,sublist,CanSee,Standard
UNIT_KHUFU,45,sublist,MovementType,Land
UNIT_KHUFU,46,sublist,MovementType,Mountain
UNIT_KHUFU,47,sublist,Size,Small
UNIT_KHUFU,48,sublist,VisionClass,Standard
UNIT_KHUFU,49,nested,CanReform,"[{""t"": ""kv"", ""k"": ""Sound"", ""v"": ""SOUND_ID_REFORM_CITY""}, {""t"": ""kv"", ""k"": ""Effect"", ""v"": ""SPECEFFECT_REFORMCITY""}]"
UNIT_LEONIDAS,0,flag,CantBuild,
UNIT_LEONIDAS,1,kv,Description,DESCRIPTION_UNIT_WARRIOR
UNIT_LEONIDAS,2,kv,DefaultIcon,ICON_UNIT_LEONIDAS
UNIT_LEONIDAS,3,kv,DefaultSprite,SPRITE_LEONIDAS
UNIT_LEONIDAS,4,kv,Category,UNIT_CATEGORY_RANGED
UNIT_LEONIDAS,5,kv,Attack,40
UNIT_LEONIDAS,6,kv,Defense,40
UNIT_LEONIDAS,7,kv,ZBRangeAttack,35
UNIT_LEONIDAS,8,kv,Firepower,2
UNIT_LEONIDAS,9,kv,Armor,1
UNIT_LEONIDAS,10,kv,MaxHP,20
UNIT_LEONIDAS,11,kv,ShieldCost,1000
UNIT_LEONIDAS,12,kv,PowerPoints,200
UNIT_LEONIDAS,13,kv,ShieldHunger,10
UNIT_LEONIDAS,14,kv,FoodHunger,0
UNIT_LEONIDAS,15,kv,MaxMovePoints,500
UNIT_LEONIDAS,16,kv,VisionRange,3
UNIT_LEONIDAS,17,kv,EnableAdvance,ADVANCE_HEXTAPUL
UNIT_LEONIDAS,18,kv,BombRounds,3
UNIT_LEONIDAS,19,kv,BombardRange,1
UNIT_LEONIDAS,20,flag,CanCounterBombard,
UNIT_LEONIDAS,21,kv,ActiveDefenseRange,0
UNIT_LEONIDAS,22,flag,LossMoveToDmgNone,
UNIT_LEONIDAS,23,kv,MaxFuel,0
UNIT_LEONIDAS,24,flag,CanEntrench,
UNIT_LEONIDAS,25,flag,CanExpel,
UNIT_LEONIDAS,26,flag,CanPillage,
UNIT_LEONIDAS,27,flag,CanPirate,
UNIT_LEONIDAS,28,flag,CanBeSued,
UNIT_LEONIDAS,29,flag,ExertsMartialLaw,
UNIT_LEONIDAS,30,flag,DeathEffectsHappy,
UNIT_LEONIDAS,31,flag,IsSpecialForces,
UNIT_LEONIDAS,32,kv,SoundSelect1,SOUND_SELECT1_SAMURAI
UNIT_LEONIDAS,33,kv,SoundSelect2,SOUND_SELECT2_SAMURAI
UNIT_LEONIDAS,34,kv,SoundMove,SOUND_MOVE_SAMURAI
UNIT_LEONIDAS,35,kv,SoundAcknowledge,SOUND_ACKNOWLEDGE_SAMURAI
UNIT_LEONIDAS,36,kv,SoundCantMove,SOUND_CANTMOVE_SAMURAI
UNIT_LEONIDAS,37,kv,SoundAttack,SOUND_ATTACK_SAMURAI
UNIT_LEONIDAS,38,kv,SoundWork,SOUND_WORK_SAMURAI
UNIT_LEONIDAS,39,kv,SoundVictory,SOUND_VICTORY_SAMURAI
UNIT_LEONIDAS,40,kv,SoundDeath,SOUND_DEATH_SAMURAI
UNIT_LEONIDAS,41,sublist,CanAttack,Land
UNIT_LEONIDAS,42,sublist,CanAttack,Mountain
UNIT_LEONIDAS,43,sublist,CanSee,Standard
UNIT_LEONIDAS,44,sublist,MovementType,Land
UNIT_LEONIDAS,45,sublist,MovementType,Mountain
UNIT_LEONIDAS,46,sublist,Size,Small
UNIT_LEONIDAS,47,sublist,VisionClass,Standard
UNIT_LEONIDAS,48,nested,CanReform,"[{""t"": ""kv"", ""k"": ""Sound"", ""v"": ""SOUND_ID_REFORM_CITY""}, {""t"": ""kv"", ""k"": ""Effect"", ""v"": ""SPECEFFECT_REFORMCITY""}]"
UNIT_LIANG,0,flag,CantBuild,
UNIT_LIANG,1,kv,Description,DESCRIPTION_UNIT_WARRIOR
UNIT_LIANG,2,kv,DefaultIcon,ICON_UNIT_LIANG
UNIT_LIANG,3,kv,DefaultSprite,SPRITE_LIANG
UNIT_LIANG,4,kv,Category,UNIT_CATEGORY_RANGED
UNIT_LIANG,5,kv,Attack,40
UNIT_LIANG,6,kv,Defense,40
UNIT_LIANG,7,kv,ZBRangeAttack,35
UNIT_LIANG,8,kv,Firepower,2
UNIT_LIANG,9,kv,Armor,1
UNIT_LIANG,10,kv,MaxHP,20
UNIT_LIANG,11,kv,ShieldCost,1000
UNIT_LIANG,12,kv,PowerPoints,200
UNIT_LIANG,13,kv,ShieldHunger,10
UNIT_LIANG,14,kv,FoodHunger,0
UNIT_LIANG,15,kv,MaxMovePoints,500
UNIT_LIANG,16,kv,VisionRange,3
UNIT_LIANG,17,kv,EnableAdvance,ADVANCE_HEXTAPUL
UNIT_LIANG,18,kv,BombRounds,3
UNIT_LIANG,19,kv,BombardRange,1
UNIT_LIANG,20,flag,CanCounterBombard,
UNIT_LIANG,21,kv,ActiveDefenseRange,0
UNIT_LIANG,22,flag,LossMoveToDmgNone,
UNIT_LIANG,23,kv,MaxFuel,0
UNIT_LIANG,24,flag,CanEntrench,
UNIT_LIANG,25,flag,CanExpel,
UNIT_LIANG,26,flag,CanPillage,
UNIT_LIANG,27,flag,CanPirate,
UNIT_LIANG,28,flag,CanBeSued,
UNIT_LIANG,29,flag,ExertsMartialLaw,
UNIT_LIANG,30,flag,DeathEffectsHappy,
UNIT_LIANG,31,flag,IsSpecialForces,
UNIT_LIANG,32,kv,SoundSelect1,SOUND_SELECT1_KNIGHT
UNIT_LIANG,33,kv,SoundSelect2,SOUND_SELECT2_KNIGHT
UNIT_LIANG,34,kv,SoundMove,SOUND_MOVE_KNIGHT
UNIT_LIANG,35,kv,SoundAcknowledge,SOUND_ACKNOWLEDGE_KNIGHT
UNIT_LIANG,36,kv,SoundCantMove,SOUND_CANTMOVE_KNIGHT
UNIT_LIANG,37,kv,SoundAttack,SOUND_ATTACK_KNIGHT
UNIT_LIANG,38,kv,SoundWork,SOUND_WORK_KNIGHT
UNIT_LIANG,39,kv,SoundVictory,SOUND_VICTORY_KNIGHT
UNIT_LIANG,40,kv,SoundDeath,SOUND_DEATH_KNIGHT
UNIT_LIANG,41,sublist,CanAttack,Land
UNIT_LIANG,42,sublist,CanAttack,Mountain
UNIT_LIANG,43,sublist,CanSee,Standard
UNIT_LIANG,44,sublist,MovementType,Land
UNIT_LIANG,45,sublist,MovementType,Mountain
UNIT_LIANG,46,sublist,Size,Small
UNIT_LIANG,47,sublist,VisionClass,Standard
UNIT_LIANG,48,nested,CanReform,"[{""t"": ""kv"", ""k"": ""Sound"", ""v"": ""SOUND_ID_REFORM_CITY""}, {""t"": ""kv"", ""k"": ""Effect"", ""v"": ""SPECEFFECT_REFORMCITY""}]"
UNIT_MARIUS,0,flag,CantBuild,
UNIT_MARIUS,1,kv,Description,DESCRIPTION_UNIT_KNIGHT
UNIT_MARIUS,2,kv,DefaultIcon,ICON_UNIT_MARIUS
UNIT_MARIUS,3,kv,DefaultSprite,SPRITE_MARIUS
UNIT_MARIUS,4,kv,Category,UNIT_CATEGORY_FLANKER
UNIT_MARIUS,5,kv,Attack,40
UNIT_MARIUS,6,kv,Defense,40
UNIT_MARIUS,7,kv,ZBRangeAttack,35
UNIT_MARIUS,8,kv,Firepower,2
UNIT_MARIUS,9,kv,Armor,1
UNIT_MARIUS,10,kv,MaxHP,20
UNIT_MARIUS,11,kv,ShieldCost,1000
UNIT_MARIUS,12,kv,PowerPoints,200
UNIT_MARIUS,13,kv,ShieldHunger,10
UNIT_MARIUS,14,kv,FoodHunger,0
UNIT_MARIUS,15,kv,MaxMovePoints,500
UNIT_MARIUS,16,kv,VisionRange,3
UNIT_MARIUS,17,kv,EnableAdvance,ADVANCE_HEXTAPUL
UNIT_MARIUS,18,kv,BombRounds,3
UNIT_MARIUS,19,kv,BombardRange,1
UNIT_MARIUS,20,flag,CanCounterBombard,
UNIT_MARIUS,21,kv,ActiveDefenseRange,0
UNIT_MARIUS,22,flag,LossMoveToDmgNone,
UNIT_MARIUS,23,kv,MaxFuel,0
UNIT_MARIUS,24,flag,CanEntrench,
UNIT_MARIUS,25,flag,CanExpel,
UNIT_MARIUS,26,flag,CanPillage,
UNIT_MARIUS,27,flag,CanPirate,
UNIT_MARIUS,28,flag,CanBeSued,
UNIT_MARIUS,29,flag,ExertsMartialLaw,
UNIT_MARIUS,30,flag,DeathEffectsHappy,
UNIT_MARIUS,31,flag,IsFlanker,
UNIT_MARIUS,32,flag,IsSpecialForces,
UNIT_MARIUS,33,kv,SoundSelect1,SOUND_SELECT1_SAMURAI
UNIT_MARIUS,34,kv,SoundSelect2,SOUND_SELECT2_SAMURAI
UNIT_MARIUS,35,kv,SoundMove,SOUND_MOVE_SAMURAI
UNIT_MARIUS,36,kv,SoundAcknowledge,SOUND_ACKNOWLEDGE_SAMURAI
UNIT_MARIUS,37,kv,SoundCantMove,SOUND_CANTMOVE_SAMURAI
UNIT_MARIUS,38,kv,SoundAttack,SOUND_ATTACK_SAMURAI
UNIT_MARIUS,39,kv,SoundWork,SOUND_WORK_SAMURAI
UNIT_MARIUS,40,kv,SoundVictory,SOUND_VICTORY_SAMURAI
UNIT_MARIUS,41,kv,SoundDeath,SOUND_DEATH_SAMURAI
UNIT_MARIUS,42,sublist,CanAttack,Land
UNIT_MARIUS,43,sublist,CanAttack,Mountain
UNIT_MARIUS,44,sublist,CanSee,Standard
UNIT_MARIUS,45,sublist,MovementType,Land
UNIT_MARIUS,46,sublist,MovementType,Mountain
UNIT_MARIUS,47,sublist,Size,Small
UNIT_MARIUS,48,sublist,VisionClass,Standard
UNIT_MARIUS,49,nested,CanReform,"[{""t"": ""kv"", ""k"": ""Sound"", ""v"": ""SOUND_ID_REFORM_CITY""}, {""t"": ""kv"", ""k"": ""Effect"", ""v"": ""SPECEFFECT_REFORMCITY""}]"
UNIT_MUHAMMAD,0,flag,CantBuild,
UNIT_MUHAMMAD,1,flag,GLHidden,
UNIT_MUHAMMAD,2,kv,Description,DESCRIPTION_UNIT_SWORDSMAN
UNIT_MUHAMMAD,3,kv,DefaultIcon,ICON_UNIT_MUHAMMAD
UNIT_MUHAMMAD,4,kv,DefaultSprite,SPRITE_MUHAMMAD
UNIT_MUHAMMAD,5,kv,Category,UNIT_CATEGORY_RANGED
UNIT_MUHAMMAD,6,kv,Attack,40
UNIT_MUHAMMAD,7,kv,Defense,30
UNIT_MUHAMMAD,8,kv,ZBRangeAttack,45
UNIT_MUHAMMAD,9,kv,Firepower,3
UNIT_MUHAMMAD,10,kv,Armor,1
UNIT_MUHAMMAD,11,kv,MaxHP,18
UNIT_MUHAMMAD,12,kv,ShieldCost,1000
UNIT_MUHAMMAD,13,kv,PowerPoints,400
UNIT_MUHAMMAD,14,kv,ShieldHunger,10
UNIT_MUHAMMAD,15,kv,FoodHunger,0
UNIT_MUHAMMAD,16,kv,MaxMovePoints,200
UNIT_MUHAMMAD,17,kv,VisionRange,2
UNIT_MUHAMMAD,18,kv,EnableAdvance,ADVANCE_HEXTAPUL
UNIT_MUHAMMAD,19,kv,ActiveDefenseRange,0
UNIT_MUHAMMAD,20,flag,LossMoveToDmgNone,
UNIT_MUHAMMAD,21,kv,MaxFuel,0
UNIT_MUHAMMAD,22,flag,CanEntrench,
UNIT_MUHAMMAD,23,flag,CanExpel,
UNIT_MUHAMMAD,24,flag,CanPillage,
UNIT_MUHAMMAD,25,flag,CanPirate,
UNIT_MUHAMMAD,26,flag,CanBeSued,
UNIT_MUHAMMAD,27,flag,ExertsMartialLaw,
UNIT_MUHAMMAD,28,flag,DeathEffectsHappy,
UNIT_MUHAMMAD,29,flag,IsSpecialForces,
UNIT_MUHAMMAD,30,kv,SoundSelect1,SOUND_SELECT1_SAMURAI
UNIT_MUHAMMAD,31,kv,SoundSelect2,SOUND_SELECT2_SAMURAI
UNIT_MUHAMMAD,32,kv,SoundMove,SOUND_MOVE_SAMURAI
UNIT_MUHAMMAD,33,kv,SoundAcknowledge,SOUND_ACKNOWLEDGE_SAMURAI
UNIT_MUHAMMAD,34,kv,SoundCantMove,SOUND_CANTMOVE_SAMURAI
UNIT_MUHAMMAD,35,kv,SoundAttack,SOUND_ATTACK_SAMURAI
UNIT_MUHAMMAD,36,kv,SoundWork,SOUND_WORK_SAMURAI
UNIT_MUHAMMAD,37,kv,SoundVictory,SOUND_VICTORY_SAMURAI
UNIT_MUHAMMAD,38,kv,SoundDeath,SOUND_DEATH_SAMURAI
UNIT_MUHAMMAD,39,sublist,CanAttack,Land
UNIT_MUHAMMAD,40,sublist,CanAttack,Mountain
UNIT_MUHAMMAD,41,sublist,CanSee,Standard
UNIT_MUHAMMAD,42,sublist,MovementType,Land
UNIT_MUHAMMAD,43,sublist,MovementType,Mountain
UNIT_MUHAMMAD,44,sublist,Size,Small
UNIT_MUHAMMAD,45,sublist,VisionClass,Standard
UNIT_MUHAMMAD,46,nested,ConvertCities,"[{""t"": ""kv"", ""k"": ""Chance"", ""v"": ""0.5""}, {""t"": ""kv"", ""k"": ""DeathChance"", ""v"": ""0.05""}, {""t"": ""kv"", ""k"": ""Sound"", ""v"": ""SOUND_ID_CONVERT_CITIES_CL""}, {""t"": ""kv"", ""k"": ""Effect"", ""v"": ""SPECEFFECT_CONVERT_CITIES""}]"
UNIT_MUHAMMAD,47,nested,CanReform,"[{""t"": ""kv"", ""k"": ""Sound"", ""v"": ""SOUND_ID_REFORM_CITY""}, {""t"": ""kv"", ""k"": ""Effect"", ""v"": ""SPECEFFECT_REFORMCITY""}]"
UNIT_NEBUCHADNEZZER,0,flag,CantBuild,
UNIT_NEBUCHADNEZZER,1,kv,Description,DESCRIPTION_UNIT_WARRIOR
UNIT_NEBUCHADNEZZER,2,kv,DefaultIcon,ICON_UNIT_NEBUCHADNEZZER
UNIT_NEBUCHADNEZZER,3,kv,DefaultSprite,SPRITE_NEBUCHADNEZZER
UNIT_NEBUCHADNEZZER,4,kv,Category,UNIT_CATEGORY_RANGED
UNIT_NEBUCHADNEZZER,5,kv,Attack,40
UNIT_NEBUCHADNEZZER,6,kv,Defense,40
UNIT_NEBUCHADNEZZER,7,kv,ZBRangeAttack,35
UNIT_NEBUCHADNEZZER,8,kv,Firepower,2
UNIT_NEBUCHADNEZZER,9,kv,Armor,1
UNIT_NEBUCHADNEZZER,10,kv,MaxHP,20
UNIT_NEBUCHADNEZZER,11,kv,ShieldCost,1000
UNIT_NEBUCHADNEZZER,12,kv,PowerPoints,200
UNIT_NEBUCHADNEZZER,13,kv,ShieldHunger,10
UNIT_NEBUCHADNEZZER,14,kv,FoodHunger,0
UNIT_NEBUCHADNEZZER,15,kv,MaxMovePoints,500
UNIT_NEBUCHADNEZZER,16,kv,VisionRange,3
UNIT_NEBUCHADNEZZER,17,kv,EnableAdvance,ADVANCE_HEXTAPUL
UNIT_NEBUCHADNEZZER,18,kv,BombRounds,3
UNIT_NEBUCHADNEZZER,19,kv,BombardRange,1
UNIT_NEBUCHADNEZZER,20,flag,CanCounterBombard,
UNIT_NEBUCHADNEZZER,21,kv,ActiveDefenseRange,0
UNIT_NEBUCHADNEZZER,22,flag,LossMoveToDmgNone,
UNIT_NEBUCHADNEZZER,23,kv,MaxFuel,0
UNIT_NEBUCHADNEZZER,24,flag,CanEntrench,
UNIT_NEBUCHADNEZZER,25,flag,CanExpel,
UNIT_NEBUCHADNEZZER,26,flag,CanPillage,
UNIT_NEBUCHADNEZZER,27,flag,CanPirate,
UNIT_NEBUCHADNEZZER,28,flag,CanBeSued,
UNIT_NEBUCHADNEZZER,29,flag,ExertsMartialLaw,
UNIT_NEBUCHADNEZZER,30,flag,DeathEffectsHappy,
UNIT_NEBUCHADNEZZER,31,flag,IsSpecialForces,
UNIT_NEBUCHADNEZZER,32,kv,SoundSelect1,SOUND_SELECT1_KNIGHT
UNIT_NEBUCHADNEZZER,33,kv,SoundSelect2,SOUND_SELECT2_KNIGHT
UNIT_NEBUCHADNEZZER,34,kv,SoundMove,SOUND_MOVE_KNIGHT
UNIT_NEBUCHADNEZZER,35,kv,SoundAcknowledge,SOUND_ACKNOWLEDGE_KNIGHT
UNIT_NEBUCHADNEZZER,36,kv,SoundCantMove,SOUND_CANTMOVE_KNIGHT
UNIT_NEBUCHADNEZZER,37,kv,SoundAttack,SOUND_ATTACK_KNIGHT
UNIT_NEBUCHADNEZZER,38,kv,SoundWork,SOUND_WORK_KNIGHT
UNIT_NEBUCHADNEZZER,39,kv,SoundVictory,SOUND_VICTORY_KNIGHT
UNIT_NEBUCHADNEZZER,40,kv,SoundDeath,SOUND_DEATH_KNIGHT
UNIT_NEBUCHADNEZZER,41,sublist,CanAttack,Land
UNIT_NEBUCHADNEZZER,42,sublist,CanAttack,Mountain
UNIT_NEBUCHADNEZZER,43,sublist,CanSee,Standard
UNIT_NEBUCHADNEZZER,44,sublist,MovementType,Land
UNIT_NEBUCHADNEZZER,45,sublist,MovementType,Mountain
UNIT_NEBUCHADNEZZER,46,sublist,Size,Small
UNIT_NEBUCHADNEZZER,47,sublist,VisionClass,Standard
UNIT_NEBUCHADNEZZER,48,nested,CanReform,"[{""t"": ""kv"", ""k"": ""Sound"", ""v"": ""SOUND_ID_REFORM_CITY""}, {""t"": ""kv"", ""k"": ""Effect"", ""v"": ""SPECEFFECT_REFORMCITY""}]"
UNIT_NORMAN_SCHWARZKOPF,0,flag,CantBuild,
UNIT_NORMAN_SCHWARZKOPF,1,flag,GLHidden,
UNIT_NORMAN_SCHWARZKOPF,2,kv,Description,DESCRIPTION_UNIT_INTERCEPTOR
UNIT_NORMAN_SCHWARZKOPF,3,kv,DefaultIcon,ICON_UNIT_NORMAN_SCHWARZKOPF
UNIT_NORMAN_SCHWARZKOPF,4,kv,DefaultSprite,SPRITE_NORMAN_SCHWARZKOPF
UNIT_NORMAN_SCHWARZKOPF,5,kv,Category,UNIT_CATEGORY_RANGED
UNIT_NORMAN_SCHWARZKOPF,6,kv,Attack,65
UNIT_NORMAN_SCHWARZKOPF,7,kv,Defense,65
UNIT_NORMAN_SCHWARZKOPF,8,kv,ZBRangeAttack,85
UNIT_NORMAN_SCHWARZKOPF,9,kv,Firepower,4
UNIT_NORMAN_SCHWARZKOPF,10,kv,Armor,2
UNIT_NORMAN_SCHWARZKOPF,11,kv,MaxHP,15
UNIT_NORMAN_SCHWARZKOPF,12,kv,ShieldCost,1000
UNIT_NORMAN_SCHWARZKOPF,13,kv,PowerPoints,500
UNIT_NORMAN_SCHWARZKOPF,14,kv,ShieldHunger,10
UNIT_NORMAN_SCHWARZKOPF,15,kv,FoodHunger,0
UNIT_NORMAN_SCHWARZKOPF,16,kv,MaxMovePoints,1200
UNIT_NORMAN_SCHWARZKOPF,17,kv,VisionRange,5
UNIT_NORMAN_SCHWARZKOPF,18,kv,EnableAdvance,ADVANCE_HEXTAPUL
UNIT_NORMAN_SCHWARZKOPF,19,kv,BombRounds,5
UNIT_NORMAN_SCHWARZKOPF,20,kv,BombardRange,1
UNIT_NORMAN_SCHWARZKOPF,21,flag,CanCounterBombard,
UNIT_NORMAN_SCHWARZKOPF,22,kv,ActiveDefenseRange,0
UNIT_NORMAN_SCHWARZKOPF,23,flag,EnableCarrierDefenses,
UNIT_NORMAN_SCHWARZKOPF,24,flag,LossMoveToDmgNone,
UNIT_NORMAN_SCHWARZKOPF,25,flag,NoFuelThenCrash,
UNIT_NORMAN_SCHWARZKOPF,26,kv,MaxFuel,3600
UNIT_NORMAN_SCHWARZKOPF,27,flag,CanBeSued,
UNIT_NORMAN_SCHWARZKOPF,28,flag,IgnoreZOC,
UNIT_NORMAN_SCHWARZKOPF,29,flag,DeathEffectsHappy,
UNIT_NORMAN_SCHWARZKOPF,30,flag,Explodes,
UNIT_NORMAN_SCHWARZKOPF,31,kv,SoundSelect1,SOUND_SELECT1_INTERCEPTORS
UNIT_NORMAN_SCHWARZKOPF,32,kv,SoundSelect2,SOUND_SELECT2_INTERCEPTORS
UNIT_NORMAN_SCHWARZKOPF,33,kv,SoundMove,SOUND_MOVE_INTERCEPTORS
UNIT_NORMAN_SCHWARZKOPF,34,kv,SoundAcknowledge,SOUND_ACKNOWLEDGE_INTERCEPTORS
UNIT_NORMAN_SCHWARZKOPF,35,kv,SoundCantMove,SOUND_CANTMOVE_INTERCEPTORS
UNIT_NORMAN_SCHWARZKOPF,36,kv,SoundAttack,SOUND_ATTACK_INTERCEPTORS
UNIT_NORMAN_SCHWARZKOPF,37,kv,SoundWork,SOUND_WORK_INTERCEPTORS
UNIT_NORMAN_SCHWARZKOPF,38,kv,SoundVictory,SOUND_VICTORY_INTERCEPTORS
UNIT_NORMAN_SCHWARZKOPF,39,kv,SoundDeath,SOUND_DEATH_INTERCEPTORS
UNIT_NORMAN_SCHWARZKOPF,40,sublist,CanAttack,Land
UNIT_NORMAN_SCHWARZKOPF,41,sublist,CanAttack,Mountain
UNIT_NORMAN_SCHWARZKOPF,42,sublist,CanAttack,Air
UNIT_NORMAN_SCHWARZKOPF,43,sublist,CanAttack,Sea
UNIT_NORMAN_SCHWARZKOPF,44,sublist,CanAttack,ShallowWater
UNIT_NORMAN_SCHWARZKOPF,45,sublist,CanSee,Standard
UNIT_NORMAN_SCHWARZKOPF,46,sublist,MovementType,Air
UNIT_NORMAN_SCHWARZKOPF,47,sublist,Size,Medium
UNIT_NORMAN_SCHWARZKOPF,48,sublist,VisionClass,Standard
UNIT_NORMAN_SCHWARZKOPF,49,nested,CanReform,"[{""t"": ""kv"", ""k"": ""Sound"", ""v"": ""SOUND_ID_REFORM_CITY""}, {""t"": ""kv"", ""k"": ""Effect"", ""v"": ""SPECEFFECT_REFORMCITY""}]"
UNIT_PATRIARCH,0,flag,CantBuild,
UNIT_PATRIARCH,1,flag,GLHidden,
UNIT_PATRIARCH,2,kv,Description,DESCRIPTION_UNIT_CLERIC
UNIT_PATRIARCH,3,kv,DefaultIcon,ICON_UNIT_PATRIARCH
UNIT_PATRIARCH,4,kv,DefaultSprite,SPRITE_PATRIARCH
UNIT_PATRIARCH,5,kv,Category,UNIT_CATEGORY_SPECIAL
UNIT_PATRIARCH,6,kv,Attack,5
UNIT_PATRIARCH,7,kv,Defense,10
UNIT_PATRIARCH,8,kv,ZBRangeAttack,5
UNIT_PATRIARCH,9,kv,Firepower,1
UNIT_PATRIARCH,10,kv,Armor,1
UNIT_PATRIARCH,11,kv,MaxHP,10
UNIT_PATRIARCH,12,kv,ShieldCost,1500
UNIT_PATRIARCH,13,kv,PowerPoints,200
UNIT_PATRIARCH,14,kv,ShieldHunger,15
UNIT_PATRIARCH,15,kv,FoodHunger,0
UNIT_PATRIARCH,16,kv,MaxMovePoints,300
UNIT_PATRIARCH,17,kv,VisionRange,3
UNIT_PATRIARCH,18,kv,EnableAdvance,ADVANCE_HEXTAPUL
UNIT_PATRIARCH,19,kv,ActiveDefenseRange,0
UNIT_PATRIARCH,20,flag,LossMoveToDmgNone,
UNIT_PATRIARCH,21,kv,MaxFuel,0
UNIT_PATRIARCH,22,flag,CanEntrench,
UNIT_PATRIARCH,23,flag,IgnoreZOC,
UNIT_PATRIARCH,24,flag,NoZoc,
UNIT_PATRIARCH,25,flag,CanBeExpelled,
UNIT_PATRIARCH,26,flag,CanBeSued,
UNIT_PATRIARCH,27,flag,CantCaptureCity,
UNIT_PATRIARCH,28,flag,DeathEffectsHappy,
UNIT_PATRIARCH,29,flag,IsSpecialForces,
UNIT_PATRIARCH,30,flag,Civilian,
UNIT_PATRIARCH,31,flag,OnlyBuildOne,
UNIT_PATRIARCH,32,kv,SoundSelect1,SOUND_SELECT1_CLERIC
UNIT_PATRIARCH,33,kv,SoundSelect2,SOUND_SELECT2_CLERIC
UNIT_PATRIARCH,34,kv,SoundMove,SOUND_MOVE_CLERIC
UNIT_PATRIARCH,35,kv,SoundAcknowledge,SOUND_ACKNOWLEDGE_CLERIC
UNIT_PATRIARCH,36,kv,SoundCantMove,SOUND_CANTMOVE_CLERIC
UNIT_PATRIARCH,37,kv,SoundAttack,SOUND_ATTACK_CLERIC
UNIT_PATRIARCH,38,kv,SoundWork,SOUND_WORK_CLERIC
UNIT_PATRIARCH,39,kv,SoundVictory,SOUND_VICTORY_CLERIC
UNIT_PATRIARCH,40,kv,SoundDeath,SOUND_DEATH_CLERIC
UNIT_PATRIARCH,41,sublist,CanSee,Standard
UNIT_PATRIARCH,42,sublist,CanSee,Stealth
UNIT_PATRIARCH,43,sublist,MovementType,Land
UNIT_PATRIARCH,44,sublist,MovementType,Mountain
UNIT_PATRIARCH,45,sublist,Size,Small
UNIT_PATRIARCH,46,sublist,VisionClass,Stealth
UNIT_PATRIARCH,47,nested,UndergroundRailway,"[{""t"": ""kv"", ""k"": ""Chance"", ""v"": ""0.5""}, {""t"": ""kv"", ""k"": ""DeathChance"", ""v"": ""0.2""}, {""t"": ""kv"", ""k"": ""Sound"", ""v"": ""SOUND_ID_UNDERGROUND_RAILWAY""}, {""t"": ""kv"", ""k"": ""Effect"", ""v"": ""SPECEFFECT_UNDERGROUND_RAILWAY""}]"
UNIT_PATRIARCH,48,nested,ConvertCities,"[{""t"": ""kv"", ""k"": ""Chance"", ""v"": ""0.7""}, {""t"": ""kv"", ""k"": ""DeathChance"", ""v"": ""0.3""}, {""t"": ""kv"", ""k"": ""Sound"", ""v"": ""SOUND_ID_CONVERT_CITIES_CL""}, {""t"": ""kv"", ""k"": ""Effect"", ""v"": ""SPECEFFECT_CONVERT_CITIES""}]"
UNIT_PATRIARCH,49,nested,IndulgenceSales,"[{""t"": ""kv"", ""k"": ""Sound"", ""v"": ""SOUND_ID_CONVERT_CITIES_CL""}, {""t"": ""kv"", ""k"": ""Effect"", ""v"": ""SPECEFFECT_CONVERT_CITIES""}]"
UNIT_RAMSES,0,flag,CantBuild,
UNIT_RAMSES,1,kv,Description,DESCRIPTION_UNIT_SWORDSMAN
UNIT_RAMSES,2,kv,DefaultIcon,ICON_UNIT_RAMSES
UNIT_RAMSES,3,kv,DefaultSprite,SPRITE_RAMSES
UNIT_RAMSES,4,kv,Category,UNIT_CATEGORY_FLANKER
UNIT_RAMSES,5,kv,Attack,40
UNIT_RAMSES,6,kv,Defense,40
UNIT_RAMSES,7,kv,ZBRangeAttack,35
UNIT_RAMSES,8,kv,Firepower,2
UNIT_RAMSES,9,kv,Armor,1
UNIT_RAMSES,10,kv,MaxHP,20
UNIT_RAMSES,11,kv,ShieldCost,1000
UNIT_RAMSES,12,kv,PowerPoints,200
UNIT_RAMSES,13,kv,ShieldHunger,10
UNIT_RAMSES,14,kv,FoodHunger,0
UNIT_RAMSES,15,kv,MaxMovePoints,500
UNIT_RAMSES,16,kv,VisionRange,3
UNIT_RAMSES,17,kv,EnableAdvance,ADVANCE_HEXTAPUL
UNIT_RAMSES,18,kv,BombRounds,3
UNIT_RAMSES,19,kv,BombardRange,1
UNIT_RAMSES,20,flag,CanCounterBombard,
UNIT_RAMSES,21,kv,ActiveDefenseRange,0
UNIT_RAMSES,22,flag,LossMoveToDmgNone,
UNIT_RAMSES,23,kv,MaxFuel,0
UNIT_RAMSES,24,flag,CanEntrench,
UNIT_RAMSES,25,flag,CanExpel,
UNIT_RAMSES,26,flag,CanPillage,
UNIT_RAMSES,27,flag,CanPirate,
UNIT_RAMSES,28,flag,CanBeSued,
UNIT_RAMSES,29,flag,ExertsMartialLaw,
UNIT_RAMSES,30,flag,DeathEffectsHappy,
UNIT_RAMSES,31,flag,IsFlanker,
UNIT_RAMSES,32,flag,IsSpecialForces,
UNIT_RAMSES,33,kv,SoundSelect1,SOUND_SELECT1_SAMURAI
UNIT_RAMSES,34,kv,SoundSelect2,SOUND_SELECT2_SAMURAI
UNIT_RAMSES,35,kv,SoundMove,SOUND_MOVE_SAMURAI
UNIT_RAMSES,36,kv,SoundAcknowledge,SOUND_ACKNOWLEDGE_SAMURAI
UNIT_RAMSES,37,kv,SoundCantMove,SOUND_CANTMOVE_SAMURAI
UNIT_RAMSES,38,kv,SoundAttack,SOUND_ATTACK_SAMURAI
UNIT_RAMSES,39,kv,SoundWork,SOUND_WORK_SAMURAI
UNIT_RAMSES,40,kv,SoundVictory,SOUND_VICTORY_SAMURAI
UNIT_RAMSES,41,kv,SoundDeath,SOUND_DEATH_SAMURAI
UNIT_RAMSES,42,sublist,CanAttack,Land
UNIT_RAMSES,43,sublist,CanAttack,Mountain
UNIT_RAMSES,44,sublist,CanSee,Standard
UNIT_RAMSES,45,sublist,MovementType,Land
UNIT_RAMSES,46,sublist,MovementType,Mountain
UNIT_RAMSES,47,sublist,Size,Small
UNIT_RAMSES,48,sublist,VisionClass,Standard
UNIT_RAMSES,49,nested,CanReform,"[{""t"": ""kv"", ""k"": ""Sound"", ""v"": ""SOUND_ID_REFORM_CITY""}, {""t"": ""kv"", ""k"": ""Effect"", ""v"": ""SPECEFFECT_REFORMCITY""}]"
UNIT_SCRIPTO,0,flag,CantBuild,
UNIT_SCRIPTO,1,kv,Description,DESCRIPTION_UNIT_KNIGHT
UNIT_SCRIPTO,2,kv,DefaultIcon,ICON_UNIT_SCRIPTO
UNIT_SCRIPTO,3,kv,DefaultSprite,SPRITE_SCRIPTO
UNIT_SCRIPTO,4,kv,Category,UNIT_CATEGORY_RANGED
UNIT_SCRIPTO,5,kv,Attack,40
UNIT_SCRIPTO,6,kv,Defense,40
UNIT_SCRIPTO,7,kv,ZBRangeAttack,35
UNIT_SCRIPTO,8,kv,Firepower,2
UNIT_SCRIPTO,9,kv,Armor,1
UNIT_SCRIPTO,10,kv,MaxHP,20
UNIT_SCRIPTO,11,kv,ShieldCost,1000
UNIT_SCRIPTO,12,kv,PowerPoints,200
UNIT_SCRIPTO,13,kv,ShieldHunger,10
UNIT_SCRIPTO,14,kv,FoodHunger,0
UNIT_SCRIPTO,15,kv,MaxMovePoints,500
UNIT_SCRIPTO,16,kv,VisionRange,3
UNIT_SCRIPTO,17,kv,EnableAdvance,ADVANCE_HEXTAPUL
UNIT_SCRIPTO,18,kv,BombRounds,3
UNIT_SCRIPTO,19,kv,BombardRange,1
UNIT_SCRIPTO,20,flag,CanCounterBombard,
UNIT_SCRIPTO,21,kv,ActiveDefenseRange,0
UNIT_SCRIPTO,22,flag,LossMoveToDmgNone,
UNIT_SCRIPTO,23,kv,MaxFuel,0
UNIT_SCRIPTO,24,flag,CanEntrench,
UNIT_SCRIPTO,25,flag,CanExpel,
UNIT_SCRIPTO,26,flag,CanPillage,
UNIT_SCRIPTO,27,flag,CanPirate,
UNIT_SCRIPTO,28,flag,CanBeSued,
UNIT_SCRIPTO,29,flag,ExertsMartialLaw,
UNIT_SCRIPTO,30,flag,DeathEffectsHappy,
UNIT_SCRIPTO,31,flag,IsSpecialForces,
UNIT_SCRIPTO,32,kv,SoundSelect1,SOUND_SELECT1_SAMURAI
UNIT_SCRIPTO,33,kv,SoundSelect2,SOUND_SELECT2_SAMURAI
UNIT_SCRIPTO,34,kv,SoundMove,SOUND_MOVE_SAMURAI
UNIT_SCRIPTO,35,kv,SoundAcknowledge,SOUND_ACKNOWLEDGE_SAMURAI
UNIT_SCRIPTO,36,kv,SoundCantMove,SOUND_CANTMOVE_SAMURAI
UNIT_SCRIPTO,37,kv,SoundAttack,SOUND_ATTACK_SAMURAI
UNIT_SCRIPTO,38,kv,SoundWork,SOUND_WORK_SAMURAI
UNIT_SCRIPTO,39,kv,SoundVictory,SOUND_VICTORY_SAMURAI
UNIT_SCRIPTO,40,kv,SoundDeath,SOUND_DEATH_SAMURAI
UNIT_SCRIPTO,41,sublist,CanAttack,Land
UNIT_SCRIPTO,42,sublist,CanAttack,Mountain
UNIT_SCRIPTO,43,sublist,CanSee,Standard
UNIT_SCRIPTO,44,sublist,MovementType,Land
UNIT_SCRIPTO,45,sublist,MovementType,Mountain
UNIT_SCRIPTO,46,sublist,Size,Small
UNIT_SCRIPTO,47,sublist,VisionClass,Standard
UNIT_SCRIPTO,48,nested,CanReform,"[{""t"": ""kv"", ""k"": ""Sound"", ""v"": ""SOUND_ID_REFORM_CITY""}, {""t"": ""kv"", ""k"": ""Effect"", ""v"": ""SPECEFFECT_REFORMCITY""}]"
UNIT_ULYSSES_GRANT,0,flag,CantBuild,
UNIT_ULYSSES_GRANT,1,flag,GLHidden,
UNIT_ULYSSES_GRANT,2,kv,Description,DESCRIPTION_UNIT_INFANTRYMAN
UNIT_ULYSSES_GRANT,3,kv,DefaultIcon,ICON_UNIT_ULYSSES_GRANT
UNIT_ULYSSES_GRANT,4,kv,DefaultSprite,SPRITE_ULYSSES_GRANT
UNIT_ULYSSES_GRANT,5,kv,Category,UNIT_CATEGORY_RANGED
UNIT_ULYSSES_GRANT,6,kv,Attack,45
UNIT_ULYSSES_GRANT,7,kv,Defense,30
UNIT_ULYSSES_GRANT,8,kv,ZBRangeAttack,60
UNIT_ULYSSES_GRANT,9,kv,Firepower,4
UNIT_ULYSSES_GRANT,10,kv,Armor,1
UNIT_ULYSSES_GRANT,11,kv,MaxHP,15
UNIT_ULYSSES_GRANT,12,kv,ShieldCost,1000
UNIT_ULYSSES_GRANT,13,kv,PowerPoints,500
UNIT_ULYSSES_GRANT,14,kv,ShieldHunger,10
UNIT_ULYSSES_GRANT,15,kv,FoodHunger,0
UNIT_ULYSSES_GRANT,16,kv,MaxMovePoints,500
UNIT_ULYSSES_GRANT,17,kv,VisionRange,3
UNIT_ULYSSES_GRANT,18,kv,EnableAdvance,ADVANCE_HEXTAPUL
UNIT_ULYSSES_GRANT,19,kv,BombRounds,5
UNIT_ULYSSES_GRANT,20,kv,BombardRange,1
UNIT_ULYSSES_GRANT,21,flag,CanCounterBombard,
UNIT_ULYSSES_GRANT,22,kv,ActiveDefenseRange,0
UNIT_ULYSSES_GRANT,23,flag,LossMoveToDmgNone,
UNIT_ULYSSES_GRANT,24,kv,MaxFuel,0
UNIT_ULYSSES_GRANT,25,flag,CanEntrench,
UNIT_ULYSSES_GRANT,26,flag,CanBeachAssault,
UNIT_ULYSSES_GRANT,27,flag,CanExpel,
UNIT_ULYSSES_GRANT,28,flag,CanPillage,
UNIT_ULYSSES_GRANT,29,flag,CanPirate,
UNIT_ULYSSES_GRANT,30,flag,CanBeSued,
UNIT_ULYSSES_GRANT,31,flag,ExertsMartialLaw,
UNIT_ULYSSES_GRANT,32,flag,DeathEffectsHappy,
UNIT_ULYSSES_GRANT,33,flag,IsFlanker,
UNIT_ULYSSES_GRANT,34,kv,SoundSelect1,SOUND_SELECT1_INFANTRYMAN
UNIT_ULYSSES_GRANT,35,kv,SoundSelect2,SOUND_SELECT2_INFANTRYMAN
UNIT_ULYSSES_GRANT,36,kv,SoundMove,SOUND_MOVE_INFANTRYMAN
UNIT_ULYSSES_GRANT,37,kv,SoundAcknowledge,SOUND_ACKNOWLEDGE_INFANTRYMAN
UNIT_ULYSSES_GRANT,38,kv,SoundCantMove,SOUND_CANTMOVE_INFANTRYMAN
UNIT_ULYSSES_GRANT,39,kv,SoundAttack,SOUND_ATTACK_INFANTRYMAN
UNIT_ULYSSES_GRANT,40,kv,SoundWork,SOUND_WORK_INFANTRYMAN
UNIT_ULYSSES_GRANT,41,kv,SoundVictory,SOUND_VICTORY_INFANTRYMAN
UNIT_ULYSSES_GRANT,42,kv,SoundDeath,SOUND_DEATH_INFANTRYMAN
UNIT_ULYSSES_GRANT,43,sublist,CanAttack,Land
UNIT_ULYSSES_GRANT,44,sublist,CanAttack,Mountain
UNIT_ULYSSES_GRANT,45,sublist,CanBombard,Land
UNIT_ULYSSES_GRANT,46,sublist,CanBombard,Mountain
UNIT_ULYSSES_GRANT,47,sublist,CanBombard,Water
UNIT_ULYSSES_GRANT,48,sublist,CanSee,Standard
UNIT_ULYSSES_GRANT,49,sublist,MovementType,Land
UNIT_ULYSSES_GRANT,50,sublist,MovementType,Mountain
UNIT_ULYSSES_GRANT,51,sublist,Size,Small
UNIT_ULYSSES_GRANT,52,sublist,VisionClass,Standard
UNIT_ULYSSES_GRANT,53,nested,CanReform,"[{""t"": ""kv"", ""k"": ""Sound"", ""v"": ""SOUND_ID_REFORM_CITY""}, {""t"": ""kv"", ""k"": ""Effect"", ""v"": ""SPECEFFECT_REFORMCITY""}]"
UNIT_ARCHER_C1,0,flag,CantBuild,
UNIT_ARCHER_C1,1,flag,GLHidden,
UNIT_ARCHER_C1,2,kv,Description,DESCRIPTION_UNIT_ARCHER
UNIT_ARCHER_C1,3,kv,DefaultIcon,ICON_UNIT_ARCHER_C1
UNIT_ARCHER_C1,4,kv,DefaultSprite,SPRITE_ARCHER_C1
UNIT_ARCHER_C1,5,kv,Category,UNIT_CATEGORY_RANGED
UNIT_ARCHER_C1,6,kv,Attack,10
UNIT_ARCHER_C1,7,kv,Defense,10
UNIT_ARCHER_C1,8,kv,ZBRangeAttack,35
UNIT_ARCHER_C1,9,kv,Firepower,2
UNIT_ARCHER_C1,10,kv,Armor,1
UNIT_ARCHER_C1,11,kv,MaxHP,10
UNIT_ARCHER_C1,12,kv,ShieldCost,650
UNIT_ARCHER_C1,13,kv,PowerPoints,200
UNIT_ARCHER_C1,14,kv,ShieldHunger,3
UNIT_ARCHER_C1,15,kv,FoodHunger,0
UNIT_ARCHER_C1,16,kv,MaxMovePoints,100
UNIT_ARCHER_C1,17,kv,VisionRange,1
UNIT_ARCHER_C1,18,kv,EnableAdvance,ADVANCE_HEXTAPUL
UNIT_ARCHER_C1,19,kv,ActiveDefenseRange,0
UNIT_ARCHER_C1,20,flag,LossMoveToDmgNone,
UNIT_ARCHER_C1,21,kv,MaxFuel,0
UNIT_ARCHER_C1,22,flag,CanEntrench,
UNIT_ARCHER_C1,23,flag,NoZoc,
UNIT_ARCHER_C1,24,flag,CanExpel,
UNIT_ARCHER_C1,25,flag,CanPillage,
UNIT_ARCHER_C1,26,flag,CanPirate,
UNIT_ARCHER_C1,27,flag,ExertsMartialLaw,
UNIT_ARCHER_C1,28,flag,DeathEffectsHappy,
UNIT_ARCHER_C1,29,flag,OnlyBuildOne,
UNIT_ARCHER_C1,30,kv,SoundSelect1,SOUND_SELECT1_ARCHER
UNIT_ARCHER_C1,31,kv,SoundSelect2,SOUND_SELECT2_ARCHER
UNIT_ARCHER_C1,32,kv,SoundMove,SOUND_MOVE_ARCHER
UNIT_ARCHER_C1,33,kv,SoundAcknowledge,SOUND_ACKNOWLEDGE_ARCHER
UNIT_ARCHER_C1,34,kv,SoundCantMove,SOUND_CANTMOVE_ARCHER
UNIT_ARCHER_C1,35,kv,SoundAttack,SOUND_ATTACK_ARCHER
UNIT_ARCHER_C1,36,kv,SoundWork,SOUND_WORK_ARCHER
UNIT_ARCHER_C1,37,kv,SoundVictory,SOUND_VICTORY_ARCHER
UNIT_ARCHER_C1,38,kv,SoundDeath,SOUND_DEATH_ARCHER
UNIT_ARCHER_C1,39,sublist,CanAttack,Land
UNIT_ARCHER_C1,40,sublist,CanSee,Standard
UNIT_ARCHER_C1,41,sublist,MovementType,Land
UNIT_ARCHER_C1,42,sublist,MovementType,Mountain
UNIT_ARCHER_C1,43,sublist,Size,Medium
UNIT_ARCHER_C1,44,sublist,VisionClass,Standard
UNIT_ARCHER_C1,45,nested,CanReform,"[{""t"": ""kv"", ""k"": ""Sound"", ""v"": ""SOUND_ID_REFORM_CITY""}, {""t"": ""kv"", ""k"": ""Effect"", ""v"": ""SPECEFFECT_REFORMCITY""}]"
UNIT_BIREME_C1,0,flag,CantBuild,
UNIT_BIREME_C1,1,flag,GLHidden,
UNIT_BIREME_C1,2,kv,Description,DESCRIPTION_UNIT_GALLEY
UNIT_BIREME_C1,3,kv,DefaultIcon,ICON_UNIT_BIREME_C1
UNIT_BIREME_C1,4,kv,DefaultSprite,SPRITE_BIREME_C1
UNIT_BIREME_C1,5,kv,Category,UNIT_CATEGORY_NAVAL
UNIT_BIREME_C1,6,kv,Attack,25
UNIT_BIREME_C1,7,kv,Defense,10
UNIT_BIREME_C1,8,kv,ZBRangeAttack,15
UNIT_BIREME_C1,9,kv,Firepower,1
UNIT_BIREME_C1,10,kv,Armor,1
UNIT_BIREME_C1,11,kv,MaxHP,10
UNIT_BIREME_C1,12,kv,ShieldCost,250
UNIT_BIREME_C1,13,kv,PowerPoints,200
UNIT_BIREME_C1,14,kv,ShieldHunger,3
UNIT_BIREME_C1,15,kv,FoodHunger,0
UNIT_BIREME_C1,16,kv,MaxMovePoints,600
UNIT_BIREME_C1,17,kv,VisionRange,1
UNIT_BIREME_C1,18,kv,EnableAdvance,ADVANCE_HEXTAPUL
UNIT_BIREME_C1,19,kv,BombRounds,3
UNIT_BIREME_C1,20,kv,BombardRange,1
UNIT_BIREME_C1,21,flag,CanCounterBombard,
UNIT_BIREME_C1,22,kv,ActiveDefenseRange,0
UNIT_BIREME_C1,23,flag,LossMoveToDmgNone,
UNIT_BIREME_C1,24,kv,MaxFuel,0
UNIT_BIREME_C1,25,flag,CanExpel,
UNIT_BIREME_C1,26,flag,NoZoc,
UNIT_BIREME_C1,27,flag,CanPillage,
UNIT_BIREME_C1,28,flag,CanPirate,
UNIT_BIREME_C1,29,flag,CantCaptureCity,
UNIT_BIREME_C1,30,flag,DeathEffectsHappy,
UNIT_BIREME_C1,31,flag,OnlyBuildOne,
UNIT_BIREME_C1,32,kv,SoundSelect1,SOUND_SELECT1_CATAMARAN
UNIT_BIREME_C1,33,kv,SoundSelect2,SOUND_SELECT2_CATAMARAN
UNIT_BIREME_C1,34,kv,SoundMove,SOUND_MOVE_CATAMARAN
UNIT_BIREME_C1,35,kv,SoundAcknowledge,SOUND_ACKNOWLEDGE_CATAMARAN
UNIT_BIREME_C1,36,kv,SoundCantMove,SOUND_CANTMOVE_CATAMARAN
UNIT_BIREME_C1,37,kv,SoundAttack,SOUND_ATTACK_CATAMARAN
UNIT_BIREME_C1,38,kv,SoundWork,SOUND_WORK_CATAMARAN
UNIT_BIREME_C1,39,kv,SoundVictory,SOUND_VICTORY_CATAMARAN
UNIT_BIREME_C1,40,kv,SoundDeath,SOUND_DEATH_CATAMARAN
UNIT_BIREME_C1,41,sublist,CanCarry,SmallLand
UNIT_BIREME_C1,42,sublist,CanCarry,MedLand
UNIT_BIREME_C1,43,sublist,CanBombard,Water
UNIT_BIREME_C1,44,sublist,CanAttack,ShallowWater
UNIT_BIREME_C1,45,sublist,CanSee,Standard
UNIT_BIREME_C1,46,sublist,MovementType,ShallowWater
UNIT_BIREME_C1,47,sublist,Size,Large
UNIT_BIREME_C1,48,sublist,VisionClass,Standard
UNIT_BIREME_C1,49,nested,CanReform,"[{""t"": ""kv"", ""k"": ""Sound"", ""v"": ""SOUND_ID_REFORM_CITY""}, {""t"": ""kv"", ""k"": ""Effect"", ""v"": ""SPECEFFECT_REFORMCITY""}]"
UNIT_BIREME_C1,50,nested,CargoData,"[{""t"": ""kv"", ""k"": ""MaxCargo"", ""v"": ""3""}, {""t"": ""kv"", ""k"": ""Load"", ""v"": ""SOUND_ID_TRIREME_LOAD""}, {""t"": ""kv"", ""k"": ""Unload"", ""v"": ""SOUND_ID_TRIREME_UNLOAD""}]"
UNIT_CATAPHRACT_C1,0,kv,Description,DESCRIPTION_UNIT_MOUNTED_ARCHER
UNIT_CATAPHRACT_C1,1,kv,DefaultIcon,ICON_UNIT_CATAPHRACT_C1
UNIT_CATAPHRACT_C1,2,kv,DefaultSprite,SPRITE_CATAPHRACT_C1
UNIT_CATAPHRACT_C1,3,kv,Category,UNIT_CATEGORY_FLANKER
UNIT_CATAPHRACT_C1,4,kv,Attack,40
UNIT_CATAPHRACT_C1,5,kv,Defense,30
UNIT_CATAPHRACT_C1,6,kv,ZBRangeAttack,15
UNIT_CATAPHRACT_C1,7,kv,Firepower,2
UNIT_CATAPHRACT_C1,8,kv,Armor,1
UNIT_CATAPHRACT_C1,9,kv,MaxHP,15
UNIT_CATAPHRACT_C1,10,kv,ShieldCost,900
UNIT_CATAPHRACT_C1,11,kv,PowerPoints,400
UNIT_CATAPHRACT_C1,12,kv,ShieldHunger,4
UNIT_CATAPHRACT_C1,13,kv,FoodHunger,0
UNIT_CATAPHRACT_C1,14,kv,MaxMovePoints,400
UNIT_CATAPHRACT_C1,15,kv,VisionRange,2
UNIT_CATAPHRACT_C1,16,kv,EnableAdvance,ADVANCE_CHINA
UNIT_CATAPHRACT_C1,17,kv,ActiveDefenseRange,0
UNIT_CATAPHRACT_C1,18,flag,LossMoveToDmgNone,
UNIT_CATAPHRACT_C1,19,kv,MaxFuel,0
UNIT_CATAPHRACT_C1,20,flag,CanEntrench,
UNIT_CATAPHRACT_C1,21,flag,NoZoc,
UNIT_CATAPHRACT_C1,22,flag,CanExpel,
UNIT_CATAPHRACT_C1,23,flag,CanPillage,
UNIT_CATAPHRACT_C1,24,flag,CanPirate,
UNIT_CATAPHRACT_C1,25,flag,ExertsMartialLaw,
UNIT_CATAPHRACT_C1,26,flag,DeathEffectsHappy,
UNIT_CATAPHRACT_C1,27,flag,IsFlanker,
UNIT_CATAPHRACT_C1,28,flag,IsMounted,
UNIT_CATAPHRACT_C1,29,flag,IsSpecialForces,
UNIT_CATAPHRACT_C1,30,flag,OnlyBuildOne,
UNIT_CATAPHRACT_C1,31,kv,SoundSelect1,SOUND_SELECT1_KNIGHT
UNIT_CATAPHRACT_C1,32,kv,SoundSelect2,SOUND_SELECT2_KNIGHT
UNIT_CATAPHRACT_C1,33,kv,SoundMove,SOUND_MOVE_KNIGHT
UNIT_CATAPHRACT_C1,34,kv,SoundAcknowledge,SOUND_ACKNOWLEDGE_KNIGHT
UNIT_CATAPHRACT_C1,35,kv,SoundCantMove,SOUND_CANTMOVE_KNIGHT
UNIT_CATAPHRACT_C1,36,kv,SoundAttack,SOUND_ATTACK_KNIGHT
UNIT_CATAPHRACT_C1,37,kv,SoundWork,SOUND_WORK_KNIGHT
UNIT_CATAPHRACT_C1,38,kv,SoundVictory,SOUND_VICTORY_KNIGHT
UNIT_CATAPHRACT_C1,39,kv,SoundDeath,SOUND_DEATH_KNIGHT
UNIT_CATAPHRACT_C1,40,sublist,CanAttack,Land
UNIT_CATAPHRACT_C1,41,sublist,CanSee,Standard
UNIT_CATAPHRACT_C1,42,sublist,CanSee,Stealth
UNIT_CATAPHRACT_C1,43,sublist,MovementType,Land
UNIT_CATAPHRACT_C1,44,sublist,Size,Medium
UNIT_CATAPHRACT_C1,45,sublist,VisionClass,Stealth
UNIT_CATAPHRACT_C1,46,nested,CanReform,"[{""t"": ""kv"", ""k"": ""Sound"", ""v"": ""SOUND_ID_REFORM_CITY""}, {""t"": ""kv"", ""k"": ""Effect"", ""v"": ""SPECEFFECT_REFORMCITY""}]"
UNIT_CATAPHRACT_M,0,kv,Description,DESCRIPTION_UNIT_MOUNTED_ARCHER
UNIT_CATAPHRACT_M,1,kv,DefaultIcon,ICON_UNIT_CATAPHRACT_M
UNIT_CATAPHRACT_M,2,kv,DefaultSprite,SPRITE_CATAPHRACT_M
UNIT_CATAPHRACT_M,3,kv,Category,UNIT_CATEGORY_FLANKER
UNIT_CATAPHRACT_M,4,kv,Attack,40
UNIT_CATAPHRACT_M,5,kv,Defense,35
UNIT_CATAPHRACT_M,6,kv,ZBRangeAttack,15
UNIT_CATAPHRACT_M,7,kv,Firepower,1
UNIT_CATAPHRACT_M,8,kv,Armor,1
UNIT_CATAPHRACT_M,9,kv,MaxHP,15
UNIT_CATAPHRACT_M,10,kv,ShieldCost,900
UNIT_CATAPHRACT_M,11,kv,PowerPoints,200
UNIT_CATAPHRACT_M,12,kv,ShieldHunger,4
UNIT_CATAPHRACT_M,13,kv,FoodHunger,0
UNIT_CATAPHRACT_M,14,kv,MaxMovePoints,400
UNIT_CATAPHRACT_M,15,kv,VisionRange,2
UNIT_CATAPHRACT_M,16,kv,EnableAdvance,ADVANCE_JAPAN
UNIT_CATAPHRACT_M,17,kv,BombRounds,3
UNIT_CATAPHRACT_M,18,kv,BombardRange,1
UNIT_CATAPHRACT_M,19,flag,CanCounterBombard,
UNIT_CATAPHRACT_M,20,kv,ActiveDefenseRange,0
UNIT_CATAPHRACT_M,21,flag,LossMoveToDmgNone,
UNIT_CATAPHRACT_M,22,kv,MaxFuel,0
UNIT_CATAPHRACT_M,23,flag,CanEntrench,
UNIT_CATAPHRACT_M,24,flag,NoZoc,
UNIT_CATAPHRACT_M,25,flag,CanExpel,
UNIT_CATAPHRACT_M,26,flag,CanPillage,
UNIT_CATAPHRACT_M,27,flag,CanPirate,
UNIT_CATAPHRACT_M,28,flag,ExertsMartialLaw,
UNIT_CATAPHRACT_M,29,flag,DeathEffectsHappy,
UNIT_CATAPHRACT_M,30,flag,IsFlanker,
UNIT_CATAPHRACT_M,31,flag,OnlyBuildOne,
UNIT_CATAPHRACT_M,32,kv,SoundSelect1,SOUND_SELECT1_KNIGHT
UNIT_CATAPHRACT_M,33,kv,SoundSelect2,SOUND_SELECT2_KNIGHT
UNIT_CATAPHRACT_M,34,kv,SoundMove,SOUND_MOVE_KNIGHT
UNIT_CATAPHRACT_M,35,kv,SoundAcknowledge,SOUND_ACKNOWLEDGE_KNIGHT
UNIT_CATAPHRACT_M,36,kv,SoundCantMove,SOUND_CANTMOVE_KNIGHT
UNIT_CATAPHRACT_M,37,kv,SoundAttack,SOUND_ATTACK_KNIGHT
UNIT_CATAPHRACT_M,38,kv,SoundWork,SOUND_WORK_KNIGHT
UNIT_CATAPHRACT_M,39,kv,SoundVictory,SOUND_VICTORY_KNIGHT
UNIT_CATAPHRACT_M,40,kv,SoundDeath,SOUND_DEATH_KNIGHT
UNIT_CATAPHRACT_M,41,sublist,CanAttack,Land
UNIT_CATAPHRACT_M,42,sublist,CanBombard,Land
UNIT_CATAPHRACT_M,43,sublist,CanSee,Standard
UNIT_CATAPHRACT_M,44,sublist,CanSee,Stealth
UNIT_CATAPHRACT_M,45,sublist,MovementType,Land
UNIT_CATAPHRACT_M,46,sublist,Size,Medium
UNIT_CATAPHRACT_M,47,sublist,VisionClass,Stealth
UNIT_CATAPHRACT_M,48,nested,CanReform,"[{""t"": ""kv"", ""k"": ""Sound"", ""v"": ""SOUND_ID_REFORM_CITY""}, {""t"": ""kv"", ""k"": ""Effect"", ""v"": ""SPECEFFECT_REFORMCITY""}]"
UNIT_CHARIOT_C1,0,flag,CantBuild,
UNIT_CHARIOT_C1,1,flag,GLHidden,
UNIT_CHARIOT_C1,2,kv,Description,DESCRIPTION_UNIT_SWORDSMAN
UNIT_CHARIOT_C1,3,kv,DefaultIcon,ICON_UNIT_CHARIOT_C1
UNIT_CHARIOT_C1,4,kv,DefaultSprite,SPRITE_CHARIOT_C1
UNIT_CHARIOT_C1,5,kv,Category,UNIT_CATEGORY_ATTACK
UNIT_CHARIOT_C1,6,kv,Attack,20
UNIT_CHARIOT_C1,7,kv,Defense,15
UNIT_CHARIOT_C1,8,kv,ZBRangeAttack,0
UNIT_CHARIOT_C1,9,kv,Firepower,1
UNIT_CHARIOT_C1,10,kv,Armor,1
UNIT_CHARIOT_C1,11,kv,MaxHP,12
UNIT_CHARIOT_C1,12,kv,ShieldCost,325
UNIT_CHARIOT_C1,13,kv,PowerPoints,200
UNIT_CHARIOT_C1,14,kv,ShieldHunger,3
UNIT_CHARIOT_C1,15,kv,FoodHunger,0
UNIT_CHARIOT_C1,16,kv,MaxMovePoints,200
UNIT_CHARIOT_C1,17,kv,VisionRange,1
UNIT_CHARIOT_C1,18,kv,EnableAdvance,ADVANCE_HEXTAPUL
UNIT_CHARIOT_C1,19,kv,ActiveDefenseRange,0
UNIT_CHARIOT_C1,20,flag,LossMoveToDmgNone,
UNIT_CHARIOT_C1,21,kv,MaxFuel,0
UNIT_CHARIOT_C1,22,flag,CanEntrench,
UNIT_CHARIOT_C1,23,flag,NoZoc,
UNIT_CHARIOT_C1,24,flag,CanExpel,
UNIT_CHARIOT_C1,25,flag,CanPillage,
UNIT_CHARIOT_C1,26,flag,CanPirate,
UNIT_CHARIOT_C1,27,flag,ExertsMartialLaw,
UNIT_CHARIOT_C1,28,flag,DeathEffectsHappy,
UNIT_CHARIOT_C1,29,flag,IsSpecialForces,
UNIT_CHARIOT_C1,30,flag,OnlyBuildOne,
UNIT_CHARIOT_C1,31,kv,SoundSelect1,SOUND_SELECT1_SAMURAI
UNIT_CHARIOT_C1,32,kv,SoundSelect2,SOUND_SELECT2_SAMURAI
UNIT_CHARIOT_C1,33,kv,SoundMove,SOUND_MOVE_SAMURAI
UNIT_CHARIOT_C1,34,kv,SoundAcknowledge,SOUND_ACKNOWLEDGE_SAMURAI
UNIT_CHARIOT_C1,35,kv,SoundCantMove,SOUND_CANTMOVE_SAMURAI
UNIT_CHARIOT_C1,36,kv,SoundAttack,SOUND_ATTACK_SAMURAI
UNIT_CHARIOT_C1,37,kv,SoundWork,SOUND_WORK_SAMURAI
UNIT_CHARIOT_C1,38,kv,SoundVictory,SOUND_VICTORY_SAMURAI
UNIT_CHARIOT_C1,39,kv,SoundDeath,SOUND_DEATH_SAMURAI
UNIT_CHARIOT_C1,40,sublist,CanAttack,Land
UNIT_CHARIOT_C1,41,sublist,CanSee,Standard
UNIT_CHARIOT_C1,42,sublist,MovementType,Land
UNIT_CHARIOT_C1,43,sublist,Size,Medium
UNIT_CHARIOT_C1,44,sublist,VisionClass,Standard
UNIT_CHARIOT_C1,45,nested,CanReform,"[{""t"": ""kv"", ""k"": ""Sound"", ""v"": ""SOUND_ID_REFORM_CITY""}, {""t"": ""kv"", ""k"": ""Effect"", ""v"": ""SPECEFFECT_REFORMCITY""}]"
UNIT_CHARIOT_C2,0,flag,CantBuild,
UNIT_CHARIOT_C2,1,flag,GLHidden,
UNIT_CHARIOT_C2,2,kv,Description,DESCRIPTION_UNIT_SWORDSMAN
UNIT_CHARIOT_C2,3,kv,DefaultIcon,ICON_UNIT_CHARIOT_C2
UNIT_CHARIOT_C2,4,kv,DefaultSprite,SPRITE_CHARIOT_C2
UNIT_CHARIOT_C2,5,kv,Category,UNIT_CATEGORY_ATTACK
UNIT_CHARIOT_C2,6,kv,Attack,20
UNIT_CHARIOT_C2,7,kv,Defense,20
UNIT_CHARIOT_C2,8,kv,ZBRangeAttack,0
UNIT_CHARIOT_C2,9,kv,Firepower,1
UNIT_CHARIOT_C2,10,kv,Armor,1
UNIT_CHARIOT_C2,11,kv,MaxHP,12
UNIT_CHARIOT_C2,12,kv,ShieldCost,325
UNIT_CHARIOT_C2,13,kv,PowerPoints,200
UNIT_CHARIOT_C2,14,kv,ShieldHunger,3
UNIT_CHARIOT_C2,15,kv,FoodHunger,0
UNIT_CHARIOT_C2,16,kv,MaxMovePoints,200
UNIT_CHARIOT_C2,17,kv,VisionRange,1
UNIT_CHARIOT_C2,18,kv,EnableAdvance,ADVANCE_HEXTAPUL
UNIT_CHARIOT_C2,19,kv,ActiveDefenseRange,0
UNIT_CHARIOT_C2,20,flag,LossMoveToDmgNone,
UNIT_CHARIOT_C2,21,kv,MaxFuel,0
UNIT_CHARIOT_C2,22,flag,CanEntrench,
UNIT_CHARIOT_C2,23,flag,NoZoc,
UNIT_CHARIOT_C2,24,flag,CanExpel,
UNIT_CHARIOT_C2,25,flag,CanPillage,
UNIT_CHARIOT_C2,26,flag,CanPirate,
UNIT_CHARIOT_C2,27,flag,ExertsMartialLaw,
UNIT_CHARIOT_C2,28,flag,DeathEffectsHappy,
UNIT_CHARIOT_C2,29,flag,IsSpecialForces,
UNIT_CHARIOT_C2,30,flag,OnlyBuildOne,
UNIT_CHARIOT_C2,31,kv,SoundSelect1,SOUND_SELECT1_SAMURAI
UNIT_CHARIOT_C2,32,kv,SoundSelect2,SOUND_SELECT2_SAMURAI
UNIT_CHARIOT_C2,33,kv,SoundMove,SOUND_MOVE_SAMURAI
UNIT_CHARIOT_C2,34,kv,SoundAcknowledge,SOUND_ACKNOWLEDGE_SAMURAI
UNIT_CHARIOT_C2,35,kv,SoundCantMove,SOUND_CANTMOVE_SAMURAI
UNIT_CHARIOT_C2,36,kv,SoundAttack,SOUND_ATTACK_SAMURAI
UNIT_CHARIOT_C2,37,kv,SoundWork,SOUND_WORK_SAMURAI
UNIT_CHARIOT_C2,38,kv,SoundVictory,SOUND_VICTORY_SAMURAI
UNIT_CHARIOT_C2,39,kv,SoundDeath,SOUND_DEATH_SAMURAI
UNIT_CHARIOT_C2,40,sublist,CanAttack,Land
UNIT_CHARIOT_C2,41,sublist,CanSee,Standard
UNIT_CHARIOT_C2,42,sublist,MovementType,Land
UNIT_CHARIOT_C2,43,sublist,Size,Medium
UNIT_CHARIOT_C2,44,sublist,VisionClass,Standard
UNIT_CHARIOT_C2,45,nested,CanReform,"[{""t"": ""kv"", ""k"": ""Sound"", ""v"": ""SOUND_ID_REFORM_CITY""}, {""t"": ""kv"", ""k"": ""Effect"", ""v"": ""SPECEFFECT_REFORMCITY""}]"
UNIT_COMPOSITE_ARCHER_C1,0,kv,Description,DESCRIPTION_UNIT_ARCHER
UNIT_COMPOSITE_ARCHER_C1,1,kv,DefaultIcon,ICON_UNIT_COMPOSITE_ARCHER_C1
UNIT_COMPOSITE_ARCHER_C1,2,kv,DefaultSprite,SPRITE_COMPOSITE_ARCHER_C1
UNIT_COMPOSITE_ARCHER_C1,3,kv,Category,UNIT_CATEGORY_RANGED
UNIT_COMPOSITE_ARCHER_C1,4,kv,Attack,20
UNIT_COMPOSITE_ARCHER_C1,5,kv,Defense,20
UNIT_COMPOSITE_ARCHER_C1,6,kv,ZBRangeAttack,45
UNIT_COMPOSITE_ARCHER_C1,7,kv,Firepower,2
UNIT_COMPOSITE_ARCHER_C1,8,kv,Armor,1
UNIT_COMPOSITE_ARCHER_C1,9,kv,MaxHP,10
UNIT_COMPOSITE_ARCHER_C1,10,kv,ShieldCost,1000
UNIT_COMPOSITE_ARCHER_C1,11,kv,PowerPoints,200
UNIT_COMPOSITE_ARCHER_C1,12,kv,ShieldHunger,5
UNIT_COMPOSITE_ARCHER_C1,13,kv,FoodHunger,0
UNIT_COMPOSITE_ARCHER_C1,14,kv,MaxMovePoints,100
UNIT_COMPOSITE_ARCHER_C1,15,kv,VisionRange,1
UNIT_COMPOSITE_ARCHER_C1,16,kv,EnableAdvance,ADVANCE_JAPAN
UNIT_COMPOSITE_ARCHER_C1,17,kv,ActiveDefenseRange,0
UNIT_COMPOSITE_ARCHER_C1,18,flag,LossMoveToDmgNone,
UNIT_COMPOSITE_ARCHER_C1,19,kv,MaxFuel,0
UNIT_COMPOSITE_ARCHER_C1,20,flag,CanEntrench,
UNIT_COMPOSITE_ARCHER_C1,21,flag,NoZoc,
UNIT_COMPOSITE_ARCHER_C1,22,flag,CanExpel,
UNIT_COMPOSITE_ARCHER_C1,23,flag,CanPillage,
UNIT_COMPOSITE_ARCHER_C1,24,flag,CanPirate,
UNIT_COMPOSITE_ARCHER_C1,25,flag,ExertsMartialLaw,
UNIT_COMPOSITE_ARCHER_C1,26,flag,DeathEffectsHappy,
UNIT_COMPOSITE_ARCHER_C1,27,flag,OnlyBuildOne,
UNIT_COMPOSITE_ARCHER_C1,28,kv,SoundSelect1,SOUND_SELECT1_ARCHER
UNIT_COMPOSITE_ARCHER_C1,29,kv,SoundSelect2,SOUND_SELECT2_ARCHER
UNIT_COMPOSITE_ARCHER_C1,30,kv,SoundMove,SOUND_MOVE_ARCHER
UNIT_COMPOSITE_ARCHER_C1,31,kv,SoundAcknowledge,SOUND_ACKNOWLEDGE_ARCHER
UNIT_COMPOSITE_ARCHER_C1,32,kv,SoundCantMove,SOUND_CANTMOVE_ARCHER
UNIT_COMPOSITE_ARCHER_C1,33,kv,SoundAttack,SOUND_ATTACK_ARCHER
UNIT_COMPOSITE_ARCHER_C1,34,kv,SoundWork,SOUND_WORK_ARCHER
UNIT_COMPOSITE_ARCHER_C1,35,kv,SoundVictory,SOUND_VICTORY_ARCHER
UNIT_COMPOSITE_ARCHER_C1,36,kv,SoundDeath,SOUND_DEATH_ARCHER
UNIT_COMPOSITE_ARCHER_C1,37,sublist,CanAttack,Land
UNIT_COMPOSITE_ARCHER_C1,38,sublist,CanSee,Standard
UNIT_COMPOSITE_ARCHER_C1,39,sublist,MovementType,Land
UNIT_COMPOSITE_ARCHER_C1,40,sublist,MovementType,Mountain
UNIT_COMPOSITE_ARCHER_C1,41,sublist,Size,Medium
UNIT_COMPOSITE_ARCHER_C1,42,sublist,VisionClass,Standard
UNIT_COMPOSITE_ARCHER_C1,43,nested,CanReform,"[{""t"": ""kv"", ""k"": ""Sound"", ""v"": ""SOUND_ID_REFORM_CITY""}, {""t"": ""kv"", ""k"": ""Effect"", ""v"": ""SPECEFFECT_REFORMCITY""}]"
UNIT_CROSSBOWMAN_C1,0,kv,Description,DESCRIPTION_UNIT_ARCHER
UNIT_CROSSBOWMAN_C1,1,kv,DefaultIcon,ICON_UNIT_CROSSBOWMAN_C1
UNIT_CROSSBOWMAN_C1,2,kv,DefaultSprite,SPRITE_CROSSBOWMAN_C1
UNIT_CROSSBOWMAN_C1,3,kv,Category,UNIT_CATEGORY_RANGED
UNIT_CROSSBOWMAN_C1,4,kv,Attack,15
UNIT_CROSSBOWMAN_C1,5,kv,Defense,15
UNIT_CROSSBOWMAN_C1,6,kv,ZBRangeAttack,40
UNIT_CROSSBOWMAN_C1,7,kv,Firepower,2
UNIT_CROSSBOWMAN_C1,8,kv,Armor,1
UNIT_CROSSBOWMAN_C1,9,kv,MaxHP,10
UNIT_CROSSBOWMAN_C1,10,kv,ShieldCost,800
UNIT_CROSSBOWMAN_C1,11,kv,PowerPoints,200
UNIT_CROSSBOWMAN_C1,12,kv,ShieldHunger,4
UNIT_CROSSBOWMAN_C1,13,kv,FoodHunger,0
UNIT_CROSSBOWMAN_C1,14,kv,MaxMovePoints,100
UNIT_CROSSBOWMAN_C1,15,kv,VisionRange,1
UNIT_CROSSBOWMAN_C1,16,kv,EnableAdvance,ADVANCE_SHANG
UNIT_CROSSBOWMAN_C1,17,kv,ActiveDefenseRange,0
UNIT_CROSSBOWMAN_C1,18,flag,LossMoveToDmgNone,
UNIT_CROSSBOWMAN_C1,19,kv,MaxFuel,0
UNIT_CROSSBOWMAN_C1,20,flag,CanEntrench,
UNIT_CROSSBOWMAN_C1,21,flag,NoZoc,
UNIT_CROSSBOWMAN_C1,22,flag,CanExpel,
UNIT_CROSSBOWMAN_C1,23,flag,CanPillage,
UNIT_CROSSBOWMAN_C1,24,flag,CanPirate,
UNIT_CROSSBOWMAN_C1,25,flag,ExertsMartialLaw,
UNIT_CROSSBOWMAN_C1,26,flag,DeathEffectsHappy,
UNIT_CROSSBOWMAN_C1,27,flag,OnlyBuildOne,
UNIT_CROSSBOWMAN_C1,28,kv,SoundSelect1,SOUND_SELECT1_ARCHER
UNIT_CROSSBOWMAN_C1,29,kv,SoundSelect2,SOUND_SELECT2_ARCHER
UNIT_CROSSBOWMAN_C1,30,kv,SoundMove,SOUND_MOVE_ARCHER
UNIT_CROSSBOWMAN_C1,31,kv,SoundAcknowledge,SOUND_ACKNOWLEDGE_ARCHER
UNIT_CROSSBOWMAN_C1,32,kv,SoundCantMove,SOUND_CANTMOVE_ARCHER
UNIT_CROSSBOWMAN_C1,33,kv,SoundAttack,SOUND_ATTACK_ARCHER
UNIT_CROSSBOWMAN_C1,34,kv,SoundWork,SOUND_WORK_ARCHER
UNIT_CROSSBOWMAN_C1,35,kv,SoundVictory,SOUND_VICTORY_ARCHER
UNIT_CROSSBOWMAN_C1,36,kv,SoundDeath,SOUND_DEATH_ARCHER
UNIT_CROSSBOWMAN_C1,37,sublist,CanAttack,Land
UNIT_CROSSBOWMAN_C1,38,sublist,CanSee,Standard
UNIT_CROSSBOWMAN_C1,39,sublist,MovementType,Land
UNIT_CROSSBOWMAN_C1,40,sublist,MovementType,Mountain
UNIT_CROSSBOWMAN_C1,41,sublist,Size,Medium
UNIT_CROSSBOWMAN_C1,42,sublist,VisionClass,Standard
UNIT_CROSSBOWMAN_C1,43,nested,CanReform,"[{""t"": ""kv"", ""k"": ""Sound"", ""v"": ""SOUND_ID_REFORM_CITY""}, {""t"": ""kv"", ""k"": ""Effect"", ""v"": ""SPECEFFECT_REFORMCITY""}]"
UNIT_ELEPHANT_WARRIOR_C1,0,kv,Description,DESCRIPTION_UNIT_KNIGHT
UNIT_ELEPHANT_WARRIOR_C1,1,kv,DefaultIcon,ICON_UNIT_ELEPHANT_WARRIOR_C1
UNIT_ELEPHANT_WARRIOR_C1,2,kv,DefaultSprite,SPRITE_ELEPHANT_WARRIOR_C1
UNIT_ELEPHANT_WARRIOR_C1,3,kv,Category,UNIT_CATEGORY_ATTACK
UNIT_ELEPHANT_WARRIOR_C1,4,kv,Attack,35
UNIT_ELEPHANT_WARRIOR_C1,5,kv,Defense,35
UNIT_ELEPHANT_WARRIOR_C1,6,kv,ZBRangeAttack,0
UNIT_ELEPHANT_WARRIOR_C1,7,kv,Firepower,2
UNIT_ELEPHANT_WARRIOR_C1,8,kv,Armor,1
UNIT_ELEPHANT_WARRIOR_C1,9,kv,MaxHP,18
UNIT_ELEPHANT_WARRIOR_C1,10,kv,ShieldCost,900
UNIT_ELEPHANT_WARRIOR_C1,11,kv,PowerPoints,400
UNIT_ELEPHANT_WARRIOR_C1,12,kv,ShieldHunger,4
UNIT_ELEPHANT_WARRIOR_C1,13,kv,FoodHunger,0
UNIT_ELEPHANT_WARRIOR_C1,14,kv,MaxMovePoints,200
UNIT_ELEPHANT_WARRIOR_C1,15,kv,VisionRange,2
UNIT_ELEPHANT_WARRIOR_C1,16,kv,EnableAdvance,ADVANCE_THAI
UNIT_ELEPHANT_WARRIOR_C1,17,kv,ActiveDefenseRange,0
UNIT_ELEPHANT_WARRIOR_C1,18,flag,LossMoveToDmgNone,
UNIT_ELEPHANT_WARRIOR_C1,19,kv,MaxFuel,0
UNIT_ELEPHANT_WARRIOR_C1,20,flag,CanEntrench,
UNIT_ELEPHANT_WARRIOR_C1,21,flag,NoZoc,
UNIT_ELEPHANT_WARRIOR_C1,22,flag,CanExpel,
UNIT_ELEPHANT_WARRIOR_C1,23,flag,CanPillage,
UNIT_ELEPHANT_WARRIOR_C1,24,flag,CanPirate,
UNIT_ELEPHANT_WARRIOR_C1,25,flag,ExertsMartialLaw,
UNIT_ELEPHANT_WARRIOR_C1,26,flag,DeathEffectsHappy,
UNIT_ELEPHANT_WARRIOR_C1,27,flag,IsSpecialForces,
UNIT_ELEPHANT_WARRIOR_C1,28,flag,OnlyBuildOne,
UNIT_ELEPHANT_WARRIOR_C1,29,kv,SoundSelect1,SOUND_SELECT1_KNIGHT
UNIT_ELEPHANT_WARRIOR_C1,30,kv,SoundSelect2,SOUND_SELECT2_KNIGHT
UNIT_ELEPHANT_WARRIOR_C1,31,kv,SoundMove,SOUND_MOVE_KNIGHT
UNIT_ELEPHANT_WARRIOR_C1,32,kv,SoundAcknowledge,SOUND_ACKNOWLEDGE_KNIGHT
UNIT_ELEPHANT_WARRIOR_C1,33,kv,SoundCantMove,SOUND_CANTMOVE_KNIGHT
UNIT_ELEPHANT_WARRIOR_C1,34,kv,SoundAttack,SOUND_ATTACK_KNIGHT
UNIT_ELEPHANT_WARRIOR_C1,35,kv,SoundWork,SOUND_WORK_KNIGHT
UNIT_ELEPHANT_WARRIOR_C1,36,kv,SoundVictory,SOUND_VICTORY_KNIGHT
UNIT_ELEPHANT_WARRIOR_C1,37,kv,SoundDeath,SOUND_DEATH_KNIGHT
UNIT_ELEPHANT_WARRIOR_C1,38,sublist,CanAttack,Land
UNIT_ELEPHANT_WARRIOR_C1,39,sublist,CanSee,Standard
UNIT_ELEPHANT_WARRIOR_C1,40,sublist,MovementType,Land
UNIT_ELEPHANT_WARRIOR_C1,41,sublist,Size,Medium
UNIT_ELEPHANT_WARRIOR_C1,42,sublist,VisionClass,Standard
UNIT_ELEPHANT_WARRIOR_C1,43,nested,CanReform,"[{""t"": ""kv"", ""k"": ""Sound"", ""v"": ""SOUND_ID_REFORM_CITY""}, {""t"": ""kv"", ""k"": ""Effect"", ""v"": ""SPECEFFECT_REFORMCITY""}]"
UNIT_HOPLITE_C1,0,flag,CantBuild,
UNIT_HOPLITE_C1,1,flag,GLHidden,
UNIT_HOPLITE_C1,2,kv,Description,DESCRIPTION_UNIT_HOPLITE
UNIT_HOPLITE_C1,3,kv,DefaultIcon,ICON_UNIT_HOPLITE_C1
UNIT_HOPLITE_C1,4,kv,DefaultSprite,SPRITE_HOPLITE_C1
UNIT_HOPLITE_C1,5,kv,Category,UNIT_CATEGORY_ATTACK
UNIT_HOPLITE_C1,6,kv,Attack,35
UNIT_HOPLITE_C1,7,kv,Defense,40
UNIT_HOPLITE_C1,8,kv,ZBRangeAttack,0
UNIT_HOPLITE_C1,9,kv,Firepower,2
UNIT_HOPLITE_C1,10,kv,Armor,1
UNIT_HOPLITE_C1,11,kv,MaxHP,17
UNIT_HOPLITE_C1,12,kv,ShieldCost,900
UNIT_HOPLITE_C1,13,kv,PowerPoints,400
UNIT_HOPLITE_C1,14,kv,ShieldHunger,4
UNIT_HOPLITE_C1,15,kv,FoodHunger,0
UNIT_HOPLITE_C1,16,kv,MaxMovePoints,100
UNIT_HOPLITE_C1,17,kv,VisionRange,1
UNIT_HOPLITE_C1,18,kv,EnableAdvance,ADVANCE_HEXTAPUL
UNIT_HOPLITE_C1,19,kv,ActiveDefenseRange,0
UNIT_HOPLITE_C1,20,flag,LossMoveToDmgNone,
UNIT_HOPLITE_C1,21,kv,MaxFuel,0
UNIT_HOPLITE_C1,22,flag,CanEntrench,
UNIT_HOPLITE_C1,23,flag,NoZoc,
UNIT_HOPLITE_C1,24,flag,CanExpel,
UNIT_HOPLITE_C1,25,flag,CanPillage,
UNIT_HOPLITE_C1,26,flag,CanPirate,
UNIT_HOPLITE_C1,27,flag,ExertsMartialLaw,
UNIT_HOPLITE_C1,28,flag,DeathEffectsHappy,
UNIT_HOPLITE_C1,29,flag,BonusAgainstMounted,
UNIT_HOPLITE_C1,30,kv,MountedBonus,0.25
UNIT_HOPLITE_C1,31,flag,OnlyBuildOne,
UNIT_HOPLITE_C1,32,kv,SoundSelect1,SOUND_SELECT1_PIKEMEN
UNIT_HOPLITE_C1,33,kv,SoundSelect2,SOUND_SELECT2_PIKEMEN
UNIT_HOPLITE_C1,34,kv,SoundMove,SOUND_MOVE_PIKEMEN
UNIT_HOPLITE_C1,35,kv,SoundAcknowledge,SOUND_ACKNOWLEDGE_PIKEMEN
UNIT_HOPLITE_C1,36,kv,SoundCantMove,SOUND_CANTMOVE_PIKEMEN
UNIT_HOPLITE_C1,37,kv,SoundAttack,SOUND_ATTACK_PIKEMEN
UNIT_HOPLITE_C1,38,kv,SoundWork,SOUND_WORK_PIKEMEN
UNIT_HOPLITE_C1,39,kv,SoundVictory,SOUND_VICTORY_PIKEMEN
UNIT_HOPLITE_C1,40,kv,SoundDeath,SOUND_DEATH_PIKEMEN
UNIT_HOPLITE_C1,41,sublist,CanAttack,Land
UNIT_HOPLITE_C1,42,sublist,CanAttack,Mountain
UNIT_HOPLITE_C1,43,sublist,CanSee,Standard
UNIT_HOPLITE_C1,44,sublist,MovementType,Land
UNIT_HOPLITE_C1,45,sublist,MovementType,Mountain
UNIT_HOPLITE_C1,46,sublist,Size,Small
UNIT_HOPLITE_C1,47,sublist,VisionClass,Standard
UNIT_HOPLITE_C1,48,nested,CanReform,"[{""t"": ""kv"", ""k"": ""Sound"", ""v"": ""SOUND_ID_REFORM_CITY""}, {""t"": ""kv"", ""k"": ""Effect"", ""v"": ""SPECEFFECT_REFORMCITY""}]"
UNIT_HYPASPISTS_C1,0,flag,CantBuild,
UNIT_HYPASPISTS_C1,1,flag,GLHidden,
UNIT_HYPASPISTS_C1,2,kv,Description,DESCRIPTION_UNIT_WARRIOR
UNIT_HYPASPISTS_C1,3,kv,DefaultIcon,ICON_UNIT_HYPASPISTS_C1
UNIT_HYPASPISTS_C1,4,kv,DefaultSprite,SPRITE_HYPASPISTS_C1
UNIT_HYPASPISTS_C1,5,kv,Category,UNIT_CATEGORY_ATTACK
UNIT_HYPASPISTS_C1,6,kv,Attack,35
UNIT_HYPASPISTS_C1,7,kv,Defense,40
UNIT_HYPASPISTS_C1,8,kv,ZBRangeAttack,0
UNIT_HYPASPISTS_C1,9,kv,Firepower,2
UNIT_HYPASPISTS_C1,10,kv,Armor,1
UNIT_HYPASPISTS_C1,11,kv,MaxHP,17
UNIT_HYPASPISTS_C1,12,kv,ShieldCost,900
UNIT_HYPASPISTS_C1,13,kv,PowerPoints,400
UNIT_HYPASPISTS_C1,14,kv,ShieldHunger,4
UNIT_HYPASPISTS_C1,15,kv,FoodHunger,0
UNIT_HYPASPISTS_C1,16,kv,MaxMovePoints,100
UNIT_HYPASPISTS_C1,17,kv,VisionRange,1
UNIT_HYPASPISTS_C1,18,kv,EnableAdvance,ADVANCE_HEXTAPUL
UNIT_HYPASPISTS_C1,19,kv,ActiveDefenseRange,0
UNIT_HYPASPISTS_C1,20,flag,LossMoveToDmgNone,
UNIT_HYPASPISTS_C1,21,kv,MaxFuel,0
UNIT_HYPASPISTS_C1,22,flag,CanEntrench,
UNIT_HYPASPISTS_C1,23,flag,NoZoc,
UNIT_HYPASPISTS_C1,24,flag,CanExpel,
UNIT_HYPASPISTS_C1,25,flag,CanPillage,
UNIT_HYPASPISTS_C1,26,flag,CanPirate,
UNIT_HYPASPISTS_C1,27,flag,ExertsMartialLaw,
UNIT_HYPASPISTS_C1,28,flag,DeathEffectsHappy,
UNIT_HYPASPISTS_C1,29,flag,BonusAgainstMounted,
UNIT_HYPASPISTS_C1,30,kv,MountedBonus,0.25
UNIT_HYPASPISTS_C1,31,flag,OnlyBuildOne,
UNIT_HYPASPISTS_C1,32,kv,SoundSelect1,SOUND_SELECT1_PIKEMEN
UNIT_HYPASPISTS_C1,33,kv,SoundSelect2,SOUND_SELECT2_PIKEMEN
UNIT_HYPASPISTS_C1,34,kv,SoundMove,SOUND_MOVE_PIKEMEN
UNIT_HYPASPISTS_C1,35,kv,SoundAcknowledge,SOUND_ACKNOWLEDGE_PIKEMEN
UNIT_HYPASPISTS_C1,36,kv,SoundCantMove,SOUND_CANTMOVE_PIKEMEN
UNIT_HYPASPISTS_C1,37,kv,SoundAttack,SOUND_ATTACK_PIKEMEN
UNIT_HYPASPISTS_C1,38,kv,SoundWork,SOUND_WORK_PIKEMEN
UNIT_HYPASPISTS_C1,39,kv,SoundVictory,SOUND_VICTORY_PIKEMEN
UNIT_HYPASPISTS_C1,40,kv,SoundDeath,SOUND_DEATH_PIKEMEN
UNIT_HYPASPISTS_C1,41,sublist,CanAttack,Land
UNIT_HYPASPISTS_C1,42,sublist,CanAttack,Mountain
UNIT_HYPASPISTS_C1,43,sublist,CanSee,Standard
UNIT_HYPASPISTS_C1,44,sublist,MovementType,Land
UNIT_HYPASPISTS_C1,45,sublist,MovementType,Mountain
UNIT_HYPASPISTS_C1,46,sublist,Size,Small
UNIT_HYPASPISTS_C1,47,sublist,VisionClass,Standard
UNIT_HYPASPISTS_C1,48,nested,CanReform,"[{""t"": ""kv"", ""k"": ""Sound"", ""v"": ""SOUND_ID_REFORM_CITY""}, {""t"": ""kv"", ""k"": ""Effect"", ""v"": ""SPECEFFECT_REFORMCITY""}]"
UNIT_JANISSARY_C1,0,kv,Description,DESCRIPTION_UNIT_SWORDSMAN
UNIT_JANISSARY_C1,1,kv,DefaultIcon,ICON_UNIT_JANISSARY_C1
UNIT_JANISSARY_C1,2,kv,DefaultSprite,SPRITE_JANISSARY_C1
UNIT_JANISSARY_C1,3,kv,Category,UNIT_CATEGORY_ATTACK
UNIT_JANISSARY_C1,4,kv,Attack,35
UNIT_JANISSARY_C1,5,kv,Defense,40
UNIT_JANISSARY_C1,6,kv,ZBRangeAttack,0
UNIT_JANISSARY_C1,7,kv,Firepower,2
UNIT_JANISSARY_C1,8,kv,Armor,1
UNIT_JANISSARY_C1,9,kv,MaxHP,17
UNIT_JANISSARY_C1,10,kv,ShieldCost,900
UNIT_JANISSARY_C1,11,kv,PowerPoints,400
UNIT_JANISSARY_C1,12,kv,ShieldHunger,4
UNIT_JANISSARY_C1,13,kv,FoodHunger,0
UNIT_JANISSARY_C1,14,kv,MaxMovePoints,200
UNIT_JANISSARY_C1,15,kv,VisionRange,1
UNIT_JANISSARY_C1,16,kv,EnableAdvance,ADVANCE_TACTICS_II
UNIT_JANISSARY_C1,17,kv,ActiveDefenseRange,0
UNIT_JANISSARY_C1,18,flag,LossMoveToDmgNone,
UNIT_JANISSARY_C1,19,kv,MaxFuel,0
UNIT_JANISSARY_C1,20,flag,CanEntrench,
UNIT_JANISSARY_C1,21,flag,NoZoc,
UNIT_JANISSARY_C1,22,flag,CanExpel,
UNIT_JANISSARY_C1,23,flag,CanPillage,
UNIT_JANISSARY_C1,24,flag,CanPirate,
UNIT_JANISSARY_C1,25,flag,ExertsMartialLaw,
UNIT_JANISSARY_C1,26,flag,DeathEffectsHappy,
UNIT_JANISSARY_C1,27,flag,BonusAgainstMounted,
UNIT_JANISSARY_C1,28,kv,MountedBonus,0.35
UNIT_JANISSARY_C1,29,flag,OnlyBuildOne,
UNIT_JANISSARY_C1,30,kv,SoundSelect1,SOUND_SELECT1_PIKEMEN
UNIT_JANISSARY_C1,31,kv,SoundSelect2,SOUND_SELECT2_PIKEMEN
UNIT_JANISSARY_C1,32,kv,SoundMove,SOUND_MOVE_PIKEMEN
UNIT_JANISSARY_C1,33,kv,SoundAcknowledge,SOUND_ACKNOWLEDGE_PIKEMEN
UNIT_JANISSARY_C1,34,kv,SoundCantMove,SOUND_CANTMOVE_PIKEMEN
UNIT_JANISSARY_C1,35,kv,SoundAttack,SOUND_ATTACK_PIKEMEN
UNIT_JANISSARY_C1,36,kv,SoundWork,SOUND_WORK_PIKEMEN
UNIT_JANISSARY_C1,37,kv,SoundVictory,SOUND_VICTORY_PIKEMEN
UNIT_JANISSARY_C1,38,kv,SoundDeath,SOUND_DEATH_PIKEMEN
UNIT_JANISSARY_C1,39,sublist,CanAttack,Land
UNIT_JANISSARY_C1,40,sublist,CanAttack,Mountain
UNIT_JANISSARY_C1,41,sublist,CanSee,Standard
UNIT_JANISSARY_C1,42,sublist,MovementType,Land
UNIT_JANISSARY_C1,43,sublist,MovementType,Mountain
UNIT_JANISSARY_C1,44,sublist,Size,Small
UNIT_JANISSARY_C1,45,sublist,VisionClass,Standard
UNIT_JANISSARY_C1,46,nested,CanReform,"[{""t"": ""kv"", ""k"": ""Sound"", ""v"": ""SOUND_ID_REFORM_CITY""}, {""t"": ""kv"", ""k"": ""Effect"", ""v"": ""SPECEFFECT_REFORMCITY""}]"
UNIT_JANISSARY_C2,0,flag,CantBuild,
UNIT_JANISSARY_C2,1,flag,GLHidden,
UNIT_JANISSARY_C2,2,kv,Description,DESCRIPTION_UNIT_SWORDSMAN
UNIT_JANISSARY_C2,3,kv,DefaultIcon,ICON_UNIT_JANISSARY_C2
UNIT_JANISSARY_C2,4,kv,DefaultSprite,SPRITE_JANISSARY_C2
UNIT_JANISSARY_C2,5,kv,Category,UNIT_CATEGORY_ATTACK
UNIT_JANISSARY_C2,6,kv,Attack,35
UNIT_JANISSARY_C2,7,kv,Defense,40
UNIT_JANISSARY_C2,8,kv,ZBRangeAttack,0
UNIT_JANISSARY_C2,9,kv,Firepower,2
UNIT_JANISSARY_C2,10,kv,Armor,1
UNIT_JANISSARY_C2,11,kv,MaxHP,17
UNIT_JANISSARY_C2,12,kv,ShieldCost,900
UNIT_JANISSARY_C2,13,kv,PowerPoints,400
UNIT_JANISSARY_C2,14,kv,ShieldHunger,4
UNIT_JANISSARY_C2,15,kv,FoodHunger,0
UNIT_JANISSARY_C2,16,kv,MaxMovePoints,100
UNIT_JANISSARY_C2,17,kv,VisionRange,1
UNIT_JANISSARY_C2,18,kv,EnableAdvance,ADVANCE_HEXTAPUL
UNIT_JANISSARY_C2,19,kv,ActiveDefenseRange,0
UNIT_JANISSARY_C2,20,flag,LossMoveToDmgNone,
UNIT_JANISSARY_C2,21,kv,MaxFuel,0
UNIT_JANISSARY_C2,22,flag,CanEntrench,
UNIT_JANISSARY_C2,23,flag,NoZoc,
UNIT_JANISSARY_C2,24,flag,CanExpel,
UNIT_JANISSARY_C2,25,flag,CanPillage,
UNIT_JANISSARY_C2,26,flag,CanPirate,
UNIT_JANISSARY_C2,27,flag,ExertsMartialLaw,
UNIT_JANISSARY_C2,28,flag,DeathEffectsHappy,
UNIT_JANISSARY_C2,29,flag,BonusAgainstMounted,
UNIT_JANISSARY_C2,30,kv,MountedBonus,0.25
UNIT_JANISSARY_C2,31,flag,OnlyBuildOne,
UNIT_JANISSARY_C2,32,kv,SoundSelect1,SOUND_SELECT1_PIKEMEN
UNIT_JANISSARY_C2,33,kv,SoundSelect2,SOUND_SELECT2_PIKEMEN
UNIT_JANISSARY_C2,34,kv,SoundMove,SOUND_MOVE_PIKEMEN
UNIT_JANISSARY_C2,35,kv,SoundAcknowledge,SOUND_ACKNOWLEDGE_PIKEMEN
UNIT_JANISSARY_C2,36,kv,SoundCantMove,SOUND_CANTMOVE_PIKEMEN
UNIT_JANISSARY_C2,37,kv,SoundAttack,SOUND_ATTACK_PIKEMEN
UNIT_JANISSARY_C2,38,kv,SoundWork,SOUND_WORK_PIKEMEN
UNIT_JANISSARY_C2,39,kv,SoundVictory,SOUND_VICTORY_PIKEMEN
UNIT_JANISSARY_C2,40,kv,SoundDeath,SOUND_DEATH_PIKEMEN
UNIT_JANISSARY_C2,41,sublist,CanAttack,Land
UNIT_JANISSARY_C2,42,sublist,CanAttack,Mountain
UNIT_JANISSARY_C2,43,sublist,CanSee,Standard
UNIT_JANISSARY_C2,44,sublist,MovementType,Land
UNIT_JANISSARY_C2,45,sublist,MovementType,Mountain
UNIT_JANISSARY_C2,46,sublist,Size,Small
UNIT_JANISSARY_C2,47,sublist,VisionClass,Standard
UNIT_JANISSARY_C2,48,nested,CanReform,"[{""t"": ""kv"", ""k"": ""Sound"", ""v"": ""SOUND_ID_REFORM_CITY""}, {""t"": ""kv"", ""k"": ""Effect"", ""v"": ""SPECEFFECT_REFORMCITY""}]"
UNIT_JAVELIN_CAVALRY_M,0,flag,CantBuild,
UNIT_JAVELIN_CAVALRY_M,1,flag,GLHidden,
UNIT_JAVELIN_CAVALRY_M,2,kv,Description,DESCRIPTION_UNIT_MOUNTED_ARCHER
UNIT_JAVELIN_CAVALRY_M,3,kv,DefaultIcon,ICON_UNIT_JAVELIN_CAVALRY_M
UNIT_JAVELIN_CAVALRY_M,4,kv,DefaultSprite,SPRITE_JAVELIN_CAVALRY_M
UNIT_JAVELIN_CAVALRY_M,5,kv,Category,UNIT_CATEGORY_FLANKER
UNIT_JAVELIN_CAVALRY_M,6,kv,Attack,35
UNIT_JAVELIN_CAVALRY_M,7,kv,Defense,40
UNIT_JAVELIN_CAVALRY_M,8,kv,ZBRangeAttack,0
UNIT_JAVELIN_CAVALRY_M,9,kv,Firepower,2
UNIT_JAVELIN_CAVALRY_M,10,kv,Armor,1
UNIT_JAVELIN_CAVALRY_M,11,kv,MaxHP,17
UNIT_JAVELIN_CAVALRY_M,12,kv,ShieldCost,900
UNIT_JAVELIN_CAVALRY_M,13,kv,PowerPoints,400
UNIT_JAVELIN_CAVALRY_M,14,kv,ShieldHunger,4
UNIT_JAVELIN_CAVALRY_M,15,kv,FoodHunger,0
UNIT_JAVELIN_CAVALRY_M,16,kv,MaxMovePoints,100
UNIT_JAVELIN_CAVALRY_M,17,kv,VisionRange,1
UNIT_JAVELIN_CAVALRY_M,18,kv,EnableAdvance,ADVANCE_HEXTAPUL
UNIT_JAVELIN_CAVALRY_M,19,kv,ActiveDefenseRange,0
UNIT_JAVELIN_CAVALRY_M,20,flag,LossMoveToDmgNone,
UNIT_JAVELIN_CAVALRY_M,21,kv,MaxFuel,0
UNIT_JAVELIN_CAVALRY_M,22,flag,CanEntrench,
UNIT_JAVELIN_CAVALRY_M,23,flag,NoZoc,
UNIT_JAVELIN_CAVALRY_M,24,flag,CanExpel,
UNIT_JAVELIN_CAVALRY_M,25,flag,CanPillage,
UNIT_JAVELIN_CAVALRY_M,26,flag,CanPirate,
UNIT_JAVELIN_CAVALRY_M,27,flag,ExertsMartialLaw,
UNIT_JAVELIN_CAVALRY_M,28,flag,DeathEffectsHappy,
UNIT_JAVELIN_CAVALRY_M,29,flag,BonusAgainstMounted,
UNIT_JAVELIN_CAVALRY_M,30,kv,MountedBonus,0.25
UNIT_JAVELIN_CAVALRY_M,31,flag,OnlyBuildOne,
UNIT_JAVELIN_CAVALRY_M,32,kv,SoundSelect1,SOUND_SELECT1_PIKEMEN
UNIT_JAVELIN_CAVALRY_M,33,kv,SoundSelect2,SOUND_SELECT2_PIKEMEN
UNIT_JAVELIN_CAVALRY_M,34,kv,SoundMove,SOUND_MOVE_PIKEMEN
UNIT_JAVELIN_CAVALRY_M,35,kv,SoundAcknowledge,SOUND_ACKNOWLEDGE_PIKEMEN
UNIT_JAVELIN_CAVALRY_M,36,kv,SoundCantMove,SOUND_CANTMOVE_PIKEMEN
UNIT_JAVELIN_CAVALRY_M,37,kv,SoundAttack,SOUND_ATTACK_PIKEMEN
UNIT_JAVELIN_CAVALRY_M,38,kv,SoundWork,SOUND_WORK_PIKEMEN
UNIT_JAVELIN_CAVALRY_M,39,kv,SoundVictory,SOUND_VICTORY_PIKEMEN
UNIT_JAVELIN_CAVALRY_M,40,kv,SoundDeath,SOUND_DEATH_PIKEMEN
UNIT_JAVELIN_CAVALRY_M,41,sublist,CanAttack,Land
UNIT_JAVELIN_CAVALRY_M,42,sublist,CanAttack,Mountain
UNIT_JAVELIN_CAVALRY_M,43,sublist,CanSee,Standard
UNIT_JAVELIN_CAVALRY_M,44,sublist,MovementType,Land
UNIT_JAVELIN_CAVALRY_M,45,sublist,MovementType,Mountain
UNIT_JAVELIN_CAVALRY_M,46,sublist,Size,Small
UNIT_JAVELIN_CAVALRY_M,47,sublist,VisionClass,Standard
UNIT_JAVELIN_CAVALRY_M,48,nested,CanReform,"[{""t"": ""kv"", ""k"": ""Sound"", ""v"": ""SOUND_ID_REFORM_CITY""}, {""t"": ""kv"", ""k"": ""Effect"", ""v"": ""SPECEFFECT_REFORMCITY""}]"
UNIT_KNIGHT_C1,0,kv,Description,DESCRIPTION_UNIT_KNIGHT
UNIT_KNIGHT_C1,1,kv,DefaultIcon,ICON_UNIT_KNIGHT_C1
UNIT_KNIGHT_C1,2,kv,DefaultSprite,SPRITE_KNIGHT_C1
UNIT_KNIGHT_C1,3,kv,Category,UNIT_CATEGORY_FLANKER
UNIT_KNIGHT_C1,4,kv,Attack,40
UNIT_KNIGHT_C1,5,kv,Defense,40
UNIT_KNIGHT_C1,6,kv,ZBRangeAttack,20
UNIT_KNIGHT_C1,7,kv,Firepower,2
UNIT_KNIGHT_C1,8,kv,Armor,1
UNIT_KNIGHT_C1,9,kv,MaxHP,15
UNIT_KNIGHT_C1,10,kv,ShieldCost,900
UNIT_KNIGHT_C1,11,kv,PowerPoints,400
UNIT_KNIGHT_C1,12,kv,ShieldHunger,4
UNIT_KNIGHT_C1,13,kv,FoodHunger,0
UNIT_KNIGHT_C1,14,kv,MaxMovePoints,300
UNIT_KNIGHT_C1,15,kv,VisionRange,2
UNIT_KNIGHT_C1,16,kv,EnableAdvance,ADVANCE_FLANKING_II
UNIT_KNIGHT_C1,17,kv,BombRounds,3
UNIT_KNIGHT_C1,18,kv,BombardRange,1
UNIT_KNIGHT_C1,19,flag,CanCounterBombard,
UNIT_KNIGHT_C1,20,kv,ActiveDefenseRange,0
UNIT_KNIGHT_C1,21,flag,LossMoveToDmgNone,
UNIT_KNIGHT_C1,22,kv,MaxFuel,0
UNIT_KNIGHT_C1,23,flag,CanEntrench,
UNIT_KNIGHT_C1,24,flag,NoZoc,
UNIT_KNIGHT_C1,25,flag,CanExpel,
UNIT_KNIGHT_C1,26,flag,CanPillage,
UNIT_KNIGHT_C1,27,flag,CanPirate,
UNIT_KNIGHT_C1,28,flag,IsFlanker,
UNIT_KNIGHT_C1,29,flag,IsMounted,
UNIT_KNIGHT_C1,30,flag,BonusAgainstMounted,
UNIT_KNIGHT_C1,31,kv,MountedBonus,0.10
UNIT_KNIGHT_C1,32,flag,ExertsMartialLaw,
UNIT_KNIGHT_C1,33,flag,DeathEffectsHappy,
UNIT_KNIGHT_C1,34,flag,OnlyBuildOne,
UNIT_KNIGHT_C1,35,kv,SoundSelect1,SOUND_SELECT1_KNIGHT
UNIT_KNIGHT_C1,36,kv,SoundSelect2,SOUND_SELECT2_KNIGHT
UNIT_KNIGHT_C1,37,kv,SoundMove,SOUND_MOVE_KNIGHT
UNIT_KNIGHT_C1,38,kv,SoundAcknowledge,SOUND_ACKNOWLEDGE_KNIGHT
UNIT_KNIGHT_C1,39,kv,SoundCantMove,SOUND_CANTMOVE_KNIGHT
UNIT_KNIGHT_C1,40,kv,SoundAttack,SOUND_ATTACK_KNIGHT
UNIT_KNIGHT_C1,41,kv,SoundWork,SOUND_WORK_KNIGHT
UNIT_KNIGHT_C1,42,kv,SoundVictory,SOUND_VICTORY_KNIGHT
UNIT_KNIGHT_C1,43,kv,SoundDeath,SOUND_DEATH_KNIGHT
UNIT_KNIGHT_C1,44,sublist,CanAttack,Land
UNIT_KNIGHT_C1,45,sublist,CanSee,Standard
UNIT_KNIGHT_C1,46,sublist,MovementType,Land
UNIT_KNIGHT_C1,47,sublist,Size,Medium
UNIT_KNIGHT_C1,48,sublist,VisionClass,Standard
UNIT_KNIGHT_C1,49,nested,CanReform,"[{""t"": ""kv"", ""k"": ""Sound"", ""v"": ""SOUND_ID_REFORM_CITY""}, {""t"": ""kv"", ""k"": ""Effect"", ""v"": ""SPECEFFECT_REFORMCITY""}]"
UNIT_KNIGHT_C2,0,kv,Description,DESCRIPTION_UNIT_KNIGHT
UNIT_KNIGHT_C2,1,kv,DefaultIcon,ICON_UNIT_KNIGHT_C2
UNIT_KNIGHT_C2,2,kv,DefaultSprite,SPRITE_KNIGHT_C2
UNIT_KNIGHT_C2,3,kv,Category,UNIT_CATEGORY_ATTACK
UNIT_KNIGHT_C2,4,kv,Attack,45
UNIT_KNIGHT_C2,5,kv,Defense,40
UNIT_KNIGHT_C2,6,kv,ZBRangeAttack,20
UNIT_KNIGHT_C2,7,kv,Firepower,2
UNIT_KNIGHT_C2,8,kv,Armor,1
UNIT_KNIGHT_C2,9,kv,MaxHP,17
UNIT_KNIGHT_C2,10,kv,ShieldCost,1000
UNIT_KNIGHT_C2,11,kv,PowerPoints,400
UNIT_KNIGHT_C2,12,kv,ShieldHunger,6
UNIT_KNIGHT_C2,13,kv,FoodHunger,0
UNIT_KNIGHT_C2,14,kv,MaxMovePoints,400
UNIT_KNIGHT_C2,15,kv,VisionRange,3
UNIT_KNIGHT_C2,16,kv,EnableAdvance,ADVANCE_FLANKING_III
UNIT_KNIGHT_C2,17,kv,BombRounds,3
UNIT_KNIGHT_C2,18,kv,BombardRange,1
UNIT_KNIGHT_C2,19,flag,CanCounterBombard,
UNIT_KNIGHT_C2,20,kv,ActiveDefenseRange,0
UNIT_KNIGHT_C2,21,flag,LossMoveToDmgNone,
UNIT_KNIGHT_C2,22,kv,MaxFuel,0
UNIT_KNIGHT_C2,23,flag,CanEntrench,
UNIT_KNIGHT_C2,24,flag,NoZoc,
UNIT_KNIGHT_C2,25,flag,CanExpel,
UNIT_KNIGHT_C2,26,flag,CanPillage,
UNIT_KNIGHT_C2,27,flag,CanPirate,
UNIT_KNIGHT_C2,28,flag,IsMounted,
UNIT_KNIGHT_C2,29,flag,BonusAgainstMounted,
UNIT_KNIGHT_C2,30,kv,MountedBonus,0.10
UNIT_KNIGHT_C2,31,flag,ExertsMartialLaw,
UNIT_KNIGHT_C2,32,flag,DeathEffectsHappy,
UNIT_KNIGHT_C2,33,flag,OnlyBuildOne,
UNIT_KNIGHT_C2,34,kv,SoundSelect1,SOUND_SELECT1_KNIGHT
UNIT_KNIGHT_C2,35,kv,SoundSelect2,SOUND_SELECT2_KNIGHT
UNIT_KNIGHT_C2,36,kv,SoundMove,SOUND_MOVE_KNIGHT
UNIT_KNIGHT_C2,37,kv,SoundAcknowledge,SOUND_ACKNOWLEDGE_KNIGHT
UNIT_KNIGHT_C2,38,kv,SoundCantMove,SOUND_CANTMOVE_KNIGHT
UNIT_KNIGHT_C2,39,kv,SoundAttack,SOUND_ATTACK_KNIGHT
UNIT_KNIGHT_C2,40,kv,SoundWork,SOUND_WORK_KNIGHT
UNIT_KNIGHT_C2,41,kv,SoundVictory,SOUND_VICTORY_KNIGHT
UNIT_KNIGHT_C2,42,kv,SoundDeath,SOUND_DEATH_KNIGHT
UNIT_KNIGHT_C2,43,sublist,CanAttack,Land
UNIT_KNIGHT_C2,44,sublist,CanSee,Standard
UNIT_KNIGHT_C2,45,sublist,MovementType,Land
UNIT_KNIGHT_C2,46,sublist,Size,Medium
UNIT_KNIGHT_C2,47,sublist,VisionClass,Standard
UNIT_KNIGHT_C2,48,nested,CanReform,"[{""t"": ""kv"", ""k"": ""Sound"", ""v"": ""SOUND_ID_REFORM_CITY""}, {""t"": ""kv"", ""k"": ""Effect"", ""v"": ""SPECEFFECT_REFORMCITY""}]"
UNIT_KNIGHT_M,0,kv,Description,DESCRIPTION_UNIT_KNIGHT
UNIT_KNIGHT_M,1,kv,DefaultIcon,ICON_UNIT_KNIGHT_M
UNIT_KNIGHT_M,2,kv,DefaultSprite,SPRITE_KNIGHT_M
UNIT_KNIGHT_M,3,kv,Category,UNIT_CATEGORY_FLANKER
UNIT_KNIGHT_M,4,kv,Attack,40
UNIT_KNIGHT_M,5,kv,Defense,40
UNIT_KNIGHT_M,6,kv,ZBRangeAttack,10
UNIT_KNIGHT_M,7,kv,Firepower,1
UNIT_KNIGHT_M,8,kv,Armor,1
UNIT_KNIGHT_M,9,kv,MaxHP,15
UNIT_KNIGHT_M,10,kv,ShieldCost,900
UNIT_KNIGHT_M,11,kv,PowerPoints,200
UNIT_KNIGHT_M,12,kv,ShieldHunger,4
UNIT_KNIGHT_M,13,kv,FoodHunger,0
UNIT_KNIGHT_M,14,kv,MaxMovePoints,300
UNIT_KNIGHT_M,15,kv,VisionRange,2
UNIT_KNIGHT_M,16,kv,EnableAdvance,ADVANCE_SONG
UNIT_KNIGHT_M,17,kv,BombRounds,3
UNIT_KNIGHT_M,18,kv,BombardRange,1
UNIT_KNIGHT_M,19,flag,CanCounterBombard,
UNIT_KNIGHT_M,20,kv,ActiveDefenseRange,0
UNIT_KNIGHT_M,21,flag,LossMoveToDmgNone,
UNIT_KNIGHT_M,22,kv,MaxFuel,0
UNIT_KNIGHT_M,23,flag,CanEntrench,
UNIT_KNIGHT_M,24,flag,NoZoc,
UNIT_KNIGHT_M,25,flag,CanExpel,
UNIT_KNIGHT_M,26,flag,CanPillage,
UNIT_KNIGHT_M,27,flag,CanPirate,
UNIT_KNIGHT_M,28,flag,IsFlanker,
UNIT_KNIGHT_M,29,flag,ExertsMartialLaw,
UNIT_KNIGHT_M,30,flag,DeathEffectsHappy,
UNIT_KNIGHT_M,31,flag,OnlyBuildOne,
UNIT_KNIGHT_M,32,kv,SoundSelect1,SOUND_SELECT1_KNIGHT
UNIT_KNIGHT_M,33,kv,SoundSelect2,SOUND_SELECT2_KNIGHT
UNIT_KNIGHT_M,34,kv,SoundMove,SOUND_MOVE_KNIGHT
UNIT_KNIGHT_M,35,kv,SoundAcknowledge,SOUND_ACKNOWLEDGE_KNIGHT
UNIT_KNIGHT_M,36,kv,SoundCantMove,SOUND_CANTMOVE_KNIGHT
UNIT_KNIGHT_M,37,kv,SoundAttack,SOUND_ATTACK_KNIGHT
UNIT_KNIGHT_M,38,kv,SoundWork,SOUND_WORK_KNIGHT
UNIT_KNIGHT_M,39,kv,SoundVictory,SOUND_VICTORY_KNIGHT
UNIT_KNIGHT_M,40,kv,SoundDeath,SOUND_DEATH_KNIGHT
UNIT_KNIGHT_M,41,sublist,CanAttack,Land
UNIT_KNIGHT_M,42,sublist,CanSee,Standard
UNIT_KNIGHT_M,43,sublist,MovementType,Land
UNIT_KNIGHT_M,44,sublist,Size,Medium
UNIT_KNIGHT_M,45,sublist,VisionClass,Standard
UNIT_KNIGHT_M,46,nested,CanReform,"[{""t"": ""kv"", ""k"": ""Sound"", ""v"": ""SOUND_ID_REFORM_CITY""}, {""t"": ""kv"", ""k"": ""Effect"", ""v"": ""SPECEFFECT_REFORMCITY""}]"
UNIT_LEGION_C1,0,kv,Description,DESCRIPTION_UNIT_KNIGHT
UNIT_LEGION_C1,1,kv,DefaultIcon,ICON_UNIT_LEGION_C1
UNIT_LEGION_C1,2,kv,DefaultSprite,SPRITE_LEGION_C1
UNIT_LEGION_C1,3,kv,Category,UNIT_CATEGORY_ATTACK
UNIT_LEGION_C1,4,kv,Attack,35
UNIT_LEGION_C1,5,kv,Defense,40
UNIT_LEGION_C1,6,kv,ZBRangeAttack,0
UNIT_LEGION_C1,7,kv,Firepower,2
UNIT_LEGION_C1,8,kv,Armor,1
UNIT_LEGION_C1,9,kv,MaxHP,17
UNIT_LEGION_C1,10,kv,ShieldCost,900
UNIT_LEGION_C1,11,kv,PowerPoints,400
UNIT_LEGION_C1,12,kv,ShieldHunger,4
UNIT_LEGION_C1,13,kv,FoodHunger,0
UNIT_LEGION_C1,14,kv,MaxMovePoints,100
UNIT_LEGION_C1,15,kv,VisionRange,1
UNIT_LEGION_C1,16,kv,EnableAdvance,ADVANCE_SHANG
UNIT_LEGION_C1,17,kv,ActiveDefenseRange,0
UNIT_LEGION_C1,18,flag,LossMoveToDmgNone,
UNIT_LEGION_C1,19,kv,MaxFuel,0
UNIT_LEGION_C1,20,flag,CanEntrench,
UNIT_LEGION_C1,21,flag,NoZoc,
UNIT_LEGION_C1,22,flag,CanExpel,
UNIT_LEGION_C1,23,flag,CanPillage,
UNIT_LEGION_C1,24,flag,CanPirate,
UNIT_LEGION_C1,25,flag,ExertsMartialLaw,
UNIT_LEGION_C1,26,flag,DeathEffectsHappy,
UNIT_LEGION_C1,27,flag,BonusAgainstMounted,
UNIT_LEGION_C1,28,kv,MountedBonus,0.25
UNIT_LEGION_C1,29,flag,OnlyBuildOne,
UNIT_LEGION_C1,30,kv,SoundSelect1,SOUND_SELECT1_PIKEMEN
UNIT_LEGION_C1,31,kv,SoundSelect2,SOUND_SELECT2_PIKEMEN
UNIT_LEGION_C1,32,kv,SoundMove,SOUND_MOVE_PIKEMEN
UNIT_LEGION_C1,33,kv,SoundAcknowledge,SOUND_ACKNOWLEDGE_PIKEMEN
UNIT_LEGION_C1,34,kv,SoundCantMove,SOUND_CANTMOVE_PIKEMEN
UNIT_LEGION_C1,35,kv,SoundAttack,SOUND_ATTACK_PIKEMEN
UNIT_LEGION_C1,36,kv,SoundWork,SOUND_WORK_PIKEMEN
UNIT_LEGION_C1,37,kv,SoundVictory,SOUND_VICTORY_PIKEMEN
UNIT_LEGION_C1,38,kv,SoundDeath,SOUND_DEATH_PIKEMEN
UNIT_LEGION_C1,39,sublist,CanAttack,Land
UNIT_LEGION_C1,40,sublist,CanAttack,Mountain
UNIT_LEGION_C1,41,sublist,CanSee,Standard
UNIT_LEGION_C1,42,sublist,MovementType,Land
UNIT_LEGION_C1,43,sublist,MovementType,Mountain
UNIT_LEGION_C1,44,sublist,Size,Small
UNIT_LEGION_C1,45,sublist,VisionClass,Standard
UNIT_LEGION_C1,46,nested,CanReform,"[{""t"": ""kv"", ""k"": ""Sound"", ""v"": ""SOUND_ID_REFORM_CITY""}, {""t"": ""kv"", ""k"": ""Effect"", ""v"": ""SPECEFFECT_REFORMCITY""}]"
UNIT_LONGSHIP_C1,0,kv,Description,DESCRIPTION_UNIT_LONGSHIP
UNIT_LONGSHIP_C1,1,kv,DefaultIcon,ICON_UNIT_LONGSHIP_C1
UNIT_LONGSHIP_C1,2,kv,DefaultSprite,SPRITE_LONGSHIP_C1
UNIT_LONGSHIP_C1,3,kv,Category,UNIT_CATEGORY_NAVAL
UNIT_LONGSHIP_C1,4,kv,Attack,20
UNIT_LONGSHIP_C1,5,kv,Defense,10
UNIT_LONGSHIP_C1,6,kv,ZBRangeAttack,0
UNIT_LONGSHIP_C1,7,kv,Firepower,1
UNIT_LONGSHIP_C1,8,kv,Armor,1
UNIT_LONGSHIP_C1,9,kv,MaxHP,10
UNIT_LONGSHIP_C1,10,kv,ShieldCost,650
UNIT_LONGSHIP_C1,11,kv,PowerPoints,300
UNIT_LONGSHIP_C1,12,kv,ShieldHunger,6
UNIT_LONGSHIP_C1,13,kv,FoodHunger,0
UNIT_LONGSHIP_C1,14,kv,MaxMovePoints,1000
UNIT_LONGSHIP_C1,15,kv,VisionRange,2
UNIT_LONGSHIP_C1,16,kv,EnableAdvance,ADVANCE_INDONESIA
UNIT_LONGSHIP_C1,17,kv,ActiveDefenseRange,0
UNIT_LONGSHIP_C1,18,flag,LossMoveToDmgNone,
UNIT_LONGSHIP_C1,19,kv,MaxFuel,0
UNIT_LONGSHIP_C1,20,flag,NoZoc,
UNIT_LONGSHIP_C1,21,flag,CanBeachAssault,
UNIT_LONGSHIP_C1,22,flag,DeathEffectsHappy,
UNIT_LONGSHIP_C1,23,flag,WoodenShip,
UNIT_LONGSHIP_C1,24,flag,OnlyBuildOne,
UNIT_LONGSHIP_C1,25,kv,SoundSelect1,SOUND_SELECT1_LONGSHIP
UNIT_LONGSHIP_C1,26,kv,SoundSelect2,SOUND_SELECT2_LONGSHIP
UNIT_LONGSHIP_C1,27,kv,SoundMove,SOUND_MOVE_LONGSHIP
UNIT_LONGSHIP_C1,28,kv,SoundAcknowledge,SOUND_ACKNOWLEDGE_LONGSHIP
UNIT_LONGSHIP_C1,29,kv,SoundCantMove,SOUND_CANTMOVE_LONGSHIP
UNIT_LONGSHIP_C1,30,kv,SoundAttack,SOUND_ATTACK_LONGSHIP
UNIT_LONGSHIP_C1,31,kv,SoundWork,SOUND_WORK_LONGSHIP
UNIT_LONGSHIP_C1,32,kv,SoundVictory,SOUND_VICTORY_LONGSHIP
UNIT_LONGSHIP_C1,33,kv,SoundDeath,SOUND_DEATH_LONGSHIP
UNIT_LONGSHIP_C1,34,sublist,CanCarry,SmallLand
UNIT_LONGSHIP_C1,35,sublist,CanCarry,MedLand
UNIT_LONGSHIP_C1,36,sublist,CanAttack,Sea
UNIT_LONGSHIP_C1,37,sublist,CanAttack,ShallowWater
UNIT_LONGSHIP_C1,38,sublist,CanAttack,Land
UNIT_LONGSHIP_C1,39,sublist,CanBombard,Land
UNIT_LONGSHIP_C1,40,sublist,CanBombard,Water
UNIT_LONGSHIP_C1,41,sublist,CanSee,Standard
UNIT_LONGSHIP_C1,42,sublist,MovementType,Sea
UNIT_LONGSHIP_C1,43,sublist,MovementType,ShallowWater
UNIT_LONGSHIP_C1,44,sublist,Size,Large
UNIT_LONGSHIP_C1,45,sublist,VisionClass,Stealth
UNIT_LONGSHIP_C1,46,nested,CargoData,"[{""t"": ""kv"", ""k"": ""MaxCargo"", ""v"": ""2""}, {""t"": ""kv"", ""k"": ""Load"", ""v"": ""SOUND_ID_LONGSHIP_LOAD""}, {""t"": ""kv"", ""k"": ""Unload"", ""v"": ""SOUND_ID_LONGSHIP_UNLOAD""}]"
UNIT_LONGSHIP_C1,47,nested,CanReform,"[{""t"": ""kv"", ""k"": ""Sound"", ""v"": ""SOUND_ID_REFORM_CITY""}, {""t"": ""kv"", ""k"": ""Effect"", ""v"": ""SPECEFFECT_REFORMCITY""}]"
UNIT_MAN_AT_ARMS_C1,0,flag,CantBuild,
UNIT_MAN_AT_ARMS_C1,1,flag,GLHidden,
UNIT_MAN_AT_ARMS_C1,2,kv,Description,DESCRIPTION_UNIT_PIKEMEN
UNIT_MAN_AT_ARMS_C1,3,kv,DefaultIcon,ICON_UNIT_MAN_AT_ARMS_C1
UNIT_MAN_AT_ARMS_C1,4,kv,DefaultSprite,SPRITE_MAN_AT_ARMS_C1
UNIT_MAN_AT_ARMS_C1,5,kv,Category,UNIT_CATEGORY_DEFENSE
UNIT_MAN_AT_ARMS_C1,6,kv,Attack,35
UNIT_MAN_AT_ARMS_C1,7,kv,Defense,40
UNIT_MAN_AT_ARMS_C1,8,kv,ZBRangeAttack,0
UNIT_MAN_AT_ARMS_C1,9,kv,Firepower,2
UNIT_MAN_AT_ARMS_C1,10,kv,Armor,1
UNIT_MAN_AT_ARMS_C1,11,kv,MaxHP,17
UNIT_MAN_AT_ARMS_C1,12,kv,ShieldCost,900
UNIT_MAN_AT_ARMS_C1,13,kv,PowerPoints,400
UNIT_MAN_AT_ARMS_C1,14,kv,ShieldHunger,4
UNIT_MAN_AT_ARMS_C1,15,kv,FoodHunger,0
UNIT_MAN_AT_ARMS_C1,16,kv,MaxMovePoints,100
UNIT_MAN_AT_ARMS_C1,17,kv,VisionRange,1
UNIT_MAN_AT_ARMS_C1,18,kv,EnableAdvance,ADVANCE_HEXTAPUL
UNIT_MAN_AT_ARMS_C1,19,kv,ActiveDefenseRange,0
UNIT_MAN_AT_ARMS_C1,20,flag,LossMoveToDmgNone,
UNIT_MAN_AT_ARMS_C1,21,kv,MaxFuel,0
UNIT_MAN_AT_ARMS_C1,22,flag,CanEntrench,
UNIT_MAN_AT_ARMS_C1,23,flag,NoZoc,
UNIT_MAN_AT_ARMS_C1,24,flag,CanExpel,
UNIT_MAN_AT_ARMS_C1,25,flag,CanPillage,
UNIT_MAN_AT_ARMS_C1,26,flag,CanPirate,
UNIT_MAN_AT_ARMS_C1,27,flag,ExertsMartialLaw,
UNIT_MAN_AT_ARMS_C1,28,flag,DeathEffectsHappy,
UNIT_MAN_AT_ARMS_C1,29,flag,BonusAgainstMounted,
UNIT_MAN_AT_ARMS_C1,30,kv,MountedBonus,0.25
UNIT_MAN_AT_ARMS_C1,31,flag,OnlyBuildOne,
UNIT_MAN_AT_ARMS_C1,32,kv,SoundSelect1,SOUND_SELECT1_PIKEMEN
UNIT_MAN_AT_ARMS_C1,33,kv,SoundSelect2,SOUND_SELECT2_PIKEMEN
UNIT_MAN_AT_ARMS_C1,34,kv,SoundMove,SOUND_MOVE_PIKEMEN
UNIT_MAN_AT_ARMS_C1,35,kv,SoundAcknowledge,SOUND_ACKNOWLEDGE_PIKEMEN
UNIT_MAN_AT_ARMS_C1,36,kv,SoundCantMove,SOUND_CANTMOVE_PIKEMEN
UNIT_MAN_AT_ARMS_C1,37,kv,SoundAttack,SOUND_ATTACK_PIKEMEN
UNIT_MAN_AT_ARMS_C1,38,kv,SoundWork,SOUND_WORK_PIKEMEN
UNIT_MAN_AT_ARMS_C1,39,kv,SoundVictory,SOUND_VICTORY_PIKEMEN
UNIT_MAN_AT_ARMS_C1,40,kv,SoundDeath,SOUND_DEATH_PIKEMEN
UNIT_MAN_AT_ARMS_C1,41,sublist,CanAttack,Land
UNIT_MAN_AT_ARMS_C1,42,sublist,CanAttack,Mountain
UNIT_MAN_AT_ARMS_C1,43,sublist,CanSee,Standard
UNIT_MAN_AT_ARMS_C1,44,sublist,MovementType,Land
UNIT_MAN_AT_ARMS_C1,45,sublist,MovementType,Mountain
UNIT_MAN_AT_ARMS_C1,46,sublist,Size,Small
UNIT_MAN_AT_ARMS_C1,47,sublist,VisionClass,Standard
UNIT_MAN_AT_ARMS_C1,48,nested,CanReform,"[{""t"": ""kv"", ""k"": ""Sound"", ""v"": ""SOUND_ID_REFORM_CITY""}, {""t"": ""kv"", ""k"": ""Effect"", ""v"": ""SPECEFFECT_REFORMCITY""}]"
UNIT_MOUNTED_ARCHER_M,0,kv,Description,DESCRIPTION_UNIT_MOUNTED_ARCHER
UNIT_MOUNTED_ARCHER_M,1,kv,DefaultIcon,ICON_UNIT_MOUNTED_ARCHER_M
UNIT_MOUNTED_ARCHER_M,2,kv,DefaultSprite,SPRITE_MOUNTED_ARCHER_M
UNIT_MOUNTED_ARCHER_M,3,kv,Category,UNIT_CATEGORY_RANGED
UNIT_MOUNTED_ARCHER_M,4,kv,Attack,20
UNIT_MOUNTED_ARCHER_M,5,kv,Defense,20
UNIT_MOUNTED_ARCHER_M,6,kv,ZBRangeAttack,20
UNIT_MOUNTED_ARCHER_M,7,kv,Firepower,2
UNIT_MOUNTED_ARCHER_M,8,kv,Armor,1
UNIT_MOUNTED_ARCHER_M,9,kv,MaxHP,10
UNIT_MOUNTED_ARCHER_M,10,kv,ShieldCost,900
UNIT_MOUNTED_ARCHER_M,11,kv,PowerPoints,200
UNIT_MOUNTED_ARCHER_M,12,kv,ShieldHunger,4
UNIT_MOUNTED_ARCHER_M,13,kv,FoodHunger,0
UNIT_MOUNTED_ARCHER_M,14,kv,MaxMovePoints,500
UNIT_MOUNTED_ARCHER_M,15,kv,VisionRange,3
UNIT_MOUNTED_ARCHER_M,16,kv,EnableAdvance,ADVANCE_PERSIA
UNIT_MOUNTED_ARCHER_M,17,kv,BombRounds,3
UNIT_MOUNTED_ARCHER_M,18,kv,BombardRange,1
UNIT_MOUNTED_ARCHER_M,19,flag,CanCounterBombard,
UNIT_MOUNTED_ARCHER_M,20,kv,ActiveDefenseRange,0
UNIT_MOUNTED_ARCHER_M,21,flag,LossMoveToDmgNone,
UNIT_MOUNTED_ARCHER_M,22,kv,MaxFuel,0
UNIT_MOUNTED_ARCHER_M,23,flag,CanEntrench,
UNIT_MOUNTED_ARCHER_M,24,flag,NoZoc,
UNIT_MOUNTED_ARCHER_M,25,flag,CanExpel,
UNIT_MOUNTED_ARCHER_M,26,flag,CanPillage,
UNIT_MOUNTED_ARCHER_M,27,flag,CanPirate,
UNIT_MOUNTED_ARCHER_M,28,flag,ExertsMartialLaw,
UNIT_MOUNTED_ARCHER_M,29,flag,DeathEffectsHappy,
UNIT_MOUNTED_ARCHER_M,30,flag,OnlyBuildOne,
UNIT_MOUNTED_ARCHER_M,31,kv,SoundSelect1,SOUND_SELECT1_MOUNTED_ARCHER
UNIT_MOUNTED_ARCHER_M,32,kv,SoundSelect2,SOUND_SELECT2_MOUNTED_ARCHER
UNIT_MOUNTED_ARCHER_M,33,kv,SoundMove,SOUND_MOVE_MOUNTED_ARCHER
UNIT_MOUNTED_ARCHER_M,34,kv,SoundAcknowledge,SOUND_ACKNOWLEDGE_MOUNTED_ARCHER
UNIT_MOUNTED_ARCHER_M,35,kv,SoundCantMove,SOUND_CANTMOVE_MOUNTED_ARCHER
UNIT_MOUNTED_ARCHER_M,36,kv,SoundAttack,SOUND_ATTACK_MOUNTED_ARCHER
UNIT_MOUNTED_ARCHER_M,37,kv,SoundWork,SOUND_WORK_MOUNTED_ARCHER
UNIT_MOUNTED_ARCHER_M,38,kv,SoundVictory,SOUND_VICTORY_MOUNTED_ARCHER
UNIT_MOUNTED_ARCHER_M,39,kv,SoundDeath,SOUND_DEATH_MOUNTED_ARCHER
UNIT_MOUNTED_ARCHER_M,40,sublist,CanAttack,Land
UNIT_MOUNTED_ARCHER_M,41,sublist,CanBombard,Land
UNIT_MOUNTED_ARCHER_M,42,sublist,CanSee,Standard
UNIT_MOUNTED_ARCHER_M,43,sublist,CanSee,Stealth
UNIT_MOUNTED_ARCHER_M,44,sublist,MovementType,Land
UNIT_MOUNTED_ARCHER_M,45,sublist,Size,Medium
UNIT_MOUNTED_ARCHER_M,46,sublist,VisionClass,Stealth
UNIT_MOUNTED_ARCHER_M,47,nested,CanReform,"[{""t"": ""kv"", ""k"": ""Sound"", ""v"": ""SOUND_ID_REFORM_CITY""}, {""t"": ""kv"", ""k"": ""Effect"", ""v"": ""SPECEFFECT_REFORMCITY""}]"
UNIT_PIKEMEN_C1,0,kv,Description,DESCRIPTION_UNIT_PIKEMEN
UNIT_PIKEMEN_C1,1,kv,DefaultIcon,ICON_UNIT_PIKEMEN_C1
UNIT_PIKEMEN_C1,2,kv,DefaultSprite,SPRITE_PIKEMEN_C1
UNIT_PIKEMEN_C1,3,kv,Category,UNIT_CATEGORY_ATTACK
UNIT_PIKEMEN_C1,4,kv,Attack,45
UNIT_PIKEMEN_C1,5,kv,Defense,45
UNIT_PIKEMEN_C1,6,kv,ZBRangeAttack,0
UNIT_PIKEMEN_C1,7,kv,Firepower,2
UNIT_PIKEMEN_C1,8,kv,Armor,1
UNIT_PIKEMEN_C1,9,kv,MaxHP,17
UNIT_PIKEMEN_C1,10,kv,ShieldCost,900
UNIT_PIKEMEN_C1,11,kv,PowerPoints,400
UNIT_PIKEMEN_C1,12,kv,ShieldHunger,4
UNIT_PIKEMEN_C1,13,kv,FoodHunger,0
UNIT_PIKEMEN_C1,14,kv,MaxMovePoints,100
UNIT_PIKEMEN_C1,15,kv,VisionRange,1
UNIT_PIKEMEN_C1,16,kv,EnableAdvance,ADVANCE_JAPAN
UNIT_PIKEMEN_C1,17,kv,ActiveDefenseRange,0
UNIT_PIKEMEN_C1,18,flag,LossMoveToDmgNone,
UNIT_PIKEMEN_C1,19,kv,MaxFuel,0
UNIT_PIKEMEN_C1,20,flag,CanEntrench,
UNIT_PIKEMEN_C1,21,flag,NoZoc,
UNIT_PIKEMEN_C1,22,flag,CanExpel,
UNIT_PIKEMEN_C1,23,flag,CanPillage,
UNIT_PIKEMEN_C1,24,flag,CanPirate,
UNIT_PIKEMEN_C1,25,flag,ExertsMartialLaw,
UNIT_PIKEMEN_C1,26,flag,DeathEffectsHappy,
UNIT_PIKEMEN_C1,27,flag,BonusAgainstMounted,
UNIT_PIKEMEN_C1,28,kv,MountedBonus,0.35
UNIT_PIKEMEN_C1,29,flag,OnlyBuildOne,
UNIT_PIKEMEN_C1,30,kv,SoundSelect1,SOUND_SELECT1_PIKEMEN
UNIT_PIKEMEN_C1,31,kv,SoundSelect2,SOUND_SELECT2_PIKEMEN
UNIT_PIKEMEN_C1,32,kv,SoundMove,SOUND_MOVE_PIKEMEN
UNIT_PIKEMEN_C1,33,kv,SoundAcknowledge,SOUND_ACKNOWLEDGE_PIKEMEN
UNIT_PIKEMEN_C1,34,kv,SoundCantMove,SOUND_CANTMOVE_PIKEMEN
UNIT_PIKEMEN_C1,35,kv,SoundAttack,SOUND_ATTACK_PIKEMEN
UNIT_PIKEMEN_C1,36,kv,SoundWork,SOUND_WORK_PIKEMEN
UNIT_PIKEMEN_C1,37,kv,SoundVictory,SOUND_VICTORY_PIKEMEN
UNIT_PIKEMEN_C1,38,kv,SoundDeath,SOUND_DEATH_PIKEMEN
UNIT_PIKEMEN_C1,39,sublist,CanAttack,Land
UNIT_PIKEMEN_C1,40,sublist,CanAttack,Mountain
UNIT_PIKEMEN_C1,41,sublist,CanSee,Standard
UNIT_PIKEMEN_C1,42,sublist,MovementType,Land
UNIT_PIKEMEN_C1,43,sublist,MovementType,Mountain
UNIT_PIKEMEN_C1,44,sublist,Size,Small
UNIT_PIKEMEN_C1,45,sublist,VisionClass,Standard
UNIT_PIKEMEN_C1,46,nested,CanReform,"[{""t"": ""kv"", ""k"": ""Sound"", ""v"": ""SOUND_ID_REFORM_CITY""}, {""t"": ""kv"", ""k"": ""Effect"", ""v"": ""SPECEFFECT_REFORMCITY""}]"
UNIT_RAIDER_C1,0,kv,Description,DESCRIPTION_UNIT_MOUNTED_ARCHER
UNIT_RAIDER_C1,1,kv,DefaultIcon,ICON_UNIT_RAIDER_C1
UNIT_RAIDER_C1,2,kv,DefaultSprite,SPRITE_RAIDER_C1
UNIT_RAIDER_C1,3,kv,Category,UNIT_CATEGORY_RANGED
UNIT_RAIDER_C1,4,kv,Attack,25
UNIT_RAIDER_C1,5,kv,Defense,25
UNIT_RAIDER_C1,6,kv,ZBRangeAttack,20
UNIT_RAIDER_C1,7,kv,Firepower,1
UNIT_RAIDER_C1,8,kv,Armor,1
UNIT_RAIDER_C1,9,kv,MaxHP,15
UNIT_RAIDER_C1,10,kv,ShieldCost,700
UNIT_RAIDER_C1,11,kv,PowerPoints,200
UNIT_RAIDER_C1,12,kv,ShieldHunger,4
UNIT_RAIDER_C1,13,kv,FoodHunger,0
UNIT_RAIDER_C1,14,kv,MaxMovePoints,400
UNIT_RAIDER_C1,15,kv,VisionRange,3
UNIT_RAIDER_C1,16,kv,EnableAdvance,ADVANCE_FLANKING_I
UNIT_RAIDER_C1,17,kv,BombRounds,3
UNIT_RAIDER_C1,18,kv,BombardRange,1
UNIT_RAIDER_C1,19,flag,CanCounterBombard,
UNIT_RAIDER_C1,20,kv,ActiveDefenseRange,0
UNIT_RAIDER_C1,21,flag,LossMoveToDmgNone,
UNIT_RAIDER_C1,22,kv,MaxFuel,0
UNIT_RAIDER_C1,23,flag,CanEntrench,
UNIT_RAIDER_C1,24,flag,NoZoc,
UNIT_RAIDER_C1,25,flag,CanExpel,
UNIT_RAIDER_C1,26,flag,CanPillage,
UNIT_RAIDER_C1,27,flag,CanPirate,
UNIT_RAIDER_C1,28,flag,BonusAgainstMounted,
UNIT_RAIDER_C1,29,kv,MountedBonus,0.10
UNIT_RAIDER_C1,30,flag,ExertsMartialLaw,
UNIT_RAIDER_C1,31,flag,DeathEffectsHappy,
UNIT_RAIDER_C1,32,flag,OnlyBuildOne,
UNIT_RAIDER_C1,33,kv,SoundSelect1,SOUND_SELECT1_MOUNTED_ARCHER
UNIT_RAIDER_C1,34,kv,SoundSelect2,SOUND_SELECT2_MOUNTED_ARCHER
UNIT_RAIDER_C1,35,kv,SoundMove,SOUND_MOVE_MOUNTED_ARCHER
UNIT_RAIDER_C1,36,kv,SoundAcknowledge,SOUND_ACKNOWLEDGE_MOUNTED_ARCHER
UNIT_RAIDER_C1,37,kv,SoundCantMove,SOUND_CANTMOVE_MOUNTED_ARCHER
UNIT_RAIDER_C1,38,kv,SoundAttack,SOUND_ATTACK_MOUNTED_ARCHER
UNIT_RAIDER_C1,39,kv,SoundWork,SOUND_WORK_MOUNTED_ARCHER
UNIT_RAIDER_C1,40,kv,SoundVictory,SOUND_VICTORY_MOUNTED_ARCHER
UNIT_RAIDER_C1,41,kv,SoundDeath,SOUND_DEATH_MOUNTED_ARCHER
UNIT_RAIDER_C1,42,sublist,CanAttack,Land
UNIT_RAIDER_C1,43,sublist,CanBombard,Land
UNIT_RAIDER_C1,44,sublist,CanSee,Standard
UNIT_RAIDER_C1,45,sublist,CanSee,Stealth
UNIT_RAIDER_C1,46,sublist,MovementType,Land
UNIT_RAIDER_C1,47,sublist,Size,Medium
UNIT_RAIDER_C1,48,sublist,VisionClass,Stealth
UNIT_RAIDER_C1,49,nested,CanReform,"[{""t"": ""kv"", ""k"": ""Sound"", ""v"": ""SOUND_ID_REFORM_CITY""}, {""t"": ""kv"", ""k"": ""Effect"", ""v"": ""SPECEFFECT_REFORMCITY""}]"
UNIT_SLINGER_C1,0,flag,CantBuild,
UNIT_SLINGER_C1,1,flag,GLHidden,
UNIT_SLINGER_C1,2,kv,Description,DESCRIPTION_UNIT_ARCHER
UNIT_SLINGER_C1,3,kv,DefaultIcon,ICON_UNIT_SLINGER_C1
UNIT_SLINGER_C1,4,kv,DefaultSprite,SPRITE_SLINGER_C1
UNIT_SLINGER_C1,5,kv,Category,UNIT_CATEGORY_RANGED
UNIT_SLINGER_C1,6,kv,Attack,10
UNIT_SLINGER_C1,7,kv,Defense,10
UNIT_SLINGER_C1,8,kv,ZBRangeAttack,35
UNIT_SLINGER_C1,9,kv,Firepower,2
UNIT_SLINGER_C1,10,kv,Armor,1
UNIT_SLINGER_C1,11,kv,MaxHP,10
UNIT_SLINGER_C1,12,kv,ShieldCost,650
UNIT_SLINGER_C1,13,kv,PowerPoints,200
UNIT_SLINGER_C1,14,kv,ShieldHunger,3
UNIT_SLINGER_C1,15,kv,FoodHunger,0
UNIT_SLINGER_C1,16,kv,MaxMovePoints,100
UNIT_SLINGER_C1,17,kv,VisionRange,1
UNIT_SLINGER_C1,18,kv,EnableAdvance,ADVANCE_HEXTAPUL
UNIT_SLINGER_C1,19,kv,ActiveDefenseRange,0
UNIT_SLINGER_C1,20,flag,LossMoveToDmgNone,
UNIT_SLINGER_C1,21,kv,MaxFuel,0
UNIT_SLINGER_C1,22,flag,CanEntrench,
UNIT_SLINGER_C1,23,flag,NoZoc,
UNIT_SLINGER_C1,24,flag,CanExpel,
UNIT_SLINGER_C1,25,flag,CanPillage,
UNIT_SLINGER_C1,26,flag,CanPirate,
UNIT_SLINGER_C1,27,flag,ExertsMartialLaw,
UNIT_SLINGER_C1,28,flag,DeathEffectsHappy,
UNIT_SLINGER_C1,29,flag,OnlyBuildOne,
UNIT_SLINGER_C1,30,kv,SoundSelect1,SOUND_SELECT1_ARCHER
UNIT_SLINGER_C1,31,kv,SoundSelect2,SOUND_SELECT2_ARCHER
UNIT_SLINGER_C1,32,kv,SoundMove,SOUND_MOVE_ARCHER
UNIT_SLINGER_C1,33,kv,SoundAcknowledge,SOUND_ACKNOWLEDGE_ARCHER
UNIT_SLINGER_C1,34,kv,SoundCantMove,SOUND_CANTMOVE_ARCHER
UNIT_SLINGER_C1,35,kv,SoundAttack,SOUND_ATTACK_ARCHER
UNIT_SLINGER_C1,36,kv,SoundWork,SOUND_WORK_ARCHER
UNIT_SLINGER_C1,37,kv,SoundVictory,SOUND_VICTORY_ARCHER
UNIT_SLINGER_C1,38,kv,SoundDeath,SOUND_DEATH_ARCHER
UNIT_SLINGER_C1,39,sublist,CanAttack,Land
UNIT_SLINGER_C1,40,sublist,CanSee,Standard
UNIT_SLINGER_C1,41,sublist,MovementType,Land
UNIT_SLINGER_C1,42,sublist,MovementType,Mountain
UNIT_SLINGER_C1,43,sublist,Size,Medium
UNIT_SLINGER_C1,44,sublist,VisionClass,Standard
UNIT_SLINGER_C1,45,nested,CanReform,"[{""t"": ""kv"", ""k"": ""Sound"", ""v"": ""SOUND_ID_REFORM_CITY""}, {""t"": ""kv"", ""k"": ""Effect"", ""v"": ""SPECEFFECT_REFORMCITY""}]"
UNIT_TRIREME_C1,0,flag,CantBuild,
UNIT_TRIREME_C1,1,flag,GLHidden,
UNIT_TRIREME_C1,2,kv,Description,DESCRIPTION_UNIT_FIRE_TRIREME
UNIT_TRIREME_C1,3,kv,DefaultIcon,ICON_UNIT_TRIREME_C1
UNIT_TRIREME_C1,4,kv,DefaultSprite,SPRITE_TRIREME_C1
UNIT_TRIREME_C1,5,kv,Category,UNIT_CATEGORY_NAVAL
UNIT_TRIREME_C1,6,kv,Attack,25
UNIT_TRIREME_C1,7,kv,Defense,15
UNIT_TRIREME_C1,8,kv,ZBRangeAttack,25
UNIT_TRIREME_C1,9,kv,Firepower,1
UNIT_TRIREME_C1,10,kv,Armor,1
UNIT_TRIREME_C1,11,kv,MaxHP,13
UNIT_TRIREME_C1,12,kv,ShieldCost,350
UNIT_TRIREME_C1,13,kv,PowerPoints,300
UNIT_TRIREME_C1,14,kv,ShieldHunger,4
UNIT_TRIREME_C1,15,kv,FoodHunger,0
UNIT_TRIREME_C1,16,kv,MaxMovePoints,500
UNIT_TRIREME_C1,17,kv,VisionRange,1
UNIT_TRIREME_C1,18,kv,EnableAdvance,ADVANCE_HEXTAPUL
UNIT_TRIREME_C1,19,kv,BombRounds,3
UNIT_TRIREME_C1,20,kv,BombardRange,1
UNIT_TRIREME_C1,21,flag,CanCounterBombard,
UNIT_TRIREME_C1,22,kv,ActiveDefenseRange,0
UNIT_TRIREME_C1,23,flag,LossMoveToDmgNone,
UNIT_TRIREME_C1,24,kv,MaxFuel,0
UNIT_TRIREME_C1,25,flag,CanExpel,
UNIT_TRIREME_C1,26,flag,NoZoc,
UNIT_TRIREME_C1,27,flag,CanPillage,
UNIT_TRIREME_C1,28,flag,CanPirate,
UNIT_TRIREME_C1,29,flag,CantCaptureCity,
UNIT_TRIREME_C1,30,flag,ExertsMartialLaw,
UNIT_TRIREME_C1,31,flag,DeathEffectsHappy,
UNIT_TRIREME_C1,32,flag,IsFlanker,
UNIT_TRIREME_C1,33,flag,WoodenShip,
UNIT_TRIREME_C1,34,flag,OnlyBuildOne,
UNIT_TRIREME_C1,35,kv,SoundSelect1,SOUND_SELECT1_GREEK_FIRE_TRIREME
UNIT_TRIREME_C1,36,kv,SoundSelect2,SOUND_SELECT2_GREEK_FIRE_TRIREME
UNIT_TRIREME_C1,37,kv,SoundMove,SOUND_MOVE_GREEK_FIRE_TRIREME
UNIT_TRIREME_C1,38,kv,SoundAcknowledge,SOUND_ACKNOWLEDGE_GREEK_FIRE_TRIREME
UNIT_TRIREME_C1,39,kv,SoundCantMove,SOUND_CANTMOVE_GREEK_FIRE_TRIREME
UNIT_TRIREME_C1,40,kv,SoundAttack,SOUND_ATTACK_GREEK_FIRE_TRIREME
UNIT_TRIREME_C1,41,kv,SoundWork,SOUND_WORK_GREEK_FIRE_TRIREME
UNIT_TRIREME_C1,42,kv,SoundVictory,SOUND_VICTORY_GREEK_FIRE_TRIREME
UNIT_TRIREME_C1,43,kv,SoundDeath,SOUND_DEATH_GREEK_FIRE_TRIREME
UNIT_TRIREME_C1,44,sublist,CanAttack,ShallowWater
UNIT_TRIREME_C1,45,sublist,CanBombard,Water
UNIT_TRIREME_C1,46,sublist,CanSee,Standard
UNIT_TRIREME_C1,47,sublist,MovementType,ShallowWater
UNIT_TRIREME_C1,48,sublist,Size,Large
UNIT_TRIREME_C1,49,sublist,VisionClass,Standard
UNIT_TRIREME_C1,50,nested,CanReform,"[{""t"": ""kv"", ""k"": ""Sound"", ""v"": ""SOUND_ID_REFORM_CITY""}, {""t"": ""kv"", ""k"": ""Effect"", ""v"": ""SPECEFFECT_REFORMCITY""}]"
UNIT_WARRIOR_C1,0,flag,CantBuild,
UNIT_WARRIOR_C1,1,flag,GLHidden,
UNIT_WARRIOR_C1,2,kv,Description,DESCRIPTION_UNIT_WARRIOR
UNIT_WARRIOR_C1,3,kv,DefaultIcon,ICON_UNIT_WARRIOR_C1
UNIT_WARRIOR_C1,4,kv,DefaultSprite,SPRITE_WARRIOR_C1
UNIT_WARRIOR_C1,5,kv,Category,UNIT_CATEGORY_ATTACK
UNIT_WARRIOR_C1,6,kv,Attack,35
UNIT_WARRIOR_C1,7,kv,Defense,40
UNIT_WARRIOR_C1,8,kv,ZBRangeAttack,0
UNIT_WARRIOR_C1,9,kv,Firepower,2
UNIT_WARRIOR_C1,10,kv,Armor,1
UNIT_WARRIOR_C1,11,kv,MaxHP,17
UNIT_WARRIOR_C1,12,kv,ShieldCost,900
UNIT_WARRIOR_C1,13,kv,PowerPoints,400
UNIT_WARRIOR_C1,14,kv,ShieldHunger,4
UNIT_WARRIOR_C1,15,kv,FoodHunger,0
UNIT_WARRIOR_C1,16,kv,MaxMovePoints,100
UNIT_WARRIOR_C1,17,kv,VisionRange,1
UNIT_WARRIOR_C1,18,kv,EnableAdvance,ADVANCE_HEXTAPUL
UNIT_WARRIOR_C1,19,kv,ActiveDefenseRange,0
UNIT_WARRIOR_C1,20,flag,LossMoveToDmgNone,
UNIT_WARRIOR_C1,21,kv,MaxFuel,0
UNIT_WARRIOR_C1,22,flag,CanEntrench,
UNIT_WARRIOR_C1,23,flag,NoZoc,
UNIT_WARRIOR_C1,24,flag,CanExpel,
UNIT_WARRIOR_C1,25,flag,CanPillage,
UNIT_WARRIOR_C1,26,flag,CanPirate,
UNIT_WARRIOR_C1,27,flag,ExertsMartialLaw,
UNIT_WARRIOR_C1,28,flag,DeathEffectsHappy,
UNIT_WARRIOR_C1,29,flag,BonusAgainstMounted,
UNIT_WARRIOR_C1,30,kv,MountedBonus,0.25
UNIT_WARRIOR_C1,31,flag,OnlyBuildOne,
UNIT_WARRIOR_C1,32,kv,SoundSelect1,SOUND_SELECT1_PIKEMEN
UNIT_WARRIOR_C1,33,kv,SoundSelect2,SOUND_SELECT2_PIKEMEN
UNIT_WARRIOR_C1,34,kv,SoundMove,SOUND_MOVE_PIKEMEN
UNIT_WARRIOR_C1,35,kv,SoundAcknowledge,SOUND_ACKNOWLEDGE_PIKEMEN
UNIT_WARRIOR_C1,36,kv,SoundCantMove,SOUND_CANTMOVE_PIKEMEN
UNIT_WARRIOR_C1,37,kv,SoundAttack,SOUND_ATTACK_PIKEMEN
UNIT_WARRIOR_C1,38,kv,SoundWork,SOUND_WORK_PIKEMEN
UNIT_WARRIOR_C1,39,kv,SoundVictory,SOUND_VICTORY_PIKEMEN
UNIT_WARRIOR_C1,40,kv,SoundDeath,SOUND_DEATH_PIKEMEN
UNIT_WARRIOR_C1,41,sublist,CanAttack,Land
UNIT_WARRIOR_C1,42,sublist,CanAttack,Mountain
UNIT_WARRIOR_C1,43,sublist,CanSee,Standard
UNIT_WARRIOR_C1,44,sublist,MovementType,Land
UNIT_WARRIOR_C1,45,sublist,MovementType,Mountain
UNIT_WARRIOR_C1,46,sublist,Size,Small
UNIT_WARRIOR_C1,47,sublist,VisionClass,Standard
UNIT_WARRIOR_C1,48,nested,CanReform,"[{""t"": ""kv"", ""k"": ""Sound"", ""v"": ""SOUND_ID_REFORM_CITY""}, {""t"": ""kv"", ""k"": ""Effect"", ""v"": ""SPECEFFECT_REFORMCITY""}]"
UNIT_ASSASSIN,0,kv,Description,DESCRIPTION_UNIT_SPY
UNIT_ASSASSIN,1,kv,DefaultIcon,ICON_UNIT_ASSASSIN
UNIT_ASSASSIN,2,kv,DefaultSprite,SPRITE_ASSASSIN
UNIT_ASSASSIN,3,kv,Category,UNIT_CATEGORY_SPECIAL
UNIT_ASSASSIN,4,kv,Attack,0
UNIT_ASSASSIN,5,kv,Defense,5
UNIT_ASSASSIN,6,kv,ZBRangeAttack,0
UNIT_ASSASSIN,7,kv,Firepower,1
UNIT_ASSASSIN,8,kv,Armor,1
UNIT_ASSASSIN,9,kv,MaxHP,10
UNIT_ASSASSIN,10,kv,ShieldCost,1800
UNIT_ASSASSIN,11,kv,PowerPoints,400
UNIT_ASSASSIN,12,kv,ShieldHunger,15
UNIT_ASSASSIN,13,kv,FoodHunger,0
UNIT_ASSASSIN,14,kv,MaxMovePoints,300
UNIT_ASSASSIN,15,kv,VisionRange,2
UNIT_ASSASSIN,16,kv,EnableAdvance,ADVANCE_COMPOSITE_BOW
UNIT_ASSASSIN,17,kv,ActiveDefenseRange,0
UNIT_ASSASSIN,18,flag,LossMoveToDmgNone,
UNIT_ASSASSIN,19,kv,MaxFuel,0
UNIT_ASSASSIN,20,flag,CanEntrench,
UNIT_ASSASSIN,21,flag,IgnoreZOC,
UNIT_ASSASSIN,22,flag,NoZoc,
UNIT_ASSASSIN,23,flag,CanBeExpelled,
UNIT_ASSASSIN,24,flag,CanSue,
UNIT_ASSASSIN,25,flag,CanBeSued,
UNIT_ASSASSIN,26,flag,CantCaptureCity,
UNIT_ASSASSIN,27,flag,DeathEffectsHappy,
UNIT_ASSASSIN,28,flag,IsSpecialForces,
UNIT_ASSASSIN,29,flag,Civilian,
UNIT_ASSASSIN,30,flag,OnlyBuildOne,
UNIT_ASSASSIN,31,kv,SoundSelect1,SOUND_SELECT1_SPY
UNIT_ASSASSIN,32,kv,SoundSelect2,SOUND_SELECT2_SPY
UNIT_ASSASSIN,33,kv,SoundMove,SOUND_MOVE_SPY
UNIT_ASSASSIN,34,kv,SoundAcknowledge,SOUND_ACKNOWLEDGE_SPY
UNIT_ASSASSIN,35,kv,SoundCantMove,SOUND_CANTMOVE_SPY
UNIT_ASSASSIN,36,kv,SoundAttack,SOUND_ATTACK_SPY
UNIT_ASSASSIN,37,kv,SoundWork,SOUND_WORK_SPY
UNIT_ASSASSIN,38,kv,SoundVictory,SOUND_VICTORY_SPY
UNIT_ASSASSIN,39,kv,SoundDeath,SOUND_DEATH_SPY
UNIT_ASSASSIN,40,sublist,CanSee,Standard
UNIT_ASSASSIN,41,sublist,CanSee,Stealth
UNIT_ASSASSIN,42,sublist,MovementType,Land
UNIT_ASSASSIN,43,sublist,MovementType,Mountain
UNIT_ASSASSIN,44,sublist,Size,Small
UNIT_ASSASSIN,45,sublist,VisionClass,Stealth
UNIT_ASSASSIN,46,nested,AssasinateRuler,"[{""t"": ""kv"", ""k"": ""Chance"", ""v"": ""0.2""}, {""t"": ""kv"", ""k"": ""EliteChance"", ""v"": ""0.3""}, {""t"": ""kv"", ""k"": ""DeathChance"", ""v"": ""0.5""}]"
UNIT_ASSASSIN,47,nested,CanInjoin,"[{""t"": ""kv"", ""k"": ""Sound"", ""v"": ""SOUND_ID_INJUNCTION""}, {""t"": ""kv"", ""k"": ""Effect"", ""v"": ""SPECEFFECT_INJUNCTIONS""}]"
UNIT_EMISSARY,0,kv,Description,DESCRIPTION_UNIT_DIPLOMAT
UNIT_EMISSARY,1,kv,DefaultIcon,ICON_UNIT_EMISSARY
UNIT_EMISSARY,2,kv,DefaultSprite,SPRITE_EMISSARY
UNIT_EMISSARY,3,kv,Category,UNIT_CATEGORY_SPECIAL
UNIT_EMISSARY,4,kv,Attack,0
UNIT_EMISSARY,5,kv,Defense,5
UNIT_EMISSARY,6,kv,ZBRangeAttack,0
UNIT_EMISSARY,7,kv,Firepower,1
UNIT_EMISSARY,8,kv,Armor,1
UNIT_EMISSARY,9,kv,MaxHP,10
UNIT_EMISSARY,10,kv,ShieldCost,1500
UNIT_EMISSARY,11,kv,PowerPoints,100
UNIT_EMISSARY,12,kv,ShieldHunger,7
UNIT_EMISSARY,13,kv,FoodHunger,0
UNIT_EMISSARY,14,kv,MaxMovePoints,700
UNIT_EMISSARY,15,kv,VisionRange,1
UNIT_EMISSARY,16,kv,EnableAdvance,ADVANCE_BALLISTICS
UNIT_EMISSARY,17,kv,ActiveDefenseRange,0
UNIT_EMISSARY,18,flag,LossMoveToDmgNone,
UNIT_EMISSARY,19,flag,CanEntrench,
UNIT_EMISSARY,20,kv,MaxFuel,0
UNIT_EMISSARY,21,flag,IgnoreZOC,
UNIT_EMISSARY,22,flag,NoZoc,
UNIT_EMISSARY,23,flag,CanBeExpelled,
UNIT_EMISSARY,24,flag,CanBeSued,
UNIT_EMISSARY,25,flag,CantCaptureCity,
UNIT_EMISSARY,26,flag,DeathEffectsHappy,
UNIT_EMISSARY,27,flag,Advertise,
UNIT_EMISSARY,28,flag,IsSpecialForces,
UNIT_EMISSARY,29,flag,Civilian,
UNIT_EMISSARY,30,flag,OnlyBuildOne,
UNIT_EMISSARY,31,kv,SoundSelect1,SOUND_SELECT1_DIPLOMAT
UNIT_EMISSARY,32,kv,SoundSelect2,SOUND_SELECT2_DIPLOMAT
UNIT_EMISSARY,33,kv,SoundMove,SOUND_MOVE_DIPLOMAT
UNIT_EMISSARY,34,kv,SoundAcknowledge,SOUND_ACKNOWLEDGE_DIPLOMAT
UNIT_EMISSARY,35,kv,SoundCantMove,SOUND_CANTMOVE_DIPLOMAT
UNIT_EMISSARY,36,kv,SoundAttack,SOUND_ATTACK_DIPLOMAT
UNIT_EMISSARY,37,kv,SoundWork,SOUND_WORK_DIPLOMAT
UNIT_EMISSARY,38,kv,SoundVictory,SOUND_VICTORY_DIPLOMAT
UNIT_EMISSARY,39,kv,SoundDeath,SOUND_DEATH_DIPLOMAT
UNIT_EMISSARY,40,sublist,CanSee,Standard
UNIT_EMISSARY,41,sublist,CanSee,Stealth
UNIT_EMISSARY,42,sublist,MovementType,Land
UNIT_EMISSARY,43,sublist,MovementType,Mountain
UNIT_EMISSARY,44,sublist,Size,Small
UNIT_EMISSARY,45,sublist,VisionClass,Standard
UNIT_EMISSARY,46,nested,CauseUnhappiness,"[{""t"": ""kv"", ""k"": ""Chance"", ""v"": ""0.1""}, {""t"": ""kv"", ""k"": ""Timer"", ""v"": ""1""}, {""t"": ""kv"", ""k"": ""Amount"", ""v"": ""5""}, {""t"": ""kv"", ""k"": ""Sound"", ""v"": ""SOUND_ID_CREATE_FRANCHISE""}, {""t"": ""kv"", ""k"": ""Effect"", ""v"": ""SPECEFFECT_CREATE_FRANCHISE""}]"
UNIT_EMISSARY,47,nested,CreateFranchise,"[{""t"": ""kv"", ""k"": ""Chance"", ""v"": ""0.3""}, {""t"": ""kv"", ""k"": ""Sound"", ""v"": ""SOUND_ID_CREATE_FRANCHISE""}, {""t"": ""kv"", ""k"": ""Effect"", ""v"": ""SPECEFFECT_CREATE_FRANCHISE""}]"
UNIT_FLANK_JAVELINEER_ONE,0,flag,CantBuild,
UNIT_FLANK_JAVELINEER_ONE,1,flag,GLHidden,
UNIT_FLANK_JAVELINEER_ONE,2,kv,Description,DESCRIPTION_UNIT_MOUNTED_ARCHER
UNIT_FLANK_JAVELINEER_ONE,3,kv,DefaultIcon,ICON_UNIT_FLANK_JAVELINEER_ONE
UNIT_FLANK_JAVELINEER_ONE,4,kv,DefaultSprite,SPRITE_FLANK_JAVELINEER_ONE
UNIT_FLANK_JAVELINEER_ONE,5,kv,Category,UNIT_CATEGORY_FLANKER
UNIT_FLANK_JAVELINEER_ONE,6,kv,Attack,25
UNIT_FLANK_JAVELINEER_ONE,7,kv,Defense,25
UNIT_FLANK_JAVELINEER_ONE,8,kv,ZBRangeAttack,10
UNIT_FLANK_JAVELINEER_ONE,9,kv,Firepower,1
UNIT_FLANK_JAVELINEER_ONE,10,kv,Armor,1
UNIT_FLANK_JAVELINEER_ONE,11,kv,MaxHP,10
UNIT_FLANK_JAVELINEER_ONE,12,kv,ShieldCost,900
UNIT_FLANK_JAVELINEER_ONE,13,kv,PowerPoints,400
UNIT_FLANK_JAVELINEER_ONE,14,kv,ShieldHunger,9
UNIT_FLANK_JAVELINEER_ONE,15,kv,FoodHunger,0
UNIT_FLANK_JAVELINEER_ONE,16,kv,MaxMovePoints,200
UNIT_FLANK_JAVELINEER_ONE,17,kv,VisionRange,2
UNIT_FLANK_JAVELINEER_ONE,18,kv,EnableAdvance,ADVANCE_HEXTAPUL
UNIT_FLANK_JAVELINEER_ONE,19,kv,ActiveDefenseRange,0
UNIT_FLANK_JAVELINEER_ONE,20,flag,LossMoveToDmgNone,
UNIT_FLANK_JAVELINEER_ONE,21,kv,MaxFuel,0
UNIT_FLANK_JAVELINEER_ONE,22,flag,CanEntrench,
UNIT_FLANK_JAVELINEER_ONE,23,flag,NoZoc,
UNIT_FLANK_JAVELINEER_ONE,24,flag,CanExpel,
UNIT_FLANK_JAVELINEER_ONE,25,flag,CanPillage,
UNIT_FLANK_JAVELINEER_ONE,26,flag,CanPirate,
UNIT_FLANK_JAVELINEER_ONE,27,flag,ExertsMartialLaw,
UNIT_FLANK_JAVELINEER_ONE,28,flag,DeathEffectsHappy,
UNIT_FLANK_JAVELINEER_ONE,29,flag,IsFlanker,
UNIT_FLANK_JAVELINEER_ONE,30,flag,IsSpecialForces,
UNIT_FLANK_JAVELINEER_ONE,31,flag,OnlyBuildOne,
UNIT_FLANK_JAVELINEER_ONE,32,kv,SoundSelect1,SOUND_SELECT1_KNIGHT
UNIT_FLANK_JAVELINEER_ONE,33,kv,SoundSelect2,SOUND_SELECT2_KNIGHT
UNIT_FLANK_JAVELINEER_ONE,34,kv,SoundMove,SOUND_MOVE_KNIGHT
UNIT_FLANK_JAVELINEER_ONE,35,kv,SoundAcknowledge,SOUND_ACKNOWLEDGE_KNIGHT
UNIT_FLANK_JAVELINEER_ONE,36,kv,SoundCantMove,SOUND_CANTMOVE_KNIGHT
UNIT_FLANK_JAVELINEER_ONE,37,kv,SoundAttack,SOUND_ATTACK_KNIGHT
UNIT_FLANK_JAVELINEER_ONE,38,kv,SoundWork,SOUND_WORK_KNIGHT
UNIT_FLANK_JAVELINEER_ONE,39,kv,SoundVictory,SOUND_VICTORY_KNIGHT
UNIT_FLANK_JAVELINEER_ONE,40,kv,SoundDeath,SOUND_DEATH_KNIGHT
UNIT_FLANK_JAVELINEER_ONE,41,sublist,CanAttack,Land
UNIT_FLANK_JAVELINEER_ONE,42,sublist,CanSee,Standard
UNIT_FLANK_JAVELINEER_ONE,43,sublist,MovementType,Land
UNIT_FLANK_JAVELINEER_ONE,44,sublist,Size,Medium
UNIT_FLANK_JAVELINEER_ONE,45,sublist,VisionClass,Stealth
UNIT_FLANK_JAVELINEER_ONE,46,nested,CanReform,"[{""t"": ""kv"", ""k"": ""Sound"", ""v"": ""SOUND_ID_REFORM_CITY""}, {""t"": ""kv"", ""k"": ""Effect"", ""v"": ""SPECEFFECT_REFORMCITY""}]"
UNIT_FLANK_PELTAST_TWO,0,kv,Description,DESCRIPTION_UNIT_INFANTRYMAN
UNIT_FLANK_PELTAST_TWO,1,kv,DefaultIcon,ICON_UNIT_ARQUEBUSIER_ELITE
UNIT_FLANK_PELTAST_TWO,2,kv,DefaultSprite,SPRITE_ARQUEBUSIER_ELITE
UNIT_FLANK_PELTAST_TWO,3,kv,Category,UNIT_CATEGORY_RANGED
UNIT_FLANK_PELTAST_TWO,4,kv,Attack,25
UNIT_FLANK_PELTAST_TWO,5,kv,Defense,25
UNIT_FLANK_PELTAST_TWO,6,kv,ZBRangeAttack,45
UNIT_FLANK_PELTAST_TWO,7,kv,Firepower,2
UNIT_FLANK_PELTAST_TWO,8,kv,Armor,1
UNIT_FLANK_PELTAST_TWO,9,kv,MaxHP,10
UNIT_FLANK_PELTAST_TWO,10,kv,ShieldCost,1200
UNIT_FLANK_PELTAST_TWO,11,kv,PowerPoints,500
UNIT_FLANK_PELTAST_TWO,12,kv,ShieldHunger,6
UNIT_FLANK_PELTAST_TWO,13,kv,FoodHunger,0
UNIT_FLANK_PELTAST_TWO,14,kv,MaxMovePoints,200
UNIT_FLANK_PELTAST_TWO,15,kv,VisionRange,1
UNIT_FLANK_PELTAST_TWO,16,kv,EnableAdvance,ADVANCE_TRIBUNAL_EMPIRE_C1
UNIT_FLANK_PELTAST_TWO,17,kv,ActiveDefenseRange,0
UNIT_FLANK_PELTAST_TWO,18,flag,LossMoveToDmgNone,
UNIT_FLANK_PELTAST_TWO,19,kv,MaxFuel,0
UNIT_FLANK_PELTAST_TWO,20,flag,CanEntrench,
UNIT_FLANK_PELTAST_TWO,21,flag,CanExpel,
UNIT_FLANK_PELTAST_TWO,22,flag,NoZoc,
UNIT_FLANK_PELTAST_TWO,23,flag,CanPillage,
UNIT_FLANK_PELTAST_TWO,24,flag,CanPirate,
UNIT_FLANK_PELTAST_TWO,25,flag,ExertsMartialLaw,
UNIT_FLANK_PELTAST_TWO,26,flag,DeathEffectsHappy,
UNIT_FLANK_PELTAST_TWO,27,flag,OnlyBuildOne,
UNIT_FLANK_PELTAST_TWO,28,kv,SoundSelect1,SOUND_SELECT1_INFANTRYMAN
UNIT_FLANK_PELTAST_TWO,29,kv,SoundSelect2,SOUND_SELECT2_INFANTRYMAN
UNIT_FLANK_PELTAST_TWO,30,kv,SoundMove,SOUND_MOVE_INFANTRYMAN
UNIT_FLANK_PELTAST_TWO,31,kv,SoundAcknowledge,SOUND_ACKNOWLEDGE_INFANTRYMAN
UNIT_FLANK_PELTAST_TWO,32,kv,SoundCantMove,SOUND_CANTMOVE_INFANTRYMAN
UNIT_FLANK_PELTAST_TWO,33,kv,SoundAttack,SOUND_ATTACK_INFANTRYMAN
UNIT_FLANK_PELTAST_TWO,34,kv,SoundWork,SOUND_WORK_INFANTRYMAN
UNIT_FLANK_PELTAST_TWO,35,kv,SoundVictory,SOUND_VICTORY_INFANTRYMAN
UNIT_FLANK_PELTAST_TWO,36,kv,SoundDeath,SOUND_DEATH_INFANTRYMAN
UNIT_FLANK_PELTAST_TWO,37,sublist,CanAttack,Land
UNIT_FLANK_PELTAST_TWO,38,sublist,CanAttack,Mountain
UNIT_FLANK_PELTAST_TWO,39,sublist,CanSee,Standard
UNIT_FLANK_PELTAST_TWO,40,sublist,MovementType,Land
UNIT_FLANK_PELTAST_TWO,41,sublist,MovementType,Mountain
UNIT_FLANK_PELTAST_TWO,42,sublist,Size,Small
UNIT_FLANK_PELTAST_TWO,43,sublist,VisionClass,Standard
UNIT_FLANK_PELTAST_TWO,44,sublist,VisionClass,Stealth
UNIT_FLANK_PELTAST_TWO,45,nested,CanReform,"[{""t"": ""kv"", ""k"": ""Sound"", ""v"": ""SOUND_ID_REFORM_CITY""}, {""t"": ""kv"", ""k"": ""Effect"", ""v"": ""SPECEFFECT_REFORMCITY""}]"
UNIT_FLANK_AUXILIA_THREE,0,kv,Description,DESCRIPTION_UNIT_KNIGHT
UNIT_FLANK_AUXILIA_THREE,1,kv,DefaultIcon,ICON_UNIT_CANNON
UNIT_FLANK_AUXILIA_THREE,2,kv,DefaultSprite,SPRITE_CANNON
UNIT_FLANK_AUXILIA_THREE,3,kv,Category,UNIT_CATEGORY_RANGED
UNIT_FLANK_AUXILIA_THREE,4,kv,Attack,5
UNIT_FLANK_AUXILIA_THREE,5,kv,Defense,5
UNIT_FLANK_AUXILIA_THREE,6,kv,ZBRangeAttack,30
UNIT_FLANK_AUXILIA_THREE,7,kv,Firepower,2
UNIT_FLANK_AUXILIA_THREE,8,kv,Armor,1
UNIT_FLANK_AUXILIA_THREE,9,kv,MaxHP,5
UNIT_FLANK_AUXILIA_THREE,10,kv,ShieldCost,1200
UNIT_FLANK_AUXILIA_THREE,11,kv,PowerPoints,300
UNIT_FLANK_AUXILIA_THREE,12,kv,ShieldHunger,6
UNIT_FLANK_AUXILIA_THREE,13,kv,FoodHunger,0
UNIT_FLANK_AUXILIA_THREE,14,kv,MaxMovePoints,100
UNIT_FLANK_AUXILIA_THREE,15,kv,VisionRange,1
UNIT_FLANK_AUXILIA_THREE,16,kv,EnableAdvance,ADVANCE_DICTATORSHIP_C1
UNIT_FLANK_AUXILIA_THREE,17,kv,BombRounds,5
UNIT_FLANK_AUXILIA_THREE,18,kv,BombardRange,1
UNIT_FLANK_AUXILIA_THREE,19,flag,CanCounterBombard,
UNIT_FLANK_AUXILIA_THREE,20,kv,ActiveDefenseRange,0
UNIT_FLANK_AUXILIA_THREE,21,flag,LossMoveToDmgNone,
UNIT_FLANK_AUXILIA_THREE,22,kv,MaxFuel,0
UNIT_FLANK_AUXILIA_THREE,23,flag,CanEntrench,
UNIT_FLANK_AUXILIA_THREE,24,flag,NoZoc,
UNIT_FLANK_AUXILIA_THREE,25,flag,CanExpel,
UNIT_FLANK_AUXILIA_THREE,26,flag,CanPillage,
UNIT_FLANK_AUXILIA_THREE,27,flag,CanPirate,
UNIT_FLANK_AUXILIA_THREE,28,flag,ExertsMartialLaw,
UNIT_FLANK_AUXILIA_THREE,29,flag,DeathEffectsHappy,
UNIT_FLANK_AUXILIA_THREE,30,flag,OnlyBuildOne,
UNIT_FLANK_AUXILIA_THREE,31,kv,SoundSelect1,SOUND_SELECT1_CATAPULT
UNIT_FLANK_AUXILIA_THREE,32,kv,SoundSelect2,SOUND_SELECT2_CATAPULT
UNIT_FLANK_AUXILIA_THREE,33,kv,SoundMove,SOUND_MOVE_CATAPULT
UNIT_FLANK_AUXILIA_THREE,34,kv,SoundAcknowledge,SOUND_ACKNOWLEDGE_CATAPULT
UNIT_FLANK_AUXILIA_THREE,35,kv,SoundCantMove,SOUND_CANTMOVE_CATAPULT
UNIT_FLANK_AUXILIA_THREE,36,kv,SoundAttack,SOUND_ATTACK_CATAPULT
UNIT_FLANK_AUXILIA_THREE,37,kv,SoundWork,SOUND_WORK_CATAPULT
UNIT_FLANK_AUXILIA_THREE,38,kv,SoundVictory,SOUND_VICTORY_CATAPULT
UNIT_FLANK_AUXILIA_THREE,39,kv,SoundDeath,SOUND_DEATH_CATAPULT
UNIT_FLANK_AUXILIA_THREE,40,sublist,CanAttack,Land
UNIT_FLANK_AUXILIA_THREE,41,sublist,CanSee,Standard
UNIT_FLANK_AUXILIA_THREE,42,sublist,MovementType,Land
UNIT_FLANK_AUXILIA_THREE,43,sublist,Size,Small
UNIT_FLANK_AUXILIA_THREE,44,sublist,VisionClass,Standard
UNIT_FLANK_AUXILIA_THREE,45,sublist,VisionClass,Stealth
UNIT_FLANK_AUXILIA_THREE,46,nested,CanReform,"[{""t"": ""kv"", ""k"": ""Sound"", ""v"": ""SOUND_ID_REFORM_CITY""}, {""t"": ""kv"", ""k"": ""Effect"", ""v"": ""SPECEFFECT_REFORMCITY""}]"
UNIT_FLANK_VELITE_FOUR,0,kv,Description,DESCRIPTION_UNIT_KNIGHT
UNIT_FLANK_VELITE_FOUR,1,kv,DefaultIcon,ICON_UNIT_KNIGHT_C1
UNIT_FLANK_VELITE_FOUR,2,kv,DefaultSprite,SPRITE_KNIGHT_C1
UNIT_FLANK_VELITE_FOUR,3,kv,Category,UNIT_CATEGORY_FLANKER
UNIT_FLANK_VELITE_FOUR,4,kv,Attack,40
UNIT_FLANK_VELITE_FOUR,5,kv,Defense,40
UNIT_FLANK_VELITE_FOUR,6,kv,ZBRangeAttack,20
UNIT_FLANK_VELITE_FOUR,7,kv,Firepower,2
UNIT_FLANK_VELITE_FOUR,8,kv,Armor,1
UNIT_FLANK_VELITE_FOUR,9,kv,MaxHP,15
UNIT_FLANK_VELITE_FOUR,10,kv,ShieldCost,900
UNIT_FLANK_VELITE_FOUR,11,kv,PowerPoints,400
UNIT_FLANK_VELITE_FOUR,12,kv,ShieldHunger,4
UNIT_FLANK_VELITE_FOUR,13,kv,FoodHunger,0
UNIT_FLANK_VELITE_FOUR,14,kv,MaxMovePoints,300
UNIT_FLANK_VELITE_FOUR,15,kv,VisionRange,2
UNIT_FLANK_VELITE_FOUR,16,kv,EnableAdvance,ADVANCE_STIRRUP_C1
UNIT_FLANK_VELITE_FOUR,17,kv,BombRounds,3
UNIT_FLANK_VELITE_FOUR,18,kv,BombardRange,1
UNIT_FLANK_VELITE_FOUR,19,flag,CanCounterBombard,
UNIT_FLANK_VELITE_FOUR,20,kv,ActiveDefenseRange,0
UNIT_FLANK_VELITE_FOUR,21,flag,LossMoveToDmgNone,
UNIT_FLANK_VELITE_FOUR,22,kv,MaxFuel,0
UNIT_FLANK_VELITE_FOUR,23,flag,CanEntrench,
UNIT_FLANK_VELITE_FOUR,24,flag,NoZoc,
UNIT_FLANK_VELITE_FOUR,25,flag,CanExpel,
UNIT_FLANK_VELITE_FOUR,26,flag,CanPillage,
UNIT_FLANK_VELITE_FOUR,27,flag,CanPirate,
UNIT_FLANK_VELITE_FOUR,28,flag,IsFlanker,
UNIT_FLANK_VELITE_FOUR,29,flag,IsMounted,
UNIT_FLANK_VELITE_FOUR,30,flag,BonusAgainstMounted,
UNIT_FLANK_VELITE_FOUR,31,kv,MountedBonus,0.10
UNIT_FLANK_VELITE_FOUR,32,flag,ExertsMartialLaw,
UNIT_FLANK_VELITE_FOUR,33,flag,DeathEffectsHappy,
UNIT_FLANK_VELITE_FOUR,34,flag,OnlyBuildOne,
UNIT_FLANK_VELITE_FOUR,35,kv,SoundSelect1,SOUND_SELECT1_KNIGHT
UNIT_FLANK_VELITE_FOUR,36,kv,SoundSelect2,SOUND_SELECT2_KNIGHT
UNIT_FLANK_VELITE_FOUR,37,kv,SoundMove,SOUND_MOVE_KNIGHT
UNIT_FLANK_VELITE_FOUR,38,kv,SoundAcknowledge,SOUND_ACKNOWLEDGE_KNIGHT
UNIT_FLANK_VELITE_FOUR,39,kv,SoundCantMove,SOUND_CANTMOVE_KNIGHT
UNIT_FLANK_VELITE_FOUR,40,kv,SoundAttack,SOUND_ATTACK_KNIGHT
UNIT_FLANK_VELITE_FOUR,41,kv,SoundWork,SOUND_WORK_KNIGHT
UNIT_FLANK_VELITE_FOUR,42,kv,SoundVictory,SOUND_VICTORY_KNIGHT
UNIT_FLANK_VELITE_FOUR,43,kv,SoundDeath,SOUND_DEATH_KNIGHT
UNIT_FLANK_VELITE_FOUR,44,sublist,CanAttack,Land
UNIT_FLANK_VELITE_FOUR,45,sublist,CanSee,Standard
UNIT_FLANK_VELITE_FOUR,46,sublist,MovementType,Land
UNIT_FLANK_VELITE_FOUR,47,sublist,Size,Small
UNIT_FLANK_VELITE_FOUR,48,sublist,VisionClass,Standard
UNIT_FLANK_VELITE_FOUR,49,sublist,VisionClass,Stealth
UNIT_FLANK_VELITE_FOUR,50,nested,CanReform,"[{""t"": ""kv"", ""k"": ""Sound"", ""v"": ""SOUND_ID_REFORM_CITY""}, {""t"": ""kv"", ""k"": ""Effect"", ""v"": ""SPECEFFECT_REFORMCITY""}]"
UNIT_FLANK_SKIRMISHER_FIVE,0,kv,Description,DESCRIPTION_UNIT_WARRIOR
UNIT_FLANK_SKIRMISHER_FIVE,1,kv,DefaultIcon,ICON_UNIT_PEZHETEROI
UNIT_FLANK_SKIRMISHER_FIVE,2,kv,DefaultSprite,SPRITE_PEZHETEROI
UNIT_FLANK_SKIRMISHER_FIVE,3,kv,Category,UNIT_CATEGORY_DEFENSE
UNIT_FLANK_SKIRMISHER_FIVE,4,kv,Attack,45
UNIT_FLANK_SKIRMISHER_FIVE,5,kv,Defense,45
UNIT_FLANK_SKIRMISHER_FIVE,6,kv,ZBRangeAttack,0
UNIT_FLANK_SKIRMISHER_FIVE,7,kv,Firepower,2
UNIT_FLANK_SKIRMISHER_FIVE,8,kv,Armor,1
UNIT_FLANK_SKIRMISHER_FIVE,9,kv,MaxHP,19
UNIT_FLANK_SKIRMISHER_FIVE,10,kv,ShieldCost,900
UNIT_FLANK_SKIRMISHER_FIVE,11,kv,PowerPoints,400
UNIT_FLANK_SKIRMISHER_FIVE,12,kv,ShieldHunger,4
UNIT_FLANK_SKIRMISHER_FIVE,13,kv,FoodHunger,0
UNIT_FLANK_SKIRMISHER_FIVE,14,kv,MaxMovePoints,200
UNIT_FLANK_SKIRMISHER_FIVE,15,kv,VisionRange,1
UNIT_FLANK_SKIRMISHER_FIVE,16,kv,EnableAdvance,ADVANCE_IRON_WORKING_C1
UNIT_FLANK_SKIRMISHER_FIVE,17,kv,ActiveDefenseRange,0
UNIT_FLANK_SKIRMISHER_FIVE,18,flag,LossMoveToDmgNone,
UNIT_FLANK_SKIRMISHER_FIVE,19,kv,MaxFuel,0
UNIT_FLANK_SKIRMISHER_FIVE,20,flag,CanEntrench,
UNIT_FLANK_SKIRMISHER_FIVE,21,flag,CanExpel,
UNIT_FLANK_SKIRMISHER_FIVE,22,flag,NoZoc,
UNIT_FLANK_SKIRMISHER_FIVE,23,flag,CanPillage,
UNIT_FLANK_SKIRMISHER_FIVE,24,flag,CanPirate,
UNIT_FLANK_SKIRMISHER_FIVE,25,flag,ExertsMartialLaw,
UNIT_FLANK_SKIRMISHER_FIVE,26,flag,DeathEffectsHappy,
UNIT_FLANK_SKIRMISHER_FIVE,27,flag,BonusAgainstMounted,
UNIT_FLANK_SKIRMISHER_FIVE,28,kv,MountedBonus,0.35
UNIT_FLANK_SKIRMISHER_FIVE,29,flag,OnlyBuildOne,
UNIT_FLANK_SKIRMISHER_FIVE,30,kv,SoundSelect1,SOUND_SELECT1_PIKEMEN
UNIT_FLANK_SKIRMISHER_FIVE,31,kv,SoundSelect2,SOUND_SELECT2_PIKEMEN
UNIT_FLANK_SKIRMISHER_FIVE,32,kv,SoundMove,SOUND_MOVE_PIKEMEN
UNIT_FLANK_SKIRMISHER_FIVE,33,kv,SoundAcknowledge,SOUND_ACKNOWLEDGE_PIKEMEN
UNIT_FLANK_SKIRMISHER_FIVE,34,kv,SoundCantMove,SOUND_CANTMOVE_PIKEMEN
UNIT_FLANK_SKIRMISHER_FIVE,35,kv,SoundAttack,SOUND_ATTACK_PIKEMEN
UNIT_FLANK_SKIRMISHER_FIVE,36,kv,SoundWork,SOUND_WORK_PIKEMEN
UNIT_FLANK_SKIRMISHER_FIVE,37,kv,SoundVictory,SOUND_VICTORY_PIKEMEN
UNIT_FLANK_SKIRMISHER_FIVE,38,kv,SoundDeath,SOUND_DEATH_PIKEMEN
UNIT_FLANK_SKIRMISHER_FIVE,39,sublist,CanAttack,Land
UNIT_FLANK_SKIRMISHER_FIVE,40,sublist,CanAttack,Mountain
UNIT_FLANK_SKIRMISHER_FIVE,41,sublist,CanSee,Standard
UNIT_FLANK_SKIRMISHER_FIVE,42,sublist,MovementType,Land
UNIT_FLANK_SKIRMISHER_FIVE,43,sublist,MovementType,Mountain
UNIT_FLANK_SKIRMISHER_FIVE,44,sublist,Size,Small
UNIT_FLANK_SKIRMISHER_FIVE,45,sublist,VisionClass,Standard
UNIT_FLANK_SKIRMISHER_FIVE,46,sublist,VisionClass,Stealth
UNIT_FLANK_SKIRMISHER_FIVE,47,nested,CanReform,"[{""t"": ""kv"", ""k"": ""Sound"", ""v"": ""SOUND_ID_REFORM_CITY""}, {""t"": ""kv"", ""k"": ""Effect"", ""v"": ""SPECEFFECT_REFORMCITY""}]"
UNIT_ENGINEER,0,flag,CantBuild,
UNIT_ENGINEER,1,kv,Description,DESCRIPTION_UNIT_WARRIOR
UNIT_ENGINEER,2,kv,DefaultIcon,ICON_UNIT_ENGINEER
UNIT_ENGINEER,3,kv,DefaultSprite,SPRITE_ENGINEER
UNIT_ENGINEER,4,kv,Category,UNIT_CATEGORY_SPECIAL
UNIT_ENGINEER,5,kv,Attack,0
UNIT_ENGINEER,6,kv,Defense,0
UNIT_ENGINEER,7,kv,ZBRangeAttack,0
UNIT_ENGINEER,8,kv,Firepower,1
UNIT_ENGINEER,9,kv,Armor,1
UNIT_ENGINEER,10,kv,MaxHP,5
UNIT_ENGINEER,11,kv,ShieldCost,4000
UNIT_ENGINEER,12,kv,PowerPoints,100
UNIT_ENGINEER,13,kv,ShieldHunger,1
UNIT_ENGINEER,14,kv,FoodHunger,0
UNIT_ENGINEER,15,kv,MaxMovePoints,100
UNIT_ENGINEER,16,kv,VisionRange,1
UNIT_ENGINEER,17,kv,EnableAdvance,ADVANCE_HEXTAPUL
UNIT_ENGINEER,18,kv,ActiveDefenseRange,0
UNIT_ENGINEER,19,flag,LossMoveToDmgNone,
UNIT_ENGINEER,20,kv,MaxFuel,0
UNIT_ENGINEER,21,flag,CanEntrench,
UNIT_ENGINEER,22,flag,NoZoc,
UNIT_ENGINEER,23,flag,CanExpel,
UNIT_ENGINEER,24,flag,CanPillage,
UNIT_ENGINEER,25,flag,CanPirate,
UNIT_ENGINEER,26,flag,ExertsMartialLaw,
UNIT_ENGINEER,27,flag,DeathEffectsHappy,
UNIT_ENGINEER,28,flag,OnlyBuildOne,
UNIT_ENGINEER,29,kv,SoundSelect1,SOUND_SELECT1_PIKEMEN
UNIT_ENGINEER,30,kv,SoundSelect2,SOUND_SELECT2_PIKEMEN
UNIT_ENGINEER,31,kv,SoundMove,SOUND_MOVE_PIKEMEN
UNIT_ENGINEER,32,kv,SoundAcknowledge,SOUND_ACKNOWLEDGE_PIKEMEN
UNIT_ENGINEER,33,kv,SoundCantMove,SOUND_CANTMOVE_PIKEMEN
UNIT_ENGINEER,34,kv,SoundAttack,SOUND_ATTACK_PIKEMEN
UNIT_ENGINEER,35,kv,SoundWork,SOUND_WORK_PIKEMEN
UNIT_ENGINEER,36,kv,SoundVictory,SOUND_VICTORY_PIKEMEN
UNIT_ENGINEER,37,kv,SoundDeath,SOUND_DEATH_PIKEMEN
UNIT_ENGINEER,38,sublist,CanAttack,Land
UNIT_ENGINEER,39,sublist,CanAttack,Mountain
UNIT_ENGINEER,40,sublist,CanSee,Standard
UNIT_ENGINEER,41,sublist,MovementType,Land
UNIT_ENGINEER,42,sublist,MovementType,Mountain
UNIT_ENGINEER,43,sublist,Size,Medium
UNIT_ENGINEER,44,sublist,VisionClass,Standard
UNIT_GARRISON_I,0,flag,CantBuild,
UNIT_GARRISON_I,1,flag,GLHidden,
UNIT_GARRISON_I,2,kv,Description,DESCRIPTION_UNIT_KNIGHT
UNIT_GARRISON_I,3,kv,DefaultIcon,ICON_UNIT_GARRISON_I
UNIT_GARRISON_I,4,kv,DefaultSprite,SPRITE_GARRISON_I
UNIT_GARRISON_I,5,kv,Category,UNIT_CATEGORY_RANGED
UNIT_GARRISON_I,6,kv,Attack,30
UNIT_GARRISON_I,7,kv,Defense,30
UNIT_GARRISON_I,8,kv,ZBRangeAttack,20
UNIT_GARRISON_I,9,kv,Firepower,2
UNIT_GARRISON_I,10,kv,Armor,1
UNIT_GARRISON_I,11,kv,MaxHP,40
UNIT_GARRISON_I,12,kv,ShieldCost,1000
UNIT_GARRISON_I,13,kv,PowerPoints,300
UNIT_GARRISON_I,14,kv,ShieldHunger,5
UNIT_GARRISON_I,15,kv,FoodHunger,0
UNIT_GARRISON_I,16,kv,MaxMovePoints,0
UNIT_GARRISON_I,17,kv,VisionRange,3
UNIT_GARRISON_I,18,kv,EnableAdvance,ADVANCE_HEXTAPUL
UNIT_GARRISON_I,19,kv,BombRounds,1
UNIT_GARRISON_I,20,kv,BombardRange,1
UNIT_GARRISON_I,21,flag,CanCounterBombard,
UNIT_GARRISON_I,22,kv,ActiveDefenseRange,0
UNIT_GARRISON_I,23,flag,LossMoveToDmgNone,
UNIT_GARRISON_I,24,kv,MaxFuel,0
UNIT_GARRISON_I,25,flag,CanEntrench,
UNIT_GARRISON_I,26,flag,NoZoc,
UNIT_GARRISON_I,27,flag,CanExpel,
UNIT_GARRISON_I,28,flag,CanPillage,
UNIT_GARRISON_I,29,flag,CanPirate,
UNIT_GARRISON_I,30,flag,ExertsMartialLaw,
UNIT_GARRISON_I,31,flag,DeathEffectsHappy,
UNIT_GARRISON_I,32,kv,SoundSelect1,SOUND_SELECT1_SAMURAI
UNIT_GARRISON_I,33,kv,SoundSelect2,SOUND_SELECT2_SAMURAI
UNIT_GARRISON_I,34,kv,SoundMove,SOUND_MOVE_SAMURAI
UNIT_GARRISON_I,35,kv,SoundAcknowledge,SOUND_ACKNOWLEDGE_SAMURAI
UNIT_GARRISON_I,36,kv,SoundCantMove,SOUND_CANTMOVE_SAMURAI
UNIT_GARRISON_I,37,kv,SoundAttack,SOUND_ATTACK_SAMURAI
UNIT_GARRISON_I,38,kv,SoundWork,SOUND_WORK_SAMURAI
UNIT_GARRISON_I,39,kv,SoundVictory,SOUND_VICTORY_SAMURAI
UNIT_GARRISON_I,40,kv,SoundDeath,SOUND_DEATH_SAMURAI
UNIT_GARRISON_I,41,sublist,CanAttack,Land
UNIT_GARRISON_I,42,sublist,CanAttack,Mountain
UNIT_GARRISON_I,43,sublist,CanBombard,Land
UNIT_GARRISON_I,44,sublist,CanBombard,Mountain
UNIT_GARRISON_I,45,sublist,CanBombard,Water
UNIT_GARRISON_I,46,sublist,CanSee,Standard
UNIT_GARRISON_I,47,sublist,CanSee,Stealth
UNIT_GARRISON_I,48,sublist,MovementType,Land
UNIT_GARRISON_I,49,sublist,MovementType,Mountain
UNIT_GARRISON_I,50,sublist,Size,Medium
UNIT_GARRISON_I,51,sublist,VisionClass,Standard
UNIT_GARRISON_I,52,nested,CanReform,"[{""t"": ""kv"", ""k"": ""Sound"", ""v"": ""SOUND_ID_REFORM_CITY""}, {""t"": ""kv"", ""k"": ""Effect"", ""v"": ""SPECEFFECT_REFORMCITY""}]"
UNIT_GARRISON_II,0,flag,CantBuild,
UNIT_GARRISON_II,1,flag,GLHidden,
UNIT_GARRISON_II,2,kv,Description,DESCRIPTION_UNIT_KNIGHT
UNIT_GARRISON_II,3,kv,DefaultIcon,ICON_UNIT_GARRISON_II
UNIT_GARRISON_II,4,kv,DefaultSprite,SPRITE_GARRISON_II
UNIT_GARRISON_II,5,kv,Category,UNIT_CATEGORY_RANGED
UNIT_GARRISON_II,6,kv,Attack,40
UNIT_GARRISON_II,7,kv,Defense,40
UNIT_GARRISON_II,8,kv,ZBRangeAttack,20
UNIT_GARRISON_II,9,kv,Firepower,2
UNIT_GARRISON_II,10,kv,Armor,1
UNIT_GARRISON_II,11,kv,MaxHP,50
UNIT_GARRISON_II,12,kv,ShieldCost,1000
UNIT_GARRISON_II,13,kv,PowerPoints,300
UNIT_GARRISON_II,14,kv,ShieldHunger,5
UNIT_GARRISON_II,15,kv,FoodHunger,0
UNIT_GARRISON_II,16,kv,MaxMovePoints,0
UNIT_GARRISON_II,17,kv,VisionRange,3
UNIT_GARRISON_II,18,kv,EnableAdvance,ADVANCE_HEXTAPUL
UNIT_GARRISON_II,19,kv,BombRounds,2
UNIT_GARRISON_II,20,kv,BombardRange,1
UNIT_GARRISON_II,21,flag,CanCounterBombard,
UNIT_GARRISON_II,22,kv,ActiveDefenseRange,0
UNIT_GARRISON_II,23,flag,LossMoveToDmgNone,
UNIT_GARRISON_II,24,kv,MaxFuel,0
UNIT_GARRISON_II,25,flag,CanEntrench,
UNIT_GARRISON_II,26,flag,NoZoc,
UNIT_GARRISON_II,27,flag,CanExpel,
UNIT_GARRISON_II,28,flag,CanPillage,
UNIT_GARRISON_II,29,flag,CanPirate,
UNIT_GARRISON_II,30,flag,ExertsMartialLaw,
UNIT_GARRISON_II,31,flag,DeathEffectsHappy,
UNIT_GARRISON_II,32,kv,SoundSelect1,SOUND_SELECT1_SAMURAI
UNIT_GARRISON_II,33,kv,SoundSelect2,SOUND_SELECT2_SAMURAI
UNIT_GARRISON_II,34,kv,SoundMove,SOUND_MOVE_SAMURAI
UNIT_GARRISON_II,35,kv,SoundAcknowledge,SOUND_ACKNOWLEDGE_SAMURAI
UNIT_GARRISON_II,36,kv,SoundCantMove,SOUND_CANTMOVE_SAMURAI
UNIT_GARRISON_II,37,kv,SoundAttack,SOUND_ATTACK_SAMURAI
UNIT_GARRISON_II,38,kv,SoundWork,SOUND_WORK_SAMURAI
UNIT_GARRISON_II,39,kv,SoundVictory,SOUND_VICTORY_SAMURAI
UNIT_GARRISON_II,40,kv,SoundDeath,SOUND_DEATH_SAMURAI
UNIT_GARRISON_II,41,sublist,CanAttack,Land
UNIT_GARRISON_II,42,sublist,CanAttack,Mountain
UNIT_GARRISON_II,43,sublist,CanBombard,Land
UNIT_GARRISON_II,44,sublist,CanBombard,Mountain
UNIT_GARRISON_II,45,sublist,CanBombard,Water
UNIT_GARRISON_II,46,sublist,CanSee,Standard
UNIT_GARRISON_II,47,sublist,CanSee,Stealth
UNIT_GARRISON_II,48,sublist,MovementType,Land
UNIT_GARRISON_II,49,sublist,MovementType,Mountain
UNIT_GARRISON_II,50,sublist,Size,Medium
UNIT_GARRISON_II,51,sublist,VisionClass,Standard
UNIT_GARRISON_II,52,nested,CanReform,"[{""t"": ""kv"", ""k"": ""Sound"", ""v"": ""SOUND_ID_REFORM_CITY""}, {""t"": ""kv"", ""k"": ""Effect"", ""v"": ""SPECEFFECT_REFORMCITY""}]"
UNIT_GARRISON_III,0,flag,CantBuild,
UNIT_GARRISON_III,1,flag,GLHidden,
UNIT_GARRISON_III,2,kv,Description,DESCRIPTION_UNIT_KNIGHT
UNIT_GARRISON_III,3,kv,DefaultIcon,ICON_UNIT_GARRISON_III
UNIT_GARRISON_III,4,kv,DefaultSprite,SPRITE_GARRISON_III
UNIT_GARRISON_III,5,kv,Category,UNIT_CATEGORY_FLANKER
UNIT_GARRISON_III,6,kv,Attack,40
UNIT_GARRISON_III,7,kv,Defense,40
UNIT_GARRISON_III,8,kv,ZBRangeAttack,20
UNIT_GARRISON_III,9,kv,Firepower,2
UNIT_GARRISON_III,10,kv,Armor,1
UNIT_GARRISON_III,11,kv,MaxHP,30
UNIT_GARRISON_III,12,kv,ShieldCost,1000
UNIT_GARRISON_III,13,kv,PowerPoints,300
UNIT_GARRISON_III,14,kv,ShieldHunger,5
UNIT_GARRISON_III,15,kv,FoodHunger,0
UNIT_GARRISON_III,16,kv,MaxMovePoints,0
UNIT_GARRISON_III,17,kv,VisionRange,3
UNIT_GARRISON_III,18,kv,EnableAdvance,ADVANCE_HEXTAPUL
UNIT_GARRISON_III,19,kv,BombRounds,3
UNIT_GARRISON_III,20,kv,BombardRange,1
UNIT_GARRISON_III,21,flag,CanCounterBombard,
UNIT_GARRISON_III,22,kv,ActiveDefenseRange,0
UNIT_GARRISON_III,23,flag,LossMoveToDmgNone,
UNIT_GARRISON_III,24,kv,MaxFuel,0
UNIT_GARRISON_III,25,flag,CanEntrench,
UNIT_GARRISON_III,26,flag,IsFlanker,
UNIT_GARRISON_III,27,flag,NoZoc,
UNIT_GARRISON_III,28,flag,CanExpel,
UNIT_GARRISON_III,29,flag,CanPillage,
UNIT_GARRISON_III,30,flag,CanPirate,
UNIT_GARRISON_III,31,flag,ExertsMartialLaw,
UNIT_GARRISON_III,32,flag,DeathEffectsHappy,
UNIT_GARRISON_III,33,kv,SoundSelect1,SOUND_SELECT1_SAMURAI
UNIT_GARRISON_III,34,kv,SoundSelect2,SOUND_SELECT2_SAMURAI
UNIT_GARRISON_III,35,kv,SoundMove,SOUND_MOVE_SAMURAI
UNIT_GARRISON_III,36,kv,SoundAcknowledge,SOUND_ACKNOWLEDGE_SAMURAI
UNIT_GARRISON_III,37,kv,SoundCantMove,SOUND_CANTMOVE_SAMURAI
UNIT_GARRISON_III,38,kv,SoundAttack,SOUND_ATTACK_SAMURAI
UNIT_GARRISON_III,39,kv,SoundWork,SOUND_WORK_SAMURAI
UNIT_GARRISON_III,40,kv,SoundVictory,SOUND_VICTORY_SAMURAI
UNIT_GARRISON_III,41,kv,SoundDeath,SOUND_DEATH_SAMURAI
UNIT_GARRISON_III,42,sublist,CanAttack,Land
UNIT_GARRISON_III,43,sublist,CanAttack,Mountain
UNIT_GARRISON_III,44,sublist,CanBombard,Land
UNIT_GARRISON_III,45,sublist,CanBombard,Mountain
UNIT_GARRISON_III,46,sublist,CanBombard,Water
UNIT_GARRISON_III,47,sublist,CanSee,Standard
UNIT_GARRISON_III,48,sublist,CanSee,Stealth
UNIT_GARRISON_III,49,sublist,MovementType,Land
UNIT_GARRISON_III,50,sublist,MovementType,Mountain
UNIT_GARRISON_III,51,sublist,Size,Medium
UNIT_GARRISON_III,52,sublist,VisionClass,Standard
UNIT_GARRISON_III,53,nested,CanReform,"[{""t"": ""kv"", ""k"": ""Sound"", ""v"": ""SOUND_ID_REFORM_CITY""}, {""t"": ""kv"", ""k"": ""Effect"", ""v"": ""SPECEFFECT_REFORMCITY""}]"
UNIT_GARRISON_IV,0,flag,CantBuild,
UNIT_GARRISON_IV,1,flag,GLHidden,
UNIT_GARRISON_IV,2,kv,Description,DESCRIPTION_UNIT_KNIGHT
UNIT_GARRISON_IV,3,kv,DefaultIcon,ICON_UNIT_GARRISON_IV
UNIT_GARRISON_IV,4,kv,DefaultSprite,SPRITE_GARRISON_IV
UNIT_GARRISON_IV,5,kv,Category,UNIT_CATEGORY_RANGED
UNIT_GARRISON_IV,6,kv,Attack,40
UNIT_GARRISON_IV,7,kv,Defense,40
UNIT_GARRISON_IV,8,kv,ZBRangeAttack,35
UNIT_GARRISON_IV,9,kv,Firepower,2
UNIT_GARRISON_IV,10,kv,Armor,1
UNIT_GARRISON_IV,11,kv,MaxHP,20
UNIT_GARRISON_IV,12,kv,ShieldCost,1000
UNIT_GARRISON_IV,13,kv,PowerPoints,300
UNIT_GARRISON_IV,14,kv,ShieldHunger,5
UNIT_GARRISON_IV,15,kv,FoodHunger,0
UNIT_GARRISON_IV,16,kv,MaxMovePoints,0
UNIT_GARRISON_IV,17,kv,VisionRange,3
UNIT_GARRISON_IV,18,kv,EnableAdvance,ADVANCE_HEXTAPUL
UNIT_GARRISON_IV,19,kv,BombRounds,5
UNIT_GARRISON_IV,20,kv,BombardRange,1
UNIT_GARRISON_IV,21,flag,CanCounterBombard,
UNIT_GARRISON_IV,22,kv,ActiveDefenseRange,0
UNIT_GARRISON_IV,23,flag,LossMoveToDmgNone,
UNIT_GARRISON_IV,24,kv,MaxFuel,0
UNIT_GARRISON_IV,25,flag,CanEntrench,
UNIT_GARRISON_IV,26,flag,NoZoc,
UNIT_GARRISON_IV,27,flag,CanExpel,
UNIT_GARRISON_IV,28,flag,CanPillage,
UNIT_GARRISON_IV,29,flag,CanPirate,
UNIT_GARRISON_IV,30,flag,ExertsMartialLaw,
UNIT_GARRISON_IV,31,flag,DeathEffectsHappy,
UNIT_GARRISON_IV,32,kv,SoundSelect1,SOUND_SELECT1_SAMURAI
UNIT_GARRISON_IV,33,kv,SoundSelect2,SOUND_SELECT2_SAMURAI
UNIT_GARRISON_IV,34,kv,SoundMove,SOUND_MOVE_SAMURAI
UNIT_GARRISON_IV,35,kv,SoundAcknowledge,SOUND_ACKNOWLEDGE_SAMURAI
UNIT_GARRISON_IV,36,kv,SoundCantMove,SOUND_CANTMOVE_SAMURAI
UNIT_GARRISON_IV,37,kv,SoundAttack,SOUND_ATTACK_SAMURAI
UNIT_GARRISON_IV,38,kv,SoundWork,SOUND_WORK_SAMURAI
UNIT_GARRISON_IV,39,kv,SoundVictory,SOUND_VICTORY_SAMURAI
UNIT_GARRISON_IV,40,kv,SoundDeath,SOUND_DEATH_SAMURAI
UNIT_GARRISON_IV,41,sublist,CanAttack,Land
UNIT_GARRISON_IV,42,sublist,CanAttack,Mountain
UNIT_GARRISON_IV,43,sublist,CanBombard,Land
UNIT_GARRISON_IV,44,sublist,CanBombard,Mountain
UNIT_GARRISON_IV,45,sublist,CanBombard,Water
UNIT_GARRISON_IV,46,sublist,CanSee,Standard
UNIT_GARRISON_IV,47,sublist,CanSee,Stealth
UNIT_GARRISON_IV,48,sublist,MovementType,Land
UNIT_GARRISON_IV,49,sublist,MovementType,Mountain
UNIT_GARRISON_IV,50,sublist,Size,Medium
UNIT_GARRISON_IV,51,sublist,VisionClass,Standard
UNIT_GARRISON_IV,52,nested,CanReform,"[{""t"": ""kv"", ""k"": ""Sound"", ""v"": ""SOUND_ID_REFORM_CITY""}, {""t"": ""kv"", ""k"": ""Effect"", ""v"": ""SPECEFFECT_REFORMCITY""}]"
