block_id,seq,type,key,val
UNIT_H_ANGMAR,0,kv,Description,DESCRIPTION_UNIT_PIKEMEN
UNIT_H_ANGMAR,1,kv,DefaultIcon,ICON_UNIT_H_ANGMAR
UNIT_H_ANGMAR,2,kv,DefaultSprite,SPRITE_H_ANGMAR
UNIT_H_ANGMAR,3,kv,Category,UNIT_CATEGORY_RANGED
UNIT_H_ANGMAR,4,kv,Attack,70
UNIT_H_ANGMAR,5,kv,Defense,70
UNIT_H_ANGMAR,6,kv,ZBRangeAttack,70
UNIT_H_ANGMAR,7,kv,Firepower,2
UNIT_H_ANGMAR,8,kv,Armor,1
UNIT_H_ANGMAR,9,kv,MaxHP,25
UNIT_H_ANGMAR,10,kv,ShieldCost,1000
UNIT_H_ANGMAR,11,kv,PowerPoints,400
UNIT_H_ANGMAR,12,kv,ShieldHunger,7
UNIT_H_ANGMAR,13,kv,FoodHunger,0
UNIT_H_ANGMAR,14,kv,MaxMovePoints,0
UNIT_H_ANGMAR,15,kv,VisionRange,1
UNIT_H_ANGMAR,16,kv,EnableAdvance,ADVANCE_HEXTAPUL
UNIT_H_ANGMAR,17,kv,BombRounds,5
UNIT_H_ANGMAR,18,kv,BombardRange,1
UNIT_H_ANGMAR,19,flag,CanCounterBombard,
UNIT_H_ANGMAR,20,kv,ActiveDefenseRange,0
UNIT_H_ANGMAR,21,flag,LossMoveToDmgNone,
UNIT_H_ANGMAR,22,kv,MaxFuel,0
UNIT_H_ANGMAR,23,flag,CanEntrench,
UNIT_H_ANGMAR,24,flag,NoZoc,
UNIT_H_ANGMAR,25,flag,CanExpel,
UNIT_H_ANGMAR,26,flag,CanPillage,
UNIT_H_ANGMAR,27,flag,CanPirate,
UNIT_H_ANGMAR,28,flag,ExertsMartialLaw,
UNIT_H_ANGMAR,29,flag,DeathEffectsHappy,
UNIT_H_ANGMAR,30,flag,BonusAgainstMounted,
UNIT_H_ANGMAR,31,kv,MountedBonus,0.2
UNIT_H_ANGMAR,32,flag,OnlyBuildOne,
UNIT_H_ANGMAR,33,flag,VictoryEnslavement,
UNIT_H_ANGMAR,34,kv,SoundSelect1,SOUND_SELECT1_PIKEMEN
UNIT_H_ANGMAR,35,kv,SoundSelect2,SOUND_SELECT2_PIKEMEN
UNIT_H_ANGMAR,36,kv,SoundMove,SOUND_MOVE_PIKEMEN
UNIT_H_ANGMAR,37,kv,SoundAcknowledge,SOUND_ACKNOWLEDGE_PIKEMEN
UNIT_H_ANGMAR,38,kv,SoundCantMove,SOUND_CANTMOVE_PIKEMEN
UNIT_H_ANGMAR,39,kv,SoundAttack,SOUND_ATTACK_PIKEMEN
UNIT_H_ANGMAR,40,kv,SoundWork,SOUND_WORK_PIKEMEN
UNIT_H_ANGMAR,41,kv,SoundVictory,SOUND_VICTORY_PIKEMEN
UNIT_H_ANGMAR,42,kv,SoundDeath,SOUND_DEATH_PIKEMEN
UNIT_H_ANGMAR,43,sublist,CanAttack,Land
UNIT_H_ANGMAR,44,sublist,CanAttack,Mountain
UNIT_H_ANGMAR,45,sublist,CanBombard,Land
UNIT_H_ANGMAR,46,sublist,CanBombard,Mountain
UNIT_H_ANGMAR,47,sublist,CanBombard,Water
UNIT_H_ANGMAR,48,sublist,CanSee,Standard
UNIT_H_ANGMAR,49,sublist,MovementType,Land
UNIT_H_ANGMAR,50,sublist,MovementType,Mountain
UNIT_H_ANGMAR,51,sublist,Size,Medium
UNIT_H_ANGMAR,52,sublist,VisionClass,Standard
UNIT_H_ANGMAR,53,nested,CanReform,"[{""t"": ""kv"", ""k"": ""Sound"", ""v"": ""SOUND_ID_REFORM_CITY""}, {""t"": ""kv"", ""k"": ""Effect"", ""v"": ""SPECEFFECT_REFORMCITY""}]"
UNIT_ANGMAR_H1,0,kv,Description,DESCRIPTION_UNIT_PIKEMEN
UNIT_ANGMAR_H1,1,kv,DefaultIcon,ICON_UNIT_ANGMAR_H1
UNIT_ANGMAR_H1,2,kv,DefaultSprite,SPRITE_ANGMAR_H1
UNIT_ANGMAR_H1,3,kv,Category,UNIT_CATEGORY_FLANKER
UNIT_ANGMAR_H1,4,kv,Attack,25
UNIT_ANGMAR_H1,5,kv,Defense,25
UNIT_ANGMAR_H1,6,kv,ZBRangeAttack,0
UNIT_ANGMAR_H1,7,kv,Firepower,1
UNIT_ANGMAR_H1,8,kv,Armor,1
UNIT_ANGMAR_H1,9,kv,MaxHP,15
UNIT_ANGMAR_H1,10,kv,ShieldCost,1000
UNIT_ANGMAR_H1,11,kv,PowerPoints,200
UNIT_ANGMAR_H1,12,kv,ShieldHunger,6
UNIT_ANGMAR_H1,13,kv,FoodHunger,0
UNIT_ANGMAR_H1,14,kv,MaxMovePoints,300
UNIT_ANGMAR_H1,15,kv,VisionRange,2
UNIT_ANGMAR_H1,16,kv,EnableAdvance,ADVANCE_HEXTAPUL
UNIT_ANGMAR_H1,17,kv,ActiveDefenseRange,0
UNIT_ANGMAR_H1,18,flag,LossMoveToDmgNone,
UNIT_ANGMAR_H1,19,kv,MaxFuel,0
UNIT_ANGMAR_H1,20,flag,CanEntrench,
UNIT_ANGMAR_H1,21,flag,NoZoc,
UNIT_ANGMAR_H1,22,flag,CanExpel,
UNIT_ANGMAR_H1,23,flag,CanPillage,
UNIT_ANGMAR_H1,24,flag,CanPirate,
UNIT_ANGMAR_H1,25,flag,ExertsMartialLaw,
UNIT_ANGMAR_H1,26,flag,DeathEffectsHappy,
UNIT_ANGMAR_H1,27,flag,IsFlanker,
UNIT_ANGMAR_H1,28,flag,OnlyBuildOne,
UNIT_ANGMAR_H1,29,flag,BonusAgainstMounted,
UNIT_ANGMAR_H1,30,kv,MountedBonus,0.1
UNIT_ANGMAR_H1,31,flag,VictoryEnslavement,
UNIT_ANGMAR_H1,32,kv,SoundSelect1,SOUND_SELECT1_KNIGHT
UNIT_ANGMAR_H1,33,kv,SoundSelect2,SOUND_SELECT2_KNIGHT
UNIT_ANGMAR_H1,34,kv,SoundMove,SOUND_MOVE_KNIGHT
UNIT_ANGMAR_H1,35,kv,SoundAcknowledge,SOUND_ACKNOWLEDGE_KNIGHT
UNIT_ANGMAR_H1,36,kv,SoundCantMove,SOUND_CANTMOVE_KNIGHT
UNIT_ANGMAR_H1,37,kv,SoundAttack,SOUND_ATTACK_KNIGHT
UNIT_ANGMAR_H1,38,kv,SoundWork,SOUND_WORK_KNIGHT
UNIT_ANGMAR_H1,39,kv,SoundVictory,SOUND_VICTORY_KNIGHT
UNIT_ANGMAR_H1,40,kv,SoundDeath,SOUND_DEATH_KNIGHT
UNIT_ANGMAR_H1,41,sublist,CanAttack,Land
UNIT_ANGMAR_H1,42,sublist,CanAttack,Mountain
UNIT_ANGMAR_H1,43,sublist,CanSee,Standard
UNIT_ANGMAR_H1,44,sublist,MovementType,Land
UNIT_ANGMAR_H1,45,sublist,MovementType,Mountain
UNIT_ANGMAR_H1,46,sublist,Size,Medium
UNIT_ANGMAR_H1,47,sublist,VisionClass,Standard
UNIT_ANGMAR_H1,48,nested,CanReform,"[{""t"": ""kv"", ""k"": ""Sound"", ""v"": ""SOUND_ID_REFORM_CITY""}, {""t"": ""kv"", ""k"": ""Effect"", ""v"": ""SPECEFFECT_REFORMCITY""}]"
UNIT_ANGMAR_H2,0,kv,Description,DESCRIPTION_UNIT_PIKEMEN
UNIT_ANGMAR_H2,1,kv,DefaultIcon,ICON_UNIT_ANGMAR_H2
UNIT_ANGMAR_H2,2,kv,DefaultSprite,SPRITE_ANGMAR_H2
UNIT_ANGMAR_H2,3,kv,Category,UNIT_CATEGORY_FLANKER
UNIT_ANGMAR_H2,4,kv,Attack,30
UNIT_ANGMAR_H2,5,kv,Defense,30
UNIT_ANGMAR_H2,6,kv,ZBRangeAttack,0
UNIT_ANGMAR_H2,7,kv,Firepower,1
UNIT_ANGMAR_H2,8,kv,Armor,1
UNIT_ANGMAR_H2,9,kv,MaxHP,15
UNIT_ANGMAR_H2,10,kv,ShieldCost,1000
UNIT_ANGMAR_H2,11,kv,PowerPoints,200
UNIT_ANGMAR_H2,12,kv,ShieldHunger,6
UNIT_ANGMAR_H2,13,kv,FoodHunger,0
UNIT_ANGMAR_H2,14,kv,MaxMovePoints,300
UNIT_ANGMAR_H2,15,kv,VisionRange,2
UNIT_ANGMAR_H2,16,kv,EnableAdvance,ADVANCE_HEXTAPUL
UNIT_ANGMAR_H2,17,kv,ActiveDefenseRange,0
UNIT_ANGMAR_H2,18,flag,LossMoveToDmgNone,
UNIT_ANGMAR_H2,19,kv,MaxFuel,0
UNIT_ANGMAR_H2,20,flag,CanEntrench,
UNIT_ANGMAR_H2,21,flag,NoZoc,
UNIT_ANGMAR_H2,22,flag,CanExpel,
UNIT_ANGMAR_H2,23,flag,CanPillage,
UNIT_ANGMAR_H2,24,flag,CanPirate,
UNIT_ANGMAR_H2,25,flag,ExertsMartialLaw,
UNIT_ANGMAR_H2,26,flag,DeathEffectsHappy,
UNIT_ANGMAR_H2,27,flag,IsFlanker,
UNIT_ANGMAR_H2,28,flag,OnlyBuildOne,
UNIT_ANGMAR_H2,29,flag,BonusAgainstMounted,
UNIT_ANGMAR_H2,30,kv,MountedBonus,0.1
UNIT_ANGMAR_H2,31,flag,VictoryEnslavement,
UNIT_ANGMAR_H2,32,kv,SoundSelect1,SOUND_SELECT1_KNIGHT
UNIT_ANGMAR_H2,33,kv,SoundSelect2,SOUND_SELECT2_KNIGHT
UNIT_ANGMAR_H2,34,kv,SoundMove,SOUND_MOVE_KNIGHT
UNIT_ANGMAR_H2,35,kv,SoundAcknowledge,SOUND_ACKNOWLEDGE_KNIGHT
UNIT_ANGMAR_H2,36,kv,SoundCantMove,SOUND_CANTMOVE_KNIGHT
UNIT_ANGMAR_H2,37,kv,SoundAttack,SOUND_ATTACK_KNIGHT
UNIT_ANGMAR_H2,38,kv,SoundWork,SOUND_WORK_KNIGHT
UNIT_ANGMAR_H2,39,kv,SoundVictory,SOUND_VICTORY_KNIGHT
UNIT_ANGMAR_H2,40,kv,SoundDeath,SOUND_DEATH_KNIGHT
UNIT_ANGMAR_H2,41,sublist,CanAttack,Land
UNIT_ANGMAR_H2,42,sublist,CanAttack,Mountain
UNIT_ANGMAR_H2,43,sublist,CanSee,Standard
UNIT_ANGMAR_H2,44,sublist,MovementType,Land
UNIT_ANGMAR_H2,45,sublist,MovementType,Mountain
UNIT_ANGMAR_H2,46,sublist,Size,Medium
UNIT_ANGMAR_H2,47,sublist,VisionClass,Standard
UNIT_ANGMAR_H2,48,nested,CanReform,"[{""t"": ""kv"", ""k"": ""Sound"", ""v"": ""SOUND_ID_REFORM_CITY""}, {""t"": ""kv"", ""k"": ""Effect"", ""v"": ""SPECEFFECT_REFORMCITY""}]"
UNIT_ANGMAR_H3,0,kv,Description,DESCRIPTION_UNIT_PIKEMEN
UNIT_ANGMAR_H3,1,kv,DefaultIcon,ICON_UNIT_ANGMAR_H3
UNIT_ANGMAR_H3,2,kv,DefaultSprite,SPRITE_ANGMAR_H3
UNIT_ANGMAR_H3,3,kv,Category,UNIT_CATEGORY_FLANKER
UNIT_ANGMAR_H3,4,kv,Attack,40
UNIT_ANGMAR_H3,5,kv,Defense,35
UNIT_ANGMAR_H3,6,kv,ZBRangeAttack,35
UNIT_ANGMAR_H3,7,kv,Firepower,1
UNIT_ANGMAR_H3,8,kv,Armor,1
UNIT_ANGMAR_H3,9,kv,MaxHP,15
UNIT_ANGMAR_H3,10,kv,ShieldCost,1000
UNIT_ANGMAR_H3,11,kv,PowerPoints,200
UNIT_ANGMAR_H3,12,kv,ShieldHunger,6
UNIT_ANGMAR_H3,13,kv,FoodHunger,0
UNIT_ANGMAR_H3,14,kv,MaxMovePoints,300
UNIT_ANGMAR_H3,15,kv,VisionRange,2
UNIT_ANGMAR_H3,16,kv,EnableAdvance,ADVANCE_HEXTAPUL
UNIT_ANGMAR_H3,17,kv,ActiveDefenseRange,0
UNIT_ANGMAR_H3,18,flag,LossMoveToDmgNone,
UNIT_ANGMAR_H3,19,kv,MaxFuel,0
UNIT_ANGMAR_H3,20,flag,CanEntrench,
UNIT_ANGMAR_H3,21,flag,NoZoc,
UNIT_ANGMAR_H3,22,flag,CanExpel,
UNIT_ANGMAR_H3,23,flag,CanPillage,
UNIT_ANGMAR_H3,24,flag,CanPirate,
UNIT_ANGMAR_H3,25,flag,ExertsMartialLaw,
UNIT_ANGMAR_H3,26,flag,DeathEffectsHappy,
UNIT_ANGMAR_H3,27,flag,IsFlanker,
UNIT_ANGMAR_H3,28,flag,OnlyBuildOne,
UNIT_ANGMAR_H3,29,flag,BonusAgainstMounted,
UNIT_ANGMAR_H3,30,kv,MountedBonus,0.1
UNIT_ANGMAR_H3,31,flag,VictoryEnslavement,
UNIT_ANGMAR_H3,32,kv,SoundSelect1,SOUND_SELECT1_KNIGHT
UNIT_ANGMAR_H3,33,kv,SoundSelect2,SOUND_SELECT2_KNIGHT
UNIT_ANGMAR_H3,34,kv,SoundMove,SOUND_MOVE_KNIGHT
UNIT_ANGMAR_H3,35,kv,SoundAcknowledge,SOUND_ACKNOWLEDGE_KNIGHT
UNIT_ANGMAR_H3,36,kv,SoundCantMove,SOUND_CANTMOVE_KNIGHT
UNIT_ANGMAR_H3,37,kv,SoundAttack,SOUND_ATTACK_KNIGHT
UNIT_ANGMAR_H3,38,kv,SoundWork,SOUND_WORK_KNIGHT
UNIT_ANGMAR_H3,39,kv,SoundVictory,SOUND_VICTORY_KNIGHT
UNIT_ANGMAR_H3,40,kv,SoundDeath,SOUND_DEATH_KNIGHT
UNIT_ANGMAR_H3,41,sublist,CanAttack,Land
UNIT_ANGMAR_H3,42,sublist,CanAttack,Mountain
UNIT_ANGMAR_H3,43,sublist,CanSee,Standard
UNIT_ANGMAR_H3,44,sublist,MovementType,Land
UNIT_ANGMAR_H3,45,sublist,MovementType,Mountain
UNIT_ANGMAR_H3,46,sublist,Size,Medium
UNIT_ANGMAR_H3,47,sublist,VisionClass,Standard
UNIT_ANGMAR_H3,48,nested,CanReform,"[{""t"": ""kv"", ""k"": ""Sound"", ""v"": ""SOUND_ID_REFORM_CITY""}, {""t"": ""kv"", ""k"": ""Effect"", ""v"": ""SPECEFFECT_REFORMCITY""}]"
UNIT_ANGMAR_H4,0,kv,Description,DESCRIPTION_UNIT_PIKEMEN
UNIT_ANGMAR_H4,1,kv,DefaultIcon,ICON_UNIT_ANGMAR_H4
UNIT_ANGMAR_H4,2,kv,DefaultSprite,SPRITE_ANGMAR_H4
UNIT_ANGMAR_H4,3,kv,Category,UNIT_CATEGORY_RANGED
UNIT_ANGMAR_H4,4,kv,Attack,45
UNIT_ANGMAR_H4,5,kv,Defense,45
UNIT_ANGMAR_H4,6,kv,ZBRangeAttack,35
UNIT_ANGMAR_H4,7,kv,Firepower,2
UNIT_ANGMAR_H4,8,kv,Armor,1
UNIT_ANGMAR_H4,9,kv,MaxHP,18
UNIT_ANGMAR_H4,10,kv,ShieldCost,1000
UNIT_ANGMAR_H4,11,kv,PowerPoints,200
UNIT_ANGMAR_H4,12,kv,ShieldHunger,6
UNIT_ANGMAR_H4,13,kv,FoodHunger,0
UNIT_ANGMAR_H4,14,kv,MaxMovePoints,300
UNIT_ANGMAR_H4,15,kv,VisionRange,2
UNIT_ANGMAR_H4,16,kv,EnableAdvance,ADVANCE_HEXTAPUL
UNIT_ANGMAR_H4,17,kv,BombRounds,3
UNIT_ANGMAR_H4,18,kv,BombardRange,1
UNIT_ANGMAR_H4,19,flag,CanCounterBombard,
UNIT_ANGMAR_H4,20,kv,ActiveDefenseRange,0
UNIT_ANGMAR_H4,21,flag,LossMoveToDmgNone,
UNIT_ANGMAR_H4,22,kv,MaxFuel,0
UNIT_ANGMAR_H4,23,flag,CanEntrench,
UNIT_ANGMAR_H4,24,flag,NoZoc,
UNIT_ANGMAR_H4,25,flag,CanExpel,
UNIT_ANGMAR_H4,26,flag,CanPillage,
UNIT_ANGMAR_H4,27,flag,CanPirate,
UNIT_ANGMAR_H4,28,flag,ExertsMartialLaw,
UNIT_ANGMAR_H4,29,flag,DeathEffectsHappy,
UNIT_ANGMAR_H4,30,flag,OnlyBuildOne,
UNIT_ANGMAR_H4,31,flag,BonusAgainstMounted,
UNIT_ANGMAR_H4,32,kv,MountedBonus,0.1
UNIT_ANGMAR_H4,33,flag,VictoryEnslavement,
UNIT_ANGMAR_H4,34,kv,SoundSelect1,SOUND_SELECT1_KNIGHT
UNIT_ANGMAR_H4,35,kv,SoundSelect2,SOUND_SELECT2_KNIGHT
UNIT_ANGMAR_H4,36,kv,SoundMove,SOUND_MOVE_KNIGHT
UNIT_ANGMAR_H4,37,kv,SoundAcknowledge,SOUND_ACKNOWLEDGE_KNIGHT
UNIT_ANGMAR_H4,38,kv,SoundCantMove,SOUND_CANTMOVE_KNIGHT
UNIT_ANGMAR_H4,39,kv,SoundAttack,SOUND_ATTACK_KNIGHT
UNIT_ANGMAR_H4,40,kv,SoundWork,SOUND_WORK_KNIGHT
UNIT_ANGMAR_H4,41,kv,SoundVictory,SOUND_VICTORY_KNIGHT
UNIT_ANGMAR_H4,42,kv,SoundDeath,SOUND_DEATH_KNIGHT
UNIT_ANGMAR_H4,43,sublist,CanAttack,Land
UNIT_ANGMAR_H4,44,sublist,CanAttack,Mountain
UNIT_ANGMAR_H4,45,sublist,CanBombard,Land
UNIT_ANGMAR_H4,46,sublist,CanBombard,Mountain
UNIT_ANGMAR_H4,47,sublist,CanBombard,Water
UNIT_ANGMAR_H4,48,sublist,CanSee,Standard
UNIT_ANGMAR_H4,49,sublist,CanSee,Stealth
UNIT_ANGMAR_H4,50,sublist,MovementType,Land
UNIT_ANGMAR_H4,51,sublist,MovementType,Mountain
UNIT_ANGMAR_H4,52,sublist,Size,Medium
UNIT_ANGMAR_H4,53,sublist,VisionClass,Standard
UNIT_ANGMAR_H4,54,nested,CanReform,"[{""t"": ""kv"", ""k"": ""Sound"", ""v"": ""SOUND_ID_REFORM_CITY""}, {""t"": ""kv"", ""k"": ""Effect"", ""v"": ""SPECEFFECT_REFORMCITY""}]"
UNIT_H_ARNOR,0,kv,Description,DESCRIPTION_UNIT_PIKEMEN
UNIT_H_ARNOR,1,kv,DefaultIcon,ICON_UNIT_H_ARNOR
UNIT_H_ARNOR,2,kv,DefaultSprite,SPRITE_H_ARNOR
UNIT_H_ARNOR,3,kv,Category,UNIT_CATEGORY_RANGED
UNIT_H_ARNOR,4,kv,Attack,70
UNIT_H_ARNOR,5,kv,Defense,70
UNIT_H_ARNOR,6,kv,ZBRangeAttack,70
UNIT_H_ARNOR,7,kv,Firepower,2
UNIT_H_ARNOR,8,kv,Armor,1
UNIT_H_ARNOR,9,kv,MaxHP,25
UNIT_H_ARNOR,10,kv,ShieldCost,1000
UNIT_H_ARNOR,11,kv,PowerPoints,400
UNIT_H_ARNOR,12,kv,ShieldHunger,7
UNIT_H_ARNOR,13,kv,FoodHunger,0
UNIT_H_ARNOR,14,kv,MaxMovePoints,0
UNIT_H_ARNOR,15,kv,VisionRange,1
UNIT_H_ARNOR,16,kv,EnableAdvance,ADVANCE_HEXTAPUL
UNIT_H_ARNOR,17,kv,BombRounds,5
UNIT_H_ARNOR,18,kv,BombardRange,1
UNIT_H_ARNOR,19,flag,CanCounterBombard,
UNIT_H_ARNOR,20,kv,ActiveDefenseRange,0
UNIT_H_ARNOR,21,flag,LossMoveToDmgNone,
UNIT_H_ARNOR,22,kv,MaxFuel,0
UNIT_H_ARNOR,23,flag,CanEntrench,
UNIT_H_ARNOR,24,flag,NoZoc,
UNIT_H_ARNOR,25,flag,CanExpel,
UNIT_H_ARNOR,26,flag,CanPillage,
UNIT_H_ARNOR,27,flag,CanPirate,
UNIT_H_ARNOR,28,flag,ExertsMartialLaw,
UNIT_H_ARNOR,29,flag,DeathEffectsHappy,
UNIT_H_ARNOR,30,flag,BonusAgainstMounted,
UNIT_H_ARNOR,31,kv,MountedBonus,0.2
UNIT_H_ARNOR,32,flag,OnlyBuildOne,
UNIT_H_ARNOR,33,kv,SoundSelect1,SOUND_SELECT1_PIKEMEN
UNIT_H_ARNOR,34,kv,SoundSelect2,SOUND_SELECT2_PIKEMEN
UNIT_H_ARNOR,35,kv,SoundMove,SOUND_MOVE_PIKEMEN
UNIT_H_ARNOR,36,kv,SoundAcknowledge,SOUND_ACKNOWLEDGE_PIKEMEN
UNIT_H_ARNOR,37,kv,SoundCantMove,SOUND_CANTMOVE_PIKEMEN
UNIT_H_ARNOR,38,kv,SoundAttack,SOUND_ATTACK_PIKEMEN
UNIT_H_ARNOR,39,kv,SoundWork,SOUND_WORK_PIKEMEN
UNIT_H_ARNOR,40,kv,SoundVictory,SOUND_VICTORY_PIKEMEN
UNIT_H_ARNOR,41,kv,SoundDeath,SOUND_DEATH_PIKEMEN
UNIT_H_ARNOR,42,sublist,CanAttack,Land
UNIT_H_ARNOR,43,sublist,CanAttack,Mountain
UNIT_H_ARNOR,44,sublist,CanBombard,Land
UNIT_H_ARNOR,45,sublist,CanBombard,Mountain
UNIT_H_ARNOR,46,sublist,CanBombard,Water
UNIT_H_ARNOR,47,sublist,CanSee,Standard
UNIT_H_ARNOR,48,sublist,MovementType,Land
UNIT_H_ARNOR,49,sublist,MovementType,Mountain
UNIT_H_ARNOR,50,sublist,Size,Medium
UNIT_H_ARNOR,51,sublist,VisionClass,Standard
UNIT_H_ARNOR,52,nested,CanReform,"[{""t"": ""kv"", ""k"": ""Sound"", ""v"": ""SOUND_ID_REFORM_CITY""}, {""t"": ""kv"", ""k"": ""Effect"", ""v"": ""SPECEFFECT_REFORMCITY""}]"
UNIT_ARNOR_H1,0,kv,Description,DESCRIPTION_UNIT_PIKEMEN
UNIT_ARNOR_H1,1,kv,DefaultIcon,ICON_UNIT_ARNOR_H1
UNIT_ARNOR_H1,2,kv,DefaultSprite,SPRITE_ARNOR_H1
UNIT_ARNOR_H1,3,kv,Category,UNIT_CATEGORY_ATTACK
UNIT_ARNOR_H1,4,kv,Attack,25
UNIT_ARNOR_H1,5,kv,Defense,25
UNIT_ARNOR_H1,6,kv,ZBRangeAttack,20
UNIT_ARNOR_H1,7,kv,Firepower,2
UNIT_ARNOR_H1,8,kv,Armor,1
UNIT_ARNOR_H1,9,kv,MaxHP,20
UNIT_ARNOR_H1,10,kv,ShieldCost,1000
UNIT_ARNOR_H1,11,kv,PowerPoints,400
UNIT_ARNOR_H1,12,kv,ShieldHunger,7
UNIT_ARNOR_H1,13,kv,FoodHunger,0
UNIT_ARNOR_H1,14,kv,MaxMovePoints,200
UNIT_ARNOR_H1,15,kv,VisionRange,1
UNIT_ARNOR_H1,16,kv,EnableAdvance,ADVANCE_HEXTAPUL
UNIT_ARNOR_H1,17,kv,BombRounds,2
UNIT_ARNOR_H1,18,kv,BombardRange,1
UNIT_ARNOR_H1,19,flag,CanCounterBombard,
UNIT_ARNOR_H1,20,kv,ActiveDefenseRange,0
UNIT_ARNOR_H1,21,flag,LossMoveToDmgNone,
UNIT_ARNOR_H1,22,kv,MaxFuel,0
UNIT_ARNOR_H1,23,flag,CanEntrench,
UNIT_ARNOR_H1,24,flag,NoZoc,
UNIT_ARNOR_H1,25,flag,CanExpel,
UNIT_ARNOR_H1,26,flag,CanPillage,
UNIT_ARNOR_H1,27,flag,CanPirate,
UNIT_ARNOR_H1,28,flag,ExertsMartialLaw,
UNIT_ARNOR_H1,29,flag,DeathEffectsHappy,
UNIT_ARNOR_H1,30,flag,BonusAgainstMounted,
UNIT_ARNOR_H1,31,kv,MountedBonus,0.2
UNIT_ARNOR_H1,32,flag,OnlyBuildOne,
UNIT_ARNOR_H1,33,kv,SoundSelect1,SOUND_SELECT1_PIKEMEN
UNIT_ARNOR_H1,34,kv,SoundSelect2,SOUND_SELECT2_PIKEMEN
UNIT_ARNOR_H1,35,kv,SoundMove,SOUND_MOVE_PIKEMEN
UNIT_ARNOR_H1,36,kv,SoundAcknowledge,SOUND_ACKNOWLEDGE_PIKEMEN
UNIT_ARNOR_H1,37,kv,SoundCantMove,SOUND_CANTMOVE_PIKEMEN
UNIT_ARNOR_H1,38,kv,SoundAttack,SOUND_ATTACK_PIKEMEN
UNIT_ARNOR_H1,39,kv,SoundWork,SOUND_WORK_PIKEMEN
UNIT_ARNOR_H1,40,kv,SoundVictory,SOUND_VICTORY_PIKEMEN
UNIT_ARNOR_H1,41,kv,SoundDeath,SOUND_DEATH_PIKEMEN
UNIT_ARNOR_H1,42,sublist,CanAttack,Land
UNIT_ARNOR_H1,43,sublist,CanAttack,Mountain
UNIT_ARNOR_H1,44,sublist,CanBombard,Land
UNIT_ARNOR_H1,45,sublist,CanBombard,Mountain
UNIT_ARNOR_H1,46,sublist,CanBombard,Water
UNIT_ARNOR_H1,47,sublist,CanSee,Standard
UNIT_ARNOR_H1,48,sublist,MovementType,Land
UNIT_ARNOR_H1,49,sublist,MovementType,Mountain
UNIT_ARNOR_H1,50,sublist,Size,Medium
UNIT_ARNOR_H1,51,sublist,VisionClass,Standard
UNIT_ARNOR_H1,52,nested,CanReform,"[{""t"": ""kv"", ""k"": ""Sound"", ""v"": ""SOUND_ID_REFORM_CITY""}, {""t"": ""kv"", ""k"": ""Effect"", ""v"": ""SPECEFFECT_REFORMCITY""}]"
UNIT_ARNOR_H2,0,kv,Description,DESCRIPTION_UNIT_PIKEMEN
UNIT_ARNOR_H2,1,kv,DefaultIcon,ICON_UNIT_ARNOR_H2
UNIT_ARNOR_H2,2,kv,DefaultSprite,SPRITE_ARNOR_H2
UNIT_ARNOR_H2,3,kv,Category,UNIT_CATEGORY_ATTACK
UNIT_ARNOR_H2,4,kv,Attack,30
UNIT_ARNOR_H2,5,kv,Defense,30
UNIT_ARNOR_H2,6,kv,ZBRangeAttack,25
UNIT_ARNOR_H2,7,kv,Firepower,2
UNIT_ARNOR_H2,8,kv,Armor,1
UNIT_ARNOR_H2,9,kv,MaxHP,20
UNIT_ARNOR_H2,10,kv,ShieldCost,1000
UNIT_ARNOR_H2,11,kv,PowerPoints,400
UNIT_ARNOR_H2,12,kv,ShieldHunger,7
UNIT_ARNOR_H2,13,kv,FoodHunger,0
UNIT_ARNOR_H2,14,kv,MaxMovePoints,200
UNIT_ARNOR_H2,15,kv,VisionRange,1
UNIT_ARNOR_H2,16,kv,EnableAdvance,ADVANCE_HEXTAPUL
UNIT_ARNOR_H2,17,kv,BombRounds,2
UNIT_ARNOR_H2,18,kv,BombardRange,1
UNIT_ARNOR_H2,19,flag,CanCounterBombard,
UNIT_ARNOR_H2,20,kv,ActiveDefenseRange,0
UNIT_ARNOR_H2,21,flag,LossMoveToDmgNone,
UNIT_ARNOR_H2,22,kv,MaxFuel,0
UNIT_ARNOR_H2,23,flag,CanEntrench,
UNIT_ARNOR_H2,24,flag,NoZoc,
UNIT_ARNOR_H2,25,flag,CanExpel,
UNIT_ARNOR_H2,26,flag,CanPillage,
UNIT_ARNOR_H2,27,flag,CanPirate,
UNIT_ARNOR_H2,28,flag,ExertsMartialLaw,
UNIT_ARNOR_H2,29,flag,DeathEffectsHappy,
UNIT_ARNOR_H2,30,flag,BonusAgainstMounted,
UNIT_ARNOR_H2,31,kv,MountedBonus,0.2
UNIT_ARNOR_H2,32,flag,OnlyBuildOne,
UNIT_ARNOR_H2,33,kv,SoundSelect1,SOUND_SELECT1_PIKEMEN
UNIT_ARNOR_H2,34,kv,SoundSelect2,SOUND_SELECT2_PIKEMEN
UNIT_ARNOR_H2,35,kv,SoundMove,SOUND_MOVE_PIKEMEN
UNIT_ARNOR_H2,36,kv,SoundAcknowledge,SOUND_ACKNOWLEDGE_PIKEMEN
UNIT_ARNOR_H2,37,kv,SoundCantMove,SOUND_CANTMOVE_PIKEMEN
UNIT_ARNOR_H2,38,kv,SoundAttack,SOUND_ATTACK_PIKEMEN
UNIT_ARNOR_H2,39,kv,SoundWork,SOUND_WORK_PIKEMEN
UNIT_ARNOR_H2,40,kv,SoundVictory,SOUND_VICTORY_PIKEMEN
UNIT_ARNOR_H2,41,kv,SoundDeath,SOUND_DEATH_PIKEMEN
UNIT_ARNOR_H2,42,sublist,CanAttack,Land
UNIT_ARNOR_H2,43,sublist,CanAttack,Mountain
UNIT_ARNOR_H2,44,sublist,CanBombard,Land
UNIT_ARNOR_H2,45,sublist,CanBombard,Mountain
UNIT_ARNOR_H2,46,sublist,CanBombard,Water
UNIT_ARNOR_H2,47,sublist,CanSee,Standard
UNIT_ARNOR_H2,48,sublist,MovementType,Land
UNIT_ARNOR_H2,49,sublist,MovementType,Mountain
UNIT_ARNOR_H2,50,sublist,Size,Medium
UNIT_ARNOR_H2,51,sublist,VisionClass,Standard
UNIT_ARNOR_H2,52,nested,CanReform,"[{""t"": ""kv"", ""k"": ""Sound"", ""v"": ""SOUND_ID_REFORM_CITY""}, {""t"": ""kv"", ""k"": ""Effect"", ""v"": ""SPECEFFECT_REFORMCITY""}]"
UNIT_ARNOR_H3,0,kv,Description,DESCRIPTION_UNIT_PIKEMEN
UNIT_ARNOR_H3,1,kv,DefaultIcon,ICON_UNIT_ARNOR_H3
UNIT_ARNOR_H3,2,kv,DefaultSprite,SPRITE_ARNOR_H3
UNIT_ARNOR_H3,3,kv,Category,UNIT_CATEGORY_ATTACK
UNIT_ARNOR_H3,4,kv,Attack,35
UNIT_ARNOR_H3,5,kv,Defense,35
UNIT_ARNOR_H3,6,kv,ZBRangeAttack,25
UNIT_ARNOR_H3,7,kv,Firepower,2
UNIT_ARNOR_H3,8,kv,Armor,1
UNIT_ARNOR_H3,9,kv,MaxHP,20
UNIT_ARNOR_H3,10,kv,ShieldCost,1000
UNIT_ARNOR_H3,11,kv,PowerPoints,400
UNIT_ARNOR_H3,12,kv,ShieldHunger,7
UNIT_ARNOR_H3,13,kv,FoodHunger,0
UNIT_ARNOR_H3,14,kv,MaxMovePoints,200
UNIT_ARNOR_H3,15,kv,VisionRange,1
UNIT_ARNOR_H3,16,kv,EnableAdvance,ADVANCE_HEXTAPUL
UNIT_ARNOR_H3,17,kv,BombRounds,2
UNIT_ARNOR_H3,18,kv,BombardRange,1
UNIT_ARNOR_H3,19,flag,CanCounterBombard,
UNIT_ARNOR_H3,20,kv,ActiveDefenseRange,0
UNIT_ARNOR_H3,21,flag,LossMoveToDmgNone,
UNIT_ARNOR_H3,22,kv,MaxFuel,0
UNIT_ARNOR_H3,23,flag,CanEntrench,
UNIT_ARNOR_H3,24,flag,NoZoc,
UNIT_ARNOR_H3,25,flag,CanExpel,
UNIT_ARNOR_H3,26,flag,CanPillage,
UNIT_ARNOR_H3,27,flag,CanPirate,
UNIT_ARNOR_H3,28,flag,ExertsMartialLaw,
UNIT_ARNOR_H3,29,flag,DeathEffectsHappy,
UNIT_ARNOR_H3,30,flag,BonusAgainstMounted,
UNIT_ARNOR_H3,31,kv,MountedBonus,0.2
UNIT_ARNOR_H3,32,flag,OnlyBuildOne,
UNIT_ARNOR_H3,33,kv,SoundSelect1,SOUND_SELECT1_PIKEMEN
UNIT_ARNOR_H3,34,kv,SoundSelect2,SOUND_SELECT2_PIKEMEN
UNIT_ARNOR_H3,35,kv,SoundMove,SOUND_MOVE_PIKEMEN
UNIT_ARNOR_H3,36,kv,SoundAcknowledge,SOUND_ACKNOWLEDGE_PIKEMEN
UNIT_ARNOR_H3,37,kv,SoundCantMove,SOUND_CANTMOVE_PIKEMEN
UNIT_ARNOR_H3,38,kv,SoundAttack,SOUND_ATTACK_PIKEMEN
UNIT_ARNOR_H3,39,kv,SoundWork,SOUND_WORK_PIKEMEN
UNIT_ARNOR_H3,40,kv,SoundVictory,SOUND_VICTORY_PIKEMEN
UNIT_ARNOR_H3,41,kv,SoundDeath,SOUND_DEATH_PIKEMEN
UNIT_ARNOR_H3,42,sublist,CanAttack,Land
UNIT_ARNOR_H3,43,sublist,CanAttack,Mountain
UNIT_ARNOR_H3,44,sublist,CanBombard,Land
UNIT_ARNOR_H3,45,sublist,CanBombard,Mountain
UNIT_ARNOR_H3,46,sublist,CanBombard,Water
UNIT_ARNOR_H3,47,sublist,CanSee,Standard
UNIT_ARNOR_H3,48,sublist,MovementType,Land
UNIT_ARNOR_H3,49,sublist,MovementType,Mountain
UNIT_ARNOR_H3,50,sublist,Size,Medium
UNIT_ARNOR_H3,51,sublist,VisionClass,Standard
UNIT_ARNOR_H3,52,nested,CanReform,"[{""t"": ""kv"", ""k"": ""Sound"", ""v"": ""SOUND_ID_REFORM_CITY""}, {""t"": ""kv"", ""k"": ""Effect"", ""v"": ""SPECEFFECT_REFORMCITY""}]"
UNIT_ARNOR_H4,0,kv,Description,DESCRIPTION_UNIT_PIKEMEN
UNIT_ARNOR_H4,1,kv,DefaultIcon,ICON_UNIT_ARNOR_H4
UNIT_ARNOR_H4,2,kv,DefaultSprite,SPRITE_ARNOR_H4
UNIT_ARNOR_H4,3,kv,Category,UNIT_CATEGORY_RANGED
UNIT_ARNOR_H4,4,kv,Attack,55
UNIT_ARNOR_H4,5,kv,Defense,55
UNIT_ARNOR_H4,6,kv,ZBRangeAttack,45
UNIT_ARNOR_H4,7,kv,Firepower,2
UNIT_ARNOR_H4,8,kv,Armor,1
UNIT_ARNOR_H4,9,kv,MaxHP,20
UNIT_ARNOR_H4,10,kv,ShieldCost,1800
UNIT_ARNOR_H4,11,kv,PowerPoints,400
UNIT_ARNOR_H4,12,kv,ShieldHunger,7
UNIT_ARNOR_H4,13,kv,FoodHunger,0
UNIT_ARNOR_H4,14,kv,MaxMovePoints,300
UNIT_ARNOR_H4,15,kv,VisionRange,1
UNIT_ARNOR_H4,16,kv,EnableAdvance,ADVANCE_HEXTAPUL
UNIT_ARNOR_H4,17,kv,BombRounds,3
UNIT_ARNOR_H4,18,kv,BombardRange,1
UNIT_ARNOR_H4,19,flag,CanCounterBombard,
UNIT_ARNOR_H4,20,kv,ActiveDefenseRange,0
UNIT_ARNOR_H4,21,flag,LossMoveToDmgNone,
UNIT_ARNOR_H4,22,kv,MaxFuel,0
UNIT_ARNOR_H4,23,flag,CanEntrench,
UNIT_ARNOR_H4,24,flag,NoZoc,
UNIT_ARNOR_H4,25,flag,CanExpel,
UNIT_ARNOR_H4,26,flag,CanPillage,
UNIT_ARNOR_H4,27,flag,CanPirate,
UNIT_ARNOR_H4,28,flag,ExertsMartialLaw,
UNIT_ARNOR_H4,29,flag,DeathEffectsHappy,
UNIT_ARNOR_H4,30,flag,BonusAgainstMounted,
UNIT_ARNOR_H4,31,kv,MountedBonus,0.2
UNIT_ARNOR_H4,32,flag,OnlyBuildOne,
UNIT_ARNOR_H4,33,kv,SoundSelect1,SOUND_SELECT1_PIKEMEN
UNIT_ARNOR_H4,34,kv,SoundSelect2,SOUND_SELECT2_PIKEMEN
UNIT_ARNOR_H4,35,kv,SoundMove,SOUND_MOVE_PIKEMEN
UNIT_ARNOR_H4,36,kv,SoundAcknowledge,SOUND_ACKNOWLEDGE_PIKEMEN
UNIT_ARNOR_H4,37,kv,SoundCantMove,SOUND_CANTMOVE_PIKEMEN
UNIT_ARNOR_H4,38,kv,SoundAttack,SOUND_ATTACK_PIKEMEN
UNIT_ARNOR_H4,39,kv,SoundWork,SOUND_WORK_PIKEMEN
UNIT_ARNOR_H4,40,kv,SoundVictory,SOUND_VICTORY_PIKEMEN
UNIT_ARNOR_H4,41,kv,SoundDeath,SOUND_DEATH_PIKEMEN
UNIT_ARNOR_H4,42,sublist,CanAttack,Land
UNIT_ARNOR_H4,43,sublist,CanAttack,Mountain
UNIT_ARNOR_H4,44,sublist,CanBombard,Land
UNIT_ARNOR_H4,45,sublist,CanBombard,Mountain
UNIT_ARNOR_H4,46,sublist,CanBombard,Water
UNIT_ARNOR_H4,47,sublist,CanSee,Standard
UNIT_ARNOR_H4,48,sublist,MovementType,Land
UNIT_ARNOR_H4,49,sublist,MovementType,Mountain
UNIT_ARNOR_H4,50,sublist,Size,Medium
UNIT_ARNOR_H4,51,sublist,VisionClass,Standard
UNIT_ARNOR_H4,52,nested,CanReform,"[{""t"": ""kv"", ""k"": ""Sound"", ""v"": ""SOUND_ID_REFORM_CITY""}, {""t"": ""kv"", ""k"": ""Effect"", ""v"": ""SPECEFFECT_REFORMCITY""}]"
UNIT_H_DWARVES,0,kv,Description,DESCRIPTION_UNIT_PIKEMEN
UNIT_H_DWARVES,1,kv,DefaultIcon,ICON_UNIT_H_DWARVES
UNIT_H_DWARVES,2,kv,DefaultSprite,SPRITE_H_DWARVES
UNIT_H_DWARVES,3,kv,Category,UNIT_CATEGORY_RANGED
UNIT_H_DWARVES,4,kv,Attack,60
UNIT_H_DWARVES,5,kv,Defense,60
UNIT_H_DWARVES,6,kv,ZBRangeAttack,60
UNIT_H_DWARVES,7,kv,Firepower,2
UNIT_H_DWARVES,8,kv,Armor,1
UNIT_H_DWARVES,9,kv,MaxHP,25
UNIT_H_DWARVES,10,kv,ShieldCost,1000
UNIT_H_DWARVES,11,kv,PowerPoints,400
UNIT_H_DWARVES,12,kv,ShieldHunger,7
UNIT_H_DWARVES,13,kv,FoodHunger,0
UNIT_H_DWARVES,14,kv,MaxMovePoints,0
UNIT_H_DWARVES,15,kv,VisionRange,1
UNIT_H_DWARVES,16,kv,EnableAdvance,ADVANCE_HEXTAPUL
UNIT_H_DWARVES,17,kv,BombRounds,5
UNIT_H_DWARVES,18,kv,BombardRange,1
UNIT_H_DWARVES,19,flag,CanCounterBombard,
UNIT_H_DWARVES,20,kv,ActiveDefenseRange,0
UNIT_H_DWARVES,21,flag,LossMoveToDmgNone,
UNIT_H_DWARVES,22,kv,MaxFuel,0
UNIT_H_DWARVES,23,flag,CanEntrench,
UNIT_H_DWARVES,24,flag,NoZoc,
UNIT_H_DWARVES,25,flag,CanExpel,
UNIT_H_DWARVES,26,flag,CanPillage,
UNIT_H_DWARVES,27,flag,CanPirate,
UNIT_H_DWARVES,28,flag,ExertsMartialLaw,
UNIT_H_DWARVES,29,flag,DeathEffectsHappy,
UNIT_H_DWARVES,30,flag,BonusAgainstMounted,
UNIT_H_DWARVES,31,kv,MountedBonus,0.2
UNIT_H_DWARVES,32,flag,OnlyBuildOne,
UNIT_H_DWARVES,33,kv,SoundSelect1,SOUND_SELECT1_PIKEMEN
UNIT_H_DWARVES,34,kv,SoundSelect2,SOUND_SELECT2_PIKEMEN
UNIT_H_DWARVES,35,kv,SoundMove,SOUND_MOVE_PIKEMEN
UNIT_H_DWARVES,36,kv,SoundAcknowledge,SOUND_ACKNOWLEDGE_PIKEMEN
UNIT_H_DWARVES,37,kv,SoundCantMove,SOUND_CANTMOVE_PIKEMEN
UNIT_H_DWARVES,38,kv,SoundAttack,SOUND_ATTACK_PIKEMEN
UNIT_H_DWARVES,39,kv,SoundWork,SOUND_WORK_PIKEMEN
UNIT_H_DWARVES,40,kv,SoundVictory,SOUND_VICTORY_PIKEMEN
UNIT_H_DWARVES,41,kv,SoundDeath,SOUND_DEATH_PIKEMEN
UNIT_H_DWARVES,42,sublist,CanAttack,Land
UNIT_H_DWARVES,43,sublist,CanAttack,Mountain
UNIT_H_DWARVES,44,sublist,CanBombard,Land
UNIT_H_DWARVES,45,sublist,CanBombard,Mountain
UNIT_H_DWARVES,46,sublist,CanBombard,Water
UNIT_H_DWARVES,47,sublist,CanSee,Standard
UNIT_H_DWARVES,48,sublist,MovementType,Land
UNIT_H_DWARVES,49,sublist,MovementType,Mountain
UNIT_H_DWARVES,50,sublist,Size,Medium
UNIT_H_DWARVES,51,sublist,VisionClass,Standard
UNIT_H_DWARVES,52,nested,CanReform,"[{""t"": ""kv"", ""k"": ""Sound"", ""v"": ""SOUND_ID_REFORM_CITY""}, {""t"": ""kv"", ""k"": ""Effect"", ""v"": ""SPECEFFECT_REFORMCITY""}]"
UNIT_DWARVES_H1,0,kv,Description,DESCRIPTION_UNIT_PIKEMEN
UNIT_DWARVES_H1,1,kv,DefaultIcon,ICON_UNIT_DWARVES_H1
UNIT_DWARVES_H1,2,kv,DefaultSprite,SPRITE_DWARVES_H1
UNIT_DWARVES_H1,3,kv,Category,UNIT_CATEGORY_DEFENSE
UNIT_DWARVES_H1,4,kv,Attack,20
UNIT_DWARVES_H1,5,kv,Defense,20
UNIT_DWARVES_H1,6,kv,ZBRangeAttack,20
UNIT_DWARVES_H1,7,kv,Firepower,2
UNIT_DWARVES_H1,8,kv,Armor,1
UNIT_DWARVES_H1,9,kv,MaxHP,20
UNIT_DWARVES_H1,10,kv,ShieldCost,1000
UNIT_DWARVES_H1,11,kv,PowerPoints,400
UNIT_DWARVES_H1,12,kv,ShieldHunger,7
UNIT_DWARVES_H1,13,kv,FoodHunger,0
UNIT_DWARVES_H1,14,kv,MaxMovePoints,100
UNIT_DWARVES_H1,15,kv,VisionRange,1
UNIT_DWARVES_H1,16,kv,EnableAdvance,ADVANCE_HEXTAPUL
UNIT_DWARVES_H1,17,kv,BombRounds,2
UNIT_DWARVES_H1,18,kv,BombardRange,1
UNIT_DWARVES_H1,19,flag,CanCounterBombard,
UNIT_DWARVES_H1,20,kv,ActiveDefenseRange,0
UNIT_DWARVES_H1,21,flag,LossMoveToDmgNone,
UNIT_DWARVES_H1,22,kv,MaxFuel,0
UNIT_DWARVES_H1,23,flag,CanEntrench,
UNIT_DWARVES_H1,24,flag,NoZoc,
UNIT_DWARVES_H1,25,flag,CanExpel,
UNIT_DWARVES_H1,26,flag,CanPillage,
UNIT_DWARVES_H1,27,flag,CanPirate,
UNIT_DWARVES_H1,28,flag,ExertsMartialLaw,
UNIT_DWARVES_H1,29,flag,DeathEffectsHappy,
UNIT_DWARVES_H1,30,flag,BonusAgainstMounted,
UNIT_DWARVES_H1,31,kv,MountedBonus,0.2
UNIT_DWARVES_H1,32,flag,OnlyBuildOne,
UNIT_DWARVES_H1,33,kv,SoundSelect1,SOUND_SELECT1_PIKEMEN
UNIT_DWARVES_H1,34,kv,SoundSelect2,SOUND_SELECT2_PIKEMEN
UNIT_DWARVES_H1,35,kv,SoundMove,SOUND_MOVE_PIKEMEN
UNIT_DWARVES_H1,36,kv,SoundAcknowledge,SOUND_ACKNOWLEDGE_PIKEMEN
UNIT_DWARVES_H1,37,kv,SoundCantMove,SOUND_CANTMOVE_PIKEMEN
UNIT_DWARVES_H1,38,kv,SoundAttack,SOUND_ATTACK_PIKEMEN
UNIT_DWARVES_H1,39,kv,SoundWork,SOUND_WORK_PIKEMEN
UNIT_DWARVES_H1,40,kv,SoundVictory,SOUND_VICTORY_PIKEMEN
UNIT_DWARVES_H1,41,kv,SoundDeath,SOUND_DEATH_PIKEMEN
UNIT_DWARVES_H1,42,sublist,CanAttack,Land
UNIT_DWARVES_H1,43,sublist,CanAttack,Mountain
UNIT_DWARVES_H1,44,sublist,CanBombard,Land
UNIT_DWARVES_H1,45,sublist,CanBombard,Mountain
UNIT_DWARVES_H1,46,sublist,CanBombard,Water
UNIT_DWARVES_H1,47,sublist,CanSee,Standard
UNIT_DWARVES_H1,48,sublist,MovementType,Land
UNIT_DWARVES_H1,49,sublist,MovementType,Mountain
UNIT_DWARVES_H1,50,sublist,Size,Medium
UNIT_DWARVES_H1,51,sublist,VisionClass,Standard
UNIT_DWARVES_H1,52,nested,CanReform,"[{""t"": ""kv"", ""k"": ""Sound"", ""v"": ""SOUND_ID_REFORM_CITY""}, {""t"": ""kv"", ""k"": ""Effect"", ""v"": ""SPECEFFECT_REFORMCITY""}]"
UNIT_DWARVES_H2,0,kv,Description,DESCRIPTION_UNIT_PIKEMEN
UNIT_DWARVES_H2,1,kv,DefaultIcon,ICON_UNIT_DWARVES_H2
UNIT_DWARVES_H2,2,kv,DefaultSprite,SPRITE_DWARVES_H2
UNIT_DWARVES_H2,3,kv,Category,UNIT_CATEGORY_DEFENSE
UNIT_DWARVES_H2,4,kv,Attack,35
UNIT_DWARVES_H2,5,kv,Defense,35
UNIT_DWARVES_H2,6,kv,ZBRangeAttack,25
UNIT_DWARVES_H2,7,kv,Firepower,2
UNIT_DWARVES_H2,8,kv,Armor,1
UNIT_DWARVES_H2,9,kv,MaxHP,20
UNIT_DWARVES_H2,10,kv,ShieldCost,1000
UNIT_DWARVES_H2,11,kv,PowerPoints,400
UNIT_DWARVES_H2,12,kv,ShieldHunger,7
UNIT_DWARVES_H2,13,kv,FoodHunger,0
UNIT_DWARVES_H2,14,kv,MaxMovePoints,100
UNIT_DWARVES_H2,15,kv,VisionRange,1
UNIT_DWARVES_H2,16,kv,EnableAdvance,ADVANCE_HEXTAPUL
UNIT_DWARVES_H2,17,kv,BombRounds,2
UNIT_DWARVES_H2,18,kv,BombardRange,1
UNIT_DWARVES_H2,19,flag,CanCounterBombard,
UNIT_DWARVES_H2,20,kv,ActiveDefenseRange,0
UNIT_DWARVES_H2,21,flag,LossMoveToDmgNone,
UNIT_DWARVES_H2,22,kv,MaxFuel,0
UNIT_DWARVES_H2,23,flag,CanEntrench,
UNIT_DWARVES_H2,24,flag,NoZoc,
UNIT_DWARVES_H2,25,flag,CanExpel,
UNIT_DWARVES_H2,26,flag,CanPillage,
UNIT_DWARVES_H2,27,flag,CanPirate,
UNIT_DWARVES_H2,28,flag,ExertsMartialLaw,
UNIT_DWARVES_H2,29,flag,DeathEffectsHappy,
UNIT_DWARVES_H2,30,flag,BonusAgainstMounted,
UNIT_DWARVES_H2,31,kv,MountedBonus,0.2
UNIT_DWARVES_H2,32,flag,OnlyBuildOne,
UNIT_DWARVES_H2,33,kv,SoundSelect1,SOUND_SELECT1_PIKEMEN
UNIT_DWARVES_H2,34,kv,SoundSelect2,SOUND_SELECT2_PIKEMEN
UNIT_DWARVES_H2,35,kv,SoundMove,SOUND_MOVE_PIKEMEN
UNIT_DWARVES_H2,36,kv,SoundAcknowledge,SOUND_ACKNOWLEDGE_PIKEMEN
UNIT_DWARVES_H2,37,kv,SoundCantMove,SOUND_CANTMOVE_PIKEMEN
UNIT_DWARVES_H2,38,kv,SoundAttack,SOUND_ATTACK_PIKEMEN
UNIT_DWARVES_H2,39,kv,SoundWork,SOUND_WORK_PIKEMEN
UNIT_DWARVES_H2,40,kv,SoundVictory,SOUND_VICTORY_PIKEMEN
UNIT_DWARVES_H2,41,kv,SoundDeath,SOUND_DEATH_PIKEMEN
UNIT_DWARVES_H2,42,sublist,CanAttack,Land
UNIT_DWARVES_H2,43,sublist,CanAttack,Mountain
UNIT_DWARVES_H2,44,sublist,CanBombard,Land
UNIT_DWARVES_H2,45,sublist,CanBombard,Mountain
UNIT_DWARVES_H2,46,sublist,CanBombard,Water
UNIT_DWARVES_H2,47,sublist,CanSee,Standard
UNIT_DWARVES_H2,48,sublist,MovementType,Land
UNIT_DWARVES_H2,49,sublist,MovementType,Mountain
UNIT_DWARVES_H2,50,sublist,Size,Medium
UNIT_DWARVES_H2,51,sublist,VisionClass,Standard
UNIT_DWARVES_H2,52,nested,CanReform,"[{""t"": ""kv"", ""k"": ""Sound"", ""v"": ""SOUND_ID_REFORM_CITY""}, {""t"": ""kv"", ""k"": ""Effect"", ""v"": ""SPECEFFECT_REFORMCITY""}]"
UNIT_DWARVES_H3,0,kv,Description,DESCRIPTION_UNIT_PIKEMEN
UNIT_DWARVES_H3,1,kv,DefaultIcon,ICON_UNIT_DWARVES_H3
UNIT_DWARVES_H3,2,kv,DefaultSprite,SPRITE_DWARVES_H3
UNIT_DWARVES_H3,3,kv,Category,UNIT_CATEGORY_DEFENSE
UNIT_DWARVES_H3,4,kv,Attack,40
UNIT_DWARVES_H3,5,kv,Defense,40
UNIT_DWARVES_H3,6,kv,ZBRangeAttack,25
UNIT_DWARVES_H3,7,kv,Firepower,2
UNIT_DWARVES_H3,8,kv,Armor,1
UNIT_DWARVES_H3,9,kv,MaxHP,20
UNIT_DWARVES_H3,10,kv,ShieldCost,1000
UNIT_DWARVES_H3,11,kv,PowerPoints,400
UNIT_DWARVES_H3,12,kv,ShieldHunger,7
UNIT_DWARVES_H3,13,kv,FoodHunger,0
UNIT_DWARVES_H3,14,kv,MaxMovePoints,100
UNIT_DWARVES_H3,15,kv,VisionRange,1
UNIT_DWARVES_H3,16,kv,EnableAdvance,ADVANCE_HEXTAPUL
UNIT_DWARVES_H3,17,kv,BombRounds,3
UNIT_DWARVES_H3,18,kv,BombardRange,1
UNIT_DWARVES_H3,19,flag,CanCounterBombard,
UNIT_DWARVES_H3,20,kv,ActiveDefenseRange,0
UNIT_DWARVES_H3,21,flag,LossMoveToDmgNone,
UNIT_DWARVES_H3,22,kv,MaxFuel,0
UNIT_DWARVES_H3,23,flag,CanEntrench,
UNIT_DWARVES_H3,24,flag,NoZoc,
UNIT_DWARVES_H3,25,flag,CanExpel,
UNIT_DWARVES_H3,26,flag,CanPillage,
UNIT_DWARVES_H3,27,flag,CanPirate,
UNIT_DWARVES_H3,28,flag,ExertsMartialLaw,
UNIT_DWARVES_H3,29,flag,DeathEffectsHappy,
UNIT_DWARVES_H3,30,flag,BonusAgainstMounted,
UNIT_DWARVES_H3,31,kv,MountedBonus,0.2
UNIT_DWARVES_H3,32,flag,OnlyBuildOne,
UNIT_DWARVES_H3,33,kv,SoundSelect1,SOUND_SELECT1_PIKEMEN
UNIT_DWARVES_H3,34,kv,SoundSelect2,SOUND_SELECT2_PIKEMEN
UNIT_DWARVES_H3,35,kv,SoundMove,SOUND_MOVE_PIKEMEN
UNIT_DWARVES_H3,36,kv,SoundAcknowledge,SOUND_ACKNOWLEDGE_PIKEMEN
UNIT_DWARVES_H3,37,kv,SoundCantMove,SOUND_CANTMOVE_PIKEMEN
UNIT_DWARVES_H3,38,kv,SoundAttack,SOUND_ATTACK_PIKEMEN
UNIT_DWARVES_H3,39,kv,SoundWork,SOUND_WORK_PIKEMEN
UNIT_DWARVES_H3,40,kv,SoundVictory,SOUND_VICTORY_PIKEMEN
UNIT_DWARVES_H3,41,kv,SoundDeath,SOUND_DEATH_PIKEMEN
UNIT_DWARVES_H3,42,sublist,CanAttack,Land
UNIT_DWARVES_H3,43,sublist,CanAttack,Mountain
UNIT_DWARVES_H3,44,sublist,CanBombard,Land
UNIT_DWARVES_H3,45,sublist,CanBombard,Mountain
UNIT_DWARVES_H3,46,sublist,CanSee,Standard
UNIT_DWARVES_H3,47,sublist,MovementType,Land
UNIT_DWARVES_H3,48,sublist,MovementType,Mountain
UNIT_DWARVES_H3,49,sublist,Size,Medium
UNIT_DWARVES_H3,50,sublist,VisionClass,Standard
UNIT_DWARVES_H3,51,nested,CanReform,"[{""t"": ""kv"", ""k"": ""Sound"", ""v"": ""SOUND_ID_REFORM_CITY""}, {""t"": ""kv"", ""k"": ""Effect"", ""v"": ""SPECEFFECT_REFORMCITY""}]"
UNIT_DWARVES_H4,0,kv,Description,DESCRIPTION_UNIT_PIKEMEN
UNIT_DWARVES_H4,1,kv,DefaultIcon,ICON_UNIT_DWARVES_H4
UNIT_DWARVES_H4,2,kv,DefaultSprite,SPRITE_DWARVES_H4
UNIT_DWARVES_H4,3,kv,Category,UNIT_CATEGORY_RANGED
UNIT_DWARVES_H4,4,kv,Attack,50
UNIT_DWARVES_H4,5,kv,Defense,50
UNIT_DWARVES_H4,6,kv,ZBRangeAttack,45
UNIT_DWARVES_H4,7,kv,Firepower,2
UNIT_DWARVES_H4,8,kv,Armor,1
UNIT_DWARVES_H4,9,kv,MaxHP,20
UNIT_DWARVES_H4,10,kv,ShieldCost,1500
UNIT_DWARVES_H4,11,kv,PowerPoints,400
UNIT_DWARVES_H4,12,kv,ShieldHunger,7
UNIT_DWARVES_H4,13,kv,FoodHunger,0
UNIT_DWARVES_H4,14,kv,MaxMovePoints,300
UNIT_DWARVES_H4,15,kv,VisionRange,1
UNIT_DWARVES_H4,16,kv,EnableAdvance,ADVANCE_HEXTAPUL
UNIT_DWARVES_H4,17,kv,BombRounds,3
UNIT_DWARVES_H4,18,kv,BombardRange,1
UNIT_DWARVES_H4,19,flag,CanCounterBombard,
UNIT_DWARVES_H4,20,kv,ActiveDefenseRange,0
UNIT_DWARVES_H4,21,flag,LossMoveToDmgNone,
UNIT_DWARVES_H4,22,kv,MaxFuel,0
UNIT_DWARVES_H4,23,flag,CanEntrench,
UNIT_DWARVES_H4,24,flag,NoZoc,
UNIT_DWARVES_H4,25,flag,CanExpel,
UNIT_DWARVES_H4,26,flag,CanPillage,
UNIT_DWARVES_H4,27,flag,CanPirate,
UNIT_DWARVES_H4,28,flag,ExertsMartialLaw,
UNIT_DWARVES_H4,29,flag,DeathEffectsHappy,
UNIT_DWARVES_H4,30,flag,BonusAgainstMounted,
UNIT_DWARVES_H4,31,kv,MountedBonus,0.2
UNIT_DWARVES_H4,32,flag,OnlyBuildOne,
UNIT_DWARVES_H4,33,kv,SoundSelect1,SOUND_SELECT1_PIKEMEN
UNIT_DWARVES_H4,34,kv,SoundSelect2,SOUND_SELECT2_PIKEMEN
UNIT_DWARVES_H4,35,kv,SoundMove,SOUND_MOVE_PIKEMEN
UNIT_DWARVES_H4,36,kv,SoundAcknowledge,SOUND_ACKNOWLEDGE_PIKEMEN
UNIT_DWARVES_H4,37,kv,SoundCantMove,SOUND_CANTMOVE_PIKEMEN
UNIT_DWARVES_H4,38,kv,SoundAttack,SOUND_ATTACK_PIKEMEN
UNIT_DWARVES_H4,39,kv,SoundWork,SOUND_WORK_PIKEMEN
UNIT_DWARVES_H4,40,kv,SoundVictory,SOUND_VICTORY_PIKEMEN
UNIT_DWARVES_H4,41,kv,SoundDeath,SOUND_DEATH_PIKEMEN
UNIT_DWARVES_H4,42,sublist,CanAttack,Land
UNIT_DWARVES_H4,43,sublist,CanAttack,Mountain
UNIT_DWARVES_H4,44,sublist,CanBombard,Land
UNIT_DWARVES_H4,45,sublist,CanBombard,Mountain
UNIT_DWARVES_H4,46,sublist,CanSee,Standard
UNIT_DWARVES_H4,47,sublist,MovementType,Land
UNIT_DWARVES_H4,48,sublist,MovementType,Mountain
UNIT_DWARVES_H4,49,sublist,Size,Medium
UNIT_DWARVES_H4,50,sublist,VisionClass,Standard
UNIT_DWARVES_H4,51,nested,CanReform,"[{""t"": ""kv"", ""k"": ""Sound"", ""v"": ""SOUND_ID_REFORM_CITY""}, {""t"": ""kv"", ""k"": ""Effect"", ""v"": ""SPECEFFECT_REFORMCITY""}]"
UNIT_H_EASTERLING,0,kv,Description,DESCRIPTION_UNIT_PIKEMEN
UNIT_H_EASTERLING,1,kv,DefaultIcon,ICON_UNIT_H_EASTERLING
UNIT_H_EASTERLING,2,kv,DefaultSprite,SPRITE_H_EASTERLING
UNIT_H_EASTERLING,3,kv,Category,UNIT_CATEGORY_RANGED
UNIT_H_EASTERLING,4,kv,Attack,50
UNIT_H_EASTERLING,5,kv,Defense,50
UNIT_H_EASTERLING,6,kv,ZBRangeAttack,50
UNIT_H_EASTERLING,7,kv,Firepower,2
UNIT_H_EASTERLING,8,kv,Armor,1
UNIT_H_EASTERLING,9,kv,MaxHP,25
UNIT_H_EASTERLING,10,kv,ShieldCost,1000
UNIT_H_EASTERLING,11,kv,PowerPoints,400
UNIT_H_EASTERLING,12,kv,ShieldHunger,7
UNIT_H_EASTERLING,13,kv,FoodHunger,0
UNIT_H_EASTERLING,14,kv,MaxMovePoints,0
UNIT_H_EASTERLING,15,kv,VisionRange,1
UNIT_H_EASTERLING,16,kv,EnableAdvance,ADVANCE_HEXTAPUL
UNIT_H_EASTERLING,17,kv,BombRounds,5
UNIT_H_EASTERLING,18,kv,BombardRange,1
UNIT_H_EASTERLING,19,flag,CanCounterBombard,
UNIT_H_EASTERLING,20,kv,ActiveDefenseRange,0
UNIT_H_EASTERLING,21,flag,LossMoveToDmgNone,
UNIT_H_EASTERLING,22,kv,MaxFuel,0
UNIT_H_EASTERLING,23,flag,CanEntrench,
UNIT_H_EASTERLING,24,flag,NoZoc,
UNIT_H_EASTERLING,25,flag,CanExpel,
UNIT_H_EASTERLING,26,flag,CanPillage,
UNIT_H_EASTERLING,27,flag,CanPirate,
UNIT_H_EASTERLING,28,flag,ExertsMartialLaw,
UNIT_H_EASTERLING,29,flag,DeathEffectsHappy,
UNIT_H_EASTERLING,30,flag,BonusAgainstMounted,
UNIT_H_EASTERLING,31,kv,MountedBonus,0.2
UNIT_H_EASTERLING,32,flag,OnlyBuildOne,
UNIT_H_EASTERLING,33,flag,VictoryEnslavement,
UNIT_H_EASTERLING,34,kv,SoundSelect1,SOUND_SELECT1_PIKEMEN
UNIT_H_EASTERLING,35,kv,SoundSelect2,SOUND_SELECT2_PIKEMEN
UNIT_H_EASTERLING,36,kv,SoundMove,SOUND_MOVE_PIKEMEN
UNIT_H_EASTERLING,37,kv,SoundAcknowledge,SOUND_ACKNOWLEDGE_PIKEMEN
UNIT_H_EASTERLING,38,kv,SoundCantMove,SOUND_CANTMOVE_PIKEMEN
UNIT_H_EASTERLING,39,kv,SoundAttack,SOUND_ATTACK_PIKEMEN
UNIT_H_EASTERLING,40,kv,SoundWork,SOUND_WORK_PIKEMEN
UNIT_H_EASTERLING,41,kv,SoundVictory,SOUND_VICTORY_PIKEMEN
UNIT_H_EASTERLING,42,kv,SoundDeath,SOUND_DEATH_PIKEMEN
UNIT_H_EASTERLING,43,sublist,CanAttack,Land
UNIT_H_EASTERLING,44,sublist,CanAttack,Mountain
UNIT_H_EASTERLING,45,sublist,CanBombard,Land
UNIT_H_EASTERLING,46,sublist,CanBombard,Mountain
UNIT_H_EASTERLING,47,sublist,CanBombard,Water
UNIT_H_EASTERLING,48,sublist,CanSee,Standard
UNIT_H_EASTERLING,49,sublist,MovementType,Land
UNIT_H_EASTERLING,50,sublist,MovementType,Mountain
UNIT_H_EASTERLING,51,sublist,Size,Medium
UNIT_H_EASTERLING,52,sublist,VisionClass,Standard
UNIT_H_EASTERLING,53,nested,CanReform,"[{""t"": ""kv"", ""k"": ""Sound"", ""v"": ""SOUND_ID_REFORM_CITY""}, {""t"": ""kv"", ""k"": ""Effect"", ""v"": ""SPECEFFECT_REFORMCITY""}]"
UNIT_EASTERLING_H1,0,kv,Description,DESCRIPTION_UNIT_PIKEMEN
UNIT_EASTERLING_H1,1,kv,DefaultIcon,ICON_UNIT_EASTERLING_H1
UNIT_EASTERLING_H1,2,kv,DefaultSprite,SPRITE_EASTERLING_H1
UNIT_EASTERLING_H1,3,kv,Category,UNIT_CATEGORY_FLANKER
UNIT_EASTERLING_H1,4,kv,Attack,25
UNIT_EASTERLING_H1,5,kv,Defense,30
UNIT_EASTERLING_H1,6,kv,ZBRangeAttack,0
UNIT_EASTERLING_H1,7,kv,Firepower,1
UNIT_EASTERLING_H1,8,kv,Armor,1
UNIT_EASTERLING_H1,9,kv,MaxHP,15
UNIT_EASTERLING_H1,10,kv,ShieldCost,1000
UNIT_EASTERLING_H1,11,kv,PowerPoints,200
UNIT_EASTERLING_H1,12,kv,ShieldHunger,6
UNIT_EASTERLING_H1,13,kv,FoodHunger,0
UNIT_EASTERLING_H1,14,kv,MaxMovePoints,300
UNIT_EASTERLING_H1,15,kv,VisionRange,2
UNIT_EASTERLING_H1,16,flag,VictoryEnslavement,
UNIT_EASTERLING_H1,17,kv,EnableAdvance,ADVANCE_HEXTAPUL
UNIT_EASTERLING_H1,18,kv,ActiveDefenseRange,0
UNIT_EASTERLING_H1,19,flag,LossMoveToDmgNone,
UNIT_EASTERLING_H1,20,kv,MaxFuel,0
UNIT_EASTERLING_H1,21,flag,CanEntrench,
UNIT_EASTERLING_H1,22,flag,NoZoc,
UNIT_EASTERLING_H1,23,flag,CanExpel,
UNIT_EASTERLING_H1,24,flag,CanPillage,
UNIT_EASTERLING_H1,25,flag,CanPirate,
UNIT_EASTERLING_H1,26,flag,ExertsMartialLaw,
UNIT_EASTERLING_H1,27,flag,DeathEffectsHappy,
UNIT_EASTERLING_H1,28,flag,IsFlanker,
UNIT_EASTERLING_H1,29,flag,OnlyBuildOne,
UNIT_EASTERLING_H1,30,flag,BonusAgainstMounted,
UNIT_EASTERLING_H1,31,kv,MountedBonus,0.1
UNIT_EASTERLING_H1,32,kv,SoundSelect1,SOUND_SELECT1_KNIGHT
UNIT_EASTERLING_H1,33,kv,SoundSelect2,SOUND_SELECT2_KNIGHT
UNIT_EASTERLING_H1,34,kv,SoundMove,SOUND_MOVE_KNIGHT
UNIT_EASTERLING_H1,35,kv,SoundAcknowledge,SOUND_ACKNOWLEDGE_KNIGHT
UNIT_EASTERLING_H1,36,kv,SoundCantMove,SOUND_CANTMOVE_KNIGHT
UNIT_EASTERLING_H1,37,kv,SoundAttack,SOUND_ATTACK_KNIGHT
UNIT_EASTERLING_H1,38,kv,SoundWork,SOUND_WORK_KNIGHT
UNIT_EASTERLING_H1,39,kv,SoundVictory,SOUND_VICTORY_KNIGHT
UNIT_EASTERLING_H1,40,kv,SoundDeath,SOUND_DEATH_KNIGHT
UNIT_EASTERLING_H1,41,sublist,CanAttack,Land
UNIT_EASTERLING_H1,42,sublist,CanAttack,Mountain
UNIT_EASTERLING_H1,43,sublist,CanSee,Standard
UNIT_EASTERLING_H1,44,sublist,MovementType,Land
UNIT_EASTERLING_H1,45,sublist,MovementType,Mountain
UNIT_EASTERLING_H1,46,sublist,Size,Medium
UNIT_EASTERLING_H1,47,sublist,VisionClass,Standard
UNIT_EASTERLING_H1,48,nested,CanReform,"[{""t"": ""kv"", ""k"": ""Sound"", ""v"": ""SOUND_ID_REFORM_CITY""}, {""t"": ""kv"", ""k"": ""Effect"", ""v"": ""SPECEFFECT_REFORMCITY""}]"
UNIT_EASTERLING_H2,0,kv,Description,DESCRIPTION_UNIT_PIKEMEN
UNIT_EASTERLING_H2,1,kv,DefaultIcon,ICON_UNIT_EASTERLING_H2
UNIT_EASTERLING_H2,2,kv,DefaultSprite,SPRITE_EASTERLING_H2
UNIT_EASTERLING_H2,3,kv,Category,UNIT_CATEGORY_FLANKER
UNIT_EASTERLING_H2,4,kv,Attack,35
UNIT_EASTERLING_H2,5,kv,Defense,40
UNIT_EASTERLING_H2,6,kv,ZBRangeAttack,0
UNIT_EASTERLING_H2,7,kv,Firepower,1
UNIT_EASTERLING_H2,8,kv,Armor,1
UNIT_EASTERLING_H2,9,kv,MaxHP,15
UNIT_EASTERLING_H2,10,kv,ShieldCost,1000
UNIT_EASTERLING_H2,11,kv,PowerPoints,200
UNIT_EASTERLING_H2,12,kv,ShieldHunger,6
UNIT_EASTERLING_H2,13,kv,FoodHunger,0
UNIT_EASTERLING_H2,14,kv,MaxMovePoints,300
UNIT_EASTERLING_H2,15,kv,VisionRange,2
UNIT_EASTERLING_H2,16,flag,VictoryEnslavement,
UNIT_EASTERLING_H2,17,kv,EnableAdvance,ADVANCE_HEXTAPUL
UNIT_EASTERLING_H2,18,kv,ActiveDefenseRange,0
UNIT_EASTERLING_H2,19,flag,LossMoveToDmgNone,
UNIT_EASTERLING_H2,20,kv,MaxFuel,0
UNIT_EASTERLING_H2,21,flag,CanEntrench,
UNIT_EASTERLING_H2,22,flag,NoZoc,
UNIT_EASTERLING_H2,23,flag,CanExpel,
UNIT_EASTERLING_H2,24,flag,CanPillage,
UNIT_EASTERLING_H2,25,flag,CanPirate,
UNIT_EASTERLING_H2,26,flag,ExertsMartialLaw,
UNIT_EASTERLING_H2,27,flag,DeathEffectsHappy,
UNIT_EASTERLING_H2,28,flag,IsFlanker,
UNIT_EASTERLING_H2,29,flag,OnlyBuildOne,
UNIT_EASTERLING_H2,30,flag,BonusAgainstMounted,
UNIT_EASTERLING_H2,31,kv,MountedBonus,0.1
UNIT_EASTERLING_H2,32,kv,SoundSelect1,SOUND_SELECT1_KNIGHT
UNIT_EASTERLING_H2,33,kv,SoundSelect2,SOUND_SELECT2_KNIGHT
UNIT_EASTERLING_H2,34,kv,SoundMove,SOUND_MOVE_KNIGHT
UNIT_EASTERLING_H2,35,kv,SoundAcknowledge,SOUND_ACKNOWLEDGE_KNIGHT
UNIT_EASTERLING_H2,36,kv,SoundCantMove,SOUND_CANTMOVE_KNIGHT
UNIT_EASTERLING_H2,37,kv,SoundAttack,SOUND_ATTACK_KNIGHT
UNIT_EASTERLING_H2,38,kv,SoundWork,SOUND_WORK_KNIGHT
UNIT_EASTERLING_H2,39,kv,SoundVictory,SOUND_VICTORY_KNIGHT
UNIT_EASTERLING_H2,40,kv,SoundDeath,SOUND_DEATH_KNIGHT
UNIT_EASTERLING_H2,41,sublist,CanAttack,Land
UNIT_EASTERLING_H2,42,sublist,CanAttack,Mountain
UNIT_EASTERLING_H2,43,sublist,CanSee,Standard
UNIT_EASTERLING_H2,44,sublist,MovementType,Land
UNIT_EASTERLING_H2,45,sublist,MovementType,Mountain
UNIT_EASTERLING_H2,46,sublist,Size,Medium
UNIT_EASTERLING_H2,47,sublist,VisionClass,Standard
UNIT_EASTERLING_H2,48,nested,CanReform,"[{""t"": ""kv"", ""k"": ""Sound"", ""v"": ""SOUND_ID_REFORM_CITY""}, {""t"": ""kv"", ""k"": ""Effect"", ""v"": ""SPECEFFECT_REFORMCITY""}]"
UNIT_EASTERLING_H3,0,kv,Description,DESCRIPTION_UNIT_PIKEMEN
UNIT_EASTERLING_H3,1,kv,DefaultIcon,ICON_UNIT_EASTERLING_H3
UNIT_EASTERLING_H3,2,kv,DefaultSprite,SPRITE_EASTERLING_H3
UNIT_EASTERLING_H3,3,kv,Category,UNIT_CATEGORY_RANGED
UNIT_EASTERLING_H3,4,kv,Attack,45
UNIT_EASTERLING_H3,5,kv,Defense,45
UNIT_EASTERLING_H3,6,kv,ZBRangeAttack,30
UNIT_EASTERLING_H3,7,kv,Firepower,2
UNIT_EASTERLING_H3,8,kv,Armor,1
UNIT_EASTERLING_H3,9,kv,MaxHP,15
UNIT_EASTERLING_H3,10,kv,ShieldCost,1200
UNIT_EASTERLING_H3,11,kv,PowerPoints,200
UNIT_EASTERLING_H3,12,kv,ShieldHunger,6
UNIT_EASTERLING_H3,13,kv,FoodHunger,0
UNIT_EASTERLING_H3,14,kv,MaxMovePoints,300
UNIT_EASTERLING_H3,15,kv,VisionRange,2
UNIT_EASTERLING_H3,16,flag,VictoryEnslavement,
UNIT_EASTERLING_H3,17,kv,EnableAdvance,ADVANCE_HEXTAPUL
UNIT_EASTERLING_H3,18,kv,BombRounds,3
UNIT_EASTERLING_H3,19,kv,BombardRange,1
UNIT_EASTERLING_H3,20,flag,CanCounterBombard,
UNIT_EASTERLING_H3,21,kv,ActiveDefenseRange,0
UNIT_EASTERLING_H3,22,flag,LossMoveToDmgNone,
UNIT_EASTERLING_H3,23,kv,MaxFuel,0
UNIT_EASTERLING_H3,24,flag,CanEntrench,
UNIT_EASTERLING_H3,25,flag,NoZoc,
UNIT_EASTERLING_H3,26,flag,CanExpel,
UNIT_EASTERLING_H3,27,flag,CanPillage,
UNIT_EASTERLING_H3,28,flag,CanPirate,
UNIT_EASTERLING_H3,29,flag,ExertsMartialLaw,
UNIT_EASTERLING_H3,30,flag,DeathEffectsHappy,
UNIT_EASTERLING_H3,31,flag,OnlyBuildOne,
UNIT_EASTERLING_H3,32,flag,BonusAgainstMounted,
UNIT_EASTERLING_H3,33,kv,MountedBonus,0.1
UNIT_EASTERLING_H3,34,kv,SoundSelect1,SOUND_SELECT1_KNIGHT
UNIT_EASTERLING_H3,35,kv,SoundSelect2,SOUND_SELECT2_KNIGHT
UNIT_EASTERLING_H3,36,kv,SoundMove,SOUND_MOVE_KNIGHT
UNIT_EASTERLING_H3,37,kv,SoundAcknowledge,SOUND_ACKNOWLEDGE_KNIGHT
UNIT_EASTERLING_H3,38,kv,SoundCantMove,SOUND_CANTMOVE_KNIGHT
UNIT_EASTERLING_H3,39,kv,SoundAttack,SOUND_ATTACK_KNIGHT
UNIT_EASTERLING_H3,40,kv,SoundWork,SOUND_WORK_KNIGHT
UNIT_EASTERLING_H3,41,kv,SoundVictory,SOUND_VICTORY_KNIGHT
UNIT_EASTERLING_H3,42,kv,SoundDeath,SOUND_DEATH_KNIGHT
UNIT_EASTERLING_H3,43,sublist,CanAttack,Land
UNIT_EASTERLING_H3,44,sublist,CanAttack,Mountain
UNIT_EASTERLING_H3,45,sublist,CanBombard,Land
UNIT_EASTERLING_H3,46,sublist,CanBombard,Mountain
UNIT_EASTERLING_H3,47,sublist,CanBombard,Water
UNIT_EASTERLING_H3,48,sublist,CanSee,Standard
UNIT_EASTERLING_H3,49,sublist,MovementType,Land
UNIT_EASTERLING_H3,50,sublist,MovementType,Mountain
UNIT_EASTERLING_H3,51,sublist,Size,Medium
UNIT_EASTERLING_H3,52,sublist,VisionClass,Standard
UNIT_EASTERLING_H3,53,nested,CanReform,"[{""t"": ""kv"", ""k"": ""Sound"", ""v"": ""SOUND_ID_REFORM_CITY""}, {""t"": ""kv"", ""k"": ""Effect"", ""v"": ""SPECEFFECT_REFORMCITY""}]"
UNIT_H_GONDOR,0,kv,Description,DESCRIPTION_UNIT_PIKEMEN
UNIT_H_GONDOR,1,kv,DefaultIcon,ICON_UNIT_H_GONDOR
UNIT_H_GONDOR,2,kv,DefaultSprite,SPRITE_H_GONDOR
UNIT_H_GONDOR,3,kv,Category,UNIT_CATEGORY_RANGED
UNIT_H_GONDOR,4,kv,Attack,75
UNIT_H_GONDOR,5,kv,Defense,75
UNIT_H_GONDOR,6,kv,ZBRangeAttack,75
UNIT_H_GONDOR,7,kv,Firepower,2
UNIT_H_GONDOR,8,kv,Armor,1
UNIT_H_GONDOR,9,kv,MaxHP,25
UNIT_H_GONDOR,10,kv,ShieldCost,1000
UNIT_H_GONDOR,11,kv,PowerPoints,400
UNIT_H_GONDOR,12,kv,ShieldHunger,7
UNIT_H_GONDOR,13,kv,FoodHunger,0
UNIT_H_GONDOR,14,kv,MaxMovePoints,0
UNIT_H_GONDOR,15,kv,VisionRange,1
UNIT_H_GONDOR,16,kv,EnableAdvance,ADVANCE_HEXTAPUL
UNIT_H_GONDOR,17,kv,BombRounds,5
UNIT_H_GONDOR,18,kv,BombardRange,1
UNIT_H_GONDOR,19,flag,CanCounterBombard,
UNIT_H_GONDOR,20,kv,ActiveDefenseRange,0
UNIT_H_GONDOR,21,flag,LossMoveToDmgNone,
UNIT_H_GONDOR,22,kv,MaxFuel,0
UNIT_H_GONDOR,23,flag,CanEntrench,
UNIT_H_GONDOR,24,flag,NoZoc,
UNIT_H_GONDOR,25,flag,CanExpel,
UNIT_H_GONDOR,26,flag,CanPillage,
UNIT_H_GONDOR,27,flag,CanPirate,
UNIT_H_GONDOR,28,flag,ExertsMartialLaw,
UNIT_H_GONDOR,29,flag,DeathEffectsHappy,
UNIT_H_GONDOR,30,flag,BonusAgainstMounted,
UNIT_H_GONDOR,31,kv,MountedBonus,0.2
UNIT_H_GONDOR,32,flag,OnlyBuildOne,
UNIT_H_GONDOR,33,kv,SoundSelect1,SOUND_SELECT1_PIKEMEN
UNIT_H_GONDOR,34,kv,SoundSelect2,SOUND_SELECT2_PIKEMEN
UNIT_H_GONDOR,35,kv,SoundMove,SOUND_MOVE_PIKEMEN
UNIT_H_GONDOR,36,kv,SoundAcknowledge,SOUND_ACKNOWLEDGE_PIKEMEN
UNIT_H_GONDOR,37,kv,SoundCantMove,SOUND_CANTMOVE_PIKEMEN
UNIT_H_GONDOR,38,kv,SoundAttack,SOUND_ATTACK_PIKEMEN
UNIT_H_GONDOR,39,kv,SoundWork,SOUND_WORK_PIKEMEN
UNIT_H_GONDOR,40,kv,SoundVictory,SOUND_VICTORY_PIKEMEN
UNIT_H_GONDOR,41,kv,SoundDeath,SOUND_DEATH_PIKEMEN
UNIT_H_GONDOR,42,sublist,CanAttack,Land
UNIT_H_GONDOR,43,sublist,CanAttack,Mountain
UNIT_H_GONDOR,44,sublist,CanBombard,Land
UNIT_H_GONDOR,45,sublist,CanBombard,Mountain
UNIT_H_GONDOR,46,sublist,CanBombard,Water
UNIT_H_GONDOR,47,sublist,CanSee,Standard
UNIT_H_GONDOR,48,sublist,MovementType,Land
UNIT_H_GONDOR,49,sublist,MovementType,Mountain
UNIT_H_GONDOR,50,sublist,Size,Medium
UNIT_H_GONDOR,51,sublist,VisionClass,Standard
UNIT_H_GONDOR,52,nested,CanReform,"[{""t"": ""kv"", ""k"": ""Sound"", ""v"": ""SOUND_ID_REFORM_CITY""}, {""t"": ""kv"", ""k"": ""Effect"", ""v"": ""SPECEFFECT_REFORMCITY""}]"
UNIT_GONDOR_H1,0,kv,Description,DESCRIPTION_UNIT_PIKEMEN
UNIT_GONDOR_H1,1,kv,DefaultIcon,ICON_UNIT_GONDOR_H1
UNIT_GONDOR_H1,2,kv,DefaultSprite,SPRITE_GONDOR_H1
UNIT_GONDOR_H1,3,kv,Category,UNIT_CATEGORY_DEFENSE
UNIT_GONDOR_H1,4,kv,Attack,25
UNIT_GONDOR_H1,5,kv,Defense,25
UNIT_GONDOR_H1,6,kv,ZBRangeAttack,20
UNIT_GONDOR_H1,7,kv,Firepower,2
UNIT_GONDOR_H1,8,kv,Armor,1
UNIT_GONDOR_H1,9,kv,MaxHP,20
UNIT_GONDOR_H1,10,kv,ShieldCost,1000
UNIT_GONDOR_H1,11,kv,PowerPoints,400
UNIT_GONDOR_H1,12,kv,ShieldHunger,7
UNIT_GONDOR_H1,13,kv,FoodHunger,0
UNIT_GONDOR_H1,14,kv,MaxMovePoints,200
UNIT_GONDOR_H1,15,kv,VisionRange,1
UNIT_GONDOR_H1,16,kv,EnableAdvance,ADVANCE_HEXTAPUL
UNIT_GONDOR_H1,17,kv,BombRounds,2
UNIT_GONDOR_H1,18,kv,BombardRange,1
UNIT_GONDOR_H1,19,flag,CanCounterBombard,
UNIT_GONDOR_H1,20,kv,ActiveDefenseRange,0
UNIT_GONDOR_H1,21,flag,LossMoveToDmgNone,
UNIT_GONDOR_H1,22,kv,MaxFuel,0
UNIT_GONDOR_H1,23,flag,CanEntrench,
UNIT_GONDOR_H1,24,flag,NoZoc,
UNIT_GONDOR_H1,25,flag,CanExpel,
UNIT_GONDOR_H1,26,flag,CanPillage,
UNIT_GONDOR_H1,27,flag,CanPirate,
UNIT_GONDOR_H1,28,flag,ExertsMartialLaw,
UNIT_GONDOR_H1,29,flag,DeathEffectsHappy,
UNIT_GONDOR_H1,30,flag,BonusAgainstMounted,
UNIT_GONDOR_H1,31,kv,MountedBonus,0.2
UNIT_GONDOR_H1,32,flag,OnlyBuildOne,
UNIT_GONDOR_H1,33,kv,SoundSelect1,SOUND_SELECT1_PIKEMEN
UNIT_GONDOR_H1,34,kv,SoundSelect2,SOUND_SELECT2_PIKEMEN
UNIT_GONDOR_H1,35,kv,SoundMove,SOUND_MOVE_PIKEMEN
UNIT_GONDOR_H1,36,kv,SoundAcknowledge,SOUND_ACKNOWLEDGE_PIKEMEN
UNIT_GONDOR_H1,37,kv,SoundCantMove,SOUND_CANTMOVE_PIKEMEN
UNIT_GONDOR_H1,38,kv,SoundAttack,SOUND_ATTACK_PIKEMEN
UNIT_GONDOR_H1,39,kv,SoundWork,SOUND_WORK_PIKEMEN
UNIT_GONDOR_H1,40,kv,SoundVictory,SOUND_VICTORY_PIKEMEN
UNIT_GONDOR_H1,41,kv,SoundDeath,SOUND_DEATH_PIKEMEN
UNIT_GONDOR_H1,42,sublist,CanAttack,Land
UNIT_GONDOR_H1,43,sublist,CanAttack,Mountain
UNIT_GONDOR_H1,44,sublist,CanBombard,Land
UNIT_GONDOR_H1,45,sublist,CanBombard,Mountain
UNIT_GONDOR_H1,46,sublist,CanBombard,Water
UNIT_GONDOR_H1,47,sublist,CanSee,Standard
UNIT_GONDOR_H1,48,sublist,MovementType,Land
UNIT_GONDOR_H1,49,sublist,MovementType,Mountain
UNIT_GONDOR_H1,50,sublist,Size,Medium
UNIT_GONDOR_H1,51,sublist,VisionClass,Standard
UNIT_GONDOR_H1,52,nested,CanReform,"[{""t"": ""kv"", ""k"": ""Sound"", ""v"": ""SOUND_ID_REFORM_CITY""}, {""t"": ""kv"", ""k"": ""Effect"", ""v"": ""SPECEFFECT_REFORMCITY""}]"
UNIT_GONDOR_H2,0,kv,Description,DESCRIPTION_UNIT_PIKEMEN
UNIT_GONDOR_H2,1,kv,DefaultIcon,ICON_UNIT_GONDOR_H2
UNIT_GONDOR_H2,2,kv,DefaultSprite,SPRITE_GONDOR_H2
UNIT_GONDOR_H2,3,kv,Category,UNIT_CATEGORY_ATTACK
UNIT_GONDOR_H2,4,kv,Attack,30
UNIT_GONDOR_H2,5,kv,Defense,30
UNIT_GONDOR_H2,6,kv,ZBRangeAttack,25
UNIT_GONDOR_H2,7,kv,Firepower,2
UNIT_GONDOR_H2,8,kv,Armor,1
UNIT_GONDOR_H2,9,kv,MaxHP,20
UNIT_GONDOR_H2,10,kv,ShieldCost,1000
UNIT_GONDOR_H2,11,kv,PowerPoints,400
UNIT_GONDOR_H2,12,kv,ShieldHunger,7
UNIT_GONDOR_H2,13,kv,FoodHunger,0
UNIT_GONDOR_H2,14,kv,MaxMovePoints,200
UNIT_GONDOR_H2,15,kv,VisionRange,1
UNIT_GONDOR_H2,16,kv,EnableAdvance,ADVANCE_HEXTAPUL
UNIT_GONDOR_H2,17,kv,BombRounds,2
UNIT_GONDOR_H2,18,kv,BombardRange,1
UNIT_GONDOR_H2,19,flag,CanCounterBombard,
UNIT_GONDOR_H2,20,kv,ActiveDefenseRange,0
UNIT_GONDOR_H2,21,flag,LossMoveToDmgNone,
UNIT_GONDOR_H2,22,kv,MaxFuel,0
UNIT_GONDOR_H2,23,flag,CanEntrench,
UNIT_GONDOR_H2,24,flag,NoZoc,
UNIT_GONDOR_H2,25,flag,CanExpel,
UNIT_GONDOR_H2,26,flag,CanPillage,
UNIT_GONDOR_H2,27,flag,CanPirate,
UNIT_GONDOR_H2,28,flag,ExertsMartialLaw,
UNIT_GONDOR_H2,29,flag,DeathEffectsHappy,
UNIT_GONDOR_H2,30,flag,BonusAgainstMounted,
UNIT_GONDOR_H2,31,kv,MountedBonus,0.2
UNIT_GONDOR_H2,32,flag,OnlyBuildOne,
UNIT_GONDOR_H2,33,kv,SoundSelect1,SOUND_SELECT1_PIKEMEN
UNIT_GONDOR_H2,34,kv,SoundSelect2,SOUND_SELECT2_PIKEMEN
UNIT_GONDOR_H2,35,kv,SoundMove,SOUND_MOVE_PIKEMEN
UNIT_GONDOR_H2,36,kv,SoundAcknowledge,SOUND_ACKNOWLEDGE_PIKEMEN
UNIT_GONDOR_H2,37,kv,SoundCantMove,SOUND_CANTMOVE_PIKEMEN
UNIT_GONDOR_H2,38,kv,SoundAttack,SOUND_ATTACK_PIKEMEN
UNIT_GONDOR_H2,39,kv,SoundWork,SOUND_WORK_PIKEMEN
UNIT_GONDOR_H2,40,kv,SoundVictory,SOUND_VICTORY_PIKEMEN
UNIT_GONDOR_H2,41,kv,SoundDeath,SOUND_DEATH_PIKEMEN
UNIT_GONDOR_H2,42,sublist,CanAttack,Land
UNIT_GONDOR_H2,43,sublist,CanAttack,Mountain
UNIT_GONDOR_H2,44,sublist,CanBombard,Land
UNIT_GONDOR_H2,45,sublist,CanBombard,Mountain
UNIT_GONDOR_H2,46,sublist,CanBombard,Water
UNIT_GONDOR_H2,47,sublist,CanSee,Standard
UNIT_GONDOR_H2,48,sublist,MovementType,Land
UNIT_GONDOR_H2,49,sublist,MovementType,Mountain
UNIT_GONDOR_H2,50,sublist,Size,Medium
UNIT_GONDOR_H2,51,sublist,VisionClass,Standard
UNIT_GONDOR_H2,52,nested,CanReform,"[{""t"": ""kv"", ""k"": ""Sound"", ""v"": ""SOUND_ID_REFORM_CITY""}, {""t"": ""kv"", ""k"": ""Effect"", ""v"": ""SPECEFFECT_REFORMCITY""}]"
UNIT_GONDOR_H3,0,kv,Description,DESCRIPTION_UNIT_PIKEMEN
UNIT_GONDOR_H3,1,kv,DefaultIcon,ICON_UNIT_GONDOR_H3
UNIT_GONDOR_H3,2,kv,DefaultSprite,SPRITE_GONDOR_H3
UNIT_GONDOR_H3,3,kv,Category,UNIT_CATEGORY_ATTACK
UNIT_GONDOR_H3,4,kv,Attack,35
UNIT_GONDOR_H3,5,kv,Defense,35
UNIT_GONDOR_H3,6,kv,ZBRangeAttack,25
UNIT_GONDOR_H3,7,kv,Firepower,2
UNIT_GONDOR_H3,8,kv,Armor,1
UNIT_GONDOR_H3,9,kv,MaxHP,20
UNIT_GONDOR_H3,10,kv,ShieldCost,1000
UNIT_GONDOR_H3,11,kv,PowerPoints,400
UNIT_GONDOR_H3,12,kv,ShieldHunger,7
UNIT_GONDOR_H3,13,kv,FoodHunger,0
UNIT_GONDOR_H3,14,kv,MaxMovePoints,200
UNIT_GONDOR_H3,15,kv,VisionRange,1
UNIT_GONDOR_H3,16,kv,EnableAdvance,ADVANCE_HEXTAPUL
UNIT_GONDOR_H3,17,kv,BombRounds,3
UNIT_GONDOR_H3,18,kv,BombardRange,1
UNIT_GONDOR_H3,19,flag,CanCounterBombard,
UNIT_GONDOR_H3,20,kv,ActiveDefenseRange,0
UNIT_GONDOR_H3,21,flag,LossMoveToDmgNone,
UNIT_GONDOR_H3,22,kv,MaxFuel,0
UNIT_GONDOR_H3,23,flag,CanEntrench,
UNIT_GONDOR_H3,24,flag,NoZoc,
UNIT_GONDOR_H3,25,flag,CanExpel,
UNIT_GONDOR_H3,26,flag,CanPillage,
UNIT_GONDOR_H3,27,flag,CanPirate,
UNIT_GONDOR_H3,28,flag,ExertsMartialLaw,
UNIT_GONDOR_H3,29,flag,DeathEffectsHappy,
UNIT_GONDOR_H3,30,flag,BonusAgainstMounted,
UNIT_GONDOR_H3,31,kv,MountedBonus,0.2
UNIT_GONDOR_H3,32,flag,OnlyBuildOne,
UNIT_GONDOR_H3,33,kv,SoundSelect1,SOUND_SELECT1_PIKEMEN
UNIT_GONDOR_H3,34,kv,SoundSelect2,SOUND_SELECT2_PIKEMEN
UNIT_GONDOR_H3,35,kv,SoundMove,SOUND_MOVE_PIKEMEN
UNIT_GONDOR_H3,36,kv,SoundAcknowledge,SOUND_ACKNOWLEDGE_PIKEMEN
UNIT_GONDOR_H3,37,kv,SoundCantMove,SOUND_CANTMOVE_PIKEMEN
UNIT_GONDOR_H3,38,kv,SoundAttack,SOUND_ATTACK_PIKEMEN
UNIT_GONDOR_H3,39,kv,SoundWork,SOUND_WORK_PIKEMEN
UNIT_GONDOR_H3,40,kv,SoundVictory,SOUND_VICTORY_PIKEMEN
UNIT_GONDOR_H3,41,kv,SoundDeath,SOUND_DEATH_PIKEMEN
UNIT_GONDOR_H3,42,sublist,CanAttack,Land
UNIT_GONDOR_H3,43,sublist,CanAttack,Mountain
UNIT_GONDOR_H3,44,sublist,CanBombard,Land
UNIT_GONDOR_H3,45,sublist,CanBombard,Mountain
UNIT_GONDOR_H3,46,sublist,CanBombard,Water
UNIT_GONDOR_H3,47,sublist,CanSee,Standard
UNIT_GONDOR_H3,48,sublist,MovementType,Land
UNIT_GONDOR_H3,49,sublist,MovementType,Mountain
UNIT_GONDOR_H3,50,sublist,Size,Medium
UNIT_GONDOR_H3,51,sublist,VisionClass,Standard
UNIT_GONDOR_H3,52,nested,CanReform,"[{""t"": ""kv"", ""k"": ""Sound"", ""v"": ""SOUND_ID_REFORM_CITY""}, {""t"": ""kv"", ""k"": ""Effect"", ""v"": ""SPECEFFECT_REFORMCITY""}]"
UNIT_GONDOR_H4,0,kv,Description,DESCRIPTION_UNIT_PIKEMEN
UNIT_GONDOR_H4,1,kv,DefaultIcon,ICON_UNIT_GONDOR_H4
UNIT_GONDOR_H4,2,kv,DefaultSprite,SPRITE_GONDOR_H4
UNIT_GONDOR_H4,3,kv,Category,UNIT_CATEGORY_RANGED
UNIT_GONDOR_H4,4,kv,Attack,40
UNIT_GONDOR_H4,5,kv,Defense,40
UNIT_GONDOR_H4,6,kv,ZBRangeAttack,45
UNIT_GONDOR_H4,7,kv,Firepower,2
UNIT_GONDOR_H4,8,kv,Armor,1
UNIT_GONDOR_H4,9,kv,MaxHP,20
UNIT_GONDOR_H4,10,kv,ShieldCost,1000
UNIT_GONDOR_H4,11,kv,PowerPoints,400
UNIT_GONDOR_H4,12,kv,ShieldHunger,7
UNIT_GONDOR_H4,13,kv,FoodHunger,0
UNIT_GONDOR_H4,14,kv,MaxMovePoints,200
UNIT_GONDOR_H4,15,kv,VisionRange,1
UNIT_GONDOR_H4,16,kv,EnableAdvance,ADVANCE_HEXTAPUL
UNIT_GONDOR_H4,17,kv,BombRounds,3
UNIT_GONDOR_H4,18,kv,BombardRange,1
UNIT_GONDOR_H4,19,flag,CanCounterBombard,
UNIT_GONDOR_H4,20,kv,ActiveDefenseRange,0
UNIT_GONDOR_H4,21,flag,LossMoveToDmgNone,
UNIT_GONDOR_H4,22,kv,MaxFuel,0
UNIT_GONDOR_H4,23,flag,CanEntrench,
UNIT_GONDOR_H4,24,flag,NoZoc,
UNIT_GONDOR_H4,25,flag,CanExpel,
UNIT_GONDOR_H4,26,flag,CanPillage,
UNIT_GONDOR_H4,27,flag,CanPirate,
UNIT_GONDOR_H4,28,flag,ExertsMartialLaw,
UNIT_GONDOR_H4,29,flag,DeathEffectsHappy,
UNIT_GONDOR_H4,30,flag,BonusAgainstMounted,
UNIT_GONDOR_H4,31,kv,MountedBonus,0.2
UNIT_GONDOR_H4,32,flag,OnlyBuildOne,
UNIT_GONDOR_H4,33,kv,SoundSelect1,SOUND_SELECT1_PIKEMEN
UNIT_GONDOR_H4,34,kv,SoundSelect2,SOUND_SELECT2_PIKEMEN
UNIT_GONDOR_H4,35,kv,SoundMove,SOUND_MOVE_PIKEMEN
UNIT_GONDOR_H4,36,kv,SoundAcknowledge,SOUND_ACKNOWLEDGE_PIKEMEN
UNIT_GONDOR_H4,37,kv,SoundCantMove,SOUND_CANTMOVE_PIKEMEN
UNIT_GONDOR_H4,38,kv,SoundAttack,SOUND_ATTACK_PIKEMEN
UNIT_GONDOR_H4,39,kv,SoundWork,SOUND_WORK_PIKEMEN
UNIT_GONDOR_H4,40,kv,SoundVictory,SOUND_VICTORY_PIKEMEN
UNIT_GONDOR_H4,41,kv,SoundDeath,SOUND_DEATH_PIKEMEN
UNIT_GONDOR_H4,42,sublist,CanAttack,Land
UNIT_GONDOR_H4,43,sublist,CanAttack,Mountain
UNIT_GONDOR_H4,44,sublist,CanBombard,Land
UNIT_GONDOR_H4,45,sublist,CanBombard,Mountain
UNIT_GONDOR_H4,46,sublist,CanBombard,Water
UNIT_GONDOR_H4,47,sublist,CanSee,Standard
UNIT_GONDOR_H4,48,sublist,MovementType,Land
UNIT_GONDOR_H4,49,sublist,MovementType,Mountain
UNIT_GONDOR_H4,50,sublist,Size,Medium
UNIT_GONDOR_H4,51,sublist,VisionClass,Standard
UNIT_GONDOR_H4,52,nested,CanReform,"[{""t"": ""kv"", ""k"": ""Sound"", ""v"": ""SOUND_ID_REFORM_CITY""}, {""t"": ""kv"", ""k"": ""Effect"", ""v"": ""SPECEFFECT_REFORMCITY""}]"
UNIT_GONDOR_H5,0,kv,Description,DESCRIPTION_UNIT_PIKEMEN
UNIT_GONDOR_H5,1,kv,DefaultIcon,ICON_UNIT_GONDOR_H5
UNIT_GONDOR_H5,2,kv,DefaultSprite,SPRITE_GONDOR_H5
UNIT_GONDOR_H5,3,kv,Category,UNIT_CATEGORY_ATTACK
UNIT_GONDOR_H5,4,kv,Attack,45
UNIT_GONDOR_H5,5,kv,Defense,45
UNIT_GONDOR_H5,6,kv,ZBRangeAttack,45
UNIT_GONDOR_H5,7,kv,Firepower,2
UNIT_GONDOR_H5,8,kv,Armor,1
UNIT_GONDOR_H5,9,kv,MaxHP,20
UNIT_GONDOR_H5,10,kv,ShieldCost,1000
UNIT_GONDOR_H5,11,kv,PowerPoints,400
UNIT_GONDOR_H5,12,kv,ShieldHunger,7
UNIT_GONDOR_H5,13,kv,FoodHunger,0
UNIT_GONDOR_H5,14,kv,MaxMovePoints,200
UNIT_GONDOR_H5,15,kv,VisionRange,1
UNIT_GONDOR_H5,16,kv,EnableAdvance,ADVANCE_HEXTAPUL
UNIT_GONDOR_H5,17,kv,BombRounds,2
UNIT_GONDOR_H5,18,kv,BombardRange,1
UNIT_GONDOR_H5,19,flag,CanCounterBombard,
UNIT_GONDOR_H5,20,kv,ActiveDefenseRange,0
UNIT_GONDOR_H5,21,flag,LossMoveToDmgNone,
UNIT_GONDOR_H5,22,kv,MaxFuel,0
UNIT_GONDOR_H5,23,flag,CanEntrench,
UNIT_GONDOR_H5,24,flag,NoZoc,
UNIT_GONDOR_H5,25,flag,CanExpel,
UNIT_GONDOR_H5,26,flag,CanPillage,
UNIT_GONDOR_H5,27,flag,CanPirate,
UNIT_GONDOR_H5,28,flag,ExertsMartialLaw,
UNIT_GONDOR_H5,29,flag,DeathEffectsHappy,
UNIT_GONDOR_H5,30,flag,BonusAgainstMounted,
UNIT_GONDOR_H5,31,kv,MountedBonus,0.2
UNIT_GONDOR_H5,32,flag,OnlyBuildOne,
UNIT_GONDOR_H5,33,kv,SoundSelect1,SOUND_SELECT1_PIKEMEN
UNIT_GONDOR_H5,34,kv,SoundSelect2,SOUND_SELECT2_PIKEMEN
UNIT_GONDOR_H5,35,kv,SoundMove,SOUND_MOVE_PIKEMEN
UNIT_GONDOR_H5,36,kv,SoundAcknowledge,SOUND_ACKNOWLEDGE_PIKEMEN
UNIT_GONDOR_H5,37,kv,SoundCantMove,SOUND_CANTMOVE_PIKEMEN
UNIT_GONDOR_H5,38,kv,SoundAttack,SOUND_ATTACK_PIKEMEN
UNIT_GONDOR_H5,39,kv,SoundWork,SOUND_WORK_PIKEMEN
UNIT_GONDOR_H5,40,kv,SoundVictory,SOUND_VICTORY_PIKEMEN
UNIT_GONDOR_H5,41,kv,SoundDeath,SOUND_DEATH_PIKEMEN
UNIT_GONDOR_H5,42,sublist,CanAttack,Land
UNIT_GONDOR_H5,43,sublist,CanAttack,Mountain
UNIT_GONDOR_H5,44,sublist,CanBombard,Land
UNIT_GONDOR_H5,45,sublist,CanBombard,Mountain
UNIT_GONDOR_H5,46,sublist,CanBombard,Water
UNIT_GONDOR_H5,47,sublist,CanSee,Standard
UNIT_GONDOR_H5,48,sublist,MovementType,Land
UNIT_GONDOR_H5,49,sublist,MovementType,Mountain
UNIT_GONDOR_H5,50,sublist,Size,Medium
UNIT_GONDOR_H5,51,sublist,VisionClass,Standard
UNIT_GONDOR_H5,52,nested,CanReform,"[{""t"": ""kv"", ""k"": ""Sound"", ""v"": ""SOUND_ID_REFORM_CITY""}, {""t"": ""kv"", ""k"": ""Effect"", ""v"": ""SPECEFFECT_REFORMCITY""}]"
UNIT_GONDOR_H6,0,kv,Description,DESCRIPTION_UNIT_PIKEMEN
UNIT_GONDOR_H6,1,kv,DefaultIcon,ICON_UNIT_GONDOR_H6
UNIT_GONDOR_H6,2,kv,DefaultSprite,SPRITE_GONDOR_H6
UNIT_GONDOR_H6,3,kv,Category,UNIT_CATEGORY_RANGED
UNIT_GONDOR_H6,4,kv,Attack,50
UNIT_GONDOR_H6,5,kv,Defense,50
UNIT_GONDOR_H6,6,kv,ZBRangeAttack,45
UNIT_GONDOR_H6,7,kv,Firepower,2
UNIT_GONDOR_H6,8,kv,Armor,1
UNIT_GONDOR_H6,9,kv,MaxHP,20
UNIT_GONDOR_H6,10,kv,ShieldCost,1000
UNIT_GONDOR_H6,11,kv,PowerPoints,400
UNIT_GONDOR_H6,12,kv,ShieldHunger,7
UNIT_GONDOR_H6,13,kv,FoodHunger,0
UNIT_GONDOR_H6,14,kv,MaxMovePoints,200
UNIT_GONDOR_H6,15,kv,VisionRange,1
UNIT_GONDOR_H6,16,kv,EnableAdvance,ADVANCE_HEXTAPUL
UNIT_GONDOR_H6,17,kv,BombRounds,3
UNIT_GONDOR_H6,18,kv,BombardRange,1
UNIT_GONDOR_H6,19,flag,CanCounterBombard,
UNIT_GONDOR_H6,20,kv,ActiveDefenseRange,0
UNIT_GONDOR_H6,21,flag,LossMoveToDmgNone,
UNIT_GONDOR_H6,22,kv,MaxFuel,0
UNIT_GONDOR_H6,23,flag,CanEntrench,
UNIT_GONDOR_H6,24,flag,NoZoc,
UNIT_GONDOR_H6,25,flag,CanExpel,
UNIT_GONDOR_H6,26,flag,CanPillage,
UNIT_GONDOR_H6,27,flag,CanPirate,
UNIT_GONDOR_H6,28,flag,ExertsMartialLaw,
UNIT_GONDOR_H6,29,flag,DeathEffectsHappy,
UNIT_GONDOR_H6,30,flag,BonusAgainstMounted,
UNIT_GONDOR_H6,31,kv,MountedBonus,0.2
UNIT_GONDOR_H6,32,flag,OnlyBuildOne,
UNIT_GONDOR_H6,33,kv,SoundSelect1,SOUND_SELECT1_PIKEMEN
UNIT_GONDOR_H6,34,kv,SoundSelect2,SOUND_SELECT2_PIKEMEN
UNIT_GONDOR_H6,35,kv,SoundMove,SOUND_MOVE_PIKEMEN
UNIT_GONDOR_H6,36,kv,SoundAcknowledge,SOUND_ACKNOWLEDGE_PIKEMEN
UNIT_GONDOR_H6,37,kv,SoundCantMove,SOUND_CANTMOVE_PIKEMEN
UNIT_GONDOR_H6,38,kv,SoundAttack,SOUND_ATTACK_PIKEMEN
UNIT_GONDOR_H6,39,kv,SoundWork,SOUND_WORK_PIKEMEN
UNIT_GONDOR_H6,40,kv,SoundVictory,SOUND_VICTORY_PIKEMEN
UNIT_GONDOR_H6,41,kv,SoundDeath,SOUND_DEATH_PIKEMEN
UNIT_GONDOR_H6,42,sublist,CanAttack,Land
UNIT_GONDOR_H6,43,sublist,CanAttack,Mountain
UNIT_GONDOR_H6,44,sublist,CanBombard,Land
UNIT_GONDOR_H6,45,sublist,CanBombard,Mountain
UNIT_GONDOR_H6,46,sublist,CanBombard,Water
UNIT_GONDOR_H6,47,sublist,CanSee,Standard
UNIT_GONDOR_H6,48,sublist,MovementType,Land
UNIT_GONDOR_H6,49,sublist,MovementType,Mountain
UNIT_GONDOR_H6,50,sublist,Size,Medium
UNIT_GONDOR_H6,51,sublist,VisionClass,Standard
UNIT_GONDOR_H6,52,nested,CanReform,"[{""t"": ""kv"", ""k"": ""Sound"", ""v"": ""SOUND_ID_REFORM_CITY""}, {""t"": ""kv"", ""k"": ""Effect"", ""v"": ""SPECEFFECT_REFORMCITY""}]"
UNIT_H_HARADRIM,0,kv,Description,DESCRIPTION_UNIT_PIKEMEN
UNIT_H_HARADRIM,1,kv,DefaultIcon,ICON_UNIT_H_HARADRIM
UNIT_H_HARADRIM,2,kv,DefaultSprite,SPRITE_H_HARADRIM
UNIT_H_HARADRIM,3,kv,Category,UNIT_CATEGORY_RANGED
UNIT_H_HARADRIM,4,kv,Attack,50
UNIT_H_HARADRIM,5,kv,Defense,50
UNIT_H_HARADRIM,6,kv,ZBRangeAttack,50
UNIT_H_HARADRIM,7,kv,Firepower,2
UNIT_H_HARADRIM,8,kv,Armor,1
UNIT_H_HARADRIM,9,kv,MaxHP,25
UNIT_H_HARADRIM,10,kv,ShieldCost,1000
UNIT_H_HARADRIM,11,kv,PowerPoints,400
UNIT_H_HARADRIM,12,kv,ShieldHunger,7
UNIT_H_HARADRIM,13,kv,FoodHunger,0
UNIT_H_HARADRIM,14,kv,MaxMovePoints,0
UNIT_H_HARADRIM,15,kv,VisionRange,1
UNIT_H_HARADRIM,16,flag,VictoryEnslavement,
UNIT_H_HARADRIM,17,kv,EnableAdvance,ADVANCE_HEXTAPUL
UNIT_H_HARADRIM,18,kv,BombRounds,5
UNIT_H_HARADRIM,19,kv,BombardRange,1
UNIT_H_HARADRIM,20,flag,CanCounterBombard,
UNIT_H_HARADRIM,21,kv,ActiveDefenseRange,0
UNIT_H_HARADRIM,22,flag,LossMoveToDmgNone,
UNIT_H_HARADRIM,23,kv,MaxFuel,0
UNIT_H_HARADRIM,24,flag,CanEntrench,
UNIT_H_HARADRIM,25,flag,NoZoc,
UNIT_H_HARADRIM,26,flag,CanExpel,
UNIT_H_HARADRIM,27,flag,CanPillage,
UNIT_H_HARADRIM,28,flag,CanPirate,
UNIT_H_HARADRIM,29,flag,ExertsMartialLaw,
UNIT_H_HARADRIM,30,flag,DeathEffectsHappy,
UNIT_H_HARADRIM,31,flag,BonusAgainstMounted,
UNIT_H_HARADRIM,32,kv,MountedBonus,0.2
UNIT_H_HARADRIM,33,flag,OnlyBuildOne,
UNIT_H_HARADRIM,34,kv,SoundSelect1,SOUND_SELECT1_PIKEMEN
UNIT_H_HARADRIM,35,kv,SoundSelect2,SOUND_SELECT2_PIKEMEN
UNIT_H_HARADRIM,36,kv,SoundMove,SOUND_MOVE_PIKEMEN
UNIT_H_HARADRIM,37,kv,SoundAcknowledge,SOUND_ACKNOWLEDGE_PIKEMEN
UNIT_H_HARADRIM,38,kv,SoundCantMove,SOUND_CANTMOVE_PIKEMEN
UNIT_H_HARADRIM,39,kv,SoundAttack,SOUND_ATTACK_PIKEMEN
UNIT_H_HARADRIM,40,kv,SoundWork,SOUND_WORK_PIKEMEN
UNIT_H_HARADRIM,41,kv,SoundVictory,SOUND_VICTORY_PIKEMEN
UNIT_H_HARADRIM,42,kv,SoundDeath,SOUND_DEATH_PIKEMEN
UNIT_H_HARADRIM,43,sublist,CanAttack,Land
UNIT_H_HARADRIM,44,sublist,CanAttack,Mountain
UNIT_H_HARADRIM,45,sublist,CanBombard,Land
UNIT_H_HARADRIM,46,sublist,CanBombard,Mountain
UNIT_H_HARADRIM,47,sublist,CanBombard,Water
UNIT_H_HARADRIM,48,sublist,CanSee,Standard
UNIT_H_HARADRIM,49,sublist,MovementType,Land
UNIT_H_HARADRIM,50,sublist,MovementType,Mountain
UNIT_H_HARADRIM,51,sublist,Size,Medium
UNIT_H_HARADRIM,52,sublist,VisionClass,Standard
UNIT_H_HARADRIM,53,nested,CanReform,"[{""t"": ""kv"", ""k"": ""Sound"", ""v"": ""SOUND_ID_REFORM_CITY""}, {""t"": ""kv"", ""k"": ""Effect"", ""v"": ""SPECEFFECT_REFORMCITY""}]"
UNIT_HARADRIM_H1,0,kv,Description,DESCRIPTION_UNIT_PIKEMEN
UNIT_HARADRIM_H1,1,kv,DefaultIcon,ICON_UNIT_HARADRIM_H1
UNIT_HARADRIM_H1,2,kv,DefaultSprite,SPRITE_HARADRIM_H1
UNIT_HARADRIM_H1,3,kv,Category,UNIT_CATEGORY_FLANKER
UNIT_HARADRIM_H1,4,kv,Attack,30
UNIT_HARADRIM_H1,5,kv,Defense,25
UNIT_HARADRIM_H1,6,kv,ZBRangeAttack,0
UNIT_HARADRIM_H1,7,kv,Firepower,1
UNIT_HARADRIM_H1,8,kv,Armor,1
UNIT_HARADRIM_H1,9,kv,MaxHP,15
UNIT_HARADRIM_H1,10,kv,ShieldCost,1000
UNIT_HARADRIM_H1,11,kv,PowerPoints,200
UNIT_HARADRIM_H1,12,kv,ShieldHunger,6
UNIT_HARADRIM_H1,13,kv,FoodHunger,0
UNIT_HARADRIM_H1,14,kv,MaxMovePoints,300
UNIT_HARADRIM_H1,15,kv,VisionRange,2
UNIT_HARADRIM_H1,16,flag,VictoryEnslavement,
UNIT_HARADRIM_H1,17,kv,EnableAdvance,ADVANCE_HEXTAPUL
UNIT_HARADRIM_H1,18,kv,ActiveDefenseRange,0
UNIT_HARADRIM_H1,19,flag,LossMoveToDmgNone,
UNIT_HARADRIM_H1,20,kv,MaxFuel,0
UNIT_HARADRIM_H1,21,flag,CanEntrench,
UNIT_HARADRIM_H1,22,flag,NoZoc,
UNIT_HARADRIM_H1,23,flag,CanExpel,
UNIT_HARADRIM_H1,24,flag,CanPillage,
UNIT_HARADRIM_H1,25,flag,CanPirate,
UNIT_HARADRIM_H1,26,flag,ExertsMartialLaw,
UNIT_HARADRIM_H1,27,flag,DeathEffectsHappy,
UNIT_HARADRIM_H1,28,flag,IsFlanker,
UNIT_HARADRIM_H1,29,flag,OnlyBuildOne,
UNIT_HARADRIM_H1,30,flag,BonusAgainstMounted,
UNIT_HARADRIM_H1,31,kv,MountedBonus,0.1
UNIT_HARADRIM_H1,32,kv,SoundSelect1,SOUND_SELECT1_KNIGHT
UNIT_HARADRIM_H1,33,kv,SoundSelect2,SOUND_SELECT2_KNIGHT
UNIT_HARADRIM_H1,34,kv,SoundMove,SOUND_MOVE_KNIGHT
UNIT_HARADRIM_H1,35,kv,SoundAcknowledge,SOUND_ACKNOWLEDGE_KNIGHT
UNIT_HARADRIM_H1,36,kv,SoundCantMove,SOUND_CANTMOVE_KNIGHT
UNIT_HARADRIM_H1,37,kv,SoundAttack,SOUND_ATTACK_KNIGHT
UNIT_HARADRIM_H1,38,kv,SoundWork,SOUND_WORK_KNIGHT
UNIT_HARADRIM_H1,39,kv,SoundVictory,SOUND_VICTORY_KNIGHT
UNIT_HARADRIM_H1,40,kv,SoundDeath,SOUND_DEATH_KNIGHT
UNIT_HARADRIM_H1,41,sublist,CanAttack,Land
UNIT_HARADRIM_H1,42,sublist,CanAttack,Mountain
UNIT_HARADRIM_H1,43,sublist,CanSee,Standard
UNIT_HARADRIM_H1,44,sublist,MovementType,Land
UNIT_HARADRIM_H1,45,sublist,Size,Medium
UNIT_HARADRIM_H1,46,sublist,VisionClass,Standard
UNIT_HARADRIM_H1,47,nested,CanReform,"[{""t"": ""kv"", ""k"": ""Sound"", ""v"": ""SOUND_ID_REFORM_CITY""}, {""t"": ""kv"", ""k"": ""Effect"", ""v"": ""SPECEFFECT_REFORMCITY""}]"
UNIT_HARADRIM_H2,0,kv,Description,DESCRIPTION_UNIT_PIKEMEN
UNIT_HARADRIM_H2,1,kv,DefaultIcon,ICON_UNIT_HARADRIM_H2
UNIT_HARADRIM_H2,2,kv,DefaultSprite,SPRITE_HARADRIM_H2
UNIT_HARADRIM_H2,3,kv,Category,UNIT_CATEGORY_FLANKER
UNIT_HARADRIM_H2,4,kv,Attack,40
UNIT_HARADRIM_H2,5,kv,Defense,35
UNIT_HARADRIM_H2,6,kv,ZBRangeAttack,0
UNIT_HARADRIM_H2,7,kv,Firepower,1
UNIT_HARADRIM_H2,8,kv,Armor,1
UNIT_HARADRIM_H2,9,kv,MaxHP,12
UNIT_HARADRIM_H2,10,kv,ShieldCost,1000
UNIT_HARADRIM_H2,11,kv,PowerPoints,200
UNIT_HARADRIM_H2,12,kv,ShieldHunger,6
UNIT_HARADRIM_H2,13,kv,FoodHunger,0
UNIT_HARADRIM_H2,14,kv,MaxMovePoints,300
UNIT_HARADRIM_H2,15,kv,VisionRange,2
UNIT_HARADRIM_H2,16,flag,VictoryEnslavement,
UNIT_HARADRIM_H2,17,kv,EnableAdvance,ADVANCE_HEXTAPUL
UNIT_HARADRIM_H2,18,kv,ActiveDefenseRange,0
UNIT_HARADRIM_H2,19,flag,LossMoveToDmgNone,
UNIT_HARADRIM_H2,20,kv,MaxFuel,0
UNIT_HARADRIM_H2,21,flag,CanEntrench,
UNIT_HARADRIM_H2,22,flag,NoZoc,
UNIT_HARADRIM_H2,23,flag,CanExpel,
UNIT_HARADRIM_H2,24,flag,CanPillage,
UNIT_HARADRIM_H2,25,flag,CanPirate,
UNIT_HARADRIM_H2,26,flag,ExertsMartialLaw,
UNIT_HARADRIM_H2,27,flag,DeathEffectsHappy,
UNIT_HARADRIM_H2,28,flag,IsFlanker,
UNIT_HARADRIM_H2,29,flag,OnlyBuildOne,
UNIT_HARADRIM_H2,30,flag,BonusAgainstMounted,
UNIT_HARADRIM_H2,31,kv,MountedBonus,0.1
UNIT_HARADRIM_H2,32,kv,SoundSelect1,SOUND_SELECT1_KNIGHT
UNIT_HARADRIM_H2,33,kv,SoundSelect2,SOUND_SELECT2_KNIGHT
UNIT_HARADRIM_H2,34,kv,SoundMove,SOUND_MOVE_KNIGHT
UNIT_HARADRIM_H2,35,kv,SoundAcknowledge,SOUND_ACKNOWLEDGE_KNIGHT
UNIT_HARADRIM_H2,36,kv,SoundCantMove,SOUND_CANTMOVE_KNIGHT
UNIT_HARADRIM_H2,37,kv,SoundAttack,SOUND_ATTACK_KNIGHT
UNIT_HARADRIM_H2,38,kv,SoundWork,SOUND_WORK_KNIGHT
UNIT_HARADRIM_H2,39,kv,SoundVictory,SOUND_VICTORY_KNIGHT
UNIT_HARADRIM_H2,40,kv,SoundDeath,SOUND_DEATH_KNIGHT
UNIT_HARADRIM_H2,41,sublist,CanAttack,Land
UNIT_HARADRIM_H2,42,sublist,CanAttack,Mountain
UNIT_HARADRIM_H2,43,sublist,CanSee,Standard
UNIT_HARADRIM_H2,44,sublist,MovementType,Land
UNIT_HARADRIM_H2,45,sublist,MovementType,Mountain
UNIT_HARADRIM_H2,46,sublist,Size,Medium
UNIT_HARADRIM_H2,47,sublist,VisionClass,Standard
UNIT_HARADRIM_H2,48,nested,CanReform,"[{""t"": ""kv"", ""k"": ""Sound"", ""v"": ""SOUND_ID_REFORM_CITY""}, {""t"": ""kv"", ""k"": ""Effect"", ""v"": ""SPECEFFECT_REFORMCITY""}]"
UNIT_HARADRIM_H3,0,kv,Description,DESCRIPTION_UNIT_PIKEMEN
UNIT_HARADRIM_H3,1,kv,DefaultIcon,ICON_UNIT_HARADRIM_H3
UNIT_HARADRIM_H3,2,kv,DefaultSprite,SPRITE_HARADRIM_H3
UNIT_HARADRIM_H3,3,kv,Category,UNIT_CATEGORY_RANGED
UNIT_HARADRIM_H3,4,kv,Attack,45
UNIT_HARADRIM_H3,5,kv,Defense,45
UNIT_HARADRIM_H3,6,kv,ZBRangeAttack,30
UNIT_HARADRIM_H3,7,kv,Firepower,2
UNIT_HARADRIM_H3,8,kv,Armor,1
UNIT_HARADRIM_H3,9,kv,MaxHP,15
UNIT_HARADRIM_H3,10,kv,ShieldCost,1500
UNIT_HARADRIM_H3,11,kv,PowerPoints,200
UNIT_HARADRIM_H3,12,kv,ShieldHunger,6
UNIT_HARADRIM_H3,13,kv,FoodHunger,0
UNIT_HARADRIM_H3,14,kv,MaxMovePoints,300
UNIT_HARADRIM_H3,15,kv,VisionRange,2
UNIT_HARADRIM_H3,16,kv,EnableAdvance,ADVANCE_HEXTAPUL
UNIT_HARADRIM_H3,17,kv,ActiveDefenseRange,0
UNIT_HARADRIM_H3,18,flag,LossMoveToDmgNone,
UNIT_HARADRIM_H3,19,kv,MaxFuel,0
UNIT_HARADRIM_H3,20,flag,CanEntrench,
UNIT_HARADRIM_H3,21,flag,NoZoc,
UNIT_HARADRIM_H3,22,flag,CanExpel,
UNIT_HARADRIM_H3,23,flag,CanPillage,
UNIT_HARADRIM_H3,24,flag,CanPirate,
UNIT_HARADRIM_H3,25,flag,ExertsMartialLaw,
UNIT_HARADRIM_H3,26,flag,DeathEffectsHappy,
UNIT_HARADRIM_H3,27,flag,OnlyBuildOne,
UNIT_HARADRIM_H3,28,flag,BonusAgainstMounted,
UNIT_HARADRIM_H3,29,kv,MountedBonus,0.1
UNIT_HARADRIM_H3,30,flag,VictoryEnslavement,
UNIT_HARADRIM_H3,31,kv,SoundSelect1,SOUND_SELECT1_KNIGHT
UNIT_HARADRIM_H3,32,kv,SoundSelect2,SOUND_SELECT2_KNIGHT
UNIT_HARADRIM_H3,33,kv,SoundMove,SOUND_MOVE_KNIGHT
UNIT_HARADRIM_H3,34,kv,SoundAcknowledge,SOUND_ACKNOWLEDGE_KNIGHT
UNIT_HARADRIM_H3,35,kv,SoundCantMove,SOUND_CANTMOVE_KNIGHT
UNIT_HARADRIM_H3,36,kv,SoundAttack,SOUND_ATTACK_KNIGHT
UNIT_HARADRIM_H3,37,kv,SoundWork,SOUND_WORK_KNIGHT
UNIT_HARADRIM_H3,38,kv,SoundVictory,SOUND_VICTORY_KNIGHT
UNIT_HARADRIM_H3,39,kv,SoundDeath,SOUND_DEATH_KNIGHT
UNIT_HARADRIM_H3,40,sublist,CanAttack,Land
UNIT_HARADRIM_H3,41,sublist,CanAttack,Mountain
UNIT_HARADRIM_H3,42,sublist,CanSee,Standard
UNIT_HARADRIM_H3,43,sublist,MovementType,Land
UNIT_HARADRIM_H3,44,sublist,MovementType,Mountain
UNIT_HARADRIM_H3,45,sublist,Size,Medium
UNIT_HARADRIM_H3,46,sublist,VisionClass,Standard
UNIT_HARADRIM_H3,47,nested,CanReform,"[{""t"": ""kv"", ""k"": ""Sound"", ""v"": ""SOUND_ID_REFORM_CITY""}, {""t"": ""kv"", ""k"": ""Effect"", ""v"": ""SPECEFFECT_REFORMCITY""}]"
UNIT_H_HOBBITS,0,kv,Description,DESCRIPTION_UNIT_PIKEMEN
UNIT_H_HOBBITS,1,kv,DefaultIcon,ICON_UNIT_H_HOBBITS
UNIT_H_HOBBITS,2,kv,DefaultSprite,SPRITE_H_HOBBITS
UNIT_H_HOBBITS,3,kv,Category,UNIT_CATEGORY_RANGED
UNIT_H_HOBBITS,4,kv,Attack,40
UNIT_H_HOBBITS,5,kv,Defense,40
UNIT_H_HOBBITS,6,kv,ZBRangeAttack,40
UNIT_H_HOBBITS,7,kv,Firepower,2
UNIT_H_HOBBITS,8,kv,Armor,1
UNIT_H_HOBBITS,9,kv,MaxHP,25
UNIT_H_HOBBITS,10,kv,ShieldCost,1000
UNIT_H_HOBBITS,11,kv,PowerPoints,400
UNIT_H_HOBBITS,12,kv,ShieldHunger,7
UNIT_H_HOBBITS,13,kv,FoodHunger,0
UNIT_H_HOBBITS,14,kv,MaxMovePoints,0
UNIT_H_HOBBITS,15,kv,VisionRange,1
UNIT_H_HOBBITS,16,kv,EnableAdvance,ADVANCE_HEXTAPUL
UNIT_H_HOBBITS,17,kv,BombRounds,5
UNIT_H_HOBBITS,18,kv,BombardRange,1
UNIT_H_HOBBITS,19,flag,CanCounterBombard,
UNIT_H_HOBBITS,20,kv,ActiveDefenseRange,0
UNIT_H_HOBBITS,21,flag,LossMoveToDmgNone,
UNIT_H_HOBBITS,22,kv,MaxFuel,0
UNIT_H_HOBBITS,23,flag,CanEntrench,
UNIT_H_HOBBITS,24,flag,NoZoc,
UNIT_H_HOBBITS,25,flag,CanExpel,
UNIT_H_HOBBITS,26,flag,CanPillage,
UNIT_H_HOBBITS,27,flag,CanPirate,
UNIT_H_HOBBITS,28,flag,ExertsMartialLaw,
UNIT_H_HOBBITS,29,flag,DeathEffectsHappy,
UNIT_H_HOBBITS,30,flag,BonusAgainstMounted,
UNIT_H_HOBBITS,31,kv,MountedBonus,0.2
UNIT_H_HOBBITS,32,flag,OnlyBuildOne,
UNIT_H_HOBBITS,33,kv,SoundSelect1,SOUND_SELECT1_PIKEMEN
UNIT_H_HOBBITS,34,kv,SoundSelect2,SOUND_SELECT2_PIKEMEN
UNIT_H_HOBBITS,35,kv,SoundMove,SOUND_MOVE_PIKEMEN
UNIT_H_HOBBITS,36,kv,SoundAcknowledge,SOUND_ACKNOWLEDGE_PIKEMEN
UNIT_H_HOBBITS,37,kv,SoundCantMove,SOUND_CANTMOVE_PIKEMEN
UNIT_H_HOBBITS,38,kv,SoundAttack,SOUND_ATTACK_PIKEMEN
UNIT_H_HOBBITS,39,kv,SoundWork,SOUND_WORK_PIKEMEN
UNIT_H_HOBBITS,40,kv,SoundVictory,SOUND_VICTORY_PIKEMEN
UNIT_H_HOBBITS,41,kv,SoundDeath,SOUND_DEATH_PIKEMEN
UNIT_H_HOBBITS,42,sublist,CanAttack,Land
UNIT_H_HOBBITS,43,sublist,CanAttack,Mountain
UNIT_H_HOBBITS,44,sublist,CanBombard,Land
UNIT_H_HOBBITS,45,sublist,CanBombard,Mountain
UNIT_H_HOBBITS,46,sublist,CanBombard,Water
UNIT_H_HOBBITS,47,sublist,CanSee,Standard
UNIT_H_HOBBITS,48,sublist,MovementType,Land
UNIT_H_HOBBITS,49,sublist,MovementType,Mountain
UNIT_H_HOBBITS,50,sublist,Size,Medium
UNIT_H_HOBBITS,51,sublist,VisionClass,Standard
UNIT_H_HOBBITS,52,nested,CanReform,"[{""t"": ""kv"", ""k"": ""Sound"", ""v"": ""SOUND_ID_REFORM_CITY""}, {""t"": ""kv"", ""k"": ""Effect"", ""v"": ""SPECEFFECT_REFORMCITY""}]"
UNIT_HOBBITS_H1,0,kv,Description,DESCRIPTION_UNIT_PIKEMEN
UNIT_HOBBITS_H1,1,kv,DefaultIcon,ICON_UNIT_HOBBITS_H1
UNIT_HOBBITS_H1,2,kv,DefaultSprite,SPRITE_HOBBITS_H1
UNIT_HOBBITS_H1,3,kv,Category,UNIT_CATEGORY_RANGED
UNIT_HOBBITS_H1,4,kv,Attack,25
UNIT_HOBBITS_H1,5,kv,Defense,25
UNIT_HOBBITS_H1,6,kv,ZBRangeAttack,30
UNIT_HOBBITS_H1,7,kv,Firepower,2
UNIT_HOBBITS_H1,8,kv,Armor,1
UNIT_HOBBITS_H1,9,kv,MaxHP,15
UNIT_HOBBITS_H1,10,kv,ShieldCost,1000
UNIT_HOBBITS_H1,11,kv,PowerPoints,400
UNIT_HOBBITS_H1,12,kv,ShieldHunger,7
UNIT_HOBBITS_H1,13,kv,FoodHunger,0
UNIT_HOBBITS_H1,14,kv,MaxMovePoints,100
UNIT_HOBBITS_H1,15,kv,VisionRange,1
UNIT_HOBBITS_H1,16,kv,EnableAdvance,ADVANCE_HEXTAPUL
UNIT_HOBBITS_H1,17,kv,BombRounds,2
UNIT_HOBBITS_H1,18,kv,BombardRange,1
UNIT_HOBBITS_H1,19,flag,CanCounterBombard,
UNIT_HOBBITS_H1,20,kv,ActiveDefenseRange,0
UNIT_HOBBITS_H1,21,flag,LossMoveToDmgNone,
UNIT_HOBBITS_H1,22,kv,MaxFuel,0
UNIT_HOBBITS_H1,23,flag,CanEntrench,
UNIT_HOBBITS_H1,24,flag,NoZoc,
UNIT_HOBBITS_H1,25,flag,CanExpel,
UNIT_HOBBITS_H1,26,flag,CanPillage,
UNIT_HOBBITS_H1,27,flag,CanPirate,
UNIT_HOBBITS_H1,28,flag,ExertsMartialLaw,
UNIT_HOBBITS_H1,29,flag,DeathEffectsHappy,
UNIT_HOBBITS_H1,30,flag,OnlyBuildOne,
UNIT_HOBBITS_H1,31,kv,SoundSelect1,SOUND_SELECT1_PIKEMEN
UNIT_HOBBITS_H1,32,kv,SoundSelect2,SOUND_SELECT2_PIKEMEN
UNIT_HOBBITS_H1,33,kv,SoundMove,SOUND_MOVE_PIKEMEN
UNIT_HOBBITS_H1,34,kv,SoundAcknowledge,SOUND_ACKNOWLEDGE_PIKEMEN
UNIT_HOBBITS_H1,35,kv,SoundCantMove,SOUND_CANTMOVE_PIKEMEN
UNIT_HOBBITS_H1,36,kv,SoundAttack,SOUND_ATTACK_PIKEMEN
UNIT_HOBBITS_H1,37,kv,SoundWork,SOUND_WORK_PIKEMEN
UNIT_HOBBITS_H1,38,kv,SoundVictory,SOUND_VICTORY_PIKEMEN
UNIT_HOBBITS_H1,39,kv,SoundDeath,SOUND_DEATH_PIKEMEN
UNIT_HOBBITS_H1,40,sublist,CanAttack,Land
UNIT_HOBBITS_H1,41,sublist,CanAttack,Mountain
UNIT_HOBBITS_H1,42,sublist,CanBombard,Land
UNIT_HOBBITS_H1,43,sublist,CanBombard,Mountain
UNIT_HOBBITS_H1,44,sublist,CanBombard,Water
UNIT_HOBBITS_H1,45,sublist,CanSee,Standard
UNIT_HOBBITS_H1,46,sublist,MovementType,Land
UNIT_HOBBITS_H1,47,sublist,MovementType,Mountain
UNIT_HOBBITS_H1,48,sublist,Size,Medium
UNIT_HOBBITS_H1,49,sublist,VisionClass,Stealth
UNIT_HOBBITS_H1,50,nested,CanReform,"[{""t"": ""kv"", ""k"": ""Sound"", ""v"": ""SOUND_ID_REFORM_CITY""}, {""t"": ""kv"", ""k"": ""Effect"", ""v"": ""SPECEFFECT_REFORMCITY""}]"
UNIT_HOBBITS_H2,0,kv,Description,DESCRIPTION_UNIT_PIKEMEN
UNIT_HOBBITS_H2,1,kv,DefaultIcon,ICON_UNIT_HOBBITS_H2
UNIT_HOBBITS_H2,2,kv,DefaultSprite,SPRITE_HOBBITS_H2
UNIT_HOBBITS_H2,3,kv,Category,UNIT_CATEGORY_RANGED
UNIT_HOBBITS_H2,4,kv,Attack,30
UNIT_HOBBITS_H2,5,kv,Defense,30
UNIT_HOBBITS_H2,6,kv,ZBRangeAttack,35
UNIT_HOBBITS_H2,7,kv,Firepower,2
UNIT_HOBBITS_H2,8,kv,Armor,1
UNIT_HOBBITS_H2,9,kv,MaxHP,15
UNIT_HOBBITS_H2,10,kv,ShieldCost,1000
UNIT_HOBBITS_H2,11,kv,PowerPoints,400
UNIT_HOBBITS_H2,12,kv,ShieldHunger,7
UNIT_HOBBITS_H2,13,kv,FoodHunger,0
UNIT_HOBBITS_H2,14,kv,MaxMovePoints,100
UNIT_HOBBITS_H2,15,kv,VisionRange,1
UNIT_HOBBITS_H2,16,kv,EnableAdvance,ADVANCE_HEXTAPUL
UNIT_HOBBITS_H2,17,kv,BombRounds,3
UNIT_HOBBITS_H2,18,kv,BombardRange,1
UNIT_HOBBITS_H2,19,flag,CanCounterBombard,
UNIT_HOBBITS_H2,20,kv,ActiveDefenseRange,0
UNIT_HOBBITS_H2,21,flag,LossMoveToDmgNone,
UNIT_HOBBITS_H2,22,kv,MaxFuel,0
UNIT_HOBBITS_H2,23,flag,CanEntrench,
UNIT_HOBBITS_H2,24,flag,NoZoc,
UNIT_HOBBITS_H2,25,flag,CanExpel,
UNIT_HOBBITS_H2,26,flag,CanPillage,
UNIT_HOBBITS_H2,27,flag,CanPirate,
UNIT_HOBBITS_H2,28,flag,ExertsMartialLaw,
UNIT_HOBBITS_H2,29,flag,DeathEffectsHappy,
UNIT_HOBBITS_H2,30,flag,OnlyBuildOne,
UNIT_HOBBITS_H2,31,kv,SoundSelect1,SOUND_SELECT1_PIKEMEN
UNIT_HOBBITS_H2,32,kv,SoundSelect2,SOUND_SELECT2_PIKEMEN
UNIT_HOBBITS_H2,33,kv,SoundMove,SOUND_MOVE_PIKEMEN
UNIT_HOBBITS_H2,34,kv,SoundAcknowledge,SOUND_ACKNOWLEDGE_PIKEMEN
UNIT_HOBBITS_H2,35,kv,SoundCantMove,SOUND_CANTMOVE_PIKEMEN
UNIT_HOBBITS_H2,36,kv,SoundAttack,SOUND_ATTACK_PIKEMEN
UNIT_HOBBITS_H2,37,kv,SoundWork,SOUND_WORK_PIKEMEN
UNIT_HOBBITS_H2,38,kv,SoundVictory,SOUND_VICTORY_PIKEMEN
UNIT_HOBBITS_H2,39,kv,SoundDeath,SOUND_DEATH_PIKEMEN
UNIT_HOBBITS_H2,40,sublist,CanAttack,Land
UNIT_HOBBITS_H2,41,sublist,CanAttack,Mountain
UNIT_HOBBITS_H2,42,sublist,CanBombard,Land
UNIT_HOBBITS_H2,43,sublist,CanBombard,Mountain
UNIT_HOBBITS_H2,44,sublist,CanBombard,Water
UNIT_HOBBITS_H2,45,sublist,CanSee,Standard
UNIT_HOBBITS_H2,46,sublist,MovementType,Land
UNIT_HOBBITS_H2,47,sublist,MovementType,Mountain
UNIT_HOBBITS_H2,48,sublist,Size,Medium
UNIT_HOBBITS_H2,49,sublist,VisionClass,Stealth
UNIT_HOBBITS_H2,50,nested,CanReform,"[{""t"": ""kv"", ""k"": ""Sound"", ""v"": ""SOUND_ID_REFORM_CITY""}, {""t"": ""kv"", ""k"": ""Effect"", ""v"": ""SPECEFFECT_REFORMCITY""}]"
UNIT_HOBBITS_H3,0,kv,Description,DESCRIPTION_UNIT_PIKEMEN
UNIT_HOBBITS_H3,1,kv,DefaultIcon,ICON_UNIT_HOBBITS_H3
UNIT_HOBBITS_H3,2,kv,DefaultSprite,SPRITE_HOBBITS_H3
UNIT_HOBBITS_H3,3,kv,Category,UNIT_CATEGORY_RANGED
UNIT_HOBBITS_H3,4,kv,Attack,35
UNIT_HOBBITS_H3,5,kv,Defense,35
UNIT_HOBBITS_H3,6,kv,ZBRangeAttack,40
UNIT_HOBBITS_H3,7,kv,Firepower,2
UNIT_HOBBITS_H3,8,kv,Armor,1
UNIT_HOBBITS_H3,9,kv,MaxHP,15
UNIT_HOBBITS_H3,10,kv,ShieldCost,1000
UNIT_HOBBITS_H3,11,kv,PowerPoints,400
UNIT_HOBBITS_H3,12,kv,ShieldHunger,7
UNIT_HOBBITS_H3,13,kv,FoodHunger,0
UNIT_HOBBITS_H3,14,kv,MaxMovePoints,100
UNIT_HOBBITS_H3,15,kv,VisionRange,1
UNIT_HOBBITS_H3,16,kv,EnableAdvance,ADVANCE_HEXTAPUL
UNIT_HOBBITS_H3,17,kv,ActiveDefenseRange,0
UNIT_HOBBITS_H3,18,flag,LossMoveToDmgNone,
UNIT_HOBBITS_H3,19,kv,MaxFuel,0
UNIT_HOBBITS_H3,20,flag,CanEntrench,
UNIT_HOBBITS_H3,21,flag,NoZoc,
UNIT_HOBBITS_H3,22,flag,CanExpel,
UNIT_HOBBITS_H3,23,flag,CanPillage,
UNIT_HOBBITS_H3,24,flag,CanPirate,
UNIT_HOBBITS_H3,25,flag,ExertsMartialLaw,
UNIT_HOBBITS_H3,26,flag,DeathEffectsHappy,
UNIT_HOBBITS_H3,27,flag,OnlyBuildOne,
UNIT_HOBBITS_H3,28,kv,SoundSelect1,SOUND_SELECT1_PIKEMEN
UNIT_HOBBITS_H3,29,kv,SoundSelect2,SOUND_SELECT2_PIKEMEN
UNIT_HOBBITS_H3,30,kv,SoundMove,SOUND_MOVE_PIKEMEN
UNIT_HOBBITS_H3,31,kv,SoundAcknowledge,SOUND_ACKNOWLEDGE_PIKEMEN
UNIT_HOBBITS_H3,32,kv,SoundCantMove,SOUND_CANTMOVE_PIKEMEN
UNIT_HOBBITS_H3,33,kv,SoundAttack,SOUND_ATTACK_PIKEMEN
UNIT_HOBBITS_H3,34,kv,SoundWork,SOUND_WORK_PIKEMEN
UNIT_HOBBITS_H3,35,kv,SoundVictory,SOUND_VICTORY_PIKEMEN
UNIT_HOBBITS_H3,36,kv,SoundDeath,SOUND_DEATH_PIKEMEN
UNIT_HOBBITS_H3,37,sublist,CanAttack,Land
UNIT_HOBBITS_H3,38,sublist,CanAttack,Mountain
UNIT_HOBBITS_H3,39,sublist,CanSee,Standard
UNIT_HOBBITS_H3,40,sublist,MovementType,Land
UNIT_HOBBITS_H3,41,sublist,MovementType,Mountain
UNIT_HOBBITS_H3,42,sublist,Size,Medium
UNIT_HOBBITS_H3,43,sublist,VisionClass,Stealth
UNIT_HOBBITS_H3,44,nested,CanReform,"[{""t"": ""kv"", ""k"": ""Sound"", ""v"": ""SOUND_ID_REFORM_CITY""}, {""t"": ""kv"", ""k"": ""Effect"", ""v"": ""SPECEFFECT_REFORMCITY""}]"
UNIT_H_ISENGARD,0,kv,Description,DESCRIPTION_UNIT_PIKEMEN
UNIT_H_ISENGARD,1,kv,DefaultIcon,ICON_UNIT_H_ISENGARD
UNIT_H_ISENGARD,2,kv,DefaultSprite,SPRITE_H_ISENGARD
UNIT_H_ISENGARD,3,kv,Category,UNIT_CATEGORY_RANGED
UNIT_H_ISENGARD,4,kv,Attack,85
UNIT_H_ISENGARD,5,kv,Defense,85
UNIT_H_ISENGARD,6,kv,ZBRangeAttack,85
UNIT_H_ISENGARD,7,kv,Firepower,2
UNIT_H_ISENGARD,8,kv,Armor,1
UNIT_H_ISENGARD,9,kv,MaxHP,25
UNIT_H_ISENGARD,10,kv,ShieldCost,1000
UNIT_H_ISENGARD,11,kv,PowerPoints,400
UNIT_H_ISENGARD,12,kv,ShieldHunger,7
UNIT_H_ISENGARD,13,kv,FoodHunger,0
UNIT_H_ISENGARD,14,kv,MaxMovePoints,0
UNIT_H_ISENGARD,15,kv,VisionRange,1
UNIT_H_ISENGARD,16,kv,EnableAdvance,ADVANCE_HEXTAPUL
UNIT_H_ISENGARD,17,kv,BombRounds,5
UNIT_H_ISENGARD,18,kv,BombardRange,1
UNIT_H_ISENGARD,19,flag,CanCounterBombard,
UNIT_H_ISENGARD,20,kv,ActiveDefenseRange,0
UNIT_H_ISENGARD,21,flag,LossMoveToDmgNone,
UNIT_H_ISENGARD,22,kv,MaxFuel,0
UNIT_H_ISENGARD,23,flag,CanEntrench,
UNIT_H_ISENGARD,24,flag,NoZoc,
UNIT_H_ISENGARD,25,flag,CanExpel,
UNIT_H_ISENGARD,26,flag,CanPillage,
UNIT_H_ISENGARD,27,flag,CanPirate,
UNIT_H_ISENGARD,28,flag,ExertsMartialLaw,
UNIT_H_ISENGARD,29,flag,DeathEffectsHappy,
UNIT_H_ISENGARD,30,flag,BonusAgainstMounted,
UNIT_H_ISENGARD,31,kv,MountedBonus,0.2
UNIT_H_ISENGARD,32,flag,OnlyBuildOne,
UNIT_H_ISENGARD,33,kv,SoundSelect1,SOUND_SELECT1_PIKEMEN
UNIT_H_ISENGARD,34,kv,SoundSelect2,SOUND_SELECT2_PIKEMEN
UNIT_H_ISENGARD,35,kv,SoundMove,SOUND_MOVE_PIKEMEN
UNIT_H_ISENGARD,36,kv,SoundAcknowledge,SOUND_ACKNOWLEDGE_PIKEMEN
UNIT_H_ISENGARD,37,kv,SoundCantMove,SOUND_CANTMOVE_PIKEMEN
UNIT_H_ISENGARD,38,kv,SoundAttack,SOUND_ATTACK_PIKEMEN
UNIT_H_ISENGARD,39,kv,SoundWork,SOUND_WORK_PIKEMEN
UNIT_H_ISENGARD,40,kv,SoundVictory,SOUND_VICTORY_PIKEMEN
UNIT_H_ISENGARD,41,kv,SoundDeath,SOUND_DEATH_PIKEMEN
UNIT_H_ISENGARD,42,sublist,CanAttack,Land
UNIT_H_ISENGARD,43,sublist,CanAttack,Mountain
UNIT_H_ISENGARD,44,sublist,CanBombard,Land
UNIT_H_ISENGARD,45,sublist,CanBombard,Mountain
UNIT_H_ISENGARD,46,sublist,CanBombard,Water
UNIT_H_ISENGARD,47,sublist,CanSee,Standard
UNIT_H_ISENGARD,48,sublist,MovementType,Land
UNIT_H_ISENGARD,49,sublist,MovementType,Mountain
UNIT_H_ISENGARD,50,sublist,Size,Medium
UNIT_H_ISENGARD,51,sublist,VisionClass,Standard
UNIT_H_ISENGARD,52,nested,CanReform,"[{""t"": ""kv"", ""k"": ""Sound"", ""v"": ""SOUND_ID_REFORM_CITY""}, {""t"": ""kv"", ""k"": ""Effect"", ""v"": ""SPECEFFECT_REFORMCITY""}]"
UNIT_H_MORDOR,0,kv,Description,DESCRIPTION_UNIT_PIKEMEN
UNIT_H_MORDOR,1,kv,DefaultIcon,ICON_UNIT_H_MORDOR
UNIT_H_MORDOR,2,kv,DefaultSprite,SPRITE_H_MORDOR
UNIT_H_MORDOR,3,kv,Category,UNIT_CATEGORY_RANGED
UNIT_H_MORDOR,4,kv,Attack,100
UNIT_H_MORDOR,5,kv,Defense,100
UNIT_H_MORDOR,6,kv,ZBRangeAttack,100
UNIT_H_MORDOR,7,kv,Firepower,2
UNIT_H_MORDOR,8,kv,Armor,1
UNIT_H_MORDOR,9,kv,MaxHP,25
UNIT_H_MORDOR,10,kv,ShieldCost,1000
UNIT_H_MORDOR,11,kv,PowerPoints,400
UNIT_H_MORDOR,12,kv,ShieldHunger,7
UNIT_H_MORDOR,13,kv,FoodHunger,0
UNIT_H_MORDOR,14,kv,MaxMovePoints,0
UNIT_H_MORDOR,15,kv,VisionRange,1
UNIT_H_MORDOR,16,kv,EnableAdvance,ADVANCE_HEXTAPUL
UNIT_H_MORDOR,17,kv,BombRounds,5
UNIT_H_MORDOR,18,kv,BombardRange,1
UNIT_H_MORDOR,19,flag,CanCounterBombard,
UNIT_H_MORDOR,20,kv,ActiveDefenseRange,0
UNIT_H_MORDOR,21,flag,LossMoveToDmgNone,
UNIT_H_MORDOR,22,kv,MaxFuel,0
UNIT_H_MORDOR,23,flag,CanEntrench,
UNIT_H_MORDOR,24,flag,NoZoc,
UNIT_H_MORDOR,25,flag,CanExpel,
UNIT_H_MORDOR,26,flag,CanPillage,
UNIT_H_MORDOR,27,flag,CanPirate,
UNIT_H_MORDOR,28,flag,ExertsMartialLaw,
UNIT_H_MORDOR,29,flag,DeathEffectsHappy,
UNIT_H_MORDOR,30,flag,BonusAgainstMounted,
UNIT_H_MORDOR,31,kv,MountedBonus,0.2
UNIT_H_MORDOR,32,flag,OnlyBuildOne,
UNIT_H_MORDOR,33,flag,VictoryEnslavement,
UNIT_H_MORDOR,34,kv,SoundSelect1,SOUND_SELECT1_PIKEMEN
UNIT_H_MORDOR,35,kv,SoundSelect2,SOUND_SELECT2_PIKEMEN
UNIT_H_MORDOR,36,kv,SoundMove,SOUND_MOVE_PIKEMEN
UNIT_H_MORDOR,37,kv,SoundAcknowledge,SOUND_ACKNOWLEDGE_PIKEMEN
UNIT_H_MORDOR,38,kv,SoundCantMove,SOUND_CANTMOVE_PIKEMEN
UNIT_H_MORDOR,39,kv,SoundAttack,SOUND_ATTACK_PIKEMEN
UNIT_H_MORDOR,40,kv,SoundWork,SOUND_WORK_PIKEMEN
UNIT_H_MORDOR,41,kv,SoundVictory,SOUND_VICTORY_PIKEMEN
UNIT_H_MORDOR,42,kv,SoundDeath,SOUND_DEATH_PIKEMEN
UNIT_H_MORDOR,43,sublist,CanAttack,Land
UNIT_H_MORDOR,44,sublist,CanAttack,Mountain
UNIT_H_MORDOR,45,sublist,CanBombard,Land
UNIT_H_MORDOR,46,sublist,CanBombard,Mountain
UNIT_H_MORDOR,47,sublist,CanBombard,Water
UNIT_H_MORDOR,48,sublist,CanSee,Standard
UNIT_H_MORDOR,49,sublist,MovementType,Land
UNIT_H_MORDOR,50,sublist,MovementType,Mountain
UNIT_H_MORDOR,51,sublist,Size,Medium
UNIT_H_MORDOR,52,sublist,VisionClass,Standard
UNIT_H_MORDOR,53,nested,CanReform,"[{""t"": ""kv"", ""k"": ""Sound"", ""v"": ""SOUND_ID_REFORM_CITY""}, {""t"": ""kv"", ""k"": ""Effect"", ""v"": ""SPECEFFECT_REFORMCITY""}]"
UNIT_MORDOR_H1,0,kv,Description,DESCRIPTION_UNIT_PIKEMEN
UNIT_MORDOR_H1,1,kv,DefaultIcon,ICON_UNIT_MORDOR_H1
UNIT_MORDOR_H1,2,kv,DefaultSprite,SPRITE_MORDOR_H1
UNIT_MORDOR_H1,3,kv,Category,UNIT_CATEGORY_FLANKER
UNIT_MORDOR_H1,4,kv,Attack,30
UNIT_MORDOR_H1,5,kv,Defense,30
UNIT_MORDOR_H1,6,kv,ZBRangeAttack,0
UNIT_MORDOR_H1,7,kv,Firepower,1
UNIT_MORDOR_H1,8,kv,Armor,1
UNIT_MORDOR_H1,9,kv,MaxHP,12
UNIT_MORDOR_H1,10,kv,ShieldCost,1000
UNIT_MORDOR_H1,11,kv,PowerPoints,200
UNIT_MORDOR_H1,12,kv,ShieldHunger,6
UNIT_MORDOR_H1,13,kv,FoodHunger,0
UNIT_MORDOR_H1,14,kv,MaxMovePoints,300
UNIT_MORDOR_H1,15,kv,VisionRange,2
UNIT_MORDOR_H1,16,kv,EnableAdvance,ADVANCE_HEXTAPUL
UNIT_MORDOR_H1,17,kv,ActiveDefenseRange,0
UNIT_MORDOR_H1,18,flag,LossMoveToDmgNone,
UNIT_MORDOR_H1,19,kv,MaxFuel,0
UNIT_MORDOR_H1,20,flag,CanEntrench,
UNIT_MORDOR_H1,21,flag,NoZoc,
UNIT_MORDOR_H1,22,flag,CanExpel,
UNIT_MORDOR_H1,23,flag,CanPillage,
UNIT_MORDOR_H1,24,flag,CanPirate,
UNIT_MORDOR_H1,25,flag,ExertsMartialLaw,
UNIT_MORDOR_H1,26,flag,DeathEffectsHappy,
UNIT_MORDOR_H1,27,flag,IsFlanker,
UNIT_MORDOR_H1,28,flag,OnlyBuildOne,
UNIT_MORDOR_H1,29,flag,BonusAgainstMounted,
UNIT_MORDOR_H1,30,kv,MountedBonus,0.1
UNIT_MORDOR_H1,31,flag,VictoryEnslavement,
UNIT_MORDOR_H1,32,kv,SoundSelect1,SOUND_SELECT1_KNIGHT
UNIT_MORDOR_H1,33,kv,SoundSelect2,SOUND_SELECT2_KNIGHT
UNIT_MORDOR_H1,34,kv,SoundMove,SOUND_MOVE_KNIGHT
UNIT_MORDOR_H1,35,kv,SoundAcknowledge,SOUND_ACKNOWLEDGE_KNIGHT
UNIT_MORDOR_H1,36,kv,SoundCantMove,SOUND_CANTMOVE_KNIGHT
UNIT_MORDOR_H1,37,kv,SoundAttack,SOUND_ATTACK_KNIGHT
UNIT_MORDOR_H1,38,kv,SoundWork,SOUND_WORK_KNIGHT
UNIT_MORDOR_H1,39,kv,SoundVictory,SOUND_VICTORY_KNIGHT
UNIT_MORDOR_H1,40,kv,SoundDeath,SOUND_DEATH_KNIGHT
UNIT_MORDOR_H1,41,sublist,CanAttack,Land
UNIT_MORDOR_H1,42,sublist,CanAttack,Mountain
UNIT_MORDOR_H1,43,sublist,CanBombard,Land
UNIT_MORDOR_H1,44,sublist,CanBombard,Mountain
UNIT_MORDOR_H1,45,sublist,CanSee,Standard
UNIT_MORDOR_H1,46,sublist,CanSee,Stealth
UNIT_MORDOR_H1,47,sublist,MovementType,Land
UNIT_MORDOR_H1,48,sublist,MovementType,Mountain
UNIT_MORDOR_H1,49,sublist,Size,Small
UNIT_MORDOR_H1,50,sublist,VisionClass,Standard
UNIT_MORDOR_H1,51,nested,CanReform,"[{""t"": ""kv"", ""k"": ""Sound"", ""v"": ""SOUND_ID_REFORM_CITY""}, {""t"": ""kv"", ""k"": ""Effect"", ""v"": ""SPECEFFECT_REFORMCITY""}]"
UNIT_MORDOR_H2,0,kv,Description,DESCRIPTION_UNIT_PIKEMEN
UNIT_MORDOR_H2,1,kv,DefaultIcon,ICON_UNIT_MORDOR_H2
UNIT_MORDOR_H2,2,kv,DefaultSprite,SPRITE_MORDOR_H2
UNIT_MORDOR_H2,3,kv,Category,UNIT_CATEGORY_FLANKER
UNIT_MORDOR_H2,4,kv,Attack,35
UNIT_MORDOR_H2,5,kv,Defense,35
UNIT_MORDOR_H2,6,kv,ZBRangeAttack,0
UNIT_MORDOR_H2,7,kv,Firepower,1
UNIT_MORDOR_H2,8,kv,Armor,1
UNIT_MORDOR_H2,9,kv,MaxHP,12
UNIT_MORDOR_H2,10,kv,ShieldCost,1000
UNIT_MORDOR_H2,11,kv,PowerPoints,200
UNIT_MORDOR_H2,12,kv,ShieldHunger,6
UNIT_MORDOR_H2,13,kv,FoodHunger,0
UNIT_MORDOR_H2,14,kv,MaxMovePoints,300
UNIT_MORDOR_H2,15,kv,VisionRange,2
UNIT_MORDOR_H2,16,flag,VictoryEnslavement,
UNIT_MORDOR_H2,17,kv,EnableAdvance,ADVANCE_HEXTAPUL
UNIT_MORDOR_H2,18,kv,ActiveDefenseRange,0
UNIT_MORDOR_H2,19,flag,LossMoveToDmgNone,
UNIT_MORDOR_H2,20,kv,MaxFuel,0
UNIT_MORDOR_H2,21,flag,CanEntrench,
UNIT_MORDOR_H2,22,flag,NoZoc,
UNIT_MORDOR_H2,23,flag,CanExpel,
UNIT_MORDOR_H2,24,flag,CanPillage,
UNIT_MORDOR_H2,25,flag,CanPirate,
UNIT_MORDOR_H2,26,flag,ExertsMartialLaw,
UNIT_MORDOR_H2,27,flag,DeathEffectsHappy,
UNIT_MORDOR_H2,28,flag,IsFlanker,
UNIT_MORDOR_H2,29,flag,OnlyBuildOne,
UNIT_MORDOR_H2,30,flag,BonusAgainstMounted,
UNIT_MORDOR_H2,31,kv,MountedBonus,0.1
UNIT_MORDOR_H2,32,kv,SoundSelect1,SOUND_SELECT1_KNIGHT
UNIT_MORDOR_H2,33,kv,SoundSelect2,SOUND_SELECT2_KNIGHT
UNIT_MORDOR_H2,34,kv,SoundMove,SOUND_MOVE_KNIGHT
UNIT_MORDOR_H2,35,kv,SoundAcknowledge,SOUND_ACKNOWLEDGE_KNIGHT
UNIT_MORDOR_H2,36,kv,SoundCantMove,SOUND_CANTMOVE_KNIGHT
UNIT_MORDOR_H2,37,kv,SoundAttack,SOUND_ATTACK_KNIGHT
UNIT_MORDOR_H2,38,kv,SoundWork,SOUND_WORK_KNIGHT
UNIT_MORDOR_H2,39,kv,SoundVictory,SOUND_VICTORY_KNIGHT
UNIT_MORDOR_H2,40,kv,SoundDeath,SOUND_DEATH_KNIGHT
UNIT_MORDOR_H2,41,sublist,CanAttack,Land
UNIT_MORDOR_H2,42,sublist,CanAttack,Mountain
UNIT_MORDOR_H2,43,sublist,CanBombard,Land
UNIT_MORDOR_H2,44,sublist,CanBombard,Mountain
UNIT_MORDOR_H2,45,sublist,CanSee,Standard
UNIT_MORDOR_H2,46,sublist,CanSee,Stealth
UNIT_MORDOR_H2,47,sublist,MovementType,Land
UNIT_MORDOR_H2,48,sublist,MovementType,Mountain
UNIT_MORDOR_H2,49,sublist,Size,Small
UNIT_MORDOR_H2,50,sublist,VisionClass,Standard
UNIT_MORDOR_H2,51,nested,CanReform,"[{""t"": ""kv"", ""k"": ""Sound"", ""v"": ""SOUND_ID_REFORM_CITY""}, {""t"": ""kv"", ""k"": ""Effect"", ""v"": ""SPECEFFECT_REFORMCITY""}]"
UNIT_MORDOR_H3,0,kv,Description,DESCRIPTION_UNIT_PIKEMEN
UNIT_MORDOR_H3,1,kv,DefaultIcon,ICON_UNIT_MORDOR_H3
UNIT_MORDOR_H3,2,kv,DefaultSprite,SPRITE_MORDOR_H3
UNIT_MORDOR_H3,3,kv,Category,UNIT_CATEGORY_RANGED
UNIT_MORDOR_H3,4,kv,Attack,40
UNIT_MORDOR_H3,5,kv,Defense,40
UNIT_MORDOR_H3,6,kv,ZBRangeAttack,35
UNIT_MORDOR_H3,7,kv,Firepower,1
UNIT_MORDOR_H3,8,kv,Armor,1
UNIT_MORDOR_H3,9,kv,MaxHP,12
UNIT_MORDOR_H3,10,kv,ShieldCost,1000
UNIT_MORDOR_H3,11,kv,PowerPoints,200
UNIT_MORDOR_H3,12,kv,ShieldHunger,6
UNIT_MORDOR_H3,13,kv,FoodHunger,0
UNIT_MORDOR_H3,14,kv,MaxMovePoints,600
UNIT_MORDOR_H3,15,kv,VisionRange,2
UNIT_MORDOR_H3,16,kv,EnableAdvance,ADVANCE_HEXTAPUL
UNIT_MORDOR_H3,17,kv,BombRounds,3
UNIT_MORDOR_H3,18,kv,BombardRange,1
UNIT_MORDOR_H3,19,flag,CanCounterBombard,
UNIT_MORDOR_H3,20,kv,ActiveDefenseRange,0
UNIT_MORDOR_H3,21,flag,LossMoveToDmgNone,
UNIT_MORDOR_H3,22,kv,MaxFuel,0
UNIT_MORDOR_H3,23,flag,CanEntrench,
UNIT_MORDOR_H3,24,flag,NoZoc,
UNIT_MORDOR_H3,25,flag,CanExpel,
UNIT_MORDOR_H3,26,flag,CanPillage,
UNIT_MORDOR_H3,27,flag,CanPirate,
UNIT_MORDOR_H3,28,flag,ExertsMartialLaw,
UNIT_MORDOR_H3,29,flag,DeathEffectsHappy,
UNIT_MORDOR_H3,30,flag,OnlyBuildOne,
UNIT_MORDOR_H3,31,flag,BonusAgainstMounted,
UNIT_MORDOR_H3,32,kv,MountedBonus,0.1
UNIT_MORDOR_H3,33,flag,VictoryEnslavement,
UNIT_MORDOR_H3,34,kv,SoundSelect1,SOUND_SELECT1_KNIGHT
UNIT_MORDOR_H3,35,kv,SoundSelect2,SOUND_SELECT2_KNIGHT
UNIT_MORDOR_H3,36,kv,SoundMove,SOUND_MOVE_KNIGHT
UNIT_MORDOR_H3,37,kv,SoundAcknowledge,SOUND_ACKNOWLEDGE_KNIGHT
UNIT_MORDOR_H3,38,kv,SoundCantMove,SOUND_CANTMOVE_KNIGHT
UNIT_MORDOR_H3,39,kv,SoundAttack,SOUND_ATTACK_KNIGHT
UNIT_MORDOR_H3,40,kv,SoundWork,SOUND_WORK_KNIGHT
UNIT_MORDOR_H3,41,kv,SoundVictory,SOUND_VICTORY_KNIGHT
UNIT_MORDOR_H3,42,kv,SoundDeath,SOUND_DEATH_KNIGHT
UNIT_MORDOR_H3,43,sublist,CanAttack,Land
UNIT_MORDOR_H3,44,sublist,CanAttack,Mountain
UNIT_MORDOR_H3,45,sublist,CanAttack,Sea
UNIT_MORDOR_H3,46,sublist,CanAttack,ShallowWater
UNIT_MORDOR_H3,47,sublist,CanBombard,Land
UNIT_MORDOR_H3,48,sublist,CanBombard,Mountain
UNIT_MORDOR_H3,49,sublist,CanBombard,Water
UNIT_MORDOR_H3,50,sublist,CanSee,Standard
UNIT_MORDOR_H3,51,sublist,CanSee,Stealth
UNIT_MORDOR_H3,52,sublist,MovementType,Land
UNIT_MORDOR_H3,53,sublist,MovementType,Mountain
UNIT_MORDOR_H3,54,sublist,MovementType,Sea
UNIT_MORDOR_H3,55,sublist,MovementType,ShallowWater
UNIT_MORDOR_H3,56,sublist,Size,Small
UNIT_MORDOR_H3,57,sublist,VisionClass,Stealth
UNIT_MORDOR_H3,58,nested,CanReform,"[{""t"": ""kv"", ""k"": ""Sound"", ""v"": ""SOUND_ID_REFORM_CITY""}, {""t"": ""kv"", ""k"": ""Effect"", ""v"": ""SPECEFFECT_REFORMCITY""}]"
UNIT_MORDOR_H4,0,kv,Description,DESCRIPTION_UNIT_PIKEMEN
UNIT_MORDOR_H4,1,kv,DefaultIcon,ICON_UNIT_MORDOR_H4
UNIT_MORDOR_H4,2,kv,DefaultSprite,SPRITE_MORDOR_H4
UNIT_MORDOR_H4,3,kv,Category,UNIT_CATEGORY_RANGED
UNIT_MORDOR_H4,4,kv,Attack,50
UNIT_MORDOR_H4,5,kv,Defense,50
UNIT_MORDOR_H4,6,kv,ZBRangeAttack,45
UNIT_MORDOR_H4,7,kv,Firepower,2
UNIT_MORDOR_H4,8,kv,Armor,1
UNIT_MORDOR_H4,9,kv,MaxHP,15
UNIT_MORDOR_H4,10,kv,ShieldCost,1000
UNIT_MORDOR_H4,11,kv,PowerPoints,200
UNIT_MORDOR_H4,12,kv,ShieldHunger,6
UNIT_MORDOR_H4,13,kv,FoodHunger,0
UNIT_MORDOR_H4,14,kv,MaxMovePoints,600
UNIT_MORDOR_H4,15,kv,VisionRange,2
UNIT_MORDOR_H4,16,kv,EnableAdvance,ADVANCE_HEXTAPUL
UNIT_MORDOR_H4,17,kv,BombRounds,5
UNIT_MORDOR_H4,18,kv,BombardRange,1
UNIT_MORDOR_H4,19,flag,CanCounterBombard,
UNIT_MORDOR_H4,20,kv,ActiveDefenseRange,0
UNIT_MORDOR_H4,21,flag,LossMoveToDmgNone,
UNIT_MORDOR_H4,22,kv,MaxFuel,0
UNIT_MORDOR_H4,23,flag,CanEntrench,
UNIT_MORDOR_H4,24,flag,NoZoc,
UNIT_MORDOR_H4,25,flag,CanExpel,
UNIT_MORDOR_H4,26,flag,CanPillage,
UNIT_MORDOR_H4,27,flag,CanPirate,
UNIT_MORDOR_H4,28,flag,ExertsMartialLaw,
UNIT_MORDOR_H4,29,flag,DeathEffectsHappy,
UNIT_MORDOR_H4,30,flag,OnlyBuildOne,
UNIT_MORDOR_H4,31,flag,BonusAgainstMounted,
UNIT_MORDOR_H4,32,kv,MountedBonus,0.1
UNIT_MORDOR_H4,33,flag,VictoryEnslavement,
UNIT_MORDOR_H4,34,kv,SoundSelect1,SOUND_SELECT1_KNIGHT
UNIT_MORDOR_H4,35,kv,SoundSelect2,SOUND_SELECT2_KNIGHT
UNIT_MORDOR_H4,36,kv,SoundMove,SOUND_MOVE_KNIGHT
UNIT_MORDOR_H4,37,kv,SoundAcknowledge,SOUND_ACKNOWLEDGE_KNIGHT
UNIT_MORDOR_H4,38,kv,SoundCantMove,SOUND_CANTMOVE_KNIGHT
UNIT_MORDOR_H4,39,kv,SoundAttack,SOUND_ATTACK_KNIGHT
UNIT_MORDOR_H4,40,kv,SoundWork,SOUND_WORK_KNIGHT
UNIT_MORDOR_H4,41,kv,SoundVictory,SOUND_VICTORY_KNIGHT
UNIT_MORDOR_H4,42,kv,SoundDeath,SOUND_DEATH_KNIGHT
UNIT_MORDOR_H4,43,sublist,CanAttack,Land
UNIT_MORDOR_H4,44,sublist,CanAttack,Mountain
UNIT_MORDOR_H4,45,sublist,CanAttack,Sea
UNIT_MORDOR_H4,46,sublist,CanAttack,ShallowWater
UNIT_MORDOR_H4,47,sublist,CanBombard,Land
UNIT_MORDOR_H4,48,sublist,CanBombard,Mountain
UNIT_MORDOR_H4,49,sublist,CanBombard,Water
UNIT_MORDOR_H4,50,sublist,CanSee,Standard
UNIT_MORDOR_H4,51,sublist,CanSee,Stealth
UNIT_MORDOR_H4,52,sublist,MovementType,Land
UNIT_MORDOR_H4,53,sublist,MovementType,Mountain
UNIT_MORDOR_H4,54,sublist,MovementType,Sea
UNIT_MORDOR_H4,55,sublist,MovementType,ShallowWater
UNIT_MORDOR_H4,56,sublist,Size,Small
UNIT_MORDOR_H4,57,sublist,VisionClass,Stealth
UNIT_MORDOR_H4,58,nested,CanReform,"[{""t"": ""kv"", ""k"": ""Sound"", ""v"": ""SOUND_ID_REFORM_CITY""}, {""t"": ""kv"", ""k"": ""Effect"", ""v"": ""SPECEFFECT_REFORMCITY""}]"
UNIT_MORDOR_H5,0,kv,Description,DESCRIPTION_UNIT_PIKEMEN
UNIT_MORDOR_H5,1,kv,DefaultIcon,ICON_UNIT_MORDOR_H5
UNIT_MORDOR_H5,2,kv,DefaultSprite,SPRITE_MORDOR_H5
UNIT_MORDOR_H5,3,kv,Category,UNIT_CATEGORY_RANGED
UNIT_MORDOR_H5,4,kv,Attack,55
UNIT_MORDOR_H5,5,kv,Defense,20
UNIT_MORDOR_H5,6,kv,ZBRangeAttack,0
UNIT_MORDOR_H5,7,kv,Firepower,2
UNIT_MORDOR_H5,8,kv,Armor,1
UNIT_MORDOR_H5,9,kv,MaxHP,15
UNIT_MORDOR_H5,10,kv,ShieldCost,1000
UNIT_MORDOR_H5,11,kv,PowerPoints,400
UNIT_MORDOR_H5,12,kv,ShieldHunger,7
UNIT_MORDOR_H5,13,kv,FoodHunger,0
UNIT_MORDOR_H5,14,kv,MaxMovePoints,100
UNIT_MORDOR_H5,15,kv,VisionRange,1
UNIT_MORDOR_H5,16,kv,EnableAdvance,ADVANCE_HEXTAPUL
UNIT_MORDOR_H5,17,kv,ActiveDefenseRange,0
UNIT_MORDOR_H5,18,flag,LossMoveToDmgNone,
UNIT_MORDOR_H5,19,kv,MaxFuel,0
UNIT_MORDOR_H5,20,flag,CanEntrench,
UNIT_MORDOR_H5,21,flag,NoZoc,
UNIT_MORDOR_H5,22,flag,CanExpel,
UNIT_MORDOR_H5,23,flag,CanPillage,
UNIT_MORDOR_H5,24,flag,CanPirate,
UNIT_MORDOR_H5,25,flag,ExertsMartialLaw,
UNIT_MORDOR_H5,26,flag,DeathEffectsHappy,
UNIT_MORDOR_H5,27,flag,BonusAgainstMounted,
UNIT_MORDOR_H5,28,kv,MountedBonus,0.2
UNIT_MORDOR_H5,29,flag,OnlyBuildOne,
UNIT_MORDOR_H5,30,flag,VictoryEnslavement,
UNIT_MORDOR_H5,31,kv,SoundSelect1,SOUND_SELECT1_PIKEMEN
UNIT_MORDOR_H5,32,kv,SoundSelect2,SOUND_SELECT2_PIKEMEN
UNIT_MORDOR_H5,33,kv,SoundMove,SOUND_MOVE_PIKEMEN
UNIT_MORDOR_H5,34,kv,SoundAcknowledge,SOUND_ACKNOWLEDGE_PIKEMEN
UNIT_MORDOR_H5,35,kv,SoundCantMove,SOUND_CANTMOVE_PIKEMEN
UNIT_MORDOR_H5,36,kv,SoundAttack,SOUND_ATTACK_PIKEMEN
UNIT_MORDOR_H5,37,kv,SoundWork,SOUND_WORK_PIKEMEN
UNIT_MORDOR_H5,38,kv,SoundVictory,SOUND_VICTORY_PIKEMEN
UNIT_MORDOR_H5,39,kv,SoundDeath,SOUND_DEATH_PIKEMEN
UNIT_MORDOR_H5,40,sublist,CanAttack,Land
UNIT_MORDOR_H5,41,sublist,CanAttack,Mountain
UNIT_MORDOR_H5,42,sublist,CanSee,Standard
UNIT_MORDOR_H5,43,sublist,MovementType,Land
UNIT_MORDOR_H5,44,sublist,MovementType,Mountain
UNIT_MORDOR_H5,45,sublist,Size,Medium
UNIT_MORDOR_H5,46,sublist,VisionClass,Standard
UNIT_MORDOR_H5,47,nested,CanReform,"[{""t"": ""kv"", ""k"": ""Sound"", ""v"": ""SOUND_ID_REFORM_CITY""}, {""t"": ""kv"", ""k"": ""Effect"", ""v"": ""SPECEFFECT_REFORMCITY""}]"
UNIT_MORDOR_H6,0,kv,Description,DESCRIPTION_UNIT_PIKEMEN
UNIT_MORDOR_H6,1,kv,DefaultIcon,ICON_UNIT_MORDOR_H6
UNIT_MORDOR_H6,2,kv,DefaultSprite,SPRITE_MORDOR_H6
UNIT_MORDOR_H6,3,kv,Category,UNIT_CATEGORY_DEFENSE
UNIT_MORDOR_H6,4,kv,Attack,50
UNIT_MORDOR_H6,5,kv,Defense,50
UNIT_MORDOR_H6,6,kv,ZBRangeAttack,0
UNIT_MORDOR_H6,7,kv,Firepower,2
UNIT_MORDOR_H6,8,kv,Armor,1
UNIT_MORDOR_H6,9,kv,MaxHP,15
UNIT_MORDOR_H6,10,kv,ShieldCost,1000
UNIT_MORDOR_H6,11,kv,PowerPoints,400
UNIT_MORDOR_H6,12,kv,ShieldHunger,7
UNIT_MORDOR_H6,13,kv,FoodHunger,0
UNIT_MORDOR_H6,14,kv,MaxMovePoints,0
UNIT_MORDOR_H6,15,kv,VisionRange,1
UNIT_MORDOR_H6,16,kv,EnableAdvance,ADVANCE_HEXTAPUL
UNIT_MORDOR_H6,17,kv,BombRounds,5
UNIT_MORDOR_H6,18,kv,BombardRange,1
UNIT_MORDOR_H6,19,flag,CanCounterBombard,
UNIT_MORDOR_H6,20,kv,ActiveDefenseRange,0
UNIT_MORDOR_H6,21,flag,LossMoveToDmgNone,
UNIT_MORDOR_H6,22,kv,MaxFuel,0
UNIT_MORDOR_H6,23,flag,CanEntrench,
UNIT_MORDOR_H6,24,flag,NoZoc,
UNIT_MORDOR_H6,25,flag,CanExpel,
UNIT_MORDOR_H6,26,flag,CanPillage,
UNIT_MORDOR_H6,27,flag,CanPirate,
UNIT_MORDOR_H6,28,flag,ExertsMartialLaw,
UNIT_MORDOR_H6,29,flag,DeathEffectsHappy,
UNIT_MORDOR_H6,30,flag,BonusAgainstMounted,
UNIT_MORDOR_H6,31,kv,MountedBonus,0.2
UNIT_MORDOR_H6,32,flag,OnlyBuildOne,
UNIT_MORDOR_H6,33,kv,SoundSelect1,SOUND_SELECT1_PIKEMEN
UNIT_MORDOR_H6,34,kv,SoundSelect2,SOUND_SELECT2_PIKEMEN
UNIT_MORDOR_H6,35,kv,SoundMove,SOUND_MOVE_PIKEMEN
UNIT_MORDOR_H6,36,kv,SoundAcknowledge,SOUND_ACKNOWLEDGE_PIKEMEN
UNIT_MORDOR_H6,37,kv,SoundCantMove,SOUND_CANTMOVE_PIKEMEN
UNIT_MORDOR_H6,38,kv,SoundAttack,SOUND_ATTACK_PIKEMEN
UNIT_MORDOR_H6,39,kv,SoundWork,SOUND_WORK_PIKEMEN
UNIT_MORDOR_H6,40,kv,SoundVictory,SOUND_VICTORY_PIKEMEN
UNIT_MORDOR_H6,41,kv,SoundDeath,SOUND_DEATH_PIKEMEN
UNIT_MORDOR_H6,42,sublist,CanAttack,Land
UNIT_MORDOR_H6,43,sublist,CanAttack,Mountain
UNIT_MORDOR_H6,44,sublist,CanBombard,Land
UNIT_MORDOR_H6,45,sublist,CanBombard,Mountain
UNIT_MORDOR_H6,46,sublist,CanBombard,Water
UNIT_MORDOR_H6,47,sublist,CanSee,Standard
UNIT_MORDOR_H6,48,sublist,MovementType,Land
UNIT_MORDOR_H6,49,sublist,MovementType,Mountain
UNIT_MORDOR_H6,50,sublist,Size,Medium
UNIT_MORDOR_H6,51,sublist,VisionClass,Standard
UNIT_MORDOR_H6,52,nested,CanReform,"[{""t"": ""kv"", ""k"": ""Sound"", ""v"": ""SOUND_ID_REFORM_CITY""}, {""t"": ""kv"", ""k"": ""Effect"", ""v"": ""SPECEFFECT_REFORMCITY""}]"
UNIT_MORDOR_H7,0,kv,Description,DESCRIPTION_UNIT_PIKEMEN
UNIT_MORDOR_H7,1,kv,DefaultIcon,ICON_UNIT_MORDOR_H7
UNIT_MORDOR_H7,2,kv,DefaultSprite,SPRITE_MORDOR_H7
UNIT_MORDOR_H7,3,kv,Category,UNIT_CATEGORY_RANGED
UNIT_MORDOR_H7,4,kv,Attack,10
UNIT_MORDOR_H7,5,kv,Defense,10
UNIT_MORDOR_H7,6,kv,ZBRangeAttack,40
UNIT_MORDOR_H7,7,kv,Firepower,2
UNIT_MORDOR_H7,8,kv,Armor,1
UNIT_MORDOR_H7,9,kv,MaxHP,5
UNIT_MORDOR_H7,10,kv,ShieldCost,1000
UNIT_MORDOR_H7,11,kv,PowerPoints,400
UNIT_MORDOR_H7,12,kv,ShieldHunger,7
UNIT_MORDOR_H7,13,kv,FoodHunger,0
UNIT_MORDOR_H7,14,kv,MaxMovePoints,200
UNIT_MORDOR_H7,15,kv,VisionRange,2
UNIT_MORDOR_H7,16,kv,EnableAdvance,ADVANCE_HEXTAPUL
UNIT_MORDOR_H7,17,kv,BombRounds,5
UNIT_MORDOR_H7,18,kv,BombardRange,1
UNIT_MORDOR_H7,19,flag,CanCounterBombard,
UNIT_MORDOR_H7,20,kv,ActiveDefenseRange,0
UNIT_MORDOR_H7,21,flag,LossMoveToDmgNone,
UNIT_MORDOR_H7,22,kv,MaxFuel,0
UNIT_MORDOR_H7,23,flag,CanEntrench,
UNIT_MORDOR_H7,24,flag,NoZoc,
UNIT_MORDOR_H7,25,flag,CanExpel,
UNIT_MORDOR_H7,26,flag,EstablishEmbassy,
UNIT_MORDOR_H7,27,flag,ThrowParty,
UNIT_MORDOR_H7,28,flag,ExertsMartialLaw,
UNIT_MORDOR_H7,29,flag,DeathEffectsHappy,
UNIT_MORDOR_H7,30,flag,BonusAgainstMounted,
UNIT_MORDOR_H7,31,kv,MountedBonus,0.2
UNIT_MORDOR_H7,32,flag,OnlyBuildOne,
UNIT_MORDOR_H7,33,flag,VictoryEnslavement,
UNIT_MORDOR_H7,34,kv,SoundSelect1,SOUND_SELECT1_PIKEMEN
UNIT_MORDOR_H7,35,kv,SoundSelect2,SOUND_SELECT2_PIKEMEN
UNIT_MORDOR_H7,36,kv,SoundMove,SOUND_MOVE_PIKEMEN
UNIT_MORDOR_H7,37,kv,SoundAcknowledge,SOUND_ACKNOWLEDGE_PIKEMEN
UNIT_MORDOR_H7,38,kv,SoundCantMove,SOUND_CANTMOVE_PIKEMEN
UNIT_MORDOR_H7,39,kv,SoundAttack,SOUND_ATTACK_PIKEMEN
UNIT_MORDOR_H7,40,kv,SoundWork,SOUND_WORK_PIKEMEN
UNIT_MORDOR_H7,41,kv,SoundVictory,SOUND_VICTORY_PIKEMEN
UNIT_MORDOR_H7,42,kv,SoundDeath,SOUND_DEATH_PIKEMEN
UNIT_MORDOR_H7,43,sublist,CanAttack,Land
UNIT_MORDOR_H7,44,sublist,CanAttack,Mountain
UNIT_MORDOR_H7,45,sublist,CanBombard,Land
UNIT_MORDOR_H7,46,sublist,CanBombard,Mountain
UNIT_MORDOR_H7,47,sublist,CanBombard,Water
UNIT_MORDOR_H7,48,sublist,CanSee,Standard
UNIT_MORDOR_H7,49,sublist,MovementType,Land
UNIT_MORDOR_H7,50,sublist,MovementType,Mountain
UNIT_MORDOR_H7,51,sublist,Size,Medium
UNIT_MORDOR_H7,52,sublist,VisionClass,Standard
UNIT_MORDOR_H7,53,nested,InvestigateCity,"[{""t"": ""kv"", ""k"": ""Chance"", ""v"": ""0.6""}, {""t"": ""kv"", ""k"": ""EliteChance"", ""v"": ""0.7""}, {""t"": ""kv"", ""k"": ""DeathChance"", ""v"": ""0.1""}]"
UNIT_MORDOR_H7,54,nested,CanReform,"[{""t"": ""kv"", ""k"": ""Sound"", ""v"": ""SOUND_ID_REFORM_CITY""}, {""t"": ""kv"", ""k"": ""Effect"", ""v"": ""SPECEFFECT_REFORMCITY""}]"
UNIT_H_NORTHMEN,0,kv,Description,DESCRIPTION_UNIT_PIKEMEN
UNIT_H_NORTHMEN,1,kv,DefaultIcon,ICON_UNIT_H_NORTHMEN
UNIT_H_NORTHMEN,2,kv,DefaultSprite,SPRITE_H_NORTHMEN
UNIT_H_NORTHMEN,3,kv,Category,UNIT_CATEGORY_RANGED
UNIT_H_NORTHMEN,4,kv,Attack,45
UNIT_H_NORTHMEN,5,kv,Defense,45
UNIT_H_NORTHMEN,6,kv,ZBRangeAttack,45
UNIT_H_NORTHMEN,7,kv,Firepower,2
UNIT_H_NORTHMEN,8,kv,Armor,1
UNIT_H_NORTHMEN,9,kv,MaxHP,25
UNIT_H_NORTHMEN,10,kv,ShieldCost,1000
UNIT_H_NORTHMEN,11,kv,PowerPoints,400
UNIT_H_NORTHMEN,12,kv,ShieldHunger,7
UNIT_H_NORTHMEN,13,kv,FoodHunger,0
UNIT_H_NORTHMEN,14,kv,MaxMovePoints,0
UNIT_H_NORTHMEN,15,kv,VisionRange,1
UNIT_H_NORTHMEN,16,kv,EnableAdvance,ADVANCE_HEXTAPUL
UNIT_H_NORTHMEN,17,kv,BombRounds,5
UNIT_H_NORTHMEN,18,kv,BombardRange,1
UNIT_H_NORTHMEN,19,flag,CanCounterBombard,
UNIT_H_NORTHMEN,20,kv,ActiveDefenseRange,0
UNIT_H_NORTHMEN,21,flag,LossMoveToDmgNone,
UNIT_H_NORTHMEN,22,kv,MaxFuel,0
UNIT_H_NORTHMEN,23,flag,CanEntrench,
UNIT_H_NORTHMEN,24,flag,NoZoc,
UNIT_H_NORTHMEN,25,flag,CanExpel,
UNIT_H_NORTHMEN,26,flag,CanPillage,
UNIT_H_NORTHMEN,27,flag,CanPirate,
UNIT_H_NORTHMEN,28,flag,ExertsMartialLaw,
UNIT_H_NORTHMEN,29,flag,DeathEffectsHappy,
UNIT_H_NORTHMEN,30,flag,BonusAgainstMounted,
UNIT_H_NORTHMEN,31,kv,MountedBonus,0.2
UNIT_H_NORTHMEN,32,flag,OnlyBuildOne,
UNIT_H_NORTHMEN,33,kv,SoundSelect1,SOUND_SELECT1_PIKEMEN
UNIT_H_NORTHMEN,34,kv,SoundSelect2,SOUND_SELECT2_PIKEMEN
UNIT_H_NORTHMEN,35,kv,SoundMove,SOUND_MOVE_PIKEMEN
UNIT_H_NORTHMEN,36,kv,SoundAcknowledge,SOUND_ACKNOWLEDGE_PIKEMEN
UNIT_H_NORTHMEN,37,kv,SoundCantMove,SOUND_CANTMOVE_PIKEMEN
UNIT_H_NORTHMEN,38,kv,SoundAttack,SOUND_ATTACK_PIKEMEN
UNIT_H_NORTHMEN,39,kv,SoundWork,SOUND_WORK_PIKEMEN
UNIT_H_NORTHMEN,40,kv,SoundVictory,SOUND_VICTORY_PIKEMEN
UNIT_H_NORTHMEN,41,kv,SoundDeath,SOUND_DEATH_PIKEMEN
UNIT_H_NORTHMEN,42,sublist,CanAttack,Land
UNIT_H_NORTHMEN,43,sublist,CanAttack,Mountain
UNIT_H_NORTHMEN,44,sublist,CanBombard,Land
UNIT_H_NORTHMEN,45,sublist,CanBombard,Mountain
UNIT_H_NORTHMEN,46,sublist,CanBombard,Water
UNIT_H_NORTHMEN,47,sublist,CanSee,Standard
UNIT_H_NORTHMEN,48,sublist,MovementType,Land
UNIT_H_NORTHMEN,49,sublist,MovementType,Mountain
UNIT_H_NORTHMEN,50,sublist,Size,Medium
UNIT_H_NORTHMEN,51,sublist,VisionClass,Standard
UNIT_H_NORTHMEN,52,nested,CanReform,"[{""t"": ""kv"", ""k"": ""Sound"", ""v"": ""SOUND_ID_REFORM_CITY""}, {""t"": ""kv"", ""k"": ""Effect"", ""v"": ""SPECEFFECT_REFORMCITY""}]"
UNIT_H_ROHAN,0,kv,Description,DESCRIPTION_UNIT_PIKEMEN
UNIT_H_ROHAN,1,kv,DefaultIcon,ICON_UNIT_H_ROHAN
UNIT_H_ROHAN,2,kv,DefaultSprite,SPRITE_H_ROHAN
UNIT_H_ROHAN,3,kv,Category,UNIT_CATEGORY_RANGED
UNIT_H_ROHAN,4,kv,Attack,60
UNIT_H_ROHAN,5,kv,Defense,60
UNIT_H_ROHAN,6,kv,ZBRangeAttack,60
UNIT_H_ROHAN,7,kv,Firepower,2
UNIT_H_ROHAN,8,kv,Armor,1
UNIT_H_ROHAN,9,kv,MaxHP,25
UNIT_H_ROHAN,10,kv,ShieldCost,1000
UNIT_H_ROHAN,11,kv,PowerPoints,400
UNIT_H_ROHAN,12,kv,ShieldHunger,7
UNIT_H_ROHAN,13,kv,FoodHunger,0
UNIT_H_ROHAN,14,kv,MaxMovePoints,0
UNIT_H_ROHAN,15,kv,VisionRange,1
UNIT_H_ROHAN,16,kv,EnableAdvance,ADVANCE_HEXTAPUL
UNIT_H_ROHAN,17,kv,BombRounds,5
UNIT_H_ROHAN,18,kv,BombardRange,1
UNIT_H_ROHAN,19,flag,CanCounterBombard,
UNIT_H_ROHAN,20,kv,ActiveDefenseRange,0
UNIT_H_ROHAN,21,flag,LossMoveToDmgNone,
UNIT_H_ROHAN,22,kv,MaxFuel,0
UNIT_H_ROHAN,23,flag,CanEntrench,
UNIT_H_ROHAN,24,flag,NoZoc,
UNIT_H_ROHAN,25,flag,CanExpel,
UNIT_H_ROHAN,26,flag,CanPillage,
UNIT_H_ROHAN,27,flag,CanPirate,
UNIT_H_ROHAN,28,flag,ExertsMartialLaw,
UNIT_H_ROHAN,29,flag,DeathEffectsHappy,
UNIT_H_ROHAN,30,flag,BonusAgainstMounted,
UNIT_H_ROHAN,31,kv,MountedBonus,0.2
UNIT_H_ROHAN,32,flag,OnlyBuildOne,
UNIT_H_ROHAN,33,kv,SoundSelect1,SOUND_SELECT1_PIKEMEN
UNIT_H_ROHAN,34,kv,SoundSelect2,SOUND_SELECT2_PIKEMEN
UNIT_H_ROHAN,35,kv,SoundMove,SOUND_MOVE_PIKEMEN
UNIT_H_ROHAN,36,kv,SoundAcknowledge,SOUND_ACKNOWLEDGE_PIKEMEN
UNIT_H_ROHAN,37,kv,SoundCantMove,SOUND_CANTMOVE_PIKEMEN
UNIT_H_ROHAN,38,kv,SoundAttack,SOUND_ATTACK_PIKEMEN
UNIT_H_ROHAN,39,kv,SoundWork,SOUND_WORK_PIKEMEN
UNIT_H_ROHAN,40,kv,SoundVictory,SOUND_VICTORY_PIKEMEN
UNIT_H_ROHAN,41,kv,SoundDeath,SOUND_DEATH_PIKEMEN
UNIT_H_ROHAN,42,sublist,CanAttack,Land
UNIT_H_ROHAN,43,sublist,CanAttack,Mountain
UNIT_H_ROHAN,44,sublist,CanBombard,Land
UNIT_H_ROHAN,45,sublist,CanBombard,Mountain
UNIT_H_ROHAN,46,sublist,CanBombard,Water
UNIT_H_ROHAN,47,sublist,CanSee,Standard
UNIT_H_ROHAN,48,sublist,MovementType,Land
UNIT_H_ROHAN,49,sublist,MovementType,Mountain
UNIT_H_ROHAN,50,sublist,Size,Medium
UNIT_H_ROHAN,51,sublist,VisionClass,Standard
UNIT_H_ROHAN,52,nested,CanReform,"[{""t"": ""kv"", ""k"": ""Sound"", ""v"": ""SOUND_ID_REFORM_CITY""}, {""t"": ""kv"", ""k"": ""Effect"", ""v"": ""SPECEFFECT_REFORMCITY""}]"
UNIT_ROHAN_H1,0,kv,Description,DESCRIPTION_UNIT_PIKEMEN
UNIT_ROHAN_H1,1,kv,DefaultIcon,ICON_UNIT_ROHAN_H1
UNIT_ROHAN_H1,2,kv,DefaultSprite,SPRITE_ROHAN_H1
UNIT_ROHAN_H1,3,kv,Category,UNIT_CATEGORY_FLANKER
UNIT_ROHAN_H1,4,kv,Attack,25
UNIT_ROHAN_H1,5,kv,Defense,25
UNIT_ROHAN_H1,6,kv,ZBRangeAttack,0
UNIT_ROHAN_H1,7,kv,Firepower,2
UNIT_ROHAN_H1,8,kv,Armor,1
UNIT_ROHAN_H1,9,kv,MaxHP,15
UNIT_ROHAN_H1,10,kv,ShieldCost,1000
UNIT_ROHAN_H1,11,kv,PowerPoints,200
UNIT_ROHAN_H1,12,kv,ShieldHunger,6
UNIT_ROHAN_H1,13,kv,FoodHunger,0
UNIT_ROHAN_H1,14,kv,MaxMovePoints,300
UNIT_ROHAN_H1,15,kv,VisionRange,2
UNIT_ROHAN_H1,16,kv,EnableAdvance,ADVANCE_HEXTAPUL
UNIT_ROHAN_H1,17,kv,ActiveDefenseRange,0
UNIT_ROHAN_H1,18,flag,LossMoveToDmgNone,
UNIT_ROHAN_H1,19,kv,MaxFuel,0
UNIT_ROHAN_H1,20,flag,CanEntrench,
UNIT_ROHAN_H1,21,flag,NoZoc,
UNIT_ROHAN_H1,22,flag,CanExpel,
UNIT_ROHAN_H1,23,flag,CanPillage,
UNIT_ROHAN_H1,24,flag,CanPirate,
UNIT_ROHAN_H1,25,flag,ExertsMartialLaw,
UNIT_ROHAN_H1,26,flag,DeathEffectsHappy,
UNIT_ROHAN_H1,27,flag,IsFlanker,
UNIT_ROHAN_H1,28,flag,OnlyBuildOne,
UNIT_ROHAN_H1,29,flag,BonusAgainstMounted,
UNIT_ROHAN_H1,30,kv,MountedBonus,0.2
UNIT_ROHAN_H1,31,kv,SoundSelect1,SOUND_SELECT1_KNIGHT
UNIT_ROHAN_H1,32,kv,SoundSelect2,SOUND_SELECT2_KNIGHT
UNIT_ROHAN_H1,33,kv,SoundMove,SOUND_MOVE_KNIGHT
UNIT_ROHAN_H1,34,kv,SoundAcknowledge,SOUND_ACKNOWLEDGE_KNIGHT
UNIT_ROHAN_H1,35,kv,SoundCantMove,SOUND_CANTMOVE_KNIGHT
UNIT_ROHAN_H1,36,kv,SoundAttack,SOUND_ATTACK_KNIGHT
UNIT_ROHAN_H1,37,kv,SoundWork,SOUND_WORK_KNIGHT
UNIT_ROHAN_H1,38,kv,SoundVictory,SOUND_VICTORY_KNIGHT
UNIT_ROHAN_H1,39,kv,SoundDeath,SOUND_DEATH_KNIGHT
UNIT_ROHAN_H1,40,sublist,CanAttack,Land
UNIT_ROHAN_H1,41,sublist,CanAttack,Mountain
UNIT_ROHAN_H1,42,sublist,CanSee,Standard
UNIT_ROHAN_H1,43,sublist,MovementType,Land
UNIT_ROHAN_H1,44,sublist,MovementType,Mountain
UNIT_ROHAN_H1,45,sublist,Size,Medium
UNIT_ROHAN_H1,46,sublist,VisionClass,Standard
UNIT_ROHAN_H1,47,nested,CanReform,"[{""t"": ""kv"", ""k"": ""Sound"", ""v"": ""SOUND_ID_REFORM_CITY""}, {""t"": ""kv"", ""k"": ""Effect"", ""v"": ""SPECEFFECT_REFORMCITY""}]"
UNIT_ROHAN_H2,0,kv,Description,DESCRIPTION_UNIT_PIKEMEN
UNIT_ROHAN_H2,1,kv,DefaultIcon,ICON_UNIT_ROHAN_H2
UNIT_ROHAN_H2,2,kv,DefaultSprite,SPRITE_ROHAN_H2
UNIT_ROHAN_H2,3,kv,Category,UNIT_CATEGORY_DEFENSE
UNIT_ROHAN_H2,4,kv,Attack,35
UNIT_ROHAN_H2,5,kv,Defense,35
UNIT_ROHAN_H2,6,kv,ZBRangeAttack,0
UNIT_ROHAN_H2,7,kv,Firepower,1
UNIT_ROHAN_H2,8,kv,Armor,1
UNIT_ROHAN_H2,9,kv,MaxHP,20
UNIT_ROHAN_H2,10,kv,ShieldCost,1000
UNIT_ROHAN_H2,11,kv,PowerPoints,200
UNIT_ROHAN_H2,12,kv,ShieldHunger,6
UNIT_ROHAN_H2,13,kv,FoodHunger,0
UNIT_ROHAN_H2,14,kv,MaxMovePoints,300
UNIT_ROHAN_H2,15,kv,VisionRange,2
UNIT_ROHAN_H2,16,kv,EnableAdvance,ADVANCE_HEXTAPUL
UNIT_ROHAN_H2,17,kv,ActiveDefenseRange,0
UNIT_ROHAN_H2,18,flag,LossMoveToDmgNone,
UNIT_ROHAN_H2,19,kv,MaxFuel,0
UNIT_ROHAN_H2,20,flag,CanEntrench,
UNIT_ROHAN_H2,21,flag,NoZoc,
UNIT_ROHAN_H2,22,flag,CanExpel,
UNIT_ROHAN_H2,23,flag,CanPillage,
UNIT_ROHAN_H2,24,flag,CanPirate,
UNIT_ROHAN_H2,25,flag,ExertsMartialLaw,
UNIT_ROHAN_H2,26,flag,DeathEffectsHappy,
UNIT_ROHAN_H2,27,flag,OnlyBuildOne,
UNIT_ROHAN_H2,28,flag,BonusAgainstMounted,
UNIT_ROHAN_H2,29,kv,MountedBonus,0.2
UNIT_ROHAN_H2,30,kv,SoundSelect1,SOUND_SELECT1_KNIGHT
UNIT_ROHAN_H2,31,kv,SoundSelect2,SOUND_SELECT2_KNIGHT
UNIT_ROHAN_H2,32,kv,SoundMove,SOUND_MOVE_KNIGHT
UNIT_ROHAN_H2,33,kv,SoundAcknowledge,SOUND_ACKNOWLEDGE_KNIGHT
UNIT_ROHAN_H2,34,kv,SoundCantMove,SOUND_CANTMOVE_KNIGHT
UNIT_ROHAN_H2,35,kv,SoundAttack,SOUND_ATTACK_KNIGHT
UNIT_ROHAN_H2,36,kv,SoundWork,SOUND_WORK_KNIGHT
UNIT_ROHAN_H2,37,kv,SoundVictory,SOUND_VICTORY_KNIGHT
UNIT_ROHAN_H2,38,kv,SoundDeath,SOUND_DEATH_KNIGHT
UNIT_ROHAN_H2,39,sublist,CanAttack,Land
UNIT_ROHAN_H2,40,sublist,CanAttack,Mountain
UNIT_ROHAN_H2,41,sublist,CanSee,Standard
UNIT_ROHAN_H2,42,sublist,MovementType,Land
UNIT_ROHAN_H2,43,sublist,MovementType,Mountain
UNIT_ROHAN_H2,44,sublist,Size,Medium
UNIT_ROHAN_H2,45,sublist,VisionClass,Standard
UNIT_ROHAN_H2,46,nested,CanReform,"[{""t"": ""kv"", ""k"": ""Sound"", ""v"": ""SOUND_ID_REFORM_CITY""}, {""t"": ""kv"", ""k"": ""Effect"", ""v"": ""SPECEFFECT_REFORMCITY""}]"
UNIT_ROHAN_H3,0,kv,Description,DESCRIPTION_UNIT_PIKEMEN
UNIT_ROHAN_H3,1,kv,DefaultIcon,ICON_UNIT_ROHAN_H3
UNIT_ROHAN_H3,2,kv,DefaultSprite,SPRITE_ROHAN_H3
UNIT_ROHAN_H3,3,kv,Category,UNIT_CATEGORY_FLANKER
UNIT_ROHAN_H3,4,kv,Attack,40
UNIT_ROHAN_H3,5,kv,Defense,40
UNIT_ROHAN_H3,6,kv,ZBRangeAttack,25
UNIT_ROHAN_H3,7,kv,Firepower,2
UNIT_ROHAN_H3,8,kv,Armor,1
UNIT_ROHAN_H3,9,kv,MaxHP,15
UNIT_ROHAN_H3,10,kv,ShieldCost,1000
UNIT_ROHAN_H3,11,kv,PowerPoints,200
UNIT_ROHAN_H3,12,kv,ShieldHunger,6
UNIT_ROHAN_H3,13,kv,FoodHunger,0
UNIT_ROHAN_H3,14,kv,MaxMovePoints,400
UNIT_ROHAN_H3,15,kv,VisionRange,2
UNIT_ROHAN_H3,16,kv,EnableAdvance,ADVANCE_HEXTAPUL
UNIT_ROHAN_H3,17,kv,ActiveDefenseRange,0
UNIT_ROHAN_H3,18,flag,LossMoveToDmgNone,
UNIT_ROHAN_H3,19,kv,MaxFuel,0
UNIT_ROHAN_H3,20,flag,CanEntrench,
UNIT_ROHAN_H3,21,flag,NoZoc,
UNIT_ROHAN_H3,22,flag,CanExpel,
UNIT_ROHAN_H3,23,flag,CanPillage,
UNIT_ROHAN_H3,24,flag,CanPirate,
UNIT_ROHAN_H3,25,flag,ExertsMartialLaw,
UNIT_ROHAN_H3,26,flag,DeathEffectsHappy,
UNIT_ROHAN_H3,27,flag,IsFlanker,
UNIT_ROHAN_H3,28,flag,OnlyBuildOne,
UNIT_ROHAN_H3,29,flag,BonusAgainstMounted,
UNIT_ROHAN_H3,30,kv,MountedBonus,0.2
UNIT_ROHAN_H3,31,kv,SoundSelect1,SOUND_SELECT1_KNIGHT
UNIT_ROHAN_H3,32,kv,SoundSelect2,SOUND_SELECT2_KNIGHT
UNIT_ROHAN_H3,33,kv,SoundMove,SOUND_MOVE_KNIGHT
UNIT_ROHAN_H3,34,kv,SoundAcknowledge,SOUND_ACKNOWLEDGE_KNIGHT
UNIT_ROHAN_H3,35,kv,SoundCantMove,SOUND_CANTMOVE_KNIGHT
UNIT_ROHAN_H3,36,kv,SoundAttack,SOUND_ATTACK_KNIGHT
UNIT_ROHAN_H3,37,kv,SoundWork,SOUND_WORK_KNIGHT
UNIT_ROHAN_H3,38,kv,SoundVictory,SOUND_VICTORY_KNIGHT
UNIT_ROHAN_H3,39,kv,SoundDeath,SOUND_DEATH_KNIGHT
UNIT_ROHAN_H3,40,sublist,CanAttack,Land
UNIT_ROHAN_H3,41,sublist,CanAttack,Mountain
UNIT_ROHAN_H3,42,sublist,CanSee,Standard
UNIT_ROHAN_H3,43,sublist,MovementType,Land
UNIT_ROHAN_H3,44,sublist,MovementType,Mountain
UNIT_ROHAN_H3,45,sublist,Size,Medium
UNIT_ROHAN_H3,46,sublist,VisionClass,Standard
UNIT_ROHAN_H3,47,nested,CanReform,"[{""t"": ""kv"", ""k"": ""Sound"", ""v"": ""SOUND_ID_REFORM_CITY""}, {""t"": ""kv"", ""k"": ""Effect"", ""v"": ""SPECEFFECT_REFORMCITY""}]"
UNIT_ROHAN_H4,0,kv,Description,DESCRIPTION_UNIT_PIKEMEN
UNIT_ROHAN_H4,1,kv,DefaultIcon,ICON_UNIT_ROHAN_H4
UNIT_ROHAN_H4,2,kv,DefaultSprite,SPRITE_ROHAN_H4
UNIT_ROHAN_H4,3,kv,Category,UNIT_CATEGORY_RANGED
UNIT_ROHAN_H4,4,kv,Attack,45
UNIT_ROHAN_H4,5,kv,Defense,45
UNIT_ROHAN_H4,6,kv,ZBRangeAttack,25
UNIT_ROHAN_H4,7,kv,Firepower,2
UNIT_ROHAN_H4,8,kv,Armor,1
UNIT_ROHAN_H4,9,kv,MaxHP,15
UNIT_ROHAN_H4,10,kv,ShieldCost,1000
UNIT_ROHAN_H4,11,kv,PowerPoints,200
UNIT_ROHAN_H4,12,kv,ShieldHunger,6
UNIT_ROHAN_H4,13,kv,FoodHunger,0
UNIT_ROHAN_H4,14,kv,MaxMovePoints,400
UNIT_ROHAN_H4,15,kv,VisionRange,2
UNIT_ROHAN_H4,16,kv,EnableAdvance,ADVANCE_HEXTAPUL
UNIT_ROHAN_H4,17,kv,ActiveDefenseRange,0
UNIT_ROHAN_H4,18,flag,LossMoveToDmgNone,
UNIT_ROHAN_H4,19,kv,MaxFuel,0
UNIT_ROHAN_H4,20,flag,CanEntrench,
UNIT_ROHAN_H4,21,flag,NoZoc,
UNIT_ROHAN_H4,22,flag,CanExpel,
UNIT_ROHAN_H4,23,flag,CanPillage,
UNIT_ROHAN_H4,24,flag,CanPirate,
UNIT_ROHAN_H4,25,flag,ExertsMartialLaw,
UNIT_ROHAN_H4,26,flag,DeathEffectsHappy,
UNIT_ROHAN_H4,27,flag,OnlyBuildOne,
UNIT_ROHAN_H4,28,flag,BonusAgainstMounted,
UNIT_ROHAN_H4,29,kv,MountedBonus,0.2
UNIT_ROHAN_H4,30,kv,SoundSelect1,SOUND_SELECT1_KNIGHT
UNIT_ROHAN_H4,31,kv,SoundSelect2,SOUND_SELECT2_KNIGHT
UNIT_ROHAN_H4,32,kv,SoundMove,SOUND_MOVE_KNIGHT
UNIT_ROHAN_H4,33,kv,SoundAcknowledge,SOUND_ACKNOWLEDGE_KNIGHT
UNIT_ROHAN_H4,34,kv,SoundCantMove,SOUND_CANTMOVE_KNIGHT
UNIT_ROHAN_H4,35,kv,SoundAttack,SOUND_ATTACK_KNIGHT
UNIT_ROHAN_H4,36,kv,SoundWork,SOUND_WORK_KNIGHT
UNIT_ROHAN_H4,37,kv,SoundVictory,SOUND_VICTORY_KNIGHT
UNIT_ROHAN_H4,38,kv,SoundDeath,SOUND_DEATH_KNIGHT
UNIT_ROHAN_H4,39,sublist,CanAttack,Land
UNIT_ROHAN_H4,40,sublist,CanAttack,Mountain
UNIT_ROHAN_H4,41,sublist,CanSee,Standard
UNIT_ROHAN_H4,42,sublist,MovementType,Land
UNIT_ROHAN_H4,43,sublist,MovementType,Mountain
UNIT_ROHAN_H4,44,sublist,Size,Medium
UNIT_ROHAN_H4,45,sublist,VisionClass,Standard
UNIT_ROHAN_H4,46,nested,CanReform,"[{""t"": ""kv"", ""k"": ""Sound"", ""v"": ""SOUND_ID_REFORM_CITY""}, {""t"": ""kv"", ""k"": ""Effect"", ""v"": ""SPECEFFECT_REFORMCITY""}]"
UNIT_ROHAN_H5,0,kv,Description,DESCRIPTION_UNIT_PIKEMEN
UNIT_ROHAN_H5,1,kv,DefaultIcon,ICON_UNIT_ROHAN_H5
UNIT_ROHAN_H5,2,kv,DefaultSprite,SPRITE_ROHAN_H5
UNIT_ROHAN_H5,3,kv,Category,UNIT_CATEGORY_FLANKER
UNIT_ROHAN_H5,4,kv,Attack,50
UNIT_ROHAN_H5,5,kv,Defense,50
UNIT_ROHAN_H5,6,kv,ZBRangeAttack,0
UNIT_ROHAN_H5,7,kv,Firepower,2
UNIT_ROHAN_H5,8,kv,Armor,1
UNIT_ROHAN_H5,9,kv,MaxHP,15
UNIT_ROHAN_H5,10,kv,ShieldCost,1000
UNIT_ROHAN_H5,11,kv,PowerPoints,200
UNIT_ROHAN_H5,12,kv,ShieldHunger,6
UNIT_ROHAN_H5,13,kv,FoodHunger,0
UNIT_ROHAN_H5,14,kv,MaxMovePoints,400
UNIT_ROHAN_H5,15,kv,VisionRange,2
UNIT_ROHAN_H5,16,kv,EnableAdvance,ADVANCE_HEXTAPUL
UNIT_ROHAN_H5,17,kv,ActiveDefenseRange,0
UNIT_ROHAN_H5,18,flag,LossMoveToDmgNone,
UNIT_ROHAN_H5,19,kv,MaxFuel,0
UNIT_ROHAN_H5,20,flag,CanEntrench,
UNIT_ROHAN_H5,21,flag,NoZoc,
UNIT_ROHAN_H5,22,flag,CanExpel,
UNIT_ROHAN_H5,23,flag,CanPillage,
UNIT_ROHAN_H5,24,flag,CanPirate,
UNIT_ROHAN_H5,25,flag,ExertsMartialLaw,
UNIT_ROHAN_H5,26,flag,DeathEffectsHappy,
UNIT_ROHAN_H5,27,flag,IsFlanker,
UNIT_ROHAN_H5,28,flag,OnlyBuildOne,
UNIT_ROHAN_H5,29,flag,BonusAgainstMounted,
UNIT_ROHAN_H5,30,kv,MountedBonus,0.2
UNIT_ROHAN_H5,31,kv,SoundSelect1,SOUND_SELECT1_KNIGHT
UNIT_ROHAN_H5,32,kv,SoundSelect2,SOUND_SELECT2_KNIGHT
UNIT_ROHAN_H5,33,kv,SoundMove,SOUND_MOVE_KNIGHT
UNIT_ROHAN_H5,34,kv,SoundAcknowledge,SOUND_ACKNOWLEDGE_KNIGHT
UNIT_ROHAN_H5,35,kv,SoundCantMove,SOUND_CANTMOVE_KNIGHT
UNIT_ROHAN_H5,36,kv,SoundAttack,SOUND_ATTACK_KNIGHT
UNIT_ROHAN_H5,37,kv,SoundWork,SOUND_WORK_KNIGHT
UNIT_ROHAN_H5,38,kv,SoundVictory,SOUND_VICTORY_KNIGHT
UNIT_ROHAN_H5,39,kv,SoundDeath,SOUND_DEATH_KNIGHT
UNIT_ROHAN_H5,40,sublist,CanAttack,Land
UNIT_ROHAN_H5,41,sublist,CanAttack,Mountain
UNIT_ROHAN_H5,42,sublist,CanSee,Standard
UNIT_ROHAN_H5,43,sublist,MovementType,Land
UNIT_ROHAN_H5,44,sublist,MovementType,Mountain
UNIT_ROHAN_H5,45,sublist,Size,Medium
UNIT_ROHAN_H5,46,sublist,VisionClass,Standard
UNIT_ROHAN_H5,47,nested,CanReform,"[{""t"": ""kv"", ""k"": ""Sound"", ""v"": ""SOUND_ID_REFORM_CITY""}, {""t"": ""kv"", ""k"": ""Effect"", ""v"": ""SPECEFFECT_REFORMCITY""}]"
UNIT_H_SINDAR,0,kv,Description,DESCRIPTION_UNIT_PIKEMEN
UNIT_H_SINDAR,1,kv,DefaultIcon,ICON_UNIT_H_SINDAR
UNIT_H_SINDAR,2,kv,DefaultSprite,SPRITE_H_SINDAR
UNIT_H_SINDAR,3,kv,Category,UNIT_CATEGORY_RANGED
UNIT_H_SINDAR,4,kv,Attack,85
UNIT_H_SINDAR,5,kv,Defense,85
UNIT_H_SINDAR,6,kv,ZBRangeAttack,85
UNIT_H_SINDAR,7,kv,Firepower,2
UNIT_H_SINDAR,8,kv,Armor,1
UNIT_H_SINDAR,9,kv,MaxHP,25
UNIT_H_SINDAR,10,kv,ShieldCost,1000
UNIT_H_SINDAR,11,kv,PowerPoints,400
UNIT_H_SINDAR,12,kv,ShieldHunger,7
UNIT_H_SINDAR,13,kv,FoodHunger,0
UNIT_H_SINDAR,14,kv,MaxMovePoints,0
UNIT_H_SINDAR,15,kv,VisionRange,1
UNIT_H_SINDAR,16,kv,EnableAdvance,ADVANCE_HEXTAPUL
UNIT_H_SINDAR,17,kv,BombRounds,5
UNIT_H_SINDAR,18,kv,BombardRange,1
UNIT_H_SINDAR,19,flag,CanCounterBombard,
UNIT_H_SINDAR,20,kv,ActiveDefenseRange,0
UNIT_H_SINDAR,21,flag,LossMoveToDmgNone,
UNIT_H_SINDAR,22,kv,MaxFuel,0
UNIT_H_SINDAR,23,flag,CanEntrench,
UNIT_H_SINDAR,24,flag,NoZoc,
UNIT_H_SINDAR,25,flag,CanExpel,
UNIT_H_SINDAR,26,flag,CanPillage,
UNIT_H_SINDAR,27,flag,CanPirate,
UNIT_H_SINDAR,28,flag,ExertsMartialLaw,
UNIT_H_SINDAR,29,flag,DeathEffectsHappy,
UNIT_H_SINDAR,30,flag,BonusAgainstMounted,
UNIT_H_SINDAR,31,kv,MountedBonus,0.2
UNIT_H_SINDAR,32,flag,OnlyBuildOne,
UNIT_H_SINDAR,33,kv,SoundSelect1,SOUND_SELECT1_PIKEMEN
UNIT_H_SINDAR,34,kv,SoundSelect2,SOUND_SELECT2_PIKEMEN
UNIT_H_SINDAR,35,kv,SoundMove,SOUND_MOVE_PIKEMEN
UNIT_H_SINDAR,36,kv,SoundAcknowledge,SOUND_ACKNOWLEDGE_PIKEMEN
UNIT_H_SINDAR,37,kv,SoundCantMove,SOUND_CANTMOVE_PIKEMEN
UNIT_H_SINDAR,38,kv,SoundAttack,SOUND_ATTACK_PIKEMEN
UNIT_H_SINDAR,39,kv,SoundWork,SOUND_WORK_PIKEMEN
UNIT_H_SINDAR,40,kv,SoundVictory,SOUND_VICTORY_PIKEMEN
UNIT_H_SINDAR,41,kv,SoundDeath,SOUND_DEATH_PIKEMEN
UNIT_H_SINDAR,42,sublist,CanAttack,Land
UNIT_H_SINDAR,43,sublist,CanAttack,Mountain
UNIT_H_SINDAR,44,sublist,CanBombard,Land
UNIT_H_SINDAR,45,sublist,CanBombard,Mountain
UNIT_H_SINDAR,46,sublist,CanBombard,Water
UNIT_H_SINDAR,47,sublist,CanSee,Standard
UNIT_H_SINDAR,48,sublist,MovementType,Land
UNIT_H_SINDAR,49,sublist,MovementType,Mountain
UNIT_H_SINDAR,50,sublist,Size,Medium
UNIT_H_SINDAR,51,sublist,VisionClass,Standard
UNIT_H_SINDAR,52,nested,CanReform,"[{""t"": ""kv"", ""k"": ""Sound"", ""v"": ""SOUND_ID_REFORM_CITY""}, {""t"": ""kv"", ""k"": ""Effect"", ""v"": ""SPECEFFECT_REFORMCITY""}]"
UNIT_SINDAR_H1,0,kv,Description,DESCRIPTION_UNIT_PIKEMEN
UNIT_SINDAR_H1,1,kv,DefaultIcon,ICON_UNIT_SINDAR_H1
UNIT_SINDAR_H1,2,kv,DefaultSprite,SPRITE_SINDAR_H1
UNIT_SINDAR_H1,3,kv,Category,UNIT_CATEGORY_RANGED
UNIT_SINDAR_H1,4,kv,Attack,30
UNIT_SINDAR_H1,5,kv,Defense,50
UNIT_SINDAR_H1,6,kv,ZBRangeAttack,70
UNIT_SINDAR_H1,7,kv,Firepower,2
UNIT_SINDAR_H1,8,kv,Armor,1
UNIT_SINDAR_H1,9,kv,MaxHP,10
UNIT_SINDAR_H1,10,kv,ShieldCost,1000
UNIT_SINDAR_H1,11,kv,PowerPoints,400
UNIT_SINDAR_H1,12,kv,ShieldHunger,7
UNIT_SINDAR_H1,13,kv,FoodHunger,0
UNIT_SINDAR_H1,14,kv,MaxMovePoints,0
UNIT_SINDAR_H1,15,kv,VisionRange,1
UNIT_SINDAR_H1,16,kv,EnableAdvance,ADVANCE_HEXTAPUL
UNIT_SINDAR_H1,17,kv,BombRounds,5
UNIT_SINDAR_H1,18,kv,BombardRange,1
UNIT_SINDAR_H1,19,flag,CanCounterBombard,
UNIT_SINDAR_H1,20,kv,ActiveDefenseRange,0
UNIT_SINDAR_H1,21,flag,LossMoveToDmgNone,
UNIT_SINDAR_H1,22,kv,MaxFuel,0
UNIT_SINDAR_H1,23,flag,CanEntrench,
UNIT_SINDAR_H1,24,flag,NoZoc,
UNIT_SINDAR_H1,25,flag,CanExpel,
UNIT_SINDAR_H1,26,flag,CanPillage,
UNIT_SINDAR_H1,27,flag,CanPirate,
UNIT_SINDAR_H1,28,flag,ExertsMartialLaw,
UNIT_SINDAR_H1,29,flag,DeathEffectsHappy,
UNIT_SINDAR_H1,30,flag,BonusAgainstMounted,
UNIT_SINDAR_H1,31,kv,MountedBonus,0.2
UNIT_SINDAR_H1,32,flag,OnlyBuildOne,
UNIT_SINDAR_H1,33,kv,SoundSelect1,SOUND_SELECT1_PIKEMEN
UNIT_SINDAR_H1,34,kv,SoundSelect2,SOUND_SELECT2_PIKEMEN
UNIT_SINDAR_H1,35,kv,SoundMove,SOUND_MOVE_PIKEMEN
UNIT_SINDAR_H1,36,kv,SoundAcknowledge,SOUND_ACKNOWLEDGE_PIKEMEN
UNIT_SINDAR_H1,37,kv,SoundCantMove,SOUND_CANTMOVE_PIKEMEN
UNIT_SINDAR_H1,38,kv,SoundAttack,SOUND_ATTACK_PIKEMEN
UNIT_SINDAR_H1,39,kv,SoundWork,SOUND_WORK_PIKEMEN
UNIT_SINDAR_H1,40,kv,SoundVictory,SOUND_VICTORY_PIKEMEN
UNIT_SINDAR_H1,41,kv,SoundDeath,SOUND_DEATH_PIKEMEN
UNIT_SINDAR_H1,42,sublist,CanAttack,Land
UNIT_SINDAR_H1,43,sublist,CanAttack,Mountain
UNIT_SINDAR_H1,44,sublist,CanBombard,Land
UNIT_SINDAR_H1,45,sublist,CanBombard,Mountain
UNIT_SINDAR_H1,46,sublist,CanBombard,Water
UNIT_SINDAR_H1,47,sublist,CanSee,Standard
UNIT_SINDAR_H1,48,sublist,MovementType,Land
UNIT_SINDAR_H1,49,sublist,MovementType,Mountain
UNIT_SINDAR_H1,50,sublist,Size,Medium
UNIT_SINDAR_H1,51,sublist,VisionClass,Standard
UNIT_SINDAR_H1,52,nested,CanReform,"[{""t"": ""kv"", ""k"": ""Sound"", ""v"": ""SOUND_ID_REFORM_CITY""}, {""t"": ""kv"", ""k"": ""Effect"", ""v"": ""SPECEFFECT_REFORMCITY""}]"
UNIT_SINDAR_H2,0,kv,Description,DESCRIPTION_UNIT_PIKEMEN
UNIT_SINDAR_H2,1,kv,DefaultIcon,ICON_UNIT_SINDAR_H2
UNIT_SINDAR_H2,2,kv,DefaultSprite,SPRITE_SINDAR_H2
UNIT_SINDAR_H2,3,kv,Category,UNIT_CATEGORY_RANGED
UNIT_SINDAR_H2,4,kv,Attack,30
UNIT_SINDAR_H2,5,kv,Defense,60
UNIT_SINDAR_H2,6,kv,ZBRangeAttack,50
UNIT_SINDAR_H2,7,kv,Firepower,2
UNIT_SINDAR_H2,8,kv,Armor,1
UNIT_SINDAR_H2,9,kv,MaxHP,10
UNIT_SINDAR_H2,10,kv,ShieldCost,1000
UNIT_SINDAR_H2,11,kv,PowerPoints,400
UNIT_SINDAR_H2,12,kv,ShieldHunger,7
UNIT_SINDAR_H2,13,kv,FoodHunger,0
UNIT_SINDAR_H2,14,kv,MaxMovePoints,0
UNIT_SINDAR_H2,15,kv,VisionRange,1
UNIT_SINDAR_H2,16,kv,EnableAdvance,ADVANCE_HEXTAPUL
UNIT_SINDAR_H2,17,kv,BombRounds,5
UNIT_SINDAR_H2,18,kv,BombardRange,1
UNIT_SINDAR_H2,19,flag,CanCounterBombard,
UNIT_SINDAR_H2,20,kv,ActiveDefenseRange,0
UNIT_SINDAR_H2,21,flag,LossMoveToDmgNone,
UNIT_SINDAR_H2,22,kv,MaxFuel,0
UNIT_SINDAR_H2,23,flag,CanEntrench,
UNIT_SINDAR_H2,24,flag,NoZoc,
UNIT_SINDAR_H2,25,flag,CanExpel,
UNIT_SINDAR_H2,26,flag,CanPillage,
UNIT_SINDAR_H2,27,flag,CanPirate,
UNIT_SINDAR_H2,28,flag,ExertsMartialLaw,
UNIT_SINDAR_H2,29,flag,DeathEffectsHappy,
UNIT_SINDAR_H2,30,flag,BonusAgainstMounted,
UNIT_SINDAR_H2,31,kv,MountedBonus,0.2
UNIT_SINDAR_H2,32,flag,OnlyBuildOne,
UNIT_SINDAR_H2,33,kv,SoundSelect1,SOUND_SELECT1_PIKEMEN
UNIT_SINDAR_H2,34,kv,SoundSelect2,SOUND_SELECT2_PIKEMEN
UNIT_SINDAR_H2,35,kv,SoundMove,SOUND_MOVE_PIKEMEN
UNIT_SINDAR_H2,36,kv,SoundAcknowledge,SOUND_ACKNOWLEDGE_PIKEMEN
UNIT_SINDAR_H2,37,kv,SoundCantMove,SOUND_CANTMOVE_PIKEMEN
UNIT_SINDAR_H2,38,kv,SoundAttack,SOUND_ATTACK_PIKEMEN
UNIT_SINDAR_H2,39,kv,SoundWork,SOUND_WORK_PIKEMEN
UNIT_SINDAR_H2,40,kv,SoundVictory,SOUND_VICTORY_PIKEMEN
UNIT_SINDAR_H2,41,kv,SoundDeath,SOUND_DEATH_PIKEMEN
UNIT_SINDAR_H2,42,sublist,CanAttack,Land
UNIT_SINDAR_H2,43,sublist,CanAttack,Mountain
UNIT_SINDAR_H2,44,sublist,CanBombard,Land
UNIT_SINDAR_H2,45,sublist,CanBombard,Mountain
UNIT_SINDAR_H2,46,sublist,CanBombard,Water
UNIT_SINDAR_H2,47,sublist,CanSee,Standard
UNIT_SINDAR_H2,48,sublist,MovementType,Land
UNIT_SINDAR_H2,49,sublist,MovementType,Mountain
UNIT_SINDAR_H2,50,sublist,Size,Medium
UNIT_SINDAR_H2,51,sublist,VisionClass,Standard
UNIT_SINDAR_H2,52,nested,CanReform,"[{""t"": ""kv"", ""k"": ""Sound"", ""v"": ""SOUND_ID_REFORM_CITY""}, {""t"": ""kv"", ""k"": ""Effect"", ""v"": ""SPECEFFECT_REFORMCITY""}]"
UNIT_SINDAR_H2A,0,kv,Description,DESCRIPTION_UNIT_PIKEMEN
UNIT_SINDAR_H2A,1,kv,DefaultIcon,ICON_UNIT_SINDAR_H2A
UNIT_SINDAR_H2A,2,kv,DefaultSprite,SPRITE_SINDAR_H2A
UNIT_SINDAR_H2A,3,kv,Category,UNIT_CATEGORY_RANGED
UNIT_SINDAR_H2A,4,kv,Attack,30
UNIT_SINDAR_H2A,5,kv,Defense,30
UNIT_SINDAR_H2A,6,kv,ZBRangeAttack,50
UNIT_SINDAR_H2A,7,kv,Firepower,2
UNIT_SINDAR_H2A,8,kv,Armor,1
UNIT_SINDAR_H2A,9,kv,MaxHP,15
UNIT_SINDAR_H2A,10,kv,ShieldCost,1000
UNIT_SINDAR_H2A,11,kv,PowerPoints,400
UNIT_SINDAR_H2A,12,kv,ShieldHunger,7
UNIT_SINDAR_H2A,13,kv,FoodHunger,0
UNIT_SINDAR_H2A,14,kv,MaxMovePoints,300
UNIT_SINDAR_H2A,15,kv,VisionRange,1
UNIT_SINDAR_H2A,16,kv,EnableAdvance,ADVANCE_HEXTAPUL
UNIT_SINDAR_H2A,17,kv,BombRounds,5
UNIT_SINDAR_H2A,18,kv,BombardRange,1
UNIT_SINDAR_H2A,19,flag,CanCounterBombard,
UNIT_SINDAR_H2A,20,kv,ActiveDefenseRange,0
UNIT_SINDAR_H2A,21,flag,LossMoveToDmgNone,
UNIT_SINDAR_H2A,22,kv,MaxFuel,0
UNIT_SINDAR_H2A,23,flag,CanEntrench,
UNIT_SINDAR_H2A,24,flag,NoZoc,
UNIT_SINDAR_H2A,25,flag,CanExpel,
UNIT_SINDAR_H2A,26,flag,CanPillage,
UNIT_SINDAR_H2A,27,flag,CanPirate,
UNIT_SINDAR_H2A,28,flag,ExertsMartialLaw,
UNIT_SINDAR_H2A,29,flag,DeathEffectsHappy,
UNIT_SINDAR_H2A,30,flag,BonusAgainstMounted,
UNIT_SINDAR_H2A,31,kv,MountedBonus,0.2
UNIT_SINDAR_H2A,32,flag,OnlyBuildOne,
UNIT_SINDAR_H2A,33,kv,SoundSelect1,SOUND_SELECT1_PIKEMEN
UNIT_SINDAR_H2A,34,kv,SoundSelect2,SOUND_SELECT2_PIKEMEN
UNIT_SINDAR_H2A,35,kv,SoundMove,SOUND_MOVE_PIKEMEN
UNIT_SINDAR_H2A,36,kv,SoundAcknowledge,SOUND_ACKNOWLEDGE_PIKEMEN
UNIT_SINDAR_H2A,37,kv,SoundCantMove,SOUND_CANTMOVE_PIKEMEN
UNIT_SINDAR_H2A,38,kv,SoundAttack,SOUND_ATTACK_PIKEMEN
UNIT_SINDAR_H2A,39,kv,SoundWork,SOUND_WORK_PIKEMEN
UNIT_SINDAR_H2A,40,kv,SoundVictory,SOUND_VICTORY_PIKEMEN
UNIT_SINDAR_H2A,41,kv,SoundDeath,SOUND_DEATH_PIKEMEN
UNIT_SINDAR_H2A,42,sublist,CanAttack,Land
UNIT_SINDAR_H2A,43,sublist,CanAttack,Mountain
UNIT_SINDAR_H2A,44,sublist,CanBombard,Land
UNIT_SINDAR_H2A,45,sublist,CanBombard,Mountain
UNIT_SINDAR_H2A,46,sublist,CanBombard,Water
UNIT_SINDAR_H2A,47,sublist,CanSee,Standard
UNIT_SINDAR_H2A,48,sublist,MovementType,Land
UNIT_SINDAR_H2A,49,sublist,MovementType,Mountain
UNIT_SINDAR_H2A,50,sublist,Size,Medium
UNIT_SINDAR_H2A,51,sublist,VisionClass,Standard
UNIT_SINDAR_H2A,52,nested,CanReform,"[{""t"": ""kv"", ""k"": ""Sound"", ""v"": ""SOUND_ID_REFORM_CITY""}, {""t"": ""kv"", ""k"": ""Effect"", ""v"": ""SPECEFFECT_REFORMCITY""}]"
UNIT_SINDAR_H3,0,kv,Description,DESCRIPTION_UNIT_PIKEMEN
UNIT_SINDAR_H3,1,kv,DefaultIcon,ICON_UNIT_SINDAR_H3
UNIT_SINDAR_H3,2,kv,DefaultSprite,SPRITE_SINDAR_H3
UNIT_SINDAR_H3,3,kv,Category,UNIT_CATEGORY_RANGED
UNIT_SINDAR_H3,4,kv,Attack,30
UNIT_SINDAR_H3,5,kv,Defense,50
UNIT_SINDAR_H3,6,kv,ZBRangeAttack,60
UNIT_SINDAR_H3,7,kv,Firepower,2
UNIT_SINDAR_H3,8,kv,Armor,1
UNIT_SINDAR_H3,9,kv,MaxHP,10
UNIT_SINDAR_H3,10,kv,ShieldCost,1000
UNIT_SINDAR_H3,11,kv,PowerPoints,400
UNIT_SINDAR_H3,12,kv,ShieldHunger,7
UNIT_SINDAR_H3,13,kv,FoodHunger,0
UNIT_SINDAR_H3,14,kv,MaxMovePoints,0
UNIT_SINDAR_H3,15,kv,VisionRange,1
UNIT_SINDAR_H3,16,kv,EnableAdvance,ADVANCE_HEXTAPUL
UNIT_SINDAR_H3,17,kv,BombRounds,5
UNIT_SINDAR_H3,18,kv,BombardRange,1
UNIT_SINDAR_H3,19,flag,CanCounterBombard,
UNIT_SINDAR_H3,20,kv,ActiveDefenseRange,0
UNIT_SINDAR_H3,21,flag,LossMoveToDmgNone,
UNIT_SINDAR_H3,22,kv,MaxFuel,0
UNIT_SINDAR_H3,23,flag,CanEntrench,
UNIT_SINDAR_H3,24,flag,NoZoc,
UNIT_SINDAR_H3,25,flag,CanExpel,
UNIT_SINDAR_H3,26,flag,CanPillage,
UNIT_SINDAR_H3,27,flag,CanPirate,
UNIT_SINDAR_H3,28,flag,ExertsMartialLaw,
UNIT_SINDAR_H3,29,flag,DeathEffectsHappy,
UNIT_SINDAR_H3,30,flag,BonusAgainstMounted,
UNIT_SINDAR_H3,31,kv,MountedBonus,0.2
UNIT_SINDAR_H3,32,flag,OnlyBuildOne,
UNIT_SINDAR_H3,33,kv,SoundSelect1,SOUND_SELECT1_PIKEMEN
UNIT_SINDAR_H3,34,kv,SoundSelect2,SOUND_SELECT2_PIKEMEN
UNIT_SINDAR_H3,35,kv,SoundMove,SOUND_MOVE_PIKEMEN
UNIT_SINDAR_H3,36,kv,SoundAcknowledge,SOUND_ACKNOWLEDGE_PIKEMEN
UNIT_SINDAR_H3,37,kv,SoundCantMove,SOUND_CANTMOVE_PIKEMEN
UNIT_SINDAR_H3,38,kv,SoundAttack,SOUND_ATTACK_PIKEMEN
UNIT_SINDAR_H3,39,kv,SoundWork,SOUND_WORK_PIKEMEN
UNIT_SINDAR_H3,40,kv,SoundVictory,SOUND_VICTORY_PIKEMEN
UNIT_SINDAR_H3,41,kv,SoundDeath,SOUND_DEATH_PIKEMEN
UNIT_SINDAR_H3,42,sublist,CanAttack,Land
UNIT_SINDAR_H3,43,sublist,CanAttack,Mountain
UNIT_SINDAR_H3,44,sublist,CanBombard,Land
UNIT_SINDAR_H3,45,sublist,CanBombard,Mountain
UNIT_SINDAR_H3,46,sublist,CanBombard,Water
UNIT_SINDAR_H3,47,sublist,CanSee,Standard
UNIT_SINDAR_H3,48,sublist,MovementType,Land
UNIT_SINDAR_H3,49,sublist,MovementType,Mountain
UNIT_SINDAR_H3,50,sublist,Size,Medium
UNIT_SINDAR_H3,51,sublist,VisionClass,Standard
UNIT_SINDAR_H3,52,nested,CanReform,"[{""t"": ""kv"", ""k"": ""Sound"", ""v"": ""SOUND_ID_REFORM_CITY""}, {""t"": ""kv"", ""k"": ""Effect"", ""v"": ""SPECEFFECT_REFORMCITY""}]"
UNIT_SINDAR_H4,0,kv,Description,DESCRIPTION_UNIT_PIKEMEN
UNIT_SINDAR_H4,1,kv,DefaultIcon,ICON_UNIT_SINDAR_H4
UNIT_SINDAR_H4,2,kv,DefaultSprite,SPRITE_SINDAR_H4
UNIT_SINDAR_H4,3,kv,Category,UNIT_CATEGORY_RANGED
UNIT_SINDAR_H4,4,kv,Attack,30
UNIT_SINDAR_H4,5,kv,Defense,30
UNIT_SINDAR_H4,6,kv,ZBRangeAttack,60
UNIT_SINDAR_H4,7,kv,Firepower,2
UNIT_SINDAR_H4,8,kv,Armor,1
UNIT_SINDAR_H4,9,kv,MaxHP,20
UNIT_SINDAR_H4,10,kv,ShieldCost,1000
UNIT_SINDAR_H4,11,kv,PowerPoints,400
UNIT_SINDAR_H4,12,kv,ShieldHunger,7
UNIT_SINDAR_H4,13,kv,FoodHunger,0
UNIT_SINDAR_H4,14,kv,MaxMovePoints,300
UNIT_SINDAR_H4,15,kv,VisionRange,1
UNIT_SINDAR_H4,16,kv,EnableAdvance,ADVANCE_HEXTAPUL
UNIT_SINDAR_H4,17,kv,ActiveDefenseRange,0
UNIT_SINDAR_H4,18,flag,LossMoveToDmgNone,
UNIT_SINDAR_H4,19,kv,MaxFuel,0
UNIT_SINDAR_H4,20,flag,CanEntrench,
UNIT_SINDAR_H4,21,flag,NoZoc,
UNIT_SINDAR_H4,22,flag,CanExpel,
UNIT_SINDAR_H4,23,flag,CanPillage,
UNIT_SINDAR_H4,24,flag,CanPirate,
UNIT_SINDAR_H4,25,flag,ExertsMartialLaw,
UNIT_SINDAR_H4,26,flag,DeathEffectsHappy,
UNIT_SINDAR_H4,27,flag,BonusAgainstMounted,
UNIT_SINDAR_H4,28,kv,MountedBonus,0.2
UNIT_SINDAR_H4,29,flag,OnlyBuildOne,
UNIT_SINDAR_H4,30,kv,SoundSelect1,SOUND_SELECT1_PIKEMEN
UNIT_SINDAR_H4,31,kv,SoundSelect2,SOUND_SELECT2_PIKEMEN
UNIT_SINDAR_H4,32,kv,SoundMove,SOUND_MOVE_PIKEMEN
UNIT_SINDAR_H4,33,kv,SoundAcknowledge,SOUND_ACKNOWLEDGE_PIKEMEN
UNIT_SINDAR_H4,34,kv,SoundCantMove,SOUND_CANTMOVE_PIKEMEN
UNIT_SINDAR_H4,35,kv,SoundAttack,SOUND_ATTACK_PIKEMEN
UNIT_SINDAR_H4,36,kv,SoundWork,SOUND_WORK_PIKEMEN
UNIT_SINDAR_H4,37,kv,SoundVictory,SOUND_VICTORY_PIKEMEN
UNIT_SINDAR_H4,38,kv,SoundDeath,SOUND_DEATH_PIKEMEN
UNIT_SINDAR_H4,39,sublist,CanAttack,Land
UNIT_SINDAR_H4,40,sublist,CanAttack,Mountain
UNIT_SINDAR_H4,41,sublist,CanSee,Standard
UNIT_SINDAR_H4,42,sublist,MovementType,Land
UNIT_SINDAR_H4,43,sublist,MovementType,Mountain
UNIT_SINDAR_H4,44,sublist,Size,Small
UNIT_SINDAR_H4,45,sublist,VisionClass,Standard
UNIT_SINDAR_H4,46,nested,CanReform,"[{""t"": ""kv"", ""k"": ""Sound"", ""v"": ""SOUND_ID_REFORM_CITY""}, {""t"": ""kv"", ""k"": ""Effect"", ""v"": ""SPECEFFECT_REFORMCITY""}]"
UNIT_PALANTIR_I,0,kv,Description,DESCRIPTION_UNIT_PIKEMEN
UNIT_PALANTIR_I,1,kv,DefaultIcon,ICON_UNIT_PALANTIR_I
UNIT_PALANTIR_I,2,kv,DefaultSprite,SPRITE_PALANTIR_I
UNIT_PALANTIR_I,3,kv,Category,UNIT_CATEGORY_RANGED
UNIT_PALANTIR_I,4,kv,Attack,15
UNIT_PALANTIR_I,5,kv,Defense,15
UNIT_PALANTIR_I,6,kv,ZBRangeAttack,30
UNIT_PALANTIR_I,7,kv,Firepower,2
UNIT_PALANTIR_I,8,kv,Armor,1
UNIT_PALANTIR_I,9,kv,MaxHP,5
UNIT_PALANTIR_I,10,kv,ShieldCost,1000
UNIT_PALANTIR_I,11,kv,PowerPoints,400
UNIT_PALANTIR_I,12,kv,ShieldHunger,7
UNIT_PALANTIR_I,13,kv,FoodHunger,0
UNIT_PALANTIR_I,14,kv,MaxMovePoints,0
UNIT_PALANTIR_I,15,kv,VisionRange,2
UNIT_PALANTIR_I,16,kv,EnableAdvance,ADVANCE_HEXTAPUL
UNIT_PALANTIR_I,17,kv,BombRounds,3
UNIT_PALANTIR_I,18,kv,BombardRange,1
UNIT_PALANTIR_I,19,flag,CanCounterBombard,
UNIT_PALANTIR_I,20,kv,ActiveDefenseRange,0
UNIT_PALANTIR_I,21,flag,LossMoveToDmgNone,
UNIT_PALANTIR_I,22,kv,MaxFuel,0
UNIT_PALANTIR_I,23,flag,CanEntrench,
UNIT_PALANTIR_I,24,flag,NoZoc,
UNIT_PALANTIR_I,25,flag,CanExpel,
UNIT_PALANTIR_I,26,flag,CanPillage,
UNIT_PALANTIR_I,27,flag,CanPirate,
UNIT_PALANTIR_I,28,flag,ExertsMartialLaw,
UNIT_PALANTIR_I,29,flag,DeathEffectsHappy,
UNIT_PALANTIR_I,30,flag,OnlyBuildOne,
UNIT_PALANTIR_I,31,kv,SoundSelect1,SOUND_SELECT1_PIKEMEN
UNIT_PALANTIR_I,32,kv,SoundSelect2,SOUND_SELECT2_PIKEMEN
UNIT_PALANTIR_I,33,kv,SoundMove,SOUND_MOVE_PIKEMEN
UNIT_PALANTIR_I,34,kv,SoundAcknowledge,SOUND_ACKNOWLEDGE_PIKEMEN
UNIT_PALANTIR_I,35,kv,SoundCantMove,SOUND_CANTMOVE_PIKEMEN
UNIT_PALANTIR_I,36,kv,SoundAttack,SOUND_ATTACK_PIKEMEN
UNIT_PALANTIR_I,37,kv,SoundWork,SOUND_WORK_PIKEMEN
UNIT_PALANTIR_I,38,kv,SoundVictory,SOUND_VICTORY_PIKEMEN
UNIT_PALANTIR_I,39,kv,SoundDeath,SOUND_DEATH_PIKEMEN
UNIT_PALANTIR_I,40,sublist,CanAttack,Land
UNIT_PALANTIR_I,41,sublist,CanAttack,Mountain
UNIT_PALANTIR_I,42,sublist,CanBombard,Land
UNIT_PALANTIR_I,43,sublist,CanBombard,Mountain
UNIT_PALANTIR_I,44,sublist,CanBombard,Water
UNIT_PALANTIR_I,45,sublist,CanSee,Standard
UNIT_PALANTIR_I,46,sublist,CanSee,Stealth
UNIT_PALANTIR_I,47,sublist,MovementType,Land
UNIT_PALANTIR_I,48,sublist,MovementType,Mountain
UNIT_PALANTIR_I,49,sublist,Size,Medium
UNIT_PALANTIR_I,50,sublist,VisionClass,Stealth
UNIT_PALANTIR_I,51,nested,CanReform,"[{""t"": ""kv"", ""k"": ""Sound"", ""v"": ""SOUND_ID_REFORM_CITY""}, {""t"": ""kv"", ""k"": ""Effect"", ""v"": ""SPECEFFECT_REFORMCITY""}]"
UNIT_PALANTIR_II,0,kv,Description,DESCRIPTION_UNIT_PIKEMEN
UNIT_PALANTIR_II,1,kv,DefaultIcon,ICON_UNIT_PALANTIR_II
UNIT_PALANTIR_II,2,kv,DefaultSprite,SPRITE_PALANTIR_II
UNIT_PALANTIR_II,3,kv,Category,UNIT_CATEGORY_RANGED
UNIT_PALANTIR_II,4,kv,Attack,15
UNIT_PALANTIR_II,5,kv,Defense,15
UNIT_PALANTIR_II,6,kv,ZBRangeAttack,40
UNIT_PALANTIR_II,7,kv,Firepower,2
UNIT_PALANTIR_II,8,kv,Armor,1
UNIT_PALANTIR_II,9,kv,MaxHP,5
UNIT_PALANTIR_II,10,kv,ShieldCost,1000
UNIT_PALANTIR_II,11,kv,PowerPoints,400
UNIT_PALANTIR_II,12,kv,ShieldHunger,7
UNIT_PALANTIR_II,13,kv,FoodHunger,0
UNIT_PALANTIR_II,14,kv,MaxMovePoints,0
UNIT_PALANTIR_II,15,kv,VisionRange,4
UNIT_PALANTIR_II,16,kv,EnableAdvance,ADVANCE_HEXTAPUL
UNIT_PALANTIR_II,17,kv,BombRounds,4
UNIT_PALANTIR_II,18,kv,BombardRange,1
UNIT_PALANTIR_II,19,flag,CanCounterBombard,
UNIT_PALANTIR_II,20,kv,ActiveDefenseRange,0
UNIT_PALANTIR_II,21,flag,LossMoveToDmgNone,
UNIT_PALANTIR_II,22,kv,MaxFuel,0
UNIT_PALANTIR_II,23,flag,CanEntrench,
UNIT_PALANTIR_II,24,flag,NoZoc,
UNIT_PALANTIR_II,25,flag,CanExpel,
UNIT_PALANTIR_II,26,flag,CanPillage,
UNIT_PALANTIR_II,27,flag,CanPirate,
UNIT_PALANTIR_II,28,flag,ExertsMartialLaw,
UNIT_PALANTIR_II,29,flag,DeathEffectsHappy,
UNIT_PALANTIR_II,30,flag,OnlyBuildOne,
UNIT_PALANTIR_II,31,kv,SoundSelect1,SOUND_SELECT1_PIKEMEN
UNIT_PALANTIR_II,32,kv,SoundSelect2,SOUND_SELECT2_PIKEMEN
UNIT_PALANTIR_II,33,kv,SoundMove,SOUND_MOVE_PIKEMEN
UNIT_PALANTIR_II,34,kv,SoundAcknowledge,SOUND_ACKNOWLEDGE_PIKEMEN
UNIT_PALANTIR_II,35,kv,SoundCantMove,SOUND_CANTMOVE_PIKEMEN
UNIT_PALANTIR_II,36,kv,SoundAttack,SOUND_ATTACK_PIKEMEN
UNIT_PALANTIR_II,37,kv,SoundWork,SOUND_WORK_PIKEMEN
UNIT_PALANTIR_II,38,kv,SoundVictory,SOUND_VICTORY_PIKEMEN
UNIT_PALANTIR_II,39,kv,SoundDeath,SOUND_DEATH_PIKEMEN
UNIT_PALANTIR_II,40,sublist,CanAttack,Land
UNIT_PALANTIR_II,41,sublist,CanAttack,Mountain
UNIT_PALANTIR_II,42,sublist,CanBombard,Land
UNIT_PALANTIR_II,43,sublist,CanBombard,Mountain
UNIT_PALANTIR_II,44,sublist,CanBombard,Water
UNIT_PALANTIR_II,45,sublist,CanSee,Standard
UNIT_PALANTIR_II,46,sublist,CanSee,Stealth
UNIT_PALANTIR_II,47,sublist,MovementType,Land
UNIT_PALANTIR_II,48,sublist,MovementType,Mountain
UNIT_PALANTIR_II,49,sublist,Size,Medium
UNIT_PALANTIR_II,50,sublist,VisionClass,Stealth
UNIT_PALANTIR_II,51,nested,CanReform,"[{""t"": ""kv"", ""k"": ""Sound"", ""v"": ""SOUND_ID_REFORM_CITY""}, {""t"": ""kv"", ""k"": ""Effect"", ""v"": ""SPECEFFECT_REFORMCITY""}]"
UNIT_PALANTIR_III,0,kv,Description,DESCRIPTION_UNIT_PIKEMEN
UNIT_PALANTIR_III,1,kv,DefaultIcon,ICON_UNIT_PALANTIR_III
UNIT_PALANTIR_III,2,kv,DefaultSprite,SPRITE_PALANTIR_III
UNIT_PALANTIR_III,3,kv,Category,UNIT_CATEGORY_RANGED
UNIT_PALANTIR_III,4,kv,Attack,15
UNIT_PALANTIR_III,5,kv,Defense,15
UNIT_PALANTIR_III,6,kv,ZBRangeAttack,50
UNIT_PALANTIR_III,7,kv,Firepower,2
UNIT_PALANTIR_III,8,kv,Armor,1
UNIT_PALANTIR_III,9,kv,MaxHP,5
UNIT_PALANTIR_III,10,kv,ShieldCost,1000
UNIT_PALANTIR_III,11,kv,PowerPoints,400
UNIT_PALANTIR_III,12,kv,ShieldHunger,7
UNIT_PALANTIR_III,13,kv,FoodHunger,0
UNIT_PALANTIR_III,14,kv,MaxMovePoints,0
UNIT_PALANTIR_III,15,kv,VisionRange,6
UNIT_PALANTIR_III,16,kv,EnableAdvance,ADVANCE_HEXTAPUL
UNIT_PALANTIR_III,17,kv,BombRounds,5
UNIT_PALANTIR_III,18,kv,BombardRange,1
UNIT_PALANTIR_III,19,flag,CanCounterBombard,
UNIT_PALANTIR_III,20,kv,ActiveDefenseRange,0
UNIT_PALANTIR_III,21,flag,LossMoveToDmgNone,
UNIT_PALANTIR_III,22,kv,MaxFuel,0
UNIT_PALANTIR_III,23,flag,CanEntrench,
UNIT_PALANTIR_III,24,flag,NoZoc,
UNIT_PALANTIR_III,25,flag,CanExpel,
UNIT_PALANTIR_III,26,flag,CanPillage,
UNIT_PALANTIR_III,27,flag,CanPirate,
UNIT_PALANTIR_III,28,flag,ExertsMartialLaw,
UNIT_PALANTIR_III,29,flag,DeathEffectsHappy,
UNIT_PALANTIR_III,30,flag,OnlyBuildOne,
UNIT_PALANTIR_III,31,kv,SoundSelect1,SOUND_SELECT1_PIKEMEN
UNIT_PALANTIR_III,32,kv,SoundSelect2,SOUND_SELECT2_PIKEMEN
UNIT_PALANTIR_III,33,kv,SoundMove,SOUND_MOVE_PIKEMEN
UNIT_PALANTIR_III,34,kv,SoundAcknowledge,SOUND_ACKNOWLEDGE_PIKEMEN
UNIT_PALANTIR_III,35,kv,SoundCantMove,SOUND_CANTMOVE_PIKEMEN
UNIT_PALANTIR_III,36,kv,SoundAttack,SOUND_ATTACK_PIKEMEN
UNIT_PALANTIR_III,37,kv,SoundWork,SOUND_WORK_PIKEMEN
UNIT_PALANTIR_III,38,kv,SoundVictory,SOUND_VICTORY_PIKEMEN
UNIT_PALANTIR_III,39,kv,SoundDeath,SOUND_DEATH_PIKEMEN
UNIT_PALANTIR_III,40,sublist,CanAttack,Land
UNIT_PALANTIR_III,41,sublist,CanAttack,Mountain
UNIT_PALANTIR_III,42,sublist,CanBombard,Land
UNIT_PALANTIR_III,43,sublist,CanBombard,Mountain
UNIT_PALANTIR_III,44,sublist,CanBombard,Water
UNIT_PALANTIR_III,45,sublist,CanSee,Standard
UNIT_PALANTIR_III,46,sublist,CanSee,Stealth
UNIT_PALANTIR_III,47,sublist,MovementType,Land
UNIT_PALANTIR_III,48,sublist,MovementType,Mountain
UNIT_PALANTIR_III,49,sublist,Size,Medium
UNIT_PALANTIR_III,50,sublist,VisionClass,Stealth
UNIT_PALANTIR_III,51,nested,CanReform,"[{""t"": ""kv"", ""k"": ""Sound"", ""v"": ""SOUND_ID_REFORM_CITY""}, {""t"": ""kv"", ""k"": ""Effect"", ""v"": ""SPECEFFECT_REFORMCITY""}]"
UNIT_PALANTIR_IV,0,kv,Description,DESCRIPTION_UNIT_PIKEMEN
UNIT_PALANTIR_IV,1,kv,DefaultIcon,ICON_UNIT_PALANTIR_IV
UNIT_PALANTIR_IV,2,kv,DefaultSprite,SPRITE_PALANTIR_IV
UNIT_PALANTIR_IV,3,kv,Category,UNIT_CATEGORY_RANGED
UNIT_PALANTIR_IV,4,kv,Attack,15
UNIT_PALANTIR_IV,5,kv,Defense,15
UNIT_PALANTIR_IV,6,kv,ZBRangeAttack,60
UNIT_PALANTIR_IV,7,kv,Firepower,2
UNIT_PALANTIR_IV,8,kv,Armor,1
UNIT_PALANTIR_IV,9,kv,MaxHP,5
UNIT_PALANTIR_IV,10,kv,ShieldCost,1000
UNIT_PALANTIR_IV,11,kv,PowerPoints,400
UNIT_PALANTIR_IV,12,kv,ShieldHunger,7
UNIT_PALANTIR_IV,13,kv,FoodHunger,0
UNIT_PALANTIR_IV,14,kv,MaxMovePoints,0
UNIT_PALANTIR_IV,15,kv,VisionRange,8
UNIT_PALANTIR_IV,16,kv,EnableAdvance,ADVANCE_HEXTAPUL
UNIT_PALANTIR_IV,17,kv,BombRounds,6
UNIT_PALANTIR_IV,18,kv,BombardRange,1
UNIT_PALANTIR_IV,19,flag,CanCounterBombard,
UNIT_PALANTIR_IV,20,kv,ActiveDefenseRange,0
UNIT_PALANTIR_IV,21,flag,LossMoveToDmgNone,
UNIT_PALANTIR_IV,22,kv,MaxFuel,0
UNIT_PALANTIR_IV,23,flag,CanEntrench,
UNIT_PALANTIR_IV,24,flag,NoZoc,
UNIT_PALANTIR_IV,25,flag,CanExpel,
UNIT_PALANTIR_IV,26,flag,CanPillage,
UNIT_PALANTIR_IV,27,flag,CanPirate,
UNIT_PALANTIR_IV,28,flag,ExertsMartialLaw,
UNIT_PALANTIR_IV,29,flag,DeathEffectsHappy,
UNIT_PALANTIR_IV,30,flag,OnlyBuildOne,
UNIT_PALANTIR_IV,31,kv,SoundSelect1,SOUND_SELECT1_PIKEMEN
UNIT_PALANTIR_IV,32,kv,SoundSelect2,SOUND_SELECT2_PIKEMEN
UNIT_PALANTIR_IV,33,kv,SoundMove,SOUND_MOVE_PIKEMEN
UNIT_PALANTIR_IV,34,kv,SoundAcknowledge,SOUND_ACKNOWLEDGE_PIKEMEN
UNIT_PALANTIR_IV,35,kv,SoundCantMove,SOUND_CANTMOVE_PIKEMEN
UNIT_PALANTIR_IV,36,kv,SoundAttack,SOUND_ATTACK_PIKEMEN
UNIT_PALANTIR_IV,37,kv,SoundWork,SOUND_WORK_PIKEMEN
UNIT_PALANTIR_IV,38,kv,SoundVictory,SOUND_VICTORY_PIKEMEN
UNIT_PALANTIR_IV,39,kv,SoundDeath,SOUND_DEATH_PIKEMEN
UNIT_PALANTIR_IV,40,sublist,CanAttack,Land
UNIT_PALANTIR_IV,41,sublist,CanAttack,Mountain
UNIT_PALANTIR_IV,42,sublist,CanBombard,Land
UNIT_PALANTIR_IV,43,sublist,CanBombard,Mountain
UNIT_PALANTIR_IV,44,sublist,CanBombard,Water
UNIT_PALANTIR_IV,45,sublist,CanSee,Standard
UNIT_PALANTIR_IV,46,sublist,CanSee,Stealth
UNIT_PALANTIR_IV,47,sublist,MovementType,Land
UNIT_PALANTIR_IV,48,sublist,MovementType,Mountain
UNIT_PALANTIR_IV,49,sublist,Size,Medium
UNIT_PALANTIR_IV,50,sublist,VisionClass,Stealth
UNIT_PALANTIR_IV,51,nested,CanReform,"[{""t"": ""kv"", ""k"": ""Sound"", ""v"": ""SOUND_ID_REFORM_CITY""}, {""t"": ""kv"", ""k"": ""Effect"", ""v"": ""SPECEFFECT_REFORMCITY""}]"
UNIT_GANDALF_I,0,kv,Description,DESCRIPTION_UNIT_PIKEMEN
UNIT_GANDALF_I,1,kv,DefaultIcon,ICON_UNIT_GANDALF_I
UNIT_GANDALF_I,2,kv,DefaultSprite,SPRITE_GANDALF_I
UNIT_GANDALF_I,3,kv,Category,UNIT_CATEGORY_RANGED
UNIT_GANDALF_I,4,kv,Attack,35
UNIT_GANDALF_I,5,kv,Defense,35
UNIT_GANDALF_I,6,kv,ZBRangeAttack,25
UNIT_GANDALF_I,7,kv,Firepower,2
UNIT_GANDALF_I,8,kv,Armor,1
UNIT_GANDALF_I,9,kv,MaxHP,12
UNIT_GANDALF_I,10,kv,ShieldCost,1000
UNIT_GANDALF_I,11,kv,PowerPoints,400
UNIT_GANDALF_I,12,kv,ShieldHunger,7
UNIT_GANDALF_I,13,kv,FoodHunger,0
UNIT_GANDALF_I,14,kv,MaxMovePoints,200
UNIT_GANDALF_I,15,kv,VisionRange,1
UNIT_GANDALF_I,16,kv,EnableAdvance,ADVANCE_HEXTAPUL
UNIT_GANDALF_I,17,kv,BombRounds,3
UNIT_GANDALF_I,18,kv,BombardRange,1
UNIT_GANDALF_I,19,flag,CanCounterBombard,
UNIT_GANDALF_I,20,kv,ActiveDefenseRange,0
UNIT_GANDALF_I,21,flag,LossMoveToDmgNone,
UNIT_GANDALF_I,22,kv,MaxFuel,0
UNIT_GANDALF_I,23,flag,CanEntrench,
UNIT_GANDALF_I,24,flag,NoZoc,
UNIT_GANDALF_I,25,flag,CanExpel,
UNIT_GANDALF_I,26,flag,CantCaptureCity,
UNIT_GANDALF_I,27,flag,EstablishEmbassy,
UNIT_GANDALF_I,28,flag,ThrowParty,
UNIT_GANDALF_I,29,flag,ExertsMartialLaw,
UNIT_GANDALF_I,30,flag,DeathEffectsHappy,
UNIT_GANDALF_I,31,flag,BonusAgainstMounted,
UNIT_GANDALF_I,32,kv,MountedBonus,0.2
UNIT_GANDALF_I,33,flag,OnlyBuildOne,
UNIT_GANDALF_I,34,kv,SoundSelect1,SOUND_SELECT1_PIKEMEN
UNIT_GANDALF_I,35,kv,SoundSelect2,SOUND_SELECT2_PIKEMEN
UNIT_GANDALF_I,36,kv,SoundMove,SOUND_MOVE_PIKEMEN
UNIT_GANDALF_I,37,kv,SoundAcknowledge,SOUND_ACKNOWLEDGE_PIKEMEN
UNIT_GANDALF_I,38,kv,SoundCantMove,SOUND_CANTMOVE_PIKEMEN
UNIT_GANDALF_I,39,kv,SoundAttack,SOUND_ATTACK_PIKEMEN
UNIT_GANDALF_I,40,kv,SoundWork,SOUND_WORK_PIKEMEN
UNIT_GANDALF_I,41,kv,SoundVictory,SOUND_VICTORY_PIKEMEN
UNIT_GANDALF_I,42,kv,SoundDeath,SOUND_DEATH_PIKEMEN
UNIT_GANDALF_I,43,sublist,CanAttack,Land
UNIT_GANDALF_I,44,sublist,CanAttack,Mountain
UNIT_GANDALF_I,45,sublist,CanBombard,Land
UNIT_GANDALF_I,46,sublist,CanBombard,Mountain
UNIT_GANDALF_I,47,sublist,CanBombard,Water
UNIT_GANDALF_I,48,sublist,CanSee,Standard
UNIT_GANDALF_I,49,sublist,CanSee,Stealth
UNIT_GANDALF_I,50,sublist,MovementType,Land
UNIT_GANDALF_I,51,sublist,MovementType,Mountain
UNIT_GANDALF_I,52,sublist,Size,Medium
UNIT_GANDALF_I,53,sublist,VisionClass,Stealth
UNIT_GANDALF_I,54,nested,InvestigateCity,"[{""t"": ""kv"", ""k"": ""Chance"", ""v"": ""0.4""}, {""t"": ""kv"", ""k"": ""EliteChance"", ""v"": ""0.5""}, {""t"": ""kv"", ""k"": ""DeathChance"", ""v"": ""0.05""}]"
UNIT_GANDALF_I,55,nested,CanReform,"[{""t"": ""kv"", ""k"": ""Sound"", ""v"": ""SOUND_ID_REFORM_CITY""}, {""t"": ""kv"", ""k"": ""Effect"", ""v"": ""SPECEFFECT_REFORMCITY""}]"
UNIT_GANDALF_II,0,kv,Description,DESCRIPTION_UNIT_PIKEMEN
UNIT_GANDALF_II,1,kv,DefaultIcon,ICON_UNIT_GANDALF_II
UNIT_GANDALF_II,2,kv,DefaultSprite,SPRITE_GANDALF_II
UNIT_GANDALF_II,3,kv,Category,UNIT_CATEGORY_RANGED
UNIT_GANDALF_II,4,kv,Attack,50
UNIT_GANDALF_II,5,kv,Defense,50
UNIT_GANDALF_II,6,kv,ZBRangeAttack,40
UNIT_GANDALF_II,7,kv,Firepower,2
UNIT_GANDALF_II,8,kv,Armor,1
UNIT_GANDALF_II,9,kv,MaxHP,15
UNIT_GANDALF_II,10,kv,ShieldCost,1000
UNIT_GANDALF_II,11,kv,PowerPoints,400
UNIT_GANDALF_II,12,kv,ShieldHunger,7
UNIT_GANDALF_II,13,kv,FoodHunger,0
UNIT_GANDALF_II,14,kv,MaxMovePoints,200
UNIT_GANDALF_II,15,kv,VisionRange,1
UNIT_GANDALF_II,16,kv,EnableAdvance,ADVANCE_HEXTAPUL
UNIT_GANDALF_II,17,kv,BombRounds,3
UNIT_GANDALF_II,18,kv,BombardRange,1
UNIT_GANDALF_II,19,flag,CanCounterBombard,
UNIT_GANDALF_II,20,kv,ActiveDefenseRange,0
UNIT_GANDALF_II,21,flag,LossMoveToDmgNone,
UNIT_GANDALF_II,22,kv,MaxFuel,0
UNIT_GANDALF_II,23,flag,CanEntrench,
UNIT_GANDALF_II,24,flag,NoZoc,
UNIT_GANDALF_II,25,flag,CanExpel,
UNIT_GANDALF_II,26,flag,CantCaptureCity,
UNIT_GANDALF_II,27,flag,EstablishEmbassy,
UNIT_GANDALF_II,28,flag,ThrowParty,
UNIT_GANDALF_II,29,flag,ExertsMartialLaw,
UNIT_GANDALF_II,30,flag,DeathEffectsHappy,
UNIT_GANDALF_II,31,flag,BonusAgainstMounted,
UNIT_GANDALF_II,32,kv,MountedBonus,0.2
UNIT_GANDALF_II,33,flag,OnlyBuildOne,
UNIT_GANDALF_II,34,kv,SoundSelect1,SOUND_SELECT1_PIKEMEN
UNIT_GANDALF_II,35,kv,SoundSelect2,SOUND_SELECT2_PIKEMEN
UNIT_GANDALF_II,36,kv,SoundMove,SOUND_MOVE_PIKEMEN
UNIT_GANDALF_II,37,kv,SoundAcknowledge,SOUND_ACKNOWLEDGE_PIKEMEN
UNIT_GANDALF_II,38,kv,SoundCantMove,SOUND_CANTMOVE_PIKEMEN
UNIT_GANDALF_II,39,kv,SoundAttack,SOUND_ATTACK_PIKEMEN
UNIT_GANDALF_II,40,kv,SoundWork,SOUND_WORK_PIKEMEN
UNIT_GANDALF_II,41,kv,SoundVictory,SOUND_VICTORY_PIKEMEN
UNIT_GANDALF_II,42,kv,SoundDeath,SOUND_DEATH_PIKEMEN
UNIT_GANDALF_II,43,sublist,CanAttack,Land
UNIT_GANDALF_II,44,sublist,CanAttack,Mountain
UNIT_GANDALF_II,45,sublist,CanBombard,Land
UNIT_GANDALF_II,46,sublist,CanBombard,Mountain
UNIT_GANDALF_II,47,sublist,CanBombard,Water
UNIT_GANDALF_II,48,sublist,CanSee,Standard
UNIT_GANDALF_II,49,sublist,CanSee,Stealth
UNIT_GANDALF_II,50,sublist,MovementType,Land
UNIT_GANDALF_II,51,sublist,MovementType,Mountain
UNIT_GANDALF_II,52,sublist,Size,Medium
UNIT_GANDALF_II,53,sublist,VisionClass,Stealth
UNIT_GANDALF_II,54,nested,InvestigateCity,"[{""t"": ""kv"", ""k"": ""Chance"", ""v"": ""0.6""}, {""t"": ""kv"", ""k"": ""EliteChance"", ""v"": ""0.7""}, {""t"": ""kv"", ""k"": ""DeathChance"", ""v"": ""0.05""}]"
UNIT_GANDALF_II,55,nested,CanReform,"[{""t"": ""kv"", ""k"": ""Sound"", ""v"": ""SOUND_ID_REFORM_CITY""}, {""t"": ""kv"", ""k"": ""Effect"", ""v"": ""SPECEFFECT_REFORMCITY""}]"
UNIT_BALROG,0,kv,Description,DESCRIPTION_UNIT_PIKEMEN
UNIT_BALROG,1,kv,DefaultIcon,ICON_UNIT_BALROG
UNIT_BALROG,2,kv,DefaultSprite,SPRITE_BALROG
UNIT_BALROG,3,kv,Category,UNIT_CATEGORY_RANGED
UNIT_BALROG,4,kv,Attack,70
UNIT_BALROG,5,kv,Defense,70
UNIT_BALROG,6,kv,ZBRangeAttack,70
UNIT_BALROG,7,kv,Firepower,2
UNIT_BALROG,8,kv,Armor,1
UNIT_BALROG,9,kv,MaxHP,15
UNIT_BALROG,10,kv,ShieldCost,1000
UNIT_BALROG,11,kv,PowerPoints,400
UNIT_BALROG,12,kv,ShieldHunger,7
UNIT_BALROG,13,kv,FoodHunger,0
UNIT_BALROG,14,kv,MaxMovePoints,0
UNIT_BALROG,15,kv,VisionRange,1
UNIT_BALROG,16,kv,EnableAdvance,ADVANCE_HEXTAPUL
UNIT_BALROG,17,kv,BombRounds,5
UNIT_BALROG,18,kv,BombardRange,1
UNIT_BALROG,19,flag,CanCounterBombard,
UNIT_BALROG,20,kv,ActiveDefenseRange,0
UNIT_BALROG,21,flag,LossMoveToDmgNone,
UNIT_BALROG,22,kv,MaxFuel,0
UNIT_BALROG,23,flag,CanEntrench,
UNIT_BALROG,24,flag,NoZoc,
UNIT_BALROG,25,flag,CanExpel,
UNIT_BALROG,26,flag,CanPillage,
UNIT_BALROG,27,flag,CanPirate,
UNIT_BALROG,28,flag,ExertsMartialLaw,
UNIT_BALROG,29,flag,DeathEffectsHappy,
UNIT_BALROG,30,flag,BonusAgainstMounted,
UNIT_BALROG,31,kv,MountedBonus,0.2
UNIT_BALROG,32,flag,OnlyBuildOne,
UNIT_BALROG,33,kv,SoundSelect1,SOUND_SELECT1_PIKEMEN
UNIT_BALROG,34,kv,SoundSelect2,SOUND_SELECT2_PIKEMEN
UNIT_BALROG,35,kv,SoundMove,SOUND_MOVE_PIKEMEN
UNIT_BALROG,36,kv,SoundAcknowledge,SOUND_ACKNOWLEDGE_PIKEMEN
UNIT_BALROG,37,kv,SoundCantMove,SOUND_CANTMOVE_PIKEMEN
UNIT_BALROG,38,kv,SoundAttack,SOUND_ATTACK_PIKEMEN
UNIT_BALROG,39,kv,SoundWork,SOUND_WORK_PIKEMEN
UNIT_BALROG,40,kv,SoundVictory,SOUND_VICTORY_PIKEMEN
UNIT_BALROG,41,kv,SoundDeath,SOUND_DEATH_PIKEMEN
UNIT_BALROG,42,sublist,CanAttack,Land
UNIT_BALROG,43,sublist,CanAttack,Mountain
UNIT_BALROG,44,sublist,CanBombard,Land
UNIT_BALROG,45,sublist,CanBombard,Mountain
UNIT_BALROG,46,sublist,CanBombard,Water
UNIT_BALROG,47,sublist,CanSee,Standard
UNIT_BALROG,48,sublist,MovementType,Land
UNIT_BALROG,49,sublist,MovementType,Mountain
UNIT_BALROG,50,sublist,Size,Medium
UNIT_BALROG,51,sublist,VisionClass,Standard
UNIT_BALROG,52,nested,CanReform,"[{""t"": ""kv"", ""k"": ""Sound"", ""v"": ""SOUND_ID_REFORM_CITY""}, {""t"": ""kv"", ""k"": ""Effect"", ""v"": ""SPECEFFECT_REFORMCITY""}]"
UNIT_SMAUG,0,kv,Description,DESCRIPTION_UNIT_PIKEMEN
UNIT_SMAUG,1,kv,DefaultIcon,ICON_UNIT_SMAUG
UNIT_SMAUG,2,kv,DefaultSprite,SPRITE_SMAUG
UNIT_SMAUG,3,kv,Category,UNIT_CATEGORY_RANGED
UNIT_SMAUG,4,kv,Attack,40
UNIT_SMAUG,5,kv,Defense,40
UNIT_SMAUG,6,kv,ZBRangeAttack,35
UNIT_SMAUG,7,kv,Firepower,1
UNIT_SMAUG,8,kv,Armor,1
UNIT_SMAUG,9,kv,MaxHP,12
UNIT_SMAUG,10,kv,ShieldCost,1000
UNIT_SMAUG,11,kv,PowerPoints,200
UNIT_SMAUG,12,kv,ShieldHunger,6
UNIT_SMAUG,13,kv,FoodHunger,0
UNIT_SMAUG,14,kv,MaxMovePoints,500
UNIT_SMAUG,15,kv,VisionRange,2
UNIT_SMAUG,16,kv,EnableAdvance,ADVANCE_HEXTAPUL
UNIT_SMAUG,17,kv,BombRounds,3
UNIT_SMAUG,18,kv,BombardRange,1
UNIT_SMAUG,19,flag,CanCounterBombard,
UNIT_SMAUG,20,kv,ActiveDefenseRange,0
UNIT_SMAUG,21,flag,LossMoveToDmgNone,
UNIT_SMAUG,22,kv,MaxFuel,0
UNIT_SMAUG,23,flag,CanEntrench,
UNIT_SMAUG,24,flag,NoZoc,
UNIT_SMAUG,25,flag,CanExpel,
UNIT_SMAUG,26,flag,CanPillage,
UNIT_SMAUG,27,flag,CanPirate,
UNIT_SMAUG,28,flag,ExertsMartialLaw,
UNIT_SMAUG,29,flag,DeathEffectsHappy,
UNIT_SMAUG,30,flag,OnlyBuildOne,
UNIT_SMAUG,31,flag,BonusAgainstMounted,
UNIT_SMAUG,32,kv,MountedBonus,0.1
UNIT_SMAUG,33,kv,SoundSelect1,SOUND_SELECT1_KNIGHT
UNIT_SMAUG,34,kv,SoundSelect2,SOUND_SELECT2_KNIGHT
UNIT_SMAUG,35,kv,SoundMove,SOUND_MOVE_KNIGHT
UNIT_SMAUG,36,kv,SoundAcknowledge,SOUND_ACKNOWLEDGE_KNIGHT
UNIT_SMAUG,37,kv,SoundCantMove,SOUND_CANTMOVE_KNIGHT
UNIT_SMAUG,38,kv,SoundAttack,SOUND_ATTACK_KNIGHT
UNIT_SMAUG,39,kv,SoundWork,SOUND_WORK_KNIGHT
UNIT_SMAUG,40,kv,SoundVictory,SOUND_VICTORY_KNIGHT
UNIT_SMAUG,41,kv,SoundDeath,SOUND_DEATH_KNIGHT
UNIT_SMAUG,42,sublist,CanAttack,Land
UNIT_SMAUG,43,sublist,CanAttack,Mountain
UNIT_SMAUG,44,sublist,CanAttack,Sea
UNIT_SMAUG,45,sublist,CanAttack,ShallowWater
UNIT_SMAUG,46,sublist,CanBombard,Land
UNIT_SMAUG,47,sublist,CanBombard,Mountain
UNIT_SMAUG,48,sublist,CanBombard,Water
UNIT_SMAUG,49,sublist,CanSee,Standard
UNIT_SMAUG,50,sublist,MovementType,Land
UNIT_SMAUG,51,sublist,MovementType,Mountain
UNIT_SMAUG,52,sublist,MovementType,Sea
UNIT_SMAUG,53,sublist,MovementType,ShallowWater
UNIT_SMAUG,54,sublist,Size,Medium
UNIT_SMAUG,55,sublist,VisionClass,Standard
UNIT_SMAUG,56,nested,CanReform,"[{""t"": ""kv"", ""k"": ""Sound"", ""v"": ""SOUND_ID_REFORM_CITY""}, {""t"": ""kv"", ""k"": ""Effect"", ""v"": ""SPECEFFECT_REFORMCITY""}]"
UNIT_STORM,0,kv,Description,DESCRIPTION_UNIT_FIGHTER
UNIT_STORM,1,kv,DefaultIcon,ICON_UNIT_STORM
UNIT_STORM,2,kv,DefaultSprite,SPRITE_STORM
UNIT_STORM,3,kv,Category,UNIT_CATEGORY_RANGED
UNIT_STORM,4,kv,Attack,20
UNIT_STORM,5,kv,Defense,20
UNIT_STORM,6,kv,ZBRangeAttack,40
UNIT_STORM,7,kv,Firepower,3
UNIT_STORM,8,kv,Armor,2
UNIT_STORM,9,kv,MaxHP,10
UNIT_STORM,10,kv,ShieldCost,1000
UNIT_STORM,11,kv,PowerPoints,1500
UNIT_STORM,12,kv,ShieldHunger,0
UNIT_STORM,13,kv,FoodHunger,0
UNIT_STORM,14,kv,MaxMovePoints,1200
UNIT_STORM,15,kv,VisionRange,1
UNIT_STORM,16,kv,EnableAdvance,ADVANCE_HEXTAPUL
UNIT_STORM,17,kv,ActiveDefenseRange,20
UNIT_STORM,18,flag,LossMoveToDmgNone,
UNIT_STORM,19,kv,MaxFuel,0
UNIT_STORM,20,flag,CanEntrench,
UNIT_STORM,21,flag,IgnoreZOC,
UNIT_STORM,22,flag,NoZoc,
UNIT_STORM,23,flag,CanBeachAssault,
UNIT_STORM,24,flag,CantCaptureCity,
UNIT_STORM,25,kv,SoundSelect1,SOUND_SELECT1_SPACE_PLANE
UNIT_STORM,26,kv,SoundSelect2,SOUND_SELECT2_SPACE_PLANE
UNIT_STORM,27,kv,SoundMove,SOUND_MOVE_SPACE_PLANE
UNIT_STORM,28,kv,SoundAcknowledge,SOUND_ACKNOWLEDGE_SPACE_PLANE
UNIT_STORM,29,kv,SoundCantMove,SOUND_CANTMOVE_SPACE_PLANE
UNIT_STORM,30,kv,SoundAttack,SOUND_ATTACK_SPACE_PLANE
UNIT_STORM,31,kv,SoundWork,SOUND_WORK_SPACE_PLANE
UNIT_STORM,32,kv,SoundVictory,SOUND_VICTORY_SPACE_PLANE
UNIT_STORM,33,kv,SoundDeath,SOUND_DEATH_SPACE_PLANE
UNIT_STORM,34,sublist,CanAttack,Land
UNIT_STORM,35,sublist,CanAttack,Mountain
UNIT_STORM,36,sublist,CanAttack,Sea
UNIT_STORM,37,sublist,CanAttack,ShallowWater
UNIT_STORM,38,sublist,CanSee,Standard
UNIT_STORM,39,sublist,MovementType,Land
UNIT_STORM,40,sublist,MovementType,Mountain
UNIT_STORM,41,sublist,MovementType,Sea
UNIT_STORM,42,sublist,MovementType,ShallowWater
UNIT_STORM,43,sublist,Size,Large
UNIT_STORM,44,sublist,VisionClass,Standard
UNIT_FUMES,0,kv,Description,DESCRIPTION_UNIT_FIGHTER
UNIT_FUMES,1,kv,DefaultIcon,ICON_UNIT_FUMES
UNIT_FUMES,2,kv,DefaultSprite,SPRITE_FUMES
UNIT_FUMES,3,kv,Category,UNIT_CATEGORY_RANGED
UNIT_FUMES,4,kv,Attack,10
UNIT_FUMES,5,kv,Defense,10
UNIT_FUMES,6,kv,ZBRangeAttack,40
UNIT_FUMES,7,kv,Firepower,3
UNIT_FUMES,8,kv,Armor,2
UNIT_FUMES,9,kv,MaxHP,10
UNIT_FUMES,10,kv,ShieldCost,1000
UNIT_FUMES,11,kv,PowerPoints,1500
UNIT_FUMES,12,kv,ShieldHunger,0
UNIT_FUMES,13,kv,FoodHunger,0
UNIT_FUMES,14,kv,MaxMovePoints,1200
UNIT_FUMES,15,kv,VisionRange,1
UNIT_FUMES,16,kv,EnableAdvance,ADVANCE_HEXTAPUL
UNIT_FUMES,17,kv,ActiveDefenseRange,20
UNIT_FUMES,18,flag,LossMoveToDmgNone,
UNIT_FUMES,19,kv,MaxFuel,0
UNIT_FUMES,20,flag,CanEntrench,
UNIT_FUMES,21,flag,IgnoreZOC,
UNIT_FUMES,22,flag,NoZoc,
UNIT_FUMES,23,flag,CanBeachAssault,
UNIT_FUMES,24,flag,CantCaptureCity,
UNIT_FUMES,25,kv,SoundSelect1,SOUND_SELECT1_SPACE_PLANE
UNIT_FUMES,26,kv,SoundSelect2,SOUND_SELECT2_SPACE_PLANE
UNIT_FUMES,27,kv,SoundMove,SOUND_MOVE_SPACE_PLANE
UNIT_FUMES,28,kv,SoundAcknowledge,SOUND_ACKNOWLEDGE_SPACE_PLANE
UNIT_FUMES,29,kv,SoundCantMove,SOUND_CANTMOVE_SPACE_PLANE
UNIT_FUMES,30,kv,SoundAttack,SOUND_ATTACK_SPACE_PLANE
UNIT_FUMES,31,kv,SoundWork,SOUND_WORK_SPACE_PLANE
UNIT_FUMES,32,kv,SoundVictory,SOUND_VICTORY_SPACE_PLANE
UNIT_FUMES,33,kv,SoundDeath,SOUND_DEATH_SPACE_PLANE
UNIT_FUMES,34,sublist,CanAttack,Land
UNIT_FUMES,35,sublist,CanAttack,Mountain
UNIT_FUMES,36,sublist,CanAttack,Sea
UNIT_FUMES,37,sublist,CanAttack,ShallowWater
UNIT_FUMES,38,sublist,CanSee,Standard
UNIT_FUMES,39,sublist,MovementType,Land
UNIT_FUMES,40,sublist,MovementType,Mountain
UNIT_FUMES,41,sublist,MovementType,Sea
UNIT_FUMES,42,sublist,MovementType,ShallowWater
UNIT_FUMES,43,sublist,Size,Large
UNIT_FUMES,44,sublist,VisionClass,Standard
UNIT_WATCHER,0,kv,Description,DESCRIPTION_UNIT_PIKEMEN
UNIT_WATCHER,1,kv,DefaultIcon,ICON_UNIT_WATCHER
UNIT_WATCHER,2,kv,DefaultSprite,SPRITE_WATCHER
UNIT_WATCHER,3,kv,Category,UNIT_CATEGORY_DEFENSE
UNIT_WATCHER,4,kv,Attack,40
UNIT_WATCHER,5,kv,Defense,40
UNIT_WATCHER,6,kv,ZBRangeAttack,0
UNIT_WATCHER,7,kv,Firepower,1
UNIT_WATCHER,8,kv,Armor,1
UNIT_WATCHER,9,kv,MaxHP,15
UNIT_WATCHER,10,kv,ShieldCost,1000
UNIT_WATCHER,11,kv,PowerPoints,200
UNIT_WATCHER,12,kv,ShieldHunger,6
UNIT_WATCHER,13,kv,FoodHunger,0
UNIT_WATCHER,14,kv,MaxMovePoints,500
UNIT_WATCHER,15,kv,VisionRange,2
UNIT_WATCHER,16,kv,EnableAdvance,ADVANCE_HEXTAPUL
UNIT_WATCHER,17,kv,ActiveDefenseRange,0
UNIT_WATCHER,18,flag,LossMoveToDmgNone,
UNIT_WATCHER,19,kv,MaxFuel,0
UNIT_WATCHER,20,flag,CanEntrench,
UNIT_WATCHER,21,flag,NoZoc,
UNIT_WATCHER,22,flag,CanExpel,
UNIT_WATCHER,23,flag,CanPillage,
UNIT_WATCHER,24,flag,CanPirate,
UNIT_WATCHER,25,flag,CantCaptureCity,
UNIT_WATCHER,26,flag,ExertsMartialLaw,
UNIT_WATCHER,27,flag,DeathEffectsHappy,
UNIT_WATCHER,28,flag,OnlyBuildOne,
UNIT_WATCHER,29,flag,BonusAgainstMounted,
UNIT_WATCHER,30,kv,MountedBonus,0.1
UNIT_WATCHER,31,kv,SoundSelect1,SOUND_SELECT1_KNIGHT
UNIT_WATCHER,32,kv,SoundSelect2,SOUND_SELECT2_KNIGHT
UNIT_WATCHER,33,kv,SoundMove,SOUND_MOVE_KNIGHT
UNIT_WATCHER,34,kv,SoundAcknowledge,SOUND_ACKNOWLEDGE_KNIGHT
UNIT_WATCHER,35,kv,SoundCantMove,SOUND_CANTMOVE_KNIGHT
UNIT_WATCHER,36,kv,SoundAttack,SOUND_ATTACK_KNIGHT
UNIT_WATCHER,37,kv,SoundWork,SOUND_WORK_KNIGHT
UNIT_WATCHER,38,kv,SoundVictory,SOUND_VICTORY_KNIGHT
UNIT_WATCHER,39,kv,SoundDeath,SOUND_DEATH_KNIGHT
UNIT_WATCHER,40,sublist,CanAttack,Land
UNIT_WATCHER,41,sublist,CanAttack,Mountain
UNIT_WATCHER,42,sublist,CanAttack,Sea
UNIT_WATCHER,43,sublist,CanAttack,ShallowWater
UNIT_WATCHER,44,sublist,CanSee,Standard
UNIT_WATCHER,45,sublist,MovementType,Land
UNIT_WATCHER,46,sublist,MovementType,Mountain
UNIT_WATCHER,47,sublist,MovementType,Sea
UNIT_WATCHER,48,sublist,MovementType,ShallowWater
UNIT_WATCHER,49,sublist,Size,Medium
UNIT_WATCHER,50,sublist,VisionClass,Standard
UNIT_WATCHER,51,nested,CanReform,"[{""t"": ""kv"", ""k"": ""Sound"", ""v"": ""SOUND_ID_REFORM_CITY""}, {""t"": ""kv"", ""k"": ""Effect"", ""v"": ""SPECEFFECT_REFORMCITY""}]"
UNIT_BELFROI,0,kv,Description,DESCRIPTION_UNIT_CATAPULT
UNIT_BELFROI,1,kv,DefaultIcon,ICON_UNIT_BELFROI
UNIT_BELFROI,2,kv,DefaultSprite,SPRITE_BELFROI
UNIT_BELFROI,3,kv,Category,UNIT_CATEGORY_RANGED
UNIT_BELFROI,4,kv,Attack,5
UNIT_BELFROI,5,kv,Defense,5
UNIT_BELFROI,6,kv,ZBRangeAttack,20
UNIT_BELFROI,7,kv,Firepower,1
UNIT_BELFROI,8,kv,Armor,1
UNIT_BELFROI,9,kv,MaxHP,10
UNIT_BELFROI,10,kv,ShieldCost,900
UNIT_BELFROI,11,kv,PowerPoints,200
UNIT_BELFROI,12,kv,ShieldHunger,5
UNIT_BELFROI,13,kv,FoodHunger,0
UNIT_BELFROI,14,kv,MaxMovePoints,100
UNIT_BELFROI,15,kv,VisionRange,1
UNIT_BELFROI,16,kv,EnableAdvance,ADVANCE_PROPULSION
UNIT_BELFROI,17,kv,ObsoleteAdvance,ADVANCE_BALLISTICS
UNIT_BELFROI,18,kv,BombRounds,3
UNIT_BELFROI,19,kv,BombardRange,1
UNIT_BELFROI,20,flag,CanCounterBombard,
UNIT_BELFROI,21,kv,ActiveDefenseRange,0
UNIT_BELFROI,22,flag,LossMoveToDmgNone,
UNIT_BELFROI,23,kv,MaxFuel,0
UNIT_BELFROI,24,flag,CanEntrench,
UNIT_BELFROI,25,flag,NoZoc,
UNIT_BELFROI,26,flag,CanExpel,
UNIT_BELFROI,27,flag,CanPillage,
UNIT_BELFROI,28,flag,CanPirate,
UNIT_BELFROI,29,flag,ExertsMartialLaw,
UNIT_BELFROI,30,flag,DeathEffectsHappy,
UNIT_BELFROI,31,flag,OnlyBuildOne,
UNIT_BELFROI,32,kv,SoundSelect1,SOUND_SELECT1_CATAPULT
UNIT_BELFROI,33,kv,SoundSelect2,SOUND_SELECT2_CATAPULT
UNIT_BELFROI,34,kv,SoundMove,SOUND_MOVE_CATAPULT
UNIT_BELFROI,35,kv,SoundAcknowledge,SOUND_ACKNOWLEDGE_CATAPULT
UNIT_BELFROI,36,kv,SoundCantMove,SOUND_CANTMOVE_CATAPULT
UNIT_BELFROI,37,kv,SoundAttack,SOUND_ATTACK_CATAPULT
UNIT_BELFROI,38,kv,SoundWork,SOUND_WORK_CATAPULT
UNIT_BELFROI,39,kv,SoundVictory,SOUND_VICTORY_CATAPULT
UNIT_BELFROI,40,kv,SoundDeath,SOUND_DEATH_CATAPULT
UNIT_BELFROI,41,sublist,CanAttack,Land
UNIT_BELFROI,42,sublist,CanBombard,Land
UNIT_BELFROI,43,sublist,CanBombard,Mountain
UNIT_BELFROI,44,sublist,CanBombard,Water
UNIT_BELFROI,45,sublist,CanSee,Standard
UNIT_BELFROI,46,sublist,MovementType,Land
UNIT_BELFROI,47,sublist,Size,Medium
UNIT_BELFROI,48,sublist,VisionClass,Standard
UNIT_BELFROI,49,nested,CanReform,"[{""t"": ""kv"", ""k"": ""Sound"", ""v"": ""SOUND_ID_REFORM_CITY""}, {""t"": ""kv"", ""k"": ""Effect"", ""v"": ""SPECEFFECT_REFORMCITY""}]"
UNIT_TREBUCHET,0,kv,Description,DESCRIPTION_UNIT_CATAPULT
UNIT_TREBUCHET,1,kv,DefaultIcon,ICON_UNIT_TREBUCHET
UNIT_TREBUCHET,2,kv,DefaultSprite,SPRITE_TREBUCHET
UNIT_TREBUCHET,3,kv,Category,UNIT_CATEGORY_RANGED
UNIT_TREBUCHET,4,kv,Attack,5
UNIT_TREBUCHET,5,kv,Defense,5
UNIT_TREBUCHET,6,kv,ZBRangeAttack,30
UNIT_TREBUCHET,7,kv,Firepower,1
UNIT_TREBUCHET,8,kv,Armor,1
UNIT_TREBUCHET,9,kv,MaxHP,10
UNIT_TREBUCHET,10,kv,ShieldCost,1350
UNIT_TREBUCHET,11,kv,PowerPoints,300
UNIT_TREBUCHET,12,kv,ShieldHunger,10
UNIT_TREBUCHET,13,kv,FoodHunger,0
UNIT_TREBUCHET,14,kv,MaxMovePoints,100
UNIT_TREBUCHET,15,kv,VisionRange,1
UNIT_TREBUCHET,16,kv,EnableAdvance,ADVANCE_BALLISTICS
UNIT_TREBUCHET,17,kv,ObsoleteAdvance,ADVANCE_SIEGE_WEAPONS
UNIT_TREBUCHET,18,kv,BombRounds,5
UNIT_TREBUCHET,19,kv,BombardRange,1
UNIT_TREBUCHET,20,flag,CanCounterBombard,
UNIT_TREBUCHET,21,kv,ActiveDefenseRange,0
UNIT_TREBUCHET,22,flag,LossMoveToDmgNone,
UNIT_TREBUCHET,23,kv,MaxFuel,0
UNIT_TREBUCHET,24,flag,CanEntrench,
UNIT_TREBUCHET,25,flag,NoZoc,
UNIT_TREBUCHET,26,flag,CanExpel,
UNIT_TREBUCHET,27,flag,CanPillage,
UNIT_TREBUCHET,28,flag,CanPirate,
UNIT_TREBUCHET,29,flag,ExertsMartialLaw,
UNIT_TREBUCHET,30,flag,DeathEffectsHappy,
UNIT_TREBUCHET,31,flag,OnlyBuildOne,
UNIT_TREBUCHET,32,kv,SoundSelect1,SOUND_SELECT1_CATAPULT
UNIT_TREBUCHET,33,kv,SoundSelect2,SOUND_SELECT2_CATAPULT
UNIT_TREBUCHET,34,kv,SoundMove,SOUND_MOVE_CATAPULT
UNIT_TREBUCHET,35,kv,SoundAcknowledge,SOUND_ACKNOWLEDGE_CATAPULT
UNIT_TREBUCHET,36,kv,SoundCantMove,SOUND_CANTMOVE_CATAPULT
UNIT_TREBUCHET,37,kv,SoundAttack,SOUND_ATTACK_CATAPULT
UNIT_TREBUCHET,38,kv,SoundWork,SOUND_WORK_CATAPULT
UNIT_TREBUCHET,39,kv,SoundVictory,SOUND_VICTORY_CATAPULT
UNIT_TREBUCHET,40,kv,SoundDeath,SOUND_DEATH_CATAPULT
UNIT_TREBUCHET,41,sublist,CanAttack,Land
UNIT_TREBUCHET,42,sublist,CanBombard,Land
UNIT_TREBUCHET,43,sublist,CanBombard,Mountain
UNIT_TREBUCHET,44,sublist,CanBombard,Water
UNIT_TREBUCHET,45,sublist,CanSee,Standard
UNIT_TREBUCHET,46,sublist,MovementType,Land
UNIT_TREBUCHET,47,sublist,Size,Medium
UNIT_TREBUCHET,48,sublist,VisionClass,Standard
UNIT_TREBUCHET,49,nested,CanReform,"[{""t"": ""kv"", ""k"": ""Sound"", ""v"": ""SOUND_ID_REFORM_CITY""}, {""t"": ""kv"", ""k"": ""Effect"", ""v"": ""SPECEFFECT_REFORMCITY""}]"
UNIT_CATAPULT,0,kv,Description,DESCRIPTION_UNIT_CATAPULT
UNIT_CATAPULT,1,kv,DefaultIcon,ICON_UNIT_CATAPULT
UNIT_CATAPULT,2,kv,DefaultSprite,SPRITE_CATAPULT
UNIT_CATAPULT,3,kv,Category,UNIT_CATEGORY_RANGED
UNIT_CATAPULT,4,kv,Attack,5
UNIT_CATAPULT,5,kv,Defense,5
UNIT_CATAPULT,6,kv,ZBRangeAttack,35
UNIT_CATAPULT,7,kv,Firepower,2
UNIT_CATAPULT,8,kv,Armor,1
UNIT_CATAPULT,9,kv,MaxHP,10
UNIT_CATAPULT,10,kv,ShieldCost,1800
UNIT_CATAPULT,11,kv,PowerPoints,400
UNIT_CATAPULT,12,kv,ShieldHunger,12
UNIT_CATAPULT,13,kv,FoodHunger,0
UNIT_CATAPULT,14,kv,MaxMovePoints,100
UNIT_CATAPULT,15,kv,VisionRange,1
UNIT_CATAPULT,16,kv,EnableAdvance,ADVANCE_SIEGE_WEAPONS
UNIT_CATAPULT,17,kv,BombRounds,7
UNIT_CATAPULT,18,kv,BombardRange,1
UNIT_CATAPULT,19,flag,CanCounterBombard,
UNIT_CATAPULT,20,kv,ActiveDefenseRange,0
UNIT_CATAPULT,21,flag,LossMoveToDmgNone,
UNIT_CATAPULT,22,kv,MaxFuel,0
UNIT_CATAPULT,23,flag,CanEntrench,
UNIT_CATAPULT,24,flag,NoZoc,
UNIT_CATAPULT,25,flag,CanExpel,
UNIT_CATAPULT,26,flag,CanPillage,
UNIT_CATAPULT,27,flag,CanPirate,
UNIT_CATAPULT,28,flag,ExertsMartialLaw,
UNIT_CATAPULT,29,flag,DeathEffectsHappy,
UNIT_CATAPULT,30,flag,OnlyBuildOne,
UNIT_CATAPULT,31,kv,SoundSelect1,SOUND_SELECT1_CATAPULT
UNIT_CATAPULT,32,kv,SoundSelect2,SOUND_SELECT2_CATAPULT
UNIT_CATAPULT,33,kv,SoundMove,SOUND_MOVE_CATAPULT
UNIT_CATAPULT,34,kv,SoundAcknowledge,SOUND_ACKNOWLEDGE_CATAPULT
UNIT_CATAPULT,35,kv,SoundCantMove,SOUND_CANTMOVE_CATAPULT
UNIT_CATAPULT,36,kv,SoundAttack,SOUND_ATTACK_CATAPULT
UNIT_CATAPULT,37,kv,SoundWork,SOUND_WORK_CATAPULT
UNIT_CATAPULT,38,kv,SoundVictory,SOUND_VICTORY_CATAPULT
UNIT_CATAPULT,39,kv,SoundDeath,SOUND_DEATH_CATAPULT
UNIT_CATAPULT,40,sublist,CanAttack,Land
UNIT_CATAPULT,41,sublist,CanBombard,Land
UNIT_CATAPULT,42,sublist,CanBombard,Mountain
UNIT_CATAPULT,43,sublist,CanBombard,Water
UNIT_CATAPULT,44,sublist,CanSee,Standard
UNIT_CATAPULT,45,sublist,MovementType,Land
UNIT_CATAPULT,46,sublist,Size,Medium
UNIT_CATAPULT,47,sublist,VisionClass,Standard
UNIT_CATAPULT,48,nested,CanReform,"[{""t"": ""kv"", ""k"": ""Sound"", ""v"": ""SOUND_ID_REFORM_CITY""}, {""t"": ""kv"", ""k"": ""Effect"", ""v"": ""SPECEFFECT_REFORMCITY""}]"
UNIT_SWORDSMAN,0,kv,Description,DESCRIPTION_UNIT_SWORDSMAN
UNIT_SWORDSMAN,1,kv,DefaultIcon,ICON_UNIT_SWORDSMAN
UNIT_SWORDSMAN,2,kv,DefaultSprite,SPRITE_SWORDSMAN
UNIT_SWORDSMAN,3,kv,Category,UNIT_CATEGORY_FLANKER
UNIT_SWORDSMAN,4,kv,Attack,0
UNIT_SWORDSMAN,5,kv,Defense,10
UNIT_SWORDSMAN,6,kv,ZBRangeAttack,0
UNIT_SWORDSMAN,7,kv,Firepower,1
UNIT_SWORDSMAN,8,kv,Armor,1
UNIT_SWORDSMAN,9,kv,MaxHP,10
UNIT_SWORDSMAN,10,kv,ShieldCost,130
UNIT_SWORDSMAN,11,kv,PowerPoints,100
UNIT_SWORDSMAN,12,kv,ShieldHunger,1
UNIT_SWORDSMAN,13,kv,FoodHunger,0
UNIT_SWORDSMAN,14,kv,MaxMovePoints,200
UNIT_SWORDSMAN,15,kv,VisionRange,1
UNIT_SWORDSMAN,16,kv,EnableAdvance,ADVANCE_TOOLMAKING
UNIT_SWORDSMAN,17,kv,ObsoleteAdvance,ADVANCE_HORSE_RIDING
UNIT_SWORDSMAN,18,kv,ActiveDefenseRange,0
UNIT_SWORDSMAN,19,flag,LossMoveToDmgNone,
UNIT_SWORDSMAN,20,kv,MaxFuel,0
UNIT_SWORDSMAN,21,flag,CanEntrench,
UNIT_SWORDSMAN,22,flag,NoZoc,
UNIT_SWORDSMAN,23,flag,CanExpel,
UNIT_SWORDSMAN,24,flag,ExertsMartialLaw,
UNIT_SWORDSMAN,25,flag,DeathEffectsHappy,
UNIT_SWORDSMAN,26,flag,IsFlanker,
UNIT_SWORDSMAN,27,flag,IsSpecialForces,
UNIT_SWORDSMAN,28,flag,OnlyBuildOne,
UNIT_SWORDSMAN,29,kv,SoundSelect1,SOUND_SELECT1_SAMURAI
UNIT_SWORDSMAN,30,kv,SoundSelect2,SOUND_SELECT2_SAMURAI
UNIT_SWORDSMAN,31,kv,SoundMove,SOUND_MOVE_SAMURAI
UNIT_SWORDSMAN,32,kv,SoundAcknowledge,SOUND_ACKNOWLEDGE_SAMURAI
UNIT_SWORDSMAN,33,kv,SoundCantMove,SOUND_CANTMOVE_SAMURAI
UNIT_SWORDSMAN,34,kv,SoundAttack,SOUND_ATTACK_SAMURAI
UNIT_SWORDSMAN,35,kv,SoundWork,SOUND_WORK_SAMURAI
UNIT_SWORDSMAN,36,kv,SoundVictory,SOUND_VICTORY_SAMURAI
UNIT_SWORDSMAN,37,kv,SoundDeath,SOUND_DEATH_SAMURAI
UNIT_SWORDSMAN,38,sublist,CanAttack,Land
UNIT_SWORDSMAN,39,sublist,CanAttack,Mountain
UNIT_SWORDSMAN,40,sublist,CanSee,Stealth
UNIT_SWORDSMAN,41,sublist,CanSee,Standard
UNIT_SWORDSMAN,42,sublist,MovementType,Land
UNIT_SWORDSMAN,43,sublist,MovementType,Mountain
UNIT_SWORDSMAN,44,sublist,Size,Small
UNIT_SWORDSMAN,45,sublist,VisionClass,Stealth
UNIT_SWORDSMAN,46,nested,CanReform,"[{""t"": ""kv"", ""k"": ""Sound"", ""v"": ""SOUND_ID_REFORM_CITY""}, {""t"": ""kv"", ""k"": ""Effect"", ""v"": ""SPECEFFECT_REFORMCITY""}]"
UNIT_JAVELIN_CAVALRY,0,kv,Description,DESCRIPTION_UNIT_MOUNTED_ARCHER
UNIT_JAVELIN_CAVALRY,1,kv,DefaultIcon,ICON_UNIT_JAVELIN_CAVALRY
UNIT_JAVELIN_CAVALRY,2,kv,DefaultSprite,SPRITE_JAVELIN_CAVALRY
UNIT_JAVELIN_CAVALRY,3,kv,Category,UNIT_CATEGORY_FLANKER
UNIT_JAVELIN_CAVALRY,4,kv,Attack,15
UNIT_JAVELIN_CAVALRY,5,kv,Defense,15
UNIT_JAVELIN_CAVALRY,6,kv,ZBRangeAttack,0
UNIT_JAVELIN_CAVALRY,7,kv,Firepower,1
UNIT_JAVELIN_CAVALRY,8,kv,Armor,1
UNIT_JAVELIN_CAVALRY,9,kv,MaxHP,10
UNIT_JAVELIN_CAVALRY,10,kv,ShieldCost,400
UNIT_JAVELIN_CAVALRY,11,kv,PowerPoints,100
UNIT_JAVELIN_CAVALRY,12,kv,ShieldHunger,2
UNIT_JAVELIN_CAVALRY,13,kv,FoodHunger,0
UNIT_JAVELIN_CAVALRY,14,kv,MaxMovePoints,300
UNIT_JAVELIN_CAVALRY,15,kv,VisionRange,2
UNIT_JAVELIN_CAVALRY,16,kv,EnableAdvance,ADVANCE_HORSE_RIDING
UNIT_JAVELIN_CAVALRY,17,kv,ObsoleteAdvance,ADVANCE_HORSE_ARMOR
UNIT_JAVELIN_CAVALRY,18,kv,ActiveDefenseRange,0
UNIT_JAVELIN_CAVALRY,19,flag,LossMoveToDmgNone,
UNIT_JAVELIN_CAVALRY,20,kv,MaxFuel,0
UNIT_JAVELIN_CAVALRY,21,flag,CanEntrench,
UNIT_JAVELIN_CAVALRY,22,flag,NoZoc,
UNIT_JAVELIN_CAVALRY,23,flag,CanExpel,
UNIT_JAVELIN_CAVALRY,24,flag,CanPillage,
UNIT_JAVELIN_CAVALRY,25,flag,CanPirate,
UNIT_JAVELIN_CAVALRY,26,flag,ExertsMartialLaw,
UNIT_JAVELIN_CAVALRY,27,flag,DeathEffectsHappy,
UNIT_JAVELIN_CAVALRY,28,flag,IsMounted,
UNIT_JAVELIN_CAVALRY,29,flag,IsFlanker,
UNIT_JAVELIN_CAVALRY,30,flag,OnlyBuildOne,
UNIT_JAVELIN_CAVALRY,31,kv,SoundSelect1,SOUND_SELECT1_MOUNTED_ARCHER
UNIT_JAVELIN_CAVALRY,32,kv,SoundSelect2,SOUND_SELECT2_MOUNTED_ARCHER
UNIT_JAVELIN_CAVALRY,33,kv,SoundMove,SOUND_MOVE_MOUNTED_ARCHER
UNIT_JAVELIN_CAVALRY,34,kv,SoundAcknowledge,SOUND_ACKNOWLEDGE_MOUNTED_ARCHER
UNIT_JAVELIN_CAVALRY,35,kv,SoundCantMove,SOUND_CANTMOVE_MOUNTED_ARCHER
UNIT_JAVELIN_CAVALRY,36,kv,SoundAttack,SOUND_ATTACK_MOUNTED_ARCHER
UNIT_JAVELIN_CAVALRY,37,kv,SoundWork,SOUND_WORK_MOUNTED_ARCHER
UNIT_JAVELIN_CAVALRY,38,kv,SoundVictory,SOUND_VICTORY_MOUNTED_ARCHER
UNIT_JAVELIN_CAVALRY,39,kv,SoundDeath,SOUND_DEATH_MOUNTED_ARCHER
UNIT_JAVELIN_CAVALRY,40,sublist,CanAttack,Land
UNIT_JAVELIN_CAVALRY,41,sublist,CanSee,Standard
UNIT_JAVELIN_CAVALRY,42,sublist,MovementType,Land
UNIT_JAVELIN_CAVALRY,43,sublist,Size,Medium
UNIT_JAVELIN_CAVALRY,44,sublist,VisionClass,Standard
UNIT_JAVELIN_CAVALRY,45,nested,CanReform,"[{""t"": ""kv"", ""k"": ""Sound"", ""v"": ""SOUND_ID_REFORM_CITY""}, {""t"": ""kv"", ""k"": ""Effect"", ""v"": ""SPECEFFECT_REFORMCITY""}]"
UNIT_JAVELIN_CAVALRY_ORCS,0,kv,Description,DESCRIPTION_UNIT_MOUNTED_ARCHER
UNIT_JAVELIN_CAVALRY_ORCS,1,kv,DefaultIcon,ICON_UNIT_JAVELIN_CAVALRY_ORCS
UNIT_JAVELIN_CAVALRY_ORCS,2,kv,DefaultSprite,SPRITE_JAVELIN_CAVALRY_ORCS
UNIT_JAVELIN_CAVALRY_ORCS,3,kv,Category,UNIT_CATEGORY_FLANKER
UNIT_JAVELIN_CAVALRY_ORCS,4,kv,Attack,20
UNIT_JAVELIN_CAVALRY_ORCS,5,kv,Defense,15
UNIT_JAVELIN_CAVALRY_ORCS,6,kv,ZBRangeAttack,0
UNIT_JAVELIN_CAVALRY_ORCS,7,kv,Firepower,1
UNIT_JAVELIN_CAVALRY_ORCS,8,kv,Armor,1
UNIT_JAVELIN_CAVALRY_ORCS,9,kv,MaxHP,10
UNIT_JAVELIN_CAVALRY_ORCS,10,kv,ShieldCost,375
UNIT_JAVELIN_CAVALRY_ORCS,11,kv,PowerPoints,100
UNIT_JAVELIN_CAVALRY_ORCS,12,kv,ShieldHunger,2
UNIT_JAVELIN_CAVALRY_ORCS,13,kv,FoodHunger,0
UNIT_JAVELIN_CAVALRY_ORCS,14,kv,MaxMovePoints,300
UNIT_JAVELIN_CAVALRY_ORCS,15,kv,VisionRange,2
UNIT_JAVELIN_CAVALRY_ORCS,16,kv,EnableAdvance,ADVANCE_HORSE_RIDING_ORCS
UNIT_JAVELIN_CAVALRY_ORCS,17,kv,ObsoleteAdvance,ADVANCE_HORSE_ARMOR
UNIT_JAVELIN_CAVALRY_ORCS,18,kv,ActiveDefenseRange,0
UNIT_JAVELIN_CAVALRY_ORCS,19,flag,LossMoveToDmgNone,
UNIT_JAVELIN_CAVALRY_ORCS,20,kv,MaxFuel,0
UNIT_JAVELIN_CAVALRY_ORCS,21,flag,CanEntrench,
UNIT_JAVELIN_CAVALRY_ORCS,22,flag,NoZoc,
UNIT_JAVELIN_CAVALRY_ORCS,23,flag,CanExpel,
UNIT_JAVELIN_CAVALRY_ORCS,24,flag,CanPillage,
UNIT_JAVELIN_CAVALRY_ORCS,25,flag,CanPirate,
UNIT_JAVELIN_CAVALRY_ORCS,26,flag,ExertsMartialLaw,
UNIT_JAVELIN_CAVALRY_ORCS,27,flag,DeathEffectsHappy,
UNIT_JAVELIN_CAVALRY_ORCS,28,flag,IsMounted,
UNIT_JAVELIN_CAVALRY_ORCS,29,flag,IsFlanker,
UNIT_JAVELIN_CAVALRY_ORCS,30,flag,OnlyBuildOne,
UNIT_JAVELIN_CAVALRY_ORCS,31,kv,SoundSelect1,SOUND_SELECT1_MOUNTED_ARCHER
UNIT_JAVELIN_CAVALRY_ORCS,32,kv,SoundSelect2,SOUND_SELECT2_MOUNTED_ARCHER
UNIT_JAVELIN_CAVALRY_ORCS,33,kv,SoundMove,SOUND_MOVE_MOUNTED_ARCHER
UNIT_JAVELIN_CAVALRY_ORCS,34,kv,SoundAcknowledge,SOUND_ACKNOWLEDGE_MOUNTED_ARCHER
UNIT_JAVELIN_CAVALRY_ORCS,35,kv,SoundCantMove,SOUND_CANTMOVE_MOUNTED_ARCHER
UNIT_JAVELIN_CAVALRY_ORCS,36,kv,SoundAttack,SOUND_ATTACK_MOUNTED_ARCHER
UNIT_JAVELIN_CAVALRY_ORCS,37,kv,SoundWork,SOUND_WORK_MOUNTED_ARCHER
UNIT_JAVELIN_CAVALRY_ORCS,38,kv,SoundVictory,SOUND_VICTORY_MOUNTED_ARCHER
UNIT_JAVELIN_CAVALRY_ORCS,39,kv,SoundDeath,SOUND_DEATH_MOUNTED_ARCHER
UNIT_JAVELIN_CAVALRY_ORCS,40,sublist,CanAttack,Land
UNIT_JAVELIN_CAVALRY_ORCS,41,sublist,CanSee,Standard
UNIT_JAVELIN_CAVALRY_ORCS,42,sublist,MovementType,Land
UNIT_JAVELIN_CAVALRY_ORCS,43,sublist,Size,Medium
UNIT_JAVELIN_CAVALRY_ORCS,44,sublist,VisionClass,Standard
UNIT_JAVELIN_CAVALRY_ORCS,45,nested,CanReform,"[{""t"": ""kv"", ""k"": ""Sound"", ""v"": ""SOUND_ID_REFORM_CITY""}, {""t"": ""kv"", ""k"": ""Effect"", ""v"": ""SPECEFFECT_REFORMCITY""}]"
UNIT_JAVELIN_CAVALRY_ROHAN,0,kv,Description,DESCRIPTION_UNIT_MOUNTED_ARCHER
UNIT_JAVELIN_CAVALRY_ROHAN,1,kv,DefaultIcon,ICON_UNIT_JAVELIN_CAVALRY_ROHAN
UNIT_JAVELIN_CAVALRY_ROHAN,2,kv,DefaultSprite,SPRITE_JAVELIN_CAVALRY_ROHAN
UNIT_JAVELIN_CAVALRY_ROHAN,3,kv,Category,UNIT_CATEGORY_FLANKER
UNIT_JAVELIN_CAVALRY_ROHAN,4,kv,Attack,20
UNIT_JAVELIN_CAVALRY_ROHAN,5,kv,Defense,20
UNIT_JAVELIN_CAVALRY_ROHAN,6,kv,ZBRangeAttack,0
UNIT_JAVELIN_CAVALRY_ROHAN,7,kv,Firepower,1
UNIT_JAVELIN_CAVALRY_ROHAN,8,kv,Armor,1
UNIT_JAVELIN_CAVALRY_ROHAN,9,kv,MaxHP,10
UNIT_JAVELIN_CAVALRY_ROHAN,10,kv,ShieldCost,375
UNIT_JAVELIN_CAVALRY_ROHAN,11,kv,PowerPoints,100
UNIT_JAVELIN_CAVALRY_ROHAN,12,kv,ShieldHunger,2
UNIT_JAVELIN_CAVALRY_ROHAN,13,kv,FoodHunger,0
UNIT_JAVELIN_CAVALRY_ROHAN,14,kv,MaxMovePoints,300
UNIT_JAVELIN_CAVALRY_ROHAN,15,kv,VisionRange,2
UNIT_JAVELIN_CAVALRY_ROHAN,16,kv,EnableAdvance,ADVANCE_HORSE_RIDING_ROHAN
UNIT_JAVELIN_CAVALRY_ROHAN,17,kv,ObsoleteAdvance,ADVANCE_HORSE_ARMOR
UNIT_JAVELIN_CAVALRY_ROHAN,18,kv,ActiveDefenseRange,0
UNIT_JAVELIN_CAVALRY_ROHAN,19,flag,LossMoveToDmgNone,
UNIT_JAVELIN_CAVALRY_ROHAN,20,kv,MaxFuel,0
UNIT_JAVELIN_CAVALRY_ROHAN,21,flag,CanEntrench,
UNIT_JAVELIN_CAVALRY_ROHAN,22,flag,NoZoc,
UNIT_JAVELIN_CAVALRY_ROHAN,23,flag,CanExpel,
UNIT_JAVELIN_CAVALRY_ROHAN,24,flag,CanPillage,
UNIT_JAVELIN_CAVALRY_ROHAN,25,flag,CanPirate,
UNIT_JAVELIN_CAVALRY_ROHAN,26,flag,ExertsMartialLaw,
UNIT_JAVELIN_CAVALRY_ROHAN,27,flag,DeathEffectsHappy,
UNIT_JAVELIN_CAVALRY_ROHAN,28,flag,IsMounted,
UNIT_JAVELIN_CAVALRY_ROHAN,29,flag,IsFlanker,
UNIT_JAVELIN_CAVALRY_ROHAN,30,flag,OnlyBuildOne,
UNIT_JAVELIN_CAVALRY_ROHAN,31,kv,SoundSelect1,SOUND_SELECT1_MOUNTED_ARCHER
UNIT_JAVELIN_CAVALRY_ROHAN,32,kv,SoundSelect2,SOUND_SELECT2_MOUNTED_ARCHER
UNIT_JAVELIN_CAVALRY_ROHAN,33,kv,SoundMove,SOUND_MOVE_MOUNTED_ARCHER
UNIT_JAVELIN_CAVALRY_ROHAN,34,kv,SoundAcknowledge,SOUND_ACKNOWLEDGE_MOUNTED_ARCHER
UNIT_JAVELIN_CAVALRY_ROHAN,35,kv,SoundCantMove,SOUND_CANTMOVE_MOUNTED_ARCHER
UNIT_JAVELIN_CAVALRY_ROHAN,36,kv,SoundAttack,SOUND_ATTACK_MOUNTED_ARCHER
UNIT_JAVELIN_CAVALRY_ROHAN,37,kv,SoundWork,SOUND_WORK_MOUNTED_ARCHER
UNIT_JAVELIN_CAVALRY_ROHAN,38,kv,SoundVictory,SOUND_VICTORY_MOUNTED_ARCHER
UNIT_JAVELIN_CAVALRY_ROHAN,39,kv,SoundDeath,SOUND_DEATH_MOUNTED_ARCHER
UNIT_JAVELIN_CAVALRY_ROHAN,40,sublist,CanAttack,Land
UNIT_JAVELIN_CAVALRY_ROHAN,41,sublist,CanSee,Standard
UNIT_JAVELIN_CAVALRY_ROHAN,42,sublist,MovementType,Land
UNIT_JAVELIN_CAVALRY_ROHAN,43,sublist,Size,Medium
UNIT_JAVELIN_CAVALRY_ROHAN,44,sublist,VisionClass,Standard
UNIT_JAVELIN_CAVALRY_ROHAN,45,nested,CanReform,"[{""t"": ""kv"", ""k"": ""Sound"", ""v"": ""SOUND_ID_REFORM_CITY""}, {""t"": ""kv"", ""k"": ""Effect"", ""v"": ""SPECEFFECT_REFORMCITY""}]"
UNIT_CHARIOT,0,kv,Description,DESCRIPTION_UNIT_SWORDSMAN
UNIT_CHARIOT,1,kv,DefaultIcon,ICON_UNIT_CHARIOT
UNIT_CHARIOT,2,kv,DefaultSprite,SPRITE_CHARIOT
UNIT_CHARIOT,3,kv,Category,UNIT_CATEGORY_FLANKER
UNIT_CHARIOT,4,kv,Attack,20
UNIT_CHARIOT,5,kv,Defense,20
UNIT_CHARIOT,6,kv,ZBRangeAttack,0
UNIT_CHARIOT,7,kv,Firepower,1
UNIT_CHARIOT,8,kv,Armor,1
UNIT_CHARIOT,9,kv,MaxHP,10
UNIT_CHARIOT,10,kv,ShieldCost,450
UNIT_CHARIOT,11,kv,PowerPoints,200
UNIT_CHARIOT,12,kv,ShieldHunger,3
UNIT_CHARIOT,13,kv,FoodHunger,0
UNIT_CHARIOT,14,kv,MaxMovePoints,200
UNIT_CHARIOT,15,kv,VisionRange,1
UNIT_CHARIOT,16,kv,EnableAdvance,ADVANCE_CHARIOTS_HARADRIM
UNIT_CHARIOT,17,kv,ObsoleteAdvance,ADVANCE_STIRRUP
UNIT_CHARIOT,18,kv,ActiveDefenseRange,0
UNIT_CHARIOT,19,flag,LossMoveToDmgNone,
UNIT_CHARIOT,20,kv,MaxFuel,0
UNIT_CHARIOT,21,flag,CanEntrench,
UNIT_CHARIOT,22,flag,NoZoc,
UNIT_CHARIOT,23,flag,CanExpel,
UNIT_CHARIOT,24,flag,CanPillage,
UNIT_CHARIOT,25,flag,CanPirate,
UNIT_CHARIOT,26,flag,ExertsMartialLaw,
UNIT_CHARIOT,27,flag,DeathEffectsHappy,
UNIT_CHARIOT,28,flag,IsFlanker,
UNIT_CHARIOT,29,flag,IsSpecialForces,
UNIT_CHARIOT,30,flag,OnlyBuildOne,
UNIT_CHARIOT,31,kv,SoundSelect1,SOUND_SELECT1_SAMURAI
UNIT_CHARIOT,32,kv,SoundSelect2,SOUND_SELECT2_SAMURAI
UNIT_CHARIOT,33,kv,SoundMove,SOUND_MOVE_SAMURAI
UNIT_CHARIOT,34,kv,SoundAcknowledge,SOUND_ACKNOWLEDGE_SAMURAI
UNIT_CHARIOT,35,kv,SoundCantMove,SOUND_CANTMOVE_SAMURAI
UNIT_CHARIOT,36,kv,SoundAttack,SOUND_ATTACK_SAMURAI
UNIT_CHARIOT,37,kv,SoundWork,SOUND_WORK_SAMURAI
UNIT_CHARIOT,38,kv,SoundVictory,SOUND_VICTORY_SAMURAI
UNIT_CHARIOT,39,kv,SoundDeath,SOUND_DEATH_SAMURAI
UNIT_CHARIOT,40,sublist,CanAttack,Land
UNIT_CHARIOT,41,sublist,CanSee,Standard
UNIT_CHARIOT,42,sublist,MovementType,Land
UNIT_CHARIOT,43,sublist,Size,Medium
UNIT_CHARIOT,44,sublist,VisionClass,Standard
UNIT_CHARIOT,45,nested,CanReform,"[{""t"": ""kv"", ""k"": ""Sound"", ""v"": ""SOUND_ID_REFORM_CITY""}, {""t"": ""kv"", ""k"": ""Effect"", ""v"": ""SPECEFFECT_REFORMCITY""}]"
UNIT_CHARIOT_EASTERLING,0,kv,Description,DESCRIPTION_UNIT_SWORDSMAN
UNIT_CHARIOT_EASTERLING,1,kv,DefaultIcon,ICON_UNIT_CHARIOT_EASTERLING
UNIT_CHARIOT_EASTERLING,2,kv,DefaultSprite,SPRITE_CHARIOT_EASTERLING
UNIT_CHARIOT_EASTERLING,3,kv,Category,UNIT_CATEGORY_FLANKER
UNIT_CHARIOT_EASTERLING,4,kv,Attack,25
UNIT_CHARIOT_EASTERLING,5,kv,Defense,20
UNIT_CHARIOT_EASTERLING,6,kv,ZBRangeAttack,0
UNIT_CHARIOT_EASTERLING,7,kv,Firepower,1
UNIT_CHARIOT_EASTERLING,8,kv,Armor,1
UNIT_CHARIOT_EASTERLING,9,kv,MaxHP,10
UNIT_CHARIOT_EASTERLING,10,kv,ShieldCost,450
UNIT_CHARIOT_EASTERLING,11,kv,PowerPoints,200
UNIT_CHARIOT_EASTERLING,12,kv,ShieldHunger,3
UNIT_CHARIOT_EASTERLING,13,kv,FoodHunger,0
UNIT_CHARIOT_EASTERLING,14,kv,MaxMovePoints,200
UNIT_CHARIOT_EASTERLING,15,kv,VisionRange,1
UNIT_CHARIOT_EASTERLING,16,kv,EnableAdvance,ADVANCE_CHARIOTS_EASTERLING
UNIT_CHARIOT_EASTERLING,17,kv,ObsoleteAdvance,ADVANCE_STIRRUP
UNIT_CHARIOT_EASTERLING,18,kv,ActiveDefenseRange,0
UNIT_CHARIOT_EASTERLING,19,flag,LossMoveToDmgNone,
UNIT_CHARIOT_EASTERLING,20,kv,MaxFuel,0
UNIT_CHARIOT_EASTERLING,21,flag,CanEntrench,
UNIT_CHARIOT_EASTERLING,22,flag,NoZoc,
UNIT_CHARIOT_EASTERLING,23,flag,CanExpel,
UNIT_CHARIOT_EASTERLING,24,flag,CanPillage,
UNIT_CHARIOT_EASTERLING,25,flag,CanPirate,
UNIT_CHARIOT_EASTERLING,26,flag,ExertsMartialLaw,
UNIT_CHARIOT_EASTERLING,27,flag,DeathEffectsHappy,
UNIT_CHARIOT_EASTERLING,28,flag,IsFlanker,
UNIT_CHARIOT_EASTERLING,29,flag,IsSpecialForces,
UNIT_CHARIOT_EASTERLING,30,flag,OnlyBuildOne,
UNIT_CHARIOT_EASTERLING,31,kv,SoundSelect1,SOUND_SELECT1_SAMURAI
UNIT_CHARIOT_EASTERLING,32,kv,SoundSelect2,SOUND_SELECT2_SAMURAI
UNIT_CHARIOT_EASTERLING,33,kv,SoundMove,SOUND_MOVE_SAMURAI
UNIT_CHARIOT_EASTERLING,34,kv,SoundAcknowledge,SOUND_ACKNOWLEDGE_SAMURAI
UNIT_CHARIOT_EASTERLING,35,kv,SoundCantMove,SOUND_CANTMOVE_SAMURAI
UNIT_CHARIOT_EASTERLING,36,kv,SoundAttack,SOUND_ATTACK_SAMURAI
UNIT_CHARIOT_EASTERLING,37,kv,SoundWork,SOUND_WORK_SAMURAI
UNIT_CHARIOT_EASTERLING,38,kv,SoundVictory,SOUND_VICTORY_SAMURAI
UNIT_CHARIOT_EASTERLING,39,kv,SoundDeath,SOUND_DEATH_SAMURAI
UNIT_CHARIOT_EASTERLING,40,sublist,CanAttack,Land
UNIT_CHARIOT_EASTERLING,41,sublist,CanSee,Standard
UNIT_CHARIOT_EASTERLING,42,sublist,MovementType,Land
UNIT_CHARIOT_EASTERLING,43,sublist,Size,Medium
UNIT_CHARIOT_EASTERLING,44,sublist,VisionClass,Standard
UNIT_CHARIOT_EASTERLING,45,nested,CanReform,"[{""t"": ""kv"", ""k"": ""Sound"", ""v"": ""SOUND_ID_REFORM_CITY""}, {""t"": ""kv"", ""k"": ""Effect"", ""v"": ""SPECEFFECT_REFORMCITY""}]"
UNIT_MOUNTED_ARCHER,0,kv,Description,DESCRIPTION_UNIT_MOUNTED_ARCHER
UNIT_MOUNTED_ARCHER,1,kv,DefaultIcon,ICON_UNIT_MOUNTED_ARCHER
UNIT_MOUNTED_ARCHER,2,kv,DefaultSprite,SPRITE_MOUNTED_ARCHER
UNIT_MOUNTED_ARCHER,3,kv,Category,UNIT_CATEGORY_RANGED
UNIT_MOUNTED_ARCHER,4,kv,Attack,15
UNIT_MOUNTED_ARCHER,5,kv,Defense,15
UNIT_MOUNTED_ARCHER,6,kv,ZBRangeAttack,15
UNIT_MOUNTED_ARCHER,7,kv,Firepower,1
UNIT_MOUNTED_ARCHER,8,kv,Armor,1
UNIT_MOUNTED_ARCHER,9,kv,MaxHP,10
UNIT_MOUNTED_ARCHER,10,kv,ShieldCost,775
UNIT_MOUNTED_ARCHER,11,kv,PowerPoints,200
UNIT_MOUNTED_ARCHER,12,kv,ShieldHunger,5
UNIT_MOUNTED_ARCHER,13,kv,FoodHunger,0
UNIT_MOUNTED_ARCHER,14,kv,MaxMovePoints,400
UNIT_MOUNTED_ARCHER,15,kv,VisionRange,1
UNIT_MOUNTED_ARCHER,16,kv,EnableAdvance,ADVANCE_MOBILE_TACTICS_MEN
UNIT_MOUNTED_ARCHER,17,kv,ObsoleteAdvance,ADVANCE_STIRRUP
UNIT_MOUNTED_ARCHER,18,kv,BombRounds,3
UNIT_MOUNTED_ARCHER,19,kv,BombardRange,1
UNIT_MOUNTED_ARCHER,20,flag,CanCounterBombard,
UNIT_MOUNTED_ARCHER,21,kv,ActiveDefenseRange,0
UNIT_MOUNTED_ARCHER,22,flag,LossMoveToDmgNone,
UNIT_MOUNTED_ARCHER,23,kv,MaxFuel,0
UNIT_MOUNTED_ARCHER,24,flag,CanEntrench,
UNIT_MOUNTED_ARCHER,25,flag,NoZoc,
UNIT_MOUNTED_ARCHER,26,flag,CanExpel,
UNIT_MOUNTED_ARCHER,27,flag,CanPillage,
UNIT_MOUNTED_ARCHER,28,flag,CanPirate,
UNIT_MOUNTED_ARCHER,29,flag,ExertsMartialLaw,
UNIT_MOUNTED_ARCHER,30,flag,DeathEffectsHappy,
UNIT_MOUNTED_ARCHER,31,flag,IsMounted,
UNIT_MOUNTED_ARCHER,32,flag,OnlyBuildOne,
UNIT_MOUNTED_ARCHER,33,kv,SoundSelect1,SOUND_SELECT1_MOUNTED_ARCHER
UNIT_MOUNTED_ARCHER,34,kv,SoundSelect2,SOUND_SELECT2_MOUNTED_ARCHER
UNIT_MOUNTED_ARCHER,35,kv,SoundMove,SOUND_MOVE_MOUNTED_ARCHER
UNIT_MOUNTED_ARCHER,36,kv,SoundAcknowledge,SOUND_ACKNOWLEDGE_MOUNTED_ARCHER
UNIT_MOUNTED_ARCHER,37,kv,SoundCantMove,SOUND_CANTMOVE_MOUNTED_ARCHER
UNIT_MOUNTED_ARCHER,38,kv,SoundAttack,SOUND_ATTACK_MOUNTED_ARCHER
UNIT_MOUNTED_ARCHER,39,kv,SoundWork,SOUND_WORK_MOUNTED_ARCHER
UNIT_MOUNTED_ARCHER,40,kv,SoundVictory,SOUND_VICTORY_MOUNTED_ARCHER
UNIT_MOUNTED_ARCHER,41,kv,SoundDeath,SOUND_DEATH_MOUNTED_ARCHER
UNIT_MOUNTED_ARCHER,42,sublist,CanAttack,Land
UNIT_MOUNTED_ARCHER,43,sublist,CanBombard,Land
UNIT_MOUNTED_ARCHER,44,sublist,CanSee,Standard
UNIT_MOUNTED_ARCHER,45,sublist,MovementType,Land
UNIT_MOUNTED_ARCHER,46,sublist,Size,Medium
UNIT_MOUNTED_ARCHER,47,sublist,VisionClass,Stealth
UNIT_MOUNTED_ARCHER,48,nested,CanReform,"[{""t"": ""kv"", ""k"": ""Sound"", ""v"": ""SOUND_ID_REFORM_CITY""}, {""t"": ""kv"", ""k"": ""Effect"", ""v"": ""SPECEFFECT_REFORMCITY""}]"
UNIT_MOUNTED_ARCHER_ROHAN,0,kv,Description,DESCRIPTION_UNIT_MOUNTED_ARCHER
UNIT_MOUNTED_ARCHER_ROHAN,1,kv,DefaultIcon,ICON_UNIT_MOUNTED_ARCHER_ROHAN
UNIT_MOUNTED_ARCHER_ROHAN,2,kv,DefaultSprite,SPRITE_MOUNTED_ARCHER_ROHAN
UNIT_MOUNTED_ARCHER_ROHAN,3,kv,Category,UNIT_CATEGORY_RANGED
UNIT_MOUNTED_ARCHER_ROHAN,4,kv,Attack,20
UNIT_MOUNTED_ARCHER_ROHAN,5,kv,Defense,15
UNIT_MOUNTED_ARCHER_ROHAN,6,kv,ZBRangeAttack,20
UNIT_MOUNTED_ARCHER_ROHAN,7,kv,Firepower,1
UNIT_MOUNTED_ARCHER_ROHAN,8,kv,Armor,1
UNIT_MOUNTED_ARCHER_ROHAN,9,kv,MaxHP,10
UNIT_MOUNTED_ARCHER_ROHAN,10,kv,ShieldCost,650
UNIT_MOUNTED_ARCHER_ROHAN,11,kv,PowerPoints,200
UNIT_MOUNTED_ARCHER_ROHAN,12,kv,ShieldHunger,5
UNIT_MOUNTED_ARCHER_ROHAN,13,kv,FoodHunger,0
UNIT_MOUNTED_ARCHER_ROHAN,14,kv,MaxMovePoints,400
UNIT_MOUNTED_ARCHER_ROHAN,15,kv,VisionRange,1
UNIT_MOUNTED_ARCHER_ROHAN,16,kv,EnableAdvance,ADVANCE_MOBILE_TACTICS_ROHAN
UNIT_MOUNTED_ARCHER_ROHAN,17,kv,ObsoleteAdvance,ADVANCE_STIRRUP
UNIT_MOUNTED_ARCHER_ROHAN,18,kv,BombRounds,3
UNIT_MOUNTED_ARCHER_ROHAN,19,kv,BombardRange,1
UNIT_MOUNTED_ARCHER_ROHAN,20,flag,CanCounterBombard,
UNIT_MOUNTED_ARCHER_ROHAN,21,kv,ActiveDefenseRange,0
UNIT_MOUNTED_ARCHER_ROHAN,22,flag,LossMoveToDmgNone,
UNIT_MOUNTED_ARCHER_ROHAN,23,kv,MaxFuel,0
UNIT_MOUNTED_ARCHER_ROHAN,24,flag,CanEntrench,
UNIT_MOUNTED_ARCHER_ROHAN,25,flag,NoZoc,
UNIT_MOUNTED_ARCHER_ROHAN,26,flag,CanExpel,
UNIT_MOUNTED_ARCHER_ROHAN,27,flag,CanPillage,
UNIT_MOUNTED_ARCHER_ROHAN,28,flag,CanPirate,
UNIT_MOUNTED_ARCHER_ROHAN,29,flag,ExertsMartialLaw,
UNIT_MOUNTED_ARCHER_ROHAN,30,flag,DeathEffectsHappy,
UNIT_MOUNTED_ARCHER_ROHAN,31,flag,IsMounted,
UNIT_MOUNTED_ARCHER_ROHAN,32,flag,OnlyBuildOne,
UNIT_MOUNTED_ARCHER_ROHAN,33,kv,SoundSelect1,SOUND_SELECT1_MOUNTED_ARCHER
UNIT_MOUNTED_ARCHER_ROHAN,34,kv,SoundSelect2,SOUND_SELECT2_MOUNTED_ARCHER
UNIT_MOUNTED_ARCHER_ROHAN,35,kv,SoundMove,SOUND_MOVE_MOUNTED_ARCHER
UNIT_MOUNTED_ARCHER_ROHAN,36,kv,SoundAcknowledge,SOUND_ACKNOWLEDGE_MOUNTED_ARCHER
UNIT_MOUNTED_ARCHER_ROHAN,37,kv,SoundCantMove,SOUND_CANTMOVE_MOUNTED_ARCHER
UNIT_MOUNTED_ARCHER_ROHAN,38,kv,SoundAttack,SOUND_ATTACK_MOUNTED_ARCHER
UNIT_MOUNTED_ARCHER_ROHAN,39,kv,SoundWork,SOUND_WORK_MOUNTED_ARCHER
UNIT_MOUNTED_ARCHER_ROHAN,40,kv,SoundVictory,SOUND_VICTORY_MOUNTED_ARCHER
UNIT_MOUNTED_ARCHER_ROHAN,41,kv,SoundDeath,SOUND_DEATH_MOUNTED_ARCHER
UNIT_MOUNTED_ARCHER_ROHAN,42,sublist,CanAttack,Land
UNIT_MOUNTED_ARCHER_ROHAN,43,sublist,CanBombard,Land
UNIT_MOUNTED_ARCHER_ROHAN,44,sublist,CanSee,Standard
UNIT_MOUNTED_ARCHER_ROHAN,45,sublist,MovementType,Land
UNIT_MOUNTED_ARCHER_ROHAN,46,sublist,Size,Medium
UNIT_MOUNTED_ARCHER_ROHAN,47,sublist,VisionClass,Stealth
UNIT_MOUNTED_ARCHER_ROHAN,48,nested,CanReform,"[{""t"": ""kv"", ""k"": ""Sound"", ""v"": ""SOUND_ID_REFORM_CITY""}, {""t"": ""kv"", ""k"": ""Effect"", ""v"": ""SPECEFFECT_REFORMCITY""}]"
UNIT_MOUNTED_ARCHER_ELVES,0,kv,Description,DESCRIPTION_UNIT_MOUNTED_ARCHER
UNIT_MOUNTED_ARCHER_ELVES,1,kv,DefaultIcon,ICON_UNIT_MOUNTED_ARCHER_ELVES
UNIT_MOUNTED_ARCHER_ELVES,2,kv,DefaultSprite,SPRITE_MOUNTED_ARCHER_ELVES
UNIT_MOUNTED_ARCHER_ELVES,3,kv,Category,UNIT_CATEGORY_RANGED
UNIT_MOUNTED_ARCHER_ELVES,4,kv,Attack,15
UNIT_MOUNTED_ARCHER_ELVES,5,kv,Defense,15
UNIT_MOUNTED_ARCHER_ELVES,6,kv,ZBRangeAttack,20
UNIT_MOUNTED_ARCHER_ELVES,7,kv,Firepower,1
UNIT_MOUNTED_ARCHER_ELVES,8,kv,Armor,1
UNIT_MOUNTED_ARCHER_ELVES,9,kv,MaxHP,10
UNIT_MOUNTED_ARCHER_ELVES,10,kv,ShieldCost,650
UNIT_MOUNTED_ARCHER_ELVES,11,kv,PowerPoints,200
UNIT_MOUNTED_ARCHER_ELVES,12,kv,ShieldHunger,5
UNIT_MOUNTED_ARCHER_ELVES,13,kv,FoodHunger,0
UNIT_MOUNTED_ARCHER_ELVES,14,kv,MaxMovePoints,400
UNIT_MOUNTED_ARCHER_ELVES,15,kv,VisionRange,1
UNIT_MOUNTED_ARCHER_ELVES,16,kv,EnableAdvance,ADVANCE_MOBILE_TACTICS_ELVES
UNIT_MOUNTED_ARCHER_ELVES,17,kv,ObsoleteAdvance,ADVANCE_STIRRUP
UNIT_MOUNTED_ARCHER_ELVES,18,kv,BombRounds,3
UNIT_MOUNTED_ARCHER_ELVES,19,kv,BombardRange,1
UNIT_MOUNTED_ARCHER_ELVES,20,flag,CanCounterBombard,
UNIT_MOUNTED_ARCHER_ELVES,21,kv,ActiveDefenseRange,0
UNIT_MOUNTED_ARCHER_ELVES,22,flag,LossMoveToDmgNone,
UNIT_MOUNTED_ARCHER_ELVES,23,kv,MaxFuel,0
UNIT_MOUNTED_ARCHER_ELVES,24,flag,CanEntrench,
UNIT_MOUNTED_ARCHER_ELVES,25,flag,NoZoc,
UNIT_MOUNTED_ARCHER_ELVES,26,flag,CanExpel,
UNIT_MOUNTED_ARCHER_ELVES,27,flag,CanPillage,
UNIT_MOUNTED_ARCHER_ELVES,28,flag,CanPirate,
UNIT_MOUNTED_ARCHER_ELVES,29,flag,ExertsMartialLaw,
UNIT_MOUNTED_ARCHER_ELVES,30,flag,DeathEffectsHappy,
UNIT_MOUNTED_ARCHER_ELVES,31,flag,IsMounted,
UNIT_MOUNTED_ARCHER_ELVES,32,flag,OnlyBuildOne,
UNIT_MOUNTED_ARCHER_ELVES,33,kv,SoundSelect1,SOUND_SELECT1_MOUNTED_ARCHER
UNIT_MOUNTED_ARCHER_ELVES,34,kv,SoundSelect2,SOUND_SELECT2_MOUNTED_ARCHER
UNIT_MOUNTED_ARCHER_ELVES,35,kv,SoundMove,SOUND_MOVE_MOUNTED_ARCHER
UNIT_MOUNTED_ARCHER_ELVES,36,kv,SoundAcknowledge,SOUND_ACKNOWLEDGE_MOUNTED_ARCHER
UNIT_MOUNTED_ARCHER_ELVES,37,kv,SoundCantMove,SOUND_CANTMOVE_MOUNTED_ARCHER
UNIT_MOUNTED_ARCHER_ELVES,38,kv,SoundAttack,SOUND_ATTACK_MOUNTED_ARCHER
UNIT_MOUNTED_ARCHER_ELVES,39,kv,SoundWork,SOUND_WORK_MOUNTED_ARCHER
UNIT_MOUNTED_ARCHER_ELVES,40,kv,SoundVictory,SOUND_VICTORY_MOUNTED_ARCHER
UNIT_MOUNTED_ARCHER_ELVES,41,kv,SoundDeath,SOUND_DEATH_MOUNTED_ARCHER
UNIT_MOUNTED_ARCHER_ELVES,42,sublist,CanAttack,Land
UNIT_MOUNTED_ARCHER_ELVES,43,sublist,CanBombard,Land
UNIT_MOUNTED_ARCHER_ELVES,44,sublist,CanSee,Standard
UNIT_MOUNTED_ARCHER_ELVES,45,sublist,MovementType,Land
UNIT_MOUNTED_ARCHER_ELVES,46,sublist,Size,Medium
UNIT_MOUNTED_ARCHER_ELVES,47,sublist,VisionClass,Stealth
UNIT_MOUNTED_ARCHER_ELVES,48,nested,CanReform,"[{""t"": ""kv"", ""k"": ""Sound"", ""v"": ""SOUND_ID_REFORM_CITY""}, {""t"": ""kv"", ""k"": ""Effect"", ""v"": ""SPECEFFECT_REFORMCITY""}]"
UNIT_HORSEMAN,0,kv,Description,DESCRIPTION_UNIT_KNIGHT
UNIT_HORSEMAN,1,kv,DefaultIcon,ICON_UNIT_HORSEMAN
UNIT_HORSEMAN,2,kv,DefaultSprite,SPRITE_HORSEMAN
UNIT_HORSEMAN,3,kv,Category,UNIT_CATEGORY_FLANKER
UNIT_HORSEMAN,4,kv,Attack,25
UNIT_HORSEMAN,5,kv,Defense,25
UNIT_HORSEMAN,6,kv,ZBRangeAttack,0
UNIT_HORSEMAN,7,kv,Firepower,1
UNIT_HORSEMAN,8,kv,Armor,1
UNIT_HORSEMAN,9,kv,MaxHP,12
UNIT_HORSEMAN,10,kv,ShieldCost,975
UNIT_HORSEMAN,11,kv,PowerPoints,200
UNIT_HORSEMAN,12,kv,ShieldHunger,6
UNIT_HORSEMAN,13,kv,FoodHunger,0
UNIT_HORSEMAN,14,kv,MaxMovePoints,300
UNIT_HORSEMAN,15,kv,VisionRange,2
UNIT_HORSEMAN,16,kv,EnableAdvance,ADVANCE_HORSE_ARMOR_MEN
UNIT_HORSEMAN,17,kv,ObsoleteAdvance,ADVANCE_STIRRUP
UNIT_HORSEMAN,18,kv,ActiveDefenseRange,0
UNIT_HORSEMAN,19,flag,LossMoveToDmgNone,
UNIT_HORSEMAN,20,kv,MaxFuel,0
UNIT_HORSEMAN,21,flag,CanEntrench,
UNIT_HORSEMAN,22,flag,NoZoc,
UNIT_HORSEMAN,23,flag,CanExpel,
UNIT_HORSEMAN,24,flag,CanPillage,
UNIT_HORSEMAN,25,flag,CanPirate,
UNIT_HORSEMAN,26,flag,ExertsMartialLaw,
UNIT_HORSEMAN,27,flag,DeathEffectsHappy,
UNIT_HORSEMAN,28,flag,IsFlanker,
UNIT_HORSEMAN,29,flag,OnlyBuildOne,
UNIT_HORSEMAN,30,kv,SoundSelect1,SOUND_SELECT1_KNIGHT
UNIT_HORSEMAN,31,kv,SoundSelect2,SOUND_SELECT2_KNIGHT
UNIT_HORSEMAN,32,kv,SoundMove,SOUND_MOVE_KNIGHT
UNIT_HORSEMAN,33,kv,SoundAcknowledge,SOUND_ACKNOWLEDGE_KNIGHT
UNIT_HORSEMAN,34,kv,SoundCantMove,SOUND_CANTMOVE_KNIGHT
UNIT_HORSEMAN,35,kv,SoundAttack,SOUND_ATTACK_KNIGHT
UNIT_HORSEMAN,36,kv,SoundWork,SOUND_WORK_KNIGHT
UNIT_HORSEMAN,37,kv,SoundVictory,SOUND_VICTORY_KNIGHT
UNIT_HORSEMAN,38,kv,SoundDeath,SOUND_DEATH_KNIGHT
UNIT_HORSEMAN,39,sublist,CanAttack,Land
UNIT_HORSEMAN,40,sublist,CanSee,Standard
UNIT_HORSEMAN,41,sublist,MovementType,Land
UNIT_HORSEMAN,42,sublist,Size,Medium
UNIT_HORSEMAN,43,sublist,VisionClass,Standard
UNIT_HORSEMAN,44,nested,CanReform,"[{""t"": ""kv"", ""k"": ""Sound"", ""v"": ""SOUND_ID_REFORM_CITY""}, {""t"": ""kv"", ""k"": ""Effect"", ""v"": ""SPECEFFECT_REFORMCITY""}]"
UNIT_HORSEMAN_ELVES,0,kv,Description,DESCRIPTION_UNIT_KNIGHT
UNIT_HORSEMAN_ELVES,1,kv,DefaultIcon,ICON_UNIT_HORSEMAN_ELVES
UNIT_HORSEMAN_ELVES,2,kv,DefaultSprite,SPRITE_HORSEMAN_ELVES
UNIT_HORSEMAN_ELVES,3,kv,Category,UNIT_CATEGORY_FLANKER
UNIT_HORSEMAN_ELVES,4,kv,Attack,25
UNIT_HORSEMAN_ELVES,5,kv,Defense,30
UNIT_HORSEMAN_ELVES,6,kv,ZBRangeAttack,20
UNIT_HORSEMAN_ELVES,7,kv,Firepower,1
UNIT_HORSEMAN_ELVES,8,kv,Armor,1
UNIT_HORSEMAN_ELVES,9,kv,MaxHP,12
UNIT_HORSEMAN_ELVES,10,kv,ShieldCost,900
UNIT_HORSEMAN_ELVES,11,kv,PowerPoints,200
UNIT_HORSEMAN_ELVES,12,kv,ShieldHunger,6
UNIT_HORSEMAN_ELVES,13,kv,FoodHunger,0
UNIT_HORSEMAN_ELVES,14,kv,MaxMovePoints,300
UNIT_HORSEMAN_ELVES,15,kv,VisionRange,2
UNIT_HORSEMAN_ELVES,16,kv,EnableAdvance,ADVANCE_HORSE_ARMOR_ELVES
UNIT_HORSEMAN_ELVES,17,kv,ObsoleteAdvance,ADVANCE_STIRRUP
UNIT_HORSEMAN_ELVES,18,kv,BombRounds,3
UNIT_HORSEMAN_ELVES,19,kv,BombardRange,1
UNIT_HORSEMAN_ELVES,20,flag,CanCounterBombard,
UNIT_HORSEMAN_ELVES,21,kv,ActiveDefenseRange,0
UNIT_HORSEMAN_ELVES,22,flag,LossMoveToDmgNone,
UNIT_HORSEMAN_ELVES,23,kv,MaxFuel,0
UNIT_HORSEMAN_ELVES,24,flag,CanEntrench,
UNIT_HORSEMAN_ELVES,25,flag,NoZoc,
UNIT_HORSEMAN_ELVES,26,flag,CanExpel,
UNIT_HORSEMAN_ELVES,27,flag,CanPillage,
UNIT_HORSEMAN_ELVES,28,flag,CanPirate,
UNIT_HORSEMAN_ELVES,29,flag,ExertsMartialLaw,
UNIT_HORSEMAN_ELVES,30,flag,DeathEffectsHappy,
UNIT_HORSEMAN_ELVES,31,flag,IsFlanker,
UNIT_HORSEMAN_ELVES,32,flag,OnlyBuildOne,
UNIT_HORSEMAN_ELVES,33,kv,SoundSelect1,SOUND_SELECT1_KNIGHT
UNIT_HORSEMAN_ELVES,34,kv,SoundSelect2,SOUND_SELECT2_KNIGHT
UNIT_HORSEMAN_ELVES,35,kv,SoundMove,SOUND_MOVE_KNIGHT
UNIT_HORSEMAN_ELVES,36,kv,SoundAcknowledge,SOUND_ACKNOWLEDGE_KNIGHT
UNIT_HORSEMAN_ELVES,37,kv,SoundCantMove,SOUND_CANTMOVE_KNIGHT
UNIT_HORSEMAN_ELVES,38,kv,SoundAttack,SOUND_ATTACK_KNIGHT
UNIT_HORSEMAN_ELVES,39,kv,SoundWork,SOUND_WORK_KNIGHT
UNIT_HORSEMAN_ELVES,40,kv,SoundVictory,SOUND_VICTORY_KNIGHT
UNIT_HORSEMAN_ELVES,41,kv,SoundDeath,SOUND_DEATH_KNIGHT
UNIT_HORSEMAN_ELVES,42,sublist,CanAttack,Land
UNIT_HORSEMAN_ELVES,43,sublist,CanBombard,Land
UNIT_HORSEMAN_ELVES,44,sublist,CanSee,Standard
UNIT_HORSEMAN_ELVES,45,sublist,MovementType,Land
UNIT_HORSEMAN_ELVES,46,sublist,Size,Medium
UNIT_HORSEMAN_ELVES,47,sublist,VisionClass,Standard
UNIT_HORSEMAN_ELVES,48,nested,CanReform,"[{""t"": ""kv"", ""k"": ""Sound"", ""v"": ""SOUND_ID_REFORM_CITY""}, {""t"": ""kv"", ""k"": ""Effect"", ""v"": ""SPECEFFECT_REFORMCITY""}]"
UNIT_HORSEMAN_ROHAN,0,kv,Description,DESCRIPTION_UNIT_KNIGHT
UNIT_HORSEMAN_ROHAN,1,kv,DefaultIcon,ICON_UNIT_HORSEMAN_ROHAN
UNIT_HORSEMAN_ROHAN,2,kv,DefaultSprite,SPRITE_HORSEMAN_ROHAN
UNIT_HORSEMAN_ROHAN,3,kv,Category,UNIT_CATEGORY_FLANKER
UNIT_HORSEMAN_ROHAN,4,kv,Attack,30
UNIT_HORSEMAN_ROHAN,5,kv,Defense,30
UNIT_HORSEMAN_ROHAN,6,kv,ZBRangeAttack,0
UNIT_HORSEMAN_ROHAN,7,kv,Firepower,1
UNIT_HORSEMAN_ROHAN,8,kv,Armor,1
UNIT_HORSEMAN_ROHAN,9,kv,MaxHP,12
UNIT_HORSEMAN_ROHAN,10,kv,ShieldCost,900
UNIT_HORSEMAN_ROHAN,11,kv,PowerPoints,200
UNIT_HORSEMAN_ROHAN,12,kv,ShieldHunger,6
UNIT_HORSEMAN_ROHAN,13,kv,FoodHunger,0
UNIT_HORSEMAN_ROHAN,14,kv,MaxMovePoints,300
UNIT_HORSEMAN_ROHAN,15,kv,VisionRange,2
UNIT_HORSEMAN_ROHAN,16,kv,EnableAdvance,ADVANCE_HORSE_ARMOR_ROHAN
UNIT_HORSEMAN_ROHAN,17,kv,ObsoleteAdvance,ADVANCE_STIRRUP
UNIT_HORSEMAN_ROHAN,18,kv,ActiveDefenseRange,0
UNIT_HORSEMAN_ROHAN,19,flag,LossMoveToDmgNone,
UNIT_HORSEMAN_ROHAN,20,kv,MaxFuel,0
UNIT_HORSEMAN_ROHAN,21,flag,CanEntrench,
UNIT_HORSEMAN_ROHAN,22,flag,NoZoc,
UNIT_HORSEMAN_ROHAN,23,flag,CanExpel,
UNIT_HORSEMAN_ROHAN,24,flag,CanPillage,
UNIT_HORSEMAN_ROHAN,25,flag,CanPirate,
UNIT_HORSEMAN_ROHAN,26,flag,ExertsMartialLaw,
UNIT_HORSEMAN_ROHAN,27,flag,DeathEffectsHappy,
UNIT_HORSEMAN_ROHAN,28,flag,IsFlanker,
UNIT_HORSEMAN_ROHAN,29,flag,OnlyBuildOne,
UNIT_HORSEMAN_ROHAN,30,kv,SoundSelect1,SOUND_SELECT1_KNIGHT
UNIT_HORSEMAN_ROHAN,31,kv,SoundSelect2,SOUND_SELECT2_KNIGHT
UNIT_HORSEMAN_ROHAN,32,kv,SoundMove,SOUND_MOVE_KNIGHT
UNIT_HORSEMAN_ROHAN,33,kv,SoundAcknowledge,SOUND_ACKNOWLEDGE_KNIGHT
UNIT_HORSEMAN_ROHAN,34,kv,SoundCantMove,SOUND_CANTMOVE_KNIGHT
UNIT_HORSEMAN_ROHAN,35,kv,SoundAttack,SOUND_ATTACK_KNIGHT
UNIT_HORSEMAN_ROHAN,36,kv,SoundWork,SOUND_WORK_KNIGHT
UNIT_HORSEMAN_ROHAN,37,kv,SoundVictory,SOUND_VICTORY_KNIGHT
UNIT_HORSEMAN_ROHAN,38,kv,SoundDeath,SOUND_DEATH_KNIGHT
UNIT_HORSEMAN_ROHAN,39,sublist,CanAttack,Land
UNIT_HORSEMAN_ROHAN,40,sublist,CanSee,Standard
UNIT_HORSEMAN_ROHAN,41,sublist,MovementType,Land
UNIT_HORSEMAN_ROHAN,42,sublist,Size,Medium
UNIT_HORSEMAN_ROHAN,43,sublist,VisionClass,Standard
UNIT_HORSEMAN_ROHAN,44,nested,CanReform,"[{""t"": ""kv"", ""k"": ""Sound"", ""v"": ""SOUND_ID_REFORM_CITY""}, {""t"": ""kv"", ""k"": ""Effect"", ""v"": ""SPECEFFECT_REFORMCITY""}]"
UNIT_RAIDER,0,kv,Description,DESCRIPTION_UNIT_MOUNTED_ARCHER
UNIT_RAIDER,1,kv,DefaultIcon,ICON_UNIT_RAIDER
UNIT_RAIDER,2,kv,DefaultSprite,SPRITE_RAIDER
UNIT_RAIDER,3,kv,Category,UNIT_CATEGORY_FLANKER
UNIT_RAIDER,4,kv,Attack,30
UNIT_RAIDER,5,kv,Defense,25
UNIT_RAIDER,6,kv,ZBRangeAttack,20
UNIT_RAIDER,7,kv,Firepower,1
UNIT_RAIDER,8,kv,Armor,1
UNIT_RAIDER,9,kv,MaxHP,10
UNIT_RAIDER,10,kv,ShieldCost,1200
UNIT_RAIDER,11,kv,PowerPoints,200
UNIT_RAIDER,12,kv,ShieldHunger,9
UNIT_RAIDER,13,kv,FoodHunger,0
UNIT_RAIDER,14,kv,MaxMovePoints,400
UNIT_RAIDER,15,kv,VisionRange,2
UNIT_RAIDER,16,kv,EnableAdvance,ADVANCE_HORSE_ARMOR_ORCS
UNIT_RAIDER,17,kv,ObsoleteAdvance,ADVANCE_STIRRUP
UNIT_RAIDER,18,kv,BombRounds,3
UNIT_RAIDER,19,kv,BombardRange,1
UNIT_RAIDER,20,flag,CanCounterBombard,
UNIT_RAIDER,21,kv,ActiveDefenseRange,0
UNIT_RAIDER,22,flag,LossMoveToDmgNone,
UNIT_RAIDER,23,kv,MaxFuel,0
UNIT_RAIDER,24,flag,CanEntrench,
UNIT_RAIDER,25,flag,NoZoc,
UNIT_RAIDER,26,flag,CanExpel,
UNIT_RAIDER,27,flag,CanPillage,
UNIT_RAIDER,28,flag,CanPirate,
UNIT_RAIDER,29,flag,ExertsMartialLaw,
UNIT_RAIDER,30,flag,DeathEffectsHappy,
UNIT_RAIDER,31,flag,IsFlanker,
UNIT_RAIDER,32,flag,IsMounted,
UNIT_RAIDER,33,flag,OnlyBuildOne,
UNIT_RAIDER,34,kv,SoundSelect1,SOUND_SELECT1_MOUNTED_ARCHER
UNIT_RAIDER,35,kv,SoundSelect2,SOUND_SELECT2_MOUNTED_ARCHER
UNIT_RAIDER,36,kv,SoundMove,SOUND_MOVE_MOUNTED_ARCHER
UNIT_RAIDER,37,kv,SoundAcknowledge,SOUND_ACKNOWLEDGE_MOUNTED_ARCHER
UNIT_RAIDER,38,kv,SoundCantMove,SOUND_CANTMOVE_MOUNTED_ARCHER
UNIT_RAIDER,39,kv,SoundAttack,SOUND_ATTACK_MOUNTED_ARCHER
UNIT_RAIDER,40,kv,SoundWork,SOUND_WORK_MOUNTED_ARCHER
UNIT_RAIDER,41,kv,SoundVictory,SOUND_VICTORY_MOUNTED_ARCHER
UNIT_RAIDER,42,kv,SoundDeath,SOUND_DEATH_MOUNTED_ARCHER
UNIT_RAIDER,43,sublist,CanAttack,Land
UNIT_RAIDER,44,sublist,CanBombard,Land
UNIT_RAIDER,45,sublist,CanSee,Standard
UNIT_RAIDER,46,sublist,CanSee,Stealth
UNIT_RAIDER,47,sublist,MovementType,Land
UNIT_RAIDER,48,sublist,Size,Medium
UNIT_RAIDER,49,sublist,VisionClass,Stealth
UNIT_RAIDER,50,nested,CanReform,"[{""t"": ""kv"", ""k"": ""Sound"", ""v"": ""SOUND_ID_REFORM_CITY""}, {""t"": ""kv"", ""k"": ""Effect"", ""v"": ""SPECEFFECT_REFORMCITY""}]"
UNIT_ELEPHANT_WARRIOR,0,kv,Description,DESCRIPTION_UNIT_KNIGHT
UNIT_ELEPHANT_WARRIOR,1,kv,DefaultIcon,ICON_UNIT_ELEPHANT_WARRIOR
UNIT_ELEPHANT_WARRIOR,2,kv,DefaultSprite,SPRITE_ELEPHANT_WARRIOR
UNIT_ELEPHANT_WARRIOR,3,kv,Category,UNIT_CATEGORY_FLANKER
UNIT_ELEPHANT_WARRIOR,4,kv,Attack,30
UNIT_ELEPHANT_WARRIOR,5,kv,Defense,30
UNIT_ELEPHANT_WARRIOR,6,kv,ZBRangeAttack,20
UNIT_ELEPHANT_WARRIOR,7,kv,Firepower,1
UNIT_ELEPHANT_WARRIOR,8,kv,Armor,1
UNIT_ELEPHANT_WARRIOR,9,kv,MaxHP,14
UNIT_ELEPHANT_WARRIOR,10,kv,ShieldCost,900
UNIT_ELEPHANT_WARRIOR,11,kv,PowerPoints,200
UNIT_ELEPHANT_WARRIOR,12,kv,ShieldHunger,6
UNIT_ELEPHANT_WARRIOR,13,kv,FoodHunger,0
UNIT_ELEPHANT_WARRIOR,14,kv,MaxMovePoints,200
UNIT_ELEPHANT_WARRIOR,15,kv,VisionRange,1
UNIT_ELEPHANT_WARRIOR,16,kv,EnableAdvance,ADVANCE_OLIGARCHY_HARADRIM
UNIT_ELEPHANT_WARRIOR,17,kv,ObsoleteAdvance,ADVANCE_STIRRUP_HARADRIM
UNIT_ELEPHANT_WARRIOR,18,kv,ActiveDefenseRange,0
UNIT_ELEPHANT_WARRIOR,19,flag,LossMoveToDmgNone,
UNIT_ELEPHANT_WARRIOR,20,kv,MaxFuel,0
UNIT_ELEPHANT_WARRIOR,21,flag,CanEntrench,
UNIT_ELEPHANT_WARRIOR,22,flag,NoZoc,
UNIT_ELEPHANT_WARRIOR,23,flag,CanExpel,
UNIT_ELEPHANT_WARRIOR,24,flag,CanPillage,
UNIT_ELEPHANT_WARRIOR,25,flag,CanPirate,
UNIT_ELEPHANT_WARRIOR,26,flag,ExertsMartialLaw,
UNIT_ELEPHANT_WARRIOR,27,flag,DeathEffectsHappy,
UNIT_ELEPHANT_WARRIOR,28,flag,IsFlanker,
UNIT_ELEPHANT_WARRIOR,29,flag,IsSpecialForces,
UNIT_ELEPHANT_WARRIOR,30,flag,OnlyBuildOne,
UNIT_ELEPHANT_WARRIOR,31,kv,SoundSelect1,SOUND_ID_ELEPHANT
UNIT_ELEPHANT_WARRIOR,32,kv,SoundSelect2,SOUND_SELECT2_PIKEMEN
UNIT_ELEPHANT_WARRIOR,33,kv,SoundMove,SOUND_MOVE_PIKEMEN
UNIT_ELEPHANT_WARRIOR,34,kv,SoundAcknowledge,SOUND_ID_ELEPHANT
UNIT_ELEPHANT_WARRIOR,35,kv,SoundCantMove,SOUND_CANTMOVE_PIKEMEN
UNIT_ELEPHANT_WARRIOR,36,kv,SoundAttack,SOUND_ID_ELEPHANT
UNIT_ELEPHANT_WARRIOR,37,kv,SoundWork,SOUND_WORK_PIKEMEN
UNIT_ELEPHANT_WARRIOR,38,kv,SoundVictory,SOUND_ID_ELEPHANT
UNIT_ELEPHANT_WARRIOR,39,kv,SoundDeath,SOUND_ID_ELEPHANT
UNIT_ELEPHANT_WARRIOR,40,sublist,CanAttack,Land
UNIT_ELEPHANT_WARRIOR,41,sublist,CanSee,Standard
UNIT_ELEPHANT_WARRIOR,42,sublist,MovementType,Land
UNIT_ELEPHANT_WARRIOR,43,sublist,Size,Large
UNIT_ELEPHANT_WARRIOR,44,sublist,VisionClass,Standard
UNIT_ELEPHANT_WARRIOR,45,nested,CanReform,"[{""t"": ""kv"", ""k"": ""Sound"", ""v"": ""SOUND_ID_REFORM_CITY""}, {""t"": ""kv"", ""k"": ""Effect"", ""v"": ""SPECEFFECT_REFORMCITY""}]"
UNIT_CATAPHRACT,0,kv,Description,DESCRIPTION_UNIT_MOUNTED_ARCHER
UNIT_CATAPHRACT,1,kv,DefaultIcon,ICON_UNIT_CATAPHRACT
UNIT_CATAPHRACT,2,kv,DefaultSprite,SPRITE_CATAPHRACT
UNIT_CATAPHRACT,3,kv,Category,UNIT_CATEGORY_FLANKER
UNIT_CATAPHRACT,4,kv,Attack,35
UNIT_CATAPHRACT,5,kv,Defense,35
UNIT_CATAPHRACT,6,kv,ZBRangeAttack,15
UNIT_CATAPHRACT,7,kv,Firepower,2
UNIT_CATAPHRACT,8,kv,Armor,1
UNIT_CATAPHRACT,9,kv,MaxHP,14
UNIT_CATAPHRACT,10,kv,ShieldCost,1200
UNIT_CATAPHRACT,11,kv,PowerPoints,300
UNIT_CATAPHRACT,12,kv,ShieldHunger,8
UNIT_CATAPHRACT,13,kv,FoodHunger,0
UNIT_CATAPHRACT,14,kv,MaxMovePoints,400
UNIT_CATAPHRACT,15,kv,VisionRange,2
UNIT_CATAPHRACT,16,kv,EnableAdvance,ADVANCE_STIRRUP_MEN
UNIT_CATAPHRACT,17,kv,ObsoleteAdvance,ADVANCE_CAVALRY_TACTICS
UNIT_CATAPHRACT,18,kv,ActiveDefenseRange,0
UNIT_CATAPHRACT,19,flag,LossMoveToDmgNone,
UNIT_CATAPHRACT,20,kv,MaxFuel,0
UNIT_CATAPHRACT,21,flag,CanEntrench,
UNIT_CATAPHRACT,22,flag,NoZoc,
UNIT_CATAPHRACT,23,flag,CanExpel,
UNIT_CATAPHRACT,24,flag,CanPillage,
UNIT_CATAPHRACT,25,flag,CanPirate,
UNIT_CATAPHRACT,26,flag,ExertsMartialLaw,
UNIT_CATAPHRACT,27,flag,DeathEffectsHappy,
UNIT_CATAPHRACT,28,flag,IsFlanker,
UNIT_CATAPHRACT,29,flag,OnlyBuildOne,
UNIT_CATAPHRACT,30,kv,SoundSelect1,SOUND_SELECT1_MOUNTED_ARCHER
UNIT_CATAPHRACT,31,kv,SoundSelect2,SOUND_SELECT2_MOUNTED_ARCHER
UNIT_CATAPHRACT,32,kv,SoundMove,SOUND_MOVE_MOUNTED_ARCHER
UNIT_CATAPHRACT,33,kv,SoundAcknowledge,SOUND_ACKNOWLEDGE_MOUNTED_ARCHER
UNIT_CATAPHRACT,34,kv,SoundCantMove,SOUND_CANTMOVE_MOUNTED_ARCHER
UNIT_CATAPHRACT,35,kv,SoundAttack,SOUND_ATTACK_MOUNTED_ARCHER
UNIT_CATAPHRACT,36,kv,SoundWork,SOUND_WORK_MOUNTED_ARCHER
UNIT_CATAPHRACT,37,kv,SoundVictory,SOUND_VICTORY_MOUNTED_ARCHER
UNIT_CATAPHRACT,38,kv,SoundDeath,SOUND_DEATH_MOUNTED_ARCHER
UNIT_CATAPHRACT,39,sublist,CanAttack,Land
UNIT_CATAPHRACT,40,sublist,CanSee,Standard
UNIT_CATAPHRACT,41,sublist,MovementType,Land
UNIT_CATAPHRACT,42,sublist,Size,Medium
UNIT_CATAPHRACT,43,sublist,VisionClass,Standard
UNIT_CATAPHRACT,44,nested,CanReform,"[{""t"": ""kv"", ""k"": ""Sound"", ""v"": ""SOUND_ID_REFORM_CITY""}, {""t"": ""kv"", ""k"": ""Effect"", ""v"": ""SPECEFFECT_REFORMCITY""}]"
UNIT_KNIGHT,0,kv,Description,DESCRIPTION_UNIT_KNIGHT
UNIT_KNIGHT,1,kv,DefaultIcon,ICON_UNIT_KNIGHT
UNIT_KNIGHT,2,kv,DefaultSprite,SPRITE_KNIGHT
UNIT_KNIGHT,3,kv,Category,UNIT_CATEGORY_FLANKER
UNIT_KNIGHT,4,kv,Attack,40
UNIT_KNIGHT,5,kv,Defense,40
UNIT_KNIGHT,6,kv,ZBRangeAttack,15
UNIT_KNIGHT,7,kv,Firepower,2
UNIT_KNIGHT,8,kv,Armor,1
UNIT_KNIGHT,9,kv,MaxHP,15
UNIT_KNIGHT,10,kv,ShieldCost,1800
UNIT_KNIGHT,11,kv,PowerPoints,400
UNIT_KNIGHT,12,kv,ShieldHunger,9
UNIT_KNIGHT,13,kv,FoodHunger,0
UNIT_KNIGHT,14,kv,MaxMovePoints,300
UNIT_KNIGHT,15,kv,VisionRange,2
UNIT_KNIGHT,16,kv,EnableAdvance,ADVANCE_STIRRUP_GONDOR
UNIT_KNIGHT,17,kv,ActiveDefenseRange,0
UNIT_KNIGHT,18,flag,LossMoveToDmgNone,
UNIT_KNIGHT,19,kv,MaxFuel,0
UNIT_KNIGHT,20,flag,CanEntrench,
UNIT_KNIGHT,21,flag,NoZoc,
UNIT_KNIGHT,22,flag,CanExpel,
UNIT_KNIGHT,23,flag,CanPillage,
UNIT_KNIGHT,24,flag,CanPirate,
UNIT_KNIGHT,25,flag,ExertsMartialLaw,
UNIT_KNIGHT,26,flag,DeathEffectsHappy,
UNIT_KNIGHT,27,flag,IsFlanker,
UNIT_KNIGHT,28,flag,IsSpecialForces,
UNIT_KNIGHT,29,flag,OnlyBuildOne,
UNIT_KNIGHT,30,kv,SoundSelect1,SOUND_SELECT1_KNIGHT
UNIT_KNIGHT,31,kv,SoundSelect2,SOUND_SELECT2_KNIGHT
UNIT_KNIGHT,32,kv,SoundMove,SOUND_MOVE_KNIGHT
UNIT_KNIGHT,33,kv,SoundAcknowledge,SOUND_ACKNOWLEDGE_KNIGHT
UNIT_KNIGHT,34,kv,SoundCantMove,SOUND_CANTMOVE_KNIGHT
UNIT_KNIGHT,35,kv,SoundAttack,SOUND_ATTACK_KNIGHT
UNIT_KNIGHT,36,kv,SoundWork,SOUND_WORK_KNIGHT
UNIT_KNIGHT,37,kv,SoundVictory,SOUND_VICTORY_KNIGHT
UNIT_KNIGHT,38,kv,SoundDeath,SOUND_DEATH_KNIGHT
UNIT_KNIGHT,39,sublist,CanAttack,Land
UNIT_KNIGHT,40,sublist,CanSee,Standard
UNIT_KNIGHT,41,sublist,MovementType,Land
UNIT_KNIGHT,42,sublist,Size,Medium
UNIT_KNIGHT,43,sublist,VisionClass,Standard
UNIT_KNIGHT,44,nested,CanReform,"[{""t"": ""kv"", ""k"": ""Sound"", ""v"": ""SOUND_ID_REFORM_CITY""}, {""t"": ""kv"", ""k"": ""Effect"", ""v"": ""SPECEFFECT_REFORMCITY""}]"
UNIT_TEUTONIC_KNIGHT,0,kv,Description,DESCRIPTION_UNIT_KNIGHT
UNIT_TEUTONIC_KNIGHT,1,kv,DefaultIcon,ICON_UNIT_TEUTONIC_KNIGHT
UNIT_TEUTONIC_KNIGHT,2,kv,DefaultSprite,SPRITE_TEUTONIC_KNIGHT
UNIT_TEUTONIC_KNIGHT,3,kv,Category,UNIT_CATEGORY_FLANKER
UNIT_TEUTONIC_KNIGHT,4,kv,Attack,45
UNIT_TEUTONIC_KNIGHT,5,kv,Defense,40
UNIT_TEUTONIC_KNIGHT,6,kv,ZBRangeAttack,20
UNIT_TEUTONIC_KNIGHT,7,kv,Firepower,2
UNIT_TEUTONIC_KNIGHT,8,kv,Armor,1
UNIT_TEUTONIC_KNIGHT,9,kv,MaxHP,15
UNIT_TEUTONIC_KNIGHT,10,kv,ShieldCost,1800
UNIT_TEUTONIC_KNIGHT,11,kv,PowerPoints,400
UNIT_TEUTONIC_KNIGHT,12,kv,ShieldHunger,7
UNIT_TEUTONIC_KNIGHT,13,kv,FoodHunger,0
UNIT_TEUTONIC_KNIGHT,14,kv,MaxMovePoints,300
UNIT_TEUTONIC_KNIGHT,15,kv,VisionRange,2
UNIT_TEUTONIC_KNIGHT,16,kv,EnableAdvance,ADVANCE_STIRRUP_ROHAN
UNIT_TEUTONIC_KNIGHT,17,kv,ActiveDefenseRange,0
UNIT_TEUTONIC_KNIGHT,18,flag,LossMoveToDmgNone,
UNIT_TEUTONIC_KNIGHT,19,kv,MaxFuel,0
UNIT_TEUTONIC_KNIGHT,20,flag,CanEntrench,
UNIT_TEUTONIC_KNIGHT,21,flag,NoZoc,
UNIT_TEUTONIC_KNIGHT,22,flag,CanExpel,
UNIT_TEUTONIC_KNIGHT,23,flag,CanPillage,
UNIT_TEUTONIC_KNIGHT,24,flag,CanPirate,
UNIT_TEUTONIC_KNIGHT,25,flag,ExertsMartialLaw,
UNIT_TEUTONIC_KNIGHT,26,flag,DeathEffectsHappy,
UNIT_TEUTONIC_KNIGHT,27,flag,IsFlanker,
UNIT_TEUTONIC_KNIGHT,28,flag,IsSpecialForces,
UNIT_TEUTONIC_KNIGHT,29,flag,OnlyBuildOne,
UNIT_TEUTONIC_KNIGHT,30,kv,SoundSelect1,SOUND_SELECT1_KNIGHT
UNIT_TEUTONIC_KNIGHT,31,kv,SoundSelect2,SOUND_SELECT2_KNIGHT
UNIT_TEUTONIC_KNIGHT,32,kv,SoundMove,SOUND_MOVE_KNIGHT
UNIT_TEUTONIC_KNIGHT,33,kv,SoundAcknowledge,SOUND_ACKNOWLEDGE_KNIGHT
UNIT_TEUTONIC_KNIGHT,34,kv,SoundCantMove,SOUND_CANTMOVE_KNIGHT
UNIT_TEUTONIC_KNIGHT,35,kv,SoundAttack,SOUND_ATTACK_KNIGHT
UNIT_TEUTONIC_KNIGHT,36,kv,SoundWork,SOUND_WORK_KNIGHT
UNIT_TEUTONIC_KNIGHT,37,kv,SoundVictory,SOUND_VICTORY_KNIGHT
UNIT_TEUTONIC_KNIGHT,38,kv,SoundDeath,SOUND_DEATH_KNIGHT
UNIT_TEUTONIC_KNIGHT,39,sublist,CanAttack,Land
UNIT_TEUTONIC_KNIGHT,40,sublist,CanAttack,Mountain
UNIT_TEUTONIC_KNIGHT,41,sublist,CanSee,Standard
UNIT_TEUTONIC_KNIGHT,42,sublist,MovementType,Land
UNIT_TEUTONIC_KNIGHT,43,sublist,MovementType,Mountain
UNIT_TEUTONIC_KNIGHT,44,sublist,Size,Medium
UNIT_TEUTONIC_KNIGHT,45,sublist,VisionClass,Standard
UNIT_TEUTONIC_KNIGHT,46,nested,CanReform,"[{""t"": ""kv"", ""k"": ""Sound"", ""v"": ""SOUND_ID_REFORM_CITY""}, {""t"": ""kv"", ""k"": ""Effect"", ""v"": ""SPECEFFECT_REFORMCITY""}]"
UNIT_MURMAKIL,0,kv,Description,DESCRIPTION_UNIT_KNIGHT
UNIT_MURMAKIL,1,kv,DefaultIcon,ICON_UNIT_MURMAKIL
UNIT_MURMAKIL,2,kv,DefaultSprite,SPRITE_MURMAKIL
UNIT_MURMAKIL,3,kv,Category,UNIT_CATEGORY_FLANKER
UNIT_MURMAKIL,4,kv,Attack,45
UNIT_MURMAKIL,5,kv,Defense,45
UNIT_MURMAKIL,6,kv,ZBRangeAttack,25
UNIT_MURMAKIL,7,kv,Firepower,2
UNIT_MURMAKIL,8,kv,Armor,1
UNIT_MURMAKIL,9,kv,MaxHP,17
UNIT_MURMAKIL,10,kv,ShieldCost,1900
UNIT_MURMAKIL,11,kv,PowerPoints,400
UNIT_MURMAKIL,12,kv,ShieldHunger,7
UNIT_MURMAKIL,13,kv,FoodHunger,0
UNIT_MURMAKIL,14,kv,MaxMovePoints,300
UNIT_MURMAKIL,15,kv,VisionRange,2
UNIT_MURMAKIL,16,kv,EnableAdvance,ADVANCE_STIRRUP_HARADRIM
UNIT_MURMAKIL,17,kv,ActiveDefenseRange,0
UNIT_MURMAKIL,18,flag,LossMoveToDmgNone,
UNIT_MURMAKIL,19,kv,MaxFuel,0
UNIT_MURMAKIL,20,flag,CanEntrench,
UNIT_MURMAKIL,21,flag,NoZoc,
UNIT_MURMAKIL,22,flag,CanExpel,
UNIT_MURMAKIL,23,flag,CanPillage,
UNIT_MURMAKIL,24,flag,CanPirate,
UNIT_MURMAKIL,25,flag,ExertsMartialLaw,
UNIT_MURMAKIL,26,flag,DeathEffectsHappy,
UNIT_MURMAKIL,27,flag,IsFlanker,
UNIT_MURMAKIL,28,flag,IsSpecialForces,
UNIT_MURMAKIL,29,flag,OnlyBuildOne,
UNIT_MURMAKIL,30,kv,SoundSelect1,SOUND_SELECT1_KNIGHT
UNIT_MURMAKIL,31,kv,SoundSelect2,SOUND_SELECT2_KNIGHT
UNIT_MURMAKIL,32,kv,SoundMove,SOUND_MOVE_KNIGHT
UNIT_MURMAKIL,33,kv,SoundAcknowledge,SOUND_ACKNOWLEDGE_KNIGHT
UNIT_MURMAKIL,34,kv,SoundCantMove,SOUND_CANTMOVE_KNIGHT
UNIT_MURMAKIL,35,kv,SoundAttack,SOUND_ATTACK_KNIGHT
UNIT_MURMAKIL,36,kv,SoundWork,SOUND_WORK_KNIGHT
UNIT_MURMAKIL,37,kv,SoundVictory,SOUND_VICTORY_KNIGHT
UNIT_MURMAKIL,38,kv,SoundDeath,SOUND_DEATH_KNIGHT
UNIT_MURMAKIL,39,sublist,CanAttack,Land
UNIT_MURMAKIL,40,sublist,CanAttack,Mountain
UNIT_MURMAKIL,41,sublist,CanSee,Standard
UNIT_MURMAKIL,42,sublist,MovementType,Land
UNIT_MURMAKIL,43,sublist,MovementType,Mountain
UNIT_MURMAKIL,44,sublist,Size,Medium
UNIT_MURMAKIL,45,sublist,VisionClass,Standard
UNIT_MURMAKIL,46,nested,CanReform,"[{""t"": ""kv"", ""k"": ""Sound"", ""v"": ""SOUND_ID_REFORM_CITY""}, {""t"": ""kv"", ""k"": ""Effect"", ""v"": ""SPECEFFECT_REFORMCITY""}]"
UNIT_SPEARMAN,0,kv,Description,DESCRIPTION_UNIT_WARRIOR
UNIT_SPEARMAN,1,kv,DefaultIcon,ICON_UNIT_SPEARMAN
UNIT_SPEARMAN,2,kv,DefaultSprite,SPRITE_SPEARMAN
UNIT_SPEARMAN,3,kv,Category,UNIT_CATEGORY_DEFENSE
UNIT_SPEARMAN,4,kv,Attack,15
UNIT_SPEARMAN,5,kv,Defense,15
UNIT_SPEARMAN,6,kv,ZBRangeAttack,0
UNIT_SPEARMAN,7,kv,Firepower,1
UNIT_SPEARMAN,8,kv,Armor,1
UNIT_SPEARMAN,9,kv,MaxHP,10
UNIT_SPEARMAN,10,kv,ShieldCost,300
UNIT_SPEARMAN,11,kv,PowerPoints,100
UNIT_SPEARMAN,12,kv,ShieldHunger,1
UNIT_SPEARMAN,13,kv,FoodHunger,0
UNIT_SPEARMAN,14,kv,MaxMovePoints,100
UNIT_SPEARMAN,15,kv,VisionRange,1
UNIT_SPEARMAN,16,kv,EnableAdvance,ADVANCE_TOOLMAKING
UNIT_SPEARMAN,17,kv,ObsoleteAdvance,ADVANCE_BRONZE_WORKING
UNIT_SPEARMAN,18,kv,ActiveDefenseRange,0
UNIT_SPEARMAN,19,flag,LossMoveToDmgNone,
UNIT_SPEARMAN,20,kv,MaxFuel,0
UNIT_SPEARMAN,21,flag,CanEntrench,
UNIT_SPEARMAN,22,flag,NoZoc,
UNIT_SPEARMAN,23,flag,CanExpel,
UNIT_SPEARMAN,24,flag,CanPillage,
UNIT_SPEARMAN,25,flag,CanPirate,
UNIT_SPEARMAN,26,flag,ExertsMartialLaw,
UNIT_SPEARMAN,27,flag,DeathEffectsHappy,
UNIT_SPEARMAN,28,flag,OnlyBuildOne,
UNIT_SPEARMAN,29,kv,SoundSelect1,SOUND_SELECT1_PIKEMEN
UNIT_SPEARMAN,30,kv,SoundSelect2,SOUND_SELECT2_PIKEMEN
UNIT_SPEARMAN,31,kv,SoundMove,SOUND_MOVE_PIKEMEN
UNIT_SPEARMAN,32,kv,SoundAcknowledge,SOUND_ACKNOWLEDGE_PIKEMEN
UNIT_SPEARMAN,33,kv,SoundCantMove,SOUND_CANTMOVE_PIKEMEN
UNIT_SPEARMAN,34,kv,SoundAttack,SOUND_ATTACK_PIKEMEN
UNIT_SPEARMAN,35,kv,SoundWork,SOUND_WORK_PIKEMEN
UNIT_SPEARMAN,36,kv,SoundVictory,SOUND_VICTORY_PIKEMEN
UNIT_SPEARMAN,37,kv,SoundDeath,SOUND_DEATH_PIKEMEN
UNIT_SPEARMAN,38,sublist,CanAttack,Land
UNIT_SPEARMAN,39,sublist,CanAttack,Mountain
UNIT_SPEARMAN,40,sublist,CanSee,Standard
UNIT_SPEARMAN,41,sublist,MovementType,Land
UNIT_SPEARMAN,42,sublist,MovementType,Mountain
UNIT_SPEARMAN,43,sublist,Size,Medium
UNIT_SPEARMAN,44,sublist,VisionClass,Standard
UNIT_SPEARMAN,45,nested,CanReform,"[{""t"": ""kv"", ""k"": ""Sound"", ""v"": ""SOUND_ID_REFORM_CITY""}, {""t"": ""kv"", ""k"": ""Effect"", ""v"": ""SPECEFFECT_REFORMCITY""}]"
UNIT_SPEARMAN_ELITE,0,flag,CantBuild,
UNIT_SPEARMAN_ELITE,1,kv,Description,DESCRIPTION_UNIT_WARRIOR
UNIT_SPEARMAN_ELITE,2,kv,DefaultIcon,ICON_UNIT_SPEARMAN_ELITE
UNIT_SPEARMAN_ELITE,3,kv,DefaultSprite,SPRITE_SPEARMAN_ELITE
UNIT_SPEARMAN_ELITE,4,kv,Category,UNIT_CATEGORY_DEFENSE
UNIT_SPEARMAN_ELITE,5,kv,Attack,20
UNIT_SPEARMAN_ELITE,6,kv,Defense,20
UNIT_SPEARMAN_ELITE,7,kv,ZBRangeAttack,0
UNIT_SPEARMAN_ELITE,8,kv,Firepower,1
UNIT_SPEARMAN_ELITE,9,kv,Armor,1
UNIT_SPEARMAN_ELITE,10,kv,MaxHP,12
UNIT_SPEARMAN_ELITE,11,kv,ShieldCost,300
UNIT_SPEARMAN_ELITE,12,kv,PowerPoints,100
UNIT_SPEARMAN_ELITE,13,kv,ShieldHunger,1
UNIT_SPEARMAN_ELITE,14,kv,FoodHunger,0
UNIT_SPEARMAN_ELITE,15,kv,MaxMovePoints,200
UNIT_SPEARMAN_ELITE,16,kv,VisionRange,1
UNIT_SPEARMAN_ELITE,17,kv,EnableAdvance,ADVANCE_HEXTAPUL
UNIT_SPEARMAN_ELITE,18,kv,ActiveDefenseRange,0
UNIT_SPEARMAN_ELITE,19,flag,LossMoveToDmgNone,
UNIT_SPEARMAN_ELITE,20,kv,MaxFuel,0
UNIT_SPEARMAN_ELITE,21,flag,CanEntrench,
UNIT_SPEARMAN_ELITE,22,flag,CanExpel,
UNIT_SPEARMAN_ELITE,23,flag,NoZoc,
UNIT_SPEARMAN_ELITE,24,flag,CanPillage,
UNIT_SPEARMAN_ELITE,25,flag,CanPirate,
UNIT_SPEARMAN_ELITE,26,flag,ExertsMartialLaw,
UNIT_SPEARMAN_ELITE,27,flag,DeathEffectsHappy,
UNIT_SPEARMAN_ELITE,28,flag,OnlyBuildOne,
UNIT_SPEARMAN_ELITE,29,kv,SoundSelect1,SOUND_SELECT1_PIKEMEN
UNIT_SPEARMAN_ELITE,30,kv,SoundSelect2,SOUND_SELECT2_PIKEMEN
UNIT_SPEARMAN_ELITE,31,kv,SoundMove,SOUND_MOVE_PIKEMEN
UNIT_SPEARMAN_ELITE,32,kv,SoundAcknowledge,SOUND_ACKNOWLEDGE_PIKEMEN
UNIT_SPEARMAN_ELITE,33,kv,SoundCantMove,SOUND_CANTMOVE_PIKEMEN
UNIT_SPEARMAN_ELITE,34,kv,SoundAttack,SOUND_ATTACK_PIKEMEN
UNIT_SPEARMAN_ELITE,35,kv,SoundWork,SOUND_WORK_PIKEMEN
UNIT_SPEARMAN_ELITE,36,kv,SoundVictory,SOUND_VICTORY_PIKEMEN
UNIT_SPEARMAN_ELITE,37,kv,SoundDeath,SOUND_DEATH_PIKEMEN
UNIT_SPEARMAN_ELITE,38,sublist,CanAttack,Land
UNIT_SPEARMAN_ELITE,39,sublist,CanAttack,Mountain
UNIT_SPEARMAN_ELITE,40,sublist,CanSee,Standard
UNIT_SPEARMAN_ELITE,41,sublist,MovementType,Land
UNIT_SPEARMAN_ELITE,42,sublist,MovementType,Mountain
UNIT_SPEARMAN_ELITE,43,sublist,Size,Medium
UNIT_SPEARMAN_ELITE,44,sublist,VisionClass,Standard
UNIT_SPEARMAN_ELITE,45,nested,CanReform,"[{""t"": ""kv"", ""k"": ""Sound"", ""v"": ""SOUND_ID_REFORM_CITY""}, {""t"": ""kv"", ""k"": ""Effect"", ""v"": ""SPECEFFECT_REFORMCITY""}]"
UNIT_SPEARMAN_ORCS,0,kv,Description,DESCRIPTION_UNIT_WARRIOR
UNIT_SPEARMAN_ORCS,1,kv,DefaultIcon,ICON_UNIT_SPEARMAN_ORCS
UNIT_SPEARMAN_ORCS,2,kv,DefaultSprite,SPRITE_SPEARMAN_ORCS
UNIT_SPEARMAN_ORCS,3,kv,Category,UNIT_CATEGORY_DEFENSE
UNIT_SPEARMAN_ORCS,4,kv,Attack,20
UNIT_SPEARMAN_ORCS,5,kv,Defense,15
UNIT_SPEARMAN_ORCS,6,kv,ZBRangeAttack,0
UNIT_SPEARMAN_ORCS,7,kv,Firepower,1
UNIT_SPEARMAN_ORCS,8,kv,Armor,1
UNIT_SPEARMAN_ORCS,9,kv,MaxHP,10
UNIT_SPEARMAN_ORCS,10,kv,ShieldCost,250
UNIT_SPEARMAN_ORCS,11,kv,PowerPoints,100
UNIT_SPEARMAN_ORCS,12,kv,ShieldHunger,1
UNIT_SPEARMAN_ORCS,13,kv,FoodHunger,0
UNIT_SPEARMAN_ORCS,14,kv,MaxMovePoints,100
UNIT_SPEARMAN_ORCS,15,kv,VisionRange,1
UNIT_SPEARMAN_ORCS,16,kv,EnableAdvance,ADVANCE_TOOLMAKING_ORCS
UNIT_SPEARMAN_ORCS,17,kv,ObsoleteAdvance,ADVANCE_BRONZE_WORKING_ORCS
UNIT_SPEARMAN_ORCS,18,kv,ActiveDefenseRange,0
UNIT_SPEARMAN_ORCS,19,flag,LossMoveToDmgNone,
UNIT_SPEARMAN_ORCS,20,kv,MaxFuel,0
UNIT_SPEARMAN_ORCS,21,flag,CanEntrench,
UNIT_SPEARMAN_ORCS,22,flag,NoZoc,
UNIT_SPEARMAN_ORCS,23,flag,CanExpel,
UNIT_SPEARMAN_ORCS,24,flag,CanPillage,
UNIT_SPEARMAN_ORCS,25,flag,CanPirate,
UNIT_SPEARMAN_ORCS,26,flag,ExertsMartialLaw,
UNIT_SPEARMAN_ORCS,27,flag,DeathEffectsHappy,
UNIT_SPEARMAN_ORCS,28,flag,OnlyBuildOne,
UNIT_SPEARMAN_ORCS,29,kv,SoundSelect1,SOUND_SELECT1_PIKEMEN
UNIT_SPEARMAN_ORCS,30,kv,SoundSelect2,SOUND_SELECT2_PIKEMEN
UNIT_SPEARMAN_ORCS,31,kv,SoundMove,SOUND_MOVE_PIKEMEN
UNIT_SPEARMAN_ORCS,32,kv,SoundAcknowledge,SOUND_ACKNOWLEDGE_PIKEMEN
UNIT_SPEARMAN_ORCS,33,kv,SoundCantMove,SOUND_CANTMOVE_PIKEMEN
UNIT_SPEARMAN_ORCS,34,kv,SoundAttack,SOUND_ATTACK_PIKEMEN
UNIT_SPEARMAN_ORCS,35,kv,SoundWork,SOUND_WORK_PIKEMEN
UNIT_SPEARMAN_ORCS,36,kv,SoundVictory,SOUND_VICTORY_PIKEMEN
UNIT_SPEARMAN_ORCS,37,kv,SoundDeath,SOUND_DEATH_PIKEMEN
UNIT_SPEARMAN_ORCS,38,sublist,CanAttack,Land
UNIT_SPEARMAN_ORCS,39,sublist,CanAttack,Mountain
UNIT_SPEARMAN_ORCS,40,sublist,CanSee,Standard
UNIT_SPEARMAN_ORCS,41,sublist,MovementType,Land
UNIT_SPEARMAN_ORCS,42,sublist,MovementType,Mountain
UNIT_SPEARMAN_ORCS,43,sublist,Size,Medium
UNIT_SPEARMAN_ORCS,44,sublist,VisionClass,Standard
UNIT_SPEARMAN_ORCS,45,nested,CanReform,"[{""t"": ""kv"", ""k"": ""Sound"", ""v"": ""SOUND_ID_REFORM_CITY""}, {""t"": ""kv"", ""k"": ""Effect"", ""v"": ""SPECEFFECT_REFORMCITY""}]"
UNIT_WARRIOR,0,kv,Description,DESCRIPTION_UNIT_WARRIOR
UNIT_WARRIOR,1,kv,DefaultIcon,ICON_UNIT_WARRIOR
UNIT_WARRIOR,2,kv,DefaultSprite,SPRITE_WARRIOR
UNIT_WARRIOR,3,kv,Category,UNIT_CATEGORY_ATTACK
UNIT_WARRIOR,4,kv,Attack,20
UNIT_WARRIOR,5,kv,Defense,20
UNIT_WARRIOR,6,kv,ZBRangeAttack,0
UNIT_WARRIOR,7,kv,Firepower,1
UNIT_WARRIOR,8,kv,Armor,1
UNIT_WARRIOR,9,kv,MaxHP,10
UNIT_WARRIOR,10,kv,ShieldCost,350
UNIT_WARRIOR,11,kv,PowerPoints,100
UNIT_WARRIOR,12,kv,ShieldHunger,2
UNIT_WARRIOR,13,kv,FoodHunger,0
UNIT_WARRIOR,14,kv,MaxMovePoints,100
UNIT_WARRIOR,15,kv,VisionRange,1
UNIT_WARRIOR,16,kv,EnableAdvance,ADVANCE_DYNASTY
UNIT_WARRIOR,17,kv,ObsoleteAdvance,ADVANCE_BARRACKS
UNIT_WARRIOR,18,kv,ActiveDefenseRange,0
UNIT_WARRIOR,19,flag,LossMoveToDmgNone,
UNIT_WARRIOR,20,kv,MaxFuel,0
UNIT_WARRIOR,21,flag,CanEntrench,
UNIT_WARRIOR,22,flag,NoZoc,
UNIT_WARRIOR,23,flag,CanExpel,
UNIT_WARRIOR,24,flag,CanPillage,
UNIT_WARRIOR,25,flag,CanPirate,
UNIT_WARRIOR,26,flag,ExertsMartialLaw,
UNIT_WARRIOR,27,flag,DeathEffectsHappy,
UNIT_WARRIOR,28,kv,MountedBonus,0.1
UNIT_WARRIOR,29,flag,OnlyBuildOne,
UNIT_WARRIOR,30,kv,SoundSelect1,SOUND_SELECT1_WARRIOR
UNIT_WARRIOR,31,kv,SoundSelect2,SOUND_SELECT2_WARRIOR
UNIT_WARRIOR,32,kv,SoundMove,SOUND_MOVE_WARRIOR
UNIT_WARRIOR,33,kv,SoundAcknowledge,SOUND_ACKNOWLEDGE_WARRIOR
UNIT_WARRIOR,34,kv,SoundCantMove,SOUND_CANTMOVE_WARRIOR
UNIT_WARRIOR,35,kv,SoundAttack,SOUND_ATTACK_WARRIOR
UNIT_WARRIOR,36,kv,SoundWork,SOUND_WORK_WARRIOR
UNIT_WARRIOR,37,kv,SoundVictory,SOUND_VICTORY_WARRIOR
UNIT_WARRIOR,38,kv,SoundDeath,SOUND_DEATH_WARRIOR
UNIT_WARRIOR,39,sublist,CanAttack,Land
UNIT_WARRIOR,40,sublist,CanAttack,Mountain
UNIT_WARRIOR,41,sublist,CanSee,Standard
UNIT_WARRIOR,42,sublist,MovementType,Land
UNIT_WARRIOR,43,sublist,MovementType,Mountain
UNIT_WARRIOR,44,sublist,Size,Medium
UNIT_WARRIOR,45,sublist,VisionClass,Standard
UNIT_WARRIOR,46,nested,CanReform,"[{""t"": ""kv"", ""k"": ""Sound"", ""v"": ""SOUND_ID_REFORM_CITY""}, {""t"": ""kv"", ""k"": ""Effect"", ""v"": ""SPECEFFECT_REFORMCITY""}]"
UNIT_WARRIOR_ELITE,0,flag,CantBuild,
UNIT_WARRIOR_ELITE,1,kv,Description,DESCRIPTION_UNIT_WARRIOR
UNIT_WARRIOR_ELITE,2,kv,DefaultIcon,ICON_UNIT_WARRIOR_ELITE
UNIT_WARRIOR_ELITE,3,kv,DefaultSprite,SPRITE_WARRIOR_ELITE
UNIT_WARRIOR_ELITE,4,kv,Category,UNIT_CATEGORY_ATTACK
UNIT_WARRIOR_ELITE,5,kv,Attack,25
UNIT_WARRIOR_ELITE,6,kv,Defense,25
UNIT_WARRIOR_ELITE,7,kv,ZBRangeAttack,0
UNIT_WARRIOR_ELITE,8,kv,Firepower,1
UNIT_WARRIOR_ELITE,9,kv,Armor,1
UNIT_WARRIOR_ELITE,10,kv,MaxHP,12
UNIT_WARRIOR_ELITE,11,kv,ShieldCost,500
UNIT_WARRIOR_ELITE,12,kv,PowerPoints,100
UNIT_WARRIOR_ELITE,13,kv,ShieldHunger,2
UNIT_WARRIOR_ELITE,14,kv,FoodHunger,0
UNIT_WARRIOR_ELITE,15,kv,MaxMovePoints,200
UNIT_WARRIOR_ELITE,16,kv,VisionRange,1
UNIT_WARRIOR_ELITE,17,kv,EnableAdvance,ADVANCE_COPPER_SMELTING_ANGMAR
UNIT_WARRIOR_ELITE,18,kv,ObsoleteAdvance,ADVANCE_BARRACKS
UNIT_WARRIOR_ELITE,19,kv,ActiveDefenseRange,0
UNIT_WARRIOR_ELITE,20,flag,LossMoveToDmgNone,
UNIT_WARRIOR_ELITE,21,kv,MaxFuel,0
UNIT_WARRIOR_ELITE,22,flag,CanEntrench,
UNIT_WARRIOR_ELITE,23,flag,CanExpel,
UNIT_WARRIOR_ELITE,24,flag,NoZoc,
UNIT_WARRIOR_ELITE,25,flag,CanPillage,
UNIT_WARRIOR_ELITE,26,flag,CanPirate,
UNIT_WARRIOR_ELITE,27,flag,ExertsMartialLaw,
UNIT_WARRIOR_ELITE,28,flag,DeathEffectsHappy,
UNIT_WARRIOR_ELITE,29,kv,MountedBonus,0.1
UNIT_WARRIOR_ELITE,30,flag,OnlyBuildOne,
UNIT_WARRIOR_ELITE,31,kv,SoundSelect1,SOUND_SELECT1_WARRIOR
UNIT_WARRIOR_ELITE,32,kv,SoundSelect2,SOUND_SELECT2_WARRIOR
UNIT_WARRIOR_ELITE,33,kv,SoundMove,SOUND_MOVE_WARRIOR
UNIT_WARRIOR_ELITE,34,kv,SoundAcknowledge,SOUND_ACKNOWLEDGE_WARRIOR
UNIT_WARRIOR_ELITE,35,kv,SoundCantMove,SOUND_CANTMOVE_WARRIOR
UNIT_WARRIOR_ELITE,36,kv,SoundAttack,SOUND_ATTACK_WARRIOR
UNIT_WARRIOR_ELITE,37,kv,SoundWork,SOUND_WORK_WARRIOR
UNIT_WARRIOR_ELITE,38,kv,SoundVictory,SOUND_VICTORY_WARRIOR
UNIT_WARRIOR_ELITE,39,kv,SoundDeath,SOUND_DEATH_WARRIOR
UNIT_WARRIOR_ELITE,40,sublist,CanAttack,Land
UNIT_WARRIOR_ELITE,41,sublist,CanAttack,Mountain
UNIT_WARRIOR_ELITE,42,sublist,CanSee,Standard
UNIT_WARRIOR_ELITE,43,sublist,MovementType,Land
UNIT_WARRIOR_ELITE,44,sublist,MovementType,Mountain
UNIT_WARRIOR_ELITE,45,sublist,Size,Medium
UNIT_WARRIOR_ELITE,46,sublist,VisionClass,Standard
UNIT_WARRIOR_ELITE,47,nested,CanReform,"[{""t"": ""kv"", ""k"": ""Sound"", ""v"": ""SOUND_ID_REFORM_CITY""}, {""t"": ""kv"", ""k"": ""Effect"", ""v"": ""SPECEFFECT_REFORMCITY""}]"
UNIT_WARRIOR_ORCS,0,kv,Description,DESCRIPTION_UNIT_WARRIOR
UNIT_WARRIOR_ORCS,1,kv,DefaultIcon,ICON_UNIT_WARRIOR_ORCS
UNIT_WARRIOR_ORCS,2,kv,DefaultSprite,SPRITE_WARRIOR_ORCS
UNIT_WARRIOR_ORCS,3,kv,Category,UNIT_CATEGORY_ATTACK
UNIT_WARRIOR_ORCS,4,kv,Attack,25
UNIT_WARRIOR_ORCS,5,kv,Defense,20
UNIT_WARRIOR_ORCS,6,kv,ZBRangeAttack,0
UNIT_WARRIOR_ORCS,7,kv,Firepower,1
UNIT_WARRIOR_ORCS,8,kv,Armor,1
UNIT_WARRIOR_ORCS,9,kv,MaxHP,10
UNIT_WARRIOR_ORCS,10,kv,ShieldCost,300
UNIT_WARRIOR_ORCS,11,kv,PowerPoints,100
UNIT_WARRIOR_ORCS,12,kv,ShieldHunger,2
UNIT_WARRIOR_ORCS,13,kv,FoodHunger,0
UNIT_WARRIOR_ORCS,14,kv,MaxMovePoints,100
UNIT_WARRIOR_ORCS,15,kv,VisionRange,1
UNIT_WARRIOR_ORCS,16,kv,EnableAdvance,ADVANCE_DYNASTY_ORCS
UNIT_WARRIOR_ORCS,17,kv,ObsoleteAdvance,ADVANCE_BARRACKS_ORCS
UNIT_WARRIOR_ORCS,18,kv,ActiveDefenseRange,0
UNIT_WARRIOR_ORCS,19,flag,LossMoveToDmgNone,
UNIT_WARRIOR_ORCS,20,kv,MaxFuel,0
UNIT_WARRIOR_ORCS,21,flag,CanEntrench,
UNIT_WARRIOR_ORCS,22,flag,NoZoc,
UNIT_WARRIOR_ORCS,23,flag,CanExpel,
UNIT_WARRIOR_ORCS,24,flag,CanPillage,
UNIT_WARRIOR_ORCS,25,flag,CanPirate,
UNIT_WARRIOR_ORCS,26,flag,ExertsMartialLaw,
UNIT_WARRIOR_ORCS,27,flag,DeathEffectsHappy,
UNIT_WARRIOR_ORCS,28,kv,MountedBonus,0.1
UNIT_WARRIOR_ORCS,29,flag,OnlyBuildOne,
UNIT_WARRIOR_ORCS,30,kv,SoundSelect1,SOUND_SELECT1_WARRIOR
UNIT_WARRIOR_ORCS,31,kv,SoundSelect2,SOUND_SELECT2_WARRIOR
UNIT_WARRIOR_ORCS,32,kv,SoundMove,SOUND_MOVE_WARRIOR
UNIT_WARRIOR_ORCS,33,kv,SoundAcknowledge,SOUND_ACKNOWLEDGE_WARRIOR
UNIT_WARRIOR_ORCS,34,kv,SoundCantMove,SOUND_CANTMOVE_WARRIOR
UNIT_WARRIOR_ORCS,35,kv,SoundAttack,SOUND_ATTACK_WARRIOR
UNIT_WARRIOR_ORCS,36,kv,SoundWork,SOUND_WORK_WARRIOR
UNIT_WARRIOR_ORCS,37,kv,SoundVictory,SOUND_VICTORY_WARRIOR
UNIT_WARRIOR_ORCS,38,kv,SoundDeath,SOUND_DEATH_WARRIOR
UNIT_WARRIOR_ORCS,39,sublist,CanAttack,Land
UNIT_WARRIOR_ORCS,40,sublist,CanAttack,Mountain
UNIT_WARRIOR_ORCS,41,sublist,CanSee,Standard
UNIT_WARRIOR_ORCS,42,sublist,MovementType,Land
UNIT_WARRIOR_ORCS,43,sublist,MovementType,Mountain
UNIT_WARRIOR_ORCS,44,sublist,Size,Medium
UNIT_WARRIOR_ORCS,45,sublist,VisionClass,Standard
UNIT_WARRIOR_ORCS,46,nested,CanReform,"[{""t"": ""kv"", ""k"": ""Sound"", ""v"": ""SOUND_ID_REFORM_CITY""}, {""t"": ""kv"", ""k"": ""Effect"", ""v"": ""SPECEFFECT_REFORMCITY""}]"
UNIT_HOPLITE,0,kv,Description,DESCRIPTION_UNIT_HOPLITE
UNIT_HOPLITE,1,kv,DefaultIcon,ICON_UNIT_HOPLITE
UNIT_HOPLITE,2,kv,DefaultSprite,SPRITE_HOPLITE
UNIT_HOPLITE,3,kv,Category,UNIT_CATEGORY_DEFENSE
UNIT_HOPLITE,4,kv,Attack,25
UNIT_HOPLITE,5,kv,Defense,25
UNIT_HOPLITE,6,kv,ZBRangeAttack,0
UNIT_HOPLITE,7,kv,Firepower,1
UNIT_HOPLITE,8,kv,Armor,1
UNIT_HOPLITE,9,kv,MaxHP,12
UNIT_HOPLITE,10,kv,ShieldCost,450
UNIT_HOPLITE,11,kv,PowerPoints,100
UNIT_HOPLITE,12,kv,ShieldHunger,2
UNIT_HOPLITE,13,kv,FoodHunger,0
UNIT_HOPLITE,14,kv,MaxMovePoints,100
UNIT_HOPLITE,15,kv,VisionRange,1
UNIT_HOPLITE,16,kv,EnableAdvance,ADVANCE_BRONZE_WORKING
UNIT_HOPLITE,17,kv,ObsoleteAdvance,ADVANCE_BARRACKS
UNIT_HOPLITE,18,kv,ActiveDefenseRange,0
UNIT_HOPLITE,19,flag,LossMoveToDmgNone,
UNIT_HOPLITE,20,kv,MaxFuel,0
UNIT_HOPLITE,21,flag,CanEntrench,
UNIT_HOPLITE,22,flag,NoZoc,
UNIT_HOPLITE,23,flag,CanExpel,
UNIT_HOPLITE,24,flag,CanPillage,
UNIT_HOPLITE,25,flag,CanPirate,
UNIT_HOPLITE,26,flag,ExertsMartialLaw,
UNIT_HOPLITE,27,flag,DeathEffectsHappy,
UNIT_HOPLITE,28,flag,BonusAgainstMounted,
UNIT_HOPLITE,29,kv,MountedBonus,0.15
UNIT_HOPLITE,30,flag,OnlyBuildOne,
UNIT_HOPLITE,31,kv,SoundSelect1,SOUND_SELECT1_HOPLITE
UNIT_HOPLITE,32,kv,SoundSelect2,SOUND_SELECT2_HOPLITE
UNIT_HOPLITE,33,kv,SoundMove,SOUND_MOVE_HOPLITE
UNIT_HOPLITE,34,kv,SoundAcknowledge,SOUND_ACKNOWLEDGE_HOPLITE
UNIT_HOPLITE,35,kv,SoundCantMove,SOUND_CANTMOVE_HOPLITE
UNIT_HOPLITE,36,kv,SoundAttack,SOUND_ATTACK_HOPLITE
UNIT_HOPLITE,37,kv,SoundWork,SOUND_WORK_HOPLITE
UNIT_HOPLITE,38,kv,SoundVictory,SOUND_VICTORY_HOPLITE
UNIT_HOPLITE,39,kv,SoundDeath,SOUND_DEATH_HOPLITE
UNIT_HOPLITE,40,sublist,CanAttack,Land
UNIT_HOPLITE,41,sublist,CanAttack,Mountain
UNIT_HOPLITE,42,sublist,CanSee,Standard
UNIT_HOPLITE,43,sublist,MovementType,Land
UNIT_HOPLITE,44,sublist,MovementType,Mountain
UNIT_HOPLITE,45,sublist,Size,Medium
UNIT_HOPLITE,46,sublist,VisionClass,Standard
UNIT_HOPLITE,47,nested,CanReform,"[{""t"": ""kv"", ""k"": ""Sound"", ""v"": ""SOUND_ID_REFORM_CITY""}, {""t"": ""kv"", ""k"": ""Effect"", ""v"": ""SPECEFFECT_REFORMCITY""}]"
UNIT_HOPLITE_ELITE,0,flag,CantBuild,
UNIT_HOPLITE_ELITE,1,kv,Description,DESCRIPTION_UNIT_HOPLITE
UNIT_HOPLITE_ELITE,2,kv,DefaultIcon,ICON_UNIT_HOPLITE_ELITE
UNIT_HOPLITE_ELITE,3,kv,DefaultSprite,SPRITE_HOPLITE_ELITE
UNIT_HOPLITE_ELITE,4,kv,Category,UNIT_CATEGORY_DEFENSE
UNIT_HOPLITE_ELITE,5,kv,Attack,30
UNIT_HOPLITE_ELITE,6,kv,Defense,30
UNIT_HOPLITE_ELITE,7,kv,ZBRangeAttack,0
UNIT_HOPLITE_ELITE,8,kv,Firepower,1
UNIT_HOPLITE_ELITE,9,kv,Armor,1
UNIT_HOPLITE_ELITE,10,kv,MaxHP,14
UNIT_HOPLITE_ELITE,11,kv,ShieldCost,675
UNIT_HOPLITE_ELITE,12,kv,PowerPoints,100
UNIT_HOPLITE_ELITE,13,kv,ShieldHunger,2
UNIT_HOPLITE_ELITE,14,kv,FoodHunger,0
UNIT_HOPLITE_ELITE,15,kv,MaxMovePoints,200
UNIT_HOPLITE_ELITE,16,kv,VisionRange,1
UNIT_HOPLITE_ELITE,17,kv,EnableAdvance,ADVANCE_CITY_STATE_GONDOR
UNIT_HOPLITE_ELITE,18,kv,ObsoleteAdvance,ADVANCE_BARRACKS
UNIT_HOPLITE_ELITE,19,kv,ActiveDefenseRange,0
UNIT_HOPLITE_ELITE,20,flag,LossMoveToDmgNone,
UNIT_HOPLITE_ELITE,21,kv,MaxFuel,0
UNIT_HOPLITE_ELITE,22,flag,CanEntrench,
UNIT_HOPLITE_ELITE,23,flag,CanExpel,
UNIT_HOPLITE_ELITE,24,flag,NoZoc,
UNIT_HOPLITE_ELITE,25,flag,CanPillage,
UNIT_HOPLITE_ELITE,26,flag,CanPirate,
UNIT_HOPLITE_ELITE,27,flag,ExertsMartialLaw,
UNIT_HOPLITE_ELITE,28,flag,DeathEffectsHappy,
UNIT_HOPLITE_ELITE,29,flag,BonusAgainstMounted,
UNIT_HOPLITE_ELITE,30,kv,MountedBonus,0.15
UNIT_HOPLITE_ELITE,31,flag,OnlyBuildOne,
UNIT_HOPLITE_ELITE,32,kv,SoundSelect1,SOUND_SELECT1_HOPLITE
UNIT_HOPLITE_ELITE,33,kv,SoundSelect2,SOUND_SELECT2_HOPLITE
UNIT_HOPLITE_ELITE,34,kv,SoundMove,SOUND_MOVE_HOPLITE
UNIT_HOPLITE_ELITE,35,kv,SoundAcknowledge,SOUND_ACKNOWLEDGE_HOPLITE
UNIT_HOPLITE_ELITE,36,kv,SoundCantMove,SOUND_CANTMOVE_HOPLITE
UNIT_HOPLITE_ELITE,37,kv,SoundAttack,SOUND_ATTACK_HOPLITE
UNIT_HOPLITE_ELITE,38,kv,SoundWork,SOUND_WORK_HOPLITE
UNIT_HOPLITE_ELITE,39,kv,SoundVictory,SOUND_VICTORY_HOPLITE
UNIT_HOPLITE_ELITE,40,kv,SoundDeath,SOUND_DEATH_HOPLITE
UNIT_HOPLITE_ELITE,41,sublist,CanAttack,Land
UNIT_HOPLITE_ELITE,42,sublist,CanAttack,Mountain
UNIT_HOPLITE_ELITE,43,sublist,CanSee,Standard
UNIT_HOPLITE_ELITE,44,sublist,MovementType,Land
UNIT_HOPLITE_ELITE,45,sublist,MovementType,Mountain
UNIT_HOPLITE_ELITE,46,sublist,Size,Medium
UNIT_HOPLITE_ELITE,47,sublist,VisionClass,Standard
UNIT_HOPLITE_ELITE,48,nested,CanReform,"[{""t"": ""kv"", ""k"": ""Sound"", ""v"": ""SOUND_ID_REFORM_CITY""}, {""t"": ""kv"", ""k"": ""Effect"", ""v"": ""SPECEFFECT_REFORMCITY""}]"
UNIT_JANISSARY,0,kv,Description,DESCRIPTION_UNIT_SWORDSMAN
UNIT_JANISSARY,1,kv,DefaultIcon,ICON_UNIT_JANISSARY
UNIT_JANISSARY,2,kv,DefaultSprite,SPRITE_JANISSARY
UNIT_JANISSARY,3,kv,Category,UNIT_CATEGORY_ATTACK
UNIT_JANISSARY,4,kv,Attack,25
UNIT_JANISSARY,5,kv,Defense,30
UNIT_JANISSARY,6,kv,ZBRangeAttack,0
UNIT_JANISSARY,7,kv,Firepower,1
UNIT_JANISSARY,8,kv,Armor,1
UNIT_JANISSARY,9,kv,MaxHP,12
UNIT_JANISSARY,10,kv,ShieldCost,450
UNIT_JANISSARY,11,kv,PowerPoints,100
UNIT_JANISSARY,12,kv,ShieldHunger,2
UNIT_JANISSARY,13,kv,FoodHunger,0
UNIT_JANISSARY,14,kv,MaxMovePoints,100
UNIT_JANISSARY,15,kv,VisionRange,1
UNIT_JANISSARY,16,kv,EnableAdvance,ADVANCE_BRONZE_WORKING_ARNOR
UNIT_JANISSARY,17,kv,ObsoleteAdvance,ADVANCE_BARRACKS
UNIT_JANISSARY,18,kv,ActiveDefenseRange,0
UNIT_JANISSARY,19,flag,LossMoveToDmgNone,
UNIT_JANISSARY,20,kv,MaxFuel,0
UNIT_JANISSARY,21,flag,CanEntrench,
UNIT_JANISSARY,22,flag,NoZoc,
UNIT_JANISSARY,23,flag,CanBeachAssault,
UNIT_JANISSARY,24,flag,CanExpel,
UNIT_JANISSARY,25,flag,CanPillage,
UNIT_JANISSARY,26,flag,CanPirate,
UNIT_JANISSARY,27,flag,ExertsMartialLaw,
UNIT_JANISSARY,28,flag,DeathEffectsHappy,
UNIT_JANISSARY,29,flag,IsSpecialForces,
UNIT_JANISSARY,30,flag,OnlyBuildOne,
UNIT_JANISSARY,31,kv,SoundSelect1,SOUND_SELECT1_SAMURAI
UNIT_JANISSARY,32,kv,SoundSelect2,SOUND_SELECT2_SAMURAI
UNIT_JANISSARY,33,kv,SoundMove,SOUND_MOVE_SAMURAI
UNIT_JANISSARY,34,kv,SoundAcknowledge,SOUND_ACKNOWLEDGE_SAMURAI
UNIT_JANISSARY,35,kv,SoundCantMove,SOUND_CANTMOVE_SAMURAI
UNIT_JANISSARY,36,kv,SoundAttack,SOUND_ATTACK_SAMURAI
UNIT_JANISSARY,37,kv,SoundWork,SOUND_WORK_SAMURAI
UNIT_JANISSARY,38,kv,SoundVictory,SOUND_VICTORY_SAMURAI
UNIT_JANISSARY,39,kv,SoundDeath,SOUND_DEATH_SAMURAI
UNIT_JANISSARY,40,sublist,CanAttack,Land
UNIT_JANISSARY,41,sublist,CanAttack,Mountain
UNIT_JANISSARY,42,sublist,CanSee,Standard
UNIT_JANISSARY,43,sublist,MovementType,Land
UNIT_JANISSARY,44,sublist,MovementType,Mountain
UNIT_JANISSARY,45,sublist,Size,Medium
UNIT_JANISSARY,46,sublist,VisionClass,Standard
UNIT_JANISSARY,47,nested,CanReform,"[{""t"": ""kv"", ""k"": ""Sound"", ""v"": ""SOUND_ID_REFORM_CITY""}, {""t"": ""kv"", ""k"": ""Effect"", ""v"": ""SPECEFFECT_REFORMCITY""}]"
UNIT_HOPLITE_ORCS,0,kv,Description,DESCRIPTION_UNIT_HOPLITE
UNIT_HOPLITE_ORCS,1,kv,DefaultIcon,ICON_UNIT_HOPLITE_ORCS
UNIT_HOPLITE_ORCS,2,kv,DefaultSprite,SPRITE_HOPLITE_ORCS
UNIT_HOPLITE_ORCS,3,kv,Category,UNIT_CATEGORY_DEFENSE
UNIT_HOPLITE_ORCS,4,kv,Attack,30
UNIT_HOPLITE_ORCS,5,kv,Defense,25
UNIT_HOPLITE_ORCS,6,kv,ZBRangeAttack,0
UNIT_HOPLITE_ORCS,7,kv,Firepower,1
UNIT_HOPLITE_ORCS,8,kv,Armor,1
UNIT_HOPLITE_ORCS,9,kv,MaxHP,12
UNIT_HOPLITE_ORCS,10,kv,ShieldCost,375
UNIT_HOPLITE_ORCS,11,kv,PowerPoints,100
UNIT_HOPLITE_ORCS,12,kv,ShieldHunger,2
UNIT_HOPLITE_ORCS,13,kv,FoodHunger,0
UNIT_HOPLITE_ORCS,14,kv,MaxMovePoints,100
UNIT_HOPLITE_ORCS,15,kv,VisionRange,1
UNIT_HOPLITE_ORCS,16,kv,EnableAdvance,ADVANCE_BRONZE_WORKING_ORCS
UNIT_HOPLITE_ORCS,17,kv,ObsoleteAdvance,ADVANCE_BARRACKS_ORCS
UNIT_HOPLITE_ORCS,18,kv,ActiveDefenseRange,0
UNIT_HOPLITE_ORCS,19,flag,LossMoveToDmgNone,
UNIT_HOPLITE_ORCS,20,kv,MaxFuel,0
UNIT_HOPLITE_ORCS,21,flag,CanEntrench,
UNIT_HOPLITE_ORCS,22,flag,NoZoc,
UNIT_HOPLITE_ORCS,23,flag,CanExpel,
UNIT_HOPLITE_ORCS,24,flag,CanPillage,
UNIT_HOPLITE_ORCS,25,flag,CanPirate,
UNIT_HOPLITE_ORCS,26,flag,ExertsMartialLaw,
UNIT_HOPLITE_ORCS,27,flag,DeathEffectsHappy,
UNIT_HOPLITE_ORCS,28,flag,BonusAgainstMounted,
UNIT_HOPLITE_ORCS,29,kv,MountedBonus,0.15
UNIT_HOPLITE_ORCS,30,flag,OnlyBuildOne,
UNIT_HOPLITE_ORCS,31,kv,SoundSelect1,SOUND_SELECT1_HOPLITE
UNIT_HOPLITE_ORCS,32,kv,SoundSelect2,SOUND_SELECT2_HOPLITE
UNIT_HOPLITE_ORCS,33,kv,SoundMove,SOUND_MOVE_HOPLITE
UNIT_HOPLITE_ORCS,34,kv,SoundAcknowledge,SOUND_ACKNOWLEDGE_HOPLITE
UNIT_HOPLITE_ORCS,35,kv,SoundCantMove,SOUND_CANTMOVE_HOPLITE
UNIT_HOPLITE_ORCS,36,kv,SoundAttack,SOUND_ATTACK_HOPLITE
UNIT_HOPLITE_ORCS,37,kv,SoundWork,SOUND_WORK_HOPLITE
UNIT_HOPLITE_ORCS,38,kv,SoundVictory,SOUND_VICTORY_HOPLITE
UNIT_HOPLITE_ORCS,39,kv,SoundDeath,SOUND_DEATH_HOPLITE
UNIT_HOPLITE_ORCS,40,sublist,CanAttack,Land
UNIT_HOPLITE_ORCS,41,sublist,CanAttack,Mountain
UNIT_HOPLITE_ORCS,42,sublist,CanSee,Standard
UNIT_HOPLITE_ORCS,43,sublist,MovementType,Land
UNIT_HOPLITE_ORCS,44,sublist,MovementType,Mountain
UNIT_HOPLITE_ORCS,45,sublist,Size,Medium
UNIT_HOPLITE_ORCS,46,sublist,VisionClass,Standard
UNIT_HOPLITE_ORCS,47,nested,CanReform,"[{""t"": ""kv"", ""k"": ""Sound"", ""v"": ""SOUND_ID_REFORM_CITY""}, {""t"": ""kv"", ""k"": ""Effect"", ""v"": ""SPECEFFECT_REFORMCITY""}]"
UNIT_HYPASPISTS,0,kv,Description,DESCRIPTION_UNIT_WARRIOR
UNIT_HYPASPISTS,1,kv,DefaultIcon,ICON_UNIT_HYPASPISTS
UNIT_HYPASPISTS,2,kv,DefaultSprite,SPRITE_HYPASPISTS
UNIT_HYPASPISTS,3,kv,Category,UNIT_CATEGORY_ATTACK
UNIT_HYPASPISTS,4,kv,Attack,30
UNIT_HYPASPISTS,5,kv,Defense,30
UNIT_HYPASPISTS,6,kv,ZBRangeAttack,0
UNIT_HYPASPISTS,7,kv,Firepower,1
UNIT_HYPASPISTS,8,kv,Armor,1
UNIT_HYPASPISTS,9,kv,MaxHP,13
UNIT_HYPASPISTS,10,kv,ShieldCost,550
UNIT_HYPASPISTS,11,kv,PowerPoints,200
UNIT_HYPASPISTS,12,kv,ShieldHunger,4
UNIT_HYPASPISTS,13,kv,FoodHunger,0
UNIT_HYPASPISTS,14,kv,MaxMovePoints,100
UNIT_HYPASPISTS,15,kv,VisionRange,1
UNIT_HYPASPISTS,16,kv,EnableAdvance,ADVANCE_BARRACKS
UNIT_HYPASPISTS,17,kv,ObsoleteAdvance,ADVANCE_IRON_WORKING
UNIT_HYPASPISTS,18,kv,ActiveDefenseRange,0
UNIT_HYPASPISTS,19,flag,LossMoveToDmgNone,
UNIT_HYPASPISTS,20,kv,MaxFuel,0
UNIT_HYPASPISTS,21,flag,CanEntrench,
UNIT_HYPASPISTS,22,flag,NoZoc,
UNIT_HYPASPISTS,23,flag,CanExpel,
UNIT_HYPASPISTS,24,flag,CanPillage,
UNIT_HYPASPISTS,25,flag,CanPirate,
UNIT_HYPASPISTS,26,flag,ExertsMartialLaw,
UNIT_HYPASPISTS,27,flag,DeathEffectsHappy,
UNIT_HYPASPISTS,28,flag,BonusAgainstMounted,
UNIT_HYPASPISTS,29,kv,MountedBonus,0.2
UNIT_HYPASPISTS,30,flag,OnlyBuildOne,
UNIT_HYPASPISTS,31,kv,SoundSelect1,SOUND_SELECT1_HOPLITE
UNIT_HYPASPISTS,32,kv,SoundSelect2,SOUND_SELECT2_HOPLITE
UNIT_HYPASPISTS,33,kv,SoundMove,SOUND_MOVE_HOPLITE
UNIT_HYPASPISTS,34,kv,SoundAcknowledge,SOUND_ACKNOWLEDGE_HOPLITE
UNIT_HYPASPISTS,35,kv,SoundCantMove,SOUND_CANTMOVE_HOPLITE
UNIT_HYPASPISTS,36,kv,SoundAttack,SOUND_ATTACK_HOPLITE
UNIT_HYPASPISTS,37,kv,SoundWork,SOUND_WORK_HOPLITE
UNIT_HYPASPISTS,38,kv,SoundVictory,SOUND_VICTORY_HOPLITE
UNIT_HYPASPISTS,39,kv,SoundDeath,SOUND_DEATH_HOPLITE
UNIT_HYPASPISTS,40,sublist,CanAttack,Land
UNIT_HYPASPISTS,41,sublist,CanAttack,Mountain
UNIT_HYPASPISTS,42,sublist,CanSee,Standard
UNIT_HYPASPISTS,43,sublist,MovementType,Land
UNIT_HYPASPISTS,44,sublist,MovementType,Mountain
UNIT_HYPASPISTS,45,sublist,Size,Medium
UNIT_HYPASPISTS,46,sublist,VisionClass,Standard
UNIT_HYPASPISTS,47,nested,CanReform,"[{""t"": ""kv"", ""k"": ""Sound"", ""v"": ""SOUND_ID_REFORM_CITY""}, {""t"": ""kv"", ""k"": ""Effect"", ""v"": ""SPECEFFECT_REFORMCITY""}]"
UNIT_HYPASPISTS_ELITE,0,flag,CantBuild,
UNIT_HYPASPISTS_ELITE,1,kv,Description,DESCRIPTION_UNIT_WARRIOR
UNIT_HYPASPISTS_ELITE,2,kv,DefaultIcon,ICON_UNIT_HYPASPISTS_ELITE
UNIT_HYPASPISTS_ELITE,3,kv,DefaultSprite,SPRITE_HYPASPISTS_ELITE
UNIT_HYPASPISTS_ELITE,4,kv,Category,UNIT_CATEGORY_ATTACK
UNIT_HYPASPISTS_ELITE,5,kv,Attack,35
UNIT_HYPASPISTS_ELITE,6,kv,Defense,35
UNIT_HYPASPISTS_ELITE,7,kv,ZBRangeAttack,0
UNIT_HYPASPISTS_ELITE,8,kv,Firepower,1
UNIT_HYPASPISTS_ELITE,9,kv,Armor,1
UNIT_HYPASPISTS_ELITE,10,kv,MaxHP,15
UNIT_HYPASPISTS_ELITE,11,kv,ShieldCost,775
UNIT_HYPASPISTS_ELITE,12,kv,PowerPoints,200
UNIT_HYPASPISTS_ELITE,13,kv,ShieldHunger,4
UNIT_HYPASPISTS_ELITE,14,kv,FoodHunger,0
UNIT_HYPASPISTS_ELITE,15,kv,MaxMovePoints,200
UNIT_HYPASPISTS_ELITE,16,kv,VisionRange,1
UNIT_HYPASPISTS_ELITE,17,kv,EnableAdvance,ADVANCE_HEXTAPUL
UNIT_HYPASPISTS_ELITE,18,kv,ActiveDefenseRange,0
UNIT_HYPASPISTS_ELITE,19,flag,LossMoveToDmgNone,
UNIT_HYPASPISTS_ELITE,20,kv,MaxFuel,0
UNIT_HYPASPISTS_ELITE,21,flag,CanEntrench,
UNIT_HYPASPISTS_ELITE,22,flag,CanExpel,
UNIT_HYPASPISTS_ELITE,23,flag,NoZoc,
UNIT_HYPASPISTS_ELITE,24,flag,CanPillage,
UNIT_HYPASPISTS_ELITE,25,flag,CanPirate,
UNIT_HYPASPISTS_ELITE,26,flag,ExertsMartialLaw,
UNIT_HYPASPISTS_ELITE,27,flag,DeathEffectsHappy,
UNIT_HYPASPISTS_ELITE,28,flag,BonusAgainstMounted,
UNIT_HYPASPISTS_ELITE,29,kv,MountedBonus,0.2
UNIT_HYPASPISTS_ELITE,30,flag,OnlyBuildOne,
UNIT_HYPASPISTS_ELITE,31,kv,SoundSelect1,SOUND_SELECT1_HOPLITE
UNIT_HYPASPISTS_ELITE,32,kv,SoundSelect2,SOUND_SELECT2_HOPLITE
UNIT_HYPASPISTS_ELITE,33,kv,SoundMove,SOUND_MOVE_HOPLITE
UNIT_HYPASPISTS_ELITE,34,kv,SoundAcknowledge,SOUND_ACKNOWLEDGE_HOPLITE
UNIT_HYPASPISTS_ELITE,35,kv,SoundCantMove,SOUND_CANTMOVE_HOPLITE
UNIT_HYPASPISTS_ELITE,36,kv,SoundAttack,SOUND_ATTACK_HOPLITE
UNIT_HYPASPISTS_ELITE,37,kv,SoundWork,SOUND_WORK_HOPLITE
UNIT_HYPASPISTS_ELITE,38,kv,SoundVictory,SOUND_VICTORY_HOPLITE
UNIT_HYPASPISTS_ELITE,39,kv,SoundDeath,SOUND_DEATH_HOPLITE
UNIT_HYPASPISTS_ELITE,40,sublist,CanAttack,Land
UNIT_HYPASPISTS_ELITE,41,sublist,CanAttack,Mountain
UNIT_HYPASPISTS_ELITE,42,sublist,CanSee,Standard
UNIT_HYPASPISTS_ELITE,43,sublist,MovementType,Land
UNIT_HYPASPISTS_ELITE,44,sublist,MovementType,Mountain
UNIT_HYPASPISTS_ELITE,45,sublist,Size,Medium
UNIT_HYPASPISTS_ELITE,46,sublist,VisionClass,Standard
UNIT_HYPASPISTS_ELITE,47,nested,CanReform,"[{""t"": ""kv"", ""k"": ""Sound"", ""v"": ""SOUND_ID_REFORM_CITY""}, {""t"": ""kv"", ""k"": ""Effect"", ""v"": ""SPECEFFECT_REFORMCITY""}]"
UNIT_HYPASPISTS_ORCS,0,kv,Description,DESCRIPTION_UNIT_WARRIOR
UNIT_HYPASPISTS_ORCS,1,kv,DefaultIcon,ICON_UNIT_HYPASPISTS_ORCS
UNIT_HYPASPISTS_ORCS,2,kv,DefaultSprite,SPRITE_HYPASPISTS_ORCS
UNIT_HYPASPISTS_ORCS,3,kv,Category,UNIT_CATEGORY_ATTACK
UNIT_HYPASPISTS_ORCS,4,kv,Attack,35
UNIT_HYPASPISTS_ORCS,5,kv,Defense,30
UNIT_HYPASPISTS_ORCS,6,kv,ZBRangeAttack,0
UNIT_HYPASPISTS_ORCS,7,kv,Firepower,1
UNIT_HYPASPISTS_ORCS,8,kv,Armor,1
UNIT_HYPASPISTS_ORCS,9,kv,MaxHP,13
UNIT_HYPASPISTS_ORCS,10,kv,ShieldCost,525
UNIT_HYPASPISTS_ORCS,11,kv,PowerPoints,200
UNIT_HYPASPISTS_ORCS,12,kv,ShieldHunger,4
UNIT_HYPASPISTS_ORCS,13,kv,FoodHunger,0
UNIT_HYPASPISTS_ORCS,14,kv,MaxMovePoints,100
UNIT_HYPASPISTS_ORCS,15,kv,VisionRange,1
UNIT_HYPASPISTS_ORCS,16,kv,EnableAdvance,ADVANCE_BARRACKS_ORCS
UNIT_HYPASPISTS_ORCS,17,kv,ObsoleteAdvance,ADVANCE_IRON_WORKING_ORCS
UNIT_HYPASPISTS_ORCS,18,kv,ActiveDefenseRange,0
UNIT_HYPASPISTS_ORCS,19,flag,LossMoveToDmgNone,
UNIT_HYPASPISTS_ORCS,20,kv,MaxFuel,0
UNIT_HYPASPISTS_ORCS,21,flag,CanEntrench,
UNIT_HYPASPISTS_ORCS,22,flag,NoZoc,
UNIT_HYPASPISTS_ORCS,23,flag,CanExpel,
UNIT_HYPASPISTS_ORCS,24,flag,CanPillage,
UNIT_HYPASPISTS_ORCS,25,flag,CanPirate,
UNIT_HYPASPISTS_ORCS,26,flag,ExertsMartialLaw,
UNIT_HYPASPISTS_ORCS,27,flag,DeathEffectsHappy,
UNIT_HYPASPISTS_ORCS,28,flag,BonusAgainstMounted,
UNIT_HYPASPISTS_ORCS,29,kv,MountedBonus,0.2
UNIT_HYPASPISTS_ORCS,30,flag,OnlyBuildOne,
UNIT_HYPASPISTS_ORCS,31,kv,SoundSelect1,SOUND_SELECT1_HOPLITE
UNIT_HYPASPISTS_ORCS,32,kv,SoundSelect2,SOUND_SELECT2_HOPLITE
UNIT_HYPASPISTS_ORCS,33,kv,SoundMove,SOUND_MOVE_HOPLITE
UNIT_HYPASPISTS_ORCS,34,kv,SoundAcknowledge,SOUND_ACKNOWLEDGE_HOPLITE
UNIT_HYPASPISTS_ORCS,35,kv,SoundCantMove,SOUND_CANTMOVE_HOPLITE
UNIT_HYPASPISTS_ORCS,36,kv,SoundAttack,SOUND_ATTACK_HOPLITE
UNIT_HYPASPISTS_ORCS,37,kv,SoundWork,SOUND_WORK_HOPLITE
UNIT_HYPASPISTS_ORCS,38,kv,SoundVictory,SOUND_VICTORY_HOPLITE
UNIT_HYPASPISTS_ORCS,39,kv,SoundDeath,SOUND_DEATH_HOPLITE
UNIT_HYPASPISTS_ORCS,40,sublist,CanAttack,Land
UNIT_HYPASPISTS_ORCS,41,sublist,CanAttack,Mountain
UNIT_HYPASPISTS_ORCS,42,sublist,CanSee,Standard
UNIT_HYPASPISTS_ORCS,43,sublist,MovementType,Land
UNIT_HYPASPISTS_ORCS,44,sublist,MovementType,Mountain
UNIT_HYPASPISTS_ORCS,45,sublist,Size,Medium
UNIT_HYPASPISTS_ORCS,46,sublist,VisionClass,Standard
UNIT_HYPASPISTS_ORCS,47,nested,CanReform,"[{""t"": ""kv"", ""k"": ""Sound"", ""v"": ""SOUND_ID_REFORM_CITY""}, {""t"": ""kv"", ""k"": ""Effect"", ""v"": ""SPECEFFECT_REFORMCITY""}]"
UNIT_PEZHETEROI,0,kv,Description,DESCRIPTION_UNIT_WARRIOR
UNIT_PEZHETEROI,1,kv,DefaultIcon,ICON_UNIT_PEZHETEROI
UNIT_PEZHETEROI,2,kv,DefaultSprite,SPRITE_PEZHETEROI
UNIT_PEZHETEROI,3,kv,Category,UNIT_CATEGORY_DEFENSE
UNIT_PEZHETEROI,4,kv,Attack,30
UNIT_PEZHETEROI,5,kv,Defense,45
UNIT_PEZHETEROI,6,kv,ZBRangeAttack,0
UNIT_PEZHETEROI,7,kv,Firepower,2
UNIT_PEZHETEROI,8,kv,Armor,1
UNIT_PEZHETEROI,9,kv,MaxHP,15
UNIT_PEZHETEROI,10,kv,ShieldCost,675
UNIT_PEZHETEROI,11,kv,PowerPoints,200
UNIT_PEZHETEROI,12,kv,ShieldHunger,5
UNIT_PEZHETEROI,13,kv,FoodHunger,0
UNIT_PEZHETEROI,14,kv,MaxMovePoints,200
UNIT_PEZHETEROI,15,kv,VisionRange,1
UNIT_PEZHETEROI,16,kv,EnableAdvance,ADVANCE_REPUBLIC_GONDOR
UNIT_PEZHETEROI,17,kv,GovernmentType,GOVERNMENT_REPUBLIC
UNIT_PEZHETEROI,18,kv,ActiveDefenseRange,0
UNIT_PEZHETEROI,19,flag,LossMoveToDmgNone,
UNIT_PEZHETEROI,20,kv,MaxFuel,0
UNIT_PEZHETEROI,21,flag,CanEntrench,
UNIT_PEZHETEROI,22,flag,NoZoc,
UNIT_PEZHETEROI,23,flag,CanBeachAssault,
UNIT_PEZHETEROI,24,flag,CanExpel,
UNIT_PEZHETEROI,25,flag,CanPillage,
UNIT_PEZHETEROI,26,flag,CanPirate,
UNIT_PEZHETEROI,27,flag,ExertsMartialLaw,
UNIT_PEZHETEROI,28,flag,DeathEffectsHappy,
UNIT_PEZHETEROI,29,flag,IsSpecialForces,
UNIT_PEZHETEROI,30,flag,BonusAgainstMounted,
UNIT_PEZHETEROI,31,kv,MountedBonus,0.2
UNIT_PEZHETEROI,32,flag,OnlyBuildOne,
UNIT_PEZHETEROI,33,kv,SoundSelect1,SOUND_SELECT1_SAMURAI
UNIT_PEZHETEROI,34,kv,SoundSelect2,SOUND_SELECT2_SAMURAI
UNIT_PEZHETEROI,35,kv,SoundMove,SOUND_MOVE_SAMURAI
UNIT_PEZHETEROI,36,kv,SoundAcknowledge,SOUND_ACKNOWLEDGE_SAMURAI
UNIT_PEZHETEROI,37,kv,SoundCantMove,SOUND_CANTMOVE_SAMURAI
UNIT_PEZHETEROI,38,kv,SoundAttack,SOUND_ATTACK_SAMURAI
UNIT_PEZHETEROI,39,kv,SoundWork,SOUND_WORK_SAMURAI
UNIT_PEZHETEROI,40,kv,SoundVictory,SOUND_VICTORY_SAMURAI
UNIT_PEZHETEROI,41,kv,SoundDeath,SOUND_DEATH_SAMURAI
UNIT_PEZHETEROI,42,sublist,CanAttack,Land
UNIT_PEZHETEROI,43,sublist,CanAttack,Mountain
UNIT_PEZHETEROI,44,sublist,CanSee,Standard
UNIT_PEZHETEROI,45,sublist,MovementType,Land
UNIT_PEZHETEROI,46,sublist,MovementType,Mountain
UNIT_PEZHETEROI,47,sublist,Size,Medium
UNIT_PEZHETEROI,48,sublist,VisionClass,Standard
UNIT_PEZHETEROI,49,nested,CanReform,"[{""t"": ""kv"", ""k"": ""Sound"", ""v"": ""SOUND_ID_REFORM_CITY""}, {""t"": ""kv"", ""k"": ""Effect"", ""v"": ""SPECEFFECT_REFORMCITY""}]"
UNIT_LEGION,0,kv,Description,DESCRIPTION_UNIT_KNIGHT
UNIT_LEGION,1,kv,DefaultIcon,ICON_UNIT_LEGION
UNIT_LEGION,2,kv,DefaultSprite,SPRITE_LEGION
UNIT_LEGION,3,kv,Category,UNIT_CATEGORY_ATTACK
UNIT_LEGION,4,kv,Attack,35
UNIT_LEGION,5,kv,Defense,35
UNIT_LEGION,6,kv,ZBRangeAttack,0
UNIT_LEGION,7,kv,Firepower,2
UNIT_LEGION,8,kv,Armor,1
UNIT_LEGION,9,kv,MaxHP,15
UNIT_LEGION,10,kv,ShieldCost,750
UNIT_LEGION,11,kv,PowerPoints,300
UNIT_LEGION,12,kv,ShieldHunger,5
UNIT_LEGION,13,kv,FoodHunger,0
UNIT_LEGION,14,kv,MaxMovePoints,100
UNIT_LEGION,15,kv,VisionRange,1
UNIT_LEGION,16,kv,EnableAdvance,ADVANCE_IRON_WORKING
UNIT_LEGION,17,kv,ActiveDefenseRange,0
UNIT_LEGION,18,flag,LossMoveToDmgNone,
UNIT_LEGION,19,kv,MaxFuel,0
UNIT_LEGION,20,flag,CanEntrench,
UNIT_LEGION,21,flag,NoZoc,
UNIT_LEGION,22,flag,CanBeachAssault,
UNIT_LEGION,23,flag,CanExpel,
UNIT_LEGION,24,flag,CanPillage,
UNIT_LEGION,25,flag,CanPirate,
UNIT_LEGION,26,flag,BonusAgainstMounted,
UNIT_LEGION,27,kv,MountedBonus,0.25
UNIT_LEGION,28,flag,ExertsMartialLaw,
UNIT_LEGION,29,flag,DeathEffectsHappy,
UNIT_LEGION,30,flag,OnlyBuildOne,
UNIT_LEGION,31,kv,SoundSelect1,SOUND_SELECT1_SAMURAI
UNIT_LEGION,32,kv,SoundSelect2,SOUND_SELECT2_SAMURAI
UNIT_LEGION,33,kv,SoundMove,SOUND_MOVE_SAMURAI
UNIT_LEGION,34,kv,SoundAcknowledge,SOUND_ACKNOWLEDGE_SAMURAI
UNIT_LEGION,35,kv,SoundCantMove,SOUND_CANTMOVE_SAMURAI
UNIT_LEGION,36,kv,SoundAttack,SOUND_ATTACK_SAMURAI
UNIT_LEGION,37,kv,SoundWork,SOUND_WORK_SAMURAI
UNIT_LEGION,38,kv,SoundVictory,SOUND_VICTORY_SAMURAI
UNIT_LEGION,39,kv,SoundDeath,SOUND_DEATH_SAMURAI
UNIT_LEGION,40,sublist,CanAttack,Land
UNIT_LEGION,41,sublist,CanAttack,Mountain
UNIT_LEGION,42,sublist,CanSee,Standard
UNIT_LEGION,43,sublist,MovementType,Land
UNIT_LEGION,44,sublist,MovementType,Mountain
UNIT_LEGION,45,sublist,Size,Medium
UNIT_LEGION,46,sublist,VisionClass,Standard
UNIT_LEGION,47,nested,CanReform,"[{""t"": ""kv"", ""k"": ""Sound"", ""v"": ""SOUND_ID_REFORM_CITY""}, {""t"": ""kv"", ""k"": ""Effect"", ""v"": ""SPECEFFECT_REFORMCITY""}]"
UNIT_LEGION_ELITE,0,flag,CantBuild,
UNIT_LEGION_ELITE,1,kv,Description,DESCRIPTION_UNIT_KNIGHT
UNIT_LEGION_ELITE,2,kv,DefaultIcon,ICON_UNIT_LEGION_ELITE
UNIT_LEGION_ELITE,3,kv,DefaultSprite,SPRITE_LEGION_ELITE
UNIT_LEGION_ELITE,4,kv,Category,UNIT_CATEGORY_ATTACK
UNIT_LEGION_ELITE,5,kv,Attack,40
UNIT_LEGION_ELITE,6,kv,Defense,40
UNIT_LEGION_ELITE,7,kv,ZBRangeAttack,0
UNIT_LEGION_ELITE,8,kv,Firepower,2
UNIT_LEGION_ELITE,9,kv,Armor,1
UNIT_LEGION_ELITE,10,kv,MaxHP,17
UNIT_LEGION_ELITE,11,kv,ShieldCost,1000
UNIT_LEGION_ELITE,12,kv,PowerPoints,300
UNIT_LEGION_ELITE,13,kv,ShieldHunger,5
UNIT_LEGION_ELITE,14,kv,FoodHunger,0
UNIT_LEGION_ELITE,15,kv,MaxMovePoints,200
UNIT_LEGION_ELITE,16,kv,VisionRange,1
UNIT_LEGION_ELITE,17,kv,EnableAdvance,ADVANCE_BUREAUCRACY_EASTERLING
UNIT_LEGION_ELITE,18,kv,ActiveDefenseRange,0
UNIT_LEGION_ELITE,19,flag,LossMoveToDmgNone,
UNIT_LEGION_ELITE,20,kv,MaxFuel,0
UNIT_LEGION_ELITE,21,flag,CanEntrench,
UNIT_LEGION_ELITE,22,flag,CanBeachAssault,
UNIT_LEGION_ELITE,23,flag,CanExpel,
UNIT_LEGION_ELITE,24,flag,NoZoc,
UNIT_LEGION_ELITE,25,flag,CanPillage,
UNIT_LEGION_ELITE,26,flag,CanPirate,
UNIT_LEGION_ELITE,27,flag,BonusAgainstMounted,
UNIT_LEGION_ELITE,28,kv,MountedBonus,0.25
UNIT_LEGION_ELITE,29,flag,ExertsMartialLaw,
UNIT_LEGION_ELITE,30,flag,DeathEffectsHappy,
UNIT_LEGION_ELITE,31,flag,OnlyBuildOne,
UNIT_LEGION_ELITE,32,kv,SoundSelect1,SOUND_SELECT1_SAMURAI
UNIT_LEGION_ELITE,33,kv,SoundSelect2,SOUND_SELECT2_SAMURAI
UNIT_LEGION_ELITE,34,kv,SoundMove,SOUND_MOVE_SAMURAI
UNIT_LEGION_ELITE,35,kv,SoundAcknowledge,SOUND_ACKNOWLEDGE_SAMURAI
UNIT_LEGION_ELITE,36,kv,SoundCantMove,SOUND_CANTMOVE_SAMURAI
UNIT_LEGION_ELITE,37,kv,SoundAttack,SOUND_ATTACK_SAMURAI
UNIT_LEGION_ELITE,38,kv,SoundWork,SOUND_WORK_SAMURAI
UNIT_LEGION_ELITE,39,kv,SoundVictory,SOUND_VICTORY_SAMURAI
UNIT_LEGION_ELITE,40,kv,SoundDeath,SOUND_DEATH_SAMURAI
UNIT_LEGION_ELITE,41,sublist,CanAttack,Land
UNIT_LEGION_ELITE,42,sublist,CanAttack,Mountain
UNIT_LEGION_ELITE,43,sublist,CanSee,Standard
UNIT_LEGION_ELITE,44,sublist,MovementType,Land
UNIT_LEGION_ELITE,45,sublist,MovementType,Mountain
UNIT_LEGION_ELITE,46,sublist,Size,Medium
UNIT_LEGION_ELITE,47,sublist,VisionClass,Standard
UNIT_LEGION_ELITE,48,nested,CanReform,"[{""t"": ""kv"", ""k"": ""Sound"", ""v"": ""SOUND_ID_REFORM_CITY""}, {""t"": ""kv"", ""k"": ""Effect"", ""v"": ""SPECEFFECT_REFORMCITY""}]"
UNIT_LEGION_ISENGARD,0,kv,Description,DESCRIPTION_UNIT_KNIGHT
UNIT_LEGION_ISENGARD,1,kv,DefaultIcon,ICON_UNIT_LEGION_ISENGARD
UNIT_LEGION_ISENGARD,2,kv,DefaultSprite,SPRITE_LEGION_ISENGARD
UNIT_LEGION_ISENGARD,3,kv,Category,UNIT_CATEGORY_ATTACK
UNIT_LEGION_ISENGARD,4,kv,Attack,40
UNIT_LEGION_ISENGARD,5,kv,Defense,35
UNIT_LEGION_ISENGARD,6,kv,ZBRangeAttack,0
UNIT_LEGION_ISENGARD,7,kv,Firepower,2
UNIT_LEGION_ISENGARD,8,kv,Armor,1
UNIT_LEGION_ISENGARD,9,kv,MaxHP,15
UNIT_LEGION_ISENGARD,10,kv,ShieldCost,700
UNIT_LEGION_ISENGARD,11,kv,PowerPoints,300
UNIT_LEGION_ISENGARD,12,kv,ShieldHunger,5
UNIT_LEGION_ISENGARD,13,kv,FoodHunger,0
UNIT_LEGION_ISENGARD,14,kv,MaxMovePoints,200
UNIT_LEGION_ISENGARD,15,kv,VisionRange,1
UNIT_LEGION_ISENGARD,16,kv,EnableAdvance,ADVANCE_IRON_WORKING_ISENGARD
UNIT_LEGION_ISENGARD,17,kv,ActiveDefenseRange,0
UNIT_LEGION_ISENGARD,18,flag,LossMoveToDmgNone,
UNIT_LEGION_ISENGARD,19,kv,MaxFuel,0
UNIT_LEGION_ISENGARD,20,flag,CanEntrench,
UNIT_LEGION_ISENGARD,21,flag,NoZoc,
UNIT_LEGION_ISENGARD,22,flag,CanBeachAssault,
UNIT_LEGION_ISENGARD,23,flag,CanExpel,
UNIT_LEGION_ISENGARD,24,flag,CanPillage,
UNIT_LEGION_ISENGARD,25,flag,CanPirate,
UNIT_LEGION_ISENGARD,26,flag,BonusAgainstMounted,
UNIT_LEGION_ISENGARD,27,kv,MountedBonus,0.25
UNIT_LEGION_ISENGARD,28,flag,ExertsMartialLaw,
UNIT_LEGION_ISENGARD,29,flag,DeathEffectsHappy,
UNIT_LEGION_ISENGARD,30,flag,OnlyBuildOne,
UNIT_LEGION_ISENGARD,31,kv,SoundSelect1,SOUND_SELECT1_SAMURAI
UNIT_LEGION_ISENGARD,32,kv,SoundSelect2,SOUND_SELECT2_SAMURAI
UNIT_LEGION_ISENGARD,33,kv,SoundMove,SOUND_MOVE_SAMURAI
UNIT_LEGION_ISENGARD,34,kv,SoundAcknowledge,SOUND_ACKNOWLEDGE_SAMURAI
UNIT_LEGION_ISENGARD,35,kv,SoundCantMove,SOUND_CANTMOVE_SAMURAI
UNIT_LEGION_ISENGARD,36,kv,SoundAttack,SOUND_ATTACK_SAMURAI
UNIT_LEGION_ISENGARD,37,kv,SoundWork,SOUND_WORK_SAMURAI
UNIT_LEGION_ISENGARD,38,kv,SoundVictory,SOUND_VICTORY_SAMURAI
UNIT_LEGION_ISENGARD,39,kv,SoundDeath,SOUND_DEATH_SAMURAI
UNIT_LEGION_ISENGARD,40,sublist,CanAttack,Land
UNIT_LEGION_ISENGARD,41,sublist,CanAttack,Mountain
UNIT_LEGION_ISENGARD,42,sublist,CanSee,Standard
UNIT_LEGION_ISENGARD,43,sublist,MovementType,Land
UNIT_LEGION_ISENGARD,44,sublist,MovementType,Mountain
UNIT_LEGION_ISENGARD,45,sublist,Size,Medium
UNIT_LEGION_ISENGARD,46,sublist,VisionClass,Standard
UNIT_LEGION_ISENGARD,47,nested,CanReform,"[{""t"": ""kv"", ""k"": ""Sound"", ""v"": ""SOUND_ID_REFORM_CITY""}, {""t"": ""kv"", ""k"": ""Effect"", ""v"": ""SPECEFFECT_REFORMCITY""}]"
UNIT_LEGION_ORCS,0,kv,Description,DESCRIPTION_UNIT_KNIGHT
UNIT_LEGION_ORCS,1,kv,DefaultIcon,ICON_UNIT_LEGION_ORCS
UNIT_LEGION_ORCS,2,kv,DefaultSprite,SPRITE_LEGION_ORCS
UNIT_LEGION_ORCS,3,kv,Category,UNIT_CATEGORY_ATTACK
UNIT_LEGION_ORCS,4,kv,Attack,40
UNIT_LEGION_ORCS,5,kv,Defense,40
UNIT_LEGION_ORCS,6,kv,ZBRangeAttack,0
UNIT_LEGION_ORCS,7,kv,Firepower,2
UNIT_LEGION_ORCS,8,kv,Armor,1
UNIT_LEGION_ORCS,9,kv,MaxHP,15
UNIT_LEGION_ORCS,10,kv,ShieldCost,700
UNIT_LEGION_ORCS,11,kv,PowerPoints,300
UNIT_LEGION_ORCS,12,kv,ShieldHunger,5
UNIT_LEGION_ORCS,13,kv,FoodHunger,0
UNIT_LEGION_ORCS,14,kv,MaxMovePoints,100
UNIT_LEGION_ORCS,15,kv,VisionRange,1
UNIT_LEGION_ORCS,16,kv,EnableAdvance,ADVANCE_IRON_WORKING_ORCS
UNIT_LEGION_ORCS,17,kv,ActiveDefenseRange,0
UNIT_LEGION_ORCS,18,flag,LossMoveToDmgNone,
UNIT_LEGION_ORCS,19,kv,MaxFuel,0
UNIT_LEGION_ORCS,20,flag,CanEntrench,
UNIT_LEGION_ORCS,21,flag,NoZoc,
UNIT_LEGION_ORCS,22,flag,CanBeachAssault,
UNIT_LEGION_ORCS,23,flag,CanExpel,
UNIT_LEGION_ORCS,24,flag,CanPillage,
UNIT_LEGION_ORCS,25,flag,CanPirate,
UNIT_LEGION_ORCS,26,flag,BonusAgainstMounted,
UNIT_LEGION_ORCS,27,kv,MountedBonus,0.25
UNIT_LEGION_ORCS,28,flag,ExertsMartialLaw,
UNIT_LEGION_ORCS,29,flag,DeathEffectsHappy,
UNIT_LEGION_ORCS,30,flag,OnlyBuildOne,
UNIT_LEGION_ORCS,31,kv,SoundSelect1,SOUND_SELECT1_SAMURAI
UNIT_LEGION_ORCS,32,kv,SoundSelect2,SOUND_SELECT2_SAMURAI
UNIT_LEGION_ORCS,33,kv,SoundMove,SOUND_MOVE_SAMURAI
UNIT_LEGION_ORCS,34,kv,SoundAcknowledge,SOUND_ACKNOWLEDGE_SAMURAI
UNIT_LEGION_ORCS,35,kv,SoundCantMove,SOUND_CANTMOVE_SAMURAI
UNIT_LEGION_ORCS,36,kv,SoundAttack,SOUND_ATTACK_SAMURAI
UNIT_LEGION_ORCS,37,kv,SoundWork,SOUND_WORK_SAMURAI
UNIT_LEGION_ORCS,38,kv,SoundVictory,SOUND_VICTORY_SAMURAI
UNIT_LEGION_ORCS,39,kv,SoundDeath,SOUND_DEATH_SAMURAI
UNIT_LEGION_ORCS,40,sublist,CanAttack,Land
UNIT_LEGION_ORCS,41,sublist,CanAttack,Mountain
UNIT_LEGION_ORCS,42,sublist,CanSee,Standard
UNIT_LEGION_ORCS,43,sublist,MovementType,Land
UNIT_LEGION_ORCS,44,sublist,MovementType,Mountain
UNIT_LEGION_ORCS,45,sublist,Size,Medium
UNIT_LEGION_ORCS,46,sublist,VisionClass,Standard
UNIT_LEGION_ORCS,47,nested,CanReform,"[{""t"": ""kv"", ""k"": ""Sound"", ""v"": ""SOUND_ID_REFORM_CITY""}, {""t"": ""kv"", ""k"": ""Effect"", ""v"": ""SPECEFFECT_REFORMCITY""}]"
UNIT_LEGION_DWARVES,0,kv,Description,DESCRIPTION_UNIT_KNIGHT
UNIT_LEGION_DWARVES,1,kv,DefaultIcon,ICON_UNIT_LEGION_DWARVES
UNIT_LEGION_DWARVES,2,kv,DefaultSprite,SPRITE_LEGION_DWARVES
UNIT_LEGION_DWARVES,3,kv,Category,UNIT_CATEGORY_ATTACK
UNIT_LEGION_DWARVES,4,kv,Attack,35
UNIT_LEGION_DWARVES,5,kv,Defense,45
UNIT_LEGION_DWARVES,6,kv,ZBRangeAttack,0
UNIT_LEGION_DWARVES,7,kv,Firepower,2
UNIT_LEGION_DWARVES,8,kv,Armor,1
UNIT_LEGION_DWARVES,9,kv,MaxHP,15
UNIT_LEGION_DWARVES,10,kv,ShieldCost,700
UNIT_LEGION_DWARVES,11,kv,PowerPoints,300
UNIT_LEGION_DWARVES,12,kv,ShieldHunger,5
UNIT_LEGION_DWARVES,13,kv,FoodHunger,0
UNIT_LEGION_DWARVES,14,kv,MaxMovePoints,100
UNIT_LEGION_DWARVES,15,kv,VisionRange,1
UNIT_LEGION_DWARVES,16,kv,EnableAdvance,ADVANCE_IRON_WORKING_DWARVES
UNIT_LEGION_DWARVES,17,kv,ActiveDefenseRange,0
UNIT_LEGION_DWARVES,18,flag,LossMoveToDmgNone,
UNIT_LEGION_DWARVES,19,kv,MaxFuel,0
UNIT_LEGION_DWARVES,20,flag,CanEntrench,
UNIT_LEGION_DWARVES,21,flag,NoZoc,
UNIT_LEGION_DWARVES,22,flag,CanBeachAssault,
UNIT_LEGION_DWARVES,23,flag,CanExpel,
UNIT_LEGION_DWARVES,24,flag,CanPillage,
UNIT_LEGION_DWARVES,25,flag,CanPirate,
UNIT_LEGION_DWARVES,26,flag,BonusAgainstMounted,
UNIT_LEGION_DWARVES,27,kv,MountedBonus,0.25
UNIT_LEGION_DWARVES,28,flag,ExertsMartialLaw,
UNIT_LEGION_DWARVES,29,flag,DeathEffectsHappy,
UNIT_LEGION_DWARVES,30,flag,OnlyBuildOne,
UNIT_LEGION_DWARVES,31,kv,SoundSelect1,SOUND_SELECT1_SAMURAI
UNIT_LEGION_DWARVES,32,kv,SoundSelect2,SOUND_SELECT2_SAMURAI
UNIT_LEGION_DWARVES,33,kv,SoundMove,SOUND_MOVE_SAMURAI
UNIT_LEGION_DWARVES,34,kv,SoundAcknowledge,SOUND_ACKNOWLEDGE_SAMURAI
UNIT_LEGION_DWARVES,35,kv,SoundCantMove,SOUND_CANTMOVE_SAMURAI
UNIT_LEGION_DWARVES,36,kv,SoundAttack,SOUND_ATTACK_SAMURAI
UNIT_LEGION_DWARVES,37,kv,SoundWork,SOUND_WORK_SAMURAI
UNIT_LEGION_DWARVES,38,kv,SoundVictory,SOUND_VICTORY_SAMURAI
UNIT_LEGION_DWARVES,39,kv,SoundDeath,SOUND_DEATH_SAMURAI
UNIT_LEGION_DWARVES,40,sublist,CanAttack,Land
UNIT_LEGION_DWARVES,41,sublist,CanAttack,Mountain
UNIT_LEGION_DWARVES,42,sublist,CanSee,Standard
UNIT_LEGION_DWARVES,43,sublist,MovementType,Land
UNIT_LEGION_DWARVES,44,sublist,MovementType,Mountain
UNIT_LEGION_DWARVES,45,sublist,Size,Medium
UNIT_LEGION_DWARVES,46,sublist,VisionClass,Standard
UNIT_LEGION_DWARVES,47,nested,CanReform,"[{""t"": ""kv"", ""k"": ""Sound"", ""v"": ""SOUND_ID_REFORM_CITY""}, {""t"": ""kv"", ""k"": ""Effect"", ""v"": ""SPECEFFECT_REFORMCITY""}]"
UNIT_MAN_AT_ARMS,0,kv,Description,DESCRIPTION_UNIT_PIKEMEN
UNIT_MAN_AT_ARMS,1,kv,DefaultIcon,ICON_UNIT_MAN_AT_ARMS
UNIT_MAN_AT_ARMS,2,kv,DefaultSprite,SPRITE_MAN_AT_ARMS
UNIT_MAN_AT_ARMS,3,kv,Category,UNIT_CATEGORY_DEFENSE
UNIT_MAN_AT_ARMS,4,kv,Attack,50
UNIT_MAN_AT_ARMS,5,kv,Defense,40
UNIT_MAN_AT_ARMS,6,kv,ZBRangeAttack,0
UNIT_MAN_AT_ARMS,7,kv,Firepower,2
UNIT_MAN_AT_ARMS,8,kv,Armor,1
UNIT_MAN_AT_ARMS,9,kv,MaxHP,16
UNIT_MAN_AT_ARMS,10,kv,ShieldCost,1000
UNIT_MAN_AT_ARMS,11,kv,PowerPoints,400
UNIT_MAN_AT_ARMS,12,kv,ShieldHunger,6
UNIT_MAN_AT_ARMS,13,kv,FoodHunger,0
UNIT_MAN_AT_ARMS,14,kv,MaxMovePoints,100
UNIT_MAN_AT_ARMS,15,kv,VisionRange,1
UNIT_MAN_AT_ARMS,16,kv,EnableAdvance,ADVANCE_DICTATORSHIP
UNIT_MAN_AT_ARMS,17,kv,ActiveDefenseRange,0
UNIT_MAN_AT_ARMS,18,flag,LossMoveToDmgNone,
UNIT_MAN_AT_ARMS,19,kv,MaxFuel,0
UNIT_MAN_AT_ARMS,20,flag,CanEntrench,
UNIT_MAN_AT_ARMS,21,flag,NoZoc,
UNIT_MAN_AT_ARMS,22,flag,CanExpel,
UNIT_MAN_AT_ARMS,23,flag,CanPillage,
UNIT_MAN_AT_ARMS,24,flag,CanPirate,
UNIT_MAN_AT_ARMS,25,flag,ExertsMartialLaw,
UNIT_MAN_AT_ARMS,26,flag,DeathEffectsHappy,
UNIT_MAN_AT_ARMS,27,flag,BonusAgainstMounted,
UNIT_MAN_AT_ARMS,28,kv,MountedBonus,0.25
UNIT_MAN_AT_ARMS,29,flag,OnlyBuildOne,
UNIT_MAN_AT_ARMS,30,kv,SoundSelect1,SOUND_SELECT1_PIKEMEN
UNIT_MAN_AT_ARMS,31,kv,SoundSelect2,SOUND_SELECT2_PIKEMEN
UNIT_MAN_AT_ARMS,32,kv,SoundMove,SOUND_MOVE_PIKEMEN
UNIT_MAN_AT_ARMS,33,kv,SoundAcknowledge,SOUND_ACKNOWLEDGE_PIKEMEN
UNIT_MAN_AT_ARMS,34,kv,SoundCantMove,SOUND_CANTMOVE_PIKEMEN
UNIT_MAN_AT_ARMS,35,kv,SoundAttack,SOUND_ATTACK_PIKEMEN
UNIT_MAN_AT_ARMS,36,kv,SoundWork,SOUND_WORK_PIKEMEN
UNIT_MAN_AT_ARMS,37,kv,SoundVictory,SOUND_VICTORY_PIKEMEN
UNIT_MAN_AT_ARMS,38,kv,SoundDeath,SOUND_DEATH_PIKEMEN
UNIT_MAN_AT_ARMS,39,sublist,CanAttack,Land
UNIT_MAN_AT_ARMS,40,sublist,CanAttack,Mountain
UNIT_MAN_AT_ARMS,41,sublist,CanSee,Standard
UNIT_MAN_AT_ARMS,42,sublist,MovementType,Land
UNIT_MAN_AT_ARMS,43,sublist,MovementType,Mountain
UNIT_MAN_AT_ARMS,44,sublist,Size,Medium
UNIT_MAN_AT_ARMS,45,sublist,VisionClass,Standard
UNIT_MAN_AT_ARMS,46,nested,CanReform,"[{""t"": ""kv"", ""k"": ""Sound"", ""v"": ""SOUND_ID_REFORM_CITY""}, {""t"": ""kv"", ""k"": ""Effect"", ""v"": ""SPECEFFECT_REFORMCITY""}]"
UNIT_MAN_AT_ARMS_ELITE,0,flag,CantBuild,
UNIT_MAN_AT_ARMS_ELITE,1,kv,Description,DESCRIPTION_UNIT_PIKEMEN
UNIT_MAN_AT_ARMS_ELITE,2,kv,DefaultIcon,ICON_UNIT_MAN_AT_ARMS_ELITE
UNIT_MAN_AT_ARMS_ELITE,3,kv,DefaultSprite,SPRITE_MAN_AT_ARMS_ELITE
UNIT_MAN_AT_ARMS_ELITE,4,kv,Category,UNIT_CATEGORY_DEFENSE
UNIT_MAN_AT_ARMS_ELITE,5,kv,Attack,50
UNIT_MAN_AT_ARMS_ELITE,6,kv,Defense,50
UNIT_MAN_AT_ARMS_ELITE,7,kv,ZBRangeAttack,0
UNIT_MAN_AT_ARMS_ELITE,8,kv,Firepower,2
UNIT_MAN_AT_ARMS_ELITE,9,kv,Armor,1
UNIT_MAN_AT_ARMS_ELITE,10,kv,MaxHP,18
UNIT_MAN_AT_ARMS_ELITE,11,kv,ShieldCost,1350
UNIT_MAN_AT_ARMS_ELITE,12,kv,PowerPoints,400
UNIT_MAN_AT_ARMS_ELITE,13,kv,ShieldHunger,6
UNIT_MAN_AT_ARMS_ELITE,14,kv,FoodHunger,0
UNIT_MAN_AT_ARMS_ELITE,15,kv,MaxMovePoints,200
UNIT_MAN_AT_ARMS_ELITE,16,kv,VisionRange,1
UNIT_MAN_AT_ARMS_ELITE,17,kv,EnableAdvance,ADVANCE_DICTATORSHIP_HARADRIM
UNIT_MAN_AT_ARMS_ELITE,18,kv,ActiveDefenseRange,0
UNIT_MAN_AT_ARMS_ELITE,19,flag,LossMoveToDmgNone,
UNIT_MAN_AT_ARMS_ELITE,20,kv,MaxFuel,0
UNIT_MAN_AT_ARMS_ELITE,21,flag,CanEntrench,
UNIT_MAN_AT_ARMS_ELITE,22,flag,CanExpel,
UNIT_MAN_AT_ARMS_ELITE,23,flag,NoZoc,
UNIT_MAN_AT_ARMS_ELITE,24,flag,CanPillage,
UNIT_MAN_AT_ARMS_ELITE,25,flag,CanPirate,
UNIT_MAN_AT_ARMS_ELITE,26,flag,ExertsMartialLaw,
UNIT_MAN_AT_ARMS_ELITE,27,flag,DeathEffectsHappy,
UNIT_MAN_AT_ARMS_ELITE,28,flag,BonusAgainstMounted,
UNIT_MAN_AT_ARMS_ELITE,29,kv,MountedBonus,0.25
UNIT_MAN_AT_ARMS_ELITE,30,flag,OnlyBuildOne,
UNIT_MAN_AT_ARMS_ELITE,31,kv,SoundSelect1,SOUND_SELECT1_PIKEMEN
UNIT_MAN_AT_ARMS_ELITE,32,kv,SoundSelect2,SOUND_SELECT2_PIKEMEN
UNIT_MAN_AT_ARMS_ELITE,33,kv,SoundMove,SOUND_MOVE_PIKEMEN
UNIT_MAN_AT_ARMS_ELITE,34,kv,SoundAcknowledge,SOUND_ACKNOWLEDGE_PIKEMEN
UNIT_MAN_AT_ARMS_ELITE,35,kv,SoundCantMove,SOUND_CANTMOVE_PIKEMEN
UNIT_MAN_AT_ARMS_ELITE,36,kv,SoundAttack,SOUND_ATTACK_PIKEMEN
UNIT_MAN_AT_ARMS_ELITE,37,kv,SoundWork,SOUND_WORK_PIKEMEN
UNIT_MAN_AT_ARMS_ELITE,38,kv,SoundVictory,SOUND_VICTORY_PIKEMEN
UNIT_MAN_AT_ARMS_ELITE,39,kv,SoundDeath,SOUND_DEATH_PIKEMEN
UNIT_MAN_AT_ARMS_ELITE,40,sublist,CanAttack,Land
UNIT_MAN_AT_ARMS_ELITE,41,sublist,CanAttack,Mountain
UNIT_MAN_AT_ARMS_ELITE,42,sublist,CanSee,Standard
UNIT_MAN_AT_ARMS_ELITE,43,sublist,MovementType,Land
UNIT_MAN_AT_ARMS_ELITE,44,sublist,MovementType,Mountain
UNIT_MAN_AT_ARMS_ELITE,45,sublist,Size,Medium
UNIT_MAN_AT_ARMS_ELITE,46,sublist,VisionClass,Standard
UNIT_MAN_AT_ARMS_ELITE,47,nested,CanReform,"[{""t"": ""kv"", ""k"": ""Sound"", ""v"": ""SOUND_ID_REFORM_CITY""}, {""t"": ""kv"", ""k"": ""Effect"", ""v"": ""SPECEFFECT_REFORMCITY""}]"
UNIT_MAN_AT_ARMS_ORCS,0,kv,Description,DESCRIPTION_UNIT_PIKEMEN
UNIT_MAN_AT_ARMS_ORCS,1,kv,DefaultIcon,ICON_UNIT_MAN_AT_ARMS_ORCS
UNIT_MAN_AT_ARMS_ORCS,2,kv,DefaultSprite,SPRITE_MAN_AT_ARMS_ORCS
UNIT_MAN_AT_ARMS_ORCS,3,kv,Category,UNIT_CATEGORY_DEFENSE
UNIT_MAN_AT_ARMS_ORCS,4,kv,Attack,55
UNIT_MAN_AT_ARMS_ORCS,5,kv,Defense,45
UNIT_MAN_AT_ARMS_ORCS,6,kv,ZBRangeAttack,0
UNIT_MAN_AT_ARMS_ORCS,7,kv,Firepower,2
UNIT_MAN_AT_ARMS_ORCS,8,kv,Armor,1
UNIT_MAN_AT_ARMS_ORCS,9,kv,MaxHP,16
UNIT_MAN_AT_ARMS_ORCS,10,kv,ShieldCost,900
UNIT_MAN_AT_ARMS_ORCS,11,kv,PowerPoints,400
UNIT_MAN_AT_ARMS_ORCS,12,kv,ShieldHunger,6
UNIT_MAN_AT_ARMS_ORCS,13,kv,FoodHunger,0
UNIT_MAN_AT_ARMS_ORCS,14,kv,MaxMovePoints,100
UNIT_MAN_AT_ARMS_ORCS,15,kv,VisionRange,1
UNIT_MAN_AT_ARMS_ORCS,16,kv,EnableAdvance,ADVANCE_DICTATORSHIP_ORCS
UNIT_MAN_AT_ARMS_ORCS,17,kv,ActiveDefenseRange,0
UNIT_MAN_AT_ARMS_ORCS,18,flag,LossMoveToDmgNone,
UNIT_MAN_AT_ARMS_ORCS,19,kv,MaxFuel,0
UNIT_MAN_AT_ARMS_ORCS,20,flag,CanEntrench,
UNIT_MAN_AT_ARMS_ORCS,21,flag,NoZoc,
UNIT_MAN_AT_ARMS_ORCS,22,flag,CanExpel,
UNIT_MAN_AT_ARMS_ORCS,23,flag,CanPillage,
UNIT_MAN_AT_ARMS_ORCS,24,flag,CanPirate,
UNIT_MAN_AT_ARMS_ORCS,25,flag,ExertsMartialLaw,
UNIT_MAN_AT_ARMS_ORCS,26,flag,DeathEffectsHappy,
UNIT_MAN_AT_ARMS_ORCS,27,flag,BonusAgainstMounted,
UNIT_MAN_AT_ARMS_ORCS,28,kv,MountedBonus,0.25
UNIT_MAN_AT_ARMS_ORCS,29,flag,OnlyBuildOne,
UNIT_MAN_AT_ARMS_ORCS,30,kv,SoundSelect1,SOUND_SELECT1_PIKEMEN
UNIT_MAN_AT_ARMS_ORCS,31,kv,SoundSelect2,SOUND_SELECT2_PIKEMEN
UNIT_MAN_AT_ARMS_ORCS,32,kv,SoundMove,SOUND_MOVE_PIKEMEN
UNIT_MAN_AT_ARMS_ORCS,33,kv,SoundAcknowledge,SOUND_ACKNOWLEDGE_PIKEMEN
UNIT_MAN_AT_ARMS_ORCS,34,kv,SoundCantMove,SOUND_CANTMOVE_PIKEMEN
UNIT_MAN_AT_ARMS_ORCS,35,kv,SoundAttack,SOUND_ATTACK_PIKEMEN
UNIT_MAN_AT_ARMS_ORCS,36,kv,SoundWork,SOUND_WORK_PIKEMEN
UNIT_MAN_AT_ARMS_ORCS,37,kv,SoundVictory,SOUND_VICTORY_PIKEMEN
UNIT_MAN_AT_ARMS_ORCS,38,kv,SoundDeath,SOUND_DEATH_PIKEMEN
UNIT_MAN_AT_ARMS_ORCS,39,sublist,CanAttack,Land
UNIT_MAN_AT_ARMS_ORCS,40,sublist,CanAttack,Mountain
UNIT_MAN_AT_ARMS_ORCS,41,sublist,CanSee,Standard
UNIT_MAN_AT_ARMS_ORCS,42,sublist,MovementType,Land
UNIT_MAN_AT_ARMS_ORCS,43,sublist,MovementType,Mountain
UNIT_MAN_AT_ARMS_ORCS,44,sublist,Size,Medium
UNIT_MAN_AT_ARMS_ORCS,45,sublist,VisionClass,Standard
UNIT_MAN_AT_ARMS_ORCS,46,nested,CanReform,"[{""t"": ""kv"", ""k"": ""Sound"", ""v"": ""SOUND_ID_REFORM_CITY""}, {""t"": ""kv"", ""k"": ""Effect"", ""v"": ""SPECEFFECT_REFORMCITY""}]"
UNIT_PRAETORIANS,0,kv,Description,DESCRIPTION_UNIT_KNIGHT
UNIT_PRAETORIANS,1,kv,DefaultIcon,ICON_UNIT_PRAETORIANS
UNIT_PRAETORIANS,2,kv,DefaultSprite,SPRITE_PRAETORIANS
UNIT_PRAETORIANS,3,kv,Category,UNIT_CATEGORY_DEFENSE
UNIT_PRAETORIANS,4,kv,Attack,50
UNIT_PRAETORIANS,5,kv,Defense,55
UNIT_PRAETORIANS,6,kv,ZBRangeAttack,0
UNIT_PRAETORIANS,7,kv,Firepower,2
UNIT_PRAETORIANS,8,kv,Armor,1
UNIT_PRAETORIANS,9,kv,MaxHP,18
UNIT_PRAETORIANS,10,kv,ShieldCost,900
UNIT_PRAETORIANS,11,kv,PowerPoints,300
UNIT_PRAETORIANS,12,kv,ShieldHunger,6
UNIT_PRAETORIANS,13,kv,FoodHunger,0
UNIT_PRAETORIANS,14,kv,MaxMovePoints,200
UNIT_PRAETORIANS,15,kv,VisionRange,1
UNIT_PRAETORIANS,16,kv,EnableAdvance,ADVANCE_DICTATORSHIP_ARNOR
UNIT_PRAETORIANS,17,kv,ActiveDefenseRange,0
UNIT_PRAETORIANS,18,flag,LossMoveToDmgNone,
UNIT_PRAETORIANS,19,kv,MaxFuel,0
UNIT_PRAETORIANS,20,flag,CanEntrench,
UNIT_PRAETORIANS,21,flag,NoZoc,
UNIT_PRAETORIANS,22,flag,CanExpel,
UNIT_PRAETORIANS,23,flag,CanPillage,
UNIT_PRAETORIANS,24,flag,CanPirate,
UNIT_PRAETORIANS,25,flag,ExertsMartialLaw,
UNIT_PRAETORIANS,26,flag,DeathEffectsHappy,
UNIT_PRAETORIANS,27,flag,IsSpecialForces,
UNIT_PRAETORIANS,28,flag,BonusAgainstMounted,
UNIT_PRAETORIANS,29,kv,MountedBonus,0.2
UNIT_PRAETORIANS,30,flag,OnlyBuildOne,
UNIT_PRAETORIANS,31,kv,SoundSelect1,SOUND_SELECT1_SAMURAI
UNIT_PRAETORIANS,32,kv,SoundSelect2,SOUND_SELECT2_SAMURAI
UNIT_PRAETORIANS,33,kv,SoundMove,SOUND_MOVE_SAMURAI
UNIT_PRAETORIANS,34,kv,SoundAcknowledge,SOUND_ACKNOWLEDGE_SAMURAI
UNIT_PRAETORIANS,35,kv,SoundCantMove,SOUND_CANTMOVE_SAMURAI
UNIT_PRAETORIANS,36,kv,SoundAttack,SOUND_ATTACK_SAMURAI
UNIT_PRAETORIANS,37,kv,SoundWork,SOUND_WORK_SAMURAI
UNIT_PRAETORIANS,38,kv,SoundVictory,SOUND_VICTORY_SAMURAI
UNIT_PRAETORIANS,39,kv,SoundDeath,SOUND_DEATH_SAMURAI
UNIT_PRAETORIANS,40,sublist,CanAttack,Land
UNIT_PRAETORIANS,41,sublist,CanAttack,Mountain
UNIT_PRAETORIANS,42,sublist,CanSee,Standard
UNIT_PRAETORIANS,43,sublist,MovementType,Land
UNIT_PRAETORIANS,44,sublist,MovementType,Mountain
UNIT_PRAETORIANS,45,sublist,Size,Medium
UNIT_PRAETORIANS,46,sublist,VisionClass,Standard
UNIT_PRAETORIANS,47,nested,CanReform,"[{""t"": ""kv"", ""k"": ""Sound"", ""v"": ""SOUND_ID_REFORM_CITY""}, {""t"": ""kv"", ""k"": ""Effect"", ""v"": ""SPECEFFECT_REFORMCITY""}]"
UNIT_PIKEMEN,0,kv,Description,DESCRIPTION_UNIT_PIKEMEN
UNIT_PIKEMEN,1,kv,DefaultIcon,ICON_UNIT_PIKEMEN
UNIT_PIKEMEN,2,kv,DefaultSprite,SPRITE_PIKEMEN
UNIT_PIKEMEN,3,kv,Category,UNIT_CATEGORY_ATTACK
UNIT_PIKEMEN,4,kv,Attack,40
UNIT_PIKEMEN,5,kv,Defense,60
UNIT_PIKEMEN,6,kv,ZBRangeAttack,0
UNIT_PIKEMEN,7,kv,Firepower,2
UNIT_PIKEMEN,8,kv,Armor,1
UNIT_PIKEMEN,9,kv,MaxHP,17
UNIT_PIKEMEN,10,kv,ShieldCost,1500
UNIT_PIKEMEN,11,kv,PowerPoints,400
UNIT_PIKEMEN,12,kv,ShieldHunger,7
UNIT_PIKEMEN,13,kv,FoodHunger,0
UNIT_PIKEMEN,14,kv,MaxMovePoints,100
UNIT_PIKEMEN,15,kv,VisionRange,1
UNIT_PIKEMEN,16,kv,EnableAdvance,ADVANCE_TRIBUNAL_EMPIRE
UNIT_PIKEMEN,17,kv,ActiveDefenseRange,0
UNIT_PIKEMEN,18,flag,LossMoveToDmgNone,
UNIT_PIKEMEN,19,kv,MaxFuel,0
UNIT_PIKEMEN,20,flag,CanEntrench,
UNIT_PIKEMEN,21,flag,NoZoc,
UNIT_PIKEMEN,22,flag,CanExpel,
UNIT_PIKEMEN,23,flag,CanPillage,
UNIT_PIKEMEN,24,flag,CanPirate,
UNIT_PIKEMEN,25,flag,ExertsMartialLaw,
UNIT_PIKEMEN,26,flag,DeathEffectsHappy,
UNIT_PIKEMEN,27,flag,BonusAgainstMounted,
UNIT_PIKEMEN,28,kv,MountedBonus,0.35
UNIT_PIKEMEN,29,flag,OnlyBuildOne,
UNIT_PIKEMEN,30,kv,SoundSelect1,SOUND_SELECT1_PIKEMEN
UNIT_PIKEMEN,31,kv,SoundSelect2,SOUND_SELECT2_PIKEMEN
UNIT_PIKEMEN,32,kv,SoundMove,SOUND_MOVE_PIKEMEN
UNIT_PIKEMEN,33,kv,SoundAcknowledge,SOUND_ACKNOWLEDGE_PIKEMEN
UNIT_PIKEMEN,34,kv,SoundCantMove,SOUND_CANTMOVE_PIKEMEN
UNIT_PIKEMEN,35,kv,SoundAttack,SOUND_ATTACK_PIKEMEN
UNIT_PIKEMEN,36,kv,SoundWork,SOUND_WORK_PIKEMEN
UNIT_PIKEMEN,37,kv,SoundVictory,SOUND_VICTORY_PIKEMEN
UNIT_PIKEMEN,38,kv,SoundDeath,SOUND_DEATH_PIKEMEN
UNIT_PIKEMEN,39,sublist,CanAttack,Land
UNIT_PIKEMEN,40,sublist,CanAttack,Mountain
UNIT_PIKEMEN,41,sublist,CanSee,Standard
UNIT_PIKEMEN,42,sublist,MovementType,Land
UNIT_PIKEMEN,43,sublist,MovementType,Mountain
UNIT_PIKEMEN,44,sublist,Size,Small
UNIT_PIKEMEN,45,sublist,VisionClass,Standard
UNIT_PIKEMEN,46,nested,CanReform,"[{""t"": ""kv"", ""k"": ""Sound"", ""v"": ""SOUND_ID_REFORM_CITY""}, {""t"": ""kv"", ""k"": ""Effect"", ""v"": ""SPECEFFECT_REFORMCITY""}]"
UNIT_PIKEMEN_ELITE,0,flag,CantBuild,
UNIT_PIKEMEN_ELITE,1,kv,Description,DESCRIPTION_UNIT_PIKEMEN
UNIT_PIKEMEN_ELITE,2,kv,DefaultIcon,ICON_UNIT_PIKEMEN_ELITE
UNIT_PIKEMEN_ELITE,3,kv,DefaultSprite,SPRITE_PIKEMEN_ELITE
UNIT_PIKEMEN_ELITE,4,kv,Category,UNIT_CATEGORY_ATTACK
UNIT_PIKEMEN_ELITE,5,kv,Attack,50
UNIT_PIKEMEN_ELITE,6,kv,Defense,60
UNIT_PIKEMEN_ELITE,7,kv,ZBRangeAttack,0
UNIT_PIKEMEN_ELITE,8,kv,Firepower,2
UNIT_PIKEMEN_ELITE,9,kv,Armor,1
UNIT_PIKEMEN_ELITE,10,kv,MaxHP,18
UNIT_PIKEMEN_ELITE,11,kv,ShieldCost,2100
UNIT_PIKEMEN_ELITE,12,kv,PowerPoints,400
UNIT_PIKEMEN_ELITE,13,kv,ShieldHunger,7
UNIT_PIKEMEN_ELITE,14,kv,FoodHunger,0
UNIT_PIKEMEN_ELITE,15,kv,MaxMovePoints,200
UNIT_PIKEMEN_ELITE,16,kv,VisionRange,1
UNIT_PIKEMEN_ELITE,17,kv,EnableAdvance,ADVANCE_TRIBUNAL_EMPIRE_EASTERLING
UNIT_PIKEMEN_ELITE,18,kv,ActiveDefenseRange,0
UNIT_PIKEMEN_ELITE,19,flag,LossMoveToDmgNone,
UNIT_PIKEMEN_ELITE,20,kv,MaxFuel,0
UNIT_PIKEMEN_ELITE,21,flag,CanEntrench,
UNIT_PIKEMEN_ELITE,22,flag,CanExpel,
UNIT_PIKEMEN_ELITE,23,flag,NoZoc,
UNIT_PIKEMEN_ELITE,24,flag,CanPillage,
UNIT_PIKEMEN_ELITE,25,flag,CanPirate,
UNIT_PIKEMEN_ELITE,26,flag,ExertsMartialLaw,
UNIT_PIKEMEN_ELITE,27,flag,DeathEffectsHappy,
UNIT_PIKEMEN_ELITE,28,flag,BonusAgainstMounted,
UNIT_PIKEMEN_ELITE,29,kv,MountedBonus,0.35
UNIT_PIKEMEN_ELITE,30,flag,OnlyBuildOne,
UNIT_PIKEMEN_ELITE,31,kv,SoundSelect1,SOUND_SELECT1_PIKEMEN
UNIT_PIKEMEN_ELITE,32,kv,SoundSelect2,SOUND_SELECT2_PIKEMEN
UNIT_PIKEMEN_ELITE,33,kv,SoundMove,SOUND_MOVE_PIKEMEN
UNIT_PIKEMEN_ELITE,34,kv,SoundAcknowledge,SOUND_ACKNOWLEDGE_PIKEMEN
UNIT_PIKEMEN_ELITE,35,kv,SoundCantMove,SOUND_CANTMOVE_PIKEMEN
UNIT_PIKEMEN_ELITE,36,kv,SoundAttack,SOUND_ATTACK_PIKEMEN
UNIT_PIKEMEN_ELITE,37,kv,SoundWork,SOUND_WORK_PIKEMEN
UNIT_PIKEMEN_ELITE,38,kv,SoundVictory,SOUND_VICTORY_PIKEMEN
UNIT_PIKEMEN_ELITE,39,kv,SoundDeath,SOUND_DEATH_PIKEMEN
UNIT_PIKEMEN_ELITE,40,sublist,CanAttack,Land
UNIT_PIKEMEN_ELITE,41,sublist,CanAttack,Mountain
UNIT_PIKEMEN_ELITE,42,sublist,CanSee,Standard
UNIT_PIKEMEN_ELITE,43,sublist,MovementType,Land
UNIT_PIKEMEN_ELITE,44,sublist,MovementType,Mountain
UNIT_PIKEMEN_ELITE,45,sublist,Size,Small
UNIT_PIKEMEN_ELITE,46,sublist,VisionClass,Standard
UNIT_PIKEMEN_ELITE,47,nested,CanReform,"[{""t"": ""kv"", ""k"": ""Sound"", ""v"": ""SOUND_ID_REFORM_CITY""}, {""t"": ""kv"", ""k"": ""Effect"", ""v"": ""SPECEFFECT_REFORMCITY""}]"
UNIT_PIKEMEN_ORCS,0,kv,Description,DESCRIPTION_UNIT_PIKEMEN
UNIT_PIKEMEN_ORCS,1,kv,DefaultIcon,ICON_UNIT_PIKEMEN_ORCS
UNIT_PIKEMEN_ORCS,2,kv,DefaultSprite,SPRITE_PIKEMEN_ORCS
UNIT_PIKEMEN_ORCS,3,kv,Category,UNIT_CATEGORY_ATTACK
UNIT_PIKEMEN_ORCS,4,kv,Attack,50
UNIT_PIKEMEN_ORCS,5,kv,Defense,60
UNIT_PIKEMEN_ORCS,6,kv,ZBRangeAttack,0
UNIT_PIKEMEN_ORCS,7,kv,Firepower,2
UNIT_PIKEMEN_ORCS,8,kv,Armor,1
UNIT_PIKEMEN_ORCS,9,kv,MaxHP,17
UNIT_PIKEMEN_ORCS,10,kv,ShieldCost,1100
UNIT_PIKEMEN_ORCS,11,kv,PowerPoints,400
UNIT_PIKEMEN_ORCS,12,kv,ShieldHunger,7
UNIT_PIKEMEN_ORCS,13,kv,FoodHunger,0
UNIT_PIKEMEN_ORCS,14,kv,MaxMovePoints,100
UNIT_PIKEMEN_ORCS,15,kv,VisionRange,1
UNIT_PIKEMEN_ORCS,16,kv,EnableAdvance,ADVANCE_TRIBUNAL_EMPIRE_ORCS
UNIT_PIKEMEN_ORCS,17,kv,ActiveDefenseRange,0
UNIT_PIKEMEN_ORCS,18,flag,LossMoveToDmgNone,
UNIT_PIKEMEN_ORCS,19,kv,MaxFuel,0
UNIT_PIKEMEN_ORCS,20,flag,CanEntrench,
UNIT_PIKEMEN_ORCS,21,flag,NoZoc,
UNIT_PIKEMEN_ORCS,22,flag,CanExpel,
UNIT_PIKEMEN_ORCS,23,flag,CanPillage,
UNIT_PIKEMEN_ORCS,24,flag,CanPirate,
UNIT_PIKEMEN_ORCS,25,flag,ExertsMartialLaw,
UNIT_PIKEMEN_ORCS,26,flag,DeathEffectsHappy,
UNIT_PIKEMEN_ORCS,27,flag,BonusAgainstMounted,
UNIT_PIKEMEN_ORCS,28,kv,MountedBonus,0.35
UNIT_PIKEMEN_ORCS,29,flag,OnlyBuildOne,
UNIT_PIKEMEN_ORCS,30,kv,SoundSelect1,SOUND_SELECT1_PIKEMEN
UNIT_PIKEMEN_ORCS,31,kv,SoundSelect2,SOUND_SELECT2_PIKEMEN
UNIT_PIKEMEN_ORCS,32,kv,SoundMove,SOUND_MOVE_PIKEMEN
UNIT_PIKEMEN_ORCS,33,kv,SoundAcknowledge,SOUND_ACKNOWLEDGE_PIKEMEN
UNIT_PIKEMEN_ORCS,34,kv,SoundCantMove,SOUND_CANTMOVE_PIKEMEN
UNIT_PIKEMEN_ORCS,35,kv,SoundAttack,SOUND_ATTACK_PIKEMEN
UNIT_PIKEMEN_ORCS,36,kv,SoundWork,SOUND_WORK_PIKEMEN
UNIT_PIKEMEN_ORCS,37,kv,SoundVictory,SOUND_VICTORY_PIKEMEN
UNIT_PIKEMEN_ORCS,38,kv,SoundDeath,SOUND_DEATH_PIKEMEN
UNIT_PIKEMEN_ORCS,39,sublist,CanAttack,Land
UNIT_PIKEMEN_ORCS,40,sublist,CanAttack,Mountain
UNIT_PIKEMEN_ORCS,41,sublist,CanSee,Standard
UNIT_PIKEMEN_ORCS,42,sublist,MovementType,Land
UNIT_PIKEMEN_ORCS,43,sublist,MovementType,Mountain
UNIT_PIKEMEN_ORCS,44,sublist,Size,Small
UNIT_PIKEMEN_ORCS,45,sublist,VisionClass,Standard
UNIT_PIKEMEN_ORCS,46,nested,CanReform,"[{""t"": ""kv"", ""k"": ""Sound"", ""v"": ""SOUND_ID_REFORM_CITY""}, {""t"": ""kv"", ""k"": ""Effect"", ""v"": ""SPECEFFECT_REFORMCITY""}]"
UNIT_SPEARMAN_MILITIA,0,flag,CantBuild,
UNIT_SPEARMAN_MILITIA,1,kv,Description,DESCRIPTION_UNIT_WARRIOR
UNIT_SPEARMAN_MILITIA,2,kv,DefaultIcon,ICON_UNIT_SPEARMAN_MILITIA
UNIT_SPEARMAN_MILITIA,3,kv,DefaultSprite,SPRITE_SPEARMAN
UNIT_SPEARMAN_MILITIA,4,kv,Category,UNIT_CATEGORY_DEFENSE
UNIT_SPEARMAN_MILITIA,5,kv,Attack,15
UNIT_SPEARMAN_MILITIA,6,kv,Defense,15
UNIT_SPEARMAN_MILITIA,7,kv,ZBRangeAttack,0
UNIT_SPEARMAN_MILITIA,8,kv,Firepower,1
UNIT_SPEARMAN_MILITIA,9,kv,Armor,1
UNIT_SPEARMAN_MILITIA,10,kv,MaxHP,40
UNIT_SPEARMAN_MILITIA,11,kv,ShieldCost,750
UNIT_SPEARMAN_MILITIA,12,kv,PowerPoints,100
UNIT_SPEARMAN_MILITIA,13,kv,ShieldHunger,1
UNIT_SPEARMAN_MILITIA,14,kv,FoodHunger,0
UNIT_SPEARMAN_MILITIA,15,kv,MaxMovePoints,0
UNIT_SPEARMAN_MILITIA,16,kv,VisionRange,1
UNIT_SPEARMAN_MILITIA,17,kv,EnableAdvance,ADVANCE_HEXTAPUL
UNIT_SPEARMAN_MILITIA,18,kv,ActiveDefenseRange,0
UNIT_SPEARMAN_MILITIA,19,flag,LossMoveToDmgNone,
UNIT_SPEARMAN_MILITIA,20,kv,MaxFuel,0
UNIT_SPEARMAN_MILITIA,21,flag,CanEntrench,
UNIT_SPEARMAN_MILITIA,22,flag,NoZoc,
UNIT_SPEARMAN_MILITIA,23,flag,CanExpel,
UNIT_SPEARMAN_MILITIA,24,flag,CanPillage,
UNIT_SPEARMAN_MILITIA,25,flag,CanPirate,
UNIT_SPEARMAN_MILITIA,26,flag,ExertsMartialLaw,
UNIT_SPEARMAN_MILITIA,27,flag,DeathEffectsHappy,
UNIT_SPEARMAN_MILITIA,28,kv,SoundSelect1,SOUND_SELECT1_PIKEMEN
UNIT_SPEARMAN_MILITIA,29,kv,SoundSelect2,SOUND_SELECT2_PIKEMEN
UNIT_SPEARMAN_MILITIA,30,kv,SoundMove,SOUND_MOVE_PIKEMEN
UNIT_SPEARMAN_MILITIA,31,kv,SoundAcknowledge,SOUND_ACKNOWLEDGE_PIKEMEN
UNIT_SPEARMAN_MILITIA,32,kv,SoundCantMove,SOUND_CANTMOVE_PIKEMEN
UNIT_SPEARMAN_MILITIA,33,kv,SoundAttack,SOUND_ATTACK_PIKEMEN
UNIT_SPEARMAN_MILITIA,34,kv,SoundWork,SOUND_WORK_PIKEMEN
UNIT_SPEARMAN_MILITIA,35,kv,SoundVictory,SOUND_VICTORY_PIKEMEN
UNIT_SPEARMAN_MILITIA,36,kv,SoundDeath,SOUND_DEATH_PIKEMEN
UNIT_SPEARMAN_MILITIA,37,sublist,CanAttack,Land
UNIT_SPEARMAN_MILITIA,38,sublist,CanAttack,Mountain
UNIT_SPEARMAN_MILITIA,39,sublist,CanSee,Standard
UNIT_SPEARMAN_MILITIA,40,sublist,MovementType,Land
UNIT_SPEARMAN_MILITIA,41,sublist,MovementType,Mountain
UNIT_SPEARMAN_MILITIA,42,sublist,Size,Medium
UNIT_SPEARMAN_MILITIA,43,sublist,VisionClass,Standard
UNIT_SPEARMAN_MILITIA,44,nested,CanReform,"[{""t"": ""kv"", ""k"": ""Sound"", ""v"": ""SOUND_ID_REFORM_CITY""}, {""t"": ""kv"", ""k"": ""Effect"", ""v"": ""SPECEFFECT_REFORMCITY""}]"
UNIT_HOPLITE_MILITIA,0,flag,CantBuild,
UNIT_HOPLITE_MILITIA,1,kv,Description,DESCRIPTION_UNIT_HOPLITE
UNIT_HOPLITE_MILITIA,2,kv,DefaultIcon,ICON_UNIT_HOPLITE_MILITIA
UNIT_HOPLITE_MILITIA,3,kv,DefaultSprite,SPRITE_HOPLITE
UNIT_HOPLITE_MILITIA,4,kv,Category,UNIT_CATEGORY_DEFENSE
UNIT_HOPLITE_MILITIA,5,kv,Attack,25
UNIT_HOPLITE_MILITIA,6,kv,Defense,25
UNIT_HOPLITE_MILITIA,7,kv,ZBRangeAttack,0
UNIT_HOPLITE_MILITIA,8,kv,Firepower,1
UNIT_HOPLITE_MILITIA,9,kv,Armor,1
UNIT_HOPLITE_MILITIA,10,kv,MaxHP,40
UNIT_HOPLITE_MILITIA,11,kv,ShieldCost,1200
UNIT_HOPLITE_MILITIA,12,kv,PowerPoints,100
UNIT_HOPLITE_MILITIA,13,kv,ShieldHunger,2
UNIT_HOPLITE_MILITIA,14,kv,FoodHunger,0
UNIT_HOPLITE_MILITIA,15,kv,MaxMovePoints,0
UNIT_HOPLITE_MILITIA,16,kv,VisionRange,1
UNIT_HOPLITE_MILITIA,17,kv,EnableAdvance,ADVANCE_HEXTAPUL
UNIT_HOPLITE_MILITIA,18,kv,ActiveDefenseRange,0
UNIT_HOPLITE_MILITIA,19,flag,LossMoveToDmgNone,
UNIT_HOPLITE_MILITIA,20,kv,MaxFuel,0
UNIT_HOPLITE_MILITIA,21,flag,CanEntrench,
UNIT_HOPLITE_MILITIA,22,flag,NoZoc,
UNIT_HOPLITE_MILITIA,23,flag,CanExpel,
UNIT_HOPLITE_MILITIA,24,flag,CanPillage,
UNIT_HOPLITE_MILITIA,25,flag,CanPirate,
UNIT_HOPLITE_MILITIA,26,flag,ExertsMartialLaw,
UNIT_HOPLITE_MILITIA,27,flag,DeathEffectsHappy,
UNIT_HOPLITE_MILITIA,28,kv,SoundSelect1,SOUND_SELECT1_HOPLITE
UNIT_HOPLITE_MILITIA,29,kv,SoundSelect2,SOUND_SELECT2_HOPLITE
UNIT_HOPLITE_MILITIA,30,kv,SoundMove,SOUND_MOVE_HOPLITE
UNIT_HOPLITE_MILITIA,31,kv,SoundAcknowledge,SOUND_ACKNOWLEDGE_HOPLITE
UNIT_HOPLITE_MILITIA,32,kv,SoundCantMove,SOUND_CANTMOVE_HOPLITE
UNIT_HOPLITE_MILITIA,33,kv,SoundAttack,SOUND_ATTACK_HOPLITE
UNIT_HOPLITE_MILITIA,34,kv,SoundWork,SOUND_WORK_HOPLITE
UNIT_HOPLITE_MILITIA,35,kv,SoundVictory,SOUND_VICTORY_HOPLITE
UNIT_HOPLITE_MILITIA,36,kv,SoundDeath,SOUND_DEATH_HOPLITE
UNIT_HOPLITE_MILITIA,37,sublist,CanAttack,Land
UNIT_HOPLITE_MILITIA,38,sublist,CanAttack,Mountain
UNIT_HOPLITE_MILITIA,39,sublist,CanSee,Standard
UNIT_HOPLITE_MILITIA,40,sublist,MovementType,Land
UNIT_HOPLITE_MILITIA,41,sublist,MovementType,Mountain
UNIT_HOPLITE_MILITIA,42,sublist,Size,Medium
UNIT_HOPLITE_MILITIA,43,sublist,VisionClass,Standard
UNIT_HOPLITE_MILITIA,44,nested,CanReform,"[{""t"": ""kv"", ""k"": ""Sound"", ""v"": ""SOUND_ID_REFORM_CITY""}, {""t"": ""kv"", ""k"": ""Effect"", ""v"": ""SPECEFFECT_REFORMCITY""}]"
UNIT_LEGION_MILITIA,0,flag,CantBuild,
UNIT_LEGION_MILITIA,1,kv,Description,DESCRIPTION_UNIT_KNIGHT
UNIT_LEGION_MILITIA,2,kv,DefaultIcon,ICON_UNIT_LEGION_MILITIA
UNIT_LEGION_MILITIA,3,kv,DefaultSprite,SPRITE_LEGION
UNIT_LEGION_MILITIA,4,kv,Category,UNIT_CATEGORY_ATTACK
UNIT_LEGION_MILITIA,5,kv,Attack,35
UNIT_LEGION_MILITIA,6,kv,Defense,35
UNIT_LEGION_MILITIA,7,kv,ZBRangeAttack,0
UNIT_LEGION_MILITIA,8,kv,Firepower,2
UNIT_LEGION_MILITIA,9,kv,Armor,1
UNIT_LEGION_MILITIA,10,kv,MaxHP,30
UNIT_LEGION_MILITIA,11,kv,ShieldCost,1800
UNIT_LEGION_MILITIA,12,kv,PowerPoints,300
UNIT_LEGION_MILITIA,13,kv,ShieldHunger,5
UNIT_LEGION_MILITIA,14,kv,FoodHunger,0
UNIT_LEGION_MILITIA,15,kv,MaxMovePoints,0
UNIT_LEGION_MILITIA,16,kv,VisionRange,1
UNIT_LEGION_MILITIA,17,kv,EnableAdvance,ADVANCE_HEXTAPUL
UNIT_LEGION_MILITIA,18,kv,ActiveDefenseRange,0
UNIT_LEGION_MILITIA,19,flag,LossMoveToDmgNone,
UNIT_LEGION_MILITIA,20,kv,MaxFuel,0
UNIT_LEGION_MILITIA,21,flag,CanEntrench,
UNIT_LEGION_MILITIA,22,flag,NoZoc,
UNIT_LEGION_MILITIA,23,flag,CanExpel,
UNIT_LEGION_MILITIA,24,flag,CanPillage,
UNIT_LEGION_MILITIA,25,flag,CanPirate,
UNIT_LEGION_MILITIA,26,flag,ExertsMartialLaw,
UNIT_LEGION_MILITIA,27,flag,DeathEffectsHappy,
UNIT_LEGION_MILITIA,28,kv,SoundSelect1,SOUND_SELECT1_SAMURAI
UNIT_LEGION_MILITIA,29,kv,SoundSelect2,SOUND_SELECT2_SAMURAI
UNIT_LEGION_MILITIA,30,kv,SoundMove,SOUND_MOVE_SAMURAI
UNIT_LEGION_MILITIA,31,kv,SoundAcknowledge,SOUND_ACKNOWLEDGE_SAMURAI
UNIT_LEGION_MILITIA,32,kv,SoundCantMove,SOUND_CANTMOVE_SAMURAI
UNIT_LEGION_MILITIA,33,kv,SoundAttack,SOUND_ATTACK_SAMURAI
UNIT_LEGION_MILITIA,34,kv,SoundWork,SOUND_WORK_SAMURAI
UNIT_LEGION_MILITIA,35,kv,SoundVictory,SOUND_VICTORY_SAMURAI
UNIT_LEGION_MILITIA,36,kv,SoundDeath,SOUND_DEATH_SAMURAI
UNIT_LEGION_MILITIA,37,sublist,CanAttack,Land
UNIT_LEGION_MILITIA,38,sublist,CanAttack,Mountain
UNIT_LEGION_MILITIA,39,sublist,CanSee,Standard
UNIT_LEGION_MILITIA,40,sublist,MovementType,Land
UNIT_LEGION_MILITIA,41,sublist,MovementType,Mountain
UNIT_LEGION_MILITIA,42,sublist,Size,Medium
UNIT_LEGION_MILITIA,43,sublist,VisionClass,Standard
UNIT_LEGION_MILITIA,44,sublist,CanAttack,Land
UNIT_LEGION_MILITIA,45,nested,CanReform,"[{""t"": ""kv"", ""k"": ""Sound"", ""v"": ""SOUND_ID_REFORM_CITY""}, {""t"": ""kv"", ""k"": ""Effect"", ""v"": ""SPECEFFECT_REFORMCITY""}]"
UNIT_MAN_AT_ARMS_MILITIA,0,flag,CantBuild,
UNIT_MAN_AT_ARMS_MILITIA,1,kv,Description,DESCRIPTION_UNIT_PIKEMEN
UNIT_MAN_AT_ARMS_MILITIA,2,kv,DefaultIcon,ICON_UNIT_MAN_AT_ARMS_MILITIA
UNIT_MAN_AT_ARMS_MILITIA,3,kv,DefaultSprite,SPRITE_MAN_AT_ARMS
UNIT_MAN_AT_ARMS_MILITIA,4,kv,Category,UNIT_CATEGORY_DEFENSE
UNIT_MAN_AT_ARMS_MILITIA,5,kv,Attack,40
UNIT_MAN_AT_ARMS_MILITIA,6,kv,Defense,40
UNIT_MAN_AT_ARMS_MILITIA,7,kv,ZBRangeAttack,0
UNIT_MAN_AT_ARMS_MILITIA,8,kv,Firepower,2
UNIT_MAN_AT_ARMS_MILITIA,9,kv,Armor,2
UNIT_MAN_AT_ARMS_MILITIA,10,kv,MaxHP,40
UNIT_MAN_AT_ARMS_MILITIA,11,kv,ShieldCost,2400
UNIT_MAN_AT_ARMS_MILITIA,12,kv,PowerPoints,400
UNIT_MAN_AT_ARMS_MILITIA,13,kv,ShieldHunger,6
UNIT_MAN_AT_ARMS_MILITIA,14,kv,FoodHunger,0
UNIT_MAN_AT_ARMS_MILITIA,15,kv,MaxMovePoints,0
UNIT_MAN_AT_ARMS_MILITIA,16,kv,VisionRange,1
UNIT_MAN_AT_ARMS_MILITIA,17,kv,EnableAdvance,ADVANCE_HEXTAPUL
UNIT_MAN_AT_ARMS_MILITIA,18,kv,ActiveDefenseRange,0
UNIT_MAN_AT_ARMS_MILITIA,19,flag,LossMoveToDmgNone,
UNIT_MAN_AT_ARMS_MILITIA,20,kv,MaxFuel,0
UNIT_MAN_AT_ARMS_MILITIA,21,flag,CanEntrench,
UNIT_MAN_AT_ARMS_MILITIA,22,flag,NoZoc,
UNIT_MAN_AT_ARMS_MILITIA,23,flag,CanExpel,
UNIT_MAN_AT_ARMS_MILITIA,24,flag,CanPillage,
UNIT_MAN_AT_ARMS_MILITIA,25,flag,CanPirate,
UNIT_MAN_AT_ARMS_MILITIA,26,flag,ExertsMartialLaw,
UNIT_MAN_AT_ARMS_MILITIA,27,flag,DeathEffectsHappy,
UNIT_MAN_AT_ARMS_MILITIA,28,kv,SoundSelect1,SOUND_SELECT1_PIKEMEN
UNIT_MAN_AT_ARMS_MILITIA,29,kv,SoundSelect2,SOUND_SELECT2_PIKEMEN
UNIT_MAN_AT_ARMS_MILITIA,30,kv,SoundMove,SOUND_MOVE_PIKEMEN
UNIT_MAN_AT_ARMS_MILITIA,31,kv,SoundAcknowledge,SOUND_ACKNOWLEDGE_PIKEMEN
UNIT_MAN_AT_ARMS_MILITIA,32,kv,SoundCantMove,SOUND_CANTMOVE_PIKEMEN
UNIT_MAN_AT_ARMS_MILITIA,33,kv,SoundAttack,SOUND_ATTACK_PIKEMEN
UNIT_MAN_AT_ARMS_MILITIA,34,kv,SoundWork,SOUND_WORK_PIKEMEN
UNIT_MAN_AT_ARMS_MILITIA,35,kv,SoundVictory,SOUND_VICTORY_PIKEMEN
UNIT_MAN_AT_ARMS_MILITIA,36,kv,SoundDeath,SOUND_DEATH_PIKEMEN
UNIT_MAN_AT_ARMS_MILITIA,37,sublist,CanAttack,Land
UNIT_MAN_AT_ARMS_MILITIA,38,sublist,CanAttack,Mountain
UNIT_MAN_AT_ARMS_MILITIA,39,sublist,CanSee,Standard
UNIT_MAN_AT_ARMS_MILITIA,40,sublist,MovementType,Land
UNIT_MAN_AT_ARMS_MILITIA,41,sublist,MovementType,Mountain
UNIT_MAN_AT_ARMS_MILITIA,42,sublist,Size,Medium
UNIT_MAN_AT_ARMS_MILITIA,43,sublist,VisionClass,Standard
UNIT_MAN_AT_ARMS_MILITIA,44,nested,CanReform,"[{""t"": ""kv"", ""k"": ""Sound"", ""v"": ""SOUND_ID_REFORM_CITY""}, {""t"": ""kv"", ""k"": ""Effect"", ""v"": ""SPECEFFECT_REFORMCITY""}]"
UNIT_SLINGER,0,kv,Description,DESCRIPTION_UNIT_ARCHER
UNIT_SLINGER,1,kv,DefaultIcon,ICON_UNIT_SLINGER
UNIT_SLINGER,2,kv,DefaultSprite,SPRITE_SLINGER
UNIT_SLINGER,3,kv,Category,UNIT_CATEGORY_RANGED
UNIT_SLINGER,4,kv,Attack,5
UNIT_SLINGER,5,kv,Defense,5
UNIT_SLINGER,6,kv,ZBRangeAttack,15
UNIT_SLINGER,7,kv,Firepower,1
UNIT_SLINGER,8,kv,Armor,1
UNIT_SLINGER,9,kv,MaxHP,8
UNIT_SLINGER,10,kv,ShieldCost,450
UNIT_SLINGER,11,kv,PowerPoints,100
UNIT_SLINGER,12,kv,ShieldHunger,2
UNIT_SLINGER,13,kv,FoodHunger,0
UNIT_SLINGER,14,kv,MaxMovePoints,100
UNIT_SLINGER,15,kv,VisionRange,1
UNIT_SLINGER,16,kv,EnableAdvance,ADVANCE_PROJECTILE_WEAPONS
UNIT_SLINGER,17,kv,ObsoleteAdvance,ADVANCE_ARCHERY
UNIT_SLINGER,18,kv,ActiveDefenseRange,0
UNIT_SLINGER,19,flag,LossMoveToDmgNone,
UNIT_SLINGER,20,kv,MaxFuel,0
UNIT_SLINGER,21,flag,CanEntrench,
UNIT_SLINGER,22,flag,NoZoc,
UNIT_SLINGER,23,flag,CanExpel,
UNIT_SLINGER,24,flag,CanPillage,
UNIT_SLINGER,25,flag,CanPirate,
UNIT_SLINGER,26,flag,ExertsMartialLaw,
UNIT_SLINGER,27,flag,DeathEffectsHappy,
UNIT_SLINGER,28,flag,OnlyBuildOne,
UNIT_SLINGER,29,kv,SoundSelect1,SOUND_SELECT1_ARCHER
UNIT_SLINGER,30,kv,SoundSelect2,SOUND_SELECT2_ARCHER
UNIT_SLINGER,31,kv,SoundMove,SOUND_MOVE_ARCHER
UNIT_SLINGER,32,kv,SoundAcknowledge,SOUND_ACKNOWLEDGE_ARCHER
UNIT_SLINGER,33,kv,SoundCantMove,SOUND_CANTMOVE_ARCHER
UNIT_SLINGER,34,kv,SoundAttack,SOUND_ATTACK_ARCHER
UNIT_SLINGER,35,kv,SoundWork,SOUND_WORK_ARCHER
UNIT_SLINGER,36,kv,SoundVictory,SOUND_VICTORY_ARCHER
UNIT_SLINGER,37,kv,SoundDeath,SOUND_DEATH_ARCHER
UNIT_SLINGER,38,sublist,CanAttack,Land
UNIT_SLINGER,39,sublist,CanAttack,Mountain
UNIT_SLINGER,40,sublist,CanSee,Standard
UNIT_SLINGER,41,sublist,MovementType,Land
UNIT_SLINGER,42,sublist,MovementType,Mountain
UNIT_SLINGER,43,sublist,Size,Medium
UNIT_SLINGER,44,sublist,VisionClass,Standard
UNIT_SLINGER,45,nested,CanReform,"[{""t"": ""kv"", ""k"": ""Sound"", ""v"": ""SOUND_ID_REFORM_CITY""}, {""t"": ""kv"", ""k"": ""Effect"", ""v"": ""SPECEFFECT_REFORMCITY""}]"
UNIT_SLINGER_ORCS,0,kv,Description,DESCRIPTION_UNIT_ARCHER
UNIT_SLINGER_ORCS,1,kv,DefaultIcon,ICON_UNIT_SLINGER_ORCS
UNIT_SLINGER_ORCS,2,kv,DefaultSprite,SPRITE_SLINGER_ORCS
UNIT_SLINGER_ORCS,3,kv,Category,UNIT_CATEGORY_RANGED
UNIT_SLINGER_ORCS,4,kv,Attack,5
UNIT_SLINGER_ORCS,5,kv,Defense,5
UNIT_SLINGER_ORCS,6,kv,ZBRangeAttack,15
UNIT_SLINGER_ORCS,7,kv,Firepower,1
UNIT_SLINGER_ORCS,8,kv,Armor,1
UNIT_SLINGER_ORCS,9,kv,MaxHP,8
UNIT_SLINGER_ORCS,10,kv,ShieldCost,400
UNIT_SLINGER_ORCS,11,kv,PowerPoints,100
UNIT_SLINGER_ORCS,12,kv,ShieldHunger,2
UNIT_SLINGER_ORCS,13,kv,FoodHunger,0
UNIT_SLINGER_ORCS,14,kv,MaxMovePoints,100
UNIT_SLINGER_ORCS,15,kv,VisionRange,1
UNIT_SLINGER_ORCS,16,kv,EnableAdvance,ADVANCE_PROJECTILE_WEAPONS_ORCS
UNIT_SLINGER_ORCS,17,kv,ObsoleteAdvance,ADVANCE_ARCHERY
UNIT_SLINGER_ORCS,18,kv,ActiveDefenseRange,0
UNIT_SLINGER_ORCS,19,flag,LossMoveToDmgNone,
UNIT_SLINGER_ORCS,20,kv,MaxFuel,0
UNIT_SLINGER_ORCS,21,flag,CanEntrench,
UNIT_SLINGER_ORCS,22,flag,NoZoc,
UNIT_SLINGER_ORCS,23,flag,CanExpel,
UNIT_SLINGER_ORCS,24,flag,CanPillage,
UNIT_SLINGER_ORCS,25,flag,CanPirate,
UNIT_SLINGER_ORCS,26,flag,ExertsMartialLaw,
UNIT_SLINGER_ORCS,27,flag,DeathEffectsHappy,
UNIT_SLINGER_ORCS,28,flag,OnlyBuildOne,
UNIT_SLINGER_ORCS,29,kv,SoundSelect1,SOUND_SELECT1_ARCHER
UNIT_SLINGER_ORCS,30,kv,SoundSelect2,SOUND_SELECT2_ARCHER
UNIT_SLINGER_ORCS,31,kv,SoundMove,SOUND_MOVE_ARCHER
UNIT_SLINGER_ORCS,32,kv,SoundAcknowledge,SOUND_ACKNOWLEDGE_ARCHER
UNIT_SLINGER_ORCS,33,kv,SoundCantMove,SOUND_CANTMOVE_ARCHER
UNIT_SLINGER_ORCS,34,kv,SoundAttack,SOUND_ATTACK_ARCHER
UNIT_SLINGER_ORCS,35,kv,SoundWork,SOUND_WORK_ARCHER
UNIT_SLINGER_ORCS,36,kv,SoundVictory,SOUND_VICTORY_ARCHER
UNIT_SLINGER_ORCS,37,kv,SoundDeath,SOUND_DEATH_ARCHER
UNIT_SLINGER_ORCS,38,sublist,CanAttack,Land
UNIT_SLINGER_ORCS,39,sublist,CanAttack,Mountain
UNIT_SLINGER_ORCS,40,sublist,CanSee,Standard
UNIT_SLINGER_ORCS,41,sublist,MovementType,Land
UNIT_SLINGER_ORCS,42,sublist,MovementType,Mountain
UNIT_SLINGER_ORCS,43,sublist,Size,Medium
UNIT_SLINGER_ORCS,44,sublist,VisionClass,Standard
UNIT_SLINGER_ORCS,45,nested,CanReform,"[{""t"": ""kv"", ""k"": ""Sound"", ""v"": ""SOUND_ID_REFORM_CITY""}, {""t"": ""kv"", ""k"": ""Effect"", ""v"": ""SPECEFFECT_REFORMCITY""}]"
UNIT_SLINGER_ELVES,0,kv,Description,DESCRIPTION_UNIT_ARCHER
UNIT_SLINGER_ELVES,1,kv,DefaultIcon,ICON_UNIT_SLINGER_ELVES
UNIT_SLINGER_ELVES,2,kv,DefaultSprite,SPRITE_SLINGER_ELVES
UNIT_SLINGER_ELVES,3,kv,Category,UNIT_CATEGORY_RANGED
UNIT_SLINGER_ELVES,4,kv,Attack,5
UNIT_SLINGER_ELVES,5,kv,Defense,5
UNIT_SLINGER_ELVES,6,kv,ZBRangeAttack,20
UNIT_SLINGER_ELVES,7,kv,Firepower,1
UNIT_SLINGER_ELVES,8,kv,Armor,1
UNIT_SLINGER_ELVES,9,kv,MaxHP,8
UNIT_SLINGER_ELVES,10,kv,ShieldCost,400
UNIT_SLINGER_ELVES,11,kv,PowerPoints,100
UNIT_SLINGER_ELVES,12,kv,ShieldHunger,2
UNIT_SLINGER_ELVES,13,kv,FoodHunger,0
UNIT_SLINGER_ELVES,14,kv,MaxMovePoints,100
UNIT_SLINGER_ELVES,15,kv,VisionRange,1
UNIT_SLINGER_ELVES,16,kv,EnableAdvance,ADVANCE_PROJECTILE_WEAPONS_ELVES
UNIT_SLINGER_ELVES,17,kv,ObsoleteAdvance,ADVANCE_ARCHERY
UNIT_SLINGER_ELVES,18,kv,ActiveDefenseRange,0
UNIT_SLINGER_ELVES,19,flag,LossMoveToDmgNone,
UNIT_SLINGER_ELVES,20,kv,MaxFuel,0
UNIT_SLINGER_ELVES,21,flag,CanEntrench,
UNIT_SLINGER_ELVES,22,flag,NoZoc,
UNIT_SLINGER_ELVES,23,flag,CanExpel,
UNIT_SLINGER_ELVES,24,flag,CanPillage,
UNIT_SLINGER_ELVES,25,flag,CanPirate,
UNIT_SLINGER_ELVES,26,flag,ExertsMartialLaw,
UNIT_SLINGER_ELVES,27,flag,DeathEffectsHappy,
UNIT_SLINGER_ELVES,28,flag,OnlyBuildOne,
UNIT_SLINGER_ELVES,29,kv,SoundSelect1,SOUND_SELECT1_ARCHER
UNIT_SLINGER_ELVES,30,kv,SoundSelect2,SOUND_SELECT2_ARCHER
UNIT_SLINGER_ELVES,31,kv,SoundMove,SOUND_MOVE_ARCHER
UNIT_SLINGER_ELVES,32,kv,SoundAcknowledge,SOUND_ACKNOWLEDGE_ARCHER
UNIT_SLINGER_ELVES,33,kv,SoundCantMove,SOUND_CANTMOVE_ARCHER
UNIT_SLINGER_ELVES,34,kv,SoundAttack,SOUND_ATTACK_ARCHER
UNIT_SLINGER_ELVES,35,kv,SoundWork,SOUND_WORK_ARCHER
UNIT_SLINGER_ELVES,36,kv,SoundVictory,SOUND_VICTORY_ARCHER
UNIT_SLINGER_ELVES,37,kv,SoundDeath,SOUND_DEATH_ARCHER
UNIT_SLINGER_ELVES,38,sublist,CanAttack,Land
UNIT_SLINGER_ELVES,39,sublist,CanAttack,Mountain
UNIT_SLINGER_ELVES,40,sublist,CanSee,Standard
UNIT_SLINGER_ELVES,41,sublist,MovementType,Land
UNIT_SLINGER_ELVES,42,sublist,MovementType,Mountain
UNIT_SLINGER_ELVES,43,sublist,Size,Medium
UNIT_SLINGER_ELVES,44,sublist,VisionClass,Standard
UNIT_SLINGER_ELVES,45,nested,CanReform,"[{""t"": ""kv"", ""k"": ""Sound"", ""v"": ""SOUND_ID_REFORM_CITY""}, {""t"": ""kv"", ""k"": ""Effect"", ""v"": ""SPECEFFECT_REFORMCITY""}]"
UNIT_SLAVEMASTER,0,kv,Description,DESCRIPTION_UNIT_ARCHER
UNIT_SLAVEMASTER,1,kv,DefaultIcon,ICON_UNIT_SLAVEMASTER
UNIT_SLAVEMASTER,2,kv,DefaultSprite,SPRITE_SLAVEMASTER
UNIT_SLAVEMASTER,3,kv,Category,UNIT_CATEGORY_RANGED
UNIT_SLAVEMASTER,4,kv,Attack,5
UNIT_SLAVEMASTER,5,kv,Defense,5
UNIT_SLAVEMASTER,6,kv,ZBRangeAttack,15
UNIT_SLAVEMASTER,7,kv,Firepower,1
UNIT_SLAVEMASTER,8,kv,Armor,1
UNIT_SLAVEMASTER,9,kv,MaxHP,8
UNIT_SLAVEMASTER,10,kv,ShieldCost,750
UNIT_SLAVEMASTER,11,kv,PowerPoints,100
UNIT_SLAVEMASTER,12,kv,ShieldHunger,5
UNIT_SLAVEMASTER,13,kv,FoodHunger,0
UNIT_SLAVEMASTER,14,kv,MaxMovePoints,100
UNIT_SLAVEMASTER,15,kv,VisionRange,1
UNIT_SLAVEMASTER,16,kv,EnableAdvance,ADVANCE_COPPER_SMELTING_EVIL
UNIT_SLAVEMASTER,17,kv,ActiveDefenseRange,0
UNIT_SLAVEMASTER,18,flag,LossMoveToDmgNone,
UNIT_SLAVEMASTER,19,kv,MaxFuel,0
UNIT_SLAVEMASTER,20,flag,CanEntrench,
UNIT_SLAVEMASTER,21,flag,NoZoc,
UNIT_SLAVEMASTER,22,flag,CanExpel,
UNIT_SLAVEMASTER,23,flag,CanPillage,
UNIT_SLAVEMASTER,24,flag,CanPirate,
UNIT_SLAVEMASTER,25,flag,ExertsMartialLaw,
UNIT_SLAVEMASTER,26,flag,VictoryEnslavement,
UNIT_SLAVEMASTER,27,flag,DeathEffectsHappy,
UNIT_SLAVEMASTER,28,flag,OnlyBuildOne,
UNIT_SLAVEMASTER,29,kv,SoundSelect1,SOUND_SELECT1_ARCHER
UNIT_SLAVEMASTER,30,kv,SoundSelect2,SOUND_SELECT2_ARCHER
UNIT_SLAVEMASTER,31,kv,SoundMove,SOUND_MOVE_ARCHER
UNIT_SLAVEMASTER,32,kv,SoundAcknowledge,SOUND_ACKNOWLEDGE_ARCHER
UNIT_SLAVEMASTER,33,kv,SoundCantMove,SOUND_CANTMOVE_ARCHER
UNIT_SLAVEMASTER,34,kv,SoundAttack,SOUND_ATTACK_ARCHER
UNIT_SLAVEMASTER,35,kv,SoundWork,SOUND_WORK_ARCHER
UNIT_SLAVEMASTER,36,kv,SoundVictory,SOUND_VICTORY_ARCHER
UNIT_SLAVEMASTER,37,kv,SoundDeath,SOUND_DEATH_ARCHER
UNIT_SLAVEMASTER,38,sublist,CanAttack,Land
UNIT_SLAVEMASTER,39,sublist,CanAttack,Mountain
UNIT_SLAVEMASTER,40,sublist,CanSee,Standard
UNIT_SLAVEMASTER,41,sublist,MovementType,Land
UNIT_SLAVEMASTER,42,sublist,MovementType,Mountain
UNIT_SLAVEMASTER,43,sublist,Size,Medium
UNIT_SLAVEMASTER,44,sublist,VisionClass,Standard
UNIT_SLAVEMASTER,45,nested,CanReform,"[{""t"": ""kv"", ""k"": ""Sound"", ""v"": ""SOUND_ID_REFORM_CITY""}, {""t"": ""kv"", ""k"": ""Effect"", ""v"": ""SPECEFFECT_REFORMCITY""}]"
UNIT_ARCHER,0,kv,Description,DESCRIPTION_UNIT_ARCHER
UNIT_ARCHER,1,kv,DefaultIcon,ICON_UNIT_ARCHER
UNIT_ARCHER,2,kv,DefaultSprite,SPRITE_ARCHER
UNIT_ARCHER,3,kv,Category,UNIT_CATEGORY_RANGED
UNIT_ARCHER,4,kv,Attack,10
UNIT_ARCHER,5,kv,Defense,10
UNIT_ARCHER,6,kv,ZBRangeAttack,25
UNIT_ARCHER,7,kv,Firepower,1
UNIT_ARCHER,8,kv,Armor,1
UNIT_ARCHER,9,kv,MaxHP,8
UNIT_ARCHER,10,kv,ShieldCost,600
UNIT_ARCHER,11,kv,PowerPoints,200
UNIT_ARCHER,12,kv,ShieldHunger,4
UNIT_ARCHER,13,kv,FoodHunger,0
UNIT_ARCHER,14,kv,MaxMovePoints,100
UNIT_ARCHER,15,kv,VisionRange,1
UNIT_ARCHER,16,kv,EnableAdvance,ADVANCE_ARCHERY
UNIT_ARCHER,17,kv,ObsoleteAdvance,ADVANCE_COMPOSITE_BOW
UNIT_ARCHER,18,kv,ActiveDefenseRange,0
UNIT_ARCHER,19,flag,LossMoveToDmgNone,
UNIT_ARCHER,20,kv,MaxFuel,0
UNIT_ARCHER,21,flag,CanEntrench,
UNIT_ARCHER,22,flag,NoZoc,
UNIT_ARCHER,23,flag,CanExpel,
UNIT_ARCHER,24,flag,CanPillage,
UNIT_ARCHER,25,flag,CanPirate,
UNIT_ARCHER,26,flag,OnlyBuildOne,
UNIT_ARCHER,27,flag,ExertsMartialLaw,
UNIT_ARCHER,28,flag,DeathEffectsHappy,
UNIT_ARCHER,29,kv,SoundSelect1,SOUND_SELECT1_ARCHER
UNIT_ARCHER,30,kv,SoundSelect2,SOUND_SELECT2_ARCHER
UNIT_ARCHER,31,kv,SoundMove,SOUND_MOVE_ARCHER
UNIT_ARCHER,32,kv,SoundAcknowledge,SOUND_ACKNOWLEDGE_ARCHER
UNIT_ARCHER,33,kv,SoundCantMove,SOUND_CANTMOVE_ARCHER
UNIT_ARCHER,34,kv,SoundAttack,SOUND_ATTACK_ARCHER
UNIT_ARCHER,35,kv,SoundWork,SOUND_WORK_ARCHER
UNIT_ARCHER,36,kv,SoundVictory,SOUND_VICTORY_ARCHER
UNIT_ARCHER,37,kv,SoundDeath,SOUND_DEATH_ARCHER
UNIT_ARCHER,38,sublist,CanAttack,Land
UNIT_ARCHER,39,sublist,CanAttack,Mountain
UNIT_ARCHER,40,sublist,CanSee,Standard
UNIT_ARCHER,41,sublist,MovementType,Land
UNIT_ARCHER,42,sublist,MovementType,Mountain
UNIT_ARCHER,43,sublist,Size,Medium
UNIT_ARCHER,44,sublist,VisionClass,Standard
UNIT_ARCHER,45,nested,CanReform,"[{""t"": ""kv"", ""k"": ""Sound"", ""v"": ""SOUND_ID_REFORM_CITY""}, {""t"": ""kv"", ""k"": ""Effect"", ""v"": ""SPECEFFECT_REFORMCITY""}]"
UNIT_ARCHER_ORCS,0,kv,Description,DESCRIPTION_UNIT_ARCHER
UNIT_ARCHER_ORCS,1,kv,DefaultIcon,ICON_UNIT_ARCHER_ORCS
UNIT_ARCHER_ORCS,2,kv,DefaultSprite,SPRITE_ARCHER_ORCS
UNIT_ARCHER_ORCS,3,kv,Category,UNIT_CATEGORY_RANGED
UNIT_ARCHER_ORCS,4,kv,Attack,10
UNIT_ARCHER_ORCS,5,kv,Defense,10
UNIT_ARCHER_ORCS,6,kv,ZBRangeAttack,25
UNIT_ARCHER_ORCS,7,kv,Firepower,1
UNIT_ARCHER_ORCS,8,kv,Armor,1
UNIT_ARCHER_ORCS,9,kv,MaxHP,8
UNIT_ARCHER_ORCS,10,kv,ShieldCost,550
UNIT_ARCHER_ORCS,11,kv,PowerPoints,200
UNIT_ARCHER_ORCS,12,kv,ShieldHunger,4
UNIT_ARCHER_ORCS,13,kv,FoodHunger,0
UNIT_ARCHER_ORCS,14,kv,MaxMovePoints,100
UNIT_ARCHER_ORCS,15,kv,VisionRange,1
UNIT_ARCHER_ORCS,16,kv,EnableAdvance,ADVANCE_ARCHERY_ORCS
UNIT_ARCHER_ORCS,17,kv,ObsoleteAdvance,ADVANCE_COMPOSITE_BOW_ORCS
UNIT_ARCHER_ORCS,18,kv,ActiveDefenseRange,0
UNIT_ARCHER_ORCS,19,flag,LossMoveToDmgNone,
UNIT_ARCHER_ORCS,20,kv,MaxFuel,0
UNIT_ARCHER_ORCS,21,flag,CanEntrench,
UNIT_ARCHER_ORCS,22,flag,NoZoc,
UNIT_ARCHER_ORCS,23,flag,CanExpel,
UNIT_ARCHER_ORCS,24,flag,CanPillage,
UNIT_ARCHER_ORCS,25,flag,CanPirate,
UNIT_ARCHER_ORCS,26,flag,OnlyBuildOne,
UNIT_ARCHER_ORCS,27,flag,ExertsMartialLaw,
UNIT_ARCHER_ORCS,28,flag,DeathEffectsHappy,
UNIT_ARCHER_ORCS,29,kv,SoundSelect1,SOUND_SELECT1_ARCHER
UNIT_ARCHER_ORCS,30,kv,SoundSelect2,SOUND_SELECT2_ARCHER
UNIT_ARCHER_ORCS,31,kv,SoundMove,SOUND_MOVE_ARCHER
UNIT_ARCHER_ORCS,32,kv,SoundAcknowledge,SOUND_ACKNOWLEDGE_ARCHER
UNIT_ARCHER_ORCS,33,kv,SoundCantMove,SOUND_CANTMOVE_ARCHER
UNIT_ARCHER_ORCS,34,kv,SoundAttack,SOUND_ATTACK_ARCHER
UNIT_ARCHER_ORCS,35,kv,SoundWork,SOUND_WORK_ARCHER
UNIT_ARCHER_ORCS,36,kv,SoundVictory,SOUND_VICTORY_ARCHER
UNIT_ARCHER_ORCS,37,kv,SoundDeath,SOUND_DEATH_ARCHER
UNIT_ARCHER_ORCS,38,sublist,CanAttack,Land
UNIT_ARCHER_ORCS,39,sublist,CanAttack,Mountain
UNIT_ARCHER_ORCS,40,sublist,CanSee,Standard
UNIT_ARCHER_ORCS,41,sublist,MovementType,Land
UNIT_ARCHER_ORCS,42,sublist,MovementType,Mountain
UNIT_ARCHER_ORCS,43,sublist,Size,Medium
UNIT_ARCHER_ORCS,44,sublist,VisionClass,Standard
UNIT_ARCHER_ORCS,45,nested,CanReform,"[{""t"": ""kv"", ""k"": ""Sound"", ""v"": ""SOUND_ID_REFORM_CITY""}, {""t"": ""kv"", ""k"": ""Effect"", ""v"": ""SPECEFFECT_REFORMCITY""}]"
UNIT_ARCHER_ELVES,0,kv,Description,DESCRIPTION_UNIT_ARCHER
UNIT_ARCHER_ELVES,1,kv,DefaultIcon,ICON_UNIT_ARCHER_ELVES
UNIT_ARCHER_ELVES,2,kv,DefaultSprite,SPRITE_ARCHER_ELVES
UNIT_ARCHER_ELVES,3,kv,Category,UNIT_CATEGORY_RANGED
UNIT_ARCHER_ELVES,4,kv,Attack,10
UNIT_ARCHER_ELVES,5,kv,Defense,10
UNIT_ARCHER_ELVES,6,kv,ZBRangeAttack,30
UNIT_ARCHER_ELVES,7,kv,Firepower,1
UNIT_ARCHER_ELVES,8,kv,Armor,1
UNIT_ARCHER_ELVES,9,kv,MaxHP,8
UNIT_ARCHER_ELVES,10,kv,ShieldCost,550
UNIT_ARCHER_ELVES,11,kv,PowerPoints,200
UNIT_ARCHER_ELVES,12,kv,ShieldHunger,4
UNIT_ARCHER_ELVES,13,kv,FoodHunger,0
UNIT_ARCHER_ELVES,14,kv,MaxMovePoints,100
UNIT_ARCHER_ELVES,15,kv,VisionRange,1
UNIT_ARCHER_ELVES,16,kv,EnableAdvance,ADVANCE_ARCHERY_ELVES
UNIT_ARCHER_ELVES,17,kv,ObsoleteAdvance,ADVANCE_COMPOSITE_BOW_ELVES
UNIT_ARCHER_ELVES,18,kv,ActiveDefenseRange,0
UNIT_ARCHER_ELVES,19,flag,LossMoveToDmgNone,
UNIT_ARCHER_ELVES,20,kv,MaxFuel,0
UNIT_ARCHER_ELVES,21,flag,CanEntrench,
UNIT_ARCHER_ELVES,22,flag,NoZoc,
UNIT_ARCHER_ELVES,23,flag,CanExpel,
UNIT_ARCHER_ELVES,24,flag,CanPillage,
UNIT_ARCHER_ELVES,25,flag,CanPirate,
UNIT_ARCHER_ELVES,26,flag,OnlyBuildOne,
UNIT_ARCHER_ELVES,27,flag,ExertsMartialLaw,
UNIT_ARCHER_ELVES,28,flag,DeathEffectsHappy,
UNIT_ARCHER_ELVES,29,kv,SoundSelect1,SOUND_SELECT1_ARCHER
UNIT_ARCHER_ELVES,30,kv,SoundSelect2,SOUND_SELECT2_ARCHER
UNIT_ARCHER_ELVES,31,kv,SoundMove,SOUND_MOVE_ARCHER
UNIT_ARCHER_ELVES,32,kv,SoundAcknowledge,SOUND_ACKNOWLEDGE_ARCHER
UNIT_ARCHER_ELVES,33,kv,SoundCantMove,SOUND_CANTMOVE_ARCHER
UNIT_ARCHER_ELVES,34,kv,SoundAttack,SOUND_ATTACK_ARCHER
UNIT_ARCHER_ELVES,35,kv,SoundWork,SOUND_WORK_ARCHER
UNIT_ARCHER_ELVES,36,kv,SoundVictory,SOUND_VICTORY_ARCHER
UNIT_ARCHER_ELVES,37,kv,SoundDeath,SOUND_DEATH_ARCHER
UNIT_ARCHER_ELVES,38,sublist,CanAttack,Land
UNIT_ARCHER_ELVES,39,sublist,CanAttack,Mountain
UNIT_ARCHER_ELVES,40,sublist,CanSee,Standard
UNIT_ARCHER_ELVES,41,sublist,MovementType,Land
UNIT_ARCHER_ELVES,42,sublist,MovementType,Mountain
UNIT_ARCHER_ELVES,43,sublist,Size,Medium
UNIT_ARCHER_ELVES,44,sublist,VisionClass,Standard
UNIT_ARCHER_ELVES,45,nested,CanReform,"[{""t"": ""kv"", ""k"": ""Sound"", ""v"": ""SOUND_ID_REFORM_CITY""}, {""t"": ""kv"", ""k"": ""Effect"", ""v"": ""SPECEFFECT_REFORMCITY""}]"
UNIT_COMPOSITE_ARCHER,0,kv,Description,DESCRIPTION_UNIT_ARCHER
UNIT_COMPOSITE_ARCHER,1,kv,DefaultIcon,ICON_UNIT_COMPOSITE_ARCHER
UNIT_COMPOSITE_ARCHER,2,kv,DefaultSprite,SPRITE_COMPOSITE_ARCHER
UNIT_COMPOSITE_ARCHER,3,kv,Category,UNIT_CATEGORY_RANGED
UNIT_COMPOSITE_ARCHER,4,kv,Attack,10
UNIT_COMPOSITE_ARCHER,5,kv,Defense,10
UNIT_COMPOSITE_ARCHER,6,kv,ZBRangeAttack,35
UNIT_COMPOSITE_ARCHER,7,kv,Firepower,2
UNIT_COMPOSITE_ARCHER,8,kv,Armor,1
UNIT_COMPOSITE_ARCHER,9,kv,MaxHP,10
UNIT_COMPOSITE_ARCHER,10,kv,ShieldCost,1000
UNIT_COMPOSITE_ARCHER,11,kv,PowerPoints,200
UNIT_COMPOSITE_ARCHER,12,kv,ShieldHunger,6
UNIT_COMPOSITE_ARCHER,13,kv,FoodHunger,0
UNIT_COMPOSITE_ARCHER,14,kv,MaxMovePoints,100
UNIT_COMPOSITE_ARCHER,15,kv,VisionRange,1
UNIT_COMPOSITE_ARCHER,16,kv,EnableAdvance,ADVANCE_COMPOSITE_BOW
UNIT_COMPOSITE_ARCHER,17,kv,ActiveDefenseRange,0
UNIT_COMPOSITE_ARCHER,18,flag,LossMoveToDmgNone,
UNIT_COMPOSITE_ARCHER,19,kv,MaxFuel,0
UNIT_COMPOSITE_ARCHER,20,flag,CanEntrench,
UNIT_COMPOSITE_ARCHER,21,flag,NoZoc,
UNIT_COMPOSITE_ARCHER,22,flag,CanExpel,
UNIT_COMPOSITE_ARCHER,23,flag,CanPillage,
UNIT_COMPOSITE_ARCHER,24,flag,CanPirate,
UNIT_COMPOSITE_ARCHER,25,flag,ExertsMartialLaw,
UNIT_COMPOSITE_ARCHER,26,flag,DeathEffectsHappy,
UNIT_COMPOSITE_ARCHER,27,flag,OnlyBuildOne,
UNIT_COMPOSITE_ARCHER,28,kv,SoundSelect1,SOUND_SELECT1_ARCHER
UNIT_COMPOSITE_ARCHER,29,kv,SoundSelect2,SOUND_SELECT2_ARCHER
UNIT_COMPOSITE_ARCHER,30,kv,SoundMove,SOUND_MOVE_ARCHER
UNIT_COMPOSITE_ARCHER,31,kv,SoundAcknowledge,SOUND_ACKNOWLEDGE_ARCHER
UNIT_COMPOSITE_ARCHER,32,kv,SoundCantMove,SOUND_CANTMOVE_ARCHER
UNIT_COMPOSITE_ARCHER,33,kv,SoundAttack,SOUND_ATTACK_ARCHER
UNIT_COMPOSITE_ARCHER,34,kv,SoundWork,SOUND_WORK_ARCHER
UNIT_COMPOSITE_ARCHER,35,kv,SoundVictory,SOUND_VICTORY_ARCHER
UNIT_COMPOSITE_ARCHER,36,kv,SoundDeath,SOUND_DEATH_ARCHER
UNIT_COMPOSITE_ARCHER,37,sublist,CanAttack,Land
UNIT_COMPOSITE_ARCHER,38,sublist,CanSee,Standard
UNIT_COMPOSITE_ARCHER,39,sublist,MovementType,Land
UNIT_COMPOSITE_ARCHER,40,sublist,MovementType,Mountain
UNIT_COMPOSITE_ARCHER,41,sublist,Size,Medium
UNIT_COMPOSITE_ARCHER,42,sublist,VisionClass,Standard
UNIT_COMPOSITE_ARCHER,43,nested,CanReform,"[{""t"": ""kv"", ""k"": ""Sound"", ""v"": ""SOUND_ID_REFORM_CITY""}, {""t"": ""kv"", ""k"": ""Effect"", ""v"": ""SPECEFFECT_REFORMCITY""}]"
UNIT_COMPOSITE_ARCHER_ORCS,0,kv,Description,DESCRIPTION_UNIT_ARCHER
UNIT_COMPOSITE_ARCHER_ORCS,1,kv,DefaultIcon,ICON_UNIT_COMPOSITE_ARCHER_ORCS
UNIT_COMPOSITE_ARCHER_ORCS,2,kv,DefaultSprite,SPRITE_COMPOSITE_ARCHER_ORCS
UNIT_COMPOSITE_ARCHER_ORCS,3,kv,Category,UNIT_CATEGORY_RANGED
UNIT_COMPOSITE_ARCHER_ORCS,4,kv,Attack,10
UNIT_COMPOSITE_ARCHER_ORCS,5,kv,Defense,10
UNIT_COMPOSITE_ARCHER_ORCS,6,kv,ZBRangeAttack,35
UNIT_COMPOSITE_ARCHER_ORCS,7,kv,Firepower,2
UNIT_COMPOSITE_ARCHER_ORCS,8,kv,Armor,1
UNIT_COMPOSITE_ARCHER_ORCS,9,kv,MaxHP,10
UNIT_COMPOSITE_ARCHER_ORCS,10,kv,ShieldCost,900
UNIT_COMPOSITE_ARCHER_ORCS,11,kv,PowerPoints,200
UNIT_COMPOSITE_ARCHER_ORCS,12,kv,ShieldHunger,6
UNIT_COMPOSITE_ARCHER_ORCS,13,kv,FoodHunger,0
UNIT_COMPOSITE_ARCHER_ORCS,14,kv,MaxMovePoints,100
UNIT_COMPOSITE_ARCHER_ORCS,15,kv,VisionRange,1
UNIT_COMPOSITE_ARCHER_ORCS,16,kv,EnableAdvance,ADVANCE_COMPOSITE_BOW_ORCS
UNIT_COMPOSITE_ARCHER_ORCS,17,kv,ActiveDefenseRange,0
UNIT_COMPOSITE_ARCHER_ORCS,18,flag,LossMoveToDmgNone,
UNIT_COMPOSITE_ARCHER_ORCS,19,kv,MaxFuel,0
UNIT_COMPOSITE_ARCHER_ORCS,20,flag,CanEntrench,
UNIT_COMPOSITE_ARCHER_ORCS,21,flag,NoZoc,
UNIT_COMPOSITE_ARCHER_ORCS,22,flag,CanExpel,
UNIT_COMPOSITE_ARCHER_ORCS,23,flag,CanPillage,
UNIT_COMPOSITE_ARCHER_ORCS,24,flag,CanPirate,
UNIT_COMPOSITE_ARCHER_ORCS,25,flag,ExertsMartialLaw,
UNIT_COMPOSITE_ARCHER_ORCS,26,flag,DeathEffectsHappy,
UNIT_COMPOSITE_ARCHER_ORCS,27,flag,OnlyBuildOne,
UNIT_COMPOSITE_ARCHER_ORCS,28,kv,SoundSelect1,SOUND_SELECT1_ARCHER
UNIT_COMPOSITE_ARCHER_ORCS,29,kv,SoundSelect2,SOUND_SELECT2_ARCHER
UNIT_COMPOSITE_ARCHER_ORCS,30,kv,SoundMove,SOUND_MOVE_ARCHER
UNIT_COMPOSITE_ARCHER_ORCS,31,kv,SoundAcknowledge,SOUND_ACKNOWLEDGE_ARCHER
UNIT_COMPOSITE_ARCHER_ORCS,32,kv,SoundCantMove,SOUND_CANTMOVE_ARCHER
UNIT_COMPOSITE_ARCHER_ORCS,33,kv,SoundAttack,SOUND_ATTACK_ARCHER
UNIT_COMPOSITE_ARCHER_ORCS,34,kv,SoundWork,SOUND_WORK_ARCHER
UNIT_COMPOSITE_ARCHER_ORCS,35,kv,SoundVictory,SOUND_VICTORY_ARCHER
UNIT_COMPOSITE_ARCHER_ORCS,36,kv,SoundDeath,SOUND_DEATH_ARCHER
UNIT_COMPOSITE_ARCHER_ORCS,37,sublist,CanAttack,Land
UNIT_COMPOSITE_ARCHER_ORCS,38,sublist,CanSee,Standard
UNIT_COMPOSITE_ARCHER_ORCS,39,sublist,MovementType,Land
UNIT_COMPOSITE_ARCHER_ORCS,40,sublist,MovementType,Mountain
UNIT_COMPOSITE_ARCHER_ORCS,41,sublist,Size,Medium
UNIT_COMPOSITE_ARCHER_ORCS,42,sublist,VisionClass,Standard
UNIT_COMPOSITE_ARCHER_ORCS,43,nested,CanReform,"[{""t"": ""kv"", ""k"": ""Sound"", ""v"": ""SOUND_ID_REFORM_CITY""}, {""t"": ""kv"", ""k"": ""Effect"", ""v"": ""SPECEFFECT_REFORMCITY""}]"
UNIT_COMPOSITE_ARCHER_ELVES,0,kv,Description,DESCRIPTION_UNIT_ARCHER
UNIT_COMPOSITE_ARCHER_ELVES,1,kv,DefaultIcon,ICON_UNIT_COMPOSITE_ARCHER_ELVES
UNIT_COMPOSITE_ARCHER_ELVES,2,kv,DefaultSprite,SPRITE_COMPOSITE_ARCHER_ELVES
UNIT_COMPOSITE_ARCHER_ELVES,3,kv,Category,UNIT_CATEGORY_RANGED
UNIT_COMPOSITE_ARCHER_ELVES,4,kv,Attack,15
UNIT_COMPOSITE_ARCHER_ELVES,5,kv,Defense,15
UNIT_COMPOSITE_ARCHER_ELVES,6,kv,ZBRangeAttack,40
UNIT_COMPOSITE_ARCHER_ELVES,7,kv,Firepower,2
UNIT_COMPOSITE_ARCHER_ELVES,8,kv,Armor,1
UNIT_COMPOSITE_ARCHER_ELVES,9,kv,MaxHP,10
UNIT_COMPOSITE_ARCHER_ELVES,10,kv,ShieldCost,850
UNIT_COMPOSITE_ARCHER_ELVES,11,kv,PowerPoints,200
UNIT_COMPOSITE_ARCHER_ELVES,12,kv,ShieldHunger,6
UNIT_COMPOSITE_ARCHER_ELVES,13,kv,FoodHunger,0
UNIT_COMPOSITE_ARCHER_ELVES,14,kv,MaxMovePoints,100
UNIT_COMPOSITE_ARCHER_ELVES,15,kv,VisionRange,1
UNIT_COMPOSITE_ARCHER_ELVES,16,kv,EnableAdvance,ADVANCE_COMPOSITE_BOW_ELVES
UNIT_COMPOSITE_ARCHER_ELVES,17,kv,ObsoleteAdvance,ADVANCE_SIEGE_WEAPONS_ELVES
UNIT_COMPOSITE_ARCHER_ELVES,18,kv,ActiveDefenseRange,0
UNIT_COMPOSITE_ARCHER_ELVES,19,flag,LossMoveToDmgNone,
UNIT_COMPOSITE_ARCHER_ELVES,20,kv,MaxFuel,0
UNIT_COMPOSITE_ARCHER_ELVES,21,flag,CanEntrench,
UNIT_COMPOSITE_ARCHER_ELVES,22,flag,NoZoc,
UNIT_COMPOSITE_ARCHER_ELVES,23,flag,CanExpel,
UNIT_COMPOSITE_ARCHER_ELVES,24,flag,CanPillage,
UNIT_COMPOSITE_ARCHER_ELVES,25,flag,CanPirate,
UNIT_COMPOSITE_ARCHER_ELVES,26,flag,ExertsMartialLaw,
UNIT_COMPOSITE_ARCHER_ELVES,27,flag,DeathEffectsHappy,
UNIT_COMPOSITE_ARCHER_ELVES,28,flag,OnlyBuildOne,
UNIT_COMPOSITE_ARCHER_ELVES,29,kv,SoundSelect1,SOUND_SELECT1_ARCHER
UNIT_COMPOSITE_ARCHER_ELVES,30,kv,SoundSelect2,SOUND_SELECT2_ARCHER
UNIT_COMPOSITE_ARCHER_ELVES,31,kv,SoundMove,SOUND_MOVE_ARCHER
UNIT_COMPOSITE_ARCHER_ELVES,32,kv,SoundAcknowledge,SOUND_ACKNOWLEDGE_ARCHER
UNIT_COMPOSITE_ARCHER_ELVES,33,kv,SoundCantMove,SOUND_CANTMOVE_ARCHER
UNIT_COMPOSITE_ARCHER_ELVES,34,kv,SoundAttack,SOUND_ATTACK_ARCHER
UNIT_COMPOSITE_ARCHER_ELVES,35,kv,SoundWork,SOUND_WORK_ARCHER
UNIT_COMPOSITE_ARCHER_ELVES,36,kv,SoundVictory,SOUND_VICTORY_ARCHER
UNIT_COMPOSITE_ARCHER_ELVES,37,kv,SoundDeath,SOUND_DEATH_ARCHER
UNIT_COMPOSITE_ARCHER_ELVES,38,sublist,CanAttack,Land
UNIT_COMPOSITE_ARCHER_ELVES,39,sublist,CanSee,Standard
UNIT_COMPOSITE_ARCHER_ELVES,40,sublist,MovementType,Land
UNIT_COMPOSITE_ARCHER_ELVES,41,sublist,MovementType,Mountain
UNIT_COMPOSITE_ARCHER_ELVES,42,sublist,Size,Medium
UNIT_COMPOSITE_ARCHER_ELVES,43,sublist,VisionClass,Standard
UNIT_COMPOSITE_ARCHER_ELVES,44,nested,CanReform,"[{""t"": ""kv"", ""k"": ""Sound"", ""v"": ""SOUND_ID_REFORM_CITY""}, {""t"": ""kv"", ""k"": ""Effect"", ""v"": ""SPECEFFECT_REFORMCITY""}]"
UNIT_CROSSBOWMAN,0,kv,Description,DESCRIPTION_UNIT_ARCHER
UNIT_CROSSBOWMAN,1,kv,DefaultIcon,ICON_UNIT_CROSSBOWMAN
UNIT_CROSSBOWMAN,2,kv,DefaultSprite,SPRITE_CROSSBOWMAN
UNIT_CROSSBOWMAN,3,kv,Category,UNIT_CATEGORY_RANGED
UNIT_CROSSBOWMAN,4,kv,Attack,5
UNIT_CROSSBOWMAN,5,kv,Defense,5
UNIT_CROSSBOWMAN,6,kv,ZBRangeAttack,45
UNIT_CROSSBOWMAN,7,kv,Firepower,2
UNIT_CROSSBOWMAN,8,kv,Armor,1
UNIT_CROSSBOWMAN,9,kv,MaxHP,12
UNIT_CROSSBOWMAN,10,kv,ShieldCost,1200
UNIT_CROSSBOWMAN,11,kv,PowerPoints,400
UNIT_CROSSBOWMAN,12,kv,ShieldHunger,8
UNIT_CROSSBOWMAN,13,kv,FoodHunger,0
UNIT_CROSSBOWMAN,14,kv,MaxMovePoints,100
UNIT_CROSSBOWMAN,15,kv,VisionRange,1
UNIT_CROSSBOWMAN,16,kv,EnableAdvance,ADVANCE_SIEGE_WEAPONS
UNIT_CROSSBOWMAN,17,kv,ActiveDefenseRange,0
UNIT_CROSSBOWMAN,18,flag,LossMoveToDmgNone,
UNIT_CROSSBOWMAN,19,kv,MaxFuel,0
UNIT_CROSSBOWMAN,20,flag,CanEntrench,
UNIT_CROSSBOWMAN,21,flag,NoZoc,
UNIT_CROSSBOWMAN,22,flag,CanExpel,
UNIT_CROSSBOWMAN,23,flag,CanPillage,
UNIT_CROSSBOWMAN,24,flag,CanPirate,
UNIT_CROSSBOWMAN,25,flag,ExertsMartialLaw,
UNIT_CROSSBOWMAN,26,flag,DeathEffectsHappy,
UNIT_CROSSBOWMAN,27,flag,OnlyBuildOne,
UNIT_CROSSBOWMAN,28,kv,SoundSelect1,SOUND_SELECT1_ARCHER
UNIT_CROSSBOWMAN,29,kv,SoundSelect2,SOUND_SELECT2_ARCHER
UNIT_CROSSBOWMAN,30,kv,SoundMove,SOUND_MOVE_ARCHER
UNIT_CROSSBOWMAN,31,kv,SoundAcknowledge,SOUND_ACKNOWLEDGE_ARCHER
UNIT_CROSSBOWMAN,32,kv,SoundCantMove,SOUND_CANTMOVE_ARCHER
UNIT_CROSSBOWMAN,33,kv,SoundAttack,SOUND_ATTACK_ARCHER
UNIT_CROSSBOWMAN,34,kv,SoundWork,SOUND_WORK_ARCHER
UNIT_CROSSBOWMAN,35,kv,SoundVictory,SOUND_VICTORY_ARCHER
UNIT_CROSSBOWMAN,36,kv,SoundDeath,SOUND_DEATH_ARCHER
UNIT_CROSSBOWMAN,37,sublist,CanAttack,Land
UNIT_CROSSBOWMAN,38,sublist,CanAttack,Mountain
UNIT_CROSSBOWMAN,39,sublist,CanSee,Standard
UNIT_CROSSBOWMAN,40,sublist,MovementType,Land
UNIT_CROSSBOWMAN,41,sublist,MovementType,Mountain
UNIT_CROSSBOWMAN,42,sublist,Size,Medium
UNIT_CROSSBOWMAN,43,sublist,VisionClass,Standard
UNIT_CROSSBOWMAN,44,nested,CanReform,"[{""t"": ""kv"", ""k"": ""Sound"", ""v"": ""SOUND_ID_REFORM_CITY""}, {""t"": ""kv"", ""k"": ""Effect"", ""v"": ""SPECEFFECT_REFORMCITY""}]"
UNIT_CROSSBOWMAN_ELVES,0,kv,Description,DESCRIPTION_UNIT_ARCHER
UNIT_CROSSBOWMAN_ELVES,1,kv,DefaultIcon,ICON_UNIT_CROSSBOWMAN_ELVES
UNIT_CROSSBOWMAN_ELVES,2,kv,DefaultSprite,SPRITE_CROSSBOWMAN_ELVES
UNIT_CROSSBOWMAN_ELVES,3,kv,Category,UNIT_CATEGORY_RANGED
UNIT_CROSSBOWMAN_ELVES,4,kv,Attack,20
UNIT_CROSSBOWMAN_ELVES,5,kv,Defense,20
UNIT_CROSSBOWMAN_ELVES,6,kv,ZBRangeAttack,45
UNIT_CROSSBOWMAN_ELVES,7,kv,Firepower,2
UNIT_CROSSBOWMAN_ELVES,8,kv,Armor,1
UNIT_CROSSBOWMAN_ELVES,9,kv,MaxHP,15
UNIT_CROSSBOWMAN_ELVES,10,kv,ShieldCost,1100
UNIT_CROSSBOWMAN_ELVES,11,kv,PowerPoints,400
UNIT_CROSSBOWMAN_ELVES,12,kv,ShieldHunger,8
UNIT_CROSSBOWMAN_ELVES,13,kv,FoodHunger,0
UNIT_CROSSBOWMAN_ELVES,14,kv,MaxMovePoints,100
UNIT_CROSSBOWMAN_ELVES,15,kv,VisionRange,1
UNIT_CROSSBOWMAN_ELVES,16,kv,EnableAdvance,ADVANCE_SIEGE_WEAPONS_ELVES
UNIT_CROSSBOWMAN_ELVES,17,kv,ActiveDefenseRange,0
UNIT_CROSSBOWMAN_ELVES,18,flag,LossMoveToDmgNone,
UNIT_CROSSBOWMAN_ELVES,19,kv,MaxFuel,0
UNIT_CROSSBOWMAN_ELVES,20,flag,CanEntrench,
UNIT_CROSSBOWMAN_ELVES,21,flag,NoZoc,
UNIT_CROSSBOWMAN_ELVES,22,flag,CanExpel,
UNIT_CROSSBOWMAN_ELVES,23,flag,CanPillage,
UNIT_CROSSBOWMAN_ELVES,24,flag,CanPirate,
UNIT_CROSSBOWMAN_ELVES,25,flag,ExertsMartialLaw,
UNIT_CROSSBOWMAN_ELVES,26,flag,DeathEffectsHappy,
UNIT_CROSSBOWMAN_ELVES,27,flag,OnlyBuildOne,
UNIT_CROSSBOWMAN_ELVES,28,kv,SoundSelect1,SOUND_SELECT1_ARCHER
UNIT_CROSSBOWMAN_ELVES,29,kv,SoundSelect2,SOUND_SELECT2_ARCHER
UNIT_CROSSBOWMAN_ELVES,30,kv,SoundMove,SOUND_MOVE_ARCHER
UNIT_CROSSBOWMAN_ELVES,31,kv,SoundAcknowledge,SOUND_ACKNOWLEDGE_ARCHER
UNIT_CROSSBOWMAN_ELVES,32,kv,SoundCantMove,SOUND_CANTMOVE_ARCHER
UNIT_CROSSBOWMAN_ELVES,33,kv,SoundAttack,SOUND_ATTACK_ARCHER
UNIT_CROSSBOWMAN_ELVES,34,kv,SoundWork,SOUND_WORK_ARCHER
UNIT_CROSSBOWMAN_ELVES,35,kv,SoundVictory,SOUND_VICTORY_ARCHER
UNIT_CROSSBOWMAN_ELVES,36,kv,SoundDeath,SOUND_DEATH_ARCHER
UNIT_CROSSBOWMAN_ELVES,37,sublist,CanAttack,Land
UNIT_CROSSBOWMAN_ELVES,38,sublist,CanAttack,Mountain
UNIT_CROSSBOWMAN_ELVES,39,sublist,CanSee,Standard
UNIT_CROSSBOWMAN_ELVES,40,sublist,MovementType,Land
UNIT_CROSSBOWMAN_ELVES,41,sublist,MovementType,Mountain
UNIT_CROSSBOWMAN_ELVES,42,sublist,Size,Medium
UNIT_CROSSBOWMAN_ELVES,43,sublist,VisionClass,Standard
UNIT_CROSSBOWMAN_ELVES,44,nested,CanReform,"[{""t"": ""kv"", ""k"": ""Sound"", ""v"": ""SOUND_ID_REFORM_CITY""}, {""t"": ""kv"", ""k"": ""Effect"", ""v"": ""SPECEFFECT_REFORMCITY""}]"
UNIT_CORACLE,0,kv,Description,DESCRIPTION_UNIT_GALLEY
UNIT_CORACLE,1,kv,DefaultIcon,ICON_UNIT_CORACLE
UNIT_CORACLE,2,kv,DefaultSprite,SPRITE_CORACLE
UNIT_CORACLE,3,kv,Category,UNIT_CATEGORY_NAVAL
UNIT_CORACLE,4,kv,Attack,10
UNIT_CORACLE,5,kv,Defense,10
UNIT_CORACLE,6,kv,ZBRangeAttack,0
UNIT_CORACLE,7,kv,Firepower,1
UNIT_CORACLE,8,kv,Armor,1
UNIT_CORACLE,9,kv,MaxHP,10
UNIT_CORACLE,10,kv,ShieldCost,225
UNIT_CORACLE,11,kv,PowerPoints,100
UNIT_CORACLE,12,kv,ShieldHunger,1
UNIT_CORACLE,13,kv,FoodHunger,0
UNIT_CORACLE,14,kv,MaxMovePoints,500
UNIT_CORACLE,15,kv,VisionRange,1
UNIT_CORACLE,16,kv,EnableAdvance,ADVANCE_SHIP_BUILDING
UNIT_CORACLE,17,kv,ObsoleteAdvance,ADVANCE_HULL_MAKING
UNIT_CORACLE,18,kv,ActiveDefenseRange,0
UNIT_CORACLE,19,flag,LossMoveToDmgNone,
UNIT_CORACLE,20,kv,MaxFuel,0
UNIT_CORACLE,21,flag,CanExpel,
UNIT_CORACLE,22,flag,NoZoc,
UNIT_CORACLE,23,flag,CanPillage,
UNIT_CORACLE,24,flag,CanPirate,
UNIT_CORACLE,25,flag,CantCaptureCity,
UNIT_CORACLE,26,flag,DeathEffectsHappy,
UNIT_CORACLE,27,flag,WoodenShip,
UNIT_CORACLE,28,flag,OnlyBuildOne,
UNIT_CORACLE,29,kv,SoundSelect1,SOUND_SELECT1_GREEK_FIRE_TRIREME
UNIT_CORACLE,30,kv,SoundSelect2,SOUND_SELECT2_GREEK_FIRE_TRIREME
UNIT_CORACLE,31,kv,SoundMove,SOUND_MOVE_GREEK_FIRE_TRIREME
UNIT_CORACLE,32,kv,SoundAcknowledge,SOUND_ACKNOWLEDGE_GREEK_FIRE_TRIREME
UNIT_CORACLE,33,kv,SoundCantMove,SOUND_CANTMOVE_GREEK_FIRE_TRIREME
UNIT_CORACLE,34,kv,SoundAttack,SOUND_ATTACK_GREEK_FIRE_TRIREME
UNIT_CORACLE,35,kv,SoundWork,SOUND_WORK_GREEK_FIRE_TRIREME
UNIT_CORACLE,36,kv,SoundVictory,SOUND_VICTORY_GREEK_FIRE_TRIREME
UNIT_CORACLE,37,kv,SoundDeath,SOUND_DEATH_GREEK_FIRE_TRIREME
UNIT_CORACLE,38,sublist,CanAttack,Sea
UNIT_CORACLE,39,sublist,CanAttack,ShallowWater
UNIT_CORACLE,40,sublist,CanCarry,MedLand
UNIT_CORACLE,41,sublist,CanCarry,SmallLand
UNIT_CORACLE,42,sublist,CanSee,Standard
UNIT_CORACLE,43,sublist,MovementType,ShallowWater
UNIT_CORACLE,44,sublist,Size,Large
UNIT_CORACLE,45,sublist,VisionClass,Standard
UNIT_CORACLE,46,nested,CanReform,"[{""t"": ""kv"", ""k"": ""Sound"", ""v"": ""SOUND_ID_REFORM_CITY""}, {""t"": ""kv"", ""k"": ""Effect"", ""v"": ""SPECEFFECT_REFORMCITY""}]"
UNIT_CORACLE,47,nested,CargoData,"[{""t"": ""kv"", ""k"": ""MaxCargo"", ""v"": ""1""}, {""t"": ""kv"", ""k"": ""Load"", ""v"": ""SOUND_ID_TRIREME_LOAD""}, {""t"": ""kv"", ""k"": ""Unload"", ""v"": ""SOUND_ID_TRIREME_UNLOAD""}]"
UNIT_BIREME,0,kv,Description,DESCRIPTION_UNIT_GALLEY
UNIT_BIREME,1,kv,DefaultIcon,ICON_UNIT_BIREME
UNIT_BIREME,2,kv,DefaultSprite,SPRITE_BIREME
UNIT_BIREME,3,kv,Category,UNIT_CATEGORY_NAVAL
UNIT_BIREME,4,kv,Attack,15
UNIT_BIREME,5,kv,Defense,15
UNIT_BIREME,6,kv,ZBRangeAttack,0
UNIT_BIREME,7,kv,Firepower,1
UNIT_BIREME,8,kv,Armor,1
UNIT_BIREME,9,kv,MaxHP,12
UNIT_BIREME,10,kv,ShieldCost,450
UNIT_BIREME,11,kv,PowerPoints,200
UNIT_BIREME,12,kv,ShieldHunger,3
UNIT_BIREME,13,kv,FoodHunger,0
UNIT_BIREME,14,kv,MaxMovePoints,500
UNIT_BIREME,15,kv,VisionRange,1
UNIT_BIREME,16,kv,EnableAdvance,ADVANCE_SAILS
UNIT_BIREME,17,kv,ObsoleteAdvance,ADVANCE_ALCHEMY
UNIT_BIREME,18,kv,ActiveDefenseRange,0
UNIT_BIREME,19,flag,LossMoveToDmgNone,
UNIT_BIREME,20,kv,MaxFuel,0
UNIT_BIREME,21,flag,CanExpel,
UNIT_BIREME,22,flag,NoZoc,
UNIT_BIREME,23,flag,CanPillage,
UNIT_BIREME,24,flag,CanPirate,
UNIT_BIREME,25,flag,CantCaptureCity,
UNIT_BIREME,26,flag,DeathEffectsHappy,
UNIT_BIREME,27,flag,OnlyBuildOne,
UNIT_BIREME,28,kv,SoundSelect1,SOUND_SELECT1_CATAMARAN
UNIT_BIREME,29,kv,SoundSelect2,SOUND_SELECT2_CATAMARAN
UNIT_BIREME,30,kv,SoundMove,SOUND_MOVE_CATAMARAN
UNIT_BIREME,31,kv,SoundAcknowledge,SOUND_ACKNOWLEDGE_CATAMARAN
UNIT_BIREME,32,kv,SoundCantMove,SOUND_CANTMOVE_CATAMARAN
UNIT_BIREME,33,kv,SoundAttack,SOUND_ATTACK_CATAMARAN
UNIT_BIREME,34,kv,SoundWork,SOUND_WORK_CATAMARAN
UNIT_BIREME,35,kv,SoundVictory,SOUND_VICTORY_CATAMARAN
UNIT_BIREME,36,kv,SoundDeath,SOUND_DEATH_CATAMARAN
UNIT_BIREME,37,sublist,CanCarry,SmallLand
UNIT_BIREME,38,sublist,CanCarry,MedLand
UNIT_BIREME,39,sublist,CanAttack,Sea
UNIT_BIREME,40,sublist,CanAttack,ShallowWater
UNIT_BIREME,41,sublist,CanSee,Standard
UNIT_BIREME,42,sublist,MovementType,Sea
UNIT_BIREME,43,sublist,MovementType,ShallowWater
UNIT_BIREME,44,sublist,Size,Large
UNIT_BIREME,45,sublist,VisionClass,Standard
UNIT_BIREME,46,nested,CanReform,"[{""t"": ""kv"", ""k"": ""Sound"", ""v"": ""SOUND_ID_REFORM_CITY""}, {""t"": ""kv"", ""k"": ""Effect"", ""v"": ""SPECEFFECT_REFORMCITY""}]"
UNIT_BIREME,47,nested,CargoData,"[{""t"": ""kv"", ""k"": ""MaxCargo"", ""v"": ""2""}, {""t"": ""kv"", ""k"": ""Load"", ""v"": ""SOUND_ID_TRIREME_LOAD""}, {""t"": ""kv"", ""k"": ""Unload"", ""v"": ""SOUND_ID_TRIREME_UNLOAD""}]"
UNIT_BIREME_HARADRIM,0,kv,Description,DESCRIPTION_UNIT_GALLEY
UNIT_BIREME_HARADRIM,1,kv,DefaultIcon,ICON_UNIT_BIREME_HARADRIM
UNIT_BIREME_HARADRIM,2,kv,DefaultSprite,SPRITE_BIREME_HARADRIM
UNIT_BIREME_HARADRIM,3,kv,Category,UNIT_CATEGORY_NAVAL
UNIT_BIREME_HARADRIM,4,kv,Attack,20
UNIT_BIREME_HARADRIM,5,kv,Defense,20
UNIT_BIREME_HARADRIM,6,kv,ZBRangeAttack,0
UNIT_BIREME_HARADRIM,7,kv,Firepower,1
UNIT_BIREME_HARADRIM,8,kv,Armor,1
UNIT_BIREME_HARADRIM,9,kv,MaxHP,12
UNIT_BIREME_HARADRIM,10,kv,ShieldCost,400
UNIT_BIREME_HARADRIM,11,kv,PowerPoints,200
UNIT_BIREME_HARADRIM,12,kv,ShieldHunger,3
UNIT_BIREME_HARADRIM,13,kv,FoodHunger,0
UNIT_BIREME_HARADRIM,14,kv,MaxMovePoints,500
UNIT_BIREME_HARADRIM,15,kv,VisionRange,1
UNIT_BIREME_HARADRIM,16,kv,EnableAdvance,ADVANCE_SAILS_HARADRIM
UNIT_BIREME_HARADRIM,17,kv,ObsoleteAdvance,ADVANCE_ALCHEMY_HARADRIM
UNIT_BIREME_HARADRIM,18,kv,ActiveDefenseRange,0
UNIT_BIREME_HARADRIM,19,flag,LossMoveToDmgNone,
UNIT_BIREME_HARADRIM,20,kv,MaxFuel,0
UNIT_BIREME_HARADRIM,21,flag,CanExpel,
UNIT_BIREME_HARADRIM,22,flag,NoZoc,
UNIT_BIREME_HARADRIM,23,flag,CanPillage,
UNIT_BIREME_HARADRIM,24,flag,CanPirate,
UNIT_BIREME_HARADRIM,25,flag,CantCaptureCity,
UNIT_BIREME_HARADRIM,26,flag,DeathEffectsHappy,
UNIT_BIREME_HARADRIM,27,flag,OnlyBuildOne,
UNIT_BIREME_HARADRIM,28,kv,SoundSelect1,SOUND_SELECT1_CATAMARAN
UNIT_BIREME_HARADRIM,29,kv,SoundSelect2,SOUND_SELECT2_CATAMARAN
UNIT_BIREME_HARADRIM,30,kv,SoundMove,SOUND_MOVE_CATAMARAN
UNIT_BIREME_HARADRIM,31,kv,SoundAcknowledge,SOUND_ACKNOWLEDGE_CATAMARAN
UNIT_BIREME_HARADRIM,32,kv,SoundCantMove,SOUND_CANTMOVE_CATAMARAN
UNIT_BIREME_HARADRIM,33,kv,SoundAttack,SOUND_ATTACK_CATAMARAN
UNIT_BIREME_HARADRIM,34,kv,SoundWork,SOUND_WORK_CATAMARAN
UNIT_BIREME_HARADRIM,35,kv,SoundVictory,SOUND_VICTORY_CATAMARAN
UNIT_BIREME_HARADRIM,36,kv,SoundDeath,SOUND_DEATH_CATAMARAN
UNIT_BIREME_HARADRIM,37,sublist,CanCarry,SmallLand
UNIT_BIREME_HARADRIM,38,sublist,CanCarry,MedLand
UNIT_BIREME_HARADRIM,39,sublist,CanAttack,Sea
UNIT_BIREME_HARADRIM,40,sublist,CanAttack,ShallowWater
UNIT_BIREME_HARADRIM,41,sublist,CanSee,Standard
UNIT_BIREME_HARADRIM,42,sublist,MovementType,Sea
UNIT_BIREME_HARADRIM,43,sublist,MovementType,ShallowWater
UNIT_BIREME_HARADRIM,44,sublist,Size,Large
UNIT_BIREME_HARADRIM,45,sublist,VisionClass,Standard
UNIT_BIREME_HARADRIM,46,nested,CanReform,"[{""t"": ""kv"", ""k"": ""Sound"", ""v"": ""SOUND_ID_REFORM_CITY""}, {""t"": ""kv"", ""k"": ""Effect"", ""v"": ""SPECEFFECT_REFORMCITY""}]"
UNIT_BIREME_HARADRIM,47,nested,CargoData,"[{""t"": ""kv"", ""k"": ""MaxCargo"", ""v"": ""2""}, {""t"": ""kv"", ""k"": ""Load"", ""v"": ""SOUND_ID_TRIREME_LOAD""}, {""t"": ""kv"", ""k"": ""Unload"", ""v"": ""SOUND_ID_TRIREME_UNLOAD""}]"
UNIT_TRIREME,0,kv,Description,DESCRIPTION_UNIT_FIRE_TRIREME
UNIT_TRIREME,1,kv,DefaultIcon,ICON_UNIT_TRIREME
UNIT_TRIREME,2,kv,DefaultSprite,SPRITE_TRIREME
UNIT_TRIREME,3,kv,Category,UNIT_CATEGORY_NAVAL
UNIT_TRIREME,4,kv,Attack,25
UNIT_TRIREME,5,kv,Defense,25
UNIT_TRIREME,6,kv,ZBRangeAttack,15
UNIT_TRIREME,7,kv,Firepower,2
UNIT_TRIREME,8,kv,Armor,1
UNIT_TRIREME,9,kv,MaxHP,15
UNIT_TRIREME,10,kv,ShieldCost,600
UNIT_TRIREME,11,kv,PowerPoints,300
UNIT_TRIREME,12,kv,ShieldHunger,4
UNIT_TRIREME,13,kv,FoodHunger,0
UNIT_TRIREME,14,kv,MaxMovePoints,300
UNIT_TRIREME,15,kv,VisionRange,1
UNIT_TRIREME,16,kv,EnableAdvance,ADVANCE_ALCHEMY
UNIT_TRIREME,17,kv,ActiveDefenseRange,0
UNIT_TRIREME,18,flag,LossMoveToDmgNone,
UNIT_TRIREME,19,kv,MaxFuel,0
UNIT_TRIREME,20,flag,CanExpel,
UNIT_TRIREME,21,flag,NoZoc,
UNIT_TRIREME,22,flag,CanPillage,
UNIT_TRIREME,23,flag,CanPirate,
UNIT_TRIREME,24,flag,CantCaptureCity,
UNIT_TRIREME,25,flag,ExertsMartialLaw,
UNIT_TRIREME,26,flag,DeathEffectsHappy,
UNIT_TRIREME,27,flag,IsFlanker,
UNIT_TRIREME,28,flag,WoodenShip,
UNIT_TRIREME,29,flag,OnlyBuildOne,
UNIT_TRIREME,30,kv,SoundSelect1,SOUND_SELECT1_GREEK_FIRE_TRIREME
UNIT_TRIREME,31,kv,SoundSelect2,SOUND_SELECT2_GREEK_FIRE_TRIREME
UNIT_TRIREME,32,kv,SoundMove,SOUND_MOVE_GREEK_FIRE_TRIREME
UNIT_TRIREME,33,kv,SoundAcknowledge,SOUND_ACKNOWLEDGE_GREEK_FIRE_TRIREME
UNIT_TRIREME,34,kv,SoundCantMove,SOUND_CANTMOVE_GREEK_FIRE_TRIREME
UNIT_TRIREME,35,kv,SoundAttack,SOUND_ATTACK_GREEK_FIRE_TRIREME
UNIT_TRIREME,36,kv,SoundWork,SOUND_WORK_GREEK_FIRE_TRIREME
UNIT_TRIREME,37,kv,SoundVictory,SOUND_VICTORY_GREEK_FIRE_TRIREME
UNIT_TRIREME,38,kv,SoundDeath,SOUND_DEATH_GREEK_FIRE_TRIREME
UNIT_TRIREME,39,sublist,CanAttack,Sea
UNIT_TRIREME,40,sublist,CanAttack,ShallowWater
UNIT_TRIREME,41,sublist,CanBombard,Water
UNIT_TRIREME,42,sublist,CanSee,Standard
UNIT_TRIREME,43,sublist,MovementType,Sea
UNIT_TRIREME,44,sublist,MovementType,ShallowWater
UNIT_TRIREME,45,sublist,Size,Large
UNIT_TRIREME,46,sublist,VisionClass,Standard
UNIT_TRIREME,47,nested,CanReform,"[{""t"": ""kv"", ""k"": ""Sound"", ""v"": ""SOUND_ID_REFORM_CITY""}, {""t"": ""kv"", ""k"": ""Effect"", ""v"": ""SPECEFFECT_REFORMCITY""}]"
UNIT_TRIREME,48,nested,CargoData,"[{""t"": ""kv"", ""k"": ""MaxCargo"", ""v"": ""3""}, {""t"": ""kv"", ""k"": ""Load"", ""v"": ""SOUND_ID_TRIREME_LOAD""}, {""t"": ""kv"", ""k"": ""Unload"", ""v"": ""SOUND_ID_TRIREME_UNLOAD""}]"
UNIT_HEPTIREME,0,kv,Description,DESCRIPTION_UNIT_GALLEY
UNIT_HEPTIREME,1,kv,DefaultIcon,ICON_UNIT_HEPTIREME
UNIT_HEPTIREME,2,kv,DefaultSprite,SPRITE_HEPTIREME
UNIT_HEPTIREME,3,kv,Category,UNIT_CATEGORY_NAVAL
UNIT_HEPTIREME,4,kv,Attack,30
UNIT_HEPTIREME,5,kv,Defense,30
UNIT_HEPTIREME,6,kv,ZBRangeAttack,15
UNIT_HEPTIREME,7,kv,Firepower,2
UNIT_HEPTIREME,8,kv,Armor,1
UNIT_HEPTIREME,9,kv,MaxHP,15
UNIT_HEPTIREME,10,kv,ShieldCost,750
UNIT_HEPTIREME,11,kv,PowerPoints,300
UNIT_HEPTIREME,12,kv,ShieldHunger,6
UNIT_HEPTIREME,13,kv,FoodHunger,0
UNIT_HEPTIREME,14,kv,MaxMovePoints,800
UNIT_HEPTIREME,15,kv,VisionRange,1
UNIT_HEPTIREME,16,kv,EnableAdvance,ADVANCE_ALCHEMY_HARADRIM
UNIT_HEPTIREME,17,kv,ActiveDefenseRange,0
UNIT_HEPTIREME,18,kv,ActiveDefenseRange,0
UNIT_HEPTIREME,19,flag,LossMoveToDmgNone,
UNIT_HEPTIREME,20,kv,MaxFuel,0
UNIT_HEPTIREME,21,flag,CanExpel,
UNIT_HEPTIREME,22,flag,NoZoc,
UNIT_HEPTIREME,23,flag,CanPillage,
UNIT_HEPTIREME,24,flag,CanPirate,
UNIT_HEPTIREME,25,flag,CantCaptureCity,
UNIT_HEPTIREME,26,flag,DeathEffectsHappy,
UNIT_HEPTIREME,27,flag,WoodenShip,
UNIT_HEPTIREME,28,flag,OnlyBuildOne,
UNIT_HEPTIREME,29,kv,SoundSelect1,SOUND_SELECT1_GREEK_FIRE_TRIREME
UNIT_HEPTIREME,30,kv,SoundSelect2,SOUND_SELECT2_GREEK_FIRE_TRIREME
UNIT_HEPTIREME,31,kv,SoundMove,SOUND_MOVE_GREEK_FIRE_TRIREME
UNIT_HEPTIREME,32,kv,SoundAcknowledge,SOUND_ACKNOWLEDGE_GREEK_FIRE_TRIREME
UNIT_HEPTIREME,33,kv,SoundCantMove,SOUND_CANTMOVE_GREEK_FIRE_TRIREME
UNIT_HEPTIREME,34,kv,SoundAttack,SOUND_ATTACK_GREEK_FIRE_TRIREME
UNIT_HEPTIREME,35,kv,SoundWork,SOUND_WORK_GREEK_FIRE_TRIREME
UNIT_HEPTIREME,36,kv,SoundVictory,SOUND_VICTORY_GREEK_FIRE_TRIREME
UNIT_HEPTIREME,37,kv,SoundDeath,SOUND_DEATH_GREEK_FIRE_TRIREME
UNIT_HEPTIREME,38,sublist,CanAttack,Sea
UNIT_HEPTIREME,39,sublist,CanAttack,ShallowWater
UNIT_HEPTIREME,40,sublist,CanBombard,Land
UNIT_HEPTIREME,41,sublist,CanBombard,Water
UNIT_HEPTIREME,42,sublist,CanSee,Standard
UNIT_HEPTIREME,43,sublist,MovementType,Sea
UNIT_HEPTIREME,44,sublist,MovementType,ShallowWater
UNIT_HEPTIREME,45,sublist,Size,Large
UNIT_HEPTIREME,46,sublist,VisionClass,Standard
UNIT_HEPTIREME,47,nested,CanReform,"[{""t"": ""kv"", ""k"": ""Sound"", ""v"": ""SOUND_ID_REFORM_CITY""}, {""t"": ""kv"", ""k"": ""Effect"", ""v"": ""SPECEFFECT_REFORMCITY""}]"
UNIT_HEPTIREME,48,nested,CargoData,"[{""t"": ""kv"", ""k"": ""MaxCargo"", ""v"": ""3""}, {""t"": ""kv"", ""k"": ""Load"", ""v"": ""SOUND_ID_TRIREME_LOAD""}, {""t"": ""kv"", ""k"": ""Unload"", ""v"": ""SOUND_ID_TRIREME_UNLOAD""}]"
UNIT_DROMON,0,kv,Description,DESCRIPTION_UNIT_LONGSHIP
UNIT_DROMON,1,kv,DefaultIcon,ICON_UNIT_DROMON
UNIT_DROMON,2,kv,DefaultSprite,SPRITE_DROMON
UNIT_DROMON,3,kv,Category,UNIT_CATEGORY_NAVAL
UNIT_DROMON,4,kv,Attack,35
UNIT_DROMON,5,kv,Defense,35
UNIT_DROMON,6,kv,ZBRangeAttack,25
UNIT_DROMON,7,kv,Firepower,2
UNIT_DROMON,8,kv,Armor,1
UNIT_DROMON,9,kv,MaxHP,15
UNIT_DROMON,10,kv,ShieldCost,1200
UNIT_DROMON,11,kv,PowerPoints,300
UNIT_DROMON,12,kv,ShieldHunger,8
UNIT_DROMON,13,kv,FoodHunger,0
UNIT_DROMON,14,kv,MaxMovePoints,800
UNIT_DROMON,15,kv,VisionRange,1
UNIT_DROMON,16,kv,EnableAdvance,ADVANCE_OCEAN_FARING
UNIT_DROMON,17,kv,BombRounds,5
UNIT_DROMON,18,kv,BombardRange,1
UNIT_DROMON,19,flag,CanCounterBombard,
UNIT_DROMON,20,kv,ActiveDefenseRange,0
UNIT_DROMON,21,flag,LossMoveToDmgNone,
UNIT_DROMON,22,kv,MaxFuel,0
UNIT_DROMON,23,flag,CanExpel,
UNIT_DROMON,24,flag,NoZoc,
UNIT_DROMON,25,flag,CanPillage,
UNIT_DROMON,26,flag,CanPirate,
UNIT_DROMON,27,flag,CantCaptureCity,
UNIT_DROMON,28,flag,DeathEffectsHappy,
UNIT_DROMON,29,flag,IsFlanker,
UNIT_DROMON,30,flag,WoodenShip,
UNIT_DROMON,31,flag,AttackWoodenShipBonus,
UNIT_DROMON,32,kv,WoodenShipBonus,0.15
UNIT_DROMON,33,flag,OnlyBuildOne,
UNIT_DROMON,34,kv,SoundSelect1,SOUND_SELECT1_LONGSHIP
UNIT_DROMON,35,kv,SoundSelect2,SOUND_SELECT2_LONGSHIP
UNIT_DROMON,36,kv,SoundMove,SOUND_MOVE_LONGSHIP
UNIT_DROMON,37,kv,SoundAcknowledge,SOUND_ACKNOWLEDGE_LONGSHIP
UNIT_DROMON,38,kv,SoundCantMove,SOUND_CANTMOVE_LONGSHIP
UNIT_DROMON,39,kv,SoundAttack,SOUND_ATTACK_LONGSHIP
UNIT_DROMON,40,kv,SoundWork,SOUND_WORK_LONGSHIP
UNIT_DROMON,41,kv,SoundVictory,SOUND_VICTORY_LONGSHIP
UNIT_DROMON,42,kv,SoundDeath,SOUND_DEATH_LONGSHIP
UNIT_DROMON,43,sublist,CanCarry,SmallLand
UNIT_DROMON,44,sublist,CanCarry,MedLand
UNIT_DROMON,45,sublist,CanAttack,Sea
UNIT_DROMON,46,sublist,CanAttack,ShallowWater
UNIT_DROMON,47,sublist,CanBombard,Land
UNIT_DROMON,48,sublist,CanBombard,Mountain
UNIT_DROMON,49,sublist,CanBombard,Water
UNIT_DROMON,50,sublist,CanSee,Standard
UNIT_DROMON,51,sublist,MovementType,Sea
UNIT_DROMON,52,sublist,MovementType,ShallowWater
UNIT_DROMON,53,sublist,Size,Large
UNIT_DROMON,54,sublist,VisionClass,Standard
UNIT_DROMON,55,nested,CanReform,"[{""t"": ""kv"", ""k"": ""Sound"", ""v"": ""SOUND_ID_REFORM_CITY""}, {""t"": ""kv"", ""k"": ""Effect"", ""v"": ""SPECEFFECT_REFORMCITY""}]"
UNIT_LONGSHIP,0,kv,Description,DESCRIPTION_UNIT_LONGSHIP
UNIT_LONGSHIP,1,kv,DefaultIcon,ICON_UNIT_LONGSHIP
UNIT_LONGSHIP,2,kv,DefaultSprite,SPRITE_LONGSHIP
UNIT_LONGSHIP,3,kv,Category,UNIT_CATEGORY_NAVAL
UNIT_LONGSHIP,4,kv,Attack,40
UNIT_LONGSHIP,5,kv,Defense,40
UNIT_LONGSHIP,6,kv,ZBRangeAttack,25
UNIT_LONGSHIP,7,kv,Firepower,2
UNIT_LONGSHIP,8,kv,Armor,1
UNIT_LONGSHIP,9,kv,MaxHP,15
UNIT_LONGSHIP,10,kv,ShieldCost,1000
UNIT_LONGSHIP,11,kv,PowerPoints,300
UNIT_LONGSHIP,12,kv,ShieldHunger,6
UNIT_LONGSHIP,13,kv,FoodHunger,0
UNIT_LONGSHIP,14,kv,MaxMovePoints,1000
UNIT_LONGSHIP,15,kv,VisionRange,2
UNIT_LONGSHIP,16,kv,EnableAdvance,ADVANCE_OCEAN_FARING_HARADRIM
UNIT_LONGSHIP,17,kv,BombRounds,5
UNIT_LONGSHIP,18,kv,BombardRange,1
UNIT_LONGSHIP,19,flag,CanCounterBombard,
UNIT_LONGSHIP,20,kv,ActiveDefenseRange,0
UNIT_LONGSHIP,21,flag,LossMoveToDmgNone,
UNIT_LONGSHIP,22,kv,MaxFuel,0
UNIT_LONGSHIP,23,flag,NoZoc,
UNIT_LONGSHIP,24,flag,CantCaptureCity,
UNIT_LONGSHIP,25,flag,DeathEffectsHappy,
UNIT_LONGSHIP,26,flag,WoodenShip,
UNIT_LONGSHIP,27,flag,AttackWoodenShipBonus,
UNIT_LONGSHIP,28,kv,WoodenShipBonus,0.15
UNIT_LONGSHIP,29,flag,OnlyBuildOne,
UNIT_LONGSHIP,30,kv,SoundSelect1,SOUND_SELECT1_LONGSHIP
UNIT_LONGSHIP,31,kv,SoundSelect2,SOUND_SELECT2_LONGSHIP
UNIT_LONGSHIP,32,kv,SoundMove,SOUND_MOVE_LONGSHIP
UNIT_LONGSHIP,33,kv,SoundAcknowledge,SOUND_ACKNOWLEDGE_LONGSHIP
UNIT_LONGSHIP,34,kv,SoundCantMove,SOUND_CANTMOVE_LONGSHIP
UNIT_LONGSHIP,35,kv,SoundAttack,SOUND_ATTACK_LONGSHIP
UNIT_LONGSHIP,36,kv,SoundWork,SOUND_WORK_LONGSHIP
UNIT_LONGSHIP,37,kv,SoundVictory,SOUND_VICTORY_LONGSHIP
UNIT_LONGSHIP,38,kv,SoundDeath,SOUND_DEATH_LONGSHIP
UNIT_LONGSHIP,39,sublist,CanCarry,SmallLand
UNIT_LONGSHIP,40,sublist,CanCarry,MedLand
UNIT_LONGSHIP,41,sublist,CanAttack,Sea
UNIT_LONGSHIP,42,sublist,CanAttack,ShallowWater
UNIT_LONGSHIP,43,sublist,CanBombard,Land
UNIT_LONGSHIP,44,sublist,CanBombard,Mountain
UNIT_LONGSHIP,45,sublist,CanBombard,Water
UNIT_LONGSHIP,46,sublist,CanSee,Standard
UNIT_LONGSHIP,47,sublist,MovementType,Sea
UNIT_LONGSHIP,48,sublist,MovementType,ShallowWater
UNIT_LONGSHIP,49,sublist,Size,Large
UNIT_LONGSHIP,50,sublist,VisionClass,Standard
UNIT_LONGSHIP,51,nested,CanReform,"[{""t"": ""kv"", ""k"": ""Sound"", ""v"": ""SOUND_ID_REFORM_CITY""}, {""t"": ""kv"", ""k"": ""Effect"", ""v"": ""SPECEFFECT_REFORMCITY""}]"
UNIT_CITY,0,kv,Description,DESCRIPTION_UNIT_CITY
UNIT_CITY,1,kv,DefaultIcon,ICON_UNIT_CITY
UNIT_CITY,2,kv,DefaultSprite,SPRITE_CITY
UNIT_CITY,3,kv,Category,UNIT_CATEGORY_GENERIC
UNIT_CITY,4,kv,Attack,0
UNIT_CITY,5,kv,Defense,0
UNIT_CITY,6,kv,ZBRangeAttack,0
UNIT_CITY,7,kv,Firepower,0
UNIT_CITY,8,kv,Armor,0
UNIT_CITY,9,kv,MaxHP,0
UNIT_CITY,10,kv,ShieldCost,0
UNIT_CITY,11,kv,PowerPoints,1000
UNIT_CITY,12,kv,ShieldHunger,0
UNIT_CITY,13,kv,FoodHunger,0
UNIT_CITY,14,kv,MaxMovePoints,0
UNIT_CITY,15,kv,VisionRange,2
UNIT_CITY,16,kv,ActiveDefenseRange,0
UNIT_CITY,17,flag,LossMoveToDmgNone,
UNIT_CITY,18,kv,MaxFuel,0
UNIT_CITY,19,flag,HasPopAndCanBuild,
UNIT_CITY,20,flag,CantBuild,
UNIT_CITY,21,kv,CityGrowthCoefficient,1
UNIT_CITY,22,flag,NoIndex,
UNIT_CITY,23,flag,GLHidden,
UNIT_CITY,24,flag,CantCaptureCity,
UNIT_CITY,25,flag,NeedsNoSupport,
UNIT_CITY,26,kv,SoundSelect1,SOUND_SELECT1_CITY
UNIT_CITY,27,kv,SoundSelect2,SOUND_SELECT2_CITY
UNIT_CITY,28,kv,SoundMove,SOUND_MOVE_CITY
UNIT_CITY,29,kv,SoundAcknowledge,SOUND_ACKNOWLEDGE_CITY
UNIT_CITY,30,kv,SoundCantMove,SOUND_CANTMOVE_CITY
UNIT_CITY,31,kv,SoundAttack,SOUND_ATTACK_CITY
UNIT_CITY,32,kv,SoundWork,SOUND_WORK_CITY
UNIT_CITY,33,kv,SoundVictory,SOUND_VICTORY_CITY
UNIT_CITY,34,kv,SoundDeath,SOUND_DEATH_CITY
UNIT_CITY,35,sublist,CanAttack,Land
UNIT_CITY,36,sublist,CanAttack,Mountain
UNIT_CITY,37,sublist,CanSee,Standard
UNIT_CITY,38,sublist,MovementType,Land
UNIT_CITY,39,sublist,MovementType,Mountain
UNIT_CITY,40,sublist,Size,Medium
UNIT_CITY,41,sublist,VisionClass,Standard
UNIT_CITY,42,nested,Revolution,"[{""t"": ""kv"", ""k"": ""Sound"", ""v"": ""SOUND_ID_REVOLUTION""}, {""t"": ""kv"", ""k"": ""Effect"", ""v"": ""SPECEFFECT_REVOLUTION""}]"
UNIT_CARAVAN,0,flag,GLHidden,
UNIT_CARAVAN,1,kv,Description,DESCRIPTION_UNIT_WARRIOR
UNIT_CARAVAN,2,kv,DefaultIcon,ICON_UNIT_CARAVAN
UNIT_CARAVAN,3,kv,DefaultSprite,SPRITE_WARRIOR
UNIT_CARAVAN,4,kv,Category,UNIT_CATEGORY_SPECIAL
UNIT_CARAVAN,5,kv,Attack,0
UNIT_CARAVAN,6,kv,Defense,0
UNIT_CARAVAN,7,kv,ZBRangeAttack,0
UNIT_CARAVAN,8,kv,Firepower,0
UNIT_CARAVAN,9,kv,Armor,0
UNIT_CARAVAN,10,kv,MaxHP,10
UNIT_CARAVAN,11,kv,ShieldCost,600
UNIT_CARAVAN,12,kv,PowerPoints,100
UNIT_CARAVAN,13,kv,ShieldHunger,0
UNIT_CARAVAN,14,kv,FoodHunger,0
UNIT_CARAVAN,15,kv,MaxMovePoints,1
UNIT_CARAVAN,16,kv,VisionRange,0
UNIT_CARAVAN,17,kv,EnableAdvance,ADVANCE_TRADE
UNIT_CARAVAN,18,kv,ObsoleteAdvance,ADVANCE_TRIBUNAL_EMPIRE
UNIT_CARAVAN,19,kv,ActiveDefenseRange,0
UNIT_CARAVAN,20,kv,MaxFuel,0
UNIT_CARAVAN,21,flag,IsTrader,
UNIT_CARAVAN,22,flag,OnlyBuildOne,
UNIT_CARAVAN,23,kv,SoundSelect1,SOUND_SELECT1_CARAVAN
UNIT_CARAVAN,24,kv,SoundSelect2,SOUND_SELECT2_CARAVAN
UNIT_CARAVAN,25,kv,SoundMove,SOUND_MOVE_CARAVAN
UNIT_CARAVAN,26,kv,SoundAcknowledge,SOUND_ACKNOWLEDGE_CARAVAN
UNIT_CARAVAN,27,kv,SoundCantMove,SOUND_CANTMOVE_CARAVAN
UNIT_CARAVAN,28,kv,SoundAttack,SOUND_ATTACK_CARAVAN
UNIT_CARAVAN,29,kv,SoundWork,SOUND_WORK_CARAVAN
UNIT_CARAVAN,30,kv,SoundVictory,SOUND_VICTORY_CARAVAN
UNIT_CARAVAN,31,kv,SoundDeath,SOUND_DEATH_CARAVAN
UNIT_CARAVAN,32,sublist,CanSee,Standard
UNIT_CARAVAN,33,sublist,MovementType,Trade
UNIT_CARAVAN,34,sublist,Size,Small
UNIT_CARAVAN,35,sublist,VisionClass,Standard
UNIT_MERCHANT_TRADER,0,flag,GLHidden,
UNIT_MERCHANT_TRADER,1,kv,Description,DESCRIPTION_UNIT_WARRIOR
UNIT_MERCHANT_TRADER,2,kv,DefaultIcon,ICON_UNIT_MERCHANT_TRADER
UNIT_MERCHANT_TRADER,3,kv,DefaultSprite,SPRITE_WARRIOR
UNIT_MERCHANT_TRADER,4,kv,Category,UNIT_CATEGORY_SPECIAL
UNIT_MERCHANT_TRADER,5,kv,Attack,0
UNIT_MERCHANT_TRADER,6,kv,Defense,0
UNIT_MERCHANT_TRADER,7,kv,ZBRangeAttack,0
UNIT_MERCHANT_TRADER,8,kv,Firepower,0
UNIT_MERCHANT_TRADER,9,kv,Armor,0
UNIT_MERCHANT_TRADER,10,kv,MaxHP,10
UNIT_MERCHANT_TRADER,11,kv,ShieldCost,1100
UNIT_MERCHANT_TRADER,12,kv,PowerPoints,100
UNIT_MERCHANT_TRADER,13,kv,ShieldHunger,0
UNIT_MERCHANT_TRADER,14,kv,FoodHunger,0
UNIT_MERCHANT_TRADER,15,kv,MaxMovePoints,2
UNIT_MERCHANT_TRADER,16,kv,VisionRange,0
UNIT_MERCHANT_TRADER,17,kv,EnableAdvance,ADVANCE_TRIBUNAL_EMPIRE
UNIT_MERCHANT_TRADER,18,kv,ActiveDefenseRange,0
UNIT_MERCHANT_TRADER,19,kv,MaxFuel,0
UNIT_MERCHANT_TRADER,20,flag,IsTrader,
UNIT_MERCHANT_TRADER,21,flag,OnlyBuildOne,
UNIT_MERCHANT_TRADER,22,kv,SoundSelect1,SOUND_SELECT1_CARAVAN
UNIT_MERCHANT_TRADER,23,kv,SoundSelect2,SOUND_SELECT2_CARAVAN
UNIT_MERCHANT_TRADER,24,kv,SoundMove,SOUND_MOVE_CARAVAN
UNIT_MERCHANT_TRADER,25,kv,SoundAcknowledge,SOUND_ACKNOWLEDGE_CARAVAN
UNIT_MERCHANT_TRADER,26,kv,SoundCantMove,SOUND_CANTMOVE_CARAVAN
UNIT_MERCHANT_TRADER,27,kv,SoundAttack,SOUND_ATTACK_CARAVAN
UNIT_MERCHANT_TRADER,28,kv,SoundWork,SOUND_WORK_CARAVAN
UNIT_MERCHANT_TRADER,29,kv,SoundVictory,SOUND_VICTORY_CARAVAN
UNIT_MERCHANT_TRADER,30,kv,SoundDeath,SOUND_DEATH_CARAVAN
UNIT_PROPHET,0,kv,Description,DESCRIPTION_UNIT_CLERIC
UNIT_PROPHET,1,kv,DefaultIcon,ICON_UNIT_PROPHET
UNIT_PROPHET,2,kv,DefaultSprite,SPRITE_PROPHET
UNIT_PROPHET,3,kv,Category,UNIT_CATEGORY_SPECIAL
UNIT_PROPHET,4,kv,Attack,0
UNIT_PROPHET,5,kv,Defense,10
UNIT_PROPHET,6,kv,ZBRangeAttack,0
UNIT_PROPHET,7,kv,Firepower,1
UNIT_PROPHET,8,kv,Armor,1
UNIT_PROPHET,9,kv,MaxHP,10
UNIT_PROPHET,10,kv,ShieldCost,500
UNIT_PROPHET,11,kv,PowerPoints,200
UNIT_PROPHET,12,kv,ShieldHunger,9
UNIT_PROPHET,13,kv,FoodHunger,0
UNIT_PROPHET,14,kv,MaxMovePoints,200
UNIT_PROPHET,15,kv,VisionRange,1
UNIT_PROPHET,16,kv,EnableAdvance,ADVANCE_ASTRONOMY_ISENGARD
UNIT_PROPHET,17,kv,ObsoleteAdvance,ADVANCE_TRIBUNAL_EMPIRE_ISENGARD
UNIT_PROPHET,18,kv,ActiveDefenseRange,0
UNIT_PROPHET,19,flag,LossMoveToDmgNone,
UNIT_PROPHET,20,kv,MaxFuel,0
UNIT_PROPHET,21,flag,CanEntrench,
UNIT_PROPHET,22,flag,IgnoreZOC,
UNIT_PROPHET,23,flag,NoZoc,
UNIT_PROPHET,24,flag,CanBeExpelled,
UNIT_PROPHET,25,flag,CanBeSued,
UNIT_PROPHET,26,flag,CantCaptureCity,
UNIT_PROPHET,27,flag,DeathEffectsHappy,
UNIT_PROPHET,28,flag,IsSpecialForces,
UNIT_PROPHET,29,flag,Civilian,
UNIT_PROPHET,30,flag,OnlyBuildOne,
UNIT_PROPHET,31,kv,SoundSelect1,SOUND_SELECT1_CLERIC
UNIT_PROPHET,32,kv,SoundSelect2,SOUND_SELECT2_CLERIC
UNIT_PROPHET,33,kv,SoundMove,SOUND_MOVE_CLERIC
UNIT_PROPHET,34,kv,SoundAcknowledge,SOUND_ACKNOWLEDGE_CLERIC
UNIT_PROPHET,35,kv,SoundCantMove,SOUND_CANTMOVE_CLERIC
UNIT_PROPHET,36,kv,SoundAttack,SOUND_ATTACK_CLERIC
UNIT_PROPHET,37,kv,SoundWork,SOUND_WORK_CLERIC
UNIT_PROPHET,38,kv,SoundVictory,SOUND_VICTORY_CLERIC
UNIT_PROPHET,39,kv,SoundDeath,SOUND_DEATH_CLERIC
UNIT_PROPHET,40,sublist,CanSee,Standard
UNIT_PROPHET,41,sublist,CanSee,Stealth
UNIT_PROPHET,42,sublist,MovementType,Land
UNIT_PROPHET,43,sublist,MovementType,Mountain
UNIT_PROPHET,44,sublist,Size,Small
UNIT_PROPHET,45,sublist,VisionClass,Stealth
UNIT_PROPHET,46,nested,InciteRevolution,"[{""t"": ""kv"", ""k"": ""Chance"", ""v"": ""0.2""}, {""t"": ""kv"", ""k"": ""EliteChance"", ""v"": ""0.3""}, {""t"": ""kv"", ""k"": ""DeathChance"", ""v"": ""0.4""}, {""t"": ""kv"", ""k"": ""Sound"", ""v"": ""SOUND_ID_INCITE_REVOLUTION_SP""}, {""t"": ""kv"", ""k"": ""Effect"", ""v"": ""SPECEFFECT_INCITE_REVOLUTION""}]"
UNIT_PROPHET,47,nested,CanSoothsay,"[{""t"": ""kv"", ""k"": ""Sound"", ""v"": ""SOUND_ID_CONVERT_CITIES_CL""}, {""t"": ""kv"", ""k"": ""Effect"", ""v"": ""SPECEFFECT_CONVERT_CITIES""}]"
UNIT_PROPHET,48,nested,CauseUnhappiness,"[{""t"": ""kv"", ""k"": ""Chance"", ""v"": ""1""}, {""t"": ""kv"", ""k"": ""Timer"", ""v"": ""1""}, {""t"": ""kv"", ""k"": ""Amount"", ""v"": ""2""}, {""t"": ""kv"", ""k"": ""Sound"", ""v"": ""SOUND_ID_CONVERT_CITIES_CL""}, {""t"": ""kv"", ""k"": ""Effect"", ""v"": ""SPECEFFECT_CONVERT_CITIES""}]"
UNIT_PROPHET,49,nested,ConvertCities,"[{""t"": ""kv"", ""k"": ""Chance"", ""v"": ""0.6""}, {""t"": ""kv"", ""k"": ""DeathChance"", ""v"": ""0.3""}, {""t"": ""kv"", ""k"": ""Sound"", ""v"": ""SOUND_ID_CONVERT_CITIES_CL""}, {""t"": ""kv"", ""k"": ""Effect"", ""v"": ""SPECEFFECT_CONVERT_CITIES""}]"
UNIT_PROPHET,50,nested,IndulgenceSales,"[{""t"": ""kv"", ""k"": ""Sound"", ""v"": ""SOUND_ID_CONVERT_CITIES_CL""}, {""t"": ""kv"", ""k"": ""Effect"", ""v"": ""SPECEFFECT_CONVERT_CITIES""}]"
UNIT_CLERIC,0,kv,Description,DESCRIPTION_UNIT_CLERIC
UNIT_CLERIC,1,kv,DefaultIcon,ICON_UNIT_CLERIC
UNIT_CLERIC,2,kv,DefaultSprite,SPRITE_CLERIC
UNIT_CLERIC,3,kv,Category,UNIT_CATEGORY_SPECIAL
UNIT_CLERIC,4,kv,Attack,0
UNIT_CLERIC,5,kv,Defense,10
UNIT_CLERIC,6,kv,ZBRangeAttack,0
UNIT_CLERIC,7,kv,Firepower,1
UNIT_CLERIC,8,kv,Armor,1
UNIT_CLERIC,9,kv,MaxHP,10
UNIT_CLERIC,10,kv,ShieldCost,1000
UNIT_CLERIC,11,kv,PowerPoints,200
UNIT_CLERIC,12,kv,ShieldHunger,14
UNIT_CLERIC,13,kv,FoodHunger,0
UNIT_CLERIC,14,kv,MaxMovePoints,300
UNIT_CLERIC,15,kv,VisionRange,1
UNIT_CLERIC,16,kv,EnableAdvance,ADVANCE_TRIBUNAL_EMPIRE_ISENGARD
UNIT_CLERIC,17,kv,ActiveDefenseRange,0
UNIT_CLERIC,18,flag,LossMoveToDmgNone,
UNIT_CLERIC,19,kv,MaxFuel,0
UNIT_CLERIC,20,flag,CanEntrench,
UNIT_CLERIC,21,flag,IgnoreZOC,
UNIT_CLERIC,22,flag,NoZoc,
UNIT_CLERIC,23,flag,CanBeExpelled,
UNIT_CLERIC,24,flag,CanBeSued,
UNIT_CLERIC,25,flag,CantCaptureCity,
UNIT_CLERIC,26,flag,DeathEffectsHappy,
UNIT_CLERIC,27,flag,IsSpecialForces,
UNIT_CLERIC,28,flag,Civilian,
UNIT_CLERIC,29,flag,OnlyBuildOne,
UNIT_CLERIC,30,kv,SoundSelect1,SOUND_SELECT1_CLERIC
UNIT_CLERIC,31,kv,SoundSelect2,SOUND_SELECT2_CLERIC
UNIT_CLERIC,32,kv,SoundMove,SOUND_MOVE_CLERIC
UNIT_CLERIC,33,kv,SoundAcknowledge,SOUND_ACKNOWLEDGE_CLERIC
UNIT_CLERIC,34,kv,SoundCantMove,SOUND_CANTMOVE_CLERIC
UNIT_CLERIC,35,kv,SoundAttack,SOUND_ATTACK_CLERIC
UNIT_CLERIC,36,kv,SoundWork,SOUND_WORK_CLERIC
UNIT_CLERIC,37,kv,SoundVictory,SOUND_VICTORY_CLERIC
UNIT_CLERIC,38,kv,SoundDeath,SOUND_DEATH_CLERIC
UNIT_CLERIC,39,sublist,CanSee,Standard
UNIT_CLERIC,40,sublist,CanSee,Stealth
UNIT_CLERIC,41,sublist,MovementType,Land
UNIT_CLERIC,42,sublist,MovementType,Mountain
UNIT_CLERIC,43,sublist,Size,Small
UNIT_CLERIC,44,sublist,VisionClass,Stealth
UNIT_CLERIC,45,nested,CanSoothsay,"[{""t"": ""kv"", ""k"": ""Sound"", ""v"": ""SOUND_ID_CONVERT_CITIES_CL""}, {""t"": ""kv"", ""k"": ""Effect"", ""v"": ""SPECEFFECT_CONVERT_CITIES""}]"
UNIT_CLERIC,46,nested,CauseUnhappiness,"[{""t"": ""kv"", ""k"": ""Chance"", ""v"": ""1""}, {""t"": ""kv"", ""k"": ""Timer"", ""v"": ""1""}, {""t"": ""kv"", ""k"": ""Amount"", ""v"": ""2""}, {""t"": ""kv"", ""k"": ""Sound"", ""v"": ""SOUND_ID_CONVERT_CITIES_CL""}, {""t"": ""kv"", ""k"": ""Effect"", ""v"": ""SPECEFFECT_CONVERT_CITIES""}]"
UNIT_CLERIC,47,nested,ConvertCities,"[{""t"": ""kv"", ""k"": ""Chance"", ""v"": ""0.7""}, {""t"": ""kv"", ""k"": ""DeathChance"", ""v"": ""0.5""}, {""t"": ""kv"", ""k"": ""Sound"", ""v"": ""SOUND_ID_CONVERT_CITIES_CL""}, {""t"": ""kv"", ""k"": ""Effect"", ""v"": ""SPECEFFECT_CONVERT_CITIES""}]"
UNIT_CLERIC,48,nested,IndulgenceSales,"[{""t"": ""kv"", ""k"": ""Sound"", ""v"": ""SOUND_ID_CONVERT_CITIES_CL""}, {""t"": ""kv"", ""k"": ""Effect"", ""v"": ""SPECEFFECT_CONVERT_CITIES""}]"
UNIT_DIPLOMAT,0,kv,Description,DESCRIPTION_UNIT_DIPLOMAT
UNIT_DIPLOMAT,1,kv,DefaultIcon,ICON_UNIT_DIPLOMAT
UNIT_DIPLOMAT,2,kv,DefaultSprite,SPRITE_DIPLOMAT
UNIT_DIPLOMAT,3,kv,Category,UNIT_CATEGORY_SPECIAL
UNIT_DIPLOMAT,4,kv,Attack,0
UNIT_DIPLOMAT,5,kv,Defense,10
UNIT_DIPLOMAT,6,kv,ZBRangeAttack,0
UNIT_DIPLOMAT,7,kv,Firepower,1
UNIT_DIPLOMAT,8,kv,Armor,1
UNIT_DIPLOMAT,9,kv,MaxHP,10
UNIT_DIPLOMAT,10,kv,ShieldCost,400
UNIT_DIPLOMAT,11,kv,PowerPoints,100
UNIT_DIPLOMAT,12,kv,ShieldHunger,3
UNIT_DIPLOMAT,13,kv,FoodHunger,0
UNIT_DIPLOMAT,14,kv,MaxMovePoints,200
UNIT_DIPLOMAT,15,kv,VisionRange,2
UNIT_DIPLOMAT,16,kv,EnableAdvance,ADVANCE_DYNASTY
UNIT_DIPLOMAT,17,kv,ActiveDefenseRange,0
UNIT_DIPLOMAT,18,flag,LossMoveToDmgNone,
UNIT_DIPLOMAT,19,kv,MaxFuel,0
UNIT_DIPLOMAT,20,flag,CanEntrench,
UNIT_DIPLOMAT,21,flag,IgnoreZOC,
UNIT_DIPLOMAT,22,flag,NoZoc,
UNIT_DIPLOMAT,23,flag,CanBeExpelled,
UNIT_DIPLOMAT,24,flag,CantCaptureCity,
UNIT_DIPLOMAT,25,flag,EstablishEmbassy,
UNIT_DIPLOMAT,26,flag,ThrowParty,
UNIT_DIPLOMAT,27,flag,DeathEffectsHappy,
UNIT_DIPLOMAT,28,flag,IsSpecialForces,
UNIT_DIPLOMAT,29,flag,Civilian,
UNIT_DIPLOMAT,30,flag,OnlyBuildOne,
UNIT_DIPLOMAT,31,kv,SoundSelect1,SOUND_SELECT1_DIPLOMAT
UNIT_DIPLOMAT,32,kv,SoundSelect2,SOUND_SELECT2_DIPLOMAT
UNIT_DIPLOMAT,33,kv,SoundMove,SOUND_MOVE_DIPLOMAT
UNIT_DIPLOMAT,34,kv,SoundAcknowledge,SOUND_ACKNOWLEDGE_DIPLOMAT
UNIT_DIPLOMAT,35,kv,SoundCantMove,SOUND_CANTMOVE_DIPLOMAT
UNIT_DIPLOMAT,36,kv,SoundAttack,SOUND_ATTACK_DIPLOMAT
UNIT_DIPLOMAT,37,kv,SoundWork,SOUND_WORK_DIPLOMAT
UNIT_DIPLOMAT,38,kv,SoundVictory,SOUND_VICTORY_DIPLOMAT
UNIT_DIPLOMAT,39,kv,SoundDeath,SOUND_DEATH_DIPLOMAT
UNIT_DIPLOMAT,40,sublist,CanSee,Standard
UNIT_DIPLOMAT,41,sublist,CanSee,Stealth
UNIT_DIPLOMAT,42,sublist,MovementType,Land
UNIT_DIPLOMAT,43,sublist,MovementType,Mountain
UNIT_DIPLOMAT,44,sublist,Size,Small
UNIT_DIPLOMAT,45,sublist,VisionClass,Standard
UNIT_DIPLOMAT,46,nested,InvestigateCity,"[{""t"": ""kv"", ""k"": ""Chance"", ""v"": ""0.6""}, {""t"": ""kv"", ""k"": ""EliteChance"", ""v"": ""0.7""}, {""t"": ""kv"", ""k"": ""DeathChance"", ""v"": ""0.1""}]"
UNIT_DIPLOMAT,47,nested,CanReform,"[{""t"": ""kv"", ""k"": ""Sound"", ""v"": ""SOUND_ID_REFORM_CITY""}, {""t"": ""kv"", ""k"": ""Effect"", ""v"": ""SPECEFFECT_REFORMCITY""}]"
UNIT_EMISSARY,0,kv,Description,DESCRIPTION_UNIT_DIPLOMAT
UNIT_EMISSARY,1,kv,DefaultIcon,ICON_UNIT_EMISSARY
UNIT_EMISSARY,2,kv,DefaultSprite,SPRITE_EMISSARY
UNIT_EMISSARY,3,kv,Category,UNIT_CATEGORY_SPECIAL
UNIT_EMISSARY,4,kv,Attack,0
UNIT_EMISSARY,5,kv,Defense,10
UNIT_EMISSARY,6,kv,ZBRangeAttack,0
UNIT_EMISSARY,7,kv,Firepower,1
UNIT_EMISSARY,8,kv,Armor,1
UNIT_EMISSARY,9,kv,MaxHP,10
UNIT_EMISSARY,10,kv,ShieldCost,700
UNIT_EMISSARY,11,kv,PowerPoints,2000
UNIT_EMISSARY,12,kv,ShieldHunger,7
UNIT_EMISSARY,13,kv,FoodHunger,0
UNIT_EMISSARY,14,kv,MaxMovePoints,100
UNIT_EMISSARY,15,kv,VisionRange,1
UNIT_EMISSARY,16,kv,EnableAdvance,ADVANCE_OLIGARCHY_HOBBITS
UNIT_EMISSARY,17,kv,ActiveDefenseRange,0
UNIT_EMISSARY,18,flag,LossMoveToDmgNone,
UNIT_EMISSARY,19,flag,CanEntrench,
UNIT_EMISSARY,20,kv,MaxFuel,0
UNIT_EMISSARY,21,flag,IgnoreZOC,
UNIT_EMISSARY,22,flag,NoZoc,
UNIT_EMISSARY,23,flag,CanBeSued,
UNIT_EMISSARY,24,flag,CantCaptureCity,
UNIT_EMISSARY,25,flag,DeathEffectsHappy,
UNIT_EMISSARY,26,flag,Advertise,
UNIT_EMISSARY,27,flag,IsSpecialForces,
UNIT_EMISSARY,28,flag,Civilian,
UNIT_EMISSARY,29,flag,OnlyBuildOne,
UNIT_EMISSARY,30,kv,SoundSelect1,SOUND_SELECT1_DIPLOMAT
UNIT_EMISSARY,31,kv,SoundSelect2,SOUND_SELECT2_DIPLOMAT
UNIT_EMISSARY,32,kv,SoundMove,SOUND_MOVE_DIPLOMAT
UNIT_EMISSARY,33,kv,SoundAcknowledge,SOUND_ACKNOWLEDGE_DIPLOMAT
UNIT_EMISSARY,34,kv,SoundCantMove,SOUND_CANTMOVE_DIPLOMAT
UNIT_EMISSARY,35,kv,SoundAttack,SOUND_ATTACK_DIPLOMAT
UNIT_EMISSARY,36,kv,SoundWork,SOUND_WORK_DIPLOMAT
UNIT_EMISSARY,37,kv,SoundVictory,SOUND_VICTORY_DIPLOMAT
UNIT_EMISSARY,38,kv,SoundDeath,SOUND_DEATH_DIPLOMAT
UNIT_EMISSARY,39,sublist,CanSee,Standard
UNIT_EMISSARY,40,sublist,CanSee,Stealth
UNIT_EMISSARY,41,sublist,MovementType,Land
UNIT_EMISSARY,42,sublist,MovementType,Mountain
UNIT_EMISSARY,43,sublist,Size,Small
UNIT_EMISSARY,44,sublist,VisionClass,Stealth
UNIT_EMISSARY,45,nested,CauseUnhappiness,"[{""t"": ""kv"", ""k"": ""Chance"", ""v"": ""0.5""}, {""t"": ""kv"", ""k"": ""Timer"", ""v"": ""1""}, {""t"": ""kv"", ""k"": ""Amount"", ""v"": ""5""}, {""t"": ""kv"", ""k"": ""Sound"", ""v"": ""SOUND_ID_CREATE_FRANCHISE""}, {""t"": ""kv"", ""k"": ""Effect"", ""v"": ""SPECEFFECT_CREATE_FRANCHISE""}]"
UNIT_EMISSARY,46,nested,CreateFranchise,"[{""t"": ""kv"", ""k"": ""Chance"", ""v"": ""0.3""}, {""t"": ""kv"", ""k"": ""Sound"", ""v"": ""SOUND_ID_CREATE_FRANCHISE""}, {""t"": ""kv"", ""k"": ""Effect"", ""v"": ""SPECEFFECT_CREATE_FRANCHISE""}]"
UNIT_ASSASSIN,0,kv,Description,DESCRIPTION_UNIT_SPY
UNIT_ASSASSIN,1,kv,DefaultIcon,ICON_UNIT_ASSASSIN
UNIT_ASSASSIN,2,kv,DefaultSprite,SPRITE_ASSASSIN
UNIT_ASSASSIN,3,kv,Category,UNIT_CATEGORY_SPECIAL
UNIT_ASSASSIN,4,kv,Attack,0
UNIT_ASSASSIN,5,kv,Defense,10
UNIT_ASSASSIN,6,kv,ZBRangeAttack,0
UNIT_ASSASSIN,7,kv,Firepower,1
UNIT_ASSASSIN,8,kv,Armor,1
UNIT_ASSASSIN,9,kv,MaxHP,10
UNIT_ASSASSIN,10,kv,ShieldCost,1800
UNIT_ASSASSIN,11,kv,PowerPoints,400
UNIT_ASSASSIN,12,kv,ShieldHunger,15
UNIT_ASSASSIN,13,kv,FoodHunger,0
UNIT_ASSASSIN,14,kv,MaxMovePoints,300
UNIT_ASSASSIN,15,kv,VisionRange,2
UNIT_ASSASSIN,16,kv,EnableAdvance,ADVANCE_OLIGARCHY
UNIT_ASSASSIN,17,kv,ActiveDefenseRange,0
UNIT_ASSASSIN,18,flag,LossMoveToDmgNone,
UNIT_ASSASSIN,19,kv,MaxFuel,0
UNIT_ASSASSIN,20,flag,CanEntrench,
UNIT_ASSASSIN,21,flag,IgnoreZOC,
UNIT_ASSASSIN,22,flag,NoZoc,
UNIT_ASSASSIN,23,flag,CanSue,
UNIT_ASSASSIN,24,flag,CanBeSued,
UNIT_ASSASSIN,25,flag,CantCaptureCity,
UNIT_ASSASSIN,26,flag,DeathEffectsHappy,
UNIT_ASSASSIN,27,flag,IsSpecialForces,
UNIT_ASSASSIN,28,flag,Civilian,
UNIT_ASSASSIN,29,flag,OnlyBuildOne,
UNIT_ASSASSIN,30,kv,SoundSelect1,SOUND_SELECT1_SPY
UNIT_ASSASSIN,31,kv,SoundSelect2,SOUND_SELECT2_SPY
UNIT_ASSASSIN,32,kv,SoundMove,SOUND_MOVE_SPY
UNIT_ASSASSIN,33,kv,SoundAcknowledge,SOUND_ACKNOWLEDGE_SPY
UNIT_ASSASSIN,34,kv,SoundCantMove,SOUND_CANTMOVE_SPY
UNIT_ASSASSIN,35,kv,SoundAttack,SOUND_ATTACK_SPY
UNIT_ASSASSIN,36,kv,SoundWork,SOUND_WORK_SPY
UNIT_ASSASSIN,37,kv,SoundVictory,SOUND_VICTORY_SPY
UNIT_ASSASSIN,38,kv,SoundDeath,SOUND_DEATH_SPY
UNIT_ASSASSIN,39,sublist,CanSee,Standard
UNIT_ASSASSIN,40,sublist,CanSee,Stealth
UNIT_ASSASSIN,41,sublist,MovementType,Land
UNIT_ASSASSIN,42,sublist,MovementType,Mountain
UNIT_ASSASSIN,43,sublist,Size,Small
UNIT_ASSASSIN,44,sublist,VisionClass,Stealth
UNIT_ASSASSIN,45,nested,AssasinateRuler,"[{""t"": ""kv"", ""k"": ""Chance"", ""v"": ""0.2""}, {""t"": ""kv"", ""k"": ""EliteChance"", ""v"": ""0.3""}, {""t"": ""kv"", ""k"": ""DeathChance"", ""v"": ""0.5""}]"
UNIT_ASSASSIN,46,nested,CanInjoin,"[{""t"": ""kv"", ""k"": ""Sound"", ""v"": ""SOUND_ID_INJUNCTION""}, {""t"": ""kv"", ""k"": ""Effect"", ""v"": ""SPECEFFECT_INJUNCTIONS""}]"
UNIT_SPY,0,kv,Description,DESCRIPTION_UNIT_SPY
UNIT_SPY,1,kv,DefaultIcon,ICON_UNIT_SPY
UNIT_SPY,2,kv,DefaultSprite,SPRITE_SPY
UNIT_SPY,3,kv,Category,UNIT_CATEGORY_SPECIAL
UNIT_SPY,4,kv,Attack,0
UNIT_SPY,5,kv,Defense,10
UNIT_SPY,6,kv,ZBRangeAttack,0
UNIT_SPY,7,kv,Firepower,1
UNIT_SPY,8,kv,Armor,1
UNIT_SPY,9,kv,MaxHP,10
UNIT_SPY,10,kv,ShieldCost,1200
UNIT_SPY,11,kv,PowerPoints,1500
UNIT_SPY,12,kv,ShieldHunger,12
UNIT_SPY,13,kv,FoodHunger,0
UNIT_SPY,14,kv,MaxMovePoints,200
UNIT_SPY,15,kv,VisionRange,3
UNIT_SPY,16,kv,EnableAdvance,ADVANCE_REPUBLIC
UNIT_SPY,17,kv,ActiveDefenseRange,0
UNIT_SPY,18,flag,LossMoveToDmgNone,
UNIT_SPY,19,kv,MaxFuel,0
UNIT_SPY,20,flag,CanEntrench,
UNIT_SPY,21,flag,IgnoreZOC,
UNIT_SPY,22,flag,NoZoc,
UNIT_SPY,23,flag,CanBeExpelled,
UNIT_SPY,24,flag,CantCaptureCity,
UNIT_SPY,25,flag,DeathEffectsHappy,
UNIT_SPY,26,flag,IsSpecialForces,
UNIT_SPY,27,kv,DefendAgainstSpies,0.25
UNIT_SPY,28,flag,OnlyBuildOne,
UNIT_SPY,29,kv,SoundSelect1,SOUND_SELECT1_SPY
UNIT_SPY,30,kv,SoundSelect2,SOUND_SELECT2_SPY
UNIT_SPY,31,kv,SoundMove,SOUND_MOVE_SPY
UNIT_SPY,32,kv,SoundAcknowledge,SOUND_ACKNOWLEDGE_SPY
UNIT_SPY,33,kv,SoundCantMove,SOUND_CANTMOVE_SPY
UNIT_SPY,34,kv,SoundAttack,SOUND_ATTACK_SPY
UNIT_SPY,35,kv,SoundWork,SOUND_WORK_SPY
UNIT_SPY,36,kv,SoundVictory,SOUND_VICTORY_SPY
UNIT_SPY,37,kv,SoundDeath,SOUND_DEATH_SPY
UNIT_SPY,38,sublist,CanSee,Standard
UNIT_SPY,39,sublist,CanSee,Stealth
UNIT_SPY,40,sublist,MovementType,Land
UNIT_SPY,41,sublist,MovementType,Mountain
UNIT_SPY,42,sublist,Size,Small
UNIT_SPY,43,sublist,VisionClass,Stealth
UNIT_SPY,44,nested,InvestigateCity,"[{""t"": ""kv"", ""k"": ""Chance"", ""v"": ""0.8""}, {""t"": ""kv"", ""k"": ""EliteChance"", ""v"": ""0.9""}, {""t"": ""kv"", ""k"": ""DeathChance"", ""v"": ""0.2""}]"
UNIT_SPY,45,nested,StealTechnology,"[{""t"": ""kv"", ""k"": ""RandomChance"", ""v"": ""0.4""}, {""t"": ""kv"", ""k"": ""SpecificChance"", ""v"": ""0.2""}, {""t"": ""kv"", ""k"": ""DeathChance"", ""v"": ""0.4""}, {""t"": ""kv"", ""k"": ""Sound"", ""v"": ""SOUND_ID_STEAL_TECHNOLOGY_SP""}, {""t"": ""kv"", ""k"": ""Effect"", ""v"": ""SPECEFFECT_STEAL_TECHNOLOGY""}]"
UNIT_SPY,46,nested,InciteRevolution,"[{""t"": ""kv"", ""k"": ""Chance"", ""v"": ""0.3""}, {""t"": ""kv"", ""k"": ""EliteChance"", ""v"": ""0.4""}, {""t"": ""kv"", ""k"": ""DeathChance"", ""v"": ""0.5""}, {""t"": ""kv"", ""k"": ""Sound"", ""v"": ""SOUND_ID_INCITE_REVOLUTION_SP""}, {""t"": ""kv"", ""k"": ""Effect"", ""v"": ""SPECEFFECT_INCITE_REVOLUTION""}]"
UNIT_NOMAD,0,kv,Description,DESCRIPTION_UNIT_SETTLER
UNIT_NOMAD,1,kv,DefaultIcon,ICON_UNIT_NOMAD
UNIT_NOMAD,2,kv,DefaultSprite,SPRITE_NOMAD
UNIT_NOMAD,3,kv,Category,UNIT_CATEGORY_SETTLER
UNIT_NOMAD,4,kv,Attack,0
UNIT_NOMAD,5,kv,Defense,10
UNIT_NOMAD,6,kv,ZBRangeAttack,0
UNIT_NOMAD,7,kv,Firepower,1
UNIT_NOMAD,8,kv,Armor,1
UNIT_NOMAD,9,kv,MaxHP,10
UNIT_NOMAD,10,kv,ShieldCost,750
UNIT_NOMAD,11,kv,PowerPoints,400
UNIT_NOMAD,12,kv,ShieldHunger,0
UNIT_NOMAD,13,kv,FoodHunger,0
UNIT_NOMAD,14,kv,MaxMovePoints,100
UNIT_NOMAD,15,kv,VisionRange,1
UNIT_NOMAD,16,kv,ObsoleteAdvance,ADVANCE_TRIBUNAL_EMPIRE
UNIT_NOMAD,17,kv,ActiveDefenseRange,0
UNIT_NOMAD,18,flag,LossMoveToDmgNone,
UNIT_NOMAD,19,kv,MaxFuel,0
UNIT_NOMAD,20,flag,CanEntrench,
UNIT_NOMAD,21,flag,IgnoreZOC,
UNIT_NOMAD,22,flag,NoZoc,
UNIT_NOMAD,23,kv,SettleCityType,UNIT_CITY
UNIT_NOMAD,24,kv,SettleSize,1
UNIT_NOMAD,25,flag,CanBeExpelled,
UNIT_NOMAD,26,flag,CantCaptureCity,
UNIT_NOMAD,27,flag,DeathEffectsHappy,
UNIT_NOMAD,28,flag,BuildingRemovesAPop,
UNIT_NOMAD,29,flag,IsSpecialForces,
UNIT_NOMAD,30,flag,Civilian,
UNIT_NOMAD,31,flag,OnlyBuildOne,
UNIT_NOMAD,32,kv,SoundSelect1,SOUND_SELECT1_SETTLER
UNIT_NOMAD,33,kv,SoundSelect2,SOUND_SELECT2_SETTLER
UNIT_NOMAD,34,kv,SoundMove,SOUND_MOVE_SETTLER
UNIT_NOMAD,35,kv,SoundAcknowledge,SOUND_ACKNOWLEDGE_SETTLER
UNIT_NOMAD,36,kv,SoundCantMove,SOUND_CANTMOVE_SETTLER
UNIT_NOMAD,37,kv,SoundAttack,SOUND_ATTACK_SETTLER
UNIT_NOMAD,38,kv,SoundWork,SOUND_WORK_SETTLER
UNIT_NOMAD,39,kv,SoundVictory,SOUND_VICTORY_SETTLER
UNIT_NOMAD,40,kv,SoundDeath,SOUND_DEATH_SETTLER
UNIT_NOMAD,41,sublist,CanSee,Standard
UNIT_NOMAD,42,sublist,MovementType,Land
UNIT_NOMAD,43,sublist,MovementType,Mountain
UNIT_NOMAD,44,sublist,Settle,Land
UNIT_NOMAD,45,sublist,Settle,Mountain
UNIT_NOMAD,46,sublist,Size,Small
UNIT_NOMAD,47,sublist,VisionClass,Standard
UNIT_SETTLER,0,kv,Description,DESCRIPTION_UNIT_SETTLER
UNIT_SETTLER,1,kv,DefaultIcon,ICON_UNIT_SETTLER
UNIT_SETTLER,2,kv,DefaultSprite,SPRITE_SETTLER
UNIT_SETTLER,3,kv,Category,UNIT_CATEGORY_SETTLER
UNIT_SETTLER,4,kv,Attack,5
UNIT_SETTLER,5,kv,Defense,25
UNIT_SETTLER,6,kv,ZBRangeAttack,0
UNIT_SETTLER,7,kv,Firepower,1
UNIT_SETTLER,8,kv,Armor,1
UNIT_SETTLER,9,kv,MaxHP,10
UNIT_SETTLER,10,kv,ShieldCost,2000
UNIT_SETTLER,11,kv,PowerPoints,400
UNIT_SETTLER,12,kv,ShieldHunger,15
UNIT_SETTLER,13,kv,FoodHunger,0
UNIT_SETTLER,14,kv,MaxMovePoints,300
UNIT_SETTLER,15,kv,VisionRange,1
UNIT_SETTLER,16,kv,EnableAdvance,ADVANCE_TRIBUNAL_EMPIRE
UNIT_SETTLER,17,kv,ActiveDefenseRange,0
UNIT_SETTLER,18,flag,LossMoveToDmgNone,
UNIT_SETTLER,19,kv,MaxFuel,0
UNIT_SETTLER,20,flag,CanEntrench,
UNIT_SETTLER,21,flag,IgnoreZOC,
UNIT_SETTLER,22,flag,NoZoc,
UNIT_SETTLER,23,kv,SettleCityType,UNIT_CITY
UNIT_SETTLER,24,kv,SettleSize,1
UNIT_SETTLER,25,flag,CanBeExpelled,
UNIT_SETTLER,26,flag,CantCaptureCity,
UNIT_SETTLER,27,flag,DeathEffectsHappy,
UNIT_SETTLER,28,flag,BuildingRemovesAPop,
UNIT_SETTLER,29,flag,IsSpecialForces,
UNIT_SETTLER,30,flag,Civilian,
UNIT_SETTLER,31,flag,OnlyBuildOne,
UNIT_SETTLER,32,kv,SoundSelect1,SOUND_SELECT1_SETTLER
UNIT_SETTLER,33,kv,SoundSelect2,SOUND_SELECT2_SETTLER
UNIT_SETTLER,34,kv,SoundMove,SOUND_MOVE_SETTLER
UNIT_SETTLER,35,kv,SoundAcknowledge,SOUND_ACKNOWLEDGE_SETTLER
UNIT_SETTLER,36,kv,SoundCantMove,SOUND_CANTMOVE_SETTLER
UNIT_SETTLER,37,kv,SoundAttack,SOUND_ATTACK_SETTLER
UNIT_SETTLER,38,kv,SoundWork,SOUND_WORK_SETTLER
UNIT_SETTLER,39,kv,SoundVictory,SOUND_VICTORY_SETTLER
UNIT_SETTLER,40,kv,SoundDeath,SOUND_DEATH_SETTLER
UNIT_SETTLER,41,kv,SettleBuilding,IMPROVE_SHRINE
UNIT_SETTLER,42,kv,SettleBuilding,IMPROVE_THEATER
UNIT_SETTLER,43,sublist,CanSee,Standard
UNIT_SETTLER,44,sublist,MovementType,Land
UNIT_SETTLER,45,sublist,MovementType,Mountain
UNIT_SETTLER,46,sublist,Settle,Land
UNIT_SETTLER,47,sublist,Settle,Mountain
UNIT_SETTLER,48,sublist,Size,Small
UNIT_SETTLER,49,sublist,VisionClass,Standard
UNIT_PLUNDER,0,flag,CantBuild,
UNIT_PLUNDER,1,kv,Description,DESCRIPTION_UNIT_WARRIOR
UNIT_PLUNDER,2,kv,DefaultIcon,ICON_UNIT_PLUNDER
UNIT_PLUNDER,3,kv,DefaultSprite,SPRITE_PLUNDER
UNIT_PLUNDER,4,kv,Category,UNIT_CATEGORY_SPECIAL
UNIT_PLUNDER,5,kv,Attack,0
UNIT_PLUNDER,6,kv,Defense,5
UNIT_PLUNDER,7,kv,ZBRangeAttack,0
UNIT_PLUNDER,8,kv,Firepower,1
UNIT_PLUNDER,9,kv,Armor,1
UNIT_PLUNDER,10,kv,MaxHP,5
UNIT_PLUNDER,11,kv,ShieldCost,100
UNIT_PLUNDER,12,kv,PowerPoints,100
UNIT_PLUNDER,13,kv,ShieldHunger,1
UNIT_PLUNDER,14,kv,FoodHunger,0
UNIT_PLUNDER,15,kv,MaxMovePoints,100
UNIT_PLUNDER,16,kv,VisionRange,1
UNIT_PLUNDER,17,kv,EnableAdvance,ADVANCE_HEXTAPUL
UNIT_PLUNDER,18,kv,ActiveDefenseRange,0
UNIT_PLUNDER,19,flag,LossMoveToDmgNone,
UNIT_PLUNDER,20,kv,MaxFuel,0
UNIT_PLUNDER,21,flag,CanEntrench,
UNIT_PLUNDER,22,flag,NoZoc,
UNIT_PLUNDER,23,flag,CanExpel,
UNIT_PLUNDER,24,flag,CanPillage,
UNIT_PLUNDER,25,flag,CanPirate,
UNIT_PLUNDER,26,flag,ExertsMartialLaw,
UNIT_PLUNDER,27,flag,DeathEffectsHappy,
UNIT_PLUNDER,28,flag,OnlyBuildOne,
UNIT_PLUNDER,29,kv,SoundSelect1,SOUND_SELECT1_PIKEMEN
UNIT_PLUNDER,30,kv,SoundSelect2,SOUND_SELECT2_PIKEMEN
UNIT_PLUNDER,31,kv,SoundMove,SOUND_MOVE_PIKEMEN
UNIT_PLUNDER,32,kv,SoundAcknowledge,SOUND_ACKNOWLEDGE_PIKEMEN
UNIT_PLUNDER,33,kv,SoundCantMove,SOUND_CANTMOVE_PIKEMEN
UNIT_PLUNDER,34,kv,SoundAttack,SOUND_ATTACK_PIKEMEN
UNIT_PLUNDER,35,kv,SoundWork,SOUND_WORK_PIKEMEN
UNIT_PLUNDER,36,kv,SoundVictory,SOUND_VICTORY_PIKEMEN
UNIT_PLUNDER,37,kv,SoundDeath,SOUND_DEATH_PIKEMEN
UNIT_PLUNDER,38,sublist,CanAttack,Land
UNIT_PLUNDER,39,sublist,CanAttack,Mountain
UNIT_PLUNDER,40,sublist,CanSee,Standard
UNIT_PLUNDER,41,sublist,MovementType,Land
UNIT_PLUNDER,42,sublist,MovementType,Mountain
UNIT_PLUNDER,43,sublist,Size,Medium
UNIT_PLUNDER,44,sublist,VisionClass,Standard
UNIT_PLUNDER_II,0,flag,CantBuild,
UNIT_PLUNDER_II,1,kv,Description,DESCRIPTION_UNIT_WARRIOR
UNIT_PLUNDER_II,2,kv,DefaultIcon,ICON_UNIT_PLUNDER_II
UNIT_PLUNDER_II,3,kv,DefaultSprite,SPRITE_PLUNDER_II
UNIT_PLUNDER_II,4,kv,Category,UNIT_CATEGORY_SPECIAL
UNIT_PLUNDER_II,5,kv,Attack,0
UNIT_PLUNDER_II,6,kv,Defense,5
UNIT_PLUNDER_II,7,kv,ZBRangeAttack,0
UNIT_PLUNDER_II,8,kv,Firepower,1
UNIT_PLUNDER_II,9,kv,Armor,1
UNIT_PLUNDER_II,10,kv,MaxHP,5
UNIT_PLUNDER_II,11,kv,ShieldCost,200
UNIT_PLUNDER_II,12,kv,PowerPoints,100
UNIT_PLUNDER_II,13,kv,ShieldHunger,2
UNIT_PLUNDER_II,14,kv,FoodHunger,0
UNIT_PLUNDER_II,15,kv,MaxMovePoints,100
UNIT_PLUNDER_II,16,kv,VisionRange,1
UNIT_PLUNDER_II,17,kv,EnableAdvance,ADVANCE_HEXTAPUL
UNIT_PLUNDER_II,18,kv,ActiveDefenseRange,0
UNIT_PLUNDER_II,19,flag,LossMoveToDmgNone,
UNIT_PLUNDER_II,20,kv,MaxFuel,0
UNIT_PLUNDER_II,21,flag,CanEntrench,
UNIT_PLUNDER_II,22,flag,NoZoc,
UNIT_PLUNDER_II,23,flag,CanExpel,
UNIT_PLUNDER_II,24,flag,CanPillage,
UNIT_PLUNDER_II,25,flag,CanPirate,
UNIT_PLUNDER_II,26,flag,ExertsMartialLaw,
UNIT_PLUNDER_II,27,flag,DeathEffectsHappy,
UNIT_PLUNDER_II,28,flag,OnlyBuildOne,
UNIT_PLUNDER_II,29,kv,SoundSelect1,SOUND_SELECT1_PIKEMEN
UNIT_PLUNDER_II,30,kv,SoundSelect2,SOUND_SELECT2_PIKEMEN
UNIT_PLUNDER_II,31,kv,SoundMove,SOUND_MOVE_PIKEMEN
UNIT_PLUNDER_II,32,kv,SoundAcknowledge,SOUND_ACKNOWLEDGE_PIKEMEN
UNIT_PLUNDER_II,33,kv,SoundCantMove,SOUND_CANTMOVE_PIKEMEN
UNIT_PLUNDER_II,34,kv,SoundAttack,SOUND_ATTACK_PIKEMEN
UNIT_PLUNDER_II,35,kv,SoundWork,SOUND_WORK_PIKEMEN
UNIT_PLUNDER_II,36,kv,SoundVictory,SOUND_VICTORY_PIKEMEN
UNIT_PLUNDER_II,37,kv,SoundDeath,SOUND_DEATH_PIKEMEN
UNIT_PLUNDER_II,38,sublist,CanAttack,Land
UNIT_PLUNDER_II,39,sublist,CanAttack,Mountain
UNIT_PLUNDER_II,40,sublist,CanSee,Standard
UNIT_PLUNDER_II,41,sublist,MovementType,Land
UNIT_PLUNDER_II,42,sublist,MovementType,Mountain
UNIT_PLUNDER_II,43,sublist,Size,Medium
UNIT_PLUNDER_II,44,sublist,VisionClass,Standard
UNIT_PLUNDER_III,0,flag,CantBuild,
UNIT_PLUNDER_III,1,kv,Description,DESCRIPTION_UNIT_WARRIOR
UNIT_PLUNDER_III,2,kv,DefaultIcon,ICON_UNIT_PLUNDER_III
UNIT_PLUNDER_III,3,kv,DefaultSprite,SPRITE_PLUNDER_III
UNIT_PLUNDER_III,4,kv,Category,UNIT_CATEGORY_SPECIAL
UNIT_PLUNDER_III,5,kv,Attack,0
UNIT_PLUNDER_III,6,kv,Defense,5
UNIT_PLUNDER_III,7,kv,ZBRangeAttack,0
UNIT_PLUNDER_III,8,kv,Firepower,1
UNIT_PLUNDER_III,9,kv,Armor,1
UNIT_PLUNDER_III,10,kv,MaxHP,5
UNIT_PLUNDER_III,11,kv,ShieldCost,300
UNIT_PLUNDER_III,12,kv,PowerPoints,100
UNIT_PLUNDER_III,13,kv,ShieldHunger,3
UNIT_PLUNDER_III,14,kv,FoodHunger,0
UNIT_PLUNDER_III,15,kv,MaxMovePoints,100
UNIT_PLUNDER_III,16,kv,VisionRange,1
UNIT_PLUNDER_III,17,kv,EnableAdvance,ADVANCE_HEXTAPUL
UNIT_PLUNDER_III,18,kv,ActiveDefenseRange,0
UNIT_PLUNDER_III,19,flag,LossMoveToDmgNone,
UNIT_PLUNDER_III,20,kv,MaxFuel,0
UNIT_PLUNDER_III,21,flag,CanEntrench,
UNIT_PLUNDER_III,22,flag,NoZoc,
UNIT_PLUNDER_III,23,flag,CanExpel,
UNIT_PLUNDER_III,24,flag,CanPillage,
UNIT_PLUNDER_III,25,flag,CanPirate,
UNIT_PLUNDER_III,26,flag,ExertsMartialLaw,
UNIT_PLUNDER_III,27,flag,DeathEffectsHappy,
UNIT_PLUNDER_III,28,flag,OnlyBuildOne,
UNIT_PLUNDER_III,29,kv,SoundSelect1,SOUND_SELECT1_PIKEMEN
UNIT_PLUNDER_III,30,kv,SoundSelect2,SOUND_SELECT2_PIKEMEN
UNIT_PLUNDER_III,31,kv,SoundMove,SOUND_MOVE_PIKEMEN
UNIT_PLUNDER_III,32,kv,SoundAcknowledge,SOUND_ACKNOWLEDGE_PIKEMEN
UNIT_PLUNDER_III,33,kv,SoundCantMove,SOUND_CANTMOVE_PIKEMEN
UNIT_PLUNDER_III,34,kv,SoundAttack,SOUND_ATTACK_PIKEMEN
UNIT_PLUNDER_III,35,kv,SoundWork,SOUND_WORK_PIKEMEN
UNIT_PLUNDER_III,36,kv,SoundVictory,SOUND_VICTORY_PIKEMEN
UNIT_PLUNDER_III,37,kv,SoundDeath,SOUND_DEATH_PIKEMEN
UNIT_PLUNDER_III,38,sublist,CanAttack,Land
UNIT_PLUNDER_III,39,sublist,CanAttack,Mountain
UNIT_PLUNDER_III,40,sublist,CanSee,Standard
UNIT_PLUNDER_III,41,sublist,MovementType,Land
UNIT_PLUNDER_III,42,sublist,MovementType,Mountain
UNIT_PLUNDER_III,43,sublist,Size,Medium
UNIT_PLUNDER_III,44,sublist,VisionClass,Standard
UNIT_PLUNDER_IV,0,flag,CantBuild,
UNIT_PLUNDER_IV,1,kv,Description,DESCRIPTION_UNIT_WARRIOR
UNIT_PLUNDER_IV,2,kv,DefaultIcon,ICON_UNIT_PLUNDER_IV
UNIT_PLUNDER_IV,3,kv,DefaultSprite,SPRITE_PLUNDER_IV
UNIT_PLUNDER_IV,4,kv,Category,UNIT_CATEGORY_SPECIAL
UNIT_PLUNDER_IV,5,kv,Attack,0
UNIT_PLUNDER_IV,6,kv,Defense,5
UNIT_PLUNDER_IV,7,kv,ZBRangeAttack,0
UNIT_PLUNDER_IV,8,kv,Firepower,1
UNIT_PLUNDER_IV,9,kv,Armor,1
UNIT_PLUNDER_IV,10,kv,MaxHP,5
UNIT_PLUNDER_IV,11,kv,ShieldCost,2000
UNIT_PLUNDER_IV,12,kv,PowerPoints,100
UNIT_PLUNDER_IV,13,kv,ShieldHunger,4
UNIT_PLUNDER_IV,14,kv,FoodHunger,0
UNIT_PLUNDER_IV,15,kv,MaxMovePoints,1000
UNIT_PLUNDER_IV,16,kv,VisionRange,1
UNIT_PLUNDER_IV,17,kv,EnableAdvance,ADVANCE_ONE_RING
UNIT_PLUNDER_IV,18,kv,ActiveDefenseRange,0
UNIT_PLUNDER_IV,19,flag,LossMoveToDmgNone,
UNIT_PLUNDER_IV,20,kv,MaxFuel,0
UNIT_PLUNDER_IV,21,flag,CanEntrench,
UNIT_PLUNDER_IV,22,flag,NoZoc,
UNIT_PLUNDER_IV,23,flag,CanExpel,
UNIT_PLUNDER_IV,24,flag,CanPillage,
UNIT_PLUNDER_IV,25,flag,CanPirate,
UNIT_PLUNDER_IV,26,flag,ExertsMartialLaw,
UNIT_PLUNDER_IV,27,flag,DeathEffectsHappy,
UNIT_PLUNDER_IV,28,flag,OnlyBuildOne,
UNIT_PLUNDER_IV,29,kv,SoundSelect1,SOUND_SELECT1_PIKEMEN
UNIT_PLUNDER_IV,30,kv,SoundSelect2,SOUND_SELECT2_PIKEMEN
UNIT_PLUNDER_IV,31,kv,SoundMove,SOUND_MOVE_PIKEMEN
UNIT_PLUNDER_IV,32,kv,SoundAcknowledge,SOUND_ACKNOWLEDGE_PIKEMEN
UNIT_PLUNDER_IV,33,kv,SoundCantMove,SOUND_CANTMOVE_PIKEMEN
UNIT_PLUNDER_IV,34,kv,SoundAttack,SOUND_ATTACK_PIKEMEN
UNIT_PLUNDER_IV,35,kv,SoundWork,SOUND_WORK_PIKEMEN
UNIT_PLUNDER_IV,36,kv,SoundVictory,SOUND_VICTORY_PIKEMEN
UNIT_PLUNDER_IV,37,kv,SoundDeath,SOUND_DEATH_PIKEMEN
UNIT_PLUNDER_IV,38,sublist,CanAttack,Land
UNIT_PLUNDER_IV,39,sublist,CanAttack,Mountain
UNIT_PLUNDER_IV,40,sublist,CanSee,Standard
UNIT_PLUNDER_IV,41,sublist,MovementType,Land
UNIT_PLUNDER_IV,42,sublist,MovementType,Mountain
UNIT_PLUNDER_IV,43,sublist,Size,Medium
UNIT_PLUNDER_IV,44,sublist,VisionClass,Standard
UNIT_SLAVER,0,kv,Description,DESCRIPTION_UNIT_SLAVER
UNIT_SLAVER,1,kv,DefaultIcon,ICON_UNIT_SLAVER
UNIT_SLAVER,2,kv,DefaultSprite,SPRITE_SLAVER
UNIT_SLAVER,3,kv,Category,UNIT_CATEGORY_SPECIAL
UNIT_SLAVER,4,kv,Attack,0
UNIT_SLAVER,5,kv,Defense,10
UNIT_SLAVER,6,kv,ZBRangeAttack,0
UNIT_SLAVER,7,kv,Firepower,1
UNIT_SLAVER,8,kv,Armor,1
UNIT_SLAVER,9,kv,MaxHP,10
UNIT_SLAVER,10,kv,ShieldCost,400
UNIT_SLAVER,11,kv,PowerPoints,200
UNIT_SLAVER,12,kv,ShieldHunger,4
UNIT_SLAVER,13,kv,FoodHunger,0
UNIT_SLAVER,14,kv,MaxMovePoints,200
UNIT_SLAVER,15,kv,VisionRange,1
UNIT_SLAVER,16,kv,EnableAdvance,ADVANCE_SLAVE_LABOR_EVIL
UNIT_SLAVER,17,kv,ActiveDefenseRange,0
UNIT_SLAVER,18,flag,LossMoveToDmgNone,
UNIT_SLAVER,19,kv,MaxFuel,0
UNIT_SLAVER,20,flag,CanEntrench,
UNIT_SLAVER,21,flag,NoZoc,
UNIT_SLAVER,22,flag,CanBeExpelled,
UNIT_SLAVER,23,flag,CantCaptureCity,
UNIT_SLAVER,24,flag,DeathEffectsHappy,
UNIT_SLAVER,25,flag,IsSpecialForces,
UNIT_SLAVER,26,flag,OnlyBuildOne,
UNIT_SLAVER,27,kv,SoundSelect1,SOUND_SELECT1_SLAVER
UNIT_SLAVER,28,kv,SoundSelect2,SOUND_SELECT2_SLAVER
UNIT_SLAVER,29,kv,SoundMove,SOUND_MOVE_SLAVER
UNIT_SLAVER,30,kv,SoundAcknowledge,SOUND_ACKNOWLEDGE_SLAVER
UNIT_SLAVER,31,kv,SoundCantMove,SOUND_CANTMOVE_SLAVER
UNIT_SLAVER,32,kv,SoundAttack,SOUND_ATTACK_SLAVER
UNIT_SLAVER,33,kv,SoundWork,SOUND_WORK_SLAVER
UNIT_SLAVER,34,kv,SoundVictory,SOUND_VICTORY_SLAVER
UNIT_SLAVER,35,kv,SoundDeath,SOUND_DEATH_SLAVER
UNIT_SLAVER,36,sublist,CanSee,Standard
UNIT_SLAVER,37,sublist,CanSee,Stealth
UNIT_SLAVER,38,sublist,MovementType,Land
UNIT_SLAVER,39,sublist,MovementType,Mountain
UNIT_SLAVER,40,sublist,Size,Small
UNIT_SLAVER,41,sublist,VisionClass,Stealth
UNIT_SLAVER,42,nested,SettlerSlaveRaids,"[{""t"": ""kv"", ""k"": ""Sound"", ""v"": ""SOUND_ID_SETTLER_SLAVE_RAIDS""}, {""t"": ""kv"", ""k"": ""Effect"", ""v"": ""SPECEFFECT_SETTLER_SLAVE_RAIDS""}]"
UNIT_SLAVER,43,nested,SlaveRaids,"[{""t"": ""kv"", ""k"": ""Chance"", ""v"": ""0.6""}, {""t"": ""kv"", ""k"": ""DeathChance"", ""v"": ""0.3""}, {""t"": ""kv"", ""k"": ""Timer"", ""v"": ""2""}, {""t"": ""kv"", ""k"": ""Amount"", ""v"": ""4""}, {""t"": ""kv"", ""k"": ""Sound"", ""v"": ""SOUND_ID_SLAVE_RAIDS""}, {""t"": ""kv"", ""k"": ""Effect"", ""v"": ""SPECEFFECT_SLAVE_RAIDS""}]"
UNIT_HURRICANE,0,kv,Description,DESCRIPTION_UNIT_FIGHTER
UNIT_HURRICANE,1,kv,DefaultIcon,ICON_UNIT_HURRICANE
UNIT_HURRICANE,2,kv,DefaultSprite,SPRITE_HURRICANE
UNIT_HURRICANE,3,kv,Category,UNIT_CATEGORY_RANGED
UNIT_HURRICANE,4,kv,Attack,5
UNIT_HURRICANE,5,kv,Defense,5
UNIT_HURRICANE,6,kv,ZBRangeAttack,30
UNIT_HURRICANE,7,kv,Firepower,3
UNIT_HURRICANE,8,kv,Armor,2
UNIT_HURRICANE,9,kv,MaxHP,8
UNIT_HURRICANE,10,kv,ShieldCost,750
UNIT_HURRICANE,11,kv,PowerPoints,1500
UNIT_HURRICANE,12,kv,ShieldHunger,8
UNIT_HURRICANE,13,kv,FoodHunger,0
UNIT_HURRICANE,14,kv,MaxMovePoints,600
UNIT_HURRICANE,15,kv,VisionRange,1
UNIT_HURRICANE,16,kv,EnableAdvance,ADVANCE_ARCHERY_ISENGARD
UNIT_HURRICANE,17,kv,ActiveDefenseRange,20
UNIT_HURRICANE,18,flag,LossMoveToDmgNone,
UNIT_HURRICANE,19,kv,MaxFuel,0
UNIT_HURRICANE,20,flag,CanEntrench,
UNIT_HURRICANE,21,flag,IgnoreZOC,
UNIT_HURRICANE,22,flag,NoZoc,
UNIT_HURRICANE,23,flag,CanBeachAssault,
UNIT_HURRICANE,24,flag,CantCaptureCity,
UNIT_HURRICANE,25,kv,SoundSelect1,SOUND_SELECT1_SPACE_PLANE
UNIT_HURRICANE,26,kv,SoundSelect2,SOUND_SELECT2_SPACE_PLANE
UNIT_HURRICANE,27,kv,SoundMove,SOUND_MOVE_SPACE_PLANE
UNIT_HURRICANE,28,kv,SoundAcknowledge,SOUND_ACKNOWLEDGE_SPACE_PLANE
UNIT_HURRICANE,29,kv,SoundCantMove,SOUND_CANTMOVE_SPACE_PLANE
UNIT_HURRICANE,30,kv,SoundAttack,SOUND_ATTACK_SPACE_PLANE
UNIT_HURRICANE,31,kv,SoundWork,SOUND_WORK_SPACE_PLANE
UNIT_HURRICANE,32,kv,SoundVictory,SOUND_VICTORY_SPACE_PLANE
UNIT_HURRICANE,33,kv,SoundDeath,SOUND_DEATH_SPACE_PLANE
UNIT_HURRICANE,34,sublist,CanAttack,Land
UNIT_HURRICANE,35,sublist,CanAttack,Mountain
UNIT_HURRICANE,36,sublist,CanAttack,Sea
UNIT_HURRICANE,37,sublist,CanAttack,ShallowWater
UNIT_HURRICANE,38,sublist,CanSee,Standard
UNIT_HURRICANE,39,sublist,MovementType,Land
UNIT_HURRICANE,40,sublist,MovementType,Mountain
UNIT_HURRICANE,41,sublist,MovementType,Sea
UNIT_HURRICANE,42,sublist,MovementType,ShallowWater
UNIT_HURRICANE,43,sublist,Size,Large
UNIT_HURRICANE,44,sublist,VisionClass,Standard
UNIT_GREAT_GENERAL,0,flag,CantBuild,
UNIT_GREAT_GENERAL,1,kv,Description,DESCRIPTION_UNIT_SWORDSMAN
UNIT_GREAT_GENERAL,2,kv,DefaultIcon,ICON_UNIT_GREAT_GENERAL
UNIT_GREAT_GENERAL,3,kv,DefaultSprite,SPRITE_GREAT_GENERAL
UNIT_GREAT_GENERAL,4,kv,Category,UNIT_CATEGORY_RANGED
UNIT_GREAT_GENERAL,5,kv,Attack,35
UNIT_GREAT_GENERAL,6,kv,Defense,35
UNIT_GREAT_GENERAL,7,kv,ZBRangeAttack,50
UNIT_GREAT_GENERAL,8,kv,Firepower,2
UNIT_GREAT_GENERAL,9,kv,Armor,1
UNIT_GREAT_GENERAL,10,kv,MaxHP,20
UNIT_GREAT_GENERAL,11,kv,ShieldCost,1500
UNIT_GREAT_GENERAL,12,kv,PowerPoints,250
UNIT_GREAT_GENERAL,13,kv,ShieldHunger,15
UNIT_GREAT_GENERAL,14,kv,FoodHunger,0
UNIT_GREAT_GENERAL,15,kv,MaxMovePoints,300
UNIT_GREAT_GENERAL,16,kv,VisionRange,3
UNIT_GREAT_GENERAL,17,kv,EnableAdvance,ADVANCE_HEXTAPUL
UNIT_GREAT_GENERAL,18,kv,BombRounds,5
UNIT_GREAT_GENERAL,19,kv,BombardRange,1
UNIT_GREAT_GENERAL,20,flag,CanCounterBombard,
UNIT_GREAT_GENERAL,21,kv,ActiveDefenseRange,0
UNIT_GREAT_GENERAL,22,flag,LossMoveToDmgNone,
UNIT_GREAT_GENERAL,23,kv,MaxFuel,0
UNIT_GREAT_GENERAL,24,flag,CanEntrench,
UNIT_GREAT_GENERAL,25,flag,CanExpel,
UNIT_GREAT_GENERAL,26,flag,NoZoc,
UNIT_GREAT_GENERAL,27,flag,CanPillage,
UNIT_GREAT_GENERAL,28,flag,ExertsMartialLaw,
UNIT_GREAT_GENERAL,29,flag,DeathEffectsHappy,
UNIT_GREAT_GENERAL,30,flag,IsSpecialForces,
UNIT_GREAT_GENERAL,31,flag,CanSue,
UNIT_GREAT_GENERAL,32,flag,CanBeSued,
UNIT_GREAT_GENERAL,33,kv,SoundSelect1,SOUND_SELECT1_SAMURAI
UNIT_GREAT_GENERAL,34,kv,SoundSelect2,SOUND_SELECT2_SAMURAI
UNIT_GREAT_GENERAL,35,kv,SoundMove,SOUND_MOVE_SAMURAI
UNIT_GREAT_GENERAL,36,kv,SoundAcknowledge,SOUND_ACKNOWLEDGE_SAMURAI
UNIT_GREAT_GENERAL,37,kv,SoundCantMove,SOUND_CANTMOVE_SAMURAI
UNIT_GREAT_GENERAL,38,kv,SoundAttack,SOUND_ATTACK_SAMURAI
UNIT_GREAT_GENERAL,39,kv,SoundWork,SOUND_WORK_SAMURAI
UNIT_GREAT_GENERAL,40,kv,SoundVictory,SOUND_VICTORY_SAMURAI
UNIT_GREAT_GENERAL,41,kv,SoundDeath,SOUND_DEATH_SAMURAI
UNIT_GREAT_GENERAL,42,sublist,CanAttack,Land
UNIT_GREAT_GENERAL,43,sublist,CanAttack,Mountain
UNIT_GREAT_GENERAL,44,sublist,CanBombard,Land
UNIT_GREAT_GENERAL,45,sublist,CanBombard,Mountain
UNIT_GREAT_GENERAL,46,sublist,CanBombard,Water
UNIT_GREAT_GENERAL,47,sublist,MovementType,Land
UNIT_GREAT_GENERAL,48,sublist,MovementType,Mountain
UNIT_GREAT_GENERAL,49,sublist,Size,Small
UNIT_GREAT_GENERAL,50,sublist,CanSee,Standard
UNIT_GREAT_GENERAL,51,sublist,VisionClass,Standard
UNIT_GREAT_GENERAL,52,nested,CanReform,"[{""t"": ""kv"", ""k"": ""Sound"", ""v"": ""SOUND_ID_REFORM_CITY""}, {""t"": ""kv"", ""k"": ""Effect"", ""v"": ""SPECEFFECT_REFORMCITY""}]"
UNIT_HERO,0,flag,CantBuild,
UNIT_HERO,1,kv,Description,DESCRIPTION_UNIT_KNIGHT
UNIT_HERO,2,kv,DefaultIcon,ICON_UNIT_HERO
UNIT_HERO,3,kv,DefaultSprite,SPRITE_HERO
UNIT_HERO,4,kv,Category,UNIT_CATEGORY_ATTACK
UNIT_HERO,5,kv,Attack,45
UNIT_HERO,6,kv,Defense,45
UNIT_HERO,7,kv,ZBRangeAttack,25
UNIT_HERO,8,kv,Firepower,2
UNIT_HERO,9,kv,Armor,1
UNIT_HERO,10,kv,MaxHP,30
UNIT_HERO,11,kv,ShieldCost,1000
UNIT_HERO,12,kv,PowerPoints,400
UNIT_HERO,13,kv,ShieldHunger,10
UNIT_HERO,14,kv,FoodHunger,0
UNIT_HERO,15,kv,MaxMovePoints,300
UNIT_HERO,16,kv,VisionRange,3
UNIT_HERO,17,kv,EnableAdvance,ADVANCE_HEXTAPUL
UNIT_HERO,18,kv,ActiveDefenseRange,0
UNIT_HERO,19,flag,LossMoveToDmgNone,
UNIT_HERO,20,kv,MaxFuel,0
UNIT_HERO,21,flag,CanEntrench,
UNIT_HERO,22,flag,CanExpel,
UNIT_HERO,23,flag,NoZoc,
UNIT_HERO,24,flag,CanPillage,
UNIT_HERO,25,flag,CanPirate,
UNIT_HERO,26,flag,ExertsMartialLaw,
UNIT_HERO,27,flag,DeathEffectsHappy,
UNIT_HERO,28,flag,IsSpecialForces,
UNIT_HERO,29,kv,SoundSelect1,SOUND_SELECT1_KNIGHT
UNIT_HERO,30,kv,SoundSelect2,SOUND_SELECT2_KNIGHT
UNIT_HERO,31,kv,SoundMove,SOUND_MOVE_KNIGHT
UNIT_HERO,32,kv,SoundAcknowledge,SOUND_ACKNOWLEDGE_KNIGHT
UNIT_HERO,33,kv,SoundCantMove,SOUND_CANTMOVE_KNIGHT
UNIT_HERO,34,kv,SoundAttack,SOUND_ATTACK_KNIGHT
UNIT_HERO,35,kv,SoundWork,SOUND_WORK_KNIGHT
UNIT_HERO,36,kv,SoundVictory,SOUND_VICTORY_KNIGHT
UNIT_HERO,37,kv,SoundDeath,SOUND_DEATH_KNIGHT
UNIT_HERO,38,sublist,CanAttack,Land
UNIT_HERO,39,sublist,CanAttack,Mountain
UNIT_HERO,40,sublist,MovementType,Land
UNIT_HERO,41,sublist,MovementType,Mountain
UNIT_HERO,42,sublist,Size,Small
UNIT_HERO,43,sublist,CanSee,Standard
UNIT_HERO,44,sublist,VisionClass,Standard
UNIT_HERO,45,nested,CanReform,"[{""t"": ""kv"", ""k"": ""Sound"", ""v"": ""SOUND_ID_REFORM_CITY""}, {""t"": ""kv"", ""k"": ""Effect"", ""v"": ""SPECEFFECT_REFORMCITY""}]"
UNIT_ABOLITIONIST,0,kv,Description,DESCRIPTION_UNIT_ABOLITIONIST
UNIT_ABOLITIONIST,1,kv,DefaultIcon,ICON_UNIT_ABOLITIONIST
UNIT_ABOLITIONIST,2,kv,DefaultSprite,SPRITE_ABOLITIONIST
UNIT_ABOLITIONIST,3,kv,Category,UNIT_CATEGORY_SPECIAL
UNIT_ABOLITIONIST,4,kv,Attack,0
UNIT_ABOLITIONIST,5,kv,Defense,5
UNIT_ABOLITIONIST,6,kv,ZBRangeAttack,0
UNIT_ABOLITIONIST,7,kv,Firepower,1
UNIT_ABOLITIONIST,8,kv,Armor,1
UNIT_ABOLITIONIST,9,kv,MaxHP,10
UNIT_ABOLITIONIST,10,kv,ShieldCost,600
UNIT_ABOLITIONIST,11,kv,PowerPoints,250
UNIT_ABOLITIONIST,12,kv,ShieldHunger,5
UNIT_ABOLITIONIST,13,kv,FoodHunger,0
UNIT_ABOLITIONIST,14,kv,MaxMovePoints,300
UNIT_ABOLITIONIST,15,kv,VisionRange,1
UNIT_ABOLITIONIST,16,kv,EnableAdvance,ADVANCE_PHILOSOPHY_GOOD
UNIT_ABOLITIONIST,17,kv,ActiveDefenseRange,0
UNIT_ABOLITIONIST,18,flag,LossMoveToDmgNone,
UNIT_ABOLITIONIST,19,kv,MaxFuel,0
UNIT_ABOLITIONIST,20,flag,CanEntrench,
UNIT_ABOLITIONIST,21,flag,IgnoreZOC,
UNIT_ABOLITIONIST,22,flag,NoZoc,
UNIT_ABOLITIONIST,23,flag,CanBeExpelled,
UNIT_ABOLITIONIST,24,flag,CantCaptureCity,
UNIT_ABOLITIONIST,25,flag,IsSpecialForces,
UNIT_ABOLITIONIST,26,flag,Civilian,
UNIT_ABOLITIONIST,27,flag,OnlyBuildOne,
UNIT_ABOLITIONIST,28,kv,SoundSelect1,SOUND_SELECT1_ABOLITIONIST
UNIT_ABOLITIONIST,29,kv,SoundSelect2,SOUND_SELECT2_ABOLITIONIST
UNIT_ABOLITIONIST,30,kv,SoundMove,SOUND_MOVE_ABOLITIONIST
UNIT_ABOLITIONIST,31,kv,SoundAcknowledge,SOUND_ACKNOWLEDGE_ABOLITIONIST
UNIT_ABOLITIONIST,32,kv,SoundCantMove,SOUND_CANTMOVE_ABOLITIONIST
UNIT_ABOLITIONIST,33,kv,SoundAttack,SOUND_ATTACK_ABOLITIONIST
UNIT_ABOLITIONIST,34,kv,SoundWork,SOUND_WORK_ABOLITIONIST
UNIT_ABOLITIONIST,35,kv,SoundVictory,SOUND_VICTORY_ABOLITIONIST
UNIT_ABOLITIONIST,36,kv,SoundDeath,SOUND_DEATH_ABOLITIONIST
UNIT_ABOLITIONIST,37,sublist,CanSee,Standard
UNIT_ABOLITIONIST,38,sublist,CanSee,Stealth
UNIT_ABOLITIONIST,39,sublist,MovementType,Land
UNIT_ABOLITIONIST,40,sublist,MovementType,Mountain
UNIT_ABOLITIONIST,41,sublist,Size,Small
UNIT_ABOLITIONIST,42,sublist,VisionClass,Stealth
UNIT_ABOLITIONIST,43,nested,SlaveUprising,"[{""t"": ""kv"", ""k"": ""Sound"", ""v"": ""SOUND_ID_SLAVE_UPRISING""}, {""t"": ""kv"", ""k"": ""Effect"", ""v"": ""SPECEFFECT_SLAVE_UPRISING""}]"
UNIT_ABOLITIONIST,44,nested,UndergroundRailway,"[{""t"": ""kv"", ""k"": ""Chance"", ""v"": ""0.5""}, {""t"": ""kv"", ""k"": ""DeathChance"", ""v"": ""0.2""}, {""t"": ""kv"", ""k"": ""Sound"", ""v"": ""SOUND_ID_UNDERGROUND_RAILWAY""}, {""t"": ""kv"", ""k"": ""Effect"", ""v"": ""SPECEFFECT_UNDERGROUND_RAILWAY""}]"
UNIT_AIRCRAFT_CARRIER,0,flag,GLHidden,
UNIT_AIRCRAFT_CARRIER,1,kv,Description,DESCRIPTION_UNIT_AIRCRAFT_CARRIER
UNIT_AIRCRAFT_CARRIER,2,kv,DefaultIcon,ICON_UNIT_AIRCRAFT_CARRIER
UNIT_AIRCRAFT_CARRIER,3,kv,DefaultSprite,SPRITE_AIRCRAFT_CARRIER
UNIT_AIRCRAFT_CARRIER,4,kv,Category,UNIT_CATEGORY_NAVAL
UNIT_AIRCRAFT_CARRIER,5,kv,Attack,30
UNIT_AIRCRAFT_CARRIER,6,kv,Defense,50
UNIT_AIRCRAFT_CARRIER,7,kv,ZBRangeAttack,25
UNIT_AIRCRAFT_CARRIER,8,kv,Firepower,2
UNIT_AIRCRAFT_CARRIER,9,kv,Armor,2
UNIT_AIRCRAFT_CARRIER,10,kv,MaxHP,20
UNIT_AIRCRAFT_CARRIER,11,kv,ShieldCost,3500
UNIT_AIRCRAFT_CARRIER,12,kv,PowerPoints,3000
UNIT_AIRCRAFT_CARRIER,13,kv,ShieldHunger,35
UNIT_AIRCRAFT_CARRIER,14,kv,FoodHunger,0
UNIT_AIRCRAFT_CARRIER,15,kv,MaxMovePoints,1200
UNIT_AIRCRAFT_CARRIER,16,kv,VisionRange,3
UNIT_AIRCRAFT_CARRIER,17,kv,EnableAdvance,ADVANCE_NAVAL_AVIATION
UNIT_AIRCRAFT_CARRIER,18,kv,BombRounds,10
UNIT_AIRCRAFT_CARRIER,19,kv,BombardRange,1
UNIT_AIRCRAFT_CARRIER,20,kv,ActiveDefenseRange,1
UNIT_AIRCRAFT_CARRIER,21,flag,ActiveDefenseOnlyWhenCarryingEnablers,
UNIT_AIRCRAFT_CARRIER,22,flag,LossMoveToDmgNone,
UNIT_AIRCRAFT_CARRIER,23,kv,MaxFuel,0
UNIT_AIRCRAFT_CARRIER,24,flag,CanExpel,
UNIT_AIRCRAFT_CARRIER,25,flag,NoZoc,
UNIT_AIRCRAFT_CARRIER,26,flag,CanPillage,
UNIT_AIRCRAFT_CARRIER,27,flag,CanPirate,
UNIT_AIRCRAFT_CARRIER,28,flag,CantCaptureCity,
UNIT_AIRCRAFT_CARRIER,29,flag,ExertsMartialLaw,
UNIT_AIRCRAFT_CARRIER,30,flag,DeathEffectsHappy,
UNIT_AIRCRAFT_CARRIER,31,flag,Explodes,
UNIT_AIRCRAFT_CARRIER,32,flag,OnlyBuildOne,
UNIT_AIRCRAFT_CARRIER,33,kv,SoundSelect1,SOUND_SELECT1_AIRCRAFT_CARRIER
UNIT_AIRCRAFT_CARRIER,34,kv,SoundSelect2,SOUND_SELECT2_AIRCRAFT_CARRIER
UNIT_AIRCRAFT_CARRIER,35,kv,SoundMove,SOUND_MOVE_AIRCRAFT_CARRIER
UNIT_AIRCRAFT_CARRIER,36,kv,SoundAcknowledge,SOUND_ACKNOWLEDGE_AIRCRAFT_CARRIER
UNIT_AIRCRAFT_CARRIER,37,kv,SoundCantMove,SOUND_CANTMOVE_AIRCRAFT_CARRIER
UNIT_AIRCRAFT_CARRIER,38,kv,SoundAttack,SOUND_ATTACK_AIRCRAFT_CARRIER
UNIT_AIRCRAFT_CARRIER,39,kv,SoundWork,SOUND_WORK_AIRCRAFT_CARRIER
UNIT_AIRCRAFT_CARRIER,40,kv,SoundVictory,SOUND_VICTORY_AIRCRAFT_CARRIER
UNIT_AIRCRAFT_CARRIER,41,kv,SoundDeath,SOUND_DEATH_AIRCRAFT_CARRIER
UNIT_AIRCRAFT_CARRIER,42,sublist,CanAttack,Sea
UNIT_AIRCRAFT_CARRIER,43,sublist,CanAttack,ShallowWater
UNIT_AIRCRAFT_CARRIER,44,sublist,CanCarry,MedAir
UNIT_AIRCRAFT_CARRIER,45,sublist,CanCarry,SmallAir
UNIT_AIRCRAFT_CARRIER,46,sublist,CanSee,Standard
UNIT_AIRCRAFT_CARRIER,47,sublist,Defend,Air
UNIT_AIRCRAFT_CARRIER,48,sublist,MovementType,Sea
UNIT_AIRCRAFT_CARRIER,49,sublist,MovementType,ShallowWater
UNIT_AIRCRAFT_CARRIER,50,sublist,Size,Large
UNIT_AIRCRAFT_CARRIER,51,sublist,VisionClass,Standard
UNIT_AIRCRAFT_CARRIER,52,nested,CanReform,"[{""t"": ""kv"", ""k"": ""Sound"", ""v"": ""SOUND_ID_REFORM_CITY""}, {""t"": ""kv"", ""k"": ""Effect"", ""v"": ""SPECEFFECT_REFORMCITY""}]"
UNIT_AIRCRAFT_CARRIER,53,nested,CargoData,"[{""t"": ""kv"", ""k"": ""MaxCargo"", ""v"": ""2""}, {""t"": ""kv"", ""k"": ""Load"", ""v"": ""SOUND_ID_AIRCRAFT_CARRIER_LOAD""}, {""t"": ""kv"", ""k"": ""Unload"", ""v"": ""SOUND_ID_AIRCRAFT_CARRIER_UNLOAD""}]"
UNIT_ARQUEBUSIER,0,flag,GLHidden,
UNIT_ARQUEBUSIER,1,kv,Description,DESCRIPTION_UNIT_INFANTRYMAN
UNIT_ARQUEBUSIER,2,kv,DefaultIcon,ICON_UNIT_ARQUEBUSIER
UNIT_ARQUEBUSIER,3,kv,DefaultSprite,SPRITE_ARQUEBUSIER
UNIT_ARQUEBUSIER,4,kv,Category,UNIT_CATEGORY_DEFENSE
UNIT_ARQUEBUSIER,5,kv,Attack,40
UNIT_ARQUEBUSIER,6,kv,Defense,35
UNIT_ARQUEBUSIER,7,kv,ZBRangeAttack,20
UNIT_ARQUEBUSIER,8,kv,Firepower,2
UNIT_ARQUEBUSIER,9,kv,Armor,1
UNIT_ARQUEBUSIER,10,kv,MaxHP,18
UNIT_ARQUEBUSIER,11,kv,ShieldCost,800
UNIT_ARQUEBUSIER,12,kv,PowerPoints,500
UNIT_ARQUEBUSIER,13,kv,ShieldHunger,8
UNIT_ARQUEBUSIER,14,kv,FoodHunger,0
UNIT_ARQUEBUSIER,15,kv,MaxMovePoints,100
UNIT_ARQUEBUSIER,16,kv,VisionRange,1
UNIT_ARQUEBUSIER,17,kv,EnableAdvance,ADVANCE_GUNPOWDER
UNIT_ARQUEBUSIER,18,kv,ObsoleteAdvance,ADVANCE_INDUSTRIAL_REVOLUTION
UNIT_ARQUEBUSIER,19,kv,ActiveDefenseRange,0
UNIT_ARQUEBUSIER,20,flag,LossMoveToDmgNone,
UNIT_ARQUEBUSIER,21,kv,MaxFuel,0
UNIT_ARQUEBUSIER,22,flag,CanEntrench,
UNIT_ARQUEBUSIER,23,flag,NoZoc,
UNIT_ARQUEBUSIER,24,flag,CanExpel,
UNIT_ARQUEBUSIER,25,flag,CanPillage,
UNIT_ARQUEBUSIER,26,flag,CanPirate,
UNIT_ARQUEBUSIER,27,flag,ExertsMartialLaw,
UNIT_ARQUEBUSIER,28,flag,DeathEffectsHappy,
UNIT_ARQUEBUSIER,29,flag,OnlyBuildOne,
UNIT_ARQUEBUSIER,30,kv,SoundSelect1,SOUND_SELECT1_INFANTRYMAN
UNIT_ARQUEBUSIER,31,kv,SoundSelect2,SOUND_SELECT2_INFANTRYMAN
UNIT_ARQUEBUSIER,32,kv,SoundMove,SOUND_MOVE_INFANTRYMAN
UNIT_ARQUEBUSIER,33,kv,SoundAcknowledge,SOUND_ACKNOWLEDGE_INFANTRYMAN
UNIT_ARQUEBUSIER,34,kv,SoundCantMove,SOUND_CANTMOVE_INFANTRYMAN
UNIT_ARQUEBUSIER,35,kv,SoundAttack,SOUND_ATTACK_INFANTRYMAN
UNIT_ARQUEBUSIER,36,kv,SoundWork,SOUND_WORK_INFANTRYMAN
UNIT_ARQUEBUSIER,37,kv,SoundVictory,SOUND_VICTORY_INFANTRYMAN
UNIT_ARQUEBUSIER,38,kv,SoundDeath,SOUND_DEATH_INFANTRYMAN
UNIT_ARQUEBUSIER,39,sublist,CanAttack,Land
UNIT_ARQUEBUSIER,40,sublist,CanAttack,Mountain
UNIT_ARQUEBUSIER,41,sublist,CanSee,Standard
UNIT_ARQUEBUSIER,42,sublist,MovementType,Land
UNIT_ARQUEBUSIER,43,sublist,MovementType,Mountain
UNIT_ARQUEBUSIER,44,sublist,Size,Medium
UNIT_ARQUEBUSIER,45,sublist,VisionClass,Standard
UNIT_ARQUEBUSIER,46,nested,CanReform,"[{""t"": ""kv"", ""k"": ""Sound"", ""v"": ""SOUND_ID_REFORM_CITY""}, {""t"": ""kv"", ""k"": ""Effect"", ""v"": ""SPECEFFECT_REFORMCITY""}]"
UNIT_ARTILLERY,0,flag,GLHidden,
UNIT_ARTILLERY,1,kv,Description,DESCRIPTION_UNIT_ARTILLERY
UNIT_ARTILLERY,2,kv,DefaultIcon,ICON_UNIT_ARTILLERY
UNIT_ARTILLERY,3,kv,DefaultSprite,SPRITE_ARTILLERY
UNIT_ARTILLERY,4,kv,Category,UNIT_CATEGORY_RANGED
UNIT_ARTILLERY,5,kv,Attack,15
UNIT_ARTILLERY,6,kv,Defense,25
UNIT_ARTILLERY,7,kv,ZBRangeAttack,70
UNIT_ARTILLERY,8,kv,Firepower,3
UNIT_ARTILLERY,9,kv,Armor,2
UNIT_ARTILLERY,10,kv,MaxHP,15
UNIT_ARTILLERY,11,kv,ShieldCost,1750
UNIT_ARTILLERY,12,kv,PowerPoints,1200
UNIT_ARTILLERY,13,kv,ShieldHunger,17
UNIT_ARTILLERY,14,kv,FoodHunger,0
UNIT_ARTILLERY,15,kv,MaxMovePoints,200
UNIT_ARTILLERY,16,kv,VisionRange,2
UNIT_ARTILLERY,17,kv,EnableAdvance,ADVANCE_EXPLOSIVES
UNIT_ARTILLERY,18,kv,ObsoleteAdvance,ADVANCE_CYBERNETICS
UNIT_ARTILLERY,19,kv,BombRounds,5
UNIT_ARTILLERY,20,kv,BombardRange,1
UNIT_ARTILLERY,21,flag,CanCounterBombard,
UNIT_ARTILLERY,22,kv,ActiveDefenseRange,0
UNIT_ARTILLERY,23,flag,LossMoveToDmgNone,
UNIT_ARTILLERY,24,kv,MaxFuel,0
UNIT_ARTILLERY,25,flag,CanEntrench,
UNIT_ARTILLERY,26,flag,NoZoc,
UNIT_ARTILLERY,27,flag,CanExpel,
UNIT_ARTILLERY,28,flag,CanPillage,
UNIT_ARTILLERY,29,flag,CanPirate,
UNIT_ARTILLERY,30,flag,ExertsMartialLaw,
UNIT_ARTILLERY,31,flag,DeathEffectsHappy,
UNIT_ARTILLERY,32,flag,Explodes,
UNIT_ARTILLERY,33,flag,OnlyBuildOne,
UNIT_ARTILLERY,34,kv,SoundSelect1,SOUND_SELECT1_ARTILLERY
UNIT_ARTILLERY,35,kv,SoundSelect2,SOUND_SELECT2_ARTILLERY
UNIT_ARTILLERY,36,kv,SoundMove,SOUND_MOVE_ARTILLERY
UNIT_ARTILLERY,37,kv,SoundAcknowledge,SOUND_ACKNOWLEDGE_ARTILLERY
UNIT_ARTILLERY,38,kv,SoundCantMove,SOUND_CANTMOVE_ARTILLERY
UNIT_ARTILLERY,39,kv,SoundAttack,SOUND_ATTACK_ARTILLERY
UNIT_ARTILLERY,40,kv,SoundWork,SOUND_WORK_ARTILLERY
UNIT_ARTILLERY,41,kv,SoundVictory,SOUND_VICTORY_ARTILLERY
UNIT_ARTILLERY,42,kv,SoundDeath,SOUND_DEATH_ARTILLERY
UNIT_ARTILLERY,43,sublist,CanAttack,Air
UNIT_ARTILLERY,44,sublist,CanAttack,Land
UNIT_ARTILLERY,45,sublist,CanBombard,Land
UNIT_ARTILLERY,46,sublist,CanBombard,Mountain
UNIT_ARTILLERY,47,sublist,CanBombard,Water
UNIT_ARTILLERY,48,sublist,CanBombard,Air
UNIT_ARTILLERY,49,sublist,CanSee,Standard
UNIT_ARTILLERY,50,sublist,MovementType,Land
UNIT_ARTILLERY,51,sublist,Size,Medium
UNIT_ARTILLERY,52,sublist,VisionClass,Standard
UNIT_ARTILLERY,53,nested,CanReform,"[{""t"": ""kv"", ""k"": ""Sound"", ""v"": ""SOUND_ID_REFORM_CITY""}, {""t"": ""kv"", ""k"": ""Effect"", ""v"": ""SPECEFFECT_REFORMCITY""}]"
UNIT_BATTLESHIP,0,flag,GLHidden,
UNIT_BATTLESHIP,1,kv,Description,DESCRIPTION_UNIT_BATTLESHIP
UNIT_BATTLESHIP,2,kv,DefaultIcon,ICON_UNIT_BATTLESHIP
UNIT_BATTLESHIP,3,kv,DefaultSprite,SPRITE_BATTLESHIP
UNIT_BATTLESHIP,4,kv,Category,UNIT_CATEGORY_NAVAL
UNIT_BATTLESHIP,5,kv,Attack,65
UNIT_BATTLESHIP,6,kv,Defense,55
UNIT_BATTLESHIP,7,kv,ZBRangeAttack,60
UNIT_BATTLESHIP,8,kv,Firepower,4
UNIT_BATTLESHIP,9,kv,Armor,3
UNIT_BATTLESHIP,10,kv,MaxHP,20
UNIT_BATTLESHIP,11,kv,ShieldCost,4200
UNIT_BATTLESHIP,12,kv,PowerPoints,2000
UNIT_BATTLESHIP,13,kv,ShieldHunger,42
UNIT_BATTLESHIP,14,kv,FoodHunger,0
UNIT_BATTLESHIP,15,kv,MaxMovePoints,1200
UNIT_BATTLESHIP,16,kv,VisionRange,3
UNIT_BATTLESHIP,17,kv,EnableAdvance,ADVANCE_ADV_NAVAL_TACTICS
UNIT_BATTLESHIP,18,kv,ObsoleteAdvance,ADVANCE_SMART_MATERIALS
UNIT_BATTLESHIP,19,kv,BombRounds,5
UNIT_BATTLESHIP,20,kv,BombardRange,1
UNIT_BATTLESHIP,21,flag,CanCounterBombard,
UNIT_BATTLESHIP,22,kv,ActiveDefenseRange,0
UNIT_BATTLESHIP,23,flag,LossMoveToDmgNone,
UNIT_BATTLESHIP,24,kv,MaxFuel,0
UNIT_BATTLESHIP,25,flag,CanExpel,
UNIT_BATTLESHIP,26,flag,NoZoc,
UNIT_BATTLESHIP,27,flag,CanPillage,
UNIT_BATTLESHIP,28,flag,CanPirate,
UNIT_BATTLESHIP,29,flag,CantCaptureCity,
UNIT_BATTLESHIP,30,flag,ExertsMartialLaw,
UNIT_BATTLESHIP,31,flag,DeathEffectsHappy,
UNIT_BATTLESHIP,32,flag,Explodes,
UNIT_BATTLESHIP,33,flag,OnlyBuildOne,
UNIT_BATTLESHIP,34,kv,SoundSelect1,SOUND_SELECT1_BATTLESHIP
UNIT_BATTLESHIP,35,kv,SoundSelect2,SOUND_SELECT2_BATTLESHIP
UNIT_BATTLESHIP,36,kv,SoundMove,SOUND_MOVE_BATTLESHIP
UNIT_BATTLESHIP,37,kv,SoundAcknowledge,SOUND_ACKNOWLEDGE_BATTLESHIP
UNIT_BATTLESHIP,38,kv,SoundCantMove,SOUND_CANTMOVE_BATTLESHIP
UNIT_BATTLESHIP,39,kv,SoundAttack,SOUND_ATTACK_BATTLESHIP
UNIT_BATTLESHIP,40,kv,SoundWork,SOUND_WORK_BATTLESHIP
UNIT_BATTLESHIP,41,kv,SoundVictory,SOUND_VICTORY_BATTLESHIP
UNIT_BATTLESHIP,42,kv,SoundDeath,SOUND_DEATH_BATTLESHIP
UNIT_BATTLESHIP,43,sublist,CanAttack,Sea
UNIT_BATTLESHIP,44,sublist,CanAttack,ShallowWater
UNIT_BATTLESHIP,45,sublist,CanBombard,Land
UNIT_BATTLESHIP,46,sublist,CanBombard,Mountain
UNIT_BATTLESHIP,47,sublist,CanBombard,Water
UNIT_BATTLESHIP,48,sublist,CanBombard,Air
UNIT_BATTLESHIP,49,sublist,CanSee,Standard
UNIT_BATTLESHIP,50,sublist,MovementType,Sea
UNIT_BATTLESHIP,51,sublist,MovementType,ShallowWater
UNIT_BATTLESHIP,52,sublist,Size,Large
UNIT_BATTLESHIP,53,sublist,VisionClass,Standard
UNIT_BATTLESHIP,54,nested,CanReform,"[{""t"": ""kv"", ""k"": ""Sound"", ""v"": ""SOUND_ID_REFORM_CITY""}, {""t"": ""kv"", ""k"": ""Effect"", ""v"": ""SPECEFFECT_REFORMCITY""}]"
UNIT_BOMBER,0,flag,GLHidden,
UNIT_BOMBER,1,kv,Description,DESCRIPTION_UNIT_BOMBER
UNIT_BOMBER,2,kv,DefaultIcon,ICON_UNIT_BOMBER
UNIT_BOMBER,3,kv,DefaultSprite,SPRITE_BOMBER
UNIT_BOMBER,4,kv,Category,UNIT_CATEGORY_AERIAL
UNIT_BOMBER,5,kv,Attack,35
UNIT_BOMBER,6,kv,Defense,35
UNIT_BOMBER,7,kv,ZBRangeAttack,60
UNIT_BOMBER,8,kv,Firepower,3
UNIT_BOMBER,9,kv,Armor,2
UNIT_BOMBER,10,kv,MaxHP,15
UNIT_BOMBER,11,kv,ShieldCost,2600
UNIT_BOMBER,12,kv,PowerPoints,3000
UNIT_BOMBER,13,kv,ShieldHunger,26
UNIT_BOMBER,14,kv,FoodHunger,0
UNIT_BOMBER,15,kv,MaxMovePoints,1000
UNIT_BOMBER,16,kv,VisionRange,2
UNIT_BOMBER,17,kv,EnableAdvance,ADVANCE_JET_PROPULSION
UNIT_BOMBER,18,kv,ObsoleteAdvance,ADVANCE_ADVANCED_COMPOSITES
UNIT_BOMBER,19,kv,BombRounds,5
UNIT_BOMBER,20,kv,BombardRange,1
UNIT_BOMBER,21,flag,CanCounterBombard,
UNIT_BOMBER,22,kv,ActiveDefenseRange,0
UNIT_BOMBER,23,flag,LossMoveToDmgNone,
UNIT_BOMBER,24,flag,NoFuelThenCrash,
UNIT_BOMBER,25,kv,MaxFuel,5000
UNIT_BOMBER,26,flag,IgnoreZOC,
UNIT_BOMBER,27,flag,CantCaptureCity,
UNIT_BOMBER,28,flag,DeathEffectsHappy,
UNIT_BOMBER,29,flag,Explodes,
UNIT_BOMBER,30,flag,OnlyBuildOne,
UNIT_BOMBER,31,kv,SoundSelect1,SOUND_SELECT1_BOMBER
UNIT_BOMBER,32,kv,SoundSelect2,SOUND_SELECT2_BOMBER
UNIT_BOMBER,33,kv,SoundMove,SOUND_MOVE_BOMBER
UNIT_BOMBER,34,kv,SoundAcknowledge,SOUND_ACKNOWLEDGE_BOMBER
UNIT_BOMBER,35,kv,SoundCantMove,SOUND_CANTMOVE_BOMBER
UNIT_BOMBER,36,kv,SoundAttack,SOUND_ATTACK_BOMBER
UNIT_BOMBER,37,kv,SoundWork,SOUND_WORK_BOMBER
UNIT_BOMBER,38,kv,SoundVictory,SOUND_VICTORY_BOMBER
UNIT_BOMBER,39,kv,SoundDeath,SOUND_DEATH_BOMBER
UNIT_BOMBER,40,sublist,CanAttack,Air
UNIT_BOMBER,41,sublist,CanAttack,Land
UNIT_BOMBER,42,sublist,CanAttack,Mountain
UNIT_BOMBER,43,sublist,CanAttack,Sea
UNIT_BOMBER,44,sublist,CanAttack,ShallowWater
UNIT_BOMBER,45,sublist,CanBombard,Land
UNIT_BOMBER,46,sublist,CanBombard,Mountain
UNIT_BOMBER,47,sublist,CanBombard,Water
UNIT_BOMBER,48,sublist,CanCarry,SmallAir
UNIT_BOMBER,49,sublist,CanSee,Standard
UNIT_BOMBER,50,sublist,MovementType,Air
UNIT_BOMBER,51,sublist,Size,Medium
UNIT_BOMBER,52,sublist,VisionClass,Standard
UNIT_BOMBER,53,nested,CargoData,"[{""t"": ""kv"", ""k"": ""MaxCargo"", ""v"": ""1""}, {""t"": ""kv"", ""k"": ""Load"", ""v"": ""SOUND_ID_BOMBER_LOAD""}, {""t"": ""kv"", ""k"": ""Unload"", ""v"": ""SOUND_ID_BOMBER_UNLOAD""}]"
UNIT_CANNON,0,flag,GLHidden,
UNIT_CANNON,1,kv,Description,DESCRIPTION_UNIT_CANNON
UNIT_CANNON,2,kv,DefaultIcon,ICON_UNIT_CANNON
UNIT_CANNON,3,kv,DefaultSprite,SPRITE_CANNON
UNIT_CANNON,4,kv,Category,UNIT_CATEGORY_RANGED
UNIT_CANNON,5,kv,Attack,10
UNIT_CANNON,6,kv,Defense,15
UNIT_CANNON,7,kv,ZBRangeAttack,50
UNIT_CANNON,8,kv,Firepower,3
UNIT_CANNON,9,kv,Armor,1
UNIT_CANNON,10,kv,MaxHP,12
UNIT_CANNON,11,kv,ShieldCost,1200
UNIT_CANNON,12,kv,PowerPoints,600
UNIT_CANNON,13,kv,ShieldHunger,12
UNIT_CANNON,14,kv,FoodHunger,0
UNIT_CANNON,15,kv,MaxMovePoints,100
UNIT_CANNON,16,kv,VisionRange,1
UNIT_CANNON,17,kv,EnableAdvance,ADVANCE_CANNON_MAKING
UNIT_CANNON,18,kv,ObsoleteAdvance,ADVANCE_EXPLOSIVES
UNIT_CANNON,19,kv,BombRounds,5
UNIT_CANNON,20,kv,BombardRange,1
UNIT_CANNON,21,flag,CanCounterBombard,
UNIT_CANNON,22,kv,ActiveDefenseRange,0
UNIT_CANNON,23,flag,LossMoveToDmgNone,
UNIT_CANNON,24,kv,MaxFuel,0
UNIT_CANNON,25,flag,CanEntrench,
UNIT_CANNON,26,flag,NoZoc,
UNIT_CANNON,27,flag,CanExpel,
UNIT_CANNON,28,flag,CanPillage,
UNIT_CANNON,29,flag,CanPirate,
UNIT_CANNON,30,flag,ExertsMartialLaw,
UNIT_CANNON,31,flag,DeathEffectsHappy,
UNIT_CANNON,32,flag,Explodes,
UNIT_CANNON,33,flag,OnlyBuildOne,
UNIT_CANNON,34,kv,SoundSelect1,SOUND_SELECT1_CANNON
UNIT_CANNON,35,kv,SoundSelect2,SOUND_SELECT2_CANNON
UNIT_CANNON,36,kv,SoundMove,SOUND_MOVE_CANNON
UNIT_CANNON,37,kv,SoundAcknowledge,SOUND_ACKNOWLEDGE_CANNON
UNIT_CANNON,38,kv,SoundCantMove,SOUND_CANTMOVE_CANNON
UNIT_CANNON,39,kv,SoundAttack,SOUND_ATTACK_CANNON
UNIT_CANNON,40,kv,SoundWork,SOUND_WORK_CANNON
UNIT_CANNON,41,kv,SoundVictory,SOUND_VICTORY_CANNON
UNIT_CANNON,42,kv,SoundDeath,SOUND_DEATH_CANNON
UNIT_CANNON,43,sublist,CanAttack,Land
UNIT_CANNON,44,sublist,CanBombard,Land
UNIT_CANNON,45,sublist,CanBombard,Mountain
UNIT_CANNON,46,sublist,CanBombard,Water
UNIT_CANNON,47,sublist,CanSee,Standard
UNIT_CANNON,48,sublist,MovementType,Land
UNIT_CANNON,49,sublist,Size,Medium
UNIT_CANNON,50,sublist,VisionClass,Standard
UNIT_CANNON,51,nested,CanReform,"[{""t"": ""kv"", ""k"": ""Sound"", ""v"": ""SOUND_ID_REFORM_CITY""}, {""t"": ""kv"", ""k"": ""Effect"", ""v"": ""SPECEFFECT_REFORMCITY""}]"
UNIT_CARGO_HELICOPTER,0,flag,GLHidden,
UNIT_CARGO_HELICOPTER,1,kv,Description,DESCRIPTION_UNIT_CARGO_HELICOPTER
UNIT_CARGO_HELICOPTER,2,kv,DefaultIcon,ICON_UNIT_CARGO_HELICOPTER
UNIT_CARGO_HELICOPTER,3,kv,DefaultSprite,SPRITE_CARGO_HELICOPTER
UNIT_CARGO_HELICOPTER,4,kv,Category,UNIT_CATEGORY_AERIAL
UNIT_CARGO_HELICOPTER,5,kv,Attack,0
UNIT_CARGO_HELICOPTER,6,kv,Defense,10
UNIT_CARGO_HELICOPTER,7,kv,ZBRangeAttack,0
UNIT_CARGO_HELICOPTER,8,kv,Firepower,1
UNIT_CARGO_HELICOPTER,9,kv,Armor,1
UNIT_CARGO_HELICOPTER,10,kv,MaxHP,15
UNIT_CARGO_HELICOPTER,11,kv,ShieldCost,1750
UNIT_CARGO_HELICOPTER,12,kv,PowerPoints,100
UNIT_CARGO_HELICOPTER,13,kv,ShieldHunger,17
UNIT_CARGO_HELICOPTER,14,kv,FoodHunger,0
UNIT_CARGO_HELICOPTER,15,kv,MaxMovePoints,600
UNIT_CARGO_HELICOPTER,16,kv,VisionRange,3
UNIT_CARGO_HELICOPTER,17,kv,EnableAdvance,ADVANCE_VERTICAL_FLIGHT_AIRCRAFT
UNIT_CARGO_HELICOPTER,18,kv,ActiveDefenseRange,0
UNIT_CARGO_HELICOPTER,19,flag,LossMoveToDmgNone,
UNIT_CARGO_HELICOPTER,20,kv,MaxFuel,0
UNIT_CARGO_HELICOPTER,21,flag,IgnoreZOC,
UNIT_CARGO_HELICOPTER,22,flag,CantCaptureCity,
UNIT_CARGO_HELICOPTER,23,flag,DeathEffectsHappy,
UNIT_CARGO_HELICOPTER,24,flag,ParatrooperTransport,
UNIT_CARGO_HELICOPTER,25,flag,Explodes,
UNIT_CARGO_HELICOPTER,26,flag,OnlyBuildOne,
UNIT_CARGO_HELICOPTER,27,kv,SoundSelect1,SOUND_SELECT1_CARGO_HELICOPTER
UNIT_CARGO_HELICOPTER,28,kv,SoundSelect2,SOUND_SELECT2_CARGO_HELICOPTER
UNIT_CARGO_HELICOPTER,29,kv,SoundMove,SOUND_MOVE_CARGO_HELICOPTER
UNIT_CARGO_HELICOPTER,30,kv,SoundAcknowledge,SOUND_ACKNOWLEDGE_CARGO_HELICOPTER
UNIT_CARGO_HELICOPTER,31,kv,SoundCantMove,SOUND_CANTMOVE_CARGO_HELICOPTER
UNIT_CARGO_HELICOPTER,32,kv,SoundAttack,SOUND_ATTACK_CARGO_HELICOPTER
UNIT_CARGO_HELICOPTER,33,kv,SoundWork,SOUND_WORK_CARGO_HELICOPTER
UNIT_CARGO_HELICOPTER,34,kv,SoundVictory,SOUND_VICTORY_CARGO_HELICOPTER
UNIT_CARGO_HELICOPTER,35,kv,SoundDeath,SOUND_DEATH_CARGO_HELICOPTER
UNIT_CARGO_HELICOPTER,36,sublist,CanAttack,Air
UNIT_CARGO_HELICOPTER,37,sublist,CanAttack,Land
UNIT_CARGO_HELICOPTER,38,sublist,CanAttack,Mountain
UNIT_CARGO_HELICOPTER,39,sublist,CanCarry,MedLand
UNIT_CARGO_HELICOPTER,40,sublist,CanCarry,SmallLand
UNIT_CARGO_HELICOPTER,41,sublist,CanSee,Standard
UNIT_CARGO_HELICOPTER,42,sublist,MovementType,Air
UNIT_CARGO_HELICOPTER,43,sublist,Size,Large
UNIT_CARGO_HELICOPTER,44,sublist,VisionClass,Standard
UNIT_CARGO_HELICOPTER,45,nested,CargoData,"[{""t"": ""kv"", ""k"": ""MaxCargo"", ""v"": ""5""}, {""t"": ""kv"", ""k"": ""Load"", ""v"": ""SOUND_ID_TRIREME_LOAD""}, {""t"": ""kv"", ""k"": ""Unload"", ""v"": ""SOUND_ID_TRIREME_UNLOAD""}]"
UNIT_CARRACK,0,flag,GLHidden,
UNIT_CARRACK,1,kv,Description,DESCRIPTION_UNIT_GALLEY
UNIT_CARRACK,2,kv,DefaultIcon,ICON_UNIT_CARRACK
UNIT_CARRACK,3,kv,DefaultSprite,SPRITE_GALLEY
UNIT_CARRACK,4,kv,Category,UNIT_CATEGORY_NAVAL
UNIT_CARRACK,5,kv,Attack,10
UNIT_CARRACK,6,kv,Defense,10
UNIT_CARRACK,7,kv,ZBRangeAttack,0
UNIT_CARRACK,8,kv,Firepower,1
UNIT_CARRACK,9,kv,Armor,1
UNIT_CARRACK,10,kv,MaxHP,10
UNIT_CARRACK,11,kv,ShieldCost,525
UNIT_CARRACK,12,kv,PowerPoints,400
UNIT_CARRACK,13,kv,ShieldHunger,5
UNIT_CARRACK,14,kv,FoodHunger,0
UNIT_CARRACK,15,kv,MaxMovePoints,600
UNIT_CARRACK,16,kv,VisionRange,1
UNIT_CARRACK,17,kv,EnableAdvance,ADVANCE_COMPASS
UNIT_CARRACK,18,kv,ObsoleteAdvance,ADVANCE_INTERNAL_COMBUSTION
UNIT_CARRACK,19,kv,ActiveDefenseRange,0
UNIT_CARRACK,20,flag,LossMoveToDmgNone,
UNIT_CARRACK,21,kv,MaxFuel,0
UNIT_CARRACK,22,flag,NoZoc,
UNIT_CARRACK,23,flag,CantCaptureCity,
UNIT_CARRACK,24,flag,DeathEffectsHappy,
UNIT_CARRACK,25,flag,WoodenShip,
UNIT_CARRACK,26,flag,OnlyBuildOne,
UNIT_CARRACK,27,kv,SoundSelect1,SOUND_SELECT1_CARRACK
UNIT_CARRACK,28,kv,SoundSelect2,SOUND_SELECT2_CARRACK
UNIT_CARRACK,29,kv,SoundMove,SOUND_MOVE_CARRACK
UNIT_CARRACK,30,kv,SoundAcknowledge,SOUND_ACKNOWLEDGE_CARRACK
UNIT_CARRACK,31,kv,SoundCantMove,SOUND_CANTMOVE_CARRACK
UNIT_CARRACK,32,kv,SoundAttack,SOUND_ATTACK_CARRACK
UNIT_CARRACK,33,kv,SoundWork,SOUND_WORK_CARRACK
UNIT_CARRACK,34,kv,SoundVictory,SOUND_VICTORY_CARRACK
UNIT_CARRACK,35,kv,SoundDeath,SOUND_DEATH_CARRACK
UNIT_CARRACK,36,sublist,CanCarry,MedLand
UNIT_CARRACK,37,sublist,CanCarry,SmallLand
UNIT_CARRACK,38,sublist,CanSee,Standard
UNIT_CARRACK,39,sublist,MovementType,Sea
UNIT_CARRACK,40,sublist,MovementType,ShallowWater
UNIT_CARRACK,41,sublist,Size,Large
UNIT_CARRACK,42,sublist,VisionClass,Standard
UNIT_CARRACK,43,nested,CargoData,"[{""t"": ""kv"", ""k"": ""MaxCargo"", ""v"": ""5""}, {""t"": ""kv"", ""k"": ""Load"", ""v"": ""SOUND_ID_TRIREME_LOAD""}, {""t"": ""kv"", ""k"": ""Unload"", ""v"": ""SOUND_ID_TRIREME_UNLOAD""}]"
UNIT_CARRACK,44,nested,CanReform,"[{""t"": ""kv"", ""k"": ""Sound"", ""v"": ""SOUND_ID_REFORM_CITY""}, {""t"": ""kv"", ""k"": ""Effect"", ""v"": ""SPECEFFECT_REFORMCITY""}]"
UNIT_CAVALRY,0,flag,GLHidden,
UNIT_CAVALRY,1,kv,Description,DESCRIPTION_UNIT_CAVALRY
UNIT_CAVALRY,2,kv,DefaultIcon,ICON_UNIT_CAVALRY
UNIT_CAVALRY,3,kv,DefaultSprite,SPRITE_CAVALRY
UNIT_CAVALRY,4,kv,Category,UNIT_CATEGORY_FLANKER
UNIT_CAVALRY,5,kv,Attack,45
UNIT_CAVALRY,6,kv,Defense,30
UNIT_CAVALRY,7,kv,ZBRangeAttack,25
UNIT_CAVALRY,8,kv,Firepower,3
UNIT_CAVALRY,9,kv,Armor,1
UNIT_CAVALRY,10,kv,MaxHP,18
UNIT_CAVALRY,11,kv,ShieldCost,1400
UNIT_CAVALRY,12,kv,PowerPoints,600
UNIT_CAVALRY,13,kv,ShieldHunger,14
UNIT_CAVALRY,14,kv,FoodHunger,0
UNIT_CAVALRY,15,kv,MaxMovePoints,500
UNIT_CAVALRY,16,kv,VisionRange,2
UNIT_CAVALRY,17,kv,EnableAdvance,ADVANCE_CAVALRY_TACTICS
UNIT_CAVALRY,18,kv,ObsoleteAdvance,ADVANCE_TANK_WARFARE
UNIT_CAVALRY,19,kv,ActiveDefenseRange,0
UNIT_CAVALRY,20,flag,LossMoveToDmgNone,
UNIT_CAVALRY,21,kv,MaxFuel,0
UNIT_CAVALRY,22,flag,CanEntrench,
UNIT_CAVALRY,23,flag,NoZoc,
UNIT_CAVALRY,24,flag,CanExpel,
UNIT_CAVALRY,25,flag,CanPillage,
UNIT_CAVALRY,26,flag,CanPirate,
UNIT_CAVALRY,27,flag,ExertsMartialLaw,
UNIT_CAVALRY,28,flag,DeathEffectsHappy,
UNIT_CAVALRY,29,flag,IsFlanker,
UNIT_CAVALRY,30,flag,IsMounted,
UNIT_CAVALRY,31,flag,OnlyBuildOne,
UNIT_CAVALRY,32,kv,SoundSelect1,SOUND_SELECT1_CAVALRY
UNIT_CAVALRY,33,kv,SoundSelect2,SOUND_SELECT2_CAVALRY
UNIT_CAVALRY,34,kv,SoundMove,SOUND_MOVE_CAVALRY
UNIT_CAVALRY,35,kv,SoundAcknowledge,SOUND_ACKNOWLEDGE_CAVALRY
UNIT_CAVALRY,36,kv,SoundCantMove,SOUND_CANTMOVE_CAVALRY
UNIT_CAVALRY,37,kv,SoundAttack,SOUND_ATTACK_CAVALRY
UNIT_CAVALRY,38,kv,SoundWork,SOUND_WORK_CAVALRY
UNIT_CAVALRY,39,kv,SoundVictory,SOUND_VICTORY_CAVALRY
UNIT_CAVALRY,40,kv,SoundDeath,SOUND_DEATH_CAVALRY
UNIT_CAVALRY,41,sublist,CanAttack,Land
UNIT_CAVALRY,42,sublist,CanSee,Standard
UNIT_CAVALRY,43,sublist,MovementType,Land
UNIT_CAVALRY,44,sublist,Size,Medium
UNIT_CAVALRY,45,sublist,VisionClass,Standard
UNIT_CAVALRY,46,nested,CanReform,"[{""t"": ""kv"", ""k"": ""Sound"", ""v"": ""SOUND_ID_REFORM_CITY""}, {""t"": ""kv"", ""k"": ""Effect"", ""v"": ""SPECEFFECT_REFORMCITY""}]"
UNIT_CORPORATE_BRANCH,0,flag,GLHidden,
UNIT_CORPORATE_BRANCH,1,kv,Description,DESCRIPTION_UNIT_CORPORATE_BRANCH
UNIT_CORPORATE_BRANCH,2,kv,DefaultIcon,ICON_UNIT_CORPORATE_BRANCH
UNIT_CORPORATE_BRANCH,3,kv,DefaultSprite,SPRITE_CORPORATE_BRANCH
UNIT_CORPORATE_BRANCH,4,kv,Category,UNIT_CATEGORY_SPECIAL
UNIT_CORPORATE_BRANCH,5,kv,Attack,0
UNIT_CORPORATE_BRANCH,6,kv,Defense,10
UNIT_CORPORATE_BRANCH,7,kv,ZBRangeAttack,0
UNIT_CORPORATE_BRANCH,8,kv,Firepower,1
UNIT_CORPORATE_BRANCH,9,kv,Armor,1
UNIT_CORPORATE_BRANCH,10,kv,MaxHP,10
UNIT_CORPORATE_BRANCH,11,kv,ShieldCost,1750
UNIT_CORPORATE_BRANCH,12,kv,PowerPoints,2000
UNIT_CORPORATE_BRANCH,13,kv,ShieldHunger,17
UNIT_CORPORATE_BRANCH,14,kv,FoodHunger,0
UNIT_CORPORATE_BRANCH,15,kv,MaxMovePoints,300
UNIT_CORPORATE_BRANCH,16,kv,VisionRange,2
UNIT_CORPORATE_BRANCH,17,kv,EnableAdvance,ADVANCE_CORPORATION
UNIT_CORPORATE_BRANCH,18,kv,ActiveDefenseRange,0
UNIT_CORPORATE_BRANCH,19,flag,LossMoveToDmgNone,
UNIT_CORPORATE_BRANCH,20,flag,CanEntrench,
UNIT_CORPORATE_BRANCH,21,kv,MaxFuel,0
UNIT_CORPORATE_BRANCH,22,flag,IgnoreZOC,
UNIT_CORPORATE_BRANCH,23,flag,NoZoc,
UNIT_CORPORATE_BRANCH,24,flag,CanBeSued,
UNIT_CORPORATE_BRANCH,25,flag,CantCaptureCity,
UNIT_CORPORATE_BRANCH,26,flag,DeathEffectsHappy,
UNIT_CORPORATE_BRANCH,27,flag,Advertise,
UNIT_CORPORATE_BRANCH,28,flag,IsSpecialForces,
UNIT_CORPORATE_BRANCH,29,flag,Civilian,
UNIT_CORPORATE_BRANCH,30,flag,OnlyBuildOne,
UNIT_CORPORATE_BRANCH,31,kv,SoundSelect1,SOUND_SELECT1_CORPORATE_BRANCH
UNIT_CORPORATE_BRANCH,32,kv,SoundSelect2,SOUND_SELECT2_CORPORATE_BRANCH
UNIT_CORPORATE_BRANCH,33,kv,SoundMove,SOUND_MOVE_CORPORATE_BRANCH
UNIT_CORPORATE_BRANCH,34,kv,SoundAcknowledge,SOUND_ACKNOWLEDGE_CORPORATE_BRANCH
UNIT_CORPORATE_BRANCH,35,kv,SoundCantMove,SOUND_CANTMOVE_CORPORATE_BRANCH
UNIT_CORPORATE_BRANCH,36,kv,SoundAttack,SOUND_ATTACK_CORPORATE_BRANCH
UNIT_CORPORATE_BRANCH,37,kv,SoundWork,SOUND_WORK_CORPORATE_BRANCH
UNIT_CORPORATE_BRANCH,38,kv,SoundVictory,SOUND_VICTORY_CORPORATE_BRANCH
UNIT_CORPORATE_BRANCH,39,kv,SoundDeath,SOUND_DEATH_CORPORATE_BRANCH
UNIT_CORPORATE_BRANCH,40,sublist,CanSee,Standard
UNIT_CORPORATE_BRANCH,41,sublist,CanSee,Stealth
UNIT_CORPORATE_BRANCH,42,sublist,MovementType,Land
UNIT_CORPORATE_BRANCH,43,sublist,MovementType,Mountain
UNIT_CORPORATE_BRANCH,44,sublist,Size,Small
UNIT_CORPORATE_BRANCH,45,sublist,VisionClass,Stealth
UNIT_CORPORATE_BRANCH,46,nested,CauseUnhappiness,"[{""t"": ""kv"", ""k"": ""Chance"", ""v"": ""1""}, {""t"": ""kv"", ""k"": ""Timer"", ""v"": ""1""}, {""t"": ""kv"", ""k"": ""Amount"", ""v"": ""5""}, {""t"": ""kv"", ""k"": ""Sound"", ""v"": ""SOUND_ID_ADVERTISE""}, {""t"": ""kv"", ""k"": ""Effect"", ""v"": ""SPECEFFECT_ADVERTISE""}]"
UNIT_CORPORATE_BRANCH,47,nested,CreateFranchise,"[{""t"": ""kv"", ""k"": ""Chance"", ""v"": ""0.5""}, {""t"": ""kv"", ""k"": ""Sound"", ""v"": ""SOUND_ID_CREATE_FRANCHISE""}, {""t"": ""kv"", ""k"": ""Effect"", ""v"": ""SPECEFFECT_CREATE_FRANCHISE""}]"
UNIT_CRAWLER,0,flag,GLHidden,
UNIT_CRAWLER,1,kv,Description,DESCRIPTION_UNIT_CRAWLER
UNIT_CRAWLER,2,kv,DefaultIcon,ICON_UNIT_CRAWLER
UNIT_CRAWLER,3,kv,DefaultSprite,SPRITE_CRAWLER
UNIT_CRAWLER,4,kv,Category,UNIT_CATEGORY_UNDERSEA
UNIT_CRAWLER,5,kv,Attack,0
UNIT_CRAWLER,6,kv,Defense,10
UNIT_CRAWLER,7,kv,ZBRangeAttack,0
UNIT_CRAWLER,8,kv,Firepower,1
UNIT_CRAWLER,9,kv,Armor,2
UNIT_CRAWLER,10,kv,MaxHP,20
UNIT_CRAWLER,11,kv,ShieldCost,4500
UNIT_CRAWLER,12,kv,PowerPoints,5000
UNIT_CRAWLER,13,kv,ShieldHunger,45
UNIT_CRAWLER,14,kv,FoodHunger,0
UNIT_CRAWLER,15,kv,MaxMovePoints,1200
UNIT_CRAWLER,16,kv,VisionRange,3
UNIT_CRAWLER,17,kv,EnableAdvance,ADVANCE_ULTRAPRESSURE_MACHINERY
UNIT_CRAWLER,18,kv,ActiveDefenseRange,0
UNIT_CRAWLER,19,flag,LossMoveToDmgNone,
UNIT_CRAWLER,20,kv,MaxFuel,0
UNIT_CRAWLER,21,flag,NoZoc,
UNIT_CRAWLER,22,flag,CantCaptureCity,
UNIT_CRAWLER,23,flag,DeathEffectsHappy,
UNIT_CRAWLER,24,flag,IsSubmarine,
UNIT_CRAWLER,25,flag,Explodes,
UNIT_CRAWLER,26,flag,OnlyBuildOne,
UNIT_CRAWLER,27,kv,SoundSelect1,SOUND_SELECT1_CRAWLER
UNIT_CRAWLER,28,kv,SoundSelect2,SOUND_SELECT2_CRAWLER
UNIT_CRAWLER,29,kv,SoundMove,SOUND_MOVE_CRAWLER
UNIT_CRAWLER,30,kv,SoundAcknowledge,SOUND_ACKNOWLEDGE_CRAWLER
UNIT_CRAWLER,31,kv,SoundCantMove,SOUND_CANTMOVE_CRAWLER
UNIT_CRAWLER,32,kv,SoundAttack,SOUND_ATTACK_CRAWLER
UNIT_CRAWLER,33,kv,SoundWork,SOUND_WORK_CRAWLER
UNIT_CRAWLER,34,kv,SoundVictory,SOUND_VICTORY_CRAWLER
UNIT_CRAWLER,35,kv,SoundDeath,SOUND_DEATH_CRAWLER
UNIT_CRAWLER,36,sublist,CanCarry,MedLand
UNIT_CRAWLER,37,sublist,CanCarry,SmallLand
UNIT_CRAWLER,38,sublist,CanSee,Standard
UNIT_CRAWLER,39,sublist,CanSee,Underwater
UNIT_CRAWLER,40,sublist,MovementType,Sea
UNIT_CRAWLER,41,sublist,MovementType,ShallowWater
UNIT_CRAWLER,42,sublist,Size,Large
UNIT_CRAWLER,43,sublist,VisionClass,Underwater
UNIT_CRAWLER,44,nested,CargoData,"[{""t"": ""kv"", ""k"": ""MaxCargo"", ""v"": ""5""}, {""t"": ""kv"", ""k"": ""Load"", ""v"": ""SOUND_ID_CRAWLER_LOAD""}, {""t"": ""kv"", ""k"": ""Unload"", ""v"": ""SOUND_ID_CRAWLER_UNLOAD""}]"
UNIT_CRUISE_MISSILE,0,flag,GLHidden,
UNIT_CRUISE_MISSILE,1,kv,Description,DESCRIPTION_UNIT_CRUISE_MISSILE
UNIT_CRUISE_MISSILE,2,kv,DefaultIcon,ICON_UNIT_CRUISE_MISSILE
UNIT_CRUISE_MISSILE,3,kv,DefaultSprite,SPRITE_CRUISE_MISSILE
UNIT_CRUISE_MISSILE,4,kv,Category,UNIT_CATEGORY_AERIAL
UNIT_CRUISE_MISSILE,5,kv,Attack,65
UNIT_CRUISE_MISSILE,6,kv,Defense,10
UNIT_CRUISE_MISSILE,7,kv,ZBRangeAttack,60
UNIT_CRUISE_MISSILE,8,kv,Firepower,1
UNIT_CRUISE_MISSILE,9,kv,Armor,1
UNIT_CRUISE_MISSILE,10,kv,MaxHP,10
UNIT_CRUISE_MISSILE,11,kv,ShieldCost,2100
UNIT_CRUISE_MISSILE,12,kv,PowerPoints,100
UNIT_CRUISE_MISSILE,13,kv,ShieldHunger,21
UNIT_CRUISE_MISSILE,14,kv,FoodHunger,0
UNIT_CRUISE_MISSILE,15,kv,MaxMovePoints,1000
UNIT_CRUISE_MISSILE,16,kv,VisionRange,2
UNIT_CRUISE_MISSILE,17,kv,EnableAdvance,ADVANCE_GUIDED_WEAPON_SYSTEMS
UNIT_CRUISE_MISSILE,18,kv,BombRounds,10
UNIT_CRUISE_MISSILE,19,kv,BombardRange,1
UNIT_CRUISE_MISSILE,20,kv,ActiveDefenseRange,0
UNIT_CRUISE_MISSILE,21,flag,LossMoveToDmgNone,
UNIT_CRUISE_MISSILE,22,flag,NoFuelThenCrash,
UNIT_CRUISE_MISSILE,23,kv,MaxFuel,1000
UNIT_CRUISE_MISSILE,24,flag,IgnoreZOC,
UNIT_CRUISE_MISSILE,25,flag,NoZoc,
UNIT_CRUISE_MISSILE,26,flag,CanBeachAssault,
UNIT_CRUISE_MISSILE,27,flag,CantCaptureCity,
UNIT_CRUISE_MISSILE,28,flag,SingleUse,
UNIT_CRUISE_MISSILE,29,flag,Explodes,
UNIT_CRUISE_MISSILE,30,flag,OnlyBuildOne,
UNIT_CRUISE_MISSILE,31,kv,SoundSelect1,SOUND_SELECT1_CRUISE_MISSILE
UNIT_CRUISE_MISSILE,32,kv,SoundSelect2,SOUND_SELECT2_CRUISE_MISSILE
UNIT_CRUISE_MISSILE,33,kv,SoundMove,SOUND_MOVE_CRUISE_MISSILE
UNIT_CRUISE_MISSILE,34,kv,SoundAcknowledge,SOUND_ACKNOWLEDGE_CRUISE_MISSILE
UNIT_CRUISE_MISSILE,35,kv,SoundCantMove,SOUND_CANTMOVE_CRUISE_MISSILE
UNIT_CRUISE_MISSILE,36,kv,SoundAttack,SOUND_ATTACK_CRUISE_MISSILE
UNIT_CRUISE_MISSILE,37,kv,SoundWork,SOUND_WORK_CRUISE_MISSILE
UNIT_CRUISE_MISSILE,38,kv,SoundVictory,SOUND_VICTORY_CRUISE_MISSILE
UNIT_CRUISE_MISSILE,39,kv,SoundDeath,SOUND_DEATH_CRUISE_MISSILE
UNIT_CRUISE_MISSILE,40,sublist,CanAttack,Land
UNIT_CRUISE_MISSILE,41,sublist,CanAttack,Mountain
UNIT_CRUISE_MISSILE,42,sublist,CanAttack,Air
UNIT_CRUISE_MISSILE,43,sublist,CanAttack,Sea
UNIT_CRUISE_MISSILE,44,sublist,CanAttack,ShallowWater
UNIT_CRUISE_MISSILE,45,sublist,CanSee,Standard
UNIT_CRUISE_MISSILE,46,sublist,MovementType,Air
UNIT_CRUISE_MISSILE,47,sublist,Size,Small
UNIT_CRUISE_MISSILE,48,sublist,VisionClass,Standard
UNIT_CYBER_NINJA,0,flag,GLHidden,
UNIT_CYBER_NINJA,1,kv,Description,DESCRIPTION_UNIT_CYBER_NINJA
UNIT_CYBER_NINJA,2,kv,DefaultIcon,ICON_UNIT_CYBER_NINJA
UNIT_CYBER_NINJA,3,kv,DefaultSprite,SPRITE_CYBER_NINJA
UNIT_CYBER_NINJA,4,kv,Category,UNIT_CATEGORY_SPECIAL
UNIT_CYBER_NINJA,5,kv,Attack,0
UNIT_CYBER_NINJA,6,kv,Defense,10
UNIT_CYBER_NINJA,7,kv,ZBRangeAttack,0
UNIT_CYBER_NINJA,8,kv,Firepower,1
UNIT_CYBER_NINJA,9,kv,Armor,1
UNIT_CYBER_NINJA,10,kv,MaxHP,15
UNIT_CYBER_NINJA,11,kv,ShieldCost,3000
UNIT_CYBER_NINJA,12,kv,PowerPoints,2500
UNIT_CYBER_NINJA,13,kv,ShieldHunger,30
UNIT_CYBER_NINJA,14,kv,FoodHunger,0
UNIT_CYBER_NINJA,15,kv,MaxMovePoints,400
UNIT_CYBER_NINJA,16,kv,VisionRange,3
UNIT_CYBER_NINJA,17,kv,EnableAdvance,ADVANCE_NEURAL_INTERFACE
UNIT_CYBER_NINJA,18,kv,ActiveDefenseRange,0
UNIT_CYBER_NINJA,19,flag,LossMoveToDmgNone,
UNIT_CYBER_NINJA,20,kv,MaxFuel,0
UNIT_CYBER_NINJA,21,flag,CanEntrench,
UNIT_CYBER_NINJA,22,flag,IgnoreZOC,
UNIT_CYBER_NINJA,23,flag,NoZoc,
UNIT_CYBER_NINJA,24,flag,CanBeExpelled,
UNIT_CYBER_NINJA,25,flag,CantCaptureCity,
UNIT_CYBER_NINJA,26,flag,IsSpecialForces,
UNIT_CYBER_NINJA,27,kv,DefendAgainstSpies,0.5
UNIT_CYBER_NINJA,28,flag,OnlyBuildOne,
UNIT_CYBER_NINJA,29,kv,SoundSelect1,SOUND_SELECT1_CYBER_NINJA
UNIT_CYBER_NINJA,30,kv,SoundSelect2,SOUND_SELECT2_CYBER_NINJA
UNIT_CYBER_NINJA,31,kv,SoundMove,SOUND_MOVE_CYBER_NINJA
UNIT_CYBER_NINJA,32,kv,SoundAcknowledge,SOUND_ACKNOWLEDGE_CYBER_NINJA
UNIT_CYBER_NINJA,33,kv,SoundCantMove,SOUND_CANTMOVE_CYBER_NINJA
UNIT_CYBER_NINJA,34,kv,SoundAttack,SOUND_ATTACK_CYBER_NINJA
UNIT_CYBER_NINJA,35,kv,SoundWork,SOUND_WORK_CYBER_NINJA
UNIT_CYBER_NINJA,36,kv,SoundVictory,SOUND_VICTORY_CYBER_NINJA
UNIT_CYBER_NINJA,37,kv,SoundDeath,SOUND_DEATH_CYBER_NINJA
UNIT_CYBER_NINJA,38,sublist,CanAttack,Land
UNIT_CYBER_NINJA,39,sublist,CanAttack,Mountain
UNIT_CYBER_NINJA,40,sublist,CanSee,Standard
UNIT_CYBER_NINJA,41,sublist,CanSee,Stealth
UNIT_CYBER_NINJA,42,sublist,MovementType,Land
UNIT_CYBER_NINJA,43,sublist,MovementType,Mountain
UNIT_CYBER_NINJA,44,sublist,Size,Small
UNIT_CYBER_NINJA,45,sublist,VisionClass,Stealth
UNIT_CYBER_NINJA,46,nested,InciteRevolution,"[{""t"": ""kv"", ""k"": ""Chance"", ""v"": ""0.35""}, {""t"": ""kv"", ""k"": ""EliteChance"", ""v"": ""0.5""}, {""t"": ""kv"", ""k"": ""DeathChance"", ""v"": ""0.25""}, {""t"": ""kv"", ""k"": ""Sound"", ""v"": ""SOUND_ID_INCITE_REVOLUTION_CN""}, {""t"": ""kv"", ""k"": ""Effect"", ""v"": ""SPECEFFECT_INCITE_REVOLUTION""}]"
UNIT_CYBER_NINJA,47,nested,InvestigateCity,"[{""t"": ""kv"", ""k"": ""Chance"", ""v"": ""0.85""}, {""t"": ""kv"", ""k"": ""EliteChance"", ""v"": ""0.9""}, {""t"": ""kv"", ""k"": ""DeathChance"", ""v"": ""0.25""}]"
UNIT_CYBER_NINJA,48,nested,PlantNuke,"[{""t"": ""kv"", ""k"": ""Chance"", ""v"": ""0.35""}, {""t"": ""kv"", ""k"": ""EscapeChance"", ""v"": ""0.5""}, {""t"": ""kv"", ""k"": ""Sound"", ""v"": ""SOUND_ID_PLANT_NUKE_CN""}, {""t"": ""kv"", ""k"": ""Effect"", ""v"": ""SPECEFFECT_PLANT_NUKE""}]"
UNIT_CYBER_NINJA,49,nested,StealTechnology,"[{""t"": ""kv"", ""k"": ""RandomChance"", ""v"": ""0.6""}, {""t"": ""kv"", ""k"": ""SpecificChance"", ""v"": ""0.25""}, {""t"": ""kv"", ""k"": ""DeathChance"", ""v"": ""0.25""}, {""t"": ""kv"", ""k"": ""Sound"", ""v"": ""SOUND_ID_STEAL_TECHNOLOGY_CN""}, {""t"": ""kv"", ""k"": ""Effect"", ""v"": ""SPECEFFECT_STEAL_TECHNOLOGY""}]"
UNIT_DESTROYER,0,flag,GLHidden,
UNIT_DESTROYER,1,kv,Description,DESCRIPTION_UNIT_DESTROYER
UNIT_DESTROYER,2,kv,DefaultIcon,ICON_UNIT_DESTROYER
UNIT_DESTROYER,3,kv,DefaultSprite,SPRITE_DESTROYER
UNIT_DESTROYER,4,kv,Category,UNIT_CATEGORY_NAVAL
UNIT_DESTROYER,5,kv,Attack,55
UNIT_DESTROYER,6,kv,Defense,45
UNIT_DESTROYER,7,kv,ZBRangeAttack,50
UNIT_DESTROYER,8,kv,Firepower,4
UNIT_DESTROYER,9,kv,Armor,2
UNIT_DESTROYER,10,kv,MaxHP,20
UNIT_DESTROYER,11,kv,ShieldCost,2500
UNIT_DESTROYER,12,kv,PowerPoints,1000
UNIT_DESTROYER,13,kv,ShieldHunger,25
UNIT_DESTROYER,14,kv,FoodHunger,0
UNIT_DESTROYER,15,kv,MaxMovePoints,1600
UNIT_DESTROYER,16,kv,VisionRange,3
UNIT_DESTROYER,17,kv,EnableAdvance,ADVANCE_MASS_PRODUCTION
UNIT_DESTROYER,18,kv,ObsoleteAdvance,ADVANCE_PLASMA_WEAPONRY
UNIT_DESTROYER,19,kv,BombRounds,5
UNIT_DESTROYER,20,kv,BombardRange,1
UNIT_DESTROYER,21,flag,CanCounterBombard,
UNIT_DESTROYER,22,kv,ActiveDefenseRange,1
UNIT_DESTROYER,23,flag,LossMoveToDmgNone,
UNIT_DESTROYER,24,kv,MaxFuel,0
UNIT_DESTROYER,25,flag,CanExpel,
UNIT_DESTROYER,26,flag,NoZoc,
UNIT_DESTROYER,27,flag,CanPillage,
UNIT_DESTROYER,28,flag,CanPirate,
UNIT_DESTROYER,29,flag,CantCaptureCity,
UNIT_DESTROYER,30,flag,ExertsMartialLaw,
UNIT_DESTROYER,31,flag,DeathEffectsHappy,
UNIT_DESTROYER,32,flag,IsFlanker,
UNIT_DESTROYER,33,flag,Explodes,
UNIT_DESTROYER,34,flag,OnlyBuildOne,
UNIT_DESTROYER,35,kv,SoundSelect1,SOUND_SELECT1_DESTROYER
UNIT_DESTROYER,36,kv,SoundSelect2,SOUND_SELECT2_DESTROYER
UNIT_DESTROYER,37,kv,SoundMove,SOUND_MOVE_DESTROYER
UNIT_DESTROYER,38,kv,SoundAcknowledge,SOUND_ACKNOWLEDGE_DESTROYER
UNIT_DESTROYER,39,kv,SoundCantMove,SOUND_CANTMOVE_DESTROYER
UNIT_DESTROYER,40,kv,SoundAttack,SOUND_ATTACK_DESTROYER
UNIT_DESTROYER,41,kv,SoundWork,SOUND_WORK_DESTROYER
UNIT_DESTROYER,42,kv,SoundVictory,SOUND_VICTORY_DESTROYER
UNIT_DESTROYER,43,kv,SoundDeath,SOUND_DEATH_DESTROYER
UNIT_DESTROYER,44,sublist,CanAttack,Air
UNIT_DESTROYER,45,sublist,CanAttack,Sea
UNIT_DESTROYER,46,sublist,CanAttack,ShallowWater
UNIT_DESTROYER,47,sublist,CanBombard,Land
UNIT_DESTROYER,48,sublist,CanBombard,Mountain
UNIT_DESTROYER,49,sublist,CanBombard,Air
UNIT_DESTROYER,50,sublist,CanBombard,Water
UNIT_DESTROYER,51,sublist,CanSee,Standard
UNIT_DESTROYER,52,sublist,MovementType,Sea
UNIT_DESTROYER,53,sublist,MovementType,ShallowWater
UNIT_DESTROYER,54,sublist,Size,Large
UNIT_DESTROYER,55,sublist,VisionClass,Standard
UNIT_DESTROYER,56,nested,CanReform,"[{""t"": ""kv"", ""k"": ""Sound"", ""v"": ""SOUND_ID_REFORM_CITY""}, {""t"": ""kv"", ""k"": ""Effect"", ""v"": ""SPECEFFECT_REFORMCITY""}]"
UNIT_DREADNAUGHT,0,flag,GLHidden,
UNIT_DREADNAUGHT,1,kv,Description,DESCRIPTION_UNIT_DREADNAUGHT
UNIT_DREADNAUGHT,2,kv,DefaultIcon,ICON_UNIT_DREADNAUGHT
UNIT_DREADNAUGHT,3,kv,DefaultSprite,SPRITE_DREADNAUGHT
UNIT_DREADNAUGHT,4,kv,Category,UNIT_CATEGORY_UNDERSEA
UNIT_DREADNAUGHT,5,kv,Attack,100
UNIT_DREADNAUGHT,6,kv,Defense,85
UNIT_DREADNAUGHT,7,kv,ZBRangeAttack,100
UNIT_DREADNAUGHT,8,kv,Firepower,6
UNIT_DREADNAUGHT,9,kv,Armor,5
UNIT_DREADNAUGHT,10,kv,MaxHP,25
UNIT_DREADNAUGHT,11,kv,ShieldCost,7000
UNIT_DREADNAUGHT,12,kv,PowerPoints,100
UNIT_DREADNAUGHT,13,kv,ShieldHunger,70
UNIT_DREADNAUGHT,14,kv,FoodHunger,0
UNIT_DREADNAUGHT,15,kv,MaxMovePoints,1200
UNIT_DREADNAUGHT,16,kv,VisionRange,4
UNIT_DREADNAUGHT,17,kv,EnableAdvance,ADVANCE_SMART_MATERIALS
UNIT_DREADNAUGHT,18,kv,ActiveDefenseRange,0
UNIT_DREADNAUGHT,19,flag,LossMoveToDmgNone,
UNIT_DREADNAUGHT,20,kv,MaxFuel,0
UNIT_DREADNAUGHT,21,flag,CanExpel,
UNIT_DREADNAUGHT,22,flag,NoZoc,
UNIT_DREADNAUGHT,23,flag,CanPillage,
UNIT_DREADNAUGHT,24,flag,CanPirate,
UNIT_DREADNAUGHT,25,flag,DeathEffectsHappy,
UNIT_DREADNAUGHT,26,flag,IsSubmarine,
UNIT_DREADNAUGHT,27,flag,Explodes,
UNIT_DREADNAUGHT,28,flag,OnlyBuildOne,
UNIT_DREADNAUGHT,29,kv,SoundSelect1,SOUND_SELECT1_DREADNAUGHT
UNIT_DREADNAUGHT,30,kv,SoundSelect2,SOUND_SELECT2_DREADNAUGHT
UNIT_DREADNAUGHT,31,kv,SoundMove,SOUND_MOVE_DREADNAUGHT
UNIT_DREADNAUGHT,32,kv,SoundAcknowledge,SOUND_ACKNOWLEDGE_DREADNAUGHT
UNIT_DREADNAUGHT,33,kv,SoundCantMove,SOUND_CANTMOVE_DREADNAUGHT
UNIT_DREADNAUGHT,34,kv,SoundAttack,SOUND_ATTACK_DREADNAUGHT
UNIT_DREADNAUGHT,35,kv,SoundWork,SOUND_WORK_DREADNAUGHT
UNIT_DREADNAUGHT,36,kv,SoundVictory,SOUND_VICTORY_DREADNAUGHT
UNIT_DREADNAUGHT,37,kv,SoundDeath,SOUND_DEATH_DREADNAUGHT
UNIT_DREADNAUGHT,38,sublist,CanAttack,Sea
UNIT_DREADNAUGHT,39,sublist,CanAttack,Underwater
UNIT_DREADNAUGHT,40,sublist,CanAttack,ShallowWater
UNIT_DREADNAUGHT,41,sublist,CanSee,Standard
UNIT_DREADNAUGHT,42,sublist,CanSee,Underwater
UNIT_DREADNAUGHT,43,sublist,MovementType,Sea
UNIT_DREADNAUGHT,44,sublist,MovementType,ShallowWater
UNIT_DREADNAUGHT,45,sublist,Size,Large
UNIT_DREADNAUGHT,46,sublist,VisionClass,Underwater
UNIT_DREADNAUGHT,47,nested,CanReform,"[{""t"": ""kv"", ""k"": ""Sound"", ""v"": ""SOUND_ID_REFORM_CITY""}, {""t"": ""kv"", ""k"": ""Effect"", ""v"": ""SPECEFFECT_REFORMCITY""}]"
UNIT_ECO_RANGER,0,flag,GLHidden,
UNIT_ECO_RANGER,1,kv,Description,DESCRIPTION_UNIT_ECO_RANGER
UNIT_ECO_RANGER,2,kv,DefaultIcon,ICON_UNIT_ECO_RANGER
UNIT_ECO_RANGER,3,kv,DefaultSprite,SPRITE_ECO_RANGER
UNIT_ECO_RANGER,4,kv,Category,UNIT_CATEGORY_SPECIAL
UNIT_ECO_RANGER,5,kv,Attack,0
UNIT_ECO_RANGER,6,kv,Defense,10
UNIT_ECO_RANGER,7,kv,ZBRangeAttack,0
UNIT_ECO_RANGER,8,kv,Firepower,1
UNIT_ECO_RANGER,9,kv,Armor,1
UNIT_ECO_RANGER,10,kv,MaxHP,15
UNIT_ECO_RANGER,11,kv,ShieldCost,4500
UNIT_ECO_RANGER,12,kv,PowerPoints,100
UNIT_ECO_RANGER,13,kv,ShieldHunger,45
UNIT_ECO_RANGER,14,kv,FoodHunger,0
UNIT_ECO_RANGER,15,kv,MaxMovePoints,300
UNIT_ECO_RANGER,16,kv,VisionRange,3
UNIT_ECO_RANGER,17,kv,EnableAdvance,ADVANCE_ECOTOPIA
UNIT_ECO_RANGER,18,kv,GovernmentType,GOVERNMENT_ECOTOPIA
UNIT_ECO_RANGER,19,kv,ActiveDefenseRange,0
UNIT_ECO_RANGER,20,flag,LossMoveToDmgNone,
UNIT_ECO_RANGER,21,kv,MaxFuel,0
UNIT_ECO_RANGER,22,flag,CanEntrench,
UNIT_ECO_RANGER,23,flag,IgnoreZOC,
UNIT_ECO_RANGER,24,flag,NoZoc,
UNIT_ECO_RANGER,25,flag,CanBeExpelled,
UNIT_ECO_RANGER,26,flag,CantCaptureCity,
UNIT_ECO_RANGER,27,flag,DeathEffectsHappy,
UNIT_ECO_RANGER,28,flag,IsSpecialForces,
UNIT_ECO_RANGER,29,flag,OnlyBuildOne,
UNIT_ECO_RANGER,30,kv,SoundSelect1,SOUND_SELECT1_ECO_RANGER
UNIT_ECO_RANGER,31,kv,SoundSelect2,SOUND_SELECT2_ECO_RANGER
UNIT_ECO_RANGER,32,kv,SoundMove,SOUND_MOVE_ECO_RANGER
UNIT_ECO_RANGER,33,kv,SoundAcknowledge,SOUND_ACKNOWLEDGE_ECO_RANGER
UNIT_ECO_RANGER,34,kv,SoundCantMove,SOUND_CANTMOVE_ECO_RANGER
UNIT_ECO_RANGER,35,kv,SoundAttack,SOUND_ATTACK_ECO_RANGER
UNIT_ECO_RANGER,36,kv,SoundWork,SOUND_WORK_ECO_RANGER
UNIT_ECO_RANGER,37,kv,SoundVictory,SOUND_VICTORY_ECO_RANGER
UNIT_ECO_RANGER,38,kv,SoundDeath,SOUND_DEATH_ECO_RANGER
UNIT_ECO_RANGER,39,sublist,CanSee,Standard
UNIT_ECO_RANGER,40,sublist,MovementType,Land
UNIT_ECO_RANGER,41,sublist,MovementType,Mountain
UNIT_ECO_RANGER,42,sublist,Size,Small
UNIT_ECO_RANGER,43,sublist,VisionClass,Standard
UNIT_ECO_RANGER,44,nested,CreateParks,"[{""t"": ""kv"", ""k"": ""Sound"", ""v"": ""SOUND_ID_CREATE_PARKS""}, {""t"": ""kv"", ""k"": ""Effect"", ""v"": ""SPECEFFECT_CREATE_PARKS""}]"
UNIT_ECO_TERRORIST,0,flag,GLHidden,
UNIT_ECO_TERRORIST,1,kv,Description,DESCRIPTION_UNIT_ECO_TERRORIST
UNIT_ECO_TERRORIST,2,kv,DefaultIcon,ICON_UNIT_ECO_TERRORIST
UNIT_ECO_TERRORIST,3,kv,DefaultSprite,SPRITE_ECO_TERRORIST
UNIT_ECO_TERRORIST,4,kv,Category,UNIT_CATEGORY_SPECIAL
UNIT_ECO_TERRORIST,5,kv,Attack,0
UNIT_ECO_TERRORIST,6,kv,Defense,10
UNIT_ECO_TERRORIST,7,kv,ZBRangeAttack,0
UNIT_ECO_TERRORIST,8,kv,Firepower,1
UNIT_ECO_TERRORIST,9,kv,Armor,1
UNIT_ECO_TERRORIST,10,kv,MaxHP,15
UNIT_ECO_TERRORIST,11,kv,ShieldCost,4000
UNIT_ECO_TERRORIST,12,kv,PowerPoints,5000
UNIT_ECO_TERRORIST,13,kv,ShieldHunger,40
UNIT_ECO_TERRORIST,14,kv,FoodHunger,0
UNIT_ECO_TERRORIST,15,kv,MaxMovePoints,400
UNIT_ECO_TERRORIST,16,kv,VisionRange,2
UNIT_ECO_TERRORIST,17,kv,EnableAdvance,ADVANCE_ECOTOPIA
UNIT_ECO_TERRORIST,18,kv,GovernmentType,GOVERNMENT_ECOTOPIA
UNIT_ECO_TERRORIST,19,kv,ActiveDefenseRange,0
UNIT_ECO_TERRORIST,20,flag,LossMoveToDmgNone,
UNIT_ECO_TERRORIST,21,kv,MaxFuel,0
UNIT_ECO_TERRORIST,22,flag,CanEntrench,
UNIT_ECO_TERRORIST,23,flag,IgnoreZOC,
UNIT_ECO_TERRORIST,24,flag,NoZoc,
UNIT_ECO_TERRORIST,25,flag,CanBeExpelled,
UNIT_ECO_TERRORIST,26,flag,CantCaptureCity,
UNIT_ECO_TERRORIST,27,flag,DeathEffectsHappy,
UNIT_ECO_TERRORIST,28,flag,IsSpecialForces,
UNIT_ECO_TERRORIST,29,flag,OnlyBuildOne,
UNIT_ECO_TERRORIST,30,kv,SoundSelect1,SOUND_SELECT1_ECOTERRORIST
UNIT_ECO_TERRORIST,31,kv,SoundSelect2,SOUND_SELECT2_ECOTERRORIST
UNIT_ECO_TERRORIST,32,kv,SoundMove,SOUND_MOVE_ECOTERRORIST
UNIT_ECO_TERRORIST,33,kv,SoundAcknowledge,SOUND_ACKNOWLEDGE_ECOTERRORIST
UNIT_ECO_TERRORIST,34,kv,SoundCantMove,SOUND_CANTMOVE_ECOTERRORIST
UNIT_ECO_TERRORIST,35,kv,SoundAttack,SOUND_ATTACK_ECOTERRORIST
UNIT_ECO_TERRORIST,36,kv,SoundWork,SOUND_WORK_ECOTERRORIST
UNIT_ECO_TERRORIST,37,kv,SoundVictory,SOUND_VICTORY_ECOTERRORIST
UNIT_ECO_TERRORIST,38,kv,SoundDeath,SOUND_DEATH_ECOTERRORIST
UNIT_ECO_TERRORIST,39,sublist,CanSee,Standard
UNIT_ECO_TERRORIST,40,sublist,CanSee,Stealth
UNIT_ECO_TERRORIST,41,sublist,MovementType,Land
UNIT_ECO_TERRORIST,42,sublist,MovementType,Mountain
UNIT_ECO_TERRORIST,43,sublist,Size,Small
UNIT_ECO_TERRORIST,44,sublist,VisionClass,Stealth
UNIT_ECO_TERRORIST,45,nested,AssasinateRuler,"[{""t"": ""kv"", ""k"": ""Chance"", ""v"": ""0.5""}, {""t"": ""kv"", ""k"": ""EliteChance"", ""v"": ""0.7""}, {""t"": ""kv"", ""k"": ""DeathChance"", ""v"": ""0.3""}]"
UNIT_ECO_TERRORIST,46,nested,NanoTerror,"[{""t"": ""kv"", ""k"": ""Chance"", ""v"": ""0.5""}, {""t"": ""kv"", ""k"": ""Sound"", ""v"": ""SOUND_ID_NANO_TERROR""}, {""t"": ""kv"", ""k"": ""Effect"", ""v"": ""SPECEFFECT_NANO""}]"
UNIT_EMPATHIC_DIPLOMAT,0,flag,GLHidden,
UNIT_EMPATHIC_DIPLOMAT,1,kv,Description,DESCRIPTION_UNIT_EMPATHIC_DIPLOMAT
UNIT_EMPATHIC_DIPLOMAT,2,kv,DefaultIcon,ICON_UNIT_EMPATHIC_DIPLOMAT
UNIT_EMPATHIC_DIPLOMAT,3,kv,DefaultSprite,SPRITE_EMPATHIC_DIPLOMAT
UNIT_EMPATHIC_DIPLOMAT,4,kv,Category,UNIT_CATEGORY_SPECIAL
UNIT_EMPATHIC_DIPLOMAT,5,kv,Attack,0
UNIT_EMPATHIC_DIPLOMAT,6,kv,Defense,10
UNIT_EMPATHIC_DIPLOMAT,7,kv,ZBRangeAttack,0
UNIT_EMPATHIC_DIPLOMAT,8,kv,Firepower,1
UNIT_EMPATHIC_DIPLOMAT,9,kv,Armor,1
UNIT_EMPATHIC_DIPLOMAT,10,kv,MaxHP,10
UNIT_EMPATHIC_DIPLOMAT,11,kv,ShieldCost,1750
UNIT_EMPATHIC_DIPLOMAT,12,kv,PowerPoints,100
UNIT_EMPATHIC_DIPLOMAT,13,kv,ShieldHunger,17
UNIT_EMPATHIC_DIPLOMAT,14,kv,FoodHunger,0
UNIT_EMPATHIC_DIPLOMAT,15,kv,MaxMovePoints,300
UNIT_EMPATHIC_DIPLOMAT,16,kv,VisionRange,2
UNIT_EMPATHIC_DIPLOMAT,17,kv,EnableAdvance,ADVANCE_EUGENICS
UNIT_EMPATHIC_DIPLOMAT,18,kv,ActiveDefenseRange,0
UNIT_EMPATHIC_DIPLOMAT,19,flag,LossMoveToDmgNone,
UNIT_EMPATHIC_DIPLOMAT,20,kv,MaxFuel,0
UNIT_EMPATHIC_DIPLOMAT,21,flag,CanEntrench,
UNIT_EMPATHIC_DIPLOMAT,22,flag,IgnoreZOC,
UNIT_EMPATHIC_DIPLOMAT,23,flag,NoZoc,
UNIT_EMPATHIC_DIPLOMAT,24,flag,CanBeExpelled,
UNIT_EMPATHIC_DIPLOMAT,25,flag,CantCaptureCity,
UNIT_EMPATHIC_DIPLOMAT,26,flag,EstablishEmbassy,
UNIT_EMPATHIC_DIPLOMAT,27,flag,ThrowParty,
UNIT_EMPATHIC_DIPLOMAT,28,flag,DeathEffectsHappy,
UNIT_EMPATHIC_DIPLOMAT,29,flag,IsSpecialForces,
UNIT_EMPATHIC_DIPLOMAT,30,flag,Civilian,
UNIT_EMPATHIC_DIPLOMAT,31,flag,OnlyBuildOne,
UNIT_EMPATHIC_DIPLOMAT,32,kv,SoundSelect1,SOUND_SELECT1_EMPATHIC_DIPLOMAT
UNIT_EMPATHIC_DIPLOMAT,33,kv,SoundSelect2,SOUND_SELECT2_EMPATHIC_DIPLOMAT
UNIT_EMPATHIC_DIPLOMAT,34,kv,SoundMove,SOUND_MOVE_EMPATHIC_DIPLOMAT
UNIT_EMPATHIC_DIPLOMAT,35,kv,SoundAcknowledge,SOUND_ACKNOWLEDGE_EMPATHIC_DIPLOMAT
UNIT_EMPATHIC_DIPLOMAT,36,kv,SoundCantMove,SOUND_CANTMOVE_EMPATHIC_DIPLOMAT
UNIT_EMPATHIC_DIPLOMAT,37,kv,SoundAttack,SOUND_ATTACK_EMPATHIC_DIPLOMAT
UNIT_EMPATHIC_DIPLOMAT,38,kv,SoundWork,SOUND_WORK_EMPATHIC_DIPLOMAT
UNIT_EMPATHIC_DIPLOMAT,39,kv,SoundVictory,SOUND_VICTORY_EMPATHIC_DIPLOMAT
UNIT_EMPATHIC_DIPLOMAT,40,kv,SoundDeath,SOUND_DEATH_EMPATHIC_DIPLOMAT
UNIT_EMPATHIC_DIPLOMAT,41,sublist,CanSee,Standard
UNIT_EMPATHIC_DIPLOMAT,42,sublist,CanSee,Stealth
UNIT_EMPATHIC_DIPLOMAT,43,sublist,MovementType,Land
UNIT_EMPATHIC_DIPLOMAT,44,sublist,MovementType,Mountain
UNIT_EMPATHIC_DIPLOMAT,45,sublist,Size,Small
UNIT_EMPATHIC_DIPLOMAT,46,sublist,VisionClass,Standard
UNIT_EMPATHIC_DIPLOMAT,47,nested,InvestigateCity,"[{""t"": ""kv"", ""k"": ""Chance"", ""v"": ""0.6""}, {""t"": ""kv"", ""k"": ""EliteChance"", ""v"": ""0.7""}, {""t"": ""kv"", ""k"": ""DeathChance"", ""v"": ""0.2""}]"
UNIT_EMPATHIC_DIPLOMAT,48,nested,PlantNuke,"[{""t"": ""kv"", ""k"": ""Chance"", ""v"": ""0.25""}, {""t"": ""kv"", ""k"": ""EscapeChance"", ""v"": ""0.4""}, {""t"": ""kv"", ""k"": ""Sound"", ""v"": ""SOUND_ID_PLANT_NUKE_SP""}, {""t"": ""kv"", ""k"": ""Effect"", ""v"": ""SPECEFFECT_PLANT_NUKE""}]"
UNIT_FASCIST,0,flag,GLHidden,
UNIT_FASCIST,1,kv,Description,DESCRIPTION_UNIT_FASCIST
UNIT_FASCIST,2,kv,DefaultIcon,ICON_UNIT_FASCIST
UNIT_FASCIST,3,kv,DefaultSprite,SPRITE_FASCIST
UNIT_FASCIST,4,kv,Category,UNIT_CATEGORY_ATTACK
UNIT_FASCIST,5,kv,Attack,65
UNIT_FASCIST,6,kv,Defense,45
UNIT_FASCIST,7,kv,ZBRangeAttack,45
UNIT_FASCIST,8,kv,Firepower,3
UNIT_FASCIST,9,kv,Armor,1
UNIT_FASCIST,10,kv,MaxHP,23
UNIT_FASCIST,11,kv,ShieldCost,1200
UNIT_FASCIST,12,kv,PowerPoints,1000
UNIT_FASCIST,13,kv,ShieldHunger,12
UNIT_FASCIST,14,kv,FoodHunger,0
UNIT_FASCIST,15,kv,MaxMovePoints,200
UNIT_FASCIST,16,kv,VisionRange,3
UNIT_FASCIST,17,kv,EnableAdvance,ADVANCE_FASCISM
UNIT_FASCIST,18,kv,GovernmentType,GOVERNMENT_FASCISM
UNIT_FASCIST,19,kv,ActiveDefenseRange,0
UNIT_FASCIST,20,flag,LossMoveToDmgNone,
UNIT_FASCIST,21,kv,MaxFuel,0
UNIT_FASCIST,22,flag,CanEntrench,
UNIT_FASCIST,23,flag,NoZoc,
UNIT_FASCIST,24,flag,CanExpel,
UNIT_FASCIST,25,flag,CanPillage,
UNIT_FASCIST,26,flag,CanPirate,
UNIT_FASCIST,27,flag,ExertsMartialLaw,
UNIT_FASCIST,28,flag,DeathEffectsHappy,
UNIT_FASCIST,29,flag,IsSpecialForces,
UNIT_FASCIST,30,kv,DefendAgainstSpies,0.25
UNIT_FASCIST,31,flag,OnlyBuildOne,
UNIT_FASCIST,32,kv,SoundSelect1,SOUND_SELECT1_FASCIST
UNIT_FASCIST,33,kv,SoundSelect2,SOUND_SELECT2_FASCIST
UNIT_FASCIST,34,kv,SoundMove,SOUND_MOVE_FASCIST
UNIT_FASCIST,35,kv,SoundAcknowledge,SOUND_ACKNOWLEDGE_FASCIST
UNIT_FASCIST,36,kv,SoundCantMove,SOUND_CANTMOVE_FASCIST
UNIT_FASCIST,37,kv,SoundAttack,SOUND_ATTACK_FASCIST
UNIT_FASCIST,38,kv,SoundWork,SOUND_WORK_FASCIST
UNIT_FASCIST,39,kv,SoundVictory,SOUND_VICTORY_FASCIST
UNIT_FASCIST,40,kv,SoundDeath,SOUND_DEATH_FASCIST
UNIT_FASCIST,41,sublist,CanAttack,Land
UNIT_FASCIST,42,sublist,CanAttack,Mountain
UNIT_FASCIST,43,sublist,CanSee,Standard
UNIT_FASCIST,44,sublist,MovementType,Land
UNIT_FASCIST,45,sublist,MovementType,Mountain
UNIT_FASCIST,46,sublist,Size,Medium
UNIT_FASCIST,47,sublist,VisionClass,Standard
UNIT_FASCIST,48,nested,CanReform,"[{""t"": ""kv"", ""k"": ""Sound"", ""v"": ""SOUND_ID_REFORM_CITY""}, {""t"": ""kv"", ""k"": ""Effect"", ""v"": ""SPECEFFECT_REFORMCITY""}]"
UNIT_FIGHTER,0,flag,GLHidden,
UNIT_FIGHTER,1,kv,Description,DESCRIPTION_UNIT_FIGHTER
UNIT_FIGHTER,2,kv,DefaultIcon,ICON_UNIT_FIGHTER
UNIT_FIGHTER,3,kv,DefaultSprite,SPRITE_FIGHTER
UNIT_FIGHTER,4,kv,Category,UNIT_CATEGORY_AERIAL
UNIT_FIGHTER,5,kv,Attack,50
UNIT_FIGHTER,6,kv,Defense,45
UNIT_FIGHTER,7,kv,ZBRangeAttack,50
UNIT_FIGHTER,8,kv,Firepower,3
UNIT_FIGHTER,9,kv,Armor,2
UNIT_FIGHTER,10,kv,MaxHP,20
UNIT_FIGHTER,11,kv,ShieldCost,1750
UNIT_FIGHTER,12,kv,PowerPoints,1500
UNIT_FIGHTER,13,kv,ShieldHunger,17
UNIT_FIGHTER,14,kv,FoodHunger,0
UNIT_FIGHTER,15,kv,MaxMovePoints,800
UNIT_FIGHTER,16,kv,VisionRange,3
UNIT_FIGHTER,17,kv,EnableAdvance,ADVANCE_AERODYNAMICS
UNIT_FIGHTER,18,kv,ObsoleteAdvance,ADVANCE_SUPERSONIC_FLIGHT
UNIT_FIGHTER,19,kv,ActiveDefenseRange,0
UNIT_FIGHTER,20,flag,EnableCarrierDefenses,
UNIT_FIGHTER,21,flag,LossMoveToDmgNone,
UNIT_FIGHTER,22,flag,NoFuelThenCrash,
UNIT_FIGHTER,23,kv,MaxFuel,2400
UNIT_FIGHTER,24,flag,IgnoreZOC,
UNIT_FIGHTER,25,flag,CanBeachAssault,
UNIT_FIGHTER,26,flag,CantCaptureCity,
UNIT_FIGHTER,27,flag,DeathEffectsHappy,
UNIT_FIGHTER,28,flag,Explodes,
UNIT_FIGHTER,29,flag,OnlyBuildOne,
UNIT_FIGHTER,30,kv,SoundSelect1,SOUND_SELECT1_FIGHTER
UNIT_FIGHTER,31,kv,SoundSelect2,SOUND_SELECT2_FIGHTER
UNIT_FIGHTER,32,kv,SoundMove,SOUND_MOVE_FIGHTER
UNIT_FIGHTER,33,kv,SoundAcknowledge,SOUND_ACKNOWLEDGE_FIGHTER
UNIT_FIGHTER,34,kv,SoundCantMove,SOUND_CANTMOVE_FIGHTER
UNIT_FIGHTER,35,kv,SoundAttack,SOUND_ATTACK_FIGHTER
UNIT_FIGHTER,36,kv,SoundWork,SOUND_WORK_FIGHTER
UNIT_FIGHTER,37,kv,SoundVictory,SOUND_VICTORY_FIGHTER
UNIT_FIGHTER,38,kv,SoundDeath,SOUND_DEATH_FIGHTER
UNIT_FIGHTER,39,sublist,CanAttack,Air
UNIT_FIGHTER,40,sublist,CanAttack,Land
UNIT_FIGHTER,41,sublist,CanAttack,Mountain
UNIT_FIGHTER,42,sublist,CanAttack,Sea
UNIT_FIGHTER,43,sublist,CanAttack,ShallowWater
UNIT_FIGHTER,44,sublist,CanSee,Standard
UNIT_FIGHTER,45,sublist,MovementType,Air
UNIT_FIGHTER,46,sublist,Size,Medium
UNIT_FIGHTER,47,sublist,VisionClass,Standard
UNIT_FRIGATE,0,flag,GLHidden,
UNIT_FRIGATE,1,kv,Description,DESCRIPTION_UNIT_FRIGATE
UNIT_FRIGATE,2,kv,DefaultIcon,ICON_UNIT_FRIGATE
UNIT_FRIGATE,3,kv,DefaultSprite,SPRITE_FRIGATE
UNIT_FRIGATE,4,kv,Category,UNIT_CATEGORY_NAVAL
UNIT_FRIGATE,5,kv,Attack,50
UNIT_FRIGATE,6,kv,Defense,40
UNIT_FRIGATE,7,kv,ZBRangeAttack,50
UNIT_FRIGATE,8,kv,Firepower,4
UNIT_FRIGATE,9,kv,Armor,2
UNIT_FRIGATE,10,kv,MaxHP,20
UNIT_FRIGATE,11,kv,ShieldCost,2300
UNIT_FRIGATE,12,kv,PowerPoints,1000
UNIT_FRIGATE,13,kv,ShieldHunger,23
UNIT_FRIGATE,14,kv,FoodHunger,0
UNIT_FRIGATE,15,kv,MaxMovePoints,1000
UNIT_FRIGATE,16,kv,VisionRange,3
UNIT_FRIGATE,17,kv,EnableAdvance,ADVANCE_MASS_PRODUCTION
UNIT_FRIGATE,18,kv,ObsoleteAdvance,ADVANCE_PLASMA_WEAPONRY
UNIT_FRIGATE,19,kv,BombRounds,5
UNIT_FRIGATE,20,kv,BombardRange,1
UNIT_FRIGATE,21,flag,CanCounterBombard,
UNIT_FRIGATE,22,kv,ActiveDefenseRange,0
UNIT_FRIGATE,23,flag,LossMoveToDmgNone,
UNIT_FRIGATE,24,kv,MaxFuel,0
UNIT_FRIGATE,25,flag,CanExpel,
UNIT_FRIGATE,26,flag,NoZoc,
UNIT_FRIGATE,27,flag,CanPillage,
UNIT_FRIGATE,28,flag,CanPirate,
UNIT_FRIGATE,29,flag,CantCaptureCity,
UNIT_FRIGATE,30,flag,DeathEffectsHappy,
UNIT_FRIGATE,31,flag,Explodes,
UNIT_FRIGATE,32,flag,OnlyBuildOne,
UNIT_FRIGATE,33,kv,SoundSelect1,SOUND_SELECT1_FRIGATE
UNIT_FRIGATE,34,kv,SoundSelect2,SOUND_SELECT2_FRIGATE
UNIT_FRIGATE,35,kv,SoundMove,SOUND_MOVE_FRIGATE
UNIT_FRIGATE,36,kv,SoundAcknowledge,SOUND_ACKNOWLEDGE_FRIGATE
UNIT_FRIGATE,37,kv,SoundCantMove,SOUND_CANTMOVE_FRIGATE
UNIT_FRIGATE,38,kv,SoundAttack,SOUND_ATTACK_FRIGATE
UNIT_FRIGATE,39,kv,SoundWork,SOUND_WORK_FRIGATE
UNIT_FRIGATE,40,kv,SoundVictory,SOUND_VICTORY_FRIGATE
UNIT_FRIGATE,41,kv,SoundDeath,SOUND_DEATH_FRIGATE
UNIT_FRIGATE,42,sublist,CanAttack,Sea
UNIT_FRIGATE,43,sublist,CanAttack,ShallowWater
UNIT_FRIGATE,44,sublist,CanAttack,Underwater
UNIT_FRIGATE,45,sublist,CanBombard,Land
UNIT_FRIGATE,46,sublist,CanBombard,Mountain
UNIT_FRIGATE,47,sublist,CanBombard,Water
UNIT_FRIGATE,48,sublist,CanSee,Underwater
UNIT_FRIGATE,49,sublist,CanSee,Standard
UNIT_FRIGATE,50,sublist,MovementType,Sea
UNIT_FRIGATE,51,sublist,MovementType,ShallowWater
UNIT_FRIGATE,52,sublist,Size,Large
UNIT_FRIGATE,53,sublist,VisionClass,Standard
UNIT_FRIGATE,54,nested,CanReform,"[{""t"": ""kv"", ""k"": ""Sound"", ""v"": ""SOUND_ID_REFORM_CITY""}, {""t"": ""kv"", ""k"": ""Effect"", ""v"": ""SPECEFFECT_REFORMCITY""}]"
UNIT_FUSION_TANK,0,flag,GLHidden,
UNIT_FUSION_TANK,1,kv,Description,DESCRIPTION_UNIT_FUSION_TANK
UNIT_FUSION_TANK,2,kv,DefaultIcon,ICON_UNIT_FUSION_TANK
UNIT_FUSION_TANK,3,kv,DefaultSprite,SPRITE_FUSION_TANK
UNIT_FUSION_TANK,4,kv,Category,UNIT_CATEGORY_FLANKER
UNIT_FUSION_TANK,5,kv,Attack,70
UNIT_FUSION_TANK,6,kv,Defense,65
UNIT_FUSION_TANK,7,kv,ZBRangeAttack,55
UNIT_FUSION_TANK,8,kv,Firepower,4
UNIT_FUSION_TANK,9,kv,Armor,2
UNIT_FUSION_TANK,10,kv,MaxHP,23
UNIT_FUSION_TANK,11,kv,ShieldCost,6000
UNIT_FUSION_TANK,12,kv,PowerPoints,7000
UNIT_FUSION_TANK,13,kv,ShieldHunger,60
UNIT_FUSION_TANK,14,kv,FoodHunger,0
UNIT_FUSION_TANK,15,kv,MaxMovePoints,600
UNIT_FUSION_TANK,16,kv,VisionRange,3
UNIT_FUSION_TANK,17,kv,EnableAdvance,ADVANCE_FUSION
UNIT_FUSION_TANK,18,kv,ActiveDefenseRange,0
UNIT_FUSION_TANK,19,flag,LossMoveToDmgNone,
UNIT_FUSION_TANK,20,kv,MaxFuel,0
UNIT_FUSION_TANK,21,flag,CanEntrench,
UNIT_FUSION_TANK,22,flag,NoZoc,
UNIT_FUSION_TANK,23,flag,CanExpel,
UNIT_FUSION_TANK,24,flag,CanPillage,
UNIT_FUSION_TANK,25,flag,CanPirate,
UNIT_FUSION_TANK,26,flag,ExertsMartialLaw,
UNIT_FUSION_TANK,27,flag,DeathEffectsHappy,
UNIT_FUSION_TANK,28,flag,IsFlanker,
UNIT_FUSION_TANK,29,flag,Explodes,
UNIT_FUSION_TANK,30,flag,OnlyBuildOne,
UNIT_FUSION_TANK,31,kv,SoundSelect1,SOUND_SELECT1_FUSION_TANK
UNIT_FUSION_TANK,32,kv,SoundSelect2,SOUND_SELECT2_FUSION_TANK
UNIT_FUSION_TANK,33,kv,SoundMove,SOUND_MOVE_FUSION_TANK
UNIT_FUSION_TANK,34,kv,SoundAcknowledge,SOUND_ACKNOWLEDGE_FUSION_TANK
UNIT_FUSION_TANK,35,kv,SoundCantMove,SOUND_CANTMOVE_FUSION_TANK
UNIT_FUSION_TANK,36,kv,SoundAttack,SOUND_ATTACK_FUSION_TANK
UNIT_FUSION_TANK,37,kv,SoundWork,SOUND_WORK_FUSION_TANK
UNIT_FUSION_TANK,38,kv,SoundVictory,SOUND_VICTORY_FUSION_TANK
UNIT_FUSION_TANK,39,kv,SoundDeath,SOUND_DEATH_FUSION_TANK
UNIT_FUSION_TANK,40,sublist,CanAttack,Land
UNIT_FUSION_TANK,41,sublist,CanAttack,ShallowWater
UNIT_FUSION_TANK,42,sublist,CanSee,Standard
UNIT_FUSION_TANK,43,sublist,MovementType,Land
UNIT_FUSION_TANK,44,sublist,MovementType,ShallowWater
UNIT_FUSION_TANK,45,sublist,Size,Medium
UNIT_FUSION_TANK,46,sublist,VisionClass,Standard
UNIT_FUSION_TANK,47,nested,CanReform,"[{""t"": ""kv"", ""k"": ""Sound"", ""v"": ""SOUND_ID_REFORM_CITY""}, {""t"": ""kv"", ""k"": ""Effect"", ""v"": ""SPECEFFECT_REFORMCITY""}]"
UNIT_GALLEON,0,flag,GLHidden,
UNIT_GALLEON,1,kv,Description,DESCRIPTION_UNIT_SHIP_OF_THE_LINE
UNIT_GALLEON,2,kv,DefaultIcon,ICON_UNIT_GALLEON
UNIT_GALLEON,3,kv,DefaultSprite,SPRITE_GALLEON
UNIT_GALLEON,4,kv,Category,UNIT_CATEGORY_NAVAL
UNIT_GALLEON,5,kv,Attack,35
UNIT_GALLEON,6,kv,Defense,25
UNIT_GALLEON,7,kv,ZBRangeAttack,30
UNIT_GALLEON,8,kv,Firepower,2
UNIT_GALLEON,9,kv,Armor,1
UNIT_GALLEON,10,kv,MaxHP,15
UNIT_GALLEON,11,kv,ShieldCost,1000
UNIT_GALLEON,12,kv,PowerPoints,500
UNIT_GALLEON,13,kv,ShieldHunger,10
UNIT_GALLEON,14,kv,FoodHunger,0
UNIT_GALLEON,15,kv,MaxMovePoints,800
UNIT_GALLEON,16,kv,VisionRange,2
UNIT_GALLEON,17,kv,EnableAdvance,ADVANCE_CHRONOMETER
UNIT_GALLEON,18,kv,ObsoleteAdvance,ADVANCE_MASS_PRODUCTION
UNIT_GALLEON,19,kv,BombRounds,5
UNIT_GALLEON,20,kv,BombardRange,1
UNIT_GALLEON,21,flag,CanCounterBombard,
UNIT_GALLEON,22,kv,ActiveDefenseRange,0
UNIT_GALLEON,23,flag,LossMoveToDmgNone,
UNIT_GALLEON,24,kv,MaxFuel,0
UNIT_GALLEON,25,flag,CanExpel,
UNIT_GALLEON,26,flag,NoZoc,
UNIT_GALLEON,27,flag,CanPillage,
UNIT_GALLEON,28,flag,CanPirate,
UNIT_GALLEON,29,flag,CantCaptureCity,
UNIT_GALLEON,30,flag,ExertsMartialLaw,
UNIT_GALLEON,31,flag,DeathEffectsHappy,
UNIT_GALLEON,32,flag,OnlyBuildOne,
UNIT_GALLEON,33,kv,SoundSelect1,SOUND_SELECT1_SHIP_OF_THE_LINE
UNIT_GALLEON,34,kv,SoundSelect2,SOUND_SELECT2_SHIP_OF_THE_LINE
UNIT_GALLEON,35,kv,SoundMove,SOUND_MOVE_SHIP_OF_THE_LINE
UNIT_GALLEON,36,kv,SoundAcknowledge,SOUND_ACKNOWLEDGE_SHIP_OF_THE_LINE
UNIT_GALLEON,37,kv,SoundCantMove,SOUND_CANTMOVE_SHIP_OF_THE_LINE
UNIT_GALLEON,38,kv,SoundAttack,SOUND_ATTACK_SHIP_OF_THE_LINE
UNIT_GALLEON,39,kv,SoundWork,SOUND_WORK_SHIP_OF_THE_LINE
UNIT_GALLEON,40,kv,SoundVictory,SOUND_VICTORY_SHIP_OF_THE_LINE
UNIT_GALLEON,41,kv,SoundDeath,SOUND_DEATH_SHIP_OF_THE_LINE
UNIT_GALLEON,42,sublist,CanCarry,SmallLand
UNIT_GALLEON,43,sublist,CanCarry,MedLand
UNIT_GALLEON,44,sublist,CanAttack,Sea
UNIT_GALLEON,45,sublist,CanAttack,ShallowWater
UNIT_GALLEON,46,sublist,CanBombard,Land
UNIT_GALLEON,47,sublist,CanBombard,Mountain
UNIT_GALLEON,48,sublist,CanBombard,Water
UNIT_GALLEON,49,sublist,CanSee,Standard
UNIT_GALLEON,50,sublist,MovementType,Sea
UNIT_GALLEON,51,sublist,MovementType,ShallowWater
UNIT_GALLEON,52,sublist,Size,Large
UNIT_GALLEON,53,sublist,VisionClass,Standard
UNIT_GALLEON,54,nested,CargoData,"[{""t"": ""kv"", ""k"": ""MaxCargo"", ""v"": ""4""}, {""t"": ""kv"", ""k"": ""Load"", ""v"": ""SOUND_ID_TRIREME_LOAD""}, {""t"": ""kv"", ""k"": ""Unload"", ""v"": ""SOUND_ID_TRIREME_UNLOAD""}]"
UNIT_GALLEON,55,nested,CanReform,"[{""t"": ""kv"", ""k"": ""Sound"", ""v"": ""SOUND_ID_REFORM_CITY""}, {""t"": ""kv"", ""k"": ""Effect"", ""v"": ""SPECEFFECT_REFORMCITY""}]"
UNIT_HOVER_INFANTRY,0,flag,GLHidden,
UNIT_HOVER_INFANTRY,1,kv,Description,DESCRIPTION_UNIT_HOVER_INFANTRY
UNIT_HOVER_INFANTRY,2,kv,DefaultIcon,ICON_UNIT_HOVER_INFANTRY
UNIT_HOVER_INFANTRY,3,kv,DefaultSprite,SPRITE_HOVER_INFANTRY
UNIT_HOVER_INFANTRY,4,kv,Category,UNIT_CATEGORY_ATTACK
UNIT_HOVER_INFANTRY,5,kv,Attack,85
UNIT_HOVER_INFANTRY,6,kv,Defense,70
UNIT_HOVER_INFANTRY,7,kv,ZBRangeAttack,40
UNIT_HOVER_INFANTRY,8,kv,Firepower,4
UNIT_HOVER_INFANTRY,9,kv,Armor,1
UNIT_HOVER_INFANTRY,10,kv,MaxHP,25
UNIT_HOVER_INFANTRY,11,kv,ShieldCost,2800
UNIT_HOVER_INFANTRY,12,kv,PowerPoints,100
UNIT_HOVER_INFANTRY,13,kv,ShieldHunger,28
UNIT_HOVER_INFANTRY,14,kv,FoodHunger,0
UNIT_HOVER_INFANTRY,15,kv,MaxMovePoints,400
UNIT_HOVER_INFANTRY,16,kv,VisionRange,4
UNIT_HOVER_INFANTRY,17,kv,EnableAdvance,ADVANCE_CHAOS_THEORY
UNIT_HOVER_INFANTRY,18,kv,ActiveDefenseRange,0
UNIT_HOVER_INFANTRY,19,flag,LossMoveToDmgNone,
UNIT_HOVER_INFANTRY,20,kv,MaxFuel,0
UNIT_HOVER_INFANTRY,21,flag,CanEntrench,
UNIT_HOVER_INFANTRY,22,flag,NoZoc,
UNIT_HOVER_INFANTRY,23,flag,CanExpel,
UNIT_HOVER_INFANTRY,24,flag,CanPillage,
UNIT_HOVER_INFANTRY,25,flag,CanPirate,
UNIT_HOVER_INFANTRY,26,flag,BonusAgainstMounted,
UNIT_HOVER_INFANTRY,27,kv,MountedBonus,0.2
UNIT_HOVER_INFANTRY,28,flag,ExertsMartialLaw,
UNIT_HOVER_INFANTRY,29,flag,DeathEffectsHappy,
UNIT_HOVER_INFANTRY,30,flag,OnlyBuildOne,
UNIT_HOVER_INFANTRY,31,kv,SoundSelect1,SOUND_SELECT1_HOVER_INFANTRY
UNIT_HOVER_INFANTRY,32,kv,SoundSelect2,SOUND_SELECT2_HOVER_INFANTRY
UNIT_HOVER_INFANTRY,33,kv,SoundMove,SOUND_MOVE_HOVER_INFANTRY
UNIT_HOVER_INFANTRY,34,kv,SoundAcknowledge,SOUND_ACKNOWLEDGE_HOVER_INFANTRY
UNIT_HOVER_INFANTRY,35,kv,SoundCantMove,SOUND_CANTMOVE_HOVER_INFANTRY
UNIT_HOVER_INFANTRY,36,kv,SoundAttack,SOUND_ATTACK_HOVER_INFANTRY
UNIT_HOVER_INFANTRY,37,kv,SoundWork,SOUND_WORK_HOVER_INFANTRY
UNIT_HOVER_INFANTRY,38,kv,SoundVictory,SOUND_VICTORY_HOVER_INFANTRY
UNIT_HOVER_INFANTRY,39,kv,SoundDeath,SOUND_DEATH_HOVER_INFANTRY
UNIT_HOVER_INFANTRY,40,sublist,CanAttack,Land
UNIT_HOVER_INFANTRY,41,sublist,CanAttack,Mountain
UNIT_HOVER_INFANTRY,42,sublist,CanSee,Standard
UNIT_HOVER_INFANTRY,43,sublist,MovementType,Land
UNIT_HOVER_INFANTRY,44,sublist,MovementType,Mountain
UNIT_HOVER_INFANTRY,45,sublist,Size,Medium
UNIT_HOVER_INFANTRY,46,sublist,VisionClass,Standard
UNIT_HOVER_INFANTRY,47,nested,CanReform,"[{""t"": ""kv"", ""k"": ""Sound"", ""v"": ""SOUND_ID_REFORM_CITY""}, {""t"": ""kv"", ""k"": ""Effect"", ""v"": ""SPECEFFECT_REFORMCITY""}]"
UNIT_INFANTRYMAN,0,flag,GLHidden,
UNIT_INFANTRYMAN,1,kv,Description,DESCRIPTION_UNIT_INFANTRYMAN
UNIT_INFANTRYMAN,2,kv,DefaultIcon,ICON_UNIT_INFANTRYMAN
UNIT_INFANTRYMAN,3,kv,DefaultSprite,SPRITE_INFANTRYMAN
UNIT_INFANTRYMAN,4,kv,Category,UNIT_CATEGORY_ATTACK
UNIT_INFANTRYMAN,5,kv,Attack,45
UNIT_INFANTRYMAN,6,kv,Defense,40
UNIT_INFANTRYMAN,7,kv,ZBRangeAttack,35
UNIT_INFANTRYMAN,8,kv,Firepower,3
UNIT_INFANTRYMAN,9,kv,Armor,1
UNIT_INFANTRYMAN,10,kv,MaxHP,18
UNIT_INFANTRYMAN,11,kv,ShieldCost,1100
UNIT_INFANTRYMAN,12,kv,PowerPoints,500
UNIT_INFANTRYMAN,13,kv,ShieldHunger,11
UNIT_INFANTRYMAN,14,kv,FoodHunger,0
UNIT_INFANTRYMAN,15,kv,MaxMovePoints,100
UNIT_INFANTRYMAN,16,kv,VisionRange,2
UNIT_INFANTRYMAN,17,kv,EnableAdvance,ADVANCE_FLINTLOCK
UNIT_INFANTRYMAN,18,kv,ObsoleteAdvance,ADVANCE_ADV_INFANTRY_TACTICS
UNIT_INFANTRYMAN,19,kv,ActiveDefenseRange,0
UNIT_INFANTRYMAN,20,flag,LossMoveToDmgNone,
UNIT_INFANTRYMAN,21,kv,MaxFuel,0
UNIT_INFANTRYMAN,22,flag,CanEntrench,
UNIT_INFANTRYMAN,23,flag,NoZoc,
UNIT_INFANTRYMAN,24,flag,CanBeachAssault,
UNIT_INFANTRYMAN,25,flag,CanExpel,
UNIT_INFANTRYMAN,26,flag,CanPillage,
UNIT_INFANTRYMAN,27,flag,CanPirate,
UNIT_INFANTRYMAN,28,flag,BonusAgainstMounted,
UNIT_INFANTRYMAN,29,kv,MountedBonus,0.2
UNIT_INFANTRYMAN,30,flag,ExertsMartialLaw,
UNIT_INFANTRYMAN,31,flag,DeathEffectsHappy,
UNIT_INFANTRYMAN,32,flag,OnlyBuildOne,
UNIT_INFANTRYMAN,33,kv,SoundSelect1,SOUND_SELECT1_INFANTRYMAN
UNIT_INFANTRYMAN,34,kv,SoundSelect2,SOUND_SELECT2_INFANTRYMAN
UNIT_INFANTRYMAN,35,kv,SoundMove,SOUND_MOVE_INFANTRYMAN
UNIT_INFANTRYMAN,36,kv,SoundAcknowledge,SOUND_ACKNOWLEDGE_INFANTRYMAN
UNIT_INFANTRYMAN,37,kv,SoundCantMove,SOUND_CANTMOVE_INFANTRYMAN
UNIT_INFANTRYMAN,38,kv,SoundAttack,SOUND_ATTACK_INFANTRYMAN
UNIT_INFANTRYMAN,39,kv,SoundWork,SOUND_WORK_INFANTRYMAN
UNIT_INFANTRYMAN,40,kv,SoundVictory,SOUND_VICTORY_INFANTRYMAN
UNIT_INFANTRYMAN,41,kv,SoundDeath,SOUND_DEATH_INFANTRYMAN
UNIT_INFANTRYMAN,42,sublist,CanAttack,Land
UNIT_INFANTRYMAN,43,sublist,CanAttack,Mountain
UNIT_INFANTRYMAN,44,sublist,CanSee,Standard
UNIT_INFANTRYMAN,45,sublist,MovementType,Land
UNIT_INFANTRYMAN,46,sublist,MovementType,Mountain
UNIT_INFANTRYMAN,47,sublist,Size,Medium
UNIT_INFANTRYMAN,48,sublist,VisionClass,Standard
UNIT_INFANTRYMAN,49,nested,CanReform,"[{""t"": ""kv"", ""k"": ""Sound"", ""v"": ""SOUND_ID_REFORM_CITY""}, {""t"": ""kv"", ""k"": ""Effect"", ""v"": ""SPECEFFECT_REFORMCITY""}]"
UNIT_INFECTOR,0,flag,GLHidden,
UNIT_INFECTOR,1,kv,Description,DESCRIPTION_UNIT_INFECTOR
UNIT_INFECTOR,2,kv,DefaultIcon,ICON_UNIT_INFECTOR
UNIT_INFECTOR,3,kv,DefaultSprite,SPRITE_INFECTOR
UNIT_INFECTOR,4,kv,Category,UNIT_CATEGORY_SPECIAL
UNIT_INFECTOR,5,kv,Attack,0
UNIT_INFECTOR,6,kv,Defense,10
UNIT_INFECTOR,7,kv,ZBRangeAttack,0
UNIT_INFECTOR,8,kv,Firepower,1
UNIT_INFECTOR,9,kv,Armor,1
UNIT_INFECTOR,10,kv,MaxHP,15
UNIT_INFECTOR,11,kv,ShieldCost,3500
UNIT_INFECTOR,12,kv,PowerPoints,5000
UNIT_INFECTOR,13,kv,ShieldHunger,35
UNIT_INFECTOR,14,kv,FoodHunger,0
UNIT_INFECTOR,15,kv,MaxMovePoints,300
UNIT_INFECTOR,16,kv,VisionRange,2
UNIT_INFECTOR,17,kv,EnableAdvance,ADVANCE_NANO_WARFARE
UNIT_INFECTOR,18,kv,ActiveDefenseRange,0
UNIT_INFECTOR,19,flag,LossMoveToDmgNone,
UNIT_INFECTOR,20,kv,MaxFuel,0
UNIT_INFECTOR,21,flag,CanEntrench,
UNIT_INFECTOR,22,flag,IgnoreZOC,
UNIT_INFECTOR,23,flag,NoZoc,
UNIT_INFECTOR,24,flag,CanBeExpelled,
UNIT_INFECTOR,25,flag,CantCaptureCity,
UNIT_INFECTOR,26,flag,DeathEffectsHappy,
UNIT_INFECTOR,27,flag,IsSpecialForces,
UNIT_INFECTOR,28,flag,OnlyBuildOne,
UNIT_INFECTOR,29,kv,SoundSelect1,SOUND_SELECT1_INFECTOR
UNIT_INFECTOR,30,kv,SoundSelect2,SOUND_SELECT2_INFECTOR
UNIT_INFECTOR,31,kv,SoundMove,SOUND_MOVE_INFECTOR
UNIT_INFECTOR,32,kv,SoundAcknowledge,SOUND_ACKNOWLEDGE_INFECTOR
UNIT_INFECTOR,33,kv,SoundCantMove,SOUND_CANTMOVE_INFECTOR
UNIT_INFECTOR,34,kv,SoundAttack,SOUND_ATTACK_INFECTOR
UNIT_INFECTOR,35,kv,SoundWork,SOUND_WORK_INFECTOR
UNIT_INFECTOR,36,kv,SoundVictory,SOUND_VICTORY_INFECTOR
UNIT_INFECTOR,37,kv,SoundDeath,SOUND_DEATH_INFECTOR
UNIT_INFECTOR,38,sublist,CanSee,Standard
UNIT_INFECTOR,39,sublist,CanSee,Stealth
UNIT_INFECTOR,40,sublist,MovementType,Land
UNIT_INFECTOR,41,sublist,MovementType,Mountain
UNIT_INFECTOR,42,sublist,Size,Small
UNIT_INFECTOR,43,sublist,VisionClass,Stealth
UNIT_INFECTOR,44,nested,BioTerror,"[{""t"": ""kv"", ""k"": ""Chance"", ""v"": ""0.75""}, {""t"": ""kv"", ""k"": ""Sound"", ""v"": ""SOUND_ID_BIO_TERROR""}, {""t"": ""kv"", ""k"": ""Effect"", ""v"": ""SPECEFFECT_BIO_TERROR""}]"
UNIT_INFECTOR,45,nested,Plague,"[{""t"": ""kv"", ""k"": ""Chance"", ""v"": ""0.5""}, {""t"": ""kv"", ""k"": ""Sound"", ""v"": ""SOUND_ID_BIO_TERROR""}, {""t"": ""kv"", ""k"": ""Effect"", ""v"": ""SPECEFFECT_BIO_TERROR""}]"
UNIT_INTERCEPTOR,0,flag,GLHidden,
UNIT_INTERCEPTOR,1,kv,Description,DESCRIPTION_UNIT_INTERCEPTOR
UNIT_INTERCEPTOR,2,kv,DefaultIcon,ICON_UNIT_INTERCEPTOR
UNIT_INTERCEPTOR,3,kv,DefaultSprite,SPRITE_INTERCEPTOR
UNIT_INTERCEPTOR,4,kv,Category,UNIT_CATEGORY_AERIAL
UNIT_INTERCEPTOR,5,kv,Attack,65
UNIT_INTERCEPTOR,6,kv,Defense,65
UNIT_INTERCEPTOR,7,kv,ZBRangeAttack,65
UNIT_INTERCEPTOR,8,kv,Firepower,4
UNIT_INTERCEPTOR,9,kv,Armor,2
UNIT_INTERCEPTOR,10,kv,MaxHP,20
UNIT_INTERCEPTOR,11,kv,ShieldCost,2900
UNIT_INTERCEPTOR,12,kv,PowerPoints,100
UNIT_INTERCEPTOR,13,kv,ShieldHunger,29
UNIT_INTERCEPTOR,14,kv,FoodHunger,0
UNIT_INTERCEPTOR,15,kv,MaxMovePoints,1200
UNIT_INTERCEPTOR,16,kv,VisionRange,4
UNIT_INTERCEPTOR,17,kv,EnableAdvance,ADVANCE_SUPERSONIC_FLIGHT
UNIT_INTERCEPTOR,18,kv,ObsoleteAdvance,ADVANCE_AI_SURVEILLANCE
UNIT_INTERCEPTOR,19,kv,ActiveDefenseRange,0
UNIT_INTERCEPTOR,20,flag,EnableCarrierDefenses,
UNIT_INTERCEPTOR,21,flag,LossMoveToDmgNone,
UNIT_INTERCEPTOR,22,flag,NoFuelThenCrash,
UNIT_INTERCEPTOR,23,kv,MaxFuel,3600
UNIT_INTERCEPTOR,24,flag,IgnoreZOC,
UNIT_INTERCEPTOR,25,flag,CanBeachAssault,
UNIT_INTERCEPTOR,26,flag,CantCaptureCity,
UNIT_INTERCEPTOR,27,flag,DeathEffectsHappy,
UNIT_INTERCEPTOR,28,flag,Explodes,
UNIT_INTERCEPTOR,29,flag,OnlyBuildOne,
UNIT_INTERCEPTOR,30,kv,SoundSelect1,SOUND_SELECT1_INTERCEPTORS
UNIT_INTERCEPTOR,31,kv,SoundSelect2,SOUND_SELECT2_INTERCEPTORS
UNIT_INTERCEPTOR,32,kv,SoundMove,SOUND_MOVE_INTERCEPTORS
UNIT_INTERCEPTOR,33,kv,SoundAcknowledge,SOUND_ACKNOWLEDGE_INTERCEPTORS
UNIT_INTERCEPTOR,34,kv,SoundCantMove,SOUND_CANTMOVE_INTERCEPTORS
UNIT_INTERCEPTOR,35,kv,SoundAttack,SOUND_ATTACK_INTERCEPTORS
UNIT_INTERCEPTOR,36,kv,SoundWork,SOUND_WORK_INTERCEPTORS
UNIT_INTERCEPTOR,37,kv,SoundVictory,SOUND_VICTORY_INTERCEPTORS
UNIT_INTERCEPTOR,38,kv,SoundDeath,SOUND_DEATH_INTERCEPTORS
UNIT_INTERCEPTOR,39,sublist,CanAttack,Land
UNIT_INTERCEPTOR,40,sublist,CanAttack,Mountain
UNIT_INTERCEPTOR,41,sublist,CanAttack,Air
UNIT_INTERCEPTOR,42,sublist,CanAttack,Sea
UNIT_INTERCEPTOR,43,sublist,CanAttack,ShallowWater
UNIT_INTERCEPTOR,44,sublist,CanSee,Standard
UNIT_INTERCEPTOR,45,sublist,MovementType,Air
UNIT_INTERCEPTOR,46,sublist,Size,Medium
UNIT_INTERCEPTOR,47,sublist,VisionClass,Standard
UNIT_IRONCLAD,0,flag,GLHidden,
UNIT_IRONCLAD,1,kv,Description,DESCRIPTION_UNIT_IRONCLAD
UNIT_IRONCLAD,2,kv,DefaultIcon,ICON_UNIT_IRONCLAD
UNIT_IRONCLAD,3,kv,DefaultSprite,SPRITE_IRONCLAD
UNIT_IRONCLAD,4,kv,Category,UNIT_CATEGORY_NAVAL
UNIT_IRONCLAD,5,kv,Attack,40
UNIT_IRONCLAD,6,kv,Defense,40
UNIT_IRONCLAD,7,kv,ZBRangeAttack,40
UNIT_IRONCLAD,8,kv,Firepower,3
UNIT_IRONCLAD,9,kv,Armor,1
UNIT_IRONCLAD,10,kv,MaxHP,18
UNIT_IRONCLAD,11,kv,ShieldCost,1700
UNIT_IRONCLAD,12,kv,PowerPoints,100
UNIT_IRONCLAD,13,kv,ShieldHunger,17
UNIT_IRONCLAD,14,kv,FoodHunger,0
UNIT_IRONCLAD,15,kv,MaxMovePoints,800
UNIT_IRONCLAD,16,kv,VisionRange,2
UNIT_IRONCLAD,17,kv,EnableAdvance,ADVANCE_INDUSTRIAL_REVOLUTION
UNIT_IRONCLAD,18,kv,ObsoleteAdvance,ADVANCE_ADV_NAVAL_TACTICS
UNIT_IRONCLAD,19,kv,BombRounds,5
UNIT_IRONCLAD,20,kv,BombardRange,1
UNIT_IRONCLAD,21,flag,CanCounterBombard,
UNIT_IRONCLAD,22,kv,ActiveDefenseRange,0
UNIT_IRONCLAD,23,flag,LossMoveToDmgNone,
UNIT_IRONCLAD,24,kv,MaxFuel,0
UNIT_IRONCLAD,25,flag,CanExpel,
UNIT_IRONCLAD,26,flag,NoZoc,
UNIT_IRONCLAD,27,flag,CanPillage,
UNIT_IRONCLAD,28,flag,CanPirate,
UNIT_IRONCLAD,29,flag,CantCaptureCity,
UNIT_IRONCLAD,30,flag,ExertsMartialLaw,
UNIT_IRONCLAD,31,flag,DeathEffectsHappy,
UNIT_IRONCLAD,32,flag,Explodes,
UNIT_IRONCLAD,33,flag,OnlyBuildOne,
UNIT_IRONCLAD,34,kv,SoundSelect1,SOUND_SELECT1_IRONCLAD
UNIT_IRONCLAD,35,kv,SoundSelect2,SOUND_SELECT2_IRONCLAD
UNIT_IRONCLAD,36,kv,SoundMove,SOUND_MOVE_IRONCLAD
UNIT_IRONCLAD,37,kv,SoundAcknowledge,SOUND_ACKNOWLEDGE_IRONCLAD
UNIT_IRONCLAD,38,kv,SoundCantMove,SOUND_CANTMOVE_IRONCLAD
UNIT_IRONCLAD,39,kv,SoundAttack,SOUND_ATTACK_IRONCLAD
UNIT_IRONCLAD,40,kv,SoundWork,SOUND_WORK_IRONCLAD
UNIT_IRONCLAD,41,kv,SoundVictory,SOUND_VICTORY_IRONCLAD
UNIT_IRONCLAD,42,kv,SoundDeath,SOUND_DEATH_IRONCLAD
UNIT_IRONCLAD,43,sublist,CanAttack,Sea
UNIT_IRONCLAD,44,sublist,CanAttack,ShallowWater
UNIT_IRONCLAD,45,sublist,CanBombard,Land
UNIT_IRONCLAD,46,sublist,CanBombard,Mountain
UNIT_IRONCLAD,47,sublist,CanBombard,Water
UNIT_IRONCLAD,48,sublist,CanSee,Standard
UNIT_IRONCLAD,49,sublist,MovementType,Sea
UNIT_IRONCLAD,50,sublist,MovementType,ShallowWater
UNIT_IRONCLAD,51,sublist,Size,Large
UNIT_IRONCLAD,52,sublist,VisionClass,Standard
UNIT_IRONCLAD,53,nested,CanReform,"[{""t"": ""kv"", ""k"": ""Sound"", ""v"": ""SOUND_ID_REFORM_CITY""}, {""t"": ""kv"", ""k"": ""Effect"", ""v"": ""SPECEFFECT_REFORMCITY""}]"
UNIT_KRAKEN,0,flag,GLHidden,
UNIT_KRAKEN,1,kv,Description,DESCRIPTION_UNIT_KRAKEN
UNIT_KRAKEN,2,kv,DefaultIcon,ICON_UNIT_KRAKEN
UNIT_KRAKEN,3,kv,DefaultSprite,SPRITE_KRAKEN
UNIT_KRAKEN,4,kv,Category,UNIT_CATEGORY_UNDERSEA
UNIT_KRAKEN,5,kv,Attack,80
UNIT_KRAKEN,6,kv,Defense,60
UNIT_KRAKEN,7,kv,ZBRangeAttack,80
UNIT_KRAKEN,8,kv,Firepower,5
UNIT_KRAKEN,9,kv,Armor,5
UNIT_KRAKEN,10,kv,MaxHP,25
UNIT_KRAKEN,11,kv,ShieldCost,5200
UNIT_KRAKEN,12,kv,PowerPoints,100
UNIT_KRAKEN,13,kv,ShieldHunger,52
UNIT_KRAKEN,14,kv,FoodHunger,0
UNIT_KRAKEN,15,kv,MaxMovePoints,1200
UNIT_KRAKEN,16,kv,VisionRange,3
UNIT_KRAKEN,17,kv,EnableAdvance,ADVANCE_GENETIC_TAILORING
UNIT_KRAKEN,18,kv,ActiveDefenseRange,0
UNIT_KRAKEN,19,flag,LossMoveToDmgNone,
UNIT_KRAKEN,20,kv,MaxFuel,0
UNIT_KRAKEN,21,flag,CanExpel,
UNIT_KRAKEN,22,flag,NoZoc,
UNIT_KRAKEN,23,flag,CanPillage,
UNIT_KRAKEN,24,flag,CanPirate,
UNIT_KRAKEN,25,flag,DeathEffectsHappy,
UNIT_KRAKEN,26,flag,IsFlanker,
UNIT_KRAKEN,27,flag,IsSubmarine,
UNIT_KRAKEN,28,flag,Explodes,
UNIT_KRAKEN,29,flag,OnlyBuildOne,
UNIT_KRAKEN,30,kv,SoundSelect1,SOUND_SELECT1_KRAKEN
UNIT_KRAKEN,31,kv,SoundSelect2,SOUND_SELECT2_KRAKEN
UNIT_KRAKEN,32,kv,SoundMove,SOUND_MOVE_KRAKEN
UNIT_KRAKEN,33,kv,SoundAcknowledge,SOUND_ACKNOWLEDGE_KRAKEN
UNIT_KRAKEN,34,kv,SoundCantMove,SOUND_CANTMOVE_KRAKEN
UNIT_KRAKEN,35,kv,SoundAttack,SOUND_ATTACK_KRAKEN
UNIT_KRAKEN,36,kv,SoundWork,SOUND_WORK_KRAKEN
UNIT_KRAKEN,37,kv,SoundVictory,SOUND_VICTORY_KRAKEN
UNIT_KRAKEN,38,kv,SoundDeath,SOUND_DEATH_KRAKEN
UNIT_KRAKEN,39,sublist,CanAttack,Sea
UNIT_KRAKEN,40,sublist,CanAttack,Underwater
UNIT_KRAKEN,41,sublist,CanAttack,ShallowWater
UNIT_KRAKEN,42,sublist,CanSee,Standard
UNIT_KRAKEN,43,sublist,CanSee,Underwater
UNIT_KRAKEN,44,sublist,MovementType,Sea
UNIT_KRAKEN,45,sublist,MovementType,ShallowWater
UNIT_KRAKEN,46,sublist,Size,Large
UNIT_KRAKEN,47,sublist,VisionClass,Underwater
UNIT_KRAKEN,48,nested,CanReform,"[{""t"": ""kv"", ""k"": ""Sound"", ""v"": ""SOUND_ID_REFORM_CITY""}, {""t"": ""kv"", ""k"": ""Effect"", ""v"": ""SPECEFFECT_REFORMCITY""}]"
UNIT_LAWYER,0,flag,GLHidden,
UNIT_LAWYER,1,kv,Description,DESCRIPTION_UNIT_LAWYER
UNIT_LAWYER,2,kv,DefaultIcon,ICON_UNIT_LAWYER
UNIT_LAWYER,3,kv,DefaultSprite,SPRITE_LAWYER
UNIT_LAWYER,4,kv,Category,UNIT_CATEGORY_SPECIAL
UNIT_LAWYER,5,kv,Attack,0
UNIT_LAWYER,6,kv,Defense,10
UNIT_LAWYER,7,kv,ZBRangeAttack,0
UNIT_LAWYER,8,kv,Firepower,1
UNIT_LAWYER,9,kv,Armor,1
UNIT_LAWYER,10,kv,MaxHP,10
UNIT_LAWYER,11,kv,ShieldCost,1750
UNIT_LAWYER,12,kv,PowerPoints,400
UNIT_LAWYER,13,kv,ShieldHunger,17
UNIT_LAWYER,14,kv,FoodHunger,0
UNIT_LAWYER,15,kv,MaxMovePoints,300
UNIT_LAWYER,16,kv,VisionRange,2
UNIT_LAWYER,17,kv,EnableAdvance,ADVANCE_CRIMINAL_CODE
UNIT_LAWYER,18,kv,ActiveDefenseRange,0
UNIT_LAWYER,19,flag,LossMoveToDmgNone,
UNIT_LAWYER,20,kv,MaxFuel,0
UNIT_LAWYER,21,flag,CanEntrench,
UNIT_LAWYER,22,flag,IgnoreZOC,
UNIT_LAWYER,23,flag,NoZoc,
UNIT_LAWYER,24,flag,CanSue,
UNIT_LAWYER,25,flag,CanBeSued,
UNIT_LAWYER,26,flag,CantCaptureCity,
UNIT_LAWYER,27,flag,DeathEffectsHappy,
UNIT_LAWYER,28,flag,IsSpecialForces,
UNIT_LAWYER,29,flag,Civilian,
UNIT_LAWYER,30,flag,OnlyBuildOne,
UNIT_LAWYER,31,kv,SoundSelect1,SOUND_SELECT1_LAWYER
UNIT_LAWYER,32,kv,SoundSelect2,SOUND_SELECT2_LAWYER
UNIT_LAWYER,33,kv,SoundMove,SOUND_MOVE_LAWYER
UNIT_LAWYER,34,kv,SoundAcknowledge,SOUND_ACKNOWLEDGE_LAWYER
UNIT_LAWYER,35,kv,SoundCantMove,SOUND_CANTMOVE_LAWYER
UNIT_LAWYER,36,kv,SoundAttack,SOUND_ATTACK_LAWYER
UNIT_LAWYER,37,kv,SoundWork,SOUND_WORK_LAWYER
UNIT_LAWYER,38,kv,SoundVictory,SOUND_VICTORY_LAWYER
UNIT_LAWYER,39,kv,SoundDeath,SOUND_DEATH_LAWYER
UNIT_LAWYER,40,sublist,CanSee,Standard
UNIT_LAWYER,41,sublist,CanSee,Stealth
UNIT_LAWYER,42,sublist,MovementType,Land
UNIT_LAWYER,43,sublist,MovementType,Mountain
UNIT_LAWYER,44,sublist,Size,Small
UNIT_LAWYER,45,sublist,VisionClass,Stealth
UNIT_LAWYER,46,nested,CanInjoin,"[{""t"": ""kv"", ""k"": ""Sound"", ""v"": ""SOUND_ID_INJUNCTION""}, {""t"": ""kv"", ""k"": ""Effect"", ""v"": ""SPECEFFECT_INJUNCTIONS""}]"
UNIT_LEVIATHON,0,flag,GLHidden,
UNIT_LEVIATHON,1,kv,Description,DESCRIPTION_UNIT_LEVIATHON
UNIT_LEVIATHON,2,kv,DefaultIcon,ICON_UNIT_LEVIATHON
UNIT_LEVIATHON,3,kv,DefaultSprite,SPRITE_LEVIATHON
UNIT_LEVIATHON,4,kv,Category,UNIT_CATEGORY_DEFENSE
UNIT_LEVIATHON,5,kv,Attack,60
UNIT_LEVIATHON,6,kv,Defense,100
UNIT_LEVIATHON,7,kv,ZBRangeAttack,60
UNIT_LEVIATHON,8,kv,Firepower,5
UNIT_LEVIATHON,9,kv,Armor,3
UNIT_LEVIATHON,10,kv,MaxHP,25
UNIT_LEVIATHON,11,kv,ShieldCost,7000
UNIT_LEVIATHON,12,kv,PowerPoints,12000
UNIT_LEVIATHON,13,kv,ShieldHunger,70
UNIT_LEVIATHON,14,kv,FoodHunger,0
UNIT_LEVIATHON,15,kv,MaxMovePoints,100
UNIT_LEVIATHON,16,kv,VisionRange,3
UNIT_LEVIATHON,17,kv,EnableAdvance,ADVANCE_UNIFIED_PHYSICS
UNIT_LEVIATHON,18,kv,BombRounds,5
UNIT_LEVIATHON,19,kv,BombardRange,1
UNIT_LEVIATHON,20,flag,CanCounterBombard,
UNIT_LEVIATHON,21,kv,ActiveDefenseRange,1
UNIT_LEVIATHON,22,flag,LossMoveToDmgNone,
UNIT_LEVIATHON,23,kv,MaxFuel,0
UNIT_LEVIATHON,24,flag,CanEntrench,
UNIT_LEVIATHON,25,flag,NoZoc,
UNIT_LEVIATHON,26,flag,CanExpel,
UNIT_LEVIATHON,27,flag,CanPillage,
UNIT_LEVIATHON,28,flag,CanPirate,
UNIT_LEVIATHON,29,flag,ExertsMartialLaw,
UNIT_LEVIATHON,30,flag,DeathEffectsHappy,
UNIT_LEVIATHON,31,flag,IsSpecialForces,
UNIT_LEVIATHON,32,flag,Explodes,
UNIT_LEVIATHON,33,flag,OnlyBuildOne,
UNIT_LEVIATHON,34,kv,SoundSelect1,SOUND_SELECT1_LEVIATHAN
UNIT_LEVIATHON,35,kv,SoundSelect2,SOUND_SELECT2_LEVIATHAN
UNIT_LEVIATHON,36,kv,SoundMove,SOUND_MOVE_LEVIATHAN
UNIT_LEVIATHON,37,kv,SoundAcknowledge,SOUND_ACKNOWLEDGE_LEVIATHAN
UNIT_LEVIATHON,38,kv,SoundCantMove,SOUND_CANTMOVE_LEVIATHAN
UNIT_LEVIATHON,39,kv,SoundAttack,SOUND_ATTACK_LEVIATHAN
UNIT_LEVIATHON,40,kv,SoundWork,SOUND_WORK_LEVIATHAN
UNIT_LEVIATHON,41,kv,SoundVictory,SOUND_VICTORY_LEVIATHAN
UNIT_LEVIATHON,42,kv,SoundDeath,SOUND_DEATH_LEVIATHAN
UNIT_LEVIATHON,43,sublist,CanAttack,Air
UNIT_LEVIATHON,44,sublist,CanAttack,Land
UNIT_LEVIATHON,45,sublist,CanBombard,Land
UNIT_LEVIATHON,46,sublist,CanBombard,Mountain
UNIT_LEVIATHON,47,sublist,CanBombard,Water
UNIT_LEVIATHON,48,sublist,CanBombard,Air
UNIT_LEVIATHON,49,sublist,CanSee,Standard
UNIT_LEVIATHON,50,sublist,Defend,Air
UNIT_LEVIATHON,51,sublist,MovementType,Land
UNIT_LEVIATHON,52,sublist,Size,Large
UNIT_LEVIATHON,53,sublist,VisionClass,Standard
UNIT_LEVIATHON,54,nested,CanReform,"[{""t"": ""kv"", ""k"": ""Sound"", ""v"": ""SOUND_ID_REFORM_CITY""}, {""t"": ""kv"", ""k"": ""Effect"", ""v"": ""SPECEFFECT_REFORMCITY""}]"
UNIT_MACHINE_GUNNER,0,flag,GLHidden,
UNIT_MACHINE_GUNNER,1,kv,Description,DESCRIPTION_UNIT_MACHINE_GUNNER
UNIT_MACHINE_GUNNER,2,kv,DefaultIcon,ICON_UNIT_MACHINE_GUNNER
UNIT_MACHINE_GUNNER,3,kv,DefaultSprite,SPRITE_MACHINE_GUNNER
UNIT_MACHINE_GUNNER,4,kv,Category,UNIT_CATEGORY_ATTACK
UNIT_MACHINE_GUNNER,5,kv,Attack,60
UNIT_MACHINE_GUNNER,6,kv,Defense,50
UNIT_MACHINE_GUNNER,7,kv,ZBRangeAttack,40
UNIT_MACHINE_GUNNER,8,kv,Firepower,3
UNIT_MACHINE_GUNNER,9,kv,Armor,1
UNIT_MACHINE_GUNNER,10,kv,MaxHP,20
UNIT_MACHINE_GUNNER,11,kv,ShieldCost,1400
UNIT_MACHINE_GUNNER,12,kv,PowerPoints,800
UNIT_MACHINE_GUNNER,13,kv,ShieldHunger,14
UNIT_MACHINE_GUNNER,14,kv,FoodHunger,0
UNIT_MACHINE_GUNNER,15,kv,MaxMovePoints,200
UNIT_MACHINE_GUNNER,16,kv,VisionRange,2
UNIT_MACHINE_GUNNER,17,kv,EnableAdvance,ADVANCE_MASS_PRODUCTION
UNIT_MACHINE_GUNNER,18,kv,ObsoleteAdvance,ADVANCE_CHAOS_THEORY
UNIT_MACHINE_GUNNER,19,kv,ActiveDefenseRange,0
UNIT_MACHINE_GUNNER,20,flag,LossMoveToDmgNone,
UNIT_MACHINE_GUNNER,21,kv,MaxFuel,0
UNIT_MACHINE_GUNNER,22,flag,CanEntrench,
UNIT_MACHINE_GUNNER,23,flag,NoZoc,
UNIT_MACHINE_GUNNER,24,flag,CanExpel,
UNIT_MACHINE_GUNNER,25,flag,CanPillage,
UNIT_MACHINE_GUNNER,26,flag,CanPirate,
UNIT_MACHINE_GUNNER,27,flag,BonusAgainstMounted,
UNIT_MACHINE_GUNNER,28,kv,MountedBonus,0.2
UNIT_MACHINE_GUNNER,29,flag,ExertsMartialLaw,
UNIT_MACHINE_GUNNER,30,flag,DeathEffectsHappy,
UNIT_MACHINE_GUNNER,31,flag,OnlyBuildOne,
UNIT_MACHINE_GUNNER,32,kv,SoundSelect1,SOUND_SELECT1_MACHINE_GUNNER
UNIT_MACHINE_GUNNER,33,kv,SoundSelect2,SOUND_SELECT2_MACHINE_GUNNER
UNIT_MACHINE_GUNNER,34,kv,SoundMove,SOUND_MOVE_MACHINE_GUNNER
UNIT_MACHINE_GUNNER,35,kv,SoundAcknowledge,SOUND_ACKNOWLEDGE_MACHINE_GUNNER
UNIT_MACHINE_GUNNER,36,kv,SoundCantMove,SOUND_CANTMOVE_MACHINE_GUNNER
UNIT_MACHINE_GUNNER,37,kv,SoundAttack,SOUND_ATTACK_MACHINE_GUNNER
UNIT_MACHINE_GUNNER,38,kv,SoundWork,SOUND_WORK_MACHINE_GUNNER
UNIT_MACHINE_GUNNER,39,kv,SoundVictory,SOUND_VICTORY_MACHINE_GUNNER
UNIT_MACHINE_GUNNER,40,kv,SoundDeath,SOUND_DEATH_MACHINE_GUNNER
UNIT_MACHINE_GUNNER,41,sublist,CanAttack,Land
UNIT_MACHINE_GUNNER,42,sublist,CanAttack,Mountain
UNIT_MACHINE_GUNNER,43,sublist,CanSee,Standard
UNIT_MACHINE_GUNNER,44,sublist,MovementType,Land
UNIT_MACHINE_GUNNER,45,sublist,MovementType,Mountain
UNIT_MACHINE_GUNNER,46,sublist,Size,Medium
UNIT_MACHINE_GUNNER,47,sublist,VisionClass,Standard
UNIT_MACHINE_GUNNER,48,nested,CanReform,"[{""t"": ""kv"", ""k"": ""Sound"", ""v"": ""SOUND_ID_REFORM_CITY""}, {""t"": ""kv"", ""k"": ""Effect"", ""v"": ""SPECEFFECT_REFORMCITY""}]"
UNIT_MARINE,0,flag,GLHidden,
UNIT_MARINE,1,kv,Description,DESCRIPTION_UNIT_MARINE
UNIT_MARINE,2,kv,DefaultIcon,ICON_UNIT_MARINE
UNIT_MARINE,3,kv,DefaultSprite,SPRITE_MARINE
UNIT_MARINE,4,kv,Category,UNIT_CATEGORY_ATTACK
UNIT_MARINE,5,kv,Attack,70
UNIT_MARINE,6,kv,Defense,55
UNIT_MARINE,7,kv,ZBRangeAttack,40
UNIT_MARINE,8,kv,Firepower,3
UNIT_MARINE,9,kv,Armor,1
UNIT_MARINE,10,kv,MaxHP,23
UNIT_MARINE,11,kv,ShieldCost,1750
UNIT_MARINE,12,kv,PowerPoints,1000
UNIT_MARINE,13,kv,ShieldHunger,17
UNIT_MARINE,14,kv,FoodHunger,0
UNIT_MARINE,15,kv,MaxMovePoints,300
UNIT_MARINE,16,kv,VisionRange,2
UNIT_MARINE,17,kv,EnableAdvance,ADVANCE_ADV_INFANTRY_TACTICS
UNIT_MARINE,18,kv,ActiveDefenseRange,0
UNIT_MARINE,19,flag,LossMoveToDmgNone,
UNIT_MARINE,20,kv,MaxFuel,0
UNIT_MARINE,21,flag,CanEntrench,
UNIT_MARINE,22,flag,NoZoc,
UNIT_MARINE,23,flag,CanBeachAssault,
UNIT_MARINE,24,flag,CanExpel,
UNIT_MARINE,25,flag,CanPillage,
UNIT_MARINE,26,flag,CanPirate,
UNIT_MARINE,27,flag,BonusAgainstMounted,
UNIT_MARINE,28,kv,MountedBonus,0.2
UNIT_MARINE,29,flag,ExertsMartialLaw,
UNIT_MARINE,30,flag,DeathEffectsHappy,
UNIT_MARINE,31,flag,IsSpecialForces,
UNIT_MARINE,32,flag,OnlyBuildOne,
UNIT_MARINE,33,kv,SoundSelect1,SOUND_SELECT1_MARINES
UNIT_MARINE,34,kv,SoundSelect2,SOUND_SELECT2_MARINES
UNIT_MARINE,35,kv,SoundMove,SOUND_MOVE_MARINES
UNIT_MARINE,36,kv,SoundAcknowledge,SOUND_ACKNOWLEDGE_MARINES
UNIT_MARINE,37,kv,SoundCantMove,SOUND_CANTMOVE_MARINES
UNIT_MARINE,38,kv,SoundAttack,SOUND_ATTACK_MARINES
UNIT_MARINE,39,kv,SoundWork,SOUND_WORK_MARINES
UNIT_MARINE,40,kv,SoundVictory,SOUND_VICTORY_MARINES
UNIT_MARINE,41,kv,SoundDeath,SOUND_DEATH_MARINES
UNIT_MARINE,42,sublist,CanAttack,Land
UNIT_MARINE,43,sublist,CanAttack,Mountain
UNIT_MARINE,44,sublist,CanSee,Standard
UNIT_MARINE,45,sublist,MovementType,Land
UNIT_MARINE,46,sublist,MovementType,Mountain
UNIT_MARINE,47,sublist,Size,Medium
UNIT_MARINE,48,sublist,VisionClass,Standard
UNIT_MARINE,49,nested,CanReform,"[{""t"": ""kv"", ""k"": ""Sound"", ""v"": ""SOUND_ID_REFORM_CITY""}, {""t"": ""kv"", ""k"": ""Effect"", ""v"": ""SPECEFFECT_REFORMCITY""}]"
UNIT_MOBILE_SAM,0,flag,GLHidden,
UNIT_MOBILE_SAM,1,kv,Description,DESCRIPTION_UNIT_MOBILE_SAM
UNIT_MOBILE_SAM,2,kv,DefaultIcon,ICON_UNIT_MOBILE_SAM
UNIT_MOBILE_SAM,3,kv,DefaultSprite,SPRITE_MOBILE_SAM
UNIT_MOBILE_SAM,4,kv,Category,UNIT_CATEGORY_RANGED
UNIT_MOBILE_SAM,5,kv,Attack,20
UNIT_MOBILE_SAM,6,kv,Defense,30
UNIT_MOBILE_SAM,7,kv,ZBRangeAttack,80
UNIT_MOBILE_SAM,8,kv,Firepower,3
UNIT_MOBILE_SAM,9,kv,Armor,1
UNIT_MOBILE_SAM,10,kv,MaxHP,15
UNIT_MOBILE_SAM,11,kv,ShieldCost,2300
UNIT_MOBILE_SAM,12,kv,PowerPoints,2000
UNIT_MOBILE_SAM,13,kv,ShieldHunger,23
UNIT_MOBILE_SAM,14,kv,FoodHunger,0
UNIT_MOBILE_SAM,15,kv,MaxMovePoints,400
UNIT_MOBILE_SAM,16,kv,VisionRange,3
UNIT_MOBILE_SAM,17,kv,EnableAdvance,ADVANCE_RADAR
UNIT_MOBILE_SAM,18,kv,BombRounds,5
UNIT_MOBILE_SAM,19,kv,BombardRange,1
UNIT_MOBILE_SAM,20,flag,CanCounterBombard,
UNIT_MOBILE_SAM,21,kv,ActiveDefenseRange,1
UNIT_MOBILE_SAM,22,flag,LossMoveToDmgNone,
UNIT_MOBILE_SAM,23,kv,MaxFuel,0
UNIT_MOBILE_SAM,24,flag,CanEntrench,
UNIT_MOBILE_SAM,25,flag,IgnoreZOC,
UNIT_MOBILE_SAM,26,flag,NoZoc,
UNIT_MOBILE_SAM,27,flag,CanExpel,
UNIT_MOBILE_SAM,28,flag,CanPillage,
UNIT_MOBILE_SAM,29,flag,CanPirate,
UNIT_MOBILE_SAM,30,flag,ExertsMartialLaw,
UNIT_MOBILE_SAM,31,flag,DeathEffectsHappy,
UNIT_MOBILE_SAM,32,flag,Explodes,
UNIT_MOBILE_SAM,33,flag,OnlyBuildOne,
UNIT_MOBILE_SAM,34,kv,SoundSelect1,SOUND_SELECT1_MOBILE_SAM
UNIT_MOBILE_SAM,35,kv,SoundSelect2,SOUND_SELECT2_MOBILE_SAM
UNIT_MOBILE_SAM,36,kv,SoundMove,SOUND_MOVE_MOBILE_SAM
UNIT_MOBILE_SAM,37,kv,SoundAcknowledge,SOUND_ACKNOWLEDGE_MOBILE_SAM
UNIT_MOBILE_SAM,38,kv,SoundCantMove,SOUND_CANTMOVE_MOBILE_SAM
UNIT_MOBILE_SAM,39,kv,SoundAttack,SOUND_ATTACK_MOBILE_SAM
UNIT_MOBILE_SAM,40,kv,SoundWork,SOUND_WORK_MOBILE_SAM
UNIT_MOBILE_SAM,41,kv,SoundVictory,SOUND_VICTORY_MOBILE_SAM
UNIT_MOBILE_SAM,42,kv,SoundDeath,SOUND_DEATH_MOBILE_SAM
UNIT_MOBILE_SAM,43,sublist,CanAttack,Air
UNIT_MOBILE_SAM,44,sublist,CanBombard,Air
UNIT_MOBILE_SAM,45,sublist,CanBombard,Land
UNIT_MOBILE_SAM,46,sublist,CanBombard,Mountain
UNIT_MOBILE_SAM,47,sublist,CanBombard,Water
UNIT_MOBILE_SAM,48,sublist,CanSee,Standard
UNIT_MOBILE_SAM,49,sublist,Defend,Air
UNIT_MOBILE_SAM,50,sublist,MovementType,Land
UNIT_MOBILE_SAM,51,sublist,Size,Medium
UNIT_MOBILE_SAM,52,sublist,VisionClass,Standard
UNIT_MOBILE_SAM,53,nested,CanReform,"[{""t"": ""kv"", ""k"": ""Sound"", ""v"": ""SOUND_ID_REFORM_CITY""}, {""t"": ""kv"", ""k"": ""Effect"", ""v"": ""SPECEFFECT_REFORMCITY""}]"
UNIT_MOREY_STRIKER,0,flag,GLHidden,
UNIT_MOREY_STRIKER,1,kv,Description,DESCRIPTION_UNIT_MOREY_STRIKER
UNIT_MOREY_STRIKER,2,kv,DefaultIcon,ICON_UNIT_MOREY_STRIKER
UNIT_MOREY_STRIKER,3,kv,DefaultSprite,SPRITE_MOREY_STRIKER
UNIT_MOREY_STRIKER,4,kv,Category,UNIT_CATEGORY_UNDERSEA
UNIT_MOREY_STRIKER,5,kv,Attack,60
UNIT_MOREY_STRIKER,6,kv,Defense,80
UNIT_MOREY_STRIKER,7,kv,ZBRangeAttack,60
UNIT_MOREY_STRIKER,8,kv,Firepower,4
UNIT_MOREY_STRIKER,9,kv,Armor,4
UNIT_MOREY_STRIKER,10,kv,MaxHP,20
UNIT_MOREY_STRIKER,11,kv,ShieldCost,4000
UNIT_MOREY_STRIKER,12,kv,PowerPoints,100
UNIT_MOREY_STRIKER,13,kv,ShieldHunger,40
UNIT_MOREY_STRIKER,14,kv,FoodHunger,0
UNIT_MOREY_STRIKER,15,kv,MaxMovePoints,1600
UNIT_MOREY_STRIKER,16,kv,VisionRange,3
UNIT_MOREY_STRIKER,17,kv,EnableAdvance,ADVANCE_GENETICS
UNIT_MOREY_STRIKER,18,kv,BombRounds,5
UNIT_MOREY_STRIKER,19,kv,BombardRange,1
UNIT_MOREY_STRIKER,20,flag,CanCounterBombard,
UNIT_MOREY_STRIKER,21,kv,ActiveDefenseRange,1
UNIT_MOREY_STRIKER,22,flag,LossMoveToDmgNone,
UNIT_MOREY_STRIKER,23,kv,MaxFuel,0
UNIT_MOREY_STRIKER,24,flag,CanExpel,
UNIT_MOREY_STRIKER,25,flag,NoZoc,
UNIT_MOREY_STRIKER,26,flag,CanPillage,
UNIT_MOREY_STRIKER,27,flag,CanPirate,
UNIT_MOREY_STRIKER,28,flag,DeathEffectsHappy,
UNIT_MOREY_STRIKER,29,flag,IsFlanker,
UNIT_MOREY_STRIKER,30,flag,IsSubmarine,
UNIT_MOREY_STRIKER,31,flag,Explodes,
UNIT_MOREY_STRIKER,32,flag,OnlyBuildOne,
UNIT_MOREY_STRIKER,33,kv,SoundSelect1,SOUND_SELECT1_MOREY_STRIKER
UNIT_MOREY_STRIKER,34,kv,SoundSelect2,SOUND_SELECT2_MOREY_STRIKER
UNIT_MOREY_STRIKER,35,kv,SoundMove,SOUND_MOVE_MOREY_STRIKER
UNIT_MOREY_STRIKER,36,kv,SoundAcknowledge,SOUND_ACKNOWLEDGE_MOREY_STRIKER
UNIT_MOREY_STRIKER,37,kv,SoundCantMove,SOUND_CANTMOVE_MOREY_STRIKER
UNIT_MOREY_STRIKER,38,kv,SoundAttack,SOUND_ATTACK_MOREY_STRIKER
UNIT_MOREY_STRIKER,39,kv,SoundWork,SOUND_WORK_MOREY_STRIKER
UNIT_MOREY_STRIKER,40,kv,SoundVictory,SOUND_VICTORY_MOREY_STRIKER
UNIT_MOREY_STRIKER,41,kv,SoundDeath,SOUND_DEATH_MOREY_STRIKER
UNIT_MOREY_STRIKER,42,sublist,CanAttack,Sea
UNIT_MOREY_STRIKER,43,sublist,CanAttack,Underwater
UNIT_MOREY_STRIKER,44,sublist,CanAttack,ShallowWater
UNIT_MOREY_STRIKER,45,sublist,CanBombard,Water
UNIT_MOREY_STRIKER,46,sublist,CanSee,Standard
UNIT_MOREY_STRIKER,47,sublist,MovementType,Sea
UNIT_MOREY_STRIKER,48,sublist,MovementType,ShallowWater
UNIT_MOREY_STRIKER,49,sublist,Size,Large
UNIT_MOREY_STRIKER,50,sublist,VisionClass,Underwater
UNIT_MOREY_STRIKER,51,nested,CanReform,"[{""t"": ""kv"", ""k"": ""Sound"", ""v"": ""SOUND_ID_REFORM_CITY""}, {""t"": ""kv"", ""k"": ""Effect"", ""v"": ""SPECEFFECT_REFORMCITY""}]"
UNIT_NUCLEAR_SUBMARINE,0,flag,GLHidden,
UNIT_NUCLEAR_SUBMARINE,1,kv,Description,DESCRIPTION_UNIT_NUCLEAR_SUBMARINE
UNIT_NUCLEAR_SUBMARINE,2,kv,DefaultIcon,ICON_UNIT_NUCLEAR_SUBMARINE
UNIT_NUCLEAR_SUBMARINE,3,kv,DefaultSprite,SPRITE_NUCLEAR_SUBMARINE
UNIT_NUCLEAR_SUBMARINE,4,kv,Category,UNIT_CATEGORY_UNDERSEA
UNIT_NUCLEAR_SUBMARINE,5,kv,Attack,50
UNIT_NUCLEAR_SUBMARINE,6,kv,Defense,40
UNIT_NUCLEAR_SUBMARINE,7,kv,ZBRangeAttack,50
UNIT_NUCLEAR_SUBMARINE,8,kv,Firepower,4
UNIT_NUCLEAR_SUBMARINE,9,kv,Armor,3
UNIT_NUCLEAR_SUBMARINE,10,kv,MaxHP,15
UNIT_NUCLEAR_SUBMARINE,11,kv,ShieldCost,2100
UNIT_NUCLEAR_SUBMARINE,12,kv,PowerPoints,1850
UNIT_NUCLEAR_SUBMARINE,13,kv,ShieldHunger,21
UNIT_NUCLEAR_SUBMARINE,14,kv,FoodHunger,0
UNIT_NUCLEAR_SUBMARINE,15,kv,MaxMovePoints,1000
UNIT_NUCLEAR_SUBMARINE,16,kv,VisionRange,3
UNIT_NUCLEAR_SUBMARINE,17,kv,EnableAdvance,ADVANCE_NUCLEAR_POWER
UNIT_NUCLEAR_SUBMARINE,18,kv,ObsoleteAdvance,ADVANCE_GENETIC_TAILORING
UNIT_NUCLEAR_SUBMARINE,19,kv,BombRounds,5
UNIT_NUCLEAR_SUBMARINE,20,kv,BombardRange,1
UNIT_NUCLEAR_SUBMARINE,21,flag,CanCounterBombard,
UNIT_NUCLEAR_SUBMARINE,22,kv,ActiveDefenseRange,0
UNIT_NUCLEAR_SUBMARINE,23,flag,LossMoveToDmgNone,
UNIT_NUCLEAR_SUBMARINE,24,kv,MaxFuel,0
UNIT_NUCLEAR_SUBMARINE,25,flag,CanExpel,
UNIT_NUCLEAR_SUBMARINE,26,flag,NoZoc,
UNIT_NUCLEAR_SUBMARINE,27,flag,CanPillage,
UNIT_NUCLEAR_SUBMARINE,28,flag,CanPirate,
UNIT_NUCLEAR_SUBMARINE,29,flag,CantCaptureCity,
UNIT_NUCLEAR_SUBMARINE,30,flag,DeathEffectsHappy,
UNIT_NUCLEAR_SUBMARINE,31,flag,IsFlanker,
UNIT_NUCLEAR_SUBMARINE,32,flag,IsSubmarine,
UNIT_NUCLEAR_SUBMARINE,33,flag,Explodes,
UNIT_NUCLEAR_SUBMARINE,34,flag,OnlyBuildOne,
UNIT_NUCLEAR_SUBMARINE,35,kv,SoundSelect1,SOUND_SELECT1_NUCLEAR_SUBMARINE
UNIT_NUCLEAR_SUBMARINE,36,kv,SoundSelect2,SOUND_SELECT2_NUCLEAR_SUBMARINE
UNIT_NUCLEAR_SUBMARINE,37,kv,SoundMove,SOUND_MOVE_NUCLEAR_SUBMARINE
UNIT_NUCLEAR_SUBMARINE,38,kv,SoundAcknowledge,SOUND_ACKNOWLEDGE_NUCLEAR_SUBMARINE
UNIT_NUCLEAR_SUBMARINE,39,kv,SoundCantMove,SOUND_CANTMOVE_NUCLEAR_SUBMARINE
UNIT_NUCLEAR_SUBMARINE,40,kv,SoundAttack,SOUND_ATTACK_NUCLEAR_SUBMARINE
UNIT_NUCLEAR_SUBMARINE,41,kv,SoundWork,SOUND_WORK_NUCLEAR_SUBMARINE
UNIT_NUCLEAR_SUBMARINE,42,kv,SoundVictory,SOUND_VICTORY_NUCLEAR_SUBMARINE
UNIT_NUCLEAR_SUBMARINE,43,kv,SoundDeath,SOUND_DEATH_NUCLEAR_SUBMARINE
UNIT_NUCLEAR_SUBMARINE,44,sublist,CanAttack,ShallowWater
UNIT_NUCLEAR_SUBMARINE,45,sublist,CanAttack,Sea
UNIT_NUCLEAR_SUBMARINE,46,sublist,CanAttack,Underwater
UNIT_NUCLEAR_SUBMARINE,47,sublist,CanBombard,Water
UNIT_NUCLEAR_SUBMARINE,48,sublist,CanCarry,SmallAir
UNIT_NUCLEAR_SUBMARINE,49,sublist,CanCarry,SmallLand
UNIT_NUCLEAR_SUBMARINE,50,sublist,CanSee,Standard
UNIT_NUCLEAR_SUBMARINE,51,sublist,CanSee,Underwater
UNIT_NUCLEAR_SUBMARINE,52,sublist,MovementType,Sea
UNIT_NUCLEAR_SUBMARINE,53,sublist,MovementType,ShallowWater
UNIT_NUCLEAR_SUBMARINE,54,sublist,Size,Large
UNIT_NUCLEAR_SUBMARINE,55,sublist,VisionClass,Underwater
UNIT_NUCLEAR_SUBMARINE,56,nested,CanReform,"[{""t"": ""kv"", ""k"": ""Sound"", ""v"": ""SOUND_ID_REFORM_CITY""}, {""t"": ""kv"", ""k"": ""Effect"", ""v"": ""SPECEFFECT_REFORMCITY""}]"
UNIT_NUCLEAR_SUBMARINE,57,nested,CargoData,"[{""t"": ""kv"", ""k"": ""MaxCargo"", ""v"": ""2""}, {""t"": ""kv"", ""k"": ""Load"", ""v"": ""SOUND_ID_SUBMARINE_LOAD""}, {""t"": ""kv"", ""k"": ""Unload"", ""v"": ""SOUND_ID_SUBMARINE_UNLOAD""}]"
UNIT_NUKE,0,flag,GLHidden,
UNIT_NUKE,1,kv,Description,DESCRIPTION_UNIT_NUKE
UNIT_NUKE,2,kv,DefaultIcon,ICON_UNIT_NUKE
UNIT_NUKE,3,kv,DefaultSprite,SPRITE_NUKE
UNIT_NUKE,4,kv,Category,UNIT_CATEGORY_AERIAL
UNIT_NUKE,5,kv,Attack,1000
UNIT_NUKE,6,kv,Defense,10
UNIT_NUKE,7,kv,ZBRangeAttack,0
UNIT_NUKE,8,kv,Firepower,1
UNIT_NUKE,9,kv,Armor,1
UNIT_NUKE,10,kv,MaxHP,10
UNIT_NUKE,11,kv,ShieldCost,4000
UNIT_NUKE,12,kv,PowerPoints,4000
UNIT_NUKE,13,kv,ShieldHunger,40
UNIT_NUKE,14,kv,FoodHunger,0
UNIT_NUKE,15,kv,MaxMovePoints,2000
UNIT_NUKE,16,kv,VisionRange,2
UNIT_NUKE,17,kv,EnableAdvance,ADVANCE_NUCLEAR_POWER
UNIT_NUKE,18,kv,ActiveDefenseRange,0
UNIT_NUKE,19,flag,LossMoveToDmgNone,
UNIT_NUKE,20,flag,NoFuelThenCrash,
UNIT_NUKE,21,kv,MaxFuel,2000
UNIT_NUKE,22,flag,IgnoreZOC,
UNIT_NUKE,23,flag,NoZoc,
UNIT_NUKE,24,flag,CanBeachAssault,
UNIT_NUKE,25,flag,CantCaptureCity,
UNIT_NUKE,26,flag,SingleUse,
UNIT_NUKE,27,flag,IsSpecialForces,
UNIT_NUKE,28,flag,Explodes,
UNIT_NUKE,29,flag,OnlyBuildOne,
UNIT_NUKE,30,kv,SoundSelect1,SOUND_SELECT1_NUKE
UNIT_NUKE,31,kv,SoundSelect2,SOUND_SELECT2_NUKE
UNIT_NUKE,32,kv,SoundMove,SOUND_MOVE_NUKE
UNIT_NUKE,33,kv,SoundAcknowledge,SOUND_ACKNOWLEDGE_NUKE
UNIT_NUKE,34,kv,SoundCantMove,SOUND_CANTMOVE_NUKE
UNIT_NUKE,35,kv,SoundAttack,SOUND_ATTACK_NUKE
UNIT_NUKE,36,kv,SoundWork,SOUND_WORK_NUKE
UNIT_NUKE,37,kv,SoundVictory,SOUND_VICTORY_NUKE
UNIT_NUKE,38,kv,SoundDeath,SOUND_DEATH_NUKE
UNIT_NUKE,39,sublist,CanAttack,Air
UNIT_NUKE,40,sublist,CanAttack,Land
UNIT_NUKE,41,sublist,CanAttack,Mountain
UNIT_NUKE,42,sublist,CanAttack,Sea
UNIT_NUKE,43,sublist,CanAttack,ShallowWater
UNIT_NUKE,44,sublist,CanSee,Standard
UNIT_NUKE,45,sublist,MovementType,Air
UNIT_NUKE,46,sublist,Size,Small
UNIT_NUKE,47,sublist,VisionClass,Standard
UNIT_NUKE,48,nested,NuclearAttack,"[{""t"": ""kv"", ""k"": ""Sound"", ""v"": ""SOUND_ID_NUCLEAR_ATTACK""}, {""t"": ""kv"", ""k"": ""Effect"", ""v"": ""SPECEFFECT_NUCLEAR_ATTACK""}]"
UNIT_OCEAN_CITY,0,flag,GLHidden,
UNIT_OCEAN_CITY,1,kv,Description,DESCRIPTION_UNIT_OCEAN_CITY
UNIT_OCEAN_CITY,2,kv,DefaultIcon,ICON_UNIT_OCEAN_CITY
UNIT_OCEAN_CITY,3,kv,DefaultSprite,SPRITE_OCEAN_CITY
UNIT_OCEAN_CITY,4,kv,Category,UNIT_CATEGORY_GENERIC
UNIT_OCEAN_CITY,5,kv,Attack,0
UNIT_OCEAN_CITY,6,kv,Defense,0
UNIT_OCEAN_CITY,7,kv,ZBRangeAttack,0
UNIT_OCEAN_CITY,8,kv,Firepower,0
UNIT_OCEAN_CITY,9,kv,Armor,0
UNIT_OCEAN_CITY,10,kv,MaxHP,0
UNIT_OCEAN_CITY,11,kv,ShieldCost,0
UNIT_OCEAN_CITY,12,kv,PowerPoints,1000
UNIT_OCEAN_CITY,13,kv,ShieldHunger,0
UNIT_OCEAN_CITY,14,kv,FoodHunger,0
UNIT_OCEAN_CITY,15,kv,MaxMovePoints,0
UNIT_OCEAN_CITY,16,kv,VisionRange,2
UNIT_OCEAN_CITY,17,kv,ActiveDefenseRange,0
UNIT_OCEAN_CITY,18,flag,LossMoveToDmgNone,
UNIT_OCEAN_CITY,19,kv,MaxFuel,0
UNIT_OCEAN_CITY,20,flag,HasPopAndCanBuild,
UNIT_OCEAN_CITY,21,flag,CantBuild,
UNIT_OCEAN_CITY,22,kv,CityGrowthCoefficient,0.5
UNIT_OCEAN_CITY,23,flag,NoIndex,
UNIT_OCEAN_CITY,24,flag,GLHidden,
UNIT_OCEAN_CITY,25,flag,CantCaptureCity,
UNIT_OCEAN_CITY,26,flag,NeedsNoSupport,
UNIT_OCEAN_CITY,27,kv,SoundSelect1,SOUND_SELECT1_OCEAN_CITY
UNIT_OCEAN_CITY,28,kv,SoundSelect2,SOUND_SELECT2_OCEAN_CITY
UNIT_OCEAN_CITY,29,kv,SoundMove,SOUND_MOVE_OCEAN_CITY
UNIT_OCEAN_CITY,30,kv,SoundAcknowledge,SOUND_ACKNOWLEDGE_OCEAN_CITY
UNIT_OCEAN_CITY,31,kv,SoundCantMove,SOUND_CANTMOVE_OCEAN_CITY
UNIT_OCEAN_CITY,32,kv,SoundAttack,SOUND_ATTACK_OCEAN_CITY
UNIT_OCEAN_CITY,33,kv,SoundWork,SOUND_WORK_OCEAN_CITY
UNIT_OCEAN_CITY,34,kv,SoundVictory,SOUND_VICTORY_OCEAN_CITY
UNIT_OCEAN_CITY,35,kv,SoundDeath,SOUND_DEATH_OCEAN_CITY
UNIT_OCEAN_CITY,36,sublist,CanAttack,Land
UNIT_OCEAN_CITY,37,sublist,CanAttack,Sea
UNIT_OCEAN_CITY,38,sublist,CanAttack,ShallowWater
UNIT_OCEAN_CITY,39,sublist,CanSee,Standard
UNIT_OCEAN_CITY,40,sublist,MovementType,Land
UNIT_OCEAN_CITY,41,sublist,MovementType,Sea
UNIT_OCEAN_CITY,42,sublist,MovementType,ShallowWater
UNIT_OCEAN_CITY,43,sublist,Size,Medium
UNIT_OCEAN_CITY,44,sublist,VisionClass,Standard
UNIT_OCEAN_CITY,45,nested,Revolution,"[{""t"": ""kv"", ""k"": ""Sound"", ""v"": ""SOUND_ID_REVOLUTION""}, {""t"": ""kv"", ""k"": ""Effect"", ""v"": ""SPECEFFECT_REVOLUTION""}]"
UNIT_PARATROOPER,0,flag,GLHidden,
UNIT_PARATROOPER,1,kv,Description,DESCRIPTION_UNIT_PARATROOPER
UNIT_PARATROOPER,2,kv,DefaultIcon,ICON_UNIT_PARATROOPER
UNIT_PARATROOPER,3,kv,DefaultSprite,SPRITE_PARATROOPER
UNIT_PARATROOPER,4,kv,Category,UNIT_CATEGORY_ATTACK
UNIT_PARATROOPER,5,kv,Attack,60
UNIT_PARATROOPER,6,kv,Defense,45
UNIT_PARATROOPER,7,kv,ZBRangeAttack,30
UNIT_PARATROOPER,8,kv,Firepower,3
UNIT_PARATROOPER,9,kv,Armor,1
UNIT_PARATROOPER,10,kv,MaxHP,20
UNIT_PARATROOPER,11,kv,ShieldCost,2000
UNIT_PARATROOPER,12,kv,PowerPoints,2500
UNIT_PARATROOPER,13,kv,ShieldHunger,20
UNIT_PARATROOPER,14,kv,FoodHunger,0
UNIT_PARATROOPER,15,kv,MaxMovePoints,300
UNIT_PARATROOPER,16,kv,VisionRange,2
UNIT_PARATROOPER,17,kv,EnableAdvance,ADVANCE_ADV_INFANTRY_TACTICS
UNIT_PARATROOPER,18,kv,ActiveDefenseRange,0
UNIT_PARATROOPER,19,flag,LossMoveToDmgNone,
UNIT_PARATROOPER,20,kv,MaxFuel,0
UNIT_PARATROOPER,21,flag,CanEntrench,
UNIT_PARATROOPER,22,flag,IgnoreZOC,
UNIT_PARATROOPER,23,flag,NoZoc,
UNIT_PARATROOPER,24,flag,CanExpel,
UNIT_PARATROOPER,25,flag,CanPillage,
UNIT_PARATROOPER,26,flag,CanPirate,
UNIT_PARATROOPER,27,flag,BonusAgainstMounted,
UNIT_PARATROOPER,28,kv,MountedBonus,0.2
UNIT_PARATROOPER,29,flag,ExertsMartialLaw,
UNIT_PARATROOPER,30,flag,DeathEffectsHappy,
UNIT_PARATROOPER,31,flag,IsSpecialForces,
UNIT_PARATROOPER,32,flag,Paratrooper,
UNIT_PARATROOPER,33,flag,OnlyBuildOne,
UNIT_PARATROOPER,34,kv,SoundSelect1,SOUND_SELECT1_PARATROOPER
UNIT_PARATROOPER,35,kv,SoundSelect2,SOUND_SELECT2_PARATROOPER
UNIT_PARATROOPER,36,kv,SoundMove,SOUND_MOVE_PARATROOPER
UNIT_PARATROOPER,37,kv,SoundAcknowledge,SOUND_ACKNOWLEDGE_PARATROOPER
UNIT_PARATROOPER,38,kv,SoundCantMove,SOUND_CANTMOVE_PARATROOPER
UNIT_PARATROOPER,39,kv,SoundAttack,SOUND_ATTACK_PARATROOPER
UNIT_PARATROOPER,40,kv,SoundWork,SOUND_WORK_PARATROOPER
UNIT_PARATROOPER,41,kv,SoundVictory,SOUND_VICTORY_PARATROOPER
UNIT_PARATROOPER,42,kv,SoundDeath,SOUND_DEATH_PARATROOPER
UNIT_PARATROOPER,43,sublist,CanAttack,Land
UNIT_PARATROOPER,44,sublist,CanAttack,Mountain
UNIT_PARATROOPER,45,sublist,CanSee,Standard
UNIT_PARATROOPER,46,sublist,MovementType,Land
UNIT_PARATROOPER,47,sublist,MovementType,Mountain
UNIT_PARATROOPER,48,sublist,Size,Small
UNIT_PARATROOPER,49,sublist,VisionClass,Standard
UNIT_PARATROOPER,50,nested,CanReform,"[{""t"": ""kv"", ""k"": ""Sound"", ""v"": ""SOUND_ID_REFORM_CITY""}, {""t"": ""kv"", ""k"": ""Effect"", ""v"": ""SPECEFFECT_REFORMCITY""}]"
UNIT_PLASMA_DESTROYER,0,flag,GLHidden,
UNIT_PLASMA_DESTROYER,1,kv,Description,DESCRIPTION_UNIT_PLASMA_DESTROYER
UNIT_PLASMA_DESTROYER,2,kv,DefaultIcon,ICON_UNIT_PLASMA_DESTROYER
UNIT_PLASMA_DESTROYER,3,kv,DefaultSprite,SPRITE_PLASMA_DESTROYER
UNIT_PLASMA_DESTROYER,4,kv,Category,UNIT_CATEGORY_NAVAL
UNIT_PLASMA_DESTROYER,5,kv,Attack,80
UNIT_PLASMA_DESTROYER,6,kv,Defense,60
UNIT_PLASMA_DESTROYER,7,kv,ZBRangeAttack,80
UNIT_PLASMA_DESTROYER,8,kv,Firepower,4
UNIT_PLASMA_DESTROYER,9,kv,Armor,5
UNIT_PLASMA_DESTROYER,10,kv,MaxHP,25
UNIT_PLASMA_DESTROYER,11,kv,ShieldCost,5200
UNIT_PLASMA_DESTROYER,12,kv,PowerPoints,6000
UNIT_PLASMA_DESTROYER,13,kv,ShieldHunger,52
UNIT_PLASMA_DESTROYER,14,kv,FoodHunger,0
UNIT_PLASMA_DESTROYER,15,kv,MaxMovePoints,2000
UNIT_PLASMA_DESTROYER,16,kv,VisionRange,4
UNIT_PLASMA_DESTROYER,17,kv,EnableAdvance,ADVANCE_PLASMA_WEAPONRY
UNIT_PLASMA_DESTROYER,18,kv,BombRounds,5
UNIT_PLASMA_DESTROYER,19,kv,BombardRange,1
UNIT_PLASMA_DESTROYER,20,flag,CanCounterBombard,
UNIT_PLASMA_DESTROYER,21,kv,ActiveDefenseRange,1
UNIT_PLASMA_DESTROYER,22,flag,LossMoveToDmgNone,
UNIT_PLASMA_DESTROYER,23,kv,MaxFuel,0
UNIT_PLASMA_DESTROYER,24,flag,CanExpel,
UNIT_PLASMA_DESTROYER,25,flag,NoZoc,
UNIT_PLASMA_DESTROYER,26,flag,CanPillage,
UNIT_PLASMA_DESTROYER,27,flag,CanPirate,
UNIT_PLASMA_DESTROYER,28,flag,ExertsMartialLaw,
UNIT_PLASMA_DESTROYER,29,flag,DeathEffectsHappy,
UNIT_PLASMA_DESTROYER,30,flag,Explodes,
UNIT_PLASMA_DESTROYER,31,flag,OnlyBuildOne,
UNIT_PLASMA_DESTROYER,32,kv,SoundSelect1,SOUND_SELECT1_PLASMA_DESTROYER
UNIT_PLASMA_DESTROYER,33,kv,SoundSelect2,SOUND_SELECT2_PLASMA_DESTROYER
UNIT_PLASMA_DESTROYER,34,kv,SoundMove,SOUND_MOVE_PLASMA_DESTROYER
UNIT_PLASMA_DESTROYER,35,kv,SoundAcknowledge,SOUND_ACKNOWLEDGE_PLASMA_DESTROYER
UNIT_PLASMA_DESTROYER,36,kv,SoundCantMove,SOUND_CANTMOVE_PLASMA_DESTROYER
UNIT_PLASMA_DESTROYER,37,kv,SoundAttack,SOUND_ATTACK_PLASMA_DESTROYER
UNIT_PLASMA_DESTROYER,38,kv,SoundWork,SOUND_WORK_PLASMA_DESTROYER
UNIT_PLASMA_DESTROYER,39,kv,SoundVictory,SOUND_VICTORY_PLASMA_DESTROYER
UNIT_PLASMA_DESTROYER,40,kv,SoundDeath,SOUND_DEATH_PLASMA_DESTROYER
UNIT_PLASMA_DESTROYER,41,sublist,CanAttack,Air
UNIT_PLASMA_DESTROYER,42,sublist,CanAttack,Sea
UNIT_PLASMA_DESTROYER,43,sublist,CanAttack,Underwater
UNIT_PLASMA_DESTROYER,44,sublist,CanAttack,ShallowWater
UNIT_PLASMA_DESTROYER,45,sublist,CanBombard,Land
UNIT_PLASMA_DESTROYER,46,sublist,CanBombard,Mountain
UNIT_PLASMA_DESTROYER,47,sublist,CanBombard,Water
UNIT_PLASMA_DESTROYER,48,sublist,CanBombard,Air
UNIT_PLASMA_DESTROYER,49,sublist,CanSee,Standard
UNIT_PLASMA_DESTROYER,50,sublist,CanSee,Underwater
UNIT_PLASMA_DESTROYER,51,sublist,Defend,Air
UNIT_PLASMA_DESTROYER,52,sublist,MovementType,Sea
UNIT_PLASMA_DESTROYER,53,sublist,MovementType,ShallowWater
UNIT_PLASMA_DESTROYER,54,sublist,Size,Large
UNIT_PLASMA_DESTROYER,55,sublist,VisionClass,Standard
UNIT_PLASMA_DESTROYER,56,nested,CanReform,"[{""t"": ""kv"", ""k"": ""Sound"", ""v"": ""SOUND_ID_REFORM_CITY""}, {""t"": ""kv"", ""k"": ""Effect"", ""v"": ""SPECEFFECT_REFORMCITY""}]"
UNIT_REVOLUTIONARY,0,flag,GLHidden,
UNIT_REVOLUTIONARY,1,kv,Description,DESCRIPTION_UNIT_SPY
UNIT_REVOLUTIONARY,2,kv,DefaultIcon,ICON_UNIT_REVOLUTIONARY
UNIT_REVOLUTIONARY,3,kv,DefaultSprite,SPRITE_REVOLUTIONARY
UNIT_REVOLUTIONARY,4,kv,Category,UNIT_CATEGORY_SPECIAL
UNIT_REVOLUTIONARY,5,kv,Attack,0
UNIT_REVOLUTIONARY,6,kv,Defense,10
UNIT_REVOLUTIONARY,7,kv,ZBRangeAttack,0
UNIT_REVOLUTIONARY,8,kv,Firepower,1
UNIT_REVOLUTIONARY,9,kv,Armor,1
UNIT_REVOLUTIONARY,10,kv,MaxHP,10
UNIT_REVOLUTIONARY,11,kv,ShieldCost,1500
UNIT_REVOLUTIONARY,12,kv,PowerPoints,1500
UNIT_REVOLUTIONARY,13,kv,ShieldHunger,20
UNIT_REVOLUTIONARY,14,kv,FoodHunger,0
UNIT_REVOLUTIONARY,15,kv,MaxMovePoints,300
UNIT_REVOLUTIONARY,16,kv,VisionRange,3
UNIT_REVOLUTIONARY,17,kv,EnableAdvance,ADVANCE_COMMUNISM
UNIT_REVOLUTIONARY,18,kv,ObsoleteAdvance,ADVANCE_NEURAL_INTERFACE
UNIT_REVOLUTIONARY,19,kv,ActiveDefenseRange,0
UNIT_REVOLUTIONARY,20,flag,LossMoveToDmgNone,
UNIT_REVOLUTIONARY,21,kv,MaxFuel,0
UNIT_REVOLUTIONARY,22,flag,CanEntrench,
UNIT_REVOLUTIONARY,23,flag,NoZoc,
UNIT_REVOLUTIONARY,24,flag,CanBeExpelled,
UNIT_REVOLUTIONARY,25,flag,CantCaptureCity,
UNIT_REVOLUTIONARY,26,flag,DeathEffectsHappy,
UNIT_REVOLUTIONARY,27,flag,IsSpecialForces,
UNIT_REVOLUTIONARY,28,kv,DefendAgainstSpies,0.25
UNIT_REVOLUTIONARY,29,flag,OnlyBuildOne,
UNIT_REVOLUTIONARY,30,kv,SoundSelect1,SOUND_SELECT1_SPY
UNIT_REVOLUTIONARY,31,kv,SoundSelect2,SOUND_SELECT2_SPY
UNIT_REVOLUTIONARY,32,kv,SoundMove,SOUND_MOVE_SPY
UNIT_REVOLUTIONARY,33,kv,SoundAcknowledge,SOUND_ACKNOWLEDGE_SPY
UNIT_REVOLUTIONARY,34,kv,SoundCantMove,SOUND_CANTMOVE_SPY
UNIT_REVOLUTIONARY,35,kv,SoundAttack,SOUND_ATTACK_SPY
UNIT_REVOLUTIONARY,36,kv,SoundWork,SOUND_WORK_SPY
UNIT_REVOLUTIONARY,37,kv,SoundVictory,SOUND_VICTORY_SPY
UNIT_REVOLUTIONARY,38,kv,SoundDeath,SOUND_DEATH_SPY
UNIT_REVOLUTIONARY,39,sublist,CanSee,Standard
UNIT_REVOLUTIONARY,40,sublist,CanSee,Stealth
UNIT_REVOLUTIONARY,41,sublist,MovementType,Land
UNIT_REVOLUTIONARY,42,sublist,MovementType,Mountain
UNIT_REVOLUTIONARY,43,sublist,Size,Small
UNIT_REVOLUTIONARY,44,sublist,VisionClass,Stealth
UNIT_REVOLUTIONARY,45,nested,InciteRevolution,"[{""t"": ""kv"", ""k"": ""Chance"", ""v"": ""0.4""}, {""t"": ""kv"", ""k"": ""EliteChance"", ""v"": ""0.5""}, {""t"": ""kv"", ""k"": ""DeathChance"", ""v"": ""0.4""}, {""t"": ""kv"", ""k"": ""Sound"", ""v"": ""SOUND_ID_INCITE_REVOLUTION_SP""}, {""t"": ""kv"", ""k"": ""Effect"", ""v"": ""SPECEFFECT_INCITE_REVOLUTION""}]"
UNIT_REVOLUTIONARY,46,nested,InvestigateCity,"[{""t"": ""kv"", ""k"": ""Chance"", ""v"": ""0.9""}, {""t"": ""kv"", ""k"": ""EliteChance"", ""v"": ""1.0""}, {""t"": ""kv"", ""k"": ""DeathChance"", ""v"": ""0.1""}]"
UNIT_REVOLUTIONARY,47,nested,PlantNuke,"[{""t"": ""kv"", ""k"": ""Chance"", ""v"": ""0.25""}, {""t"": ""kv"", ""k"": ""EscapeChance"", ""v"": ""0.3""}, {""t"": ""kv"", ""k"": ""Sound"", ""v"": ""SOUND_ID_PLANT_NUKE_SP""}, {""t"": ""kv"", ""k"": ""Effect"", ""v"": ""SPECEFFECT_PLANT_NUKE""}]"
UNIT_REVOLUTIONARY,48,nested,StealTechnology,"[{""t"": ""kv"", ""k"": ""RandomChance"", ""v"": ""0.5""}, {""t"": ""kv"", ""k"": ""SpecificChance"", ""v"": ""0.3""}, {""t"": ""kv"", ""k"": ""DeathChance"", ""v"": ""0.5""}, {""t"": ""kv"", ""k"": ""Sound"", ""v"": ""SOUND_ID_STEAL_TECHNOLOGY_SP""}, {""t"": ""kv"", ""k"": ""Effect"", ""v"": ""SPECEFFECT_STEAL_TECHNOLOGY""}]"
UNIT_SCOUT_SUB,0,flag,GLHidden,
UNIT_SCOUT_SUB,1,kv,Description,DESCRIPTION_UNIT_SCOUT_SUB
UNIT_SCOUT_SUB,2,kv,DefaultIcon,ICON_UNIT_SCOUT_SUB
UNIT_SCOUT_SUB,3,kv,DefaultSprite,SPRITE_SCOUT_SUB
UNIT_SCOUT_SUB,4,kv,Category,UNIT_CATEGORY_UNDERSEA
UNIT_SCOUT_SUB,5,kv,Attack,25
UNIT_SCOUT_SUB,6,kv,Defense,25
UNIT_SCOUT_SUB,7,kv,ZBRangeAttack,25
UNIT_SCOUT_SUB,8,kv,Firepower,3
UNIT_SCOUT_SUB,9,kv,Armor,1
UNIT_SCOUT_SUB,10,kv,MaxHP,15
UNIT_SCOUT_SUB,11,kv,ShieldCost,2800
UNIT_SCOUT_SUB,12,kv,PowerPoints,100
UNIT_SCOUT_SUB,13,kv,ShieldHunger,28
UNIT_SCOUT_SUB,14,kv,FoodHunger,0
UNIT_SCOUT_SUB,15,kv,MaxMovePoints,1600
UNIT_SCOUT_SUB,16,kv,VisionRange,6
UNIT_SCOUT_SUB,17,kv,EnableAdvance,ADVANCE_LIQUID_BREATHING_APPARATUS
UNIT_SCOUT_SUB,18,kv,ActiveDefenseRange,0
UNIT_SCOUT_SUB,19,flag,LossMoveToDmgNone,
UNIT_SCOUT_SUB,20,kv,MaxFuel,0
UNIT_SCOUT_SUB,21,flag,CanExpel,
UNIT_SCOUT_SUB,22,flag,NoZoc,
UNIT_SCOUT_SUB,23,flag,CanPillage,
UNIT_SCOUT_SUB,24,flag,CanPirate,
UNIT_SCOUT_SUB,25,flag,CantCaptureCity,
UNIT_SCOUT_SUB,26,flag,DeathEffectsHappy,
UNIT_SCOUT_SUB,27,flag,IsFlanker,
UNIT_SCOUT_SUB,28,flag,IsSubmarine,
UNIT_SCOUT_SUB,29,flag,Explodes,
UNIT_SCOUT_SUB,30,flag,OnlyBuildOne,
UNIT_SCOUT_SUB,31,kv,SoundSelect1,SOUND_SELECT1_SCOUT_SUB
UNIT_SCOUT_SUB,32,kv,SoundSelect2,SOUND_SELECT2_SCOUT_SUB
UNIT_SCOUT_SUB,33,kv,SoundMove,SOUND_MOVE_SCOUT_SUB
UNIT_SCOUT_SUB,34,kv,SoundAcknowledge,SOUND_ACKNOWLEDGE_SCOUT_SUB
UNIT_SCOUT_SUB,35,kv,SoundCantMove,SOUND_CANTMOVE_SCOUT_SUB
UNIT_SCOUT_SUB,36,kv,SoundAttack,SOUND_ATTACK_SCOUT_SUB
UNIT_SCOUT_SUB,37,kv,SoundWork,SOUND_WORK_SCOUT_SUB
UNIT_SCOUT_SUB,38,kv,SoundVictory,SOUND_VICTORY_SCOUT_SUB
UNIT_SCOUT_SUB,39,kv,SoundDeath,SOUND_DEATH_SCOUT_SUB
UNIT_SCOUT_SUB,40,sublist,CanAttack,Sea
UNIT_SCOUT_SUB,41,sublist,CanAttack,Underwater
UNIT_SCOUT_SUB,42,sublist,CanAttack,ShallowWater
UNIT_SCOUT_SUB,43,sublist,CanSee,Standard
UNIT_SCOUT_SUB,44,sublist,CanSee,Underwater
UNIT_SCOUT_SUB,45,sublist,MovementType,Sea
UNIT_SCOUT_SUB,46,sublist,MovementType,ShallowWater
UNIT_SCOUT_SUB,47,sublist,Size,Large
UNIT_SCOUT_SUB,48,sublist,VisionClass,Underwater
UNIT_SCOUT_SUB,49,nested,CanReform,"[{""t"": ""kv"", ""k"": ""Sound"", ""v"": ""SOUND_ID_REFORM_CITY""}, {""t"": ""kv"", ""k"": ""Effect"", ""v"": ""SPECEFFECT_REFORMCITY""}]"
UNIT_SEA_ENGINEER,0,flag,GLHidden,
UNIT_SEA_ENGINEER,1,kv,Description,DESCRIPTION_UNIT_SEA_ENGINEER
UNIT_SEA_ENGINEER,2,kv,DefaultIcon,ICON_UNIT_SEA_ENGINEER
UNIT_SEA_ENGINEER,3,kv,DefaultSprite,SPRITE_SEA_ENGINEER
UNIT_SEA_ENGINEER,4,kv,Category,UNIT_CATEGORY_SETTLER
UNIT_SEA_ENGINEER,5,kv,Attack,0
UNIT_SEA_ENGINEER,6,kv,Defense,10
UNIT_SEA_ENGINEER,7,kv,ZBRangeAttack,0
UNIT_SEA_ENGINEER,8,kv,Firepower,1
UNIT_SEA_ENGINEER,9,kv,Armor,1
UNIT_SEA_ENGINEER,10,kv,MaxHP,10
UNIT_SEA_ENGINEER,11,kv,ShieldCost,3400
UNIT_SEA_ENGINEER,12,kv,PowerPoints,6000
UNIT_SEA_ENGINEER,13,kv,ShieldHunger,34
UNIT_SEA_ENGINEER,14,kv,FoodHunger,0
UNIT_SEA_ENGINEER,15,kv,MaxMovePoints,400
UNIT_SEA_ENGINEER,16,kv,VisionRange,2
UNIT_SEA_ENGINEER,17,kv,EnableAdvance,ADVANCE_NANO_ASSEMBLY
UNIT_SEA_ENGINEER,18,kv,ActiveDefenseRange,0
UNIT_SEA_ENGINEER,19,flag,LossMoveToDmgNone,
UNIT_SEA_ENGINEER,20,kv,MaxFuel,0
UNIT_SEA_ENGINEER,21,flag,IgnoreZOC,
UNIT_SEA_ENGINEER,22,flag,NoZoc,
UNIT_SEA_ENGINEER,23,kv,SettleCityType,UNIT_OCEAN_CITY
UNIT_SEA_ENGINEER,24,flag,CanBeExpelled,
UNIT_SEA_ENGINEER,25,flag,CantCaptureCity,
UNIT_SEA_ENGINEER,26,flag,DeathEffectsHappy,
UNIT_SEA_ENGINEER,27,flag,BuildingRemovesAPop,
UNIT_SEA_ENGINEER,28,flag,IsSpecialForces,
UNIT_SEA_ENGINEER,29,flag,Civilian,
UNIT_SEA_ENGINEER,30,flag,OnlyBuildOne,
UNIT_SEA_ENGINEER,31,kv,SoundSelect1,SOUND_SELECT1_SEA_ENGINEER
UNIT_SEA_ENGINEER,32,kv,SoundSelect2,SOUND_SELECT2_SEA_ENGINEER
UNIT_SEA_ENGINEER,33,kv,SoundMove,SOUND_MOVE_SEA_ENGINEER
UNIT_SEA_ENGINEER,34,kv,SoundAcknowledge,SOUND_ACKNOWLEDGE_SEA_ENGINEER
UNIT_SEA_ENGINEER,35,kv,SoundCantMove,SOUND_CANTMOVE_SEA_ENGINEER
UNIT_SEA_ENGINEER,36,kv,SoundAttack,SOUND_ATTACK_SEA_ENGINEER
UNIT_SEA_ENGINEER,37,kv,SoundWork,SOUND_WORK_SEA_ENGINEER
UNIT_SEA_ENGINEER,38,kv,SoundVictory,SOUND_VICTORY_SEA_ENGINEER
UNIT_SEA_ENGINEER,39,kv,SoundDeath,SOUND_DEATH_SEA_ENGINEER
UNIT_SEA_ENGINEER,40,kv,SettleBuilding,IMPROVE_SHRINE
UNIT_SEA_ENGINEER,41,kv,SettleBuilding,IMPROVE_THEATER
UNIT_SEA_ENGINEER,42,sublist,CanSee,Standard
UNIT_SEA_ENGINEER,43,sublist,CanSee,Underwater
UNIT_SEA_ENGINEER,44,sublist,MovementType,Sea
UNIT_SEA_ENGINEER,45,sublist,MovementType,ShallowWater
UNIT_SEA_ENGINEER,46,sublist,Settle,Water
UNIT_SEA_ENGINEER,47,sublist,Size,Small
UNIT_SEA_ENGINEER,48,sublist,VisionClass,Underwater
UNIT_SHIP_OF_THE_LINE,0,flag,GLHidden,
UNIT_SHIP_OF_THE_LINE,1,kv,Description,DESCRIPTION_UNIT_SHIP_OF_THE_LINE
UNIT_SHIP_OF_THE_LINE,2,kv,DefaultIcon,ICON_UNIT_SHIP_OF_THE_LINE
UNIT_SHIP_OF_THE_LINE,3,kv,DefaultSprite,SPRITE_SHIP_OF_THE_LINE
UNIT_SHIP_OF_THE_LINE,4,kv,Category,UNIT_CATEGORY_NAVAL
UNIT_SHIP_OF_THE_LINE,5,kv,Attack,40
UNIT_SHIP_OF_THE_LINE,6,kv,Defense,25
UNIT_SHIP_OF_THE_LINE,7,kv,ZBRangeAttack,40
UNIT_SHIP_OF_THE_LINE,8,kv,Firepower,3
UNIT_SHIP_OF_THE_LINE,9,kv,Armor,1
UNIT_SHIP_OF_THE_LINE,10,kv,MaxHP,15
UNIT_SHIP_OF_THE_LINE,11,kv,ShieldCost,1400
UNIT_SHIP_OF_THE_LINE,12,kv,PowerPoints,700
UNIT_SHIP_OF_THE_LINE,13,kv,ShieldHunger,14
UNIT_SHIP_OF_THE_LINE,14,kv,FoodHunger,0
UNIT_SHIP_OF_THE_LINE,15,kv,MaxMovePoints,1000
UNIT_SHIP_OF_THE_LINE,16,kv,VisionRange,2
UNIT_SHIP_OF_THE_LINE,17,kv,EnableAdvance,ADVANCE_NAVAL_TACTICS
UNIT_SHIP_OF_THE_LINE,18,kv,ObsoleteAdvance,ADVANCE_MASS_PRODUCTION
UNIT_SHIP_OF_THE_LINE,19,kv,BombRounds,5
UNIT_SHIP_OF_THE_LINE,20,kv,BombardRange,1
UNIT_SHIP_OF_THE_LINE,21,flag,CanCounterBombard,
UNIT_SHIP_OF_THE_LINE,22,kv,ActiveDefenseRange,0
UNIT_SHIP_OF_THE_LINE,23,flag,LossMoveToDmgNone,
UNIT_SHIP_OF_THE_LINE,24,kv,MaxFuel,0
UNIT_SHIP_OF_THE_LINE,25,flag,CanExpel,
UNIT_SHIP_OF_THE_LINE,26,flag,NoZoc,
UNIT_SHIP_OF_THE_LINE,27,flag,CanPillage,
UNIT_SHIP_OF_THE_LINE,28,flag,CanPirate,
UNIT_SHIP_OF_THE_LINE,29,flag,CantCaptureCity,
UNIT_SHIP_OF_THE_LINE,30,flag,ExertsMartialLaw,
UNIT_SHIP_OF_THE_LINE,31,flag,DeathEffectsHappy,
UNIT_SHIP_OF_THE_LINE,32,flag,OnlyBuildOne,
UNIT_SHIP_OF_THE_LINE,33,kv,SoundSelect1,SOUND_SELECT1_SHIP_OF_THE_LINE
UNIT_SHIP_OF_THE_LINE,34,kv,SoundSelect2,SOUND_SELECT2_SHIP_OF_THE_LINE
UNIT_SHIP_OF_THE_LINE,35,kv,SoundMove,SOUND_MOVE_SHIP_OF_THE_LINE
UNIT_SHIP_OF_THE_LINE,36,kv,SoundAcknowledge,SOUND_ACKNOWLEDGE_SHIP_OF_THE_LINE
UNIT_SHIP_OF_THE_LINE,37,kv,SoundCantMove,SOUND_CANTMOVE_SHIP_OF_THE_LINE
UNIT_SHIP_OF_THE_LINE,38,kv,SoundAttack,SOUND_ATTACK_SHIP_OF_THE_LINE
UNIT_SHIP_OF_THE_LINE,39,kv,SoundWork,SOUND_WORK_SHIP_OF_THE_LINE
UNIT_SHIP_OF_THE_LINE,40,kv,SoundVictory,SOUND_VICTORY_SHIP_OF_THE_LINE
UNIT_SHIP_OF_THE_LINE,41,kv,SoundDeath,SOUND_DEATH_SHIP_OF_THE_LINE
UNIT_SHIP_OF_THE_LINE,42,sublist,CanCarry,MedLand
UNIT_SHIP_OF_THE_LINE,43,sublist,CanCarry,SmallLand
UNIT_SHIP_OF_THE_LINE,44,sublist,CanAttack,Sea
UNIT_SHIP_OF_THE_LINE,45,sublist,CanAttack,ShallowWater
UNIT_SHIP_OF_THE_LINE,46,sublist,CanBombard,Land
UNIT_SHIP_OF_THE_LINE,47,sublist,CanBombard,Mountain
UNIT_SHIP_OF_THE_LINE,48,sublist,CanBombard,Water
UNIT_SHIP_OF_THE_LINE,49,sublist,CanSee,Standard
UNIT_SHIP_OF_THE_LINE,50,sublist,MovementType,Sea
UNIT_SHIP_OF_THE_LINE,51,sublist,MovementType,ShallowWater
UNIT_SHIP_OF_THE_LINE,52,sublist,Size,Large
UNIT_SHIP_OF_THE_LINE,53,sublist,VisionClass,Standard
UNIT_SHIP_OF_THE_LINE,54,nested,CanReform,"[{""t"": ""kv"", ""k"": ""Sound"", ""v"": ""SOUND_ID_REFORM_CITY""}, {""t"": ""kv"", ""k"": ""Effect"", ""v"": ""SPECEFFECT_REFORMCITY""}]"
UNIT_SHIP_OF_THE_LINE,55,nested,CargoData,"[{""t"": ""kv"", ""k"": ""MaxCargo"", ""v"": ""1""}, {""t"": ""kv"", ""k"": ""Load"", ""v"": ""SOUND_ID_TRIREME_LOAD""}, {""t"": ""kv"", ""k"": ""Unload"", ""v"": ""SOUND_ID_TRIREME_UNLOAD""}]"
UNIT_SPACE_CITY,0,flag,GLHidden,
UNIT_SPACE_CITY,1,kv,Description,DESCRIPTION_UNIT_SPACE_CITY
UNIT_SPACE_CITY,2,kv,DefaultIcon,ICON_UNIT_SPACE_CITY
UNIT_SPACE_CITY,3,kv,DefaultSprite,SPRITE_SPACE_CITY
UNIT_SPACE_CITY,4,kv,Category,UNIT_CATEGORY_GENERIC
UNIT_SPACE_CITY,5,kv,Attack,0
UNIT_SPACE_CITY,6,kv,Defense,0
UNIT_SPACE_CITY,7,kv,ZBRangeAttack,0
UNIT_SPACE_CITY,8,kv,Firepower,0
UNIT_SPACE_CITY,9,kv,Armor,0
UNIT_SPACE_CITY,10,kv,MaxHP,0
UNIT_SPACE_CITY,11,kv,ShieldCost,0
UNIT_SPACE_CITY,12,kv,PowerPoints,1000
UNIT_SPACE_CITY,13,kv,ShieldHunger,0
UNIT_SPACE_CITY,14,kv,FoodHunger,0
UNIT_SPACE_CITY,15,kv,MaxMovePoints,0
UNIT_SPACE_CITY,16,kv,VisionRange,2
UNIT_SPACE_CITY,17,kv,ActiveDefenseRange,0
UNIT_SPACE_CITY,18,flag,LossMoveToDmgNone,
UNIT_SPACE_CITY,19,kv,MaxFuel,0
UNIT_SPACE_CITY,20,flag,HasPopAndCanBuild,
UNIT_SPACE_CITY,21,flag,CantBuild,
UNIT_SPACE_CITY,22,kv,CityGrowthCoefficient,0.5
UNIT_SPACE_CITY,23,flag,NoIndex,
UNIT_SPACE_CITY,24,flag,GLHidden,
UNIT_SPACE_CITY,25,flag,CantCaptureCity,
UNIT_SPACE_CITY,26,flag,NeedsNoSupport,
UNIT_SPACE_CITY,27,kv,SoundSelect1,SOUND_SELECT1_SPACE_CITY
UNIT_SPACE_CITY,28,kv,SoundSelect2,SOUND_SELECT2_SPACE_CITY
UNIT_SPACE_CITY,29,kv,SoundMove,SOUND_MOVE_SPACE_CITY
UNIT_SPACE_CITY,30,kv,SoundAcknowledge,SOUND_ACKNOWLEDGE_SPACE_CITY
UNIT_SPACE_CITY,31,kv,SoundCantMove,SOUND_CANTMOVE_SPACE_CITY
UNIT_SPACE_CITY,32,kv,SoundAttack,SOUND_ATTACK_SPACE_CITY
UNIT_SPACE_CITY,33,kv,SoundWork,SOUND_WORK_SPACE_CITY
UNIT_SPACE_CITY,34,kv,SoundVictory,SOUND_VICTORY_SPACE_CITY
UNIT_SPACE_CITY,35,kv,SoundDeath,SOUND_DEATH_SPACE_CITY
UNIT_SPACE_CITY,36,sublist,CanAttack,Land
UNIT_SPACE_CITY,37,sublist,CanSee,Standard
UNIT_SPACE_CITY,38,sublist,MovementType,Land
UNIT_SPACE_CITY,39,sublist,Size,Medium
UNIT_SPACE_CITY,40,sublist,VisionClass,Standard
UNIT_SPACE_CITY,41,nested,Revolution,"[{""t"": ""kv"", ""k"": ""Sound"", ""v"": ""SOUND_ID_REVOLUTION""}, {""t"": ""kv"", ""k"": ""Effect"", ""v"": ""SPECEFFECT_REVOLUTION""}]"
UNIT_SPACE_PLANE,0,flag,GLHidden,
UNIT_SPACE_PLANE,1,kv,Description,DESCRIPTION_UNIT_SPACE_PLANE
UNIT_SPACE_PLANE,2,kv,DefaultIcon,ICON_UNIT_SPACE_PLANE
UNIT_SPACE_PLANE,3,kv,DefaultSprite,SPRITE_SPACE_PLANE
UNIT_SPACE_PLANE,4,kv,Category,UNIT_CATEGORY_AERIAL
UNIT_SPACE_PLANE,5,kv,Attack,0
UNIT_SPACE_PLANE,6,kv,Defense,10
UNIT_SPACE_PLANE,7,kv,ZBRangeAttack,0
UNIT_SPACE_PLANE,8,kv,Firepower,1
UNIT_SPACE_PLANE,9,kv,Armor,1
UNIT_SPACE_PLANE,10,kv,MaxHP,15
UNIT_SPACE_PLANE,11,kv,ShieldCost,2500
UNIT_SPACE_PLANE,12,kv,PowerPoints,4000
UNIT_SPACE_PLANE,13,kv,ShieldHunger,25
UNIT_SPACE_PLANE,14,kv,FoodHunger,0
UNIT_SPACE_PLANE,15,kv,MaxMovePoints,1500
UNIT_SPACE_PLANE,16,kv,VisionRange,1
UNIT_SPACE_PLANE,17,kv,EnableAdvance,ADVANCE_SPACE_FLIGHT
UNIT_SPACE_PLANE,18,kv,ActiveDefenseRange,0
UNIT_SPACE_PLANE,19,flag,LossMoveToDmgNone,
UNIT_SPACE_PLANE,20,flag,NoFuelThenCrash,
UNIT_SPACE_PLANE,21,kv,MaxFuel,4500
UNIT_SPACE_PLANE,22,flag,IgnoreZOC,
UNIT_SPACE_PLANE,23,flag,CantCaptureCity,
UNIT_SPACE_PLANE,24,kv,SpaceLaunch,3
UNIT_SPACE_PLANE,25,flag,DeathEffectsHappy,
UNIT_SPACE_PLANE,26,flag,Explodes,
UNIT_SPACE_PLANE,27,flag,OnlyBuildOne,
UNIT_SPACE_PLANE,28,kv,SoundSelect1,SOUND_SELECT1_SPACE_PLANE
UNIT_SPACE_PLANE,29,kv,SoundSelect2,SOUND_SELECT2_SPACE_PLANE
UNIT_SPACE_PLANE,30,kv,SoundMove,SOUND_MOVE_SPACE_PLANE
UNIT_SPACE_PLANE,31,kv,SoundAcknowledge,SOUND_ACKNOWLEDGE_SPACE_PLANE
UNIT_SPACE_PLANE,32,kv,SoundCantMove,SOUND_CANTMOVE_SPACE_PLANE
UNIT_SPACE_PLANE,33,kv,SoundAttack,SOUND_ATTACK_SPACE_PLANE
UNIT_SPACE_PLANE,34,kv,SoundWork,SOUND_WORK_SPACE_PLANE
UNIT_SPACE_PLANE,35,kv,SoundVictory,SOUND_VICTORY_SPACE_PLANE
UNIT_SPACE_PLANE,36,kv,SoundDeath,SOUND_DEATH_SPACE_PLANE
UNIT_SPACE_PLANE,37,sublist,CanCarry,SmallLand
UNIT_SPACE_PLANE,38,sublist,CanCarry,MedLand
UNIT_SPACE_PLANE,39,sublist,CanSee,Standard
UNIT_SPACE_PLANE,40,sublist,MovementType,Air
UNIT_SPACE_PLANE,41,sublist,Size,Large
UNIT_SPACE_PLANE,42,sublist,VisionClass,Standard
UNIT_SPACE_PLANE,43,nested,CargoData,"[{""t"": ""kv"", ""k"": ""MaxCargo"", ""v"": ""5""}, {""t"": ""kv"", ""k"": ""Load"", ""v"": ""SOUND_ID_SPACE_PLANE_LOAD""}, {""t"": ""kv"", ""k"": ""Unload"", ""v"": ""SOUND_ID_SPACE_PLANE_UNLOAD""}]"
UNIT_SPY_PLANE,0,flag,GLHidden,
UNIT_SPY_PLANE,1,kv,Description,DESCRIPTION_UNIT_SPY_PLANE
UNIT_SPY_PLANE,2,kv,DefaultIcon,ICON_UNIT_SPY_PLANE
UNIT_SPY_PLANE,3,kv,DefaultSprite,SPRITE_SPY_PLANE
UNIT_SPY_PLANE,4,kv,Category,UNIT_CATEGORY_AERIAL
UNIT_SPY_PLANE,5,kv,Attack,10
UNIT_SPY_PLANE,6,kv,Defense,20
UNIT_SPY_PLANE,7,kv,ZBRangeAttack,10
UNIT_SPY_PLANE,8,kv,Firepower,2
UNIT_SPY_PLANE,9,kv,Armor,2
UNIT_SPY_PLANE,10,kv,MaxHP,15
UNIT_SPY_PLANE,11,kv,ShieldCost,3300
UNIT_SPY_PLANE,12,kv,PowerPoints,5000
UNIT_SPY_PLANE,13,kv,ShieldHunger,33
UNIT_SPY_PLANE,14,kv,FoodHunger,0
UNIT_SPY_PLANE,15,kv,MaxMovePoints,1000
UNIT_SPY_PLANE,16,kv,VisionRange,6
UNIT_SPY_PLANE,17,kv,EnableAdvance,ADVANCE_AI_SURVEILLANCE
UNIT_SPY_PLANE,18,kv,ActiveDefenseRange,0
UNIT_SPY_PLANE,19,flag,LossMoveToDmgNone,
UNIT_SPY_PLANE,20,flag,NoFuelThenCrash,
UNIT_SPY_PLANE,21,kv,MaxFuel,10000
UNIT_SPY_PLANE,22,flag,IgnoreZOC,
UNIT_SPY_PLANE,23,flag,CantCaptureCity,
UNIT_SPY_PLANE,24,flag,DeathEffectsHappy,
UNIT_SPY_PLANE,25,flag,Explodes,
UNIT_SPY_PLANE,26,flag,OnlyBuildOne,
UNIT_SPY_PLANE,27,kv,SoundSelect1,SOUND_SELECT1_SPY_PLANE
UNIT_SPY_PLANE,28,kv,SoundSelect2,SOUND_SELECT2_SPY_PLANE
UNIT_SPY_PLANE,29,kv,SoundMove,SOUND_MOVE_SPY_PLANE
UNIT_SPY_PLANE,30,kv,SoundAcknowledge,SOUND_ACKNOWLEDGE_SPY_PLANE
UNIT_SPY_PLANE,31,kv,SoundCantMove,SOUND_CANTMOVE_SPY_PLANE
UNIT_SPY_PLANE,32,kv,SoundAttack,SOUND_ATTACK_SPY_PLANE
UNIT_SPY_PLANE,33,kv,SoundWork,SOUND_WORK_SPY_PLANE
UNIT_SPY_PLANE,34,kv,SoundVictory,SOUND_VICTORY_SPY_PLANE
UNIT_SPY_PLANE,35,kv,SoundDeath,SOUND_DEATH_SPY_PLANE
UNIT_SPY_PLANE,36,sublist,CanAttack,Air
UNIT_SPY_PLANE,37,sublist,CanSee,Standard
UNIT_SPY_PLANE,38,sublist,CanSee,Underwater
UNIT_SPY_PLANE,39,sublist,MovementType,Air
UNIT_SPY_PLANE,40,sublist,Size,Medium
UNIT_SPY_PLANE,41,sublist,VisionClass,Standard
UNIT_STEALTH_BOMBER,0,flag,GLHidden,
UNIT_STEALTH_BOMBER,1,kv,Description,DESCRIPTION_UNIT_STEALTH_BOMBER
UNIT_STEALTH_BOMBER,2,kv,DefaultIcon,ICON_UNIT_STEALTH_BOMBER
UNIT_STEALTH_BOMBER,3,kv,DefaultSprite,SPRITE_STEALTH_BOMBER
UNIT_STEALTH_BOMBER,4,kv,Category,UNIT_CATEGORY_AERIAL
UNIT_STEALTH_BOMBER,5,kv,Attack,80
UNIT_STEALTH_BOMBER,6,kv,Defense,80
UNIT_STEALTH_BOMBER,7,kv,ZBRangeAttack,95
UNIT_STEALTH_BOMBER,8,kv,Firepower,4
UNIT_STEALTH_BOMBER,9,kv,Armor,3
UNIT_STEALTH_BOMBER,10,kv,MaxHP,20
UNIT_STEALTH_BOMBER,11,kv,ShieldCost,3900
UNIT_STEALTH_BOMBER,12,kv,PowerPoints,6000
UNIT_STEALTH_BOMBER,13,kv,ShieldHunger,39
UNIT_STEALTH_BOMBER,14,kv,FoodHunger,0
UNIT_STEALTH_BOMBER,15,kv,MaxMovePoints,1000
UNIT_STEALTH_BOMBER,16,kv,VisionRange,4
UNIT_STEALTH_BOMBER,17,kv,EnableAdvance,ADVANCE_ADVANCED_COMPOSITES
UNIT_STEALTH_BOMBER,18,kv,BombRounds,5
UNIT_STEALTH_BOMBER,19,kv,BombardRange,1
UNIT_STEALTH_BOMBER,20,flag,CanCounterBombard,
UNIT_STEALTH_BOMBER,21,kv,ActiveDefenseRange,0
UNIT_STEALTH_BOMBER,22,flag,EnableCarrierDefenses,
UNIT_STEALTH_BOMBER,23,flag,LossMoveToDmgNone,
UNIT_STEALTH_BOMBER,24,flag,NoFuelThenCrash,
UNIT_STEALTH_BOMBER,25,kv,MaxFuel,5000
UNIT_STEALTH_BOMBER,26,flag,IgnoreZOC,
UNIT_STEALTH_BOMBER,27,flag,CanBeachAssault,
UNIT_STEALTH_BOMBER,28,flag,CantCaptureCity,
UNIT_STEALTH_BOMBER,29,flag,DeathEffectsHappy,
UNIT_STEALTH_BOMBER,30,flag,Explodes,
UNIT_STEALTH_BOMBER,31,flag,OnlyBuildOne,
UNIT_STEALTH_BOMBER,32,kv,SoundSelect1,SOUND_SELECT1_STEALTH_BOMBER
UNIT_STEALTH_BOMBER,33,kv,SoundSelect2,SOUND_SELECT2_STEALTH_BOMBER
UNIT_STEALTH_BOMBER,34,kv,SoundMove,SOUND_MOVE_STEALTH_BOMBER
UNIT_STEALTH_BOMBER,35,kv,SoundAcknowledge,SOUND_ACKNOWLEDGE_STEALTH_BOMBER
UNIT_STEALTH_BOMBER,36,kv,SoundCantMove,SOUND_CANTMOVE_STEALTH_BOMBER
UNIT_STEALTH_BOMBER,37,kv,SoundAttack,SOUND_ATTACK_STEALTH_BOMBER
UNIT_STEALTH_BOMBER,38,kv,SoundWork,SOUND_WORK_STEALTH_BOMBER
UNIT_STEALTH_BOMBER,39,kv,SoundVictory,SOUND_VICTORY_STEALTH_BOMBER
UNIT_STEALTH_BOMBER,40,kv,SoundDeath,SOUND_DEATH_STEALTH_BOMBER
UNIT_STEALTH_BOMBER,41,sublist,CanAttack,Air
UNIT_STEALTH_BOMBER,42,sublist,CanAttack,Land
UNIT_STEALTH_BOMBER,43,sublist,CanAttack,Mountain
UNIT_STEALTH_BOMBER,44,sublist,CanAttack,Sea
UNIT_STEALTH_BOMBER,45,sublist,CanAttack,ShallowWater
UNIT_STEALTH_BOMBER,46,sublist,CanBombard,Land
UNIT_STEALTH_BOMBER,47,sublist,CanBombard,Mountain
UNIT_STEALTH_BOMBER,48,sublist,CanBombard,Water
UNIT_STEALTH_BOMBER,49,sublist,CanCarry,SmallAir
UNIT_STEALTH_BOMBER,50,sublist,CanSee,Standard
UNIT_STEALTH_BOMBER,51,sublist,MovementType,Air
UNIT_STEALTH_BOMBER,52,sublist,Size,Medium
UNIT_STEALTH_BOMBER,53,sublist,VisionClass,Standard
UNIT_STEALTH_BOMBER,54,nested,CargoData,"[{""t"": ""kv"", ""k"": ""MaxCargo"", ""v"": ""2""}, {""t"": ""kv"", ""k"": ""Load"", ""v"": ""SOUND_ID_STEALTH_BOMBER_LOAD""}, {""t"": ""kv"", ""k"": ""Unload"", ""v"": ""SOUND_ID_STEALTH_BOMBER_UNLOAD""}]"
UNIT_STEALTH_FIGHTER,0,flag,GLHidden,
UNIT_STEALTH_FIGHTER,1,kv,Description,DESCRIPTION_UNIT_STEALTH_FIGHTER
UNIT_STEALTH_FIGHTER,2,kv,DefaultIcon,ICON_UNIT_STEALTH_FIGHTER
UNIT_STEALTH_FIGHTER,3,kv,DefaultSprite,SPRITE_STEALTH_FIGHTER
UNIT_STEALTH_FIGHTER,4,kv,Category,UNIT_CATEGORY_AERIAL
UNIT_STEALTH_FIGHTER,5,kv,Attack,90
UNIT_STEALTH_FIGHTER,6,kv,Defense,80
UNIT_STEALTH_FIGHTER,7,kv,ZBRangeAttack,90
UNIT_STEALTH_FIGHTER,8,kv,Firepower,5
UNIT_STEALTH_FIGHTER,9,kv,Armor,3
UNIT_STEALTH_FIGHTER,10,kv,MaxHP,20
UNIT_STEALTH_FIGHTER,11,kv,ShieldCost,3300
UNIT_STEALTH_FIGHTER,12,kv,PowerPoints,4000
UNIT_STEALTH_FIGHTER,13,kv,ShieldHunger,33
UNIT_STEALTH_FIGHTER,14,kv,FoodHunger,0
UNIT_STEALTH_FIGHTER,15,kv,MaxMovePoints,1500
UNIT_STEALTH_FIGHTER,16,kv,VisionRange,4
UNIT_STEALTH_FIGHTER,17,kv,EnableAdvance,ADVANCE_ADVANCED_COMPOSITES
UNIT_STEALTH_FIGHTER,18,flag,CanCounterBombard,
UNIT_STEALTH_FIGHTER,19,kv,ActiveDefenseRange,1
UNIT_STEALTH_FIGHTER,20,flag,EnableCarrierDefenses,
UNIT_STEALTH_FIGHTER,21,flag,LossMoveToDmgNone,
UNIT_STEALTH_FIGHTER,22,flag,NoFuelThenCrash,
UNIT_STEALTH_FIGHTER,23,kv,MaxFuel,3000
UNIT_STEALTH_FIGHTER,24,flag,IgnoreZOC,
UNIT_STEALTH_FIGHTER,25,flag,CanBeachAssault,
UNIT_STEALTH_FIGHTER,26,flag,CantCaptureCity,
UNIT_STEALTH_FIGHTER,27,flag,DeathEffectsHappy,
UNIT_STEALTH_FIGHTER,28,flag,Explodes,
UNIT_STEALTH_FIGHTER,29,flag,OnlyBuildOne,
UNIT_STEALTH_FIGHTER,30,kv,SoundSelect1,SOUND_SELECT1_STEALTH_FIGHTER
UNIT_STEALTH_FIGHTER,31,kv,SoundSelect2,SOUND_SELECT2_STEALTH_FIGHTER
UNIT_STEALTH_FIGHTER,32,kv,SoundMove,SOUND_MOVE_STEALTH_FIGHTER
UNIT_STEALTH_FIGHTER,33,kv,SoundAcknowledge,SOUND_ACKNOWLEDGE_STEALTH_FIGHTER
UNIT_STEALTH_FIGHTER,34,kv,SoundCantMove,SOUND_CANTMOVE_STEALTH_FIGHTER
UNIT_STEALTH_FIGHTER,35,kv,SoundAttack,SOUND_ATTACK_STEALTH_FIGHTER
UNIT_STEALTH_FIGHTER,36,kv,SoundWork,SOUND_WORK_STEALTH_FIGHTER
UNIT_STEALTH_FIGHTER,37,kv,SoundVictory,SOUND_VICTORY_STEALTH_FIGHTER
UNIT_STEALTH_FIGHTER,38,kv,SoundDeath,SOUND_DEATH_STEALTH_FIGHTER
UNIT_STEALTH_FIGHTER,39,sublist,CanAttack,Air
UNIT_STEALTH_FIGHTER,40,sublist,CanAttack,Land
UNIT_STEALTH_FIGHTER,41,sublist,CanAttack,Mountain
UNIT_STEALTH_FIGHTER,42,sublist,CanAttack,Sea
UNIT_STEALTH_FIGHTER,43,sublist,CanAttack,ShallowWater
UNIT_STEALTH_FIGHTER,44,sublist,CanSee,Standard
UNIT_STEALTH_FIGHTER,45,sublist,Defend,Air
UNIT_STEALTH_FIGHTER,46,sublist,MovementType,Air
UNIT_STEALTH_FIGHTER,47,sublist,Size,Medium
UNIT_STEALTH_FIGHTER,48,sublist,VisionClass,Standard
UNIT_SUBMARINE,0,flag,GLHidden,
UNIT_SUBMARINE,1,kv,Description,DESCRIPTION_UNIT_SUBMARINE
UNIT_SUBMARINE,2,kv,DefaultIcon,ICON_UNIT_SUBMARINE
UNIT_SUBMARINE,3,kv,DefaultSprite,SPRITE_SUBMARINE
UNIT_SUBMARINE,4,kv,Category,UNIT_CATEGORY_UNDERSEA
UNIT_SUBMARINE,5,kv,Attack,40
UNIT_SUBMARINE,6,kv,Defense,30
UNIT_SUBMARINE,7,kv,ZBRangeAttack,40
UNIT_SUBMARINE,8,kv,Firepower,3
UNIT_SUBMARINE,9,kv,Armor,2
UNIT_SUBMARINE,10,kv,MaxHP,10
UNIT_SUBMARINE,11,kv,ShieldCost,1700
UNIT_SUBMARINE,12,kv,PowerPoints,1500
UNIT_SUBMARINE,13,kv,ShieldHunger,17
UNIT_SUBMARINE,14,kv,FoodHunger,0
UNIT_SUBMARINE,15,kv,MaxMovePoints,800
UNIT_SUBMARINE,16,kv,VisionRange,2
UNIT_SUBMARINE,17,kv,EnableAdvance,ADVANCE_OIL_REFINING
UNIT_SUBMARINE,18,kv,ObsoleteAdvance,ADVANCE_NUCLEAR_POWER
UNIT_SUBMARINE,19,kv,BombRounds,5
UNIT_SUBMARINE,20,kv,BombardRange,1
UNIT_SUBMARINE,21,flag,CanCounterBombard,
UNIT_SUBMARINE,22,kv,ActiveDefenseRange,0
UNIT_SUBMARINE,23,flag,LossMoveToDmgNone,
UNIT_SUBMARINE,24,kv,MaxFuel,0
UNIT_SUBMARINE,25,flag,NoZoc,
UNIT_SUBMARINE,26,flag,CanExpel,
UNIT_SUBMARINE,27,flag,CanPillage,
UNIT_SUBMARINE,28,flag,CanPirate,
UNIT_SUBMARINE,29,flag,CantCaptureCity,
UNIT_SUBMARINE,30,flag,DeathEffectsHappy,
UNIT_SUBMARINE,31,flag,IsSubmarine,
UNIT_SUBMARINE,32,flag,IsFlanker,
UNIT_SUBMARINE,33,flag,Explodes,
UNIT_SUBMARINE,34,flag,OnlyBuildOne,
UNIT_SUBMARINE,35,kv,SoundSelect1,SOUND_SELECT1_SUBMARINE
UNIT_SUBMARINE,36,kv,SoundSelect2,SOUND_SELECT2_SUBMARINE
UNIT_SUBMARINE,37,kv,SoundMove,SOUND_MOVE_SUBMARINE
UNIT_SUBMARINE,38,kv,SoundAcknowledge,SOUND_ACKNOWLEDGE_SUBMARINE
UNIT_SUBMARINE,39,kv,SoundCantMove,SOUND_CANTMOVE_SUBMARINE
UNIT_SUBMARINE,40,kv,SoundAttack,SOUND_ATTACK_SUBMARINE
UNIT_SUBMARINE,41,kv,SoundWork,SOUND_WORK_SUBMARINE
UNIT_SUBMARINE,42,kv,SoundVictory,SOUND_VICTORY_SUBMARINE
UNIT_SUBMARINE,43,kv,SoundDeath,SOUND_DEATH_SUBMARINE
UNIT_SUBMARINE,44,sublist,CanAttack,Sea
UNIT_SUBMARINE,45,sublist,CanAttack,Underwater
UNIT_SUBMARINE,46,sublist,CanAttack,ShallowWater
UNIT_SUBMARINE,47,sublist,CanCarry,SmallAir
UNIT_SUBMARINE,48,sublist,CanCarry,SmallLand
UNIT_SUBMARINE,49,sublist,CanBombard,Water
UNIT_SUBMARINE,50,sublist,CanSee,Standard
UNIT_SUBMARINE,51,sublist,CanSee,Underwater
UNIT_SUBMARINE,52,sublist,MovementType,Sea
UNIT_SUBMARINE,53,sublist,MovementType,ShallowWater
UNIT_SUBMARINE,54,sublist,Size,Large
UNIT_SUBMARINE,55,sublist,VisionClass,Underwater
UNIT_SUBMARINE,56,nested,CanReform,"[{""t"": ""kv"", ""k"": ""Sound"", ""v"": ""SOUND_ID_REFORM_CITY""}, {""t"": ""kv"", ""k"": ""Effect"", ""v"": ""SPECEFFECT_REFORMCITY""}]"
UNIT_SUBMARINE,57,nested,CargoData,"[{""t"": ""kv"", ""k"": ""MaxCargo"", ""v"": ""1""}, {""t"": ""kv"", ""k"": ""Load"", ""v"": ""SOUND_ID_SUBMARINE_LOAD""}, {""t"": ""kv"", ""k"": ""Unload"", ""v"": ""SOUND_ID_SUBMARINE_UNLOAD""}]"
UNIT_TANK,0,flag,GLHidden,
UNIT_TANK,1,kv,Description,DESCRIPTION_UNIT_TANK
UNIT_TANK,2,kv,DefaultIcon,ICON_UNIT_TANK
UNIT_TANK,3,kv,DefaultSprite,SPRITE_TANK
UNIT_TANK,4,kv,Category,UNIT_CATEGORY_FLANKER
UNIT_TANK,5,kv,Attack,55
UNIT_TANK,6,kv,Defense,40
UNIT_TANK,7,kv,ZBRangeAttack,40
UNIT_TANK,8,kv,Firepower,3
UNIT_TANK,9,kv,Armor,2
UNIT_TANK,10,kv,MaxHP,18
UNIT_TANK,11,kv,ShieldCost,2700
UNIT_TANK,12,kv,PowerPoints,2000
UNIT_TANK,13,kv,ShieldHunger,27
UNIT_TANK,14,kv,FoodHunger,0
UNIT_TANK,15,kv,MaxMovePoints,500
UNIT_TANK,16,kv,VisionRange,3
UNIT_TANK,17,kv,EnableAdvance,ADVANCE_TANK_WARFARE
UNIT_TANK,18,kv,ObsoleteAdvance,ADVANCE_UNIFIED_PHYSICS
UNIT_TANK,19,kv,ActiveDefenseRange,0
UNIT_TANK,20,flag,LossMoveToDmgNone,
UNIT_TANK,21,kv,MaxFuel,0
UNIT_TANK,22,flag,CanEntrench,
UNIT_TANK,23,flag,NoZoc,
UNIT_TANK,24,flag,CanExpel,
UNIT_TANK,25,flag,CanPillage,
UNIT_TANK,26,flag,CanPirate,
UNIT_TANK,27,flag,ExertsMartialLaw,
UNIT_TANK,28,flag,DeathEffectsHappy,
UNIT_TANK,29,flag,IsFlanker,
UNIT_TANK,30,flag,Explodes,
UNIT_TANK,31,flag,OnlyBuildOne,
UNIT_TANK,32,kv,SoundSelect1,SOUND_SELECT1_TANK
UNIT_TANK,33,kv,SoundSelect2,SOUND_SELECT2_TANK
UNIT_TANK,34,kv,SoundMove,SOUND_MOVE_TANK
UNIT_TANK,35,kv,SoundAcknowledge,SOUND_ACKNOWLEDGE_TANK
UNIT_TANK,36,kv,SoundCantMove,SOUND_CANTMOVE_TANK
UNIT_TANK,37,kv,SoundAttack,SOUND_ATTACK_TANK
UNIT_TANK,38,kv,SoundWork,SOUND_WORK_TANK
UNIT_TANK,39,kv,SoundVictory,SOUND_VICTORY_TANK
UNIT_TANK,40,kv,SoundDeath,SOUND_DEATH_TANK
UNIT_TANK,41,sublist,CanAttack,Land
UNIT_TANK,42,sublist,CanSee,Standard
UNIT_TANK,43,sublist,MovementType,Land
UNIT_TANK,44,sublist,Size,Medium
UNIT_TANK,45,sublist,VisionClass,Standard
UNIT_TANK,46,nested,CanReform,"[{""t"": ""kv"", ""k"": ""Sound"", ""v"": ""SOUND_ID_REFORM_CITY""}, {""t"": ""kv"", ""k"": ""Effect"", ""v"": ""SPECEFFECT_REFORMCITY""}]"
UNIT_TELEVANGELIST,0,flag,GLHidden,
UNIT_TELEVANGELIST,1,kv,Description,DESCRIPTION_UNIT_TELEVANGELIST
UNIT_TELEVANGELIST,2,kv,DefaultIcon,ICON_UNIT_TELEVANGELIST
UNIT_TELEVANGELIST,3,kv,DefaultSprite,SPRITE_TELEVANGELIST
UNIT_TELEVANGELIST,4,kv,Category,UNIT_CATEGORY_SPECIAL
UNIT_TELEVANGELIST,5,kv,Attack,0
UNIT_TELEVANGELIST,6,kv,Defense,10
UNIT_TELEVANGELIST,7,kv,ZBRangeAttack,0
UNIT_TELEVANGELIST,8,kv,Firepower,1
UNIT_TELEVANGELIST,9,kv,Armor,1
UNIT_TELEVANGELIST,10,kv,MaxHP,10
UNIT_TELEVANGELIST,11,kv,ShieldCost,1500
UNIT_TELEVANGELIST,12,kv,PowerPoints,1000
UNIT_TELEVANGELIST,13,kv,ShieldHunger,15
UNIT_TELEVANGELIST,14,kv,FoodHunger,0
UNIT_TELEVANGELIST,15,kv,MaxMovePoints,400
UNIT_TELEVANGELIST,16,kv,VisionRange,2
UNIT_TELEVANGELIST,17,kv,EnableAdvance,ADVANCE_MASS_MEDIA
UNIT_TELEVANGELIST,18,kv,GovernmentType,GOVERNMENT_DEMOCRACY
UNIT_TELEVANGELIST,19,kv,ActiveDefenseRange,0
UNIT_TELEVANGELIST,20,flag,LossMoveToDmgNone,
UNIT_TELEVANGELIST,21,kv,MaxFuel,0
UNIT_TELEVANGELIST,22,flag,CanEntrench,
UNIT_TELEVANGELIST,23,flag,IgnoreZOC,
UNIT_TELEVANGELIST,24,flag,NoZoc,
UNIT_TELEVANGELIST,25,flag,CanBeExpelled,
UNIT_TELEVANGELIST,26,flag,CanBeSued,
UNIT_TELEVANGELIST,27,flag,CantCaptureCity,
UNIT_TELEVANGELIST,28,flag,DeathEffectsHappy,
UNIT_TELEVANGELIST,29,flag,IsSpecialForces,
UNIT_TELEVANGELIST,30,flag,IsTelevangelist,
UNIT_TELEVANGELIST,31,flag,Civilian,
UNIT_TELEVANGELIST,32,flag,OnlyBuildOne,
UNIT_TELEVANGELIST,33,kv,SoundSelect1,SOUND_SELECT1_TELEVANGELIST
UNIT_TELEVANGELIST,34,kv,SoundSelect2,SOUND_SELECT2_TELEVANGELIST
UNIT_TELEVANGELIST,35,kv,SoundMove,SOUND_MOVE_TELEVANGELIST
UNIT_TELEVANGELIST,36,kv,SoundAcknowledge,SOUND_ACKNOWLEDGE_TELEVANGELIST
UNIT_TELEVANGELIST,37,kv,SoundCantMove,SOUND_CANTMOVE_TELEVANGELIST
UNIT_TELEVANGELIST,38,kv,SoundAttack,SOUND_ATTACK_TELEVANGELIST
UNIT_TELEVANGELIST,39,kv,SoundWork,SOUND_WORK_TELEVANGELIST
UNIT_TELEVANGELIST,40,kv,SoundVictory,SOUND_VICTORY_TELEVANGELIST
UNIT_TELEVANGELIST,41,kv,SoundDeath,SOUND_DEATH_TELEVANGELIST
UNIT_TELEVANGELIST,42,sublist,CanSee,Standard
UNIT_TELEVANGELIST,43,sublist,CanSee,Stealth
UNIT_TELEVANGELIST,44,sublist,MovementType,Land
UNIT_TELEVANGELIST,45,sublist,MovementType,Mountain
UNIT_TELEVANGELIST,46,sublist,Size,Small
UNIT_TELEVANGELIST,47,sublist,VisionClass,Stealth
UNIT_TELEVANGELIST,48,nested,CanSoothsay,"[{""t"": ""kv"", ""k"": ""Sound"", ""v"": ""SOUND_ID_CAN_SOOTHSAY_TV""}, {""t"": ""kv"", ""k"": ""Effect"", ""v"": ""SPECEFFECT_CAN_SOOTHSAY""}]"
UNIT_TELEVANGELIST,49,nested,CauseUnhappiness,"[{""t"": ""kv"", ""k"": ""Chance"", ""v"": ""1""}, {""t"": ""kv"", ""k"": ""Timer"", ""v"": ""1""}, {""t"": ""kv"", ""k"": ""Amount"", ""v"": ""3""}, {""t"": ""kv"", ""k"": ""Sound"", ""v"": ""SOUND_ID_CAN_SOOTHSAY_TV""}, {""t"": ""kv"", ""k"": ""Effect"", ""v"": ""SPECEFFECT_CAN_SOOTHSAY""}]"
UNIT_TELEVANGELIST,50,nested,ConvertCities,"[{""t"": ""kv"", ""k"": ""Chance"", ""v"": ""0.75""}, {""t"": ""kv"", ""k"": ""DeathChance"", ""v"": ""0.25""}, {""t"": ""kv"", ""k"": ""Sound"", ""v"": ""SOUND_ID_CONVERT_CITIES_TV""}, {""t"": ""kv"", ""k"": ""Effect"", ""v"": ""SPECEFFECT_CONVERT_CITIES""}]"
UNIT_TELEVANGELIST,51,nested,IndulgenceSales,"[{""t"": ""kv"", ""k"": ""Sound"", ""v"": ""SOUND_ID_INDULGENCE_SALES_TV""}, {""t"": ""kv"", ""k"": ""Effect"", ""v"": ""SPECEFFECT_INDULGENCE_SALES""}]"
UNIT_TROOP_SHIP,0,flag,GLHidden,
UNIT_TROOP_SHIP,1,kv,Description,DESCRIPTION_UNIT_TROOP_SHIP
UNIT_TROOP_SHIP,2,kv,DefaultIcon,ICON_UNIT_TROOP_SHIP
UNIT_TROOP_SHIP,3,kv,DefaultSprite,SPRITE_TROOP_SHIP
UNIT_TROOP_SHIP,4,kv,Category,UNIT_CATEGORY_NAVAL
UNIT_TROOP_SHIP,5,kv,Attack,0
UNIT_TROOP_SHIP,6,kv,Defense,10
UNIT_TROOP_SHIP,7,kv,ZBRangeAttack,0
UNIT_TROOP_SHIP,8,kv,Firepower,1
UNIT_TROOP_SHIP,9,kv,Armor,1
UNIT_TROOP_SHIP,10,kv,MaxHP,20
UNIT_TROOP_SHIP,11,kv,ShieldCost,1400
UNIT_TROOP_SHIP,12,kv,PowerPoints,1200
UNIT_TROOP_SHIP,13,kv,ShieldHunger,14
UNIT_TROOP_SHIP,14,kv,FoodHunger,0
UNIT_TROOP_SHIP,15,kv,MaxMovePoints,1200
UNIT_TROOP_SHIP,16,kv,VisionRange,2
UNIT_TROOP_SHIP,17,kv,EnableAdvance,ADVANCE_INTERNAL_COMBUSTION
UNIT_TROOP_SHIP,18,kv,ActiveDefenseRange,0
UNIT_TROOP_SHIP,19,flag,LossMoveToDmgNone,
UNIT_TROOP_SHIP,20,kv,MaxFuel,0
UNIT_TROOP_SHIP,21,flag,NoZoc,
UNIT_TROOP_SHIP,22,flag,CantCaptureCity,
UNIT_TROOP_SHIP,23,flag,DeathEffectsHappy,
UNIT_TROOP_SHIP,24,flag,Explodes,
UNIT_TROOP_SHIP,25,flag,OnlyBuildOne,
UNIT_TROOP_SHIP,26,kv,SoundSelect1,SOUND_SELECT1_TROOP_SHIP
UNIT_TROOP_SHIP,27,kv,SoundSelect2,SOUND_SELECT2_TROOP_SHIP
UNIT_TROOP_SHIP,28,kv,SoundMove,SOUND_MOVE_TROOP_SHIP
UNIT_TROOP_SHIP,29,kv,SoundAcknowledge,SOUND_ACKNOWLEDGE_TROOP_SHIP
UNIT_TROOP_SHIP,30,kv,SoundCantMove,SOUND_CANTMOVE_TROOP_SHIP
UNIT_TROOP_SHIP,31,kv,SoundAttack,SOUND_ATTACK_TROOP_SHIP
UNIT_TROOP_SHIP,32,kv,SoundWork,SOUND_WORK_TROOP_SHIP
UNIT_TROOP_SHIP,33,kv,SoundVictory,SOUND_VICTORY_TROOP_SHIP
UNIT_TROOP_SHIP,34,kv,SoundDeath,SOUND_DEATH_TROOP_SHIP
UNIT_TROOP_SHIP,35,sublist,CanCarry,SmallLand
UNIT_TROOP_SHIP,36,sublist,CanCarry,MedLand
UNIT_TROOP_SHIP,37,sublist,CanSee,Standard
UNIT_TROOP_SHIP,38,sublist,MovementType,Sea
UNIT_TROOP_SHIP,39,sublist,MovementType,ShallowWater
UNIT_TROOP_SHIP,40,sublist,Size,Large
UNIT_TROOP_SHIP,41,sublist,VisionClass,Standard
UNIT_TROOP_SHIP,42,nested,CargoData,"[{""t"": ""kv"", ""k"": ""MaxCargo"", ""v"": ""5""}, {""t"": ""kv"", ""k"": ""Load"", ""v"": ""SOUND_ID_TROOP_SHIP_LOAD""}, {""t"": ""kv"", ""k"": ""Unload"", ""v"": ""SOUND_ID_TROOP_SHIP_UNLOAD""}]"
UNIT_URBAN_PLANNER,0,flag,GLHidden,
UNIT_URBAN_PLANNER,1,kv,Description,DESCRIPTION_UNIT_URBAN_PLANNER
UNIT_URBAN_PLANNER,2,kv,DefaultIcon,ICON_UNIT_URBAN_PLANNER
UNIT_URBAN_PLANNER,3,kv,DefaultSprite,SPRITE_URBAN_PLANNER
UNIT_URBAN_PLANNER,4,kv,Category,UNIT_CATEGORY_SETTLER
UNIT_URBAN_PLANNER,5,kv,Attack,0
UNIT_URBAN_PLANNER,6,kv,Defense,10
UNIT_URBAN_PLANNER,7,kv,ZBRangeAttack,0
UNIT_URBAN_PLANNER,8,kv,Firepower,1
UNIT_URBAN_PLANNER,9,kv,Armor,1
UNIT_URBAN_PLANNER,10,kv,MaxHP,15
UNIT_URBAN_PLANNER,11,kv,ShieldCost,4500
UNIT_URBAN_PLANNER,12,kv,PowerPoints,100
UNIT_URBAN_PLANNER,13,kv,ShieldHunger,45
UNIT_URBAN_PLANNER,14,kv,FoodHunger,0
UNIT_URBAN_PLANNER,15,kv,MaxMovePoints,200
UNIT_URBAN_PLANNER,16,kv,VisionRange,2
UNIT_URBAN_PLANNER,17,kv,EnableAdvance,ADVANCE_ADV_URBAN_PLANNING
UNIT_URBAN_PLANNER,18,kv,ActiveDefenseRange,0
UNIT_URBAN_PLANNER,19,flag,LossMoveToDmgNone,
UNIT_URBAN_PLANNER,20,kv,MaxFuel,0
UNIT_URBAN_PLANNER,21,flag,CanEntrench,
UNIT_URBAN_PLANNER,22,flag,IgnoreZOC,
UNIT_URBAN_PLANNER,23,flag,NoZoc,
UNIT_URBAN_PLANNER,24,kv,SettleCityType,UNIT_CITY
UNIT_URBAN_PLANNER,25,kv,SettleSize,3
UNIT_URBAN_PLANNER,26,flag,CanBeExpelled,
UNIT_URBAN_PLANNER,27,flag,CantCaptureCity,
UNIT_URBAN_PLANNER,28,flag,DeathEffectsHappy,
UNIT_URBAN_PLANNER,29,flag,BuildingRemovesAPop,
UNIT_URBAN_PLANNER,30,flag,IsSpecialForces,
UNIT_URBAN_PLANNER,31,flag,Civilian,
UNIT_URBAN_PLANNER,32,flag,OnlyBuildOne,
UNIT_URBAN_PLANNER,33,kv,SoundSelect1,SOUND_SELECT1_URBAN_PLANNER
UNIT_URBAN_PLANNER,34,kv,SoundSelect2,SOUND_SELECT2_URBAN_PLANNER
UNIT_URBAN_PLANNER,35,kv,SoundMove,SOUND_MOVE_URBAN_PLANNER
UNIT_URBAN_PLANNER,36,kv,SoundAcknowledge,SOUND_ACKNOWLEDGE_URBAN_PLANNER
UNIT_URBAN_PLANNER,37,kv,SoundCantMove,SOUND_CANTMOVE_URBAN_PLANNER
UNIT_URBAN_PLANNER,38,kv,SoundAttack,SOUND_ATTACK_URBAN_PLANNER
UNIT_URBAN_PLANNER,39,kv,SoundWork,SOUND_WORK_URBAN_PLANNER
UNIT_URBAN_PLANNER,40,kv,SoundVictory,SOUND_VICTORY_URBAN_PLANNER
UNIT_URBAN_PLANNER,41,kv,SoundDeath,SOUND_DEATH_URBAN_PLANNER
UNIT_URBAN_PLANNER,42,kv,SettleBuilding,IMPROVE_ACADEMY
UNIT_URBAN_PLANNER,43,kv,SettleBuilding,IMPROVE_COURTHOUSE
UNIT_URBAN_PLANNER,44,kv,SettleBuilding,IMPROVE_GRANARY
UNIT_URBAN_PLANNER,45,kv,SettleBuilding,IMPROVE_SHRINE
UNIT_URBAN_PLANNER,46,kv,SettleBuilding,IMPROVE_THEATER
UNIT_URBAN_PLANNER,47,sublist,CanSee,Standard
UNIT_URBAN_PLANNER,48,sublist,MovementType,Land
UNIT_URBAN_PLANNER,49,sublist,MovementType,Mountain
UNIT_URBAN_PLANNER,50,sublist,Settle,Land
UNIT_URBAN_PLANNER,51,sublist,Settle,Mountain
UNIT_URBAN_PLANNER,52,sublist,Size,Small
UNIT_URBAN_PLANNER,53,sublist,VisionClass,Standard
UNIT_WAR_WALKER,0,flag,GLHidden,
UNIT_WAR_WALKER,1,kv,Description,DESCRIPTION_UNIT_WAR_WALKER
UNIT_WAR_WALKER,2,kv,DefaultIcon,ICON_UNIT_WAR_WALKER
UNIT_WAR_WALKER,3,kv,DefaultSprite,SPRITE_WAR_WALKER
UNIT_WAR_WALKER,4,kv,Category,UNIT_CATEGORY_RANGED
UNIT_WAR_WALKER,5,kv,Attack,55
UNIT_WAR_WALKER,6,kv,Defense,40
UNIT_WAR_WALKER,7,kv,ZBRangeAttack,95
UNIT_WAR_WALKER,8,kv,Firepower,4
UNIT_WAR_WALKER,9,kv,Armor,2
UNIT_WAR_WALKER,10,kv,MaxHP,20
UNIT_WAR_WALKER,11,kv,ShieldCost,4000
UNIT_WAR_WALKER,12,kv,PowerPoints,2000
UNIT_WAR_WALKER,13,kv,ShieldHunger,40
UNIT_WAR_WALKER,14,kv,FoodHunger,0
UNIT_WAR_WALKER,15,kv,MaxMovePoints,500
UNIT_WAR_WALKER,16,kv,VisionRange,4
UNIT_WAR_WALKER,17,kv,EnableAdvance,ADVANCE_CYBERNETICS
UNIT_WAR_WALKER,18,kv,BombRounds,5
UNIT_WAR_WALKER,19,kv,BombardRange,1
UNIT_WAR_WALKER,20,flag,CanCounterBombard,
UNIT_WAR_WALKER,21,kv,ActiveDefenseRange,1
UNIT_WAR_WALKER,22,flag,LossMoveToDmgNone,
UNIT_WAR_WALKER,23,kv,MaxFuel,0
UNIT_WAR_WALKER,24,flag,CanEntrench,
UNIT_WAR_WALKER,25,flag,NoZoc,
UNIT_WAR_WALKER,26,flag,CanExpel,
UNIT_WAR_WALKER,27,flag,CanPillage,
UNIT_WAR_WALKER,28,flag,CanPirate,
UNIT_WAR_WALKER,29,flag,ExertsMartialLaw,
UNIT_WAR_WALKER,30,flag,DeathEffectsHappy,
UNIT_WAR_WALKER,31,flag,Explodes,
UNIT_WAR_WALKER,32,flag,OnlyBuildOne,
UNIT_WAR_WALKER,33,kv,SoundSelect1,SOUND_SELECT1_WAR_WALKER
UNIT_WAR_WALKER,34,kv,SoundSelect2,SOUND_SELECT2_WAR_WALKER
UNIT_WAR_WALKER,35,kv,SoundMove,SOUND_MOVE_WAR_WALKER
UNIT_WAR_WALKER,36,kv,SoundAcknowledge,SOUND_ACKNOWLEDGE_WAR_WALKER
UNIT_WAR_WALKER,37,kv,SoundCantMove,SOUND_CANTMOVE_WAR_WALKER
UNIT_WAR_WALKER,38,kv,SoundAttack,SOUND_ATTACK_WAR_WALKER
UNIT_WAR_WALKER,39,kv,SoundWork,SOUND_WORK_WAR_WALKER
UNIT_WAR_WALKER,40,kv,SoundVictory,SOUND_VICTORY_WAR_WALKER
UNIT_WAR_WALKER,41,kv,SoundDeath,SOUND_DEATH_WAR_WALKER
UNIT_WAR_WALKER,42,sublist,CanAttack,Air
UNIT_WAR_WALKER,43,sublist,CanAttack,Land
UNIT_WAR_WALKER,44,sublist,CanAttack,Mountain
UNIT_WAR_WALKER,45,sublist,CanBombard,Land
UNIT_WAR_WALKER,46,sublist,CanBombard,Mountain
UNIT_WAR_WALKER,47,sublist,CanBombard,Water
UNIT_WAR_WALKER,48,sublist,CanBombard,Air
UNIT_WAR_WALKER,49,sublist,CanSee,Standard
UNIT_WAR_WALKER,50,sublist,Defend,Air
UNIT_WAR_WALKER,51,sublist,MovementType,Land
UNIT_WAR_WALKER,52,sublist,MovementType,Mountain
UNIT_WAR_WALKER,53,sublist,Size,Medium
UNIT_WAR_WALKER,54,sublist,VisionClass,Standard
UNIT_WAR_WALKER,55,nested,CanReform,"[{""t"": ""kv"", ""k"": ""Sound"", ""v"": ""SOUND_ID_REFORM_CITY""}, {""t"": ""kv"", ""k"": ""Effect"", ""v"": ""SPECEFFECT_REFORMCITY""}]"
UNIT_Z_FREIGHT_TRANSPORT,0,flag,GLHidden,
UNIT_Z_FREIGHT_TRANSPORT,1,kv,Description,DESCRIPTION_UNIT_WARRIOR
UNIT_Z_FREIGHT_TRANSPORT,2,kv,DefaultIcon,ICON_UNIT_FREIGHT_TRANSPORT
UNIT_Z_FREIGHT_TRANSPORT,3,kv,DefaultSprite,SPRITE_WARRIOR
UNIT_Z_FREIGHT_TRANSPORT,4,kv,Category,UNIT_CATEGORY_SPECIAL
UNIT_Z_FREIGHT_TRANSPORT,5,kv,Attack,0
UNIT_Z_FREIGHT_TRANSPORT,6,kv,Defense,0
UNIT_Z_FREIGHT_TRANSPORT,7,kv,ZBRangeAttack,0
UNIT_Z_FREIGHT_TRANSPORT,8,kv,Firepower,0
UNIT_Z_FREIGHT_TRANSPORT,9,kv,Armor,0
UNIT_Z_FREIGHT_TRANSPORT,10,kv,MaxHP,10
UNIT_Z_FREIGHT_TRANSPORT,11,kv,ShieldCost,1600
UNIT_Z_FREIGHT_TRANSPORT,12,kv,PowerPoints,100
UNIT_Z_FREIGHT_TRANSPORT,13,kv,ShieldHunger,0
UNIT_Z_FREIGHT_TRANSPORT,14,kv,FoodHunger,0
UNIT_Z_FREIGHT_TRANSPORT,15,kv,MaxMovePoints,3
UNIT_Z_FREIGHT_TRANSPORT,16,kv,VisionRange,0
UNIT_Z_FREIGHT_TRANSPORT,17,kv,EnableAdvance,ADVANCE_GLOBAL_ECONOMICS
UNIT_Z_FREIGHT_TRANSPORT,18,kv,ActiveDefenseRange,0
UNIT_Z_FREIGHT_TRANSPORT,19,kv,MaxFuel,0
UNIT_Z_FREIGHT_TRANSPORT,20,flag,IsTrader,
UNIT_Z_FREIGHT_TRANSPORT,21,flag,OnlyBuildOne,
UNIT_Z_FREIGHT_TRANSPORT,22,kv,SoundSelect1,SOUND_SELECT1_CARAVAN
UNIT_Z_FREIGHT_TRANSPORT,23,kv,SoundSelect2,SOUND_SELECT2_CARAVAN
UNIT_Z_FREIGHT_TRANSPORT,24,kv,SoundMove,SOUND_MOVE_CARAVAN
UNIT_Z_FREIGHT_TRANSPORT,25,kv,SoundAcknowledge,SOUND_ACKNOWLEDGE_CARAVAN
UNIT_Z_FREIGHT_TRANSPORT,26,kv,SoundCantMove,SOUND_CANTMOVE_CARAVAN
UNIT_Z_FREIGHT_TRANSPORT,27,kv,SoundAttack,SOUND_ATTACK_CARAVAN
UNIT_Z_FREIGHT_TRANSPORT,28,kv,SoundWork,SOUND_WORK_CARAVAN
UNIT_Z_FREIGHT_TRANSPORT,29,kv,SoundVictory,SOUND_VICTORY_CARAVAN
UNIT_Z_FREIGHT_TRANSPORT,30,kv,SoundDeath,SOUND_DEATH_CARAVAN
UNIT_CATAMARAN,0,flag,CantBuild,
UNIT_CATAMARAN,1,flag,GLHidden,
UNIT_CATAMARAN,2,kv,Description,DESCRIPTION_UNIT_CATAMARAN
UNIT_CATAMARAN,3,kv,DefaultIcon,ICON_UNIT_CATAMARAN
UNIT_CATAMARAN,4,kv,DefaultSprite,SPRITE_CATAMARAN
UNIT_CATAMARAN,5,kv,Category,UNIT_CATEGORY_NAVAL
UNIT_CATAMARAN,6,kv,Attack,15
UNIT_CATAMARAN,7,kv,Defense,15
UNIT_CATAMARAN,8,kv,ZBRangeAttack,0
UNIT_CATAMARAN,9,kv,Firepower,1
UNIT_CATAMARAN,10,kv,Armor,1
UNIT_CATAMARAN,11,kv,MaxHP,10
UNIT_CATAMARAN,12,kv,ShieldCost,400
UNIT_CATAMARAN,13,kv,PowerPoints,200
UNIT_CATAMARAN,14,kv,ShieldHunger,4
UNIT_CATAMARAN,15,kv,FoodHunger,0
UNIT_CATAMARAN,16,kv,MaxMovePoints,100
UNIT_CATAMARAN,17,kv,VisionRange,1
UNIT_CATAMARAN,18,kv,EnableAdvance,ADVANCE_HEXTAPUL
UNIT_CATAMARAN,19,kv,ActiveDefenseRange,0
UNIT_CATAMARAN,20,flag,LossMoveToDmgNone,
UNIT_CATAMARAN,21,kv,MaxFuel,0
UNIT_CATAMARAN,22,flag,CanEntrench,
UNIT_CATAMARAN,23,flag,CanExpel,
UNIT_CATAMARAN,24,flag,CanPillage,
UNIT_CATAMARAN,25,flag,CanPirate,
UNIT_CATAMARAN,26,flag,ExertsMartialLaw,
UNIT_CATAMARAN,27,flag,DeathEffectsHappy,
UNIT_CATAMARAN,28,flag,OnlyBuildOne,
UNIT_CATAMARAN,29,kv,SoundSelect1,SOUND_SELECT1_HOPLITE
UNIT_CATAMARAN,30,kv,SoundSelect2,SOUND_SELECT2_HOPLITE
UNIT_CATAMARAN,31,kv,SoundMove,SOUND_MOVE_HOPLITE
UNIT_CATAMARAN,32,kv,SoundAcknowledge,SOUND_ACKNOWLEDGE_HOPLITE
UNIT_CATAMARAN,33,kv,SoundCantMove,SOUND_CANTMOVE_HOPLITE
UNIT_CATAMARAN,34,kv,SoundAttack,SOUND_ATTACK_HOPLITE
UNIT_CATAMARAN,35,kv,SoundWork,SOUND_WORK_HOPLITE
UNIT_CATAMARAN,36,kv,SoundVictory,SOUND_VICTORY_HOPLITE
UNIT_CATAMARAN,37,kv,SoundDeath,SOUND_DEATH_HOPLITE
UNIT_CATAMARAN,38,sublist,CanAttack,Land
UNIT_CATAMARAN,39,sublist,CanAttack,Mountain
UNIT_CATAMARAN,40,sublist,CanSee,Standard
UNIT_CATAMARAN,41,sublist,MovementType,Land
UNIT_CATAMARAN,42,sublist,MovementType,Mountain
UNIT_CATAMARAN,43,sublist,Size,Small
UNIT_CATAMARAN,44,sublist,VisionClass,Standard
UNIT_CATAMARAN,45,nested,CanReform,"[{""t"": ""kv"", ""k"": ""Sound"", ""v"": ""SOUND_ID_REFORM_CITY""}, {""t"": ""kv"", ""k"": ""Effect"", ""v"": ""SPECEFFECT_REFORMCITY""}]"
