block_id,seq,type,key,val
ADVANCE_RADAR,0,kv,Prerequisites,ADVANCE_ELECTRICITY
ADVANCE_RADAR,1,kv,Prerequisites,ADVANCE_NAVAL_AVIATION
ADVANCE_RADAR,2,kv,Cost,20000000
ADVANCE_RADAR,3,kv,Icon,ICON_ADVANCE_RADAR
ADVANCE_RADAR,4,kv,Branch,0
ADVANCE_RADAR,5,kv,Age,AGE_SIX
ADVANCE_CYBERNETICS,0,kv,Prerequisites,ADVANCE_EUGENICS
ADVANCE_CYBERNETICS,1,kv,Prerequisites,ADVANCE_NEURAL_INTERFACE
ADVANCE_CYBERNETICS,2,kv,Cost,2000000
ADVANCE_CYBERNETICS,3,kv,Icon,ICON_ADVANCE_CYBERNETICS
ADVANCE_CYBERNETICS,4,kv,Branch,0
ADVANCE_CYBERNETICS,5,kv,Age,AGE_EIGHT
ADVANCE_DWARVES,0,kv,Prerequisites,ADVANCE_GAIA_CONTROLLER
ADVANCE_DWARVES,1,kv,Cost,20000000
ADVANCE_DWARVES,2,kv,Icon,ICON_ADVANCE_HEXTAPUL
ADVANCE_DWARVES,3,kv,Branch,0
ADVANCE_DWARVES,4,kv,Age,AGE_THREE
ADVANCE_DWARVES,5,flag,GLHidden,
ADVANCE_ELVES,0,kv,Prerequisites,ADVANCE_GAIA_CONTROLLER
ADVANCE_ELVES,1,kv,Cost,20000000
ADVANCE_ELVES,2,kv,Icon,ICON_ADVANCE_HEXTAPUL
ADVANCE_ELVES,3,kv,Branch,0
ADVANCE_ELVES,4,kv,Age,AGE_THREE
ADVANCE_ELVES,5,flag,GLHidden,
ADVANCE_HOBBITS,0,kv,Prerequisites,ADVANCE_GAIA_CONTROLLER
ADVANCE_HOBBITS,1,kv,Cost,20000000
ADVANCE_HOBBITS,2,kv,Icon,ICON_ADVANCE_HEXTAPUL
ADVANCE_HOBBITS,3,kv,Branch,0
ADVANCE_HOBBITS,4,kv,Age,AGE_THREE
ADVANCE_HOBBITS,5,flag,GLHidden,
ADVANCE_MEN,0,kv,Prerequisites,ADVANCE_GAIA_CONTROLLER
ADVANCE_MEN,1,kv,Cost,20000000
ADVANCE_MEN,2,kv,Icon,ICON_ADVANCE_HEXTAPUL
ADVANCE_MEN,3,kv,Branch,0
ADVANCE_MEN,4,kv,Age,AGE_THREE
ADVANCE_MEN,5,flag,GLHidden,
ADVANCE_ORCS,0,kv,Prerequisites,ADVANCE_GAIA_CONTROLLER
ADVANCE_ORCS,1,kv,Cost,20000000
ADVANCE_ORCS,2,kv,Icon,ICON_ADVANCE_HEXTAPUL
ADVANCE_ORCS,3,kv,Branch,0
ADVANCE_ORCS,4,kv,Age,AGE_THREE
ADVANCE_ORCS,5,flag,GLHidden,
ADVANCE_GOOD,0,kv,Prerequisites,ADVANCE_GAIA_CONTROLLER
ADVANCE_GOOD,1,kv,Cost,20000000
ADVANCE_GOOD,2,kv,Icon,ICON_ADVANCE_HEXTAPUL
ADVANCE_GOOD,3,kv,Branch,0
ADVANCE_GOOD,4,kv,Age,AGE_THREE
ADVANCE_GOOD,5,flag,GLHidden,
ADVANCE_EVIL,0,kv,Prerequisites,ADVANCE_GAIA_CONTROLLER
ADVANCE_EVIL,1,kv,Cost,20000000
ADVANCE_EVIL,2,kv,Icon,ICON_ADVANCE_HEXTAPUL
ADVANCE_EVIL,3,kv,Branch,0
ADVANCE_EVIL,4,kv,Age,AGE_THREE
ADVANCE_EVIL,5,flag,GLHidden,
ADVANCE_ANGMAR,0,kv,Prerequisites,ADVANCE_GAIA_CONTROLLER
ADVANCE_ANGMAR,1,kv,Cost,20000000
ADVANCE_ANGMAR,2,kv,Icon,ICON_ADVANCE_HEXTAPUL
ADVANCE_ANGMAR,3,kv,Branch,0
ADVANCE_ANGMAR,4,kv,Age,AGE_THREE
ADVANCE_ANGMAR,5,flag,GLHidden,
ADVANCE_ARNOR,0,kv,Prerequisites,ADVANCE_GAIA_CONTROLLER
ADVANCE_ARNOR,1,kv,Cost,20000000
ADVANCE_ARNOR,2,kv,Icon,ICON_ADVANCE_HEXTAPUL
ADVANCE_ARNOR,3,kv,Branch,0
ADVANCE_ARNOR,4,kv,Age,AGE_THREE
ADVANCE_ARNOR,5,flag,GLHidden,
ADVANCE_EASTERLING,0,kv,Prerequisites,ADVANCE_GAIA_CONTROLLER
ADVANCE_EASTERLING,1,kv,Cost,20000000
ADVANCE_EASTERLING,2,kv,Icon,ICON_ADVANCE_HEXTAPUL
ADVANCE_EASTERLING,3,kv,Branch,0
ADVANCE_EASTERLING,4,kv,Age,AGE_THREE
ADVANCE_EASTERLING,5,flag,GLHidden,
ADVANCE_GONDOR,0,kv,Prerequisites,ADVANCE_GAIA_CONTROLLER
ADVANCE_GONDOR,1,kv,Cost,20000000
ADVANCE_GONDOR,2,kv,Icon,ICON_ADVANCE_HEXTAPUL
ADVANCE_GONDOR,3,kv,Branch,0
ADVANCE_GONDOR,4,kv,Age,AGE_THREE
ADVANCE_GONDOR,5,flag,GLHidden,
ADVANCE_HARADRIM,0,kv,Prerequisites,ADVANCE_GAIA_CONTROLLER
ADVANCE_HARADRIM,1,kv,Cost,20000000
ADVANCE_HARADRIM,2,kv,Icon,ICON_ADVANCE_HEXTAPUL
ADVANCE_HARADRIM,3,kv,Branch,0
ADVANCE_HARADRIM,4,kv,Age,AGE_THREE
ADVANCE_HARADRIM,5,flag,GLHidden,
ADVANCE_ISENGARD,0,kv,Prerequisites,ADVANCE_GAIA_CONTROLLER
ADVANCE_ISENGARD,1,kv,Cost,20000000
ADVANCE_ISENGARD,2,kv,Icon,ICON_ADVANCE_HEXTAPUL
ADVANCE_ISENGARD,3,kv,Branch,0
ADVANCE_ISENGARD,4,kv,Age,AGE_THREE
ADVANCE_ISENGARD,5,flag,GLHidden,
ADVANCE_MORDOR,0,kv,Prerequisites,ADVANCE_GAIA_CONTROLLER
ADVANCE_MORDOR,1,kv,Cost,20000000
ADVANCE_MORDOR,2,kv,Icon,ICON_ADVANCE_HEXTAPUL
ADVANCE_MORDOR,3,kv,Branch,0
ADVANCE_MORDOR,4,kv,Age,AGE_THREE
ADVANCE_MORDOR,5,flag,GLHidden,
ADVANCE_NORTHMEN,0,kv,Prerequisites,ADVANCE_GAIA_CONTROLLER
ADVANCE_NORTHMEN,1,kv,Cost,20000000
ADVANCE_NORTHMEN,2,kv,Icon,ICON_ADVANCE_HEXTAPUL
ADVANCE_NORTHMEN,3,kv,Branch,0
ADVANCE_NORTHMEN,4,kv,Age,AGE_THREE
ADVANCE_NORTHMEN,5,flag,GLHidden,
ADVANCE_ROHAN,0,kv,Prerequisites,ADVANCE_GAIA_CONTROLLER
ADVANCE_ROHAN,1,kv,Cost,20000000
ADVANCE_ROHAN,2,kv,Icon,ICON_ADVANCE_HEXTAPUL
ADVANCE_ROHAN,3,kv,Branch,0
ADVANCE_ROHAN,4,kv,Age,AGE_THREE
ADVANCE_ROHAN,5,flag,GLHidden,
ADVANCE_SINDAR,0,kv,Prerequisites,ADVANCE_GAIA_CONTROLLER
ADVANCE_SINDAR,1,kv,Cost,20000000
ADVANCE_SINDAR,2,kv,Icon,ICON_ADVANCE_HEXTAPUL
ADVANCE_SINDAR,3,kv,Branch,0
ADVANCE_SINDAR,4,kv,Age,AGE_THREE
ADVANCE_SINDAR,5,flag,GLHidden,
ADVANCE_AGRICULTURE,0,kv,Cost,225
ADVANCE_AGRICULTURE,1,kv,Icon,ICON_ADVANCE_AGRICULTURE
ADVANCE_AGRICULTURE,2,kv,Branch,0
ADVANCE_AGRICULTURE,3,kv,Age,AGE_ONE
ADVANCE_ALCHEMY,0,kv,Prerequisites,ADVANCE_COSMOLOGY
ADVANCE_ALCHEMY,1,kv,Prerequisites,ADVANCE_BALLISTICS
ADVANCE_ALCHEMY,2,kv,Cost,3300
ADVANCE_ALCHEMY,3,kv,Icon,ICON_ADVANCE_ALCHEMY
ADVANCE_ALCHEMY,4,kv,Branch,0
ADVANCE_ALCHEMY,5,kv,Age,AGE_TWO
ADVANCE_ALCHEMY_HARADRIM,0,kv,Prerequisites,ADVANCE_ALCHEMY
ADVANCE_ALCHEMY_HARADRIM,1,kv,Prerequisites,ADVANCE_HARADRIM
ADVANCE_ALCHEMY_HARADRIM,2,kv,Cost,750
ADVANCE_ALCHEMY_HARADRIM,3,kv,Icon,ICON_ADVANCE_ALCHEMY_HARADRIM
ADVANCE_ALCHEMY_HARADRIM,4,kv,Branch,0
ADVANCE_ALCHEMY_HARADRIM,5,kv,Age,AGE_TWO
ADVANCE_ALCHEMY_HARADRIM,6,flag,GLHidden,
ADVANCE_APPLIED_MATH,0,kv,Prerequisites,ADVANCE_ASTRONOMY
ADVANCE_APPLIED_MATH,1,kv,Cost,600
ADVANCE_APPLIED_MATH,2,kv,Icon,ICON_ADVANCE_APPLIED_MATH
ADVANCE_APPLIED_MATH,3,kv,Branch,0
ADVANCE_APPLIED_MATH,4,kv,Age,AGE_ONE
ADVANCE_APPLIED_MATH_ISENGARD,0,kv,Prerequisites,ADVANCE_APPLIED_MATH
ADVANCE_APPLIED_MATH_ISENGARD,1,kv,Prerequisites,ADVANCE_ISENGARD
ADVANCE_APPLIED_MATH_ISENGARD,2,kv,Cost,300
ADVANCE_APPLIED_MATH_ISENGARD,3,kv,Icon,ICON_ADVANCE_APPLIED_MATH_ISENGARD
ADVANCE_APPLIED_MATH_ISENGARD,4,kv,Branch,0
ADVANCE_APPLIED_MATH_ISENGARD,5,kv,Age,AGE_ONE
ADVANCE_APPLIED_MATH_ISENGARD,6,flag,GLHidden,
ADVANCE_AQUEDUCTS,0,kv,Prerequisites,ADVANCE_GRANARIES
ADVANCE_AQUEDUCTS,1,kv,Prerequisites,ADVANCE_MASONRY
ADVANCE_AQUEDUCTS,2,kv,Cost,3300
ADVANCE_AQUEDUCTS,3,kv,Icon,ICON_ADVANCE_AQUEDUCTS
ADVANCE_AQUEDUCTS,4,kv,Branch,0
ADVANCE_AQUEDUCTS,5,kv,Age,AGE_TWO
ADVANCE_AQUEDUCTS_MEN,0,kv,Prerequisites,ADVANCE_AQUEDUCTS
ADVANCE_AQUEDUCTS_MEN,1,kv,Prerequisites,ADVANCE_MEN
ADVANCE_AQUEDUCTS_MEN,2,kv,Cost,1600
ADVANCE_AQUEDUCTS_MEN,3,kv,Icon,ICON_ADVANCE_AQUEDUCTS_MEN
ADVANCE_AQUEDUCTS_MEN,4,kv,Branch,0
ADVANCE_AQUEDUCTS_MEN,5,kv,Age,AGE_TWO
ADVANCE_AQUEDUCTS_MEN,6,flag,GLHidden,
ADVANCE_ARCHERY,0,kv,Prerequisites,ADVANCE_PROJECTILE_WEAPONS
ADVANCE_ARCHERY,1,kv,Prerequisites,ADVANCE_BRONZE_WORKING
ADVANCE_ARCHERY,2,kv,Cost,1800
ADVANCE_ARCHERY,3,kv,Icon,ICON_ADVANCE_ARCHERY
ADVANCE_ARCHERY,4,kv,Branch,0
ADVANCE_ARCHERY,5,kv,Age,AGE_TWO
ADVANCE_ARCHERY_ELVES,0,kv,Prerequisites,ADVANCE_ARCHERY
ADVANCE_ARCHERY_ELVES,1,kv,Prerequisites,ADVANCE_ELVES
ADVANCE_ARCHERY_ELVES,2,kv,Cost,50
ADVANCE_ARCHERY_ELVES,3,kv,Icon,ICON_ADVANCE_ARCHERY_ELVES
ADVANCE_ARCHERY_ELVES,4,kv,Branch,0
ADVANCE_ARCHERY_ELVES,5,kv,Age,AGE_TWO
ADVANCE_ARCHERY_ELVES,6,flag,GLHidden,
ADVANCE_ARCHERY_HARADRIM,0,kv,Prerequisites,ADVANCE_ARCHERY
ADVANCE_ARCHERY_HARADRIM,1,kv,Prerequisites,ADVANCE_HARADRIM
ADVANCE_ARCHERY_HARADRIM,2,kv,Cost,450
ADVANCE_ARCHERY_HARADRIM,3,kv,Icon,ICON_ADVANCE_ARCHERY_HARADRIM
ADVANCE_ARCHERY_HARADRIM,4,kv,Branch,0
ADVANCE_ARCHERY_HARADRIM,5,kv,Age,AGE_TWO
ADVANCE_ARCHERY_HARADRIM,6,kv,TriggerFeat,FEAT_ADVANCE_ARCHERY_HARADRIM
ADVANCE_ARCHERY_HARADRIM,7,flag,GLHidden,
ADVANCE_ARCHERY_ISENGARD,0,kv,Prerequisites,ADVANCE_ARCHERY
ADVANCE_ARCHERY_ISENGARD,1,kv,Prerequisites,ADVANCE_ISENGARD
ADVANCE_ARCHERY_ISENGARD,2,kv,Cost,450
ADVANCE_ARCHERY_ISENGARD,3,kv,Icon,ICON_ADVANCE_ARCHERY_ISENGARD
ADVANCE_ARCHERY_ISENGARD,4,kv,Branch,0
ADVANCE_ARCHERY_ISENGARD,5,kv,Age,AGE_TWO
ADVANCE_ARCHERY_ISENGARD,6,kv,TriggerFeat,FEAT_ADVANCE_ARCHERY_ISENGARD
ADVANCE_ARCHERY_ISENGARD,7,flag,GLHidden,
ADVANCE_ARCHERY_ORCS,0,kv,Prerequisites,ADVANCE_ARCHERY
ADVANCE_ARCHERY_ORCS,1,kv,Prerequisites,ADVANCE_ORCS
ADVANCE_ARCHERY_ORCS,2,kv,Cost,50
ADVANCE_ARCHERY_ORCS,3,kv,Icon,ICON_ADVANCE_ARCHERY_ORCS
ADVANCE_ARCHERY_ORCS,4,kv,Branch,0
ADVANCE_ARCHERY_ORCS,5,kv,Age,AGE_TWO
ADVANCE_ARCHERY_ORCS,6,flag,GLHidden,
ADVANCE_ARCHITECTURE,0,kv,Prerequisites,ADVANCE_APPLIED_MATH
ADVANCE_ARCHITECTURE,1,kv,Prerequisites,ADVANCE_BRICK_MAKING
ADVANCE_ARCHITECTURE,2,kv,Cost,1600
ADVANCE_ARCHITECTURE,3,kv,Icon,ICON_ADVANCE_ARCHITECTURE
ADVANCE_ARCHITECTURE,4,kv,Branch,0
ADVANCE_ARCHITECTURE,5,kv,Age,AGE_ONE
ADVANCE_ARCHITECTURE_DWARVES,0,kv,Prerequisites,ADVANCE_ARCHITECTURE
ADVANCE_ARCHITECTURE_DWARVES,1,kv,Prerequisites,ADVANCE_DWARVES
ADVANCE_ARCHITECTURE_DWARVES,2,kv,Cost,750
ADVANCE_ARCHITECTURE_DWARVES,3,kv,Icon,ICON_ADVANCE_ARCHITECTURE_DWARVES
ADVANCE_ARCHITECTURE_DWARVES,4,kv,Branch,0
ADVANCE_ARCHITECTURE_DWARVES,5,kv,Age,AGE_ONE
ADVANCE_ARCHITECTURE_DWARVES,6,flag,GLHidden,
ADVANCE_ARCHITECTURE_GONDOR,0,kv,Prerequisites,ADVANCE_ARCHITECTURE
ADVANCE_ARCHITECTURE_GONDOR,1,kv,Prerequisites,ADVANCE_GONDOR
ADVANCE_ARCHITECTURE_GONDOR,2,kv,Cost,750
ADVANCE_ARCHITECTURE_GONDOR,3,kv,Icon,ICON_ADVANCE_ARCHITECTURE_GONDOR
ADVANCE_ARCHITECTURE_GONDOR,4,kv,Branch,0
ADVANCE_ARCHITECTURE_GONDOR,5,kv,Age,AGE_ONE
ADVANCE_ARCHITECTURE_GONDOR,6,flag,GLHidden,
ADVANCE_ARCHITECTURE_MORDOR,0,kv,Prerequisites,ADVANCE_ARCHITECTURE
ADVANCE_ARCHITECTURE_MORDOR,1,kv,Prerequisites,ADVANCE_MORDOR
ADVANCE_ARCHITECTURE_MORDOR,2,kv,Cost,750
ADVANCE_ARCHITECTURE_MORDOR,3,kv,Icon,ICON_ADVANCE_ARCHITECTURE_MORDOR
ADVANCE_ARCHITECTURE_MORDOR,4,kv,Branch,0
ADVANCE_ARCHITECTURE_MORDOR,5,kv,Age,AGE_ONE
ADVANCE_ARCHITECTURE_MORDOR,6,flag,GLHidden,
ADVANCE_ASTRONOMY,0,kv,Prerequisites,ADVANCE_RELIGION
ADVANCE_ASTRONOMY,1,kv,Cost,300
ADVANCE_ASTRONOMY,2,kv,Icon,ICON_ADVANCE_ASTRONOMY
ADVANCE_ASTRONOMY,3,kv,Branch,0
ADVANCE_ASTRONOMY,4,kv,Age,AGE_ONE
ADVANCE_ASTRONOMY_ISENGARD,0,kv,Prerequisites,ADVANCE_ASTRONOMY
ADVANCE_ASTRONOMY_ISENGARD,1,kv,Prerequisites,ADVANCE_ISENGARD
ADVANCE_ASTRONOMY_ISENGARD,2,kv,Cost,50
ADVANCE_ASTRONOMY_ISENGARD,3,kv,Icon,ICON_ADVANCE_ASTRONOMY_ISENGARD
ADVANCE_ASTRONOMY_ISENGARD,4,kv,Branch,0
ADVANCE_ASTRONOMY_ISENGARD,5,kv,Age,AGE_ONE
ADVANCE_BALLISTA_TOWERS,0,kv,Prerequisites,ADVANCE_MASONRY
ADVANCE_BALLISTA_TOWERS,1,kv,Prerequisites,ADVANCE_BALLISTICS
ADVANCE_BALLISTA_TOWERS,2,kv,Cost,3300
ADVANCE_BALLISTA_TOWERS,3,kv,Icon,ICON_ADVANCE_BALLISTA_TOWERS
ADVANCE_BALLISTA_TOWERS,4,kv,Branch,0
ADVANCE_BALLISTA_TOWERS,5,kv,Age,AGE_TWO
ADVANCE_BALLISTICS,0,kv,Prerequisites,ADVANCE_PROPULSION
ADVANCE_BALLISTICS,1,kv,Prerequisites,ADVANCE_COMPOSITE_BOW
ADVANCE_BALLISTICS,2,kv,Cost,5000
ADVANCE_BALLISTICS,3,kv,Icon,ICON_ADVANCE_BALLISTICS
ADVANCE_BALLISTICS,4,kv,Branch,0
ADVANCE_BALLISTICS,5,kv,Age,AGE_TWO
ADVANCE_BARRACKS,0,kv,Prerequisites,ADVANCE_BRONZE_WORKING
ADVANCE_BARRACKS,1,kv,Prerequisites,ADVANCE_PHILOSOPHY
ADVANCE_BARRACKS,2,kv,Cost,3300
ADVANCE_BARRACKS,3,kv,Icon,ICON_ADVANCE_BARRACKS
ADVANCE_BARRACKS,4,kv,Branch,0
ADVANCE_BARRACKS,5,kv,Age,AGE_TWO
ADVANCE_BARRACKS_ANGMAR,0,kv,Prerequisites,ADVANCE_BARRACKS
ADVANCE_BARRACKS_ANGMAR,1,kv,Prerequisites,ADVANCE_ANGMAR
ADVANCE_BARRACKS_ANGMAR,2,kv,Cost,800
ADVANCE_BARRACKS_ANGMAR,3,kv,Icon,ICON_ADVANCE_BARRACKS_ANGMAR
ADVANCE_BARRACKS_ANGMAR,4,kv,Branch,0
ADVANCE_BARRACKS_ANGMAR,5,kv,Age,AGE_TWO
ADVANCE_BARRACKS_ANGMAR,6,kv,TriggerFeat,FEAT_ADVANCE_BARRACKS_ANGMAR
ADVANCE_BARRACKS_ANGMAR,7,flag,GLHidden,
ADVANCE_BARRACKS_ORCS,0,kv,Prerequisites,ADVANCE_BARRACKS
ADVANCE_BARRACKS_ORCS,1,kv,Prerequisites,ADVANCE_ORCS
ADVANCE_BARRACKS_ORCS,2,kv,Cost,50
ADVANCE_BARRACKS_ORCS,3,kv,Icon,ICON_ADVANCE_BARRACKS_ORCS
ADVANCE_BARRACKS_ORCS,4,kv,Branch,0
ADVANCE_BARRACKS_ORCS,5,kv,Age,AGE_TWO
ADVANCE_BARRACKS_ORCS,6,flag,GLHidden,
ADVANCE_BRICK_MAKING,0,kv,Prerequisites,ADVANCE_STONE_WORKING
ADVANCE_BRICK_MAKING,1,kv,Prerequisites,ADVANCE_SLAVE_LABOR
ADVANCE_BRICK_MAKING,2,kv,Cost,300
ADVANCE_BRICK_MAKING,3,kv,Icon,ICON_ADVANCE_BRICK_MAKING
ADVANCE_BRICK_MAKING,4,kv,Branch,0
ADVANCE_BRICK_MAKING,5,kv,Age,AGE_ONE
ADVANCE_BRONZE_WORKING,0,kv,Prerequisites,ADVANCE_COPPER_SMELTING
ADVANCE_BRONZE_WORKING,1,kv,Cost,900
ADVANCE_BRONZE_WORKING,2,kv,Icon,ICON_ADVANCE_BRONZE_WORKING
ADVANCE_BRONZE_WORKING,3,kv,Branch,0
ADVANCE_BRONZE_WORKING,4,kv,Age,AGE_TWO
ADVANCE_BRONZE_WORKING_ANGMAR,0,kv,Prerequisites,ADVANCE_BRONZE_WORKING
ADVANCE_BRONZE_WORKING_ANGMAR,1,kv,Prerequisites,ADVANCE_ANGMAR
ADVANCE_BRONZE_WORKING_ANGMAR,2,kv,Cost,450
ADVANCE_BRONZE_WORKING_ANGMAR,3,kv,Icon,ICON_ADVANCE_BRONZE_WORKING_ANGMAR
ADVANCE_BRONZE_WORKING_ANGMAR,4,kv,Branch,0
ADVANCE_BRONZE_WORKING_ANGMAR,5,kv,Age,AGE_TWO
ADVANCE_BRONZE_WORKING_ANGMAR,6,flag,GLHidden,
ADVANCE_BRONZE_WORKING_ARNOR,0,kv,Prerequisites,ADVANCE_BRONZE_WORKING
ADVANCE_BRONZE_WORKING_ARNOR,1,kv,Prerequisites,ADVANCE_ARNOR
ADVANCE_BRONZE_WORKING_ARNOR,2,kv,Cost,150
ADVANCE_BRONZE_WORKING_ARNOR,3,kv,Icon,ICON_ADVANCE_BRONZE_WORKING_ARNOR
ADVANCE_BRONZE_WORKING_ARNOR,4,kv,Branch,0
ADVANCE_BRONZE_WORKING_ARNOR,5,kv,Age,AGE_TWO
ADVANCE_BRONZE_WORKING_ARNOR,6,flag,GLHidden,
ADVANCE_BRONZE_WORKING_DWARVES,0,kv,Prerequisites,ADVANCE_BRONZE_WORKING
ADVANCE_BRONZE_WORKING_DWARVES,1,kv,Prerequisites,ADVANCE_DWARVES
ADVANCE_BRONZE_WORKING_DWARVES,2,kv,Cost,450
ADVANCE_BRONZE_WORKING_DWARVES,3,kv,Icon,ICON_ADVANCE_BRONZE_WORKING_DWARVES
ADVANCE_BRONZE_WORKING_DWARVES,4,kv,Branch,0
ADVANCE_BRONZE_WORKING_DWARVES,5,kv,Age,AGE_TWO
ADVANCE_BRONZE_WORKING_DWARVES,6,flag,GLHidden,
ADVANCE_BRONZE_WORKING_EASTERLING,0,kv,Prerequisites,ADVANCE_BRONZE_WORKING
ADVANCE_BRONZE_WORKING_EASTERLING,1,kv,Prerequisites,ADVANCE_EASTERLING
ADVANCE_BRONZE_WORKING_EASTERLING,2,kv,Cost,450
ADVANCE_BRONZE_WORKING_EASTERLING,3,kv,Icon,ICON_ADVANCE_BRONZE_WORKING_EASTERLING
ADVANCE_BRONZE_WORKING_EASTERLING,4,kv,Branch,0
ADVANCE_BRONZE_WORKING_EASTERLING,5,kv,Age,AGE_TWO
ADVANCE_BRONZE_WORKING_EASTERLING,6,flag,GLHidden,
ADVANCE_BRONZE_WORKING_HARADRIM,0,kv,Prerequisites,ADVANCE_BRONZE_WORKING
ADVANCE_BRONZE_WORKING_HARADRIM,1,kv,Prerequisites,ADVANCE_HARADRIM
ADVANCE_BRONZE_WORKING_HARADRIM,2,kv,Cost,450
ADVANCE_BRONZE_WORKING_HARADRIM,3,kv,Icon,ICON_ADVANCE_BRONZE_WORKING_HARADRIM
ADVANCE_BRONZE_WORKING_HARADRIM,4,kv,Branch,0
ADVANCE_BRONZE_WORKING_HARADRIM,5,kv,Age,AGE_TWO
ADVANCE_BRONZE_WORKING_HARADRIM,6,flag,GLHidden,
ADVANCE_BRONZE_WORKING_ORCS,0,kv,Prerequisites,ADVANCE_BRONZE_WORKING
ADVANCE_BRONZE_WORKING_ORCS,1,kv,Prerequisites,ADVANCE_ORCS
ADVANCE_BRONZE_WORKING_ORCS,2,kv,Cost,50
ADVANCE_BRONZE_WORKING_ORCS,3,kv,Icon,ICON_ADVANCE_BRONZE_WORKING_ORCS
ADVANCE_BRONZE_WORKING_ORCS,4,kv,Branch,0
ADVANCE_BRONZE_WORKING_ORCS,5,kv,Age,AGE_TWO
ADVANCE_BRONZE_WORKING_ORCS,6,flag,GLHidden,
ADVANCE_BUREAUCRACY,0,kv,Prerequisites,ADVANCE_OLIGARCHY
ADVANCE_BUREAUCRACY,1,kv,Prerequisites,ADVANCE_JURISPRUDENCE
ADVANCE_BUREAUCRACY,2,kv,Cost,6000
ADVANCE_BUREAUCRACY,3,kv,Icon,ICON_ADVANCE_BUREAUCRACY
ADVANCE_BUREAUCRACY,4,kv,Branch,0
ADVANCE_BUREAUCRACY,5,kv,Age,AGE_TWO
ADVANCE_BUREAUCRACY_EASTERLING,0,kv,Prerequisites,ADVANCE_BUREAUCRACY
ADVANCE_BUREAUCRACY_EASTERLING,1,kv,Prerequisites,ADVANCE_EASTERLING
ADVANCE_BUREAUCRACY_EASTERLING,2,kv,Cost,3000
ADVANCE_BUREAUCRACY_EASTERLING,3,kv,Icon,ICON_ADVANCE_BUREAUCRACY_EASTERLING
ADVANCE_BUREAUCRACY_EASTERLING,4,kv,Branch,0
ADVANCE_BUREAUCRACY_EASTERLING,5,kv,Age,AGE_TWO
ADVANCE_BUREAUCRACY_EASTERLING,6,flag,GLHidden,
ADVANCE_BUREAUCRACY_MEN,0,kv,Prerequisites,ADVANCE_BUREAUCRACY
ADVANCE_BUREAUCRACY_MEN,1,kv,Prerequisites,ADVANCE_MEN
ADVANCE_BUREAUCRACY_MEN,2,kv,Cost,3000
ADVANCE_BUREAUCRACY_MEN,3,kv,Icon,ICON_ADVANCE_BUREAUCRACY_MEN
ADVANCE_BUREAUCRACY_MEN,4,kv,Branch,0
ADVANCE_BUREAUCRACY_MEN,5,kv,Age,AGE_TWO
ADVANCE_BUREAUCRACY_MEN,6,flag,GLHidden,
ADVANCE_CEREMONIAL_BURIAL,0,kv,Prerequisites,ADVANCE_RELIGION
ADVANCE_CEREMONIAL_BURIAL,1,kv,Cost,300
ADVANCE_CEREMONIAL_BURIAL,2,kv,Icon,ICON_ADVANCE_CEREMONIAL_BURIAL
ADVANCE_CEREMONIAL_BURIAL,3,kv,Branch,0
ADVANCE_CEREMONIAL_BURIAL,4,kv,Age,AGE_ONE
ADVANCE_CHARIOTS,0,kv,Prerequisites,ADVANCE_HORSE_RIDING
ADVANCE_CHARIOTS,1,kv,Prerequisites,ADVANCE_WHEEL
ADVANCE_CHARIOTS,2,kv,Cost,1800
ADVANCE_CHARIOTS,3,kv,Icon,ICON_ADVANCE_CHARIOTS
ADVANCE_CHARIOTS,4,kv,Branch,0
ADVANCE_CHARIOTS,5,kv,Age,AGE_ONE
ADVANCE_CHARIOTS_EASTERLING,0,kv,Prerequisites,ADVANCE_CHARIOTS
ADVANCE_CHARIOTS_EASTERLING,1,kv,Prerequisites,ADVANCE_EASTERLING
ADVANCE_CHARIOTS_EASTERLING,2,kv,Cost,50
ADVANCE_CHARIOTS_EASTERLING,3,kv,Icon,ICON_ADVANCE_CHARIOTS_EASTERLING
ADVANCE_CHARIOTS_EASTERLING,4,kv,Branch,0
ADVANCE_CHARIOTS_EASTERLING,5,kv,Age,AGE_ONE
ADVANCE_CHARIOTS_EASTERLING,6,flag,GLHidden,
ADVANCE_CHARIOTS_HARADRIM,0,kv,Prerequisites,ADVANCE_CHARIOTS
ADVANCE_CHARIOTS_HARADRIM,1,kv,Prerequisites,ADVANCE_HARADRIM
ADVANCE_CHARIOTS_HARADRIM,2,kv,Cost,50
ADVANCE_CHARIOTS_HARADRIM,3,kv,Icon,ICON_ADVANCE_CHARIOTS_HARADRIM
ADVANCE_CHARIOTS_HARADRIM,4,kv,Branch,0
ADVANCE_CHARIOTS_HARADRIM,5,kv,Age,AGE_ONE
ADVANCE_CHARIOTS_HARADRIM,6,flag,GLHidden,
ADVANCE_CHARIOTS_ROHAN,0,kv,Prerequisites,ADVANCE_CHARIOTS
ADVANCE_CHARIOTS_ROHAN,1,kv,Prerequisites,ADVANCE_ROHAN
ADVANCE_CHARIOTS_ROHAN,2,kv,Cost,900
ADVANCE_CHARIOTS_ROHAN,3,kv,Icon,ICON_ADVANCE_CHARIOTS_ROHAN
ADVANCE_CHARIOTS_ROHAN,4,kv,Branch,0
ADVANCE_CHARIOTS_ROHAN,5,kv,Age,AGE_ONE
ADVANCE_CHARIOTS_ROHAN,6,flag,GLHidden,
ADVANCE_CITY_STATE,0,kv,Prerequisites,ADVANCE_JURISPRUDENCE
ADVANCE_CITY_STATE,1,kv,Prerequisites,ADVANCE_TRADE
ADVANCE_CITY_STATE,2,kv,Cost,3000
ADVANCE_CITY_STATE,3,kv,Icon,ICON_ADVANCE_CITY_STATE
ADVANCE_CITY_STATE,4,kv,Branch,0
ADVANCE_CITY_STATE,5,kv,Age,AGE_ONE
ADVANCE_CITY_STATE_ARNOR,0,kv,Prerequisites,ADVANCE_CITY_STATE
ADVANCE_CITY_STATE_ARNOR,1,kv,Prerequisites,ADVANCE_ARNOR
ADVANCE_CITY_STATE_ARNOR,2,kv,Cost,750
ADVANCE_CITY_STATE_ARNOR,3,kv,Icon,ICON_ADVANCE_CITY_STATE_ARNOR
ADVANCE_CITY_STATE_ARNOR,4,kv,Branch,0
ADVANCE_CITY_STATE_ARNOR,5,kv,Age,AGE_ONE
ADVANCE_CITY_STATE_ARNOR,6,kv,TriggerFeat,FEAT_ADVANCE_CITY_STATE_ARNOR
ADVANCE_CITY_STATE_ARNOR,7,flag,GLHidden,
ADVANCE_CITY_STATE_DWARVES,0,kv,Prerequisites,ADVANCE_CITY_STATE
ADVANCE_CITY_STATE_DWARVES,1,kv,Prerequisites,ADVANCE_DWARVES
ADVANCE_CITY_STATE_DWARVES,2,kv,Cost,750
ADVANCE_CITY_STATE_DWARVES,3,kv,Icon,ICON_ADVANCE_CITY_STATE_DWARVES
ADVANCE_CITY_STATE_DWARVES,4,kv,Branch,0
ADVANCE_CITY_STATE_DWARVES,5,kv,Age,AGE_ONE
ADVANCE_CITY_STATE_DWARVES,6,kv,TriggerFeat,FEAT_ADVANCE_CITY_STATE_DWARVES
ADVANCE_CITY_STATE_DWARVES,7,flag,GLHidden,
ADVANCE_CITY_STATE_EASTERLING,0,kv,Prerequisites,ADVANCE_CITY_STATE
ADVANCE_CITY_STATE_EASTERLING,1,kv,Prerequisites,ADVANCE_EASTERLING
ADVANCE_CITY_STATE_EASTERLING,2,kv,Cost,750
ADVANCE_CITY_STATE_EASTERLING,3,kv,Icon,ICON_ADVANCE_CITY_STATE_EASTERLING
ADVANCE_CITY_STATE_EASTERLING,4,kv,Branch,0
ADVANCE_CITY_STATE_EASTERLING,5,kv,Age,AGE_ONE
ADVANCE_CITY_STATE_EASTERLING,6,kv,TriggerFeat,FEAT_ADVANCE_CITY_STATE_EASTERLING
ADVANCE_CITY_STATE_EASTERLING,7,flag,GLHidden,
ADVANCE_CITY_STATE_GONDOR,0,kv,Prerequisites,ADVANCE_CITY_STATE
ADVANCE_CITY_STATE_GONDOR,1,kv,Prerequisites,ADVANCE_GONDOR
ADVANCE_CITY_STATE_GONDOR,2,kv,Cost,750
ADVANCE_CITY_STATE_GONDOR,3,kv,Icon,ICON_ADVANCE_CITY_STATE_GONDOR
ADVANCE_CITY_STATE_GONDOR,4,kv,Branch,0
ADVANCE_CITY_STATE_GONDOR,5,kv,Age,AGE_ONE
ADVANCE_CITY_STATE_GONDOR,6,kv,TriggerFeat,FEAT_ADVANCE_CITY_STATE_GONDOR
ADVANCE_CITY_STATE_GONDOR,7,flag,GLHidden,
ADVANCE_CITY_STATE_HARADRIM,0,kv,Prerequisites,ADVANCE_CITY_STATE
ADVANCE_CITY_STATE_HARADRIM,1,kv,Prerequisites,ADVANCE_HARADRIM
ADVANCE_CITY_STATE_HARADRIM,2,kv,Cost,50
ADVANCE_CITY_STATE_HARADRIM,3,kv,Icon,ICON_ADVANCE_CITY_STATE_HARADRIM
ADVANCE_CITY_STATE_HARADRIM,4,kv,Branch,0
ADVANCE_CITY_STATE_HARADRIM,5,kv,Age,AGE_ONE
ADVANCE_CITY_STATE_HARADRIM,6,kv,TriggerFeat,FEAT_ADVANCE_CITY_STATE_HARADRIM
ADVANCE_CITY_STATE_HARADRIM,7,flag,GLHidden,
ADVANCE_CITY_STATE_ISENGARD,0,kv,Prerequisites,ADVANCE_CITY_STATE
ADVANCE_CITY_STATE_ISENGARD,1,kv,Prerequisites,ADVANCE_ISENGARD
ADVANCE_CITY_STATE_ISENGARD,2,kv,Cost,750
ADVANCE_CITY_STATE_ISENGARD,3,kv,Icon,ICON_ADVANCE_CITY_STATE_ISENGARD
ADVANCE_CITY_STATE_ISENGARD,4,kv,Branch,0
ADVANCE_CITY_STATE_ISENGARD,5,kv,Age,AGE_ONE
ADVANCE_CITY_STATE_ISENGARD,6,flag,GLHidden,
ADVANCE_CIVIC_ENGINEERING,0,kv,Prerequisites,ADVANCE_CONCRETE
ADVANCE_CIVIC_ENGINEERING,1,kv,Prerequisites,ADVANCE_GEOMETRY
ADVANCE_CIVIC_ENGINEERING,2,kv,Cost,10000
ADVANCE_CIVIC_ENGINEERING,3,kv,Icon,ICON_ADVANCE_CIVIC_ENGINEERING
ADVANCE_CIVIC_ENGINEERING,4,kv,Branch,0
ADVANCE_CIVIC_ENGINEERING,5,kv,Age,AGE_TWO
ADVANCE_CIVIC_ENGINEERING_HOBBITS,0,kv,Prerequisites,ADVANCE_CIVIC_ENGINEERING
ADVANCE_CIVIC_ENGINEERING_HOBBITS,1,kv,Prerequisites,ADVANCE_HOBBITS
ADVANCE_CIVIC_ENGINEERING_HOBBITS,2,kv,Cost,4800
ADVANCE_CIVIC_ENGINEERING_HOBBITS,3,kv,Icon,ICON_ADVANCE_CIVIC_ENGINEERING_HOBBITS
ADVANCE_CIVIC_ENGINEERING_HOBBITS,4,kv,Branch,0
ADVANCE_CIVIC_ENGINEERING_HOBBITS,5,kv,Age,AGE_TWO
ADVANCE_CIVIC_ENGINEERING_HOBBITS,6,flag,GLHidden,
ADVANCE_CIVIC_ENGINEERING_MORDOR,0,kv,Prerequisites,ADVANCE_CIVIC_ENGINEERING
ADVANCE_CIVIC_ENGINEERING_MORDOR,1,kv,Prerequisites,ADVANCE_MORDOR
ADVANCE_CIVIC_ENGINEERING_MORDOR,2,kv,Cost,4800
ADVANCE_CIVIC_ENGINEERING_MORDOR,3,kv,Icon,ICON_ADVANCE_CIVIC_ENGINEERING_MORDOR
ADVANCE_CIVIC_ENGINEERING_MORDOR,4,kv,Branch,0
ADVANCE_CIVIC_ENGINEERING_MORDOR,5,kv,Age,AGE_TWO
ADVANCE_CIVIC_ENGINEERING_MORDOR,6,kv,TriggerFeat,FEAT_ADVANCE_CIVIC_ENGINEERING_MORDOR
ADVANCE_CIVIC_ENGINEERING_MORDOR,7,flag,GLHidden,
ADVANCE_COMPOSITE_BOW,0,kv,Prerequisites,ADVANCE_ARCHERY
ADVANCE_COMPOSITE_BOW,1,kv,Prerequisites,ADVANCE_BARRACKS
ADVANCE_COMPOSITE_BOW,2,kv,Cost,4800
ADVANCE_COMPOSITE_BOW,3,kv,Icon,ICON_ADVANCE_COMPOSITE_BOW
ADVANCE_COMPOSITE_BOW,4,kv,Branch,0
ADVANCE_COMPOSITE_BOW,5,kv,Age,AGE_TWO
ADVANCE_COMPOSITE_BOW_ELVES,0,kv,Prerequisites,ADVANCE_COMPOSITE_BOW
ADVANCE_COMPOSITE_BOW_ELVES,1,kv,Prerequisites,ADVANCE_ELVES
ADVANCE_COMPOSITE_BOW_ELVES,2,kv,Cost,50
ADVANCE_COMPOSITE_BOW_ELVES,3,kv,Icon,ICON_ADVANCE_COMPOSITE_BOW_ELVES
ADVANCE_COMPOSITE_BOW_ELVES,4,kv,Branch,0
ADVANCE_COMPOSITE_BOW_ELVES,5,kv,Age,AGE_TWO
ADVANCE_COMPOSITE_BOW_ELVES,6,flag,GLHidden,
ADVANCE_COMPOSITE_BOW_ORCS,0,kv,Prerequisites,ADVANCE_COMPOSITE_BOW
ADVANCE_COMPOSITE_BOW_ORCS,1,kv,Prerequisites,ADVANCE_ORCS
ADVANCE_COMPOSITE_BOW_ORCS,2,kv,Cost,50
ADVANCE_COMPOSITE_BOW_ORCS,3,kv,Icon,ICON_ADVANCE_COMPOSITE_BOW_ORCS
ADVANCE_COMPOSITE_BOW_ORCS,4,kv,Branch,0
ADVANCE_COMPOSITE_BOW_ORCS,5,kv,Age,AGE_TWO
ADVANCE_COMPOSITE_BOW_ORCS,6,flag,GLHidden,
ADVANCE_CONCRETE,0,kv,Prerequisites,ADVANCE_BALLISTA_TOWERS
ADVANCE_CONCRETE,1,kv,Prerequisites,ADVANCE_AQUEDUCTS
ADVANCE_CONCRETE,2,kv,Cost,4800
ADVANCE_CONCRETE,3,kv,Icon,ICON_ADVANCE_CONCRETE
ADVANCE_CONCRETE,4,kv,Branch,0
ADVANCE_CONCRETE,5,kv,Age,AGE_TWO
ADVANCE_CONCRETE,6,kv,TriggerFeat,FEAT_ADVANCE_CONCRETE
ADVANCE_CONCRETE_EVIL,0,kv,Prerequisites,ADVANCE_CONCRETE
ADVANCE_CONCRETE_EVIL,1,kv,Prerequisites,ADVANCE_EVIL
ADVANCE_CONCRETE_EVIL,2,kv,Cost,1200
ADVANCE_CONCRETE_EVIL,3,kv,Icon,ICON_ADVANCE_CONCRETE_EVIL
ADVANCE_CONCRETE_EVIL,4,kv,Branch,0
ADVANCE_CONCRETE_EVIL,5,kv,Age,AGE_TWO
ADVANCE_CONCRETE_EVIL,6,kv,TriggerFeat,FEAT_ADVANCE_CONCRETE
ADVANCE_CONCRETE_EVIL,7,flag,GLHidden,
ADVANCE_CONCRETE_GOOD,0,kv,Prerequisites,ADVANCE_CONCRETE
ADVANCE_CONCRETE_GOOD,1,kv,Prerequisites,ADVANCE_GOOD
ADVANCE_CONCRETE_GOOD,2,kv,Cost,1200
ADVANCE_CONCRETE_GOOD,3,kv,Icon,ICON_ADVANCE_CONCRETE_GOOD
ADVANCE_CONCRETE_GOOD,4,kv,Branch,0
ADVANCE_CONCRETE_GOOD,5,kv,Age,AGE_TWO
ADVANCE_CONCRETE_GOOD,6,kv,TriggerFeat,FEAT_ADVANCE_CONCRETE
ADVANCE_CONCRETE_GOOD,7,flag,GLHidden,
ADVANCE_COPPER_SMELTING,0,kv,Prerequisites,ADVANCE_MINING
ADVANCE_COPPER_SMELTING,1,kv,Prerequisites,ADVANCE_TRADE
ADVANCE_COPPER_SMELTING,2,kv,Cost,900
ADVANCE_COPPER_SMELTING,3,kv,Icon,ICON_ADVANCE_COPPER_SMELTING
ADVANCE_COPPER_SMELTING,4,kv,Branch,0
ADVANCE_COPPER_SMELTING,5,kv,Age,AGE_ONE
ADVANCE_COPPER_SMELTING_ANGMAR,0,kv,Prerequisites,ADVANCE_COPPER_SMELTING
ADVANCE_COPPER_SMELTING_ANGMAR,1,kv,Prerequisites,ADVANCE_ANGMAR
ADVANCE_COPPER_SMELTING_ANGMAR,2,kv,Cost,450
ADVANCE_COPPER_SMELTING_ANGMAR,3,kv,Icon,ICON_ADVANCE_COPPER_SMELTING_ANGMAR
ADVANCE_COPPER_SMELTING_ANGMAR,4,kv,Branch,0
ADVANCE_COPPER_SMELTING_ANGMAR,5,kv,Age,AGE_ONE
ADVANCE_COPPER_SMELTING_ANGMAR,6,flag,GLHidden,
ADVANCE_COPPER_SMELTING_DWARVES,0,kv,Prerequisites,ADVANCE_COPPER_SMELTING
ADVANCE_COPPER_SMELTING_DWARVES,1,kv,Prerequisites,ADVANCE_DWARVES
ADVANCE_COPPER_SMELTING_DWARVES,2,kv,Cost,450
ADVANCE_COPPER_SMELTING_DWARVES,3,kv,Icon,ICON_ADVANCE_COPPER_SMELTING_DWARVES
ADVANCE_COPPER_SMELTING_DWARVES,4,kv,Branch,0
ADVANCE_COPPER_SMELTING_DWARVES,5,kv,Age,AGE_ONE
ADVANCE_COPPER_SMELTING_DWARVES,6,flag,GLHidden,
ADVANCE_COPPER_SMELTING_EASTERLING,0,kv,Prerequisites,ADVANCE_COPPER_SMELTING
ADVANCE_COPPER_SMELTING_EASTERLING,1,kv,Prerequisites,ADVANCE_EASTERLING
ADVANCE_COPPER_SMELTING_EASTERLING,2,kv,Cost,450
ADVANCE_COPPER_SMELTING_EASTERLING,3,kv,Icon,ICON_ADVANCE_COPPER_SMELTING_EASTERLING
ADVANCE_COPPER_SMELTING_EASTERLING,4,kv,Branch,0
ADVANCE_COPPER_SMELTING_EASTERLING,5,kv,Age,AGE_ONE
ADVANCE_COPPER_SMELTING_EASTERLING,6,flag,GLHidden,
ADVANCE_COPPER_SMELTING_EVIL,0,kv,Prerequisites,ADVANCE_COPPER_SMELTING
ADVANCE_COPPER_SMELTING_EVIL,1,kv,Prerequisites,ADVANCE_EVIL
ADVANCE_COPPER_SMELTING_EVIL,2,kv,Cost,450
ADVANCE_COPPER_SMELTING_EVIL,3,kv,Icon,ICON_ADVANCE_COPPER_SMELTING_EVIL
ADVANCE_COPPER_SMELTING_EVIL,4,kv,Branch,0
ADVANCE_COPPER_SMELTING_EVIL,5,kv,Age,AGE_ONE
ADVANCE_COPPER_SMELTING_EVIL,6,flag,GLHidden,
ADVANCE_COPPER_SMELTING_MORDOR,0,kv,Prerequisites,ADVANCE_COPPER_SMELTING
ADVANCE_COPPER_SMELTING_MORDOR,1,kv,Prerequisites,ADVANCE_MORDOR
ADVANCE_COPPER_SMELTING_MORDOR,2,kv,Cost,450
ADVANCE_COPPER_SMELTING_MORDOR,3,kv,Icon,ICON_ADVANCE_COPPER_SMELTING_MORDOR
ADVANCE_COPPER_SMELTING_MORDOR,4,kv,Branch,0
ADVANCE_COPPER_SMELTING_MORDOR,5,kv,Age,AGE_ONE
ADVANCE_COPPER_SMELTING_MORDOR,6,flag,GLHidden,
ADVANCE_COPPER_SMELTING_SINDAR,0,kv,Prerequisites,ADVANCE_COPPER_SMELTING
ADVANCE_COPPER_SMELTING_SINDAR,1,kv,Prerequisites,ADVANCE_SINDAR
ADVANCE_COPPER_SMELTING_SINDAR,2,kv,Cost,450
ADVANCE_COPPER_SMELTING_SINDAR,3,kv,Icon,ICON_ADVANCE_COPPER_SMELTING_SINDAR
ADVANCE_COPPER_SMELTING_SINDAR,4,kv,Branch,0
ADVANCE_COPPER_SMELTING_SINDAR,5,kv,Age,AGE_ONE
ADVANCE_COPPER_SMELTING_SINDAR,6,flag,GLHidden,
ADVANCE_COSMOLOGY,0,kv,Prerequisites,ADVANCE_APPLIED_MATH
ADVANCE_COSMOLOGY,1,kv,Prerequisites,ADVANCE_PHILOSOPHY
ADVANCE_COSMOLOGY,2,kv,Cost,2100
ADVANCE_COSMOLOGY,3,kv,Icon,ICON_ADVANCE_COSMOLOGY
ADVANCE_COSMOLOGY,4,kv,Branch,0
ADVANCE_COSMOLOGY,5,kv,Age,AGE_TWO
ADVANCE_COSMOLOGY_ARNOR,0,kv,Prerequisites,ADVANCE_COSMOLOGY
ADVANCE_COSMOLOGY_ARNOR,1,kv,Prerequisites,ADVANCE_ARNOR
ADVANCE_COSMOLOGY_ARNOR,2,kv,Cost,500
ADVANCE_COSMOLOGY_ARNOR,3,kv,Icon,ICON_ADVANCE_COSMOLOGY_ARNOR
ADVANCE_COSMOLOGY_ARNOR,4,kv,Branch,0
ADVANCE_COSMOLOGY_ARNOR,5,kv,Age,AGE_TWO
ADVANCE_COSMOLOGY_ARNOR,6,kv,TriggerFeat,FEAT_ADVANCE_COSMOLOGY_ARNOR
ADVANCE_COSMOLOGY_ARNOR,7,flag,GLHidden,
ADVANCE_COSMOLOGY_HARADRIM,0,kv,Prerequisites,ADVANCE_COSMOLOGY
ADVANCE_COSMOLOGY_HARADRIM,1,kv,Prerequisites,ADVANCE_HARADRIM
ADVANCE_COSMOLOGY_HARADRIM,2,kv,Cost,1000
ADVANCE_COSMOLOGY_HARADRIM,3,kv,Icon,ICON_ADVANCE_COSMOLOGY_HARADRIM
ADVANCE_COSMOLOGY_HARADRIM,4,kv,Branch,0
ADVANCE_COSMOLOGY_HARADRIM,5,kv,Age,AGE_TWO
ADVANCE_COSMOLOGY_HARADRIM,6,flag,GLHidden,
ADVANCE_COSMOLOGY_SINDAR,0,kv,Prerequisites,ADVANCE_COSMOLOGY
ADVANCE_COSMOLOGY_SINDAR,1,kv,Prerequisites,ADVANCE_SINDAR
ADVANCE_COSMOLOGY_SINDAR,2,kv,Cost,1000
ADVANCE_COSMOLOGY_SINDAR,3,kv,Icon,ICON_ADVANCE_COSMOLOGY_SINDAR
ADVANCE_COSMOLOGY_SINDAR,4,kv,Branch,0
ADVANCE_COSMOLOGY_SINDAR,5,kv,Age,AGE_TWO
ADVANCE_COSMOLOGY_SINDAR,6,flag,GLHidden,
ADVANCE_COUNCIL_I,0,kv,Prerequisites,ADVANCE_RELIGION
ADVANCE_COUNCIL_I,1,kv,Cost,900
ADVANCE_COUNCIL_I,2,kv,Icon,ICON_ADVANCE_COUNCIL_I
ADVANCE_COUNCIL_I,3,kv,Branch,0
ADVANCE_COUNCIL_I,4,kv,Age,AGE_ONE
ADVANCE_COUNCIL_I,5,kv,TriggerFeat,FEAT_ADVANCE_COUNCIL_I
ADVANCE_COUNCIL_II,0,kv,Prerequisites,ADVANCE_MONOTHEISM
ADVANCE_COUNCIL_II,1,kv,Cost,2100
ADVANCE_COUNCIL_II,2,kv,Icon,ICON_ADVANCE_COUNCIL_II
ADVANCE_COUNCIL_II,3,kv,Branch,0
ADVANCE_COUNCIL_II,4,kv,Age,AGE_ONE
ADVANCE_COUNCIL_II,5,kv,TriggerFeat,FEAT_ADVANCE_COUNCIL_II
ADVANCE_COUNCIL_III,0,kv,Prerequisites,ADVANCE_PHILOSOPHY
ADVANCE_COUNCIL_III,1,kv,Cost,9000
ADVANCE_COUNCIL_III,2,kv,Icon,ICON_ADVANCE_COUNCIL_III
ADVANCE_COUNCIL_III,3,kv,Branch,0
ADVANCE_COUNCIL_III,4,kv,Age,AGE_TWO
ADVANCE_COUNCIL_III,5,kv,TriggerFeat,FEAT_ADVANCE_COUNCIL_III
ADVANCE_COUNCIL_IV,0,kv,Prerequisites,ADVANCE_ETHICS
ADVANCE_COUNCIL_IV,1,kv,Cost,13000
ADVANCE_COUNCIL_IV,2,kv,Icon,ICON_ADVANCE_COUNCIL_IV
ADVANCE_COUNCIL_IV,3,kv,Branch,0
ADVANCE_COUNCIL_IV,4,kv,Age,AGE_TWO
ADVANCE_COUNCIL_IV,5,kv,TriggerFeat,FEAT_ADVANCE_COUNCIL_IV
ADVANCE_COUNCIL_V,0,kv,Prerequisites,ADVANCE_TRIBUNAL_EMPIRE
ADVANCE_COUNCIL_V,1,kv,Cost,21000
ADVANCE_COUNCIL_V,2,kv,Icon,ICON_ADVANCE_COUNCIL_V
ADVANCE_COUNCIL_V,3,kv,Branch,0
ADVANCE_COUNCIL_V,4,kv,Age,AGE_TWO
ADVANCE_COUNCIL_V,5,kv,TriggerFeat,FEAT_ADVANCE_COUNCIL_V
ADVANCE_COUNCIL_V_HOBBITS,0,kv,Prerequisites,ADVANCE_COUNCIL_V
ADVANCE_COUNCIL_V_HOBBITS,1,kv,Prerequisites,ADVANCE_HOBBITS
ADVANCE_COUNCIL_V_HOBBITS,2,kv,Cost,4500
ADVANCE_COUNCIL_V_HOBBITS,3,kv,Icon,ICON_ADVANCE_COUNCIL_V_HOBBITS
ADVANCE_COUNCIL_V_HOBBITS,4,kv,Branch,0
ADVANCE_COUNCIL_V_HOBBITS,5,kv,Age,AGE_TWO
ADVANCE_COUNCIL_V_HOBBITS,6,kv,TriggerFeat,FEAT_ADVANCE_COUNCIL_V_HOBBITS
ADVANCE_COUNCIL_V_HOBBITS,7,flag,GLHidden,
ADVANCE_COUNCIL_V_SINDAR,0,kv,Prerequisites,ADVANCE_COUNCIL_V
ADVANCE_COUNCIL_V_SINDAR,1,kv,Prerequisites,ADVANCE_SINDAR
ADVANCE_COUNCIL_V_SINDAR,2,kv,Cost,4500
ADVANCE_COUNCIL_V_SINDAR,3,kv,Icon,ICON_ADVANCE_COUNCIL_V_SINDAR
ADVANCE_COUNCIL_V_SINDAR,4,kv,Branch,0
ADVANCE_COUNCIL_V_SINDAR,5,kv,Age,AGE_TWO
ADVANCE_COUNCIL_V_SINDAR,6,flag,GLHidden,
ADVANCE_CURRENCY,0,kv,Prerequisites,ADVANCE_TRADE
ADVANCE_CURRENCY,1,kv,Prerequisites,ADVANCE_COPPER_SMELTING
ADVANCE_CURRENCY,2,kv,Cost,1500
ADVANCE_CURRENCY,3,kv,Icon,ICON_ADVANCE_CURRENCY
ADVANCE_CURRENCY,4,kv,Branch,0
ADVANCE_CURRENCY,5,kv,Age,AGE_ONE
ADVANCE_CURRENCY_ANGMAR,0,kv,Prerequisites,ADVANCE_CURRENCY_ANGMAR
ADVANCE_CURRENCY_ANGMAR,1,kv,Prerequisites,ADVANCE_ANGMAR
ADVANCE_CURRENCY_ANGMAR,2,kv,Cost,750
ADVANCE_CURRENCY_ANGMAR,3,kv,Icon,ICON_ADVANCE_CURRENCY_ANGMAR
ADVANCE_CURRENCY_ANGMAR,4,kv,Branch,0
ADVANCE_CURRENCY_ANGMAR,5,kv,Age,AGE_ONE
ADVANCE_CURRENCY_ANGMAR,6,flag,GLHidden,
ADVANCE_CURRENCY_DWARVES,0,kv,Prerequisites,ADVANCE_CURRENCY_DWARVES
ADVANCE_CURRENCY_DWARVES,1,kv,Prerequisites,ADVANCE_ANGMAR
ADVANCE_CURRENCY_DWARVES,2,kv,Cost,750
ADVANCE_CURRENCY_DWARVES,3,kv,Icon,ICON_ADVANCE_CURRENCY_DWARVES
ADVANCE_CURRENCY_DWARVES,4,kv,Branch,0
ADVANCE_CURRENCY_DWARVES,5,kv,Age,AGE_ONE
ADVANCE_CURRENCY_DWARVES,6,flag,GLHidden,
ADVANCE_DARK_AGES,0,kv,Prerequisites,ADVANCE_TRIBUNAL_EMPIRE
ADVANCE_DARK_AGES,1,kv,Prerequisites,ADVANCE_COUNCIL_V
ADVANCE_DARK_AGES,2,kv,Cost,20000000
ADVANCE_DARK_AGES,3,kv,Icon,ICON_ADVANCE_DARK_AGES
ADVANCE_DARK_AGES,4,kv,Branch,0
ADVANCE_DARK_AGES,5,kv,Age,AGE_THREE
ADVANCE_DICTATORSHIP,0,kv,Prerequisites,ADVANCE_REPUBLIC
ADVANCE_DICTATORSHIP,1,kv,Prerequisites,ADVANCE_IRON_WORKING
ADVANCE_DICTATORSHIP,2,kv,Cost,12000
ADVANCE_DICTATORSHIP,3,kv,Icon,ICON_ADVANCE_DICTATORSHIP
ADVANCE_DICTATORSHIP,4,kv,Branch,0
ADVANCE_DICTATORSHIP,5,kv,Age,AGE_TWO
ADVANCE_DICTATORSHIP_ARNOR,0,kv,Prerequisites,ADVANCE_DICTATORSHIP
ADVANCE_DICTATORSHIP_ARNOR,1,kv,Prerequisites,ADVANCE_ARNOR
ADVANCE_DICTATORSHIP_ARNOR,2,kv,Cost,6000
ADVANCE_DICTATORSHIP_ARNOR,3,kv,Icon,ICON_ADVANCE_DICTATORSHIP_ARNOR
ADVANCE_DICTATORSHIP_ARNOR,4,kv,Branch,0
ADVANCE_DICTATORSHIP_ARNOR,5,kv,Age,AGE_TWO
ADVANCE_DICTATORSHIP_ARNOR,6,flag,GLHidden,
ADVANCE_DICTATORSHIP_DWARVES,0,kv,Prerequisites,ADVANCE_DICTATORSHIP
ADVANCE_DICTATORSHIP_DWARVES,1,kv,Prerequisites,ADVANCE_DWARVES
ADVANCE_DICTATORSHIP_DWARVES,2,kv,Cost,3000
ADVANCE_DICTATORSHIP_DWARVES,3,kv,Icon,ICON_ADVANCE_DICTATORSHIP_DWARVES
ADVANCE_DICTATORSHIP_DWARVES,4,kv,Branch,0
ADVANCE_DICTATORSHIP_DWARVES,5,kv,Age,AGE_TWO
ADVANCE_DICTATORSHIP_DWARVES,6,kv,TriggerFeat,FEAT_ADVANCE_DICTATORSHIP_DWARVES
ADVANCE_DICTATORSHIP_DWARVES,7,flag,GLHidden,
ADVANCE_DICTATORSHIP_EASTERLING,0,kv,Prerequisites,ADVANCE_DICTATORSHIP
ADVANCE_DICTATORSHIP_EASTERLING,1,kv,Prerequisites,ADVANCE_EASTERLING
ADVANCE_DICTATORSHIP_EASTERLING,2,kv,Cost,3000
ADVANCE_DICTATORSHIP_EASTERLING,3,kv,Icon,ICON_ADVANCE_DICTATORSHIP_EASTERLING
ADVANCE_DICTATORSHIP_EASTERLING,4,kv,Branch,0
ADVANCE_DICTATORSHIP_EASTERLING,5,kv,Age,AGE_TWO
ADVANCE_DICTATORSHIP_EASTERLING,6,kv,TriggerFeat,FEAT_ADVANCE_DICTATORSHIP_EASTERLING
ADVANCE_DICTATORSHIP_EASTERLING,7,flag,GLHidden,
ADVANCE_DICTATORSHIP_GONDOR,0,kv,Prerequisites,ADVANCE_DICTATORSHIP
ADVANCE_DICTATORSHIP_GONDOR,1,kv,Prerequisites,ADVANCE_GONDOR
ADVANCE_DICTATORSHIP_GONDOR,2,kv,Cost,3000
ADVANCE_DICTATORSHIP_GONDOR,3,kv,Icon,ICON_ADVANCE_DICTATORSHIP_GONDOR
ADVANCE_DICTATORSHIP_GONDOR,4,kv,Branch,0
ADVANCE_DICTATORSHIP_GONDOR,5,kv,Age,AGE_TWO
ADVANCE_DICTATORSHIP_GONDOR,6,kv,TriggerFeat,FEAT_ADVANCE_DICTATORSHIP_GONDOR
ADVANCE_DICTATORSHIP_GONDOR,7,flag,GLHidden,
ADVANCE_DICTATORSHIP_HARADRIM,0,kv,Prerequisites,ADVANCE_DICTATORSHIP
ADVANCE_DICTATORSHIP_HARADRIM,1,kv,Prerequisites,ADVANCE_HARADRIM
ADVANCE_DICTATORSHIP_HARADRIM,2,kv,Cost,3000
ADVANCE_DICTATORSHIP_HARADRIM,3,kv,Icon,ICON_ADVANCE_DICTATORSHIP_HARADRIM
ADVANCE_DICTATORSHIP_HARADRIM,4,kv,Branch,0
ADVANCE_DICTATORSHIP_HARADRIM,5,kv,Age,AGE_TWO
ADVANCE_DICTATORSHIP_HARADRIM,6,kv,TriggerFeat,FEAT_ADVANCE_DICTATORSHIP_HARADRIM
ADVANCE_DICTATORSHIP_HARADRIM,7,flag,GLHidden,
ADVANCE_DICTATORSHIP_ORCS,0,kv,Prerequisites,ADVANCE_DICTATORSHIP
ADVANCE_DICTATORSHIP_ORCS,1,kv,Prerequisites,ADVANCE_ORCS
ADVANCE_DICTATORSHIP_ORCS,2,kv,Cost,50
ADVANCE_DICTATORSHIP_ORCS,3,kv,Icon,ICON_ADVANCE_DICTATORSHIP_ORCS
ADVANCE_DICTATORSHIP_ORCS,4,kv,Branch,0
ADVANCE_DICTATORSHIP_ORCS,5,kv,Age,AGE_TWO
ADVANCE_DICTATORSHIP_ORCS,6,flag,GLHidden,
ADVANCE_DICTATORSHIP_ROHAN,0,kv,Prerequisites,ADVANCE_DICTATORSHIP
ADVANCE_DICTATORSHIP_ROHAN,1,kv,Prerequisites,ADVANCE_ROHAN
ADVANCE_DICTATORSHIP_ROHAN,2,kv,Cost,3000
ADVANCE_DICTATORSHIP_ROHAN,3,kv,Icon,ICON_ADVANCE_DICTATORSHIP_ROHAN
ADVANCE_DICTATORSHIP_ROHAN,4,kv,Branch,0
ADVANCE_DICTATORSHIP_ROHAN,5,kv,Age,AGE_TWO
ADVANCE_DICTATORSHIP_ROHAN,6,kv,TriggerFeat,FEAT_ADVANCE_DICTATORSHIP_ROHAN
ADVANCE_DICTATORSHIP_ROHAN,7,flag,GLHidden,
ADVANCE_DOMESTICATION,0,kv,Prerequisites,ADVANCE_AGRICULTURE
ADVANCE_DOMESTICATION,1,kv,Cost,330
ADVANCE_DOMESTICATION,2,kv,Icon,ICON_ADVANCE_DOMESTICATION
ADVANCE_DOMESTICATION,3,kv,Branch,0
ADVANCE_DOMESTICATION,4,kv,Age,AGE_ONE
ADVANCE_DOMESTICATION_EVIL,0,kv,Prerequisites,ADVANCE_DOMESTICATION
ADVANCE_DOMESTICATION_EVIL,1,kv,Prerequisites,ADVANCE_EVIL
ADVANCE_DOMESTICATION_EVIL,2,kv,Cost,150
ADVANCE_DOMESTICATION_EVIL,3,kv,Icon,ICON_ADVANCE_DOMESTICATION_EVIL
ADVANCE_DOMESTICATION_EVIL,4,kv,Branch,0
ADVANCE_DOMESTICATION_EVIL,5,kv,Age,AGE_ONE
ADVANCE_DOMESTICATION_EVIL,6,flag,GLHidden,
ADVANCE_DRAMA,0,kv,Prerequisites,ADVANCE_MONOTHEISM
ADVANCE_DRAMA,1,kv,Prerequisites,ADVANCE_WRITING
ADVANCE_DRAMA,2,kv,Cost,1500
ADVANCE_DRAMA,3,kv,Icon,ICON_ADVANCE_DRAMA
ADVANCE_DRAMA,4,kv,Branch,0
ADVANCE_DRAMA,5,kv,Age,AGE_ONE
ADVANCE_DRAMA_MEN,0,kv,Prerequisites,ADVANCE_DRAMA
ADVANCE_DRAMA_MEN,1,kv,Prerequisites,ADVANCE_MEN
ADVANCE_DRAMA_MEN,2,kv,Cost,750
ADVANCE_DRAMA_MEN,3,kv,Icon,ICON_ADVANCE_DRAMA_MEN
ADVANCE_DRAMA_MEN,4,kv,Branch,0
ADVANCE_DRAMA_MEN,5,kv,Age,AGE_ONE
ADVANCE_DRAMA_MEN,6,flag,GLHidden,
ADVANCE_DRAMA_MORDOR,0,kv,Prerequisites,ADVANCE_DRAMA
ADVANCE_DRAMA_MORDOR,1,kv,Prerequisites,ADVANCE_MORDOR
ADVANCE_DRAMA_MORDOR,2,kv,Cost,750
ADVANCE_DRAMA_MORDOR,3,kv,Icon,ICON_ADVANCE_DRAMA_MORDOR
ADVANCE_DRAMA_MORDOR,4,kv,Branch,0
ADVANCE_DRAMA_MORDOR,5,kv,Age,AGE_ONE
ADVANCE_DRAMA_MORDOR,6,flag,GLHidden,
ADVANCE_DRAMA_SINDAR,0,kv,Prerequisites,ADVANCE_DRAMA
ADVANCE_DRAMA_SINDAR,1,kv,Prerequisites,ADVANCE_SINDAR
ADVANCE_DRAMA_SINDAR,2,kv,Cost,400
ADVANCE_DRAMA_SINDAR,3,kv,Icon,ICON_ADVANCE_DRAMA_SINDAR
ADVANCE_DRAMA_SINDAR,4,kv,Branch,0
ADVANCE_DRAMA_SINDAR,5,kv,Age,AGE_ONE
ADVANCE_DRAMA_SINDAR,6,kv,TriggerFeat,FEAT_ADVANCE_DRAMA_SINDAR
ADVANCE_DRAMA_SINDAR,7,flag,GLHidden,
ADVANCE_DYNASTY,0,kv,Prerequisites,ADVANCE_WRITING
ADVANCE_DYNASTY,1,kv,Prerequisites,ADVANCE_RELIGION
ADVANCE_DYNASTY,2,kv,Cost,1200
ADVANCE_DYNASTY,3,kv,Icon,ICON_ADVANCE_DYNASTY
ADVANCE_DYNASTY,4,kv,Branch,0
ADVANCE_DYNASTY,5,kv,Age,AGE_ONE
ADVANCE_DYNASTY_ARNOR,0,kv,Prerequisites,ADVANCE_DYNASTY
ADVANCE_DYNASTY_ARNOR,1,kv,Prerequisites,ADVANCE_ARNOR
ADVANCE_DYNASTY_ARNOR,2,kv,Cost,50
ADVANCE_DYNASTY_ARNOR,3,kv,Icon,ICON_ADVANCE_DYNASTY_ARNOR
ADVANCE_DYNASTY_ARNOR,4,kv,Branch,0
ADVANCE_DYNASTY_ARNOR,5,kv,Age,AGE_ONE
ADVANCE_DYNASTY_ARNOR,6,kv,TriggerFeat,FEAT_ADVANCE_DYNASTY_ARNOR
ADVANCE_DYNASTY_ARNOR,7,flag,GLHidden,
ADVANCE_DYNASTY_GONDOR,0,kv,Prerequisites,ADVANCE_DYNASTY
ADVANCE_DYNASTY_GONDOR,1,kv,Prerequisites,ADVANCE_GONDOR
ADVANCE_DYNASTY_GONDOR,2,kv,Cost,50
ADVANCE_DYNASTY_GONDOR,3,kv,Icon,ICON_ADVANCE_DYNASTY_GONDOR
ADVANCE_DYNASTY_GONDOR,4,kv,Branch,0
ADVANCE_DYNASTY_GONDOR,5,kv,Age,AGE_ONE
ADVANCE_DYNASTY_GONDOR,6,kv,TriggerFeat,FEAT_ADVANCE_DYNASTY_GONDOR
ADVANCE_DYNASTY_GONDOR,7,flag,GLHidden,
ADVANCE_DYNASTY_ORCS,0,kv,Prerequisites,ADVANCE_DYNASTY
ADVANCE_DYNASTY_ORCS,1,kv,Prerequisites,ADVANCE_ORCS
ADVANCE_DYNASTY_ORCS,2,kv,Cost,50
ADVANCE_DYNASTY_ORCS,3,kv,Icon,ICON_ADVANCE_DYNASTY_ORCS
ADVANCE_DYNASTY_ORCS,4,kv,Branch,0
ADVANCE_DYNASTY_ORCS,5,kv,Age,AGE_ONE
ADVANCE_DYNASTY_ORCS,6,flag,GLHidden,
ADVANCE_ETHICS,0,kv,Prerequisites,ADVANCE_REPUBLIC
ADVANCE_ETHICS,1,kv,Prerequisites,ADVANCE_JURISPRUDENCE
ADVANCE_ETHICS,2,kv,Cost,6000
ADVANCE_ETHICS,3,kv,Icon,ICON_ADVANCE_ETHICS
ADVANCE_ETHICS,4,kv,Branch,0
ADVANCE_ETHICS,5,kv,Age,AGE_TWO
ADVANCE_ETHICS,6,flag,GLHidden,
ADVANCE_ETHICS_ISENGARD,0,kv,Prerequisites,ADVANCE_ETHICS
ADVANCE_ETHICS_ISENGARD,1,kv,Prerequisites,ADVANCE_ISENGARD
ADVANCE_ETHICS_ISENGARD,2,kv,Cost,3000
ADVANCE_ETHICS_ISENGARD,3,kv,Icon,ICON_ADVANCE_ETHICS_ISENGARD
ADVANCE_ETHICS_ISENGARD,4,kv,Branch,0
ADVANCE_ETHICS_ISENGARD,5,kv,Age,AGE_TWO
ADVANCE_ETHICS_ISENGARD,6,flag,GLHidden,
ADVANCE_ETHICS_GOOD,0,kv,Prerequisites,ADVANCE_ETHICS
ADVANCE_ETHICS_GOOD,1,kv,Prerequisites,ADVANCE_GOOD
ADVANCE_ETHICS_GOOD,2,kv,Cost,3000
ADVANCE_ETHICS_GOOD,3,kv,Icon,ICON_ADVANCE_ETHICS_GOOD
ADVANCE_ETHICS_GOOD,4,kv,Branch,0
ADVANCE_ETHICS_GOOD,5,kv,Age,AGE_TWO
ADVANCE_ETHICS_GOOD,6,flag,GLHidden,
ADVANCE_GEOMETRY,0,kv,Prerequisites,ADVANCE_ALCHEMY
ADVANCE_GEOMETRY,1,kv,Prerequisites,ADVANCE_IRON_WORKING
ADVANCE_GEOMETRY,2,kv,Cost,5400
ADVANCE_GEOMETRY,3,kv,Icon,ICON_ADVANCE_GEOMETRY
ADVANCE_GEOMETRY,4,kv,Branch,0
ADVANCE_GEOMETRY,5,kv,Age,AGE_TWO
ADVANCE_GRANARIES,0,kv,Prerequisites,ADVANCE_WATER_LIFTS
ADVANCE_GRANARIES,1,kv,Prerequisites,ADVANCE_BRICK_MAKING
ADVANCE_GRANARIES,2,kv,Cost,750
ADVANCE_GRANARIES,3,kv,Icon,ICON_ADVANCE_GRANARIES
ADVANCE_GRANARIES,4,kv,Branch,0
ADVANCE_GRANARIES,5,kv,Age,AGE_ONE
ADVANCE_GRANARIES_ROHAN,0,kv,Prerequisites,ADVANCE_GRANARIES
ADVANCE_GRANARIES_ROHAN,1,kv,Prerequisites,ADVANCE_ROHAN
ADVANCE_GRANARIES_ROHAN,2,kv,Cost,400
ADVANCE_GRANARIES_ROHAN,3,kv,Icon,ICON_ADVANCE_GRANARIES_ROHAN
ADVANCE_GRANARIES_ROHAN,4,kv,Branch,0
ADVANCE_GRANARIES_ROHAN,5,kv,Age,AGE_ONE
ADVANCE_GRANARIES_ROHAN,6,flag,GLHidden,
ADVANCE_HERBALISM,0,kv,Prerequisites,ADVANCE_CEREMONIAL_BURIAL
ADVANCE_HERBALISM,1,kv,Prerequisites,ADVANCE_GRANARIES
ADVANCE_HERBALISM,2,kv,Cost,750
ADVANCE_HERBALISM,3,kv,Icon,ICON_ADVANCE_HERBALISM
ADVANCE_HERBALISM,4,kv,Branch,0
ADVANCE_HERBALISM,5,kv,Age,AGE_ONE
ADVANCE_HERBALISM_EASTERLING,0,kv,Prerequisites,ADVANCE_HERBALISM
ADVANCE_HERBALISM_EASTERLING,1,kv,Prerequisites,ADVANCE_EASTERLING
ADVANCE_HERBALISM_EASTERLING,2,kv,Cost,400
ADVANCE_HERBALISM_EASTERLING,3,kv,Icon,ICON_ADVANCE_HERBALISM_EASTERLING
ADVANCE_HERBALISM_EASTERLING,4,kv,Branch,0
ADVANCE_HERBALISM_EASTERLING,5,kv,Age,AGE_ONE
ADVANCE_HERBALISM_EASTERLING,6,flag,GLHidden,
ADVANCE_HIPPOCRATIC_SCHOOL,0,kv,Prerequisites,ADVANCE_HERBALISM
ADVANCE_HIPPOCRATIC_SCHOOL,1,kv,Prerequisites,ADVANCE_PHILOSOPHY
ADVANCE_HIPPOCRATIC_SCHOOL,2,kv,Cost,2400
ADVANCE_HIPPOCRATIC_SCHOOL,3,kv,Icon,ICON_ADVANCE_HIPPOCRATIC_SCHOOL
ADVANCE_HIPPOCRATIC_SCHOOL,4,kv,Branch,0
ADVANCE_HIPPOCRATIC_SCHOOL,5,kv,Age,AGE_TWO
ADVANCE_HIPPOCRATIC_SCHOOL_GONDOR,0,kv,Prerequisites,ADVANCE_HIPPOCRATIC_SCHOOL
ADVANCE_HIPPOCRATIC_SCHOOL_GONDOR,1,kv,Prerequisites,ADVANCE_GONDOR
ADVANCE_HIPPOCRATIC_SCHOOL_GONDOR,2,kv,Cost,1200
ADVANCE_HIPPOCRATIC_SCHOOL_GONDOR,3,kv,Icon,ICON_ADVANCE_HIPPOCRATIC_SCHOOL_GONDOR
ADVANCE_HIPPOCRATIC_SCHOOL_GONDOR,4,kv,Branch,0
ADVANCE_HIPPOCRATIC_SCHOOL_GONDOR,5,kv,Age,AGE_TWO
ADVANCE_HIPPOCRATIC_SCHOOL_GONDOR,6,flag,GLHidden,
ADVANCE_HIPPOCRATIC_SCHOOL_SINDAR,0,kv,Prerequisites,ADVANCE_HIPPOCRATIC_SCHOOL
ADVANCE_HIPPOCRATIC_SCHOOL_SINDAR,1,kv,Prerequisites,ADVANCE_SINDAR
ADVANCE_HIPPOCRATIC_SCHOOL_SINDAR,2,kv,Cost,1200
ADVANCE_HIPPOCRATIC_SCHOOL_SINDAR,3,kv,Icon,ICON_ADVANCE_HIPPOCRATIC_SCHOOL_SINDAR
ADVANCE_HIPPOCRATIC_SCHOOL_SINDAR,4,kv,Branch,0
ADVANCE_HIPPOCRATIC_SCHOOL_SINDAR,5,kv,Age,AGE_TWO
ADVANCE_HIPPOCRATIC_SCHOOL_SINDAR,6,flag,GLHidden,
ADVANCE_HORSE_ARMOR,0,kv,Prerequisites,ADVANCE_MOBILE_TACTICS
ADVANCE_HORSE_ARMOR,1,kv,Prerequisites,ADVANCE_BARRACKS
ADVANCE_HORSE_ARMOR,2,kv,Cost,4500
ADVANCE_HORSE_ARMOR,3,kv,Icon,ICON_ADVANCE_HORSE_ARMOR
ADVANCE_HORSE_ARMOR,4,kv,Branch,0
ADVANCE_HORSE_ARMOR,5,kv,Age,AGE_TWO
ADVANCE_HORSE_ARMOR_ELVES,0,kv,Prerequisites,ADVANCE_HORSE_ARMOR
ADVANCE_HORSE_ARMOR_ELVES,1,kv,Prerequisites,ADVANCE_ELVES
ADVANCE_HORSE_ARMOR_ELVES,2,kv,Cost,50
ADVANCE_HORSE_ARMOR_ELVES,3,kv,Icon,ICON_ADVANCE_HORSE_ARMOR_ELVES
ADVANCE_HORSE_ARMOR_ELVES,4,kv,Branch,0
ADVANCE_HORSE_ARMOR_ELVES,5,kv,Age,AGE_TWO
ADVANCE_HORSE_ARMOR_ELVES,6,flag,GLHidden,
ADVANCE_HORSE_ARMOR_MEN,0,kv,Prerequisites,ADVANCE_HORSE_ARMOR
ADVANCE_HORSE_ARMOR_MEN,1,kv,Prerequisites,ADVANCE_MEN
ADVANCE_HORSE_ARMOR_MEN,2,kv,Cost,50
ADVANCE_HORSE_ARMOR_MEN,3,kv,Icon,ICON_ADVANCE_HORSE_ARMOR_MEN
ADVANCE_HORSE_ARMOR_MEN,4,kv,Branch,0
ADVANCE_HORSE_ARMOR_MEN,5,kv,Age,AGE_TWO
ADVANCE_HORSE_ARMOR_MEN,6,flag,GLHidden,
ADVANCE_HORSE_ARMOR_ORCS,0,kv,Prerequisites,ADVANCE_HORSE_ARMOR
ADVANCE_HORSE_ARMOR_ORCS,1,kv,Prerequisites,ADVANCE_ORCS
ADVANCE_HORSE_ARMOR_ORCS,2,kv,Cost,50
ADVANCE_HORSE_ARMOR_ORCS,3,kv,Icon,ICON_ADVANCE_HORSE_ARMOR_ORCS
ADVANCE_HORSE_ARMOR_ORCS,4,kv,Branch,0
ADVANCE_HORSE_ARMOR_ORCS,5,kv,Age,AGE_TWO
ADVANCE_HORSE_ARMOR_ORCS,6,flag,GLHidden,
ADVANCE_HORSE_ARMOR_ROHAN,0,kv,Prerequisites,ADVANCE_HORSE_ARMOR_MEN
ADVANCE_HORSE_ARMOR_ROHAN,1,kv,Prerequisites,ADVANCE_ROHAN
ADVANCE_HORSE_ARMOR_ROHAN,2,kv,Cost,1500
ADVANCE_HORSE_ARMOR_ROHAN,3,kv,Icon,ICON_ADVANCE_HORSE_ARMOR_ROHAN
ADVANCE_HORSE_ARMOR_ROHAN,4,kv,Branch,0
ADVANCE_HORSE_ARMOR_ROHAN,5,kv,Age,AGE_TWO
ADVANCE_HORSE_ARMOR_ROHAN,6,flag,GLHidden,
ADVANCE_HORSE_RIDING,0,kv,Prerequisites,ADVANCE_DOMESTICATION
ADVANCE_HORSE_RIDING,1,kv,Prerequisites,ADVANCE_PROJECTILE_WEAPONS
ADVANCE_HORSE_RIDING,2,kv,Cost,900
ADVANCE_HORSE_RIDING,3,kv,Icon,ICON_ADVANCE_HORSE_RIDING
ADVANCE_HORSE_RIDING,4,kv,Branch,0
ADVANCE_HORSE_RIDING,5,kv,Age,AGE_ONE
ADVANCE_HORSE_RIDING,6,kv,KeyAdvanceAdvice,KEY_MILITARY_ADVANCE_ADVICE
ADVANCE_HORSE_RIDING_ORCS,0,kv,Prerequisites,ADVANCE_HORSE_RIDING
ADVANCE_HORSE_RIDING_ORCS,1,kv,Prerequisites,ADVANCE_ORCS
ADVANCE_HORSE_RIDING_ORCS,2,kv,Cost,50
ADVANCE_HORSE_RIDING_ORCS,3,kv,Icon,ICON_ADVANCE_HORSE_RIDING_ORCS
ADVANCE_HORSE_RIDING_ORCS,4,kv,Branch,0
ADVANCE_HORSE_RIDING_ORCS,5,kv,Age,AGE_ONE
ADVANCE_HORSE_RIDING_ORCS,6,flag,GLHidden,
ADVANCE_HORSE_RIDING_ROHAN,0,kv,Prerequisites,ADVANCE_HORSE_RIDING
ADVANCE_HORSE_RIDING_ROHAN,1,kv,Prerequisites,ADVANCE_ROHAN
ADVANCE_HORSE_RIDING_ROHAN,2,kv,Cost,50
ADVANCE_HORSE_RIDING_ROHAN,3,kv,Icon,ICON_ADVANCE_HORSE_RIDING_ROHAN
ADVANCE_HORSE_RIDING_ROHAN,4,kv,Branch,0
ADVANCE_HORSE_RIDING_ROHAN,5,kv,Age,AGE_ONE
ADVANCE_HULL_MAKING,0,kv,Prerequisites,ADVANCE_MAP_MAKING
ADVANCE_HULL_MAKING,1,kv,Prerequisites,ADVANCE_GEOMETRY
ADVANCE_HULL_MAKING,2,kv,Cost,6000
ADVANCE_HULL_MAKING,3,kv,Icon,ICON_ADVANCE_HULL_MAKING
ADVANCE_HULL_MAKING,4,kv,Branch,0
ADVANCE_HULL_MAKING,5,kv,Age,AGE_TWO
ADVANCE_HULL_MAKING_EVIL,0,kv,Prerequisites,ADVANCE_HULL_MAKING
ADVANCE_HULL_MAKING_EVIL,1,kv,Prerequisites,ADVANCE_EVIL
ADVANCE_HULL_MAKING_EVIL,2,kv,Cost,3000
ADVANCE_HULL_MAKING_EVIL,3,kv,Icon,ICON_ADVANCE_HULL_MAKING_EVIL
ADVANCE_HULL_MAKING_EVIL,4,kv,Branch,0
ADVANCE_HULL_MAKING_EVIL,5,kv,Age,AGE_TWO
ADVANCE_HULL_MAKING_EVIL,6,flag,GLHidden,
ADVANCE_IRON_WORKING,0,kv,Prerequisites,ADVANCE_BARRACKS
ADVANCE_IRON_WORKING,1,kv,Prerequisites,ADVANCE_ALCHEMY
ADVANCE_IRON_WORKING,2,kv,Cost,9000
ADVANCE_IRON_WORKING,3,kv,Icon,ICON_ADVANCE_IRON_WORKING
ADVANCE_IRON_WORKING,4,kv,Branch,0
ADVANCE_IRON_WORKING,5,kv,Age,AGE_TWO
ADVANCE_IRON_WORKING_DWARVES,0,kv,Prerequisites,ADVANCE_IRON_WORKING
ADVANCE_IRON_WORKING_DWARVES,1,kv,Prerequisites,ADVANCE_DWARVES
ADVANCE_IRON_WORKING_DWARVES,2,kv,Cost,2200
ADVANCE_IRON_WORKING_DWARVES,3,kv,Icon,ICON_ADVANCE_IRON_WORKING_DWARVES
ADVANCE_IRON_WORKING_DWARVES,4,kv,Branch,0
ADVANCE_IRON_WORKING_DWARVES,5,kv,Age,AGE_TWO
ADVANCE_IRON_WORKING_DWARVES,6,flag,GLHidden,
ADVANCE_IRON_WORKING_EVIL,0,kv,Prerequisites,ADVANCE_IRON_WORKING
ADVANCE_IRON_WORKING_EVIL,1,kv,Prerequisites,ADVANCE_EVIL
ADVANCE_IRON_WORKING_EVIL,2,kv,Cost,50
ADVANCE_IRON_WORKING_EVIL,3,kv,Icon,ICON_ADVANCE_IRON_WORKING_EVIL
ADVANCE_IRON_WORKING_EVIL,4,kv,Branch,0
ADVANCE_IRON_WORKING_EVIL,5,kv,Age,AGE_TWO
ADVANCE_IRON_WORKING_EVIL,6,flag,GLHidden,
ADVANCE_IRON_WORKING_ISENGARD,0,kv,Prerequisites,ADVANCE_IRON_WORKING
ADVANCE_IRON_WORKING_ISENGARD,1,kv,Prerequisites,ADVANCE_ISENGARD
ADVANCE_IRON_WORKING_ISENGARD,2,kv,Cost,2200
ADVANCE_IRON_WORKING_ISENGARD,3,kv,Icon,ICON_ADVANCE_IRON_WORKING_ISENGARD
ADVANCE_IRON_WORKING_ISENGARD,4,kv,Branch,0
ADVANCE_IRON_WORKING_ISENGARD,5,kv,Age,AGE_TWO
ADVANCE_IRON_WORKING_ISENGARD,6,flag,GLHidden,
ADVANCE_IRON_WORKING_ORCS,0,kv,Prerequisites,ADVANCE_IRON_WORKING
ADVANCE_IRON_WORKING_ORCS,1,kv,Prerequisites,ADVANCE_ORCS
ADVANCE_IRON_WORKING_ORCS,2,kv,Cost,50
ADVANCE_IRON_WORKING_ORCS,3,kv,Icon,ICON_ADVANCE_IRON_WORKING_ORCS
ADVANCE_IRON_WORKING_ORCS,4,kv,Branch,0
ADVANCE_IRON_WORKING_ORCS,5,kv,Age,AGE_TWO
ADVANCE_IRON_WORKING_ORCS,6,flag,GLHidden,
ADVANCE_JURISPRUDENCE,0,kv,Prerequisites,ADVANCE_DYNASTY
ADVANCE_JURISPRUDENCE,1,kv,Prerequisites,ADVANCE_COUNCIL_II
ADVANCE_JURISPRUDENCE,2,kv,Cost,900
ADVANCE_JURISPRUDENCE,3,kv,Icon,ICON_ADVANCE_JURISPRUDENCE
ADVANCE_JURISPRUDENCE,4,kv,Branch,0
ADVANCE_JURISPRUDENCE,5,kv,Age,AGE_ONE
ADVANCE_JURISPRUDENCE_MORDOR,0,kv,Prerequisites,ADVANCE_JURISPRUDENCE
ADVANCE_JURISPRUDENCE_MORDOR,1,kv,Prerequisites,ADVANCE_MORDOR
ADVANCE_JURISPRUDENCE_MORDOR,2,kv,Cost,450
ADVANCE_JURISPRUDENCE_MORDOR,3,kv,Icon,ICON_ADVANCE_JURISPRUDENCE_MORDOR
ADVANCE_JURISPRUDENCE_MORDOR,4,kv,Branch,0
ADVANCE_JURISPRUDENCE_MORDOR,5,kv,Age,AGE_ONE
ADVANCE_JURISPRUDENCE_MORDOR,6,flag,GLHidden,
ADVANCE_JURISPRUDENCE_NORTHMEN,0,kv,Prerequisites,ADVANCE_JURISPRUDENCE
ADVANCE_JURISPRUDENCE_NORTHMEN,1,kv,Prerequisites,ADVANCE_NORTHMEN
ADVANCE_JURISPRUDENCE_NORTHMEN,2,kv,Cost,50
ADVANCE_JURISPRUDENCE_NORTHMEN,3,kv,Icon,ICON_ADVANCE_JURISPRUDENCE_NORTHMEN
ADVANCE_JURISPRUDENCE_NORTHMEN,4,kv,Branch,0
ADVANCE_JURISPRUDENCE_NORTHMEN,5,kv,Age,AGE_ONE
ADVANCE_JURISPRUDENCE_ROHAN,0,kv,Prerequisites,ADVANCE_JURISPRUDENCE
ADVANCE_JURISPRUDENCE_ROHAN,1,kv,Prerequisites,ADVANCE_ROHAN
ADVANCE_JURISPRUDENCE_ROHAN,2,kv,Cost,450
ADVANCE_JURISPRUDENCE_ROHAN,3,kv,Icon,ICON_ADVANCE_JURISPRUDENCE_ROHAN
ADVANCE_JURISPRUDENCE_ROHAN,4,kv,Branch,0
ADVANCE_JURISPRUDENCE_ROHAN,5,kv,Age,AGE_ONE
ADVANCE_JURISPRUDENCE_ROHAN,6,flag,GLHidden,
ADVANCE_MAP_MAKING,0,kv,Prerequisites,ADVANCE_SAILS
ADVANCE_MAP_MAKING,1,kv,Prerequisites,ADVANCE_CURRENCY
ADVANCE_MAP_MAKING,2,kv,Cost,1500
ADVANCE_MAP_MAKING,3,kv,Icon,ICON_ADVANCE_MAP_MAKING
ADVANCE_MAP_MAKING,4,kv,Branch,0
ADVANCE_MAP_MAKING,5,kv,Age,AGE_ONE
ADVANCE_MAP_MAKING_ARNOR,0,kv,Prerequisites,ADVANCE_MAP_MAKING
ADVANCE_MAP_MAKING_ARNOR,1,kv,Prerequisites,ADVANCE_ARNOR
ADVANCE_MAP_MAKING_ARNOR,2,kv,Cost,1500
ADVANCE_MAP_MAKING_ARNOR,3,kv,Icon,ICON_ADVANCE_MAP_MAKING_ARNOR
ADVANCE_MAP_MAKING_ARNOR,4,kv,Branch,0
ADVANCE_MAP_MAKING_ARNOR,5,kv,Age,AGE_ONE
ADVANCE_MAP_MAKING_ARNOR,6,flag,GLHidden,
ADVANCE_MASONRY,0,kv,Prerequisites,ADVANCE_ARCHITECTURE
ADVANCE_MASONRY,1,kv,Prerequisites,ADVANCE_BRONZE_WORKING
ADVANCE_MASONRY,2,kv,Cost,2200
ADVANCE_MASONRY,3,kv,Icon,ICON_ADVANCE_MASONRY
ADVANCE_MASONRY,4,kv,Branch,0
ADVANCE_MASONRY,5,kv,Age,AGE_TWO
ADVANCE_MASONRY,6,flag,Infrastructure,
ADVANCE_MASONRY_DWARVES,0,kv,Prerequisites,ADVANCE_MASONRY
ADVANCE_MASONRY_DWARVES,1,kv,Prerequisites,ADVANCE_DWARVES
ADVANCE_MASONRY_DWARVES,2,kv,Cost,1200
ADVANCE_MASONRY_DWARVES,3,kv,Icon,ICON_ADVANCE_MASONRY_DWARVES
ADVANCE_MASONRY_DWARVES,4,kv,Branch,0
ADVANCE_MASONRY_DWARVES,5,kv,Age,AGE_TWO
ADVANCE_MASONRY_DWARVES,6,flag,GLHidden,
ADVANCE_MASONRY_ROHAN,0,kv,Prerequisites,ADVANCE_MASONRY
ADVANCE_MASONRY_ROHAN,1,kv,Prerequisites,ADVANCE_ROHAN
ADVANCE_MASONRY_ROHAN,2,kv,Cost,1200
ADVANCE_MASONRY_ROHAN,3,kv,Icon,ICON_ADVANCE_MASONRY_ROHAN
ADVANCE_MASONRY_ROHAN,4,kv,Branch,0
ADVANCE_MASONRY_ROHAN,5,kv,Age,AGE_TWO
ADVANCE_MASONRY_ROHAN,6,flag,GLHidden,
ADVANCE_MINING,0,kv,Prerequisites,ADVANCE_BRICK_MAKING
ADVANCE_MINING,1,kv,Prerequisites,ADVANCE_WHEEL
ADVANCE_MINING,2,kv,Cost,450
ADVANCE_MINING,3,kv,Icon,ICON_ADVANCE_MINING
ADVANCE_MINING,4,kv,Branch,0
ADVANCE_MINING,5,kv,Age,AGE_ONE
ADVANCE_MINING_EASTERLING,0,kv,Prerequisites,ADVANCE_MINING
ADVANCE_MINING_EASTERLING,1,kv,Prerequisites,ADVANCE_EASTERLING
ADVANCE_MINING_EASTERLING,2,kv,Cost,210
ADVANCE_MINING_EASTERLING,3,kv,Icon,ICON_ADVANCE_MINING_EASTERLING
ADVANCE_MINING_EASTERLING,4,kv,Branch,0
ADVANCE_MINING_EASTERLING,5,kv,Age,AGE_ONE
ADVANCE_MOBILE_TACTICS,0,kv,Prerequisites,ADVANCE_CHARIOTS
ADVANCE_MOBILE_TACTICS,1,kv,Prerequisites,ADVANCE_ARCHERY
ADVANCE_MOBILE_TACTICS,2,kv,Cost,3000
ADVANCE_MOBILE_TACTICS,3,kv,Icon,ICON_ADVANCE_MOBILE_TACTICS
ADVANCE_MOBILE_TACTICS,4,kv,Branch,0
ADVANCE_MOBILE_TACTICS,5,kv,Age,AGE_TWO
ADVANCE_MOBILE_TACTICS_ELVES,0,kv,Prerequisites,ADVANCE_MOBILE_TACTICS
ADVANCE_MOBILE_TACTICS_ELVES,1,kv,Prerequisites,ADVANCE_ELVES
ADVANCE_MOBILE_TACTICS_ELVES,2,kv,Cost,50
ADVANCE_MOBILE_TACTICS_ELVES,3,kv,Icon,ICON_ADVANCE_MOBILE_TACTICS_ELVES
ADVANCE_MOBILE_TACTICS_ELVES,4,kv,Branch,0
ADVANCE_MOBILE_TACTICS_ELVES,5,kv,Age,AGE_TWO
ADVANCE_MOBILE_TACTICS_ELVES,6,flag,GLHidden,
ADVANCE_MOBILE_TACTICS_EVIL,0,kv,Prerequisites,ADVANCE_MOBILE_TACTICS
ADVANCE_MOBILE_TACTICS_EVIL,1,kv,Prerequisites,ADVANCE_EVIL
ADVANCE_MOBILE_TACTICS_EVIL,2,kv,Cost,1500
ADVANCE_MOBILE_TACTICS_EVIL,3,kv,Icon,ICON_ADVANCE_MOBILE_TACTICS_EVIL
ADVANCE_MOBILE_TACTICS_EVIL,4,kv,Branch,0
ADVANCE_MOBILE_TACTICS_EVIL,5,kv,Age,AGE_TWO
ADVANCE_MOBILE_TACTICS_EVIL,6,flag,GLHidden,
ADVANCE_MOBILE_TACTICS_MEN,0,kv,Prerequisites,ADVANCE_MOBILE_TACTICS
ADVANCE_MOBILE_TACTICS_MEN,1,kv,Prerequisites,ADVANCE_MEN
ADVANCE_MOBILE_TACTICS_MEN,2,kv,Cost,50
ADVANCE_MOBILE_TACTICS_MEN,3,kv,Icon,ICON_ADVANCE_MOBILE_TACTICS_MEN
ADVANCE_MOBILE_TACTICS_MEN,4,kv,Branch,0
ADVANCE_MOBILE_TACTICS_MEN,5,kv,Age,AGE_TWO
ADVANCE_MOBILE_TACTICS_MEN,6,flag,GLHidden,
ADVANCE_MOBILE_TACTICS_ROHAN,0,kv,Prerequisites,ADVANCE_MOBILE_TACTICS_MEN
ADVANCE_MOBILE_TACTICS_ROHAN,1,kv,Prerequisites,ADVANCE_ROHAN
ADVANCE_MOBILE_TACTICS_ROHAN,2,kv,Cost,50
ADVANCE_MOBILE_TACTICS_ROHAN,3,kv,Icon,ICON_ADVANCE_MOBILE_TACTICS_ROHAN
ADVANCE_MOBILE_TACTICS_ROHAN,4,kv,Branch,0
ADVANCE_MOBILE_TACTICS_ROHAN,5,kv,Age,AGE_TWO
ADVANCE_MOBILE_TACTICS_ROHAN,6,flag,GLHidden,
ADVANCE_MONOTHEISM,0,kv,Prerequisites,ADVANCE_SLAVE_LABOR
ADVANCE_MONOTHEISM,1,kv,Prerequisites,ADVANCE_COUNCIL_I
ADVANCE_MONOTHEISM,2,kv,Cost,600
ADVANCE_MONOTHEISM,3,kv,Icon,ICON_ADVANCE_MONOTHEISM
ADVANCE_MONOTHEISM,4,kv,Branch,0
ADVANCE_MONOTHEISM,5,kv,Age,AGE_ONE
ADVANCE_MONOTHEISM_GONDOR,0,kv,Prerequisites,ADVANCE_MONOTHEISM
ADVANCE_MONOTHEISM_GONDOR,1,kv,Prerequisites,ADVANCE_GONDOR
ADVANCE_MONOTHEISM_GONDOR,2,kv,Cost,300
ADVANCE_MONOTHEISM_GONDOR,3,kv,Icon,ICON_ADVANCE_MONOTHEISM_GONDOR
ADVANCE_MONOTHEISM_GONDOR,4,kv,Branch,0
ADVANCE_MONOTHEISM_GONDOR,5,kv,Age,AGE_ONE
ADVANCE_MONOTHEISM_GONDOR,6,flag,GLHidden,
ADVANCE_OCEAN_FARING,0,kv,Prerequisites,ADVANCE_BUREAUCRACY
ADVANCE_OCEAN_FARING,1,kv,Prerequisites,ADVANCE_HULL_MAKING
ADVANCE_OCEAN_FARING,2,kv,Cost,9000
ADVANCE_OCEAN_FARING,3,kv,Icon,ICON_ADVANCE_OCEAN_FARING
ADVANCE_OCEAN_FARING,4,kv,Branch,0
ADVANCE_OCEAN_FARING,5,kv,Age,AGE_TWO
ADVANCE_OCEAN_FARING_HARADRIM,0,kv,Prerequisites,ADVANCE_OCEAN_FARING
ADVANCE_OCEAN_FARING_HARADRIM,1,kv,Prerequisites,ADVANCE_HARADRIM
ADVANCE_OCEAN_FARING_HARADRIM,2,kv,Cost,50
ADVANCE_OCEAN_FARING_HARADRIM,3,kv,Icon,ICON_ADVANCE_OCEAN_FARING_HARADRIM
ADVANCE_OCEAN_FARING_HARADRIM,4,kv,Branch,0
ADVANCE_OCEAN_FARING_HARADRIM,5,kv,Age,AGE_TWO
ADVANCE_OCEAN_FARING_HARADRIM,6,flag,GLHidden,
ADVANCE_OLIGARCHY,0,kv,Prerequisites,ADVANCE_CURRENCY
ADVANCE_OLIGARCHY,1,kv,Prerequisites,ADVANCE_PHILOSOPHY
ADVANCE_OLIGARCHY,2,kv,Cost,5000
ADVANCE_OLIGARCHY,3,kv,Icon,ICON_ADVANCE_OLIGARCHY
ADVANCE_OLIGARCHY,4,kv,Branch,0
ADVANCE_OLIGARCHY,5,kv,Age,AGE_TWO
ADVANCE_OLIGARCHY,6,flag,Capitalization,
ADVANCE_OLIGARCHY_ANGMAR,0,kv,Prerequisites,ADVANCE_OLIGARCHY
ADVANCE_OLIGARCHY_ANGMAR,1,kv,Prerequisites,ADVANCE_ANGMAR
ADVANCE_OLIGARCHY_ANGMAR,2,kv,Cost,50
ADVANCE_OLIGARCHY_ANGMAR,3,kv,Icon,ICON_ADVANCE_OLIGARCHY_ANGMAR
ADVANCE_OLIGARCHY_ANGMAR,4,kv,Branch,0
ADVANCE_OLIGARCHY_ANGMAR,5,kv,Age,AGE_TWO
ADVANCE_OLIGARCHY_ANGMAR,6,kv,TriggerFeat,FEAT_ADVANCE_OLIGARCHY_ANGMAR
ADVANCE_OLIGARCHY_ANGMAR,7,flag,GLHidden,
ADVANCE_OLIGARCHY_ARNOR,0,kv,Prerequisites,ADVANCE_OLIGARCHY
ADVANCE_OLIGARCHY_ARNOR,1,kv,Prerequisites,ADVANCE_ARNOR
ADVANCE_OLIGARCHY_ARNOR,2,kv,Cost,900
ADVANCE_OLIGARCHY_ARNOR,3,kv,Icon,ICON_ADVANCE_OLIGARCHY_ARNOR
ADVANCE_OLIGARCHY_ARNOR,4,kv,Branch,0
ADVANCE_OLIGARCHY_ARNOR,5,kv,Age,AGE_TWO
ADVANCE_OLIGARCHY_ARNOR,6,kv,TriggerFeat,FEAT_ADVANCE_OLIGARCHY_ARNOR
ADVANCE_OLIGARCHY_ARNOR,7,flag,GLHidden,
ADVANCE_OLIGARCHY_DWARVES,0,kv,Prerequisites,ADVANCE_OLIGARCHY
ADVANCE_OLIGARCHY_DWARVES,1,kv,Prerequisites,ADVANCE_DWARVES
ADVANCE_OLIGARCHY_DWARVES,2,kv,Cost,50
ADVANCE_OLIGARCHY_DWARVES,3,kv,Icon,ICON_ADVANCE_OLIGARCHY_DWARVES
ADVANCE_OLIGARCHY_DWARVES,4,kv,Branch,0
ADVANCE_OLIGARCHY_DWARVES,5,kv,Age,AGE_TWO
ADVANCE_OLIGARCHY_DWARVES,6,kv,TriggerFeat,FEAT_ADVANCE_OLIGARCHY_DWARVES
ADVANCE_OLIGARCHY_DWARVES,7,flag,GLHidden,
ADVANCE_OLIGARCHY_EASTERLING,0,kv,Prerequisites,ADVANCE_OLIGARCHY
ADVANCE_OLIGARCHY_EASTERLING,1,kv,Prerequisites,ADVANCE_EASTERLING
ADVANCE_OLIGARCHY_EASTERLING,2,kv,Cost,1300
ADVANCE_OLIGARCHY_EASTERLING,3,kv,Icon,ICON_ADVANCE_OLIGARCHY_EASTERLING
ADVANCE_OLIGARCHY_EASTERLING,4,kv,Branch,0
ADVANCE_OLIGARCHY_EASTERLING,5,kv,Age,AGE_TWO
ADVANCE_OLIGARCHY_EASTERLING,6,kv,TriggerFeat,FEAT_ADVANCE_OLIGARCHY_EASTERLING
ADVANCE_OLIGARCHY_EASTERLING,7,flag,GLHidden,
ADVANCE_OLIGARCHY_GONDOR,0,kv,Prerequisites,ADVANCE_OLIGARCHY
ADVANCE_OLIGARCHY_GONDOR,1,kv,Prerequisites,ADVANCE_GONDOR
ADVANCE_OLIGARCHY_GONDOR,2,kv,Cost,1500
ADVANCE_OLIGARCHY_GONDOR,3,kv,Icon,ICON_ADVANCE_OLIGARCHY_GONDOR
ADVANCE_OLIGARCHY_GONDOR,4,kv,Branch,0
ADVANCE_OLIGARCHY_GONDOR,5,kv,Age,AGE_TWO
ADVANCE_OLIGARCHY_GONDOR,6,kv,TriggerFeat,FEAT_ADVANCE_OLIGARCHY_GONDOR
ADVANCE_OLIGARCHY_GONDOR,7,flag,GLHidden,
ADVANCE_OLIGARCHY_HARADRIM,0,kv,Prerequisites,ADVANCE_OLIGARCHY
ADVANCE_OLIGARCHY_HARADRIM,1,kv,Prerequisites,ADVANCE_HARADRIM
ADVANCE_OLIGARCHY_HARADRIM,2,kv,Cost,2500
ADVANCE_OLIGARCHY_HARADRIM,3,kv,Icon,ICON_ADVANCE_OLIGARCHY_HARADRIM
ADVANCE_OLIGARCHY_HARADRIM,4,kv,Branch,0
ADVANCE_OLIGARCHY_HARADRIM,5,kv,Age,AGE_TWO
ADVANCE_OLIGARCHY_HARADRIM,6,flag,GLHidden,
ADVANCE_OLIGARCHY_HOBBITS,0,kv,Prerequisites,ADVANCE_OLIGARCHY
ADVANCE_OLIGARCHY_HOBBITS,1,kv,Prerequisites,ADVANCE_HOBBITS
ADVANCE_OLIGARCHY_HOBBITS,2,kv,Cost,2500
ADVANCE_OLIGARCHY_HOBBITS,3,kv,Icon,ICON_ADVANCE_OLIGARCHY_HOBBITS
ADVANCE_OLIGARCHY_HOBBITS,4,kv,Branch,0
ADVANCE_OLIGARCHY_HOBBITS,5,kv,Age,AGE_TWO
ADVANCE_OLIGARCHY_HOBBITS,6,flag,GLHidden,
ADVANCE_OLIGARCHY_ROHAN,0,kv,Prerequisites,ADVANCE_OLIGARCHY
ADVANCE_OLIGARCHY_ROHAN,1,kv,Prerequisites,ADVANCE_ROHAN
ADVANCE_OLIGARCHY_ROHAN,2,kv,Cost,225
ADVANCE_OLIGARCHY_ROHAN,3,kv,Icon,ICON_ADVANCE_OLIGARCHY_ROHAN
ADVANCE_OLIGARCHY_ROHAN,4,kv,Branch,0
ADVANCE_OLIGARCHY_ROHAN,5,kv,Age,AGE_TWO
ADVANCE_OLIGARCHY_ROHAN,6,kv,TriggerFeat,FEAT_ADVANCE_OLIGARCHY_ROHAN
ADVANCE_OLIGARCHY_ROHAN,7,flag,GLHidden,
ADVANCE_ONE_RING,0,kv,Prerequisites,ADVANCE_COUNCIL_V
ADVANCE_ONE_RING,1,kv,Cost,75000
ADVANCE_ONE_RING,2,kv,Icon,ICON_ADVANCE_ONE_RING
ADVANCE_ONE_RING,3,kv,Branch,0
ADVANCE_ONE_RING,4,kv,Age,AGE_TWO
ADVANCE_ONE_RING,5,kv,TriggerFeat,FEAT_ADVANCE_ONE_RING
ADVANCE_ONE_RING2,0,kv,Prerequisites,ADVANCE_COUNCIL_V
ADVANCE_ONE_RING2,1,kv,Cost,40000
ADVANCE_ONE_RING2,2,kv,Icon,ICON_ADVANCE_ONE_RING2
ADVANCE_ONE_RING2,3,kv,Branch,0
ADVANCE_ONE_RING2,4,kv,Age,AGE_TWO
ADVANCE_PHILOSOPHY,0,kv,Prerequisites,ADVANCE_DRAMA
ADVANCE_PHILOSOPHY,1,kv,Prerequisites,ADVANCE_CITY_STATE
ADVANCE_PHILOSOPHY,2,kv,Cost,4800
ADVANCE_PHILOSOPHY,3,kv,Icon,ICON_ADVANCE_PHILOSOPHY
ADVANCE_PHILOSOPHY,4,kv,Branch,0
ADVANCE_PHILOSOPHY,5,kv,Age,AGE_TWO
ADVANCE_PHILOSOPHY_ANGMAR,0,kv,Prerequisites,ADVANCE_PHILOSOPHY
ADVANCE_PHILOSOPHY_ANGMAR,1,kv,Prerequisites,ADVANCE_ANGMAR
ADVANCE_PHILOSOPHY_ANGMAR,2,kv,Cost,2400
ADVANCE_PHILOSOPHY_ANGMAR,3,kv,Icon,ICON_ADVANCE_PHILOSOPHY_ANGMAR
ADVANCE_PHILOSOPHY_ANGMAR,4,kv,Branch,0
ADVANCE_PHILOSOPHY_ANGMAR,5,kv,Age,AGE_TWO
ADVANCE_PHILOSOPHY_ANGMAR,6,flag,GLHidden,
ADVANCE_PHILOSOPHY_ARNOR,0,kv,Prerequisites,ADVANCE_PHILOSOPHY
ADVANCE_PHILOSOPHY_ARNOR,1,kv,Prerequisites,ADVANCE_ARNOR
ADVANCE_PHILOSOPHY_ARNOR,2,kv,Cost,2400
ADVANCE_PHILOSOPHY_ARNOR,3,kv,Icon,ICON_ADVANCE_PHILOSOPHY_ARNOR
ADVANCE_PHILOSOPHY_ARNOR,4,kv,Branch,0
ADVANCE_PHILOSOPHY_ARNOR,5,kv,Age,AGE_TWO
ADVANCE_PHILOSOPHY_ARNOR,6,flag,GLHidden,
ADVANCE_PHILOSOPHY_GOOD,0,kv,Prerequisites,ADVANCE_PHILOSOPHY
ADVANCE_PHILOSOPHY_GOOD,1,kv,Prerequisites,ADVANCE_GOOD
ADVANCE_PHILOSOPHY_GOOD,2,kv,Cost,900
ADVANCE_PHILOSOPHY_GOOD,3,kv,Icon,ICON_ADVANCE_PHILOSOPHY_GOOD
ADVANCE_PHILOSOPHY_GOOD,4,kv,Branch,0
ADVANCE_PHILOSOPHY_GOOD,5,kv,Age,AGE_TWO
ADVANCE_PHILOSOPHY_GOOD,6,flag,GLHidden,
ADVANCE_PLUMBING,0,kv,Prerequisites,ADVANCE_HIPPOCRATIC_SCHOOL
ADVANCE_PLUMBING,1,kv,Prerequisites,ADVANCE_CIVIC_ENGINEERING
ADVANCE_PLUMBING,2,kv,Cost,6000
ADVANCE_PLUMBING,3,kv,Icon,ICON_ADVANCE_PLUMBING
ADVANCE_PLUMBING,4,kv,Branch,0
ADVANCE_PLUMBING,5,kv,Age,AGE_TWO
ADVANCE_PLUMBING_GOOD,0,kv,Prerequisites,ADVANCE_PLUMBING
ADVANCE_PLUMBING_GOOD,1,kv,Prerequisites,ADVANCE_GOOD
ADVANCE_PLUMBING_GOOD,2,kv,Cost,1800
ADVANCE_PLUMBING_GOOD,3,kv,Icon,ICON_ADVANCE_PLUMBING_GOOD
ADVANCE_PLUMBING_GOOD,4,kv,Branch,0
ADVANCE_PLUMBING_GOOD,5,kv,Age,AGE_TWO
ADVANCE_PLUMBING_GOOD,6,flag,GLHidden,
ADVANCE_PLUMBING_EVIL,0,kv,Prerequisites,ADVANCE_PLUMBING
ADVANCE_PLUMBING_EVIL,1,kv,Prerequisites,ADVANCE_EVIL
ADVANCE_PLUMBING_EVIL,2,kv,Cost,3000
ADVANCE_PLUMBING_EVIL,3,kv,Icon,ICON_ADVANCE_PLUMBING_EVIL
ADVANCE_PLUMBING_EVIL,4,kv,Branch,0
ADVANCE_PLUMBING_EVIL,5,kv,Age,AGE_TWO
ADVANCE_PLUMBING_EVIL,6,flag,GLHidden,
ADVANCE_POTTERY,0,kv,Prerequisites,ADVANCE_TOOLMAKING
ADVANCE_POTTERY,1,kv,Cost,300
ADVANCE_POTTERY,2,kv,Icon,ICON_ADVANCE_POTTERY
ADVANCE_POTTERY,3,kv,Branch,0
ADVANCE_POTTERY,4,kv,Age,AGE_ONE
ADVANCE_PROJECTILE_WEAPONS,0,kv,Prerequisites,ADVANCE_TOOLMAKING
ADVANCE_PROJECTILE_WEAPONS,1,kv,Cost,350
ADVANCE_PROJECTILE_WEAPONS,2,kv,Icon,ICON_ADVANCE_PROJECTILE_WEAPONS
ADVANCE_PROJECTILE_WEAPONS,3,kv,Branch,0
ADVANCE_PROJECTILE_WEAPONS,4,kv,Age,AGE_ONE
ADVANCE_PROJECTILE_WEAPONS_ELVES,0,kv,Prerequisites,ADVANCE_PROJECTILE_WEAPONS
ADVANCE_PROJECTILE_WEAPONS_ELVES,1,kv,Prerequisites,ADVANCE_ELVES
ADVANCE_PROJECTILE_WEAPONS_ELVES,2,kv,Cost,75
ADVANCE_PROJECTILE_WEAPONS_ELVES,3,kv,Icon,ICON_ADVANCE_PROJECTILE_WEAPONS_ELVES
ADVANCE_PROJECTILE_WEAPONS_ELVES,4,kv,Branch,0
ADVANCE_PROJECTILE_WEAPONS_ELVES,5,kv,Age,AGE_ONE
ADVANCE_PROJECTILE_WEAPONS_ELVES,6,flag,GLHidden,
ADVANCE_PROJECTILE_WEAPONS_ORCS,0,kv,Prerequisites,ADVANCE_PROJECTILE_WEAPONS
ADVANCE_PROJECTILE_WEAPONS_ORCS,1,kv,Prerequisites,ADVANCE_ORCS
ADVANCE_PROJECTILE_WEAPONS_ORCS,2,kv,Cost,50
ADVANCE_PROJECTILE_WEAPONS_ORCS,3,kv,Icon,ICON_ADVANCE_PROJECTILE_WEAPONS_ORCS
ADVANCE_PROJECTILE_WEAPONS_ORCS,4,kv,Branch,0
ADVANCE_PROJECTILE_WEAPONS_ORCS,5,kv,Age,AGE_ONE
ADVANCE_PROJECTILE_WEAPONS_ORCS,6,flag,GLHidden,
ADVANCE_PROPULSION,0,kv,Prerequisites,ADVANCE_APPLIED_MATH
ADVANCE_PROPULSION,1,kv,Prerequisites,ADVANCE_COPPER_SMELTING
ADVANCE_PROPULSION,2,kv,Cost,1200
ADVANCE_PROPULSION,3,kv,Icon,ICON_ADVANCE_PROPULSION
ADVANCE_PROPULSION,4,kv,Branch,0
ADVANCE_PROPULSION,5,kv,Age,AGE_ONE
ADVANCE_RELIGION,0,kv,Cost,225
ADVANCE_RELIGION,1,kv,Icon,ICON_ADVANCE_RELIGION
ADVANCE_RELIGION,2,kv,Branch,0
ADVANCE_RELIGION,3,kv,Age,AGE_ONE
ADVANCE_RELIGION_MORDOR,0,kv,Prerequisites,ADVANCE_RELIGION
ADVANCE_RELIGION_MORDOR,1,kv,Prerequisites,ADVANCE_MORDOR
ADVANCE_RELIGION_MORDOR,2,kv,Cost,50
ADVANCE_RELIGION_MORDOR,3,kv,Icon,ICON_ADVANCE_RELIGION_MORDOR
ADVANCE_RELIGION_MORDOR,4,kv,Branch,0
ADVANCE_RELIGION_MORDOR,5,kv,Age,AGE_ONE
ADVANCE_RELIGION_SINDAR,0,kv,Prerequisites,ADVANCE_RELIGION
ADVANCE_RELIGION_SINDAR,1,kv,Prerequisites,ADVANCE_SINDAR
ADVANCE_RELIGION_SINDAR,2,kv,Cost,50
ADVANCE_RELIGION_SINDAR,3,kv,Icon,ICON_ADVANCE_RELIGION_SINDAR
ADVANCE_RELIGION_SINDAR,4,kv,Branch,0
ADVANCE_RELIGION_SINDAR,5,kv,Age,AGE_ONE
ADVANCE_REPUBLIC,0,kv,Prerequisites,ADVANCE_PHILOSOPHY
ADVANCE_REPUBLIC,1,kv,Cost,15000
ADVANCE_REPUBLIC,2,kv,Icon,ICON_ADVANCE_REPUBLIC
ADVANCE_REPUBLIC,3,kv,Branch,0
ADVANCE_REPUBLIC,4,kv,Age,AGE_TWO
ADVANCE_REPUBLIC_DWARVES,0,kv,Prerequisites,ADVANCE_REPUBLIC
ADVANCE_REPUBLIC_DWARVES,1,kv,Prerequisites,ADVANCE_DWARVES
ADVANCE_REPUBLIC_DWARVES,2,kv,Cost,3600
ADVANCE_REPUBLIC_DWARVES,3,kv,Icon,ICON_ADVANCE_REPUBLIC_DWARVES
ADVANCE_REPUBLIC_DWARVES,4,kv,Branch,0
ADVANCE_REPUBLIC_DWARVES,5,kv,Age,AGE_TWO
ADVANCE_REPUBLIC_DWARVES,6,kv,TriggerFeat,FEAT_ADVANCE_REPUBLIC_DWARVES
ADVANCE_REPUBLIC_DWARVES,7,flag,GLHidden,
ADVANCE_REPUBLIC_GONDOR,0,kv,Prerequisites,ADVANCE_REPUBLIC
ADVANCE_REPUBLIC_GONDOR,1,kv,Prerequisites,ADVANCE_GONDOR
ADVANCE_REPUBLIC_GONDOR,2,kv,Cost,3600
ADVANCE_REPUBLIC_GONDOR,3,kv,Icon,ICON_ADVANCE_REPUBLIC_GONDOR
ADVANCE_REPUBLIC_GONDOR,4,kv,Branch,0
ADVANCE_REPUBLIC_GONDOR,5,kv,Age,AGE_TWO
ADVANCE_REPUBLIC_GONDOR,6,kv,TriggerFeat,FEAT_ADVANCE_REPUBLIC_GONDOR
ADVANCE_REPUBLIC_GONDOR,7,flag,GLHidden,
ADVANCE_REPUBLIC_HOBBITS,0,kv,Prerequisites,ADVANCE_REPUBLIC
ADVANCE_REPUBLIC_HOBBITS,1,kv,Prerequisites,ADVANCE_HOBBITS
ADVANCE_REPUBLIC_HOBBITS,2,kv,Cost,3600
ADVANCE_REPUBLIC_HOBBITS,3,kv,Icon,ICON_ADVANCE_REPUBLIC_HOBBITS
ADVANCE_REPUBLIC_HOBBITS,4,kv,Branch,0
ADVANCE_REPUBLIC_HOBBITS,5,kv,Age,AGE_TWO
ADVANCE_REPUBLIC_HOBBITS,6,kv,TriggerFeat,FEAT_ADVANCE_REPUBLIC_HOBBITS
ADVANCE_REPUBLIC_HOBBITS,7,flag,GLHidden,
ADVANCE_REPUBLIC_MORDOR,0,kv,Prerequisites,ADVANCE_REPUBLIC
ADVANCE_REPUBLIC_MORDOR,1,kv,Prerequisites,ADVANCE_MORDOR
ADVANCE_REPUBLIC_MORDOR,2,kv,Cost,6000
ADVANCE_REPUBLIC_MORDOR,3,kv,Icon,ICON_ADVANCE_REPUBLIC_MORDOR
ADVANCE_REPUBLIC_MORDOR,4,kv,Branch,0
ADVANCE_REPUBLIC_MORDOR,5,kv,Age,AGE_TWO
ADVANCE_REPUBLIC_MORDOR,6,kv,TriggerFeat,FEAT_ADVANCE_REPUBLIC_MORDOR
ADVANCE_REPUBLIC_MORDOR,7,flag,GLHidden,
ADVANCE_REPUBLIC_ROHAN,0,kv,Prerequisites,ADVANCE_REPUBLIC
ADVANCE_REPUBLIC_ROHAN,1,kv,Prerequisites,ADVANCE_ROHAN
ADVANCE_REPUBLIC_ROHAN,2,kv,Cost,50
ADVANCE_REPUBLIC_ROHAN,3,kv,Icon,ICON_ADVANCE_REPUBLIC_ROHAN
ADVANCE_REPUBLIC_ROHAN,4,kv,Branch,0
ADVANCE_REPUBLIC_ROHAN,5,kv,Age,AGE_TWO
ADVANCE_REPUBLIC_ROHAN,6,flag,GLHidden,
ADVANCE_SAILS,0,kv,Prerequisites,ADVANCE_SHIP_BUILDING
ADVANCE_SAILS,1,kv,Prerequisites,ADVANCE_ASTRONOMY
ADVANCE_SAILS,2,kv,Cost,900
ADVANCE_SAILS,3,kv,Icon,ICON_ADVANCE_SAILS
ADVANCE_SAILS,4,kv,Branch,0
ADVANCE_SAILS,5,kv,Age,AGE_ONE
ADVANCE_SAILS_HARADRIM,0,kv,Prerequisites,ADVANCE_SAILS
ADVANCE_SAILS_HARADRIM,1,kv,Prerequisites,ADVANCE_HARADRIM
ADVANCE_SAILS_HARADRIM,2,kv,Cost,300
ADVANCE_SAILS_HARADRIM,3,kv,Icon,ICON_ADVANCE_SAILS_HARADRIM
ADVANCE_SAILS_HARADRIM,4,kv,Branch,0
ADVANCE_SAILS_HARADRIM,5,kv,Age,AGE_ONE
ADVANCE_SAILS_HARADRIM,6,flag,GLHidden,
ADVANCE_SHIP_BUILDING,0,kv,Prerequisites,ADVANCE_TOOLMAKING
ADVANCE_SHIP_BUILDING,1,kv,Cost,270
ADVANCE_SHIP_BUILDING,2,kv,Icon,ICON_ADVANCE_SHIP_BUILDING
ADVANCE_SHIP_BUILDING,3,kv,Branch,0
ADVANCE_SHIP_BUILDING,4,kv,Age,AGE_ONE
ADVANCE_SIEGE_WEAPONS,0,kv,Prerequisites,ADVANCE_COMPOSITE_BOW
ADVANCE_SIEGE_WEAPONS,1,kv,Prerequisites,ADVANCE_GEOMETRY
ADVANCE_SIEGE_WEAPONS,2,kv,Cost,11000
ADVANCE_SIEGE_WEAPONS,3,kv,Icon,ICON_ADVANCE_SIEGE_WEAPONS
ADVANCE_SIEGE_WEAPONS,4,kv,Branch,0
ADVANCE_SIEGE_WEAPONS,5,kv,Age,AGE_TWO
ADVANCE_SIEGE_WEAPONS_ELVES,0,kv,Prerequisites,ADVANCE_SIEGE_WEAPONS
ADVANCE_SIEGE_WEAPONS_ELVES,1,kv,Prerequisites,ADVANCE_ELVES
ADVANCE_SIEGE_WEAPONS_ELVES,2,kv,Cost,2700
ADVANCE_SIEGE_WEAPONS_ELVES,3,kv,Icon,ICON_ADVANCE_SIEGE_WEAPONS_ELVES
ADVANCE_SIEGE_WEAPONS_ELVES,4,kv,Branch,0
ADVANCE_SIEGE_WEAPONS_ELVES,5,kv,Age,AGE_TWO
ADVANCE_SIEGE_WEAPONS_ELVES,6,flag,GLHidden,
ADVANCE_SIEGE_WEAPONS_MORDOR,0,kv,Prerequisites,ADVANCE_SIEGE_WEAPONS
ADVANCE_SIEGE_WEAPONS_MORDOR,1,kv,Prerequisites,ADVANCE_MORDOR
ADVANCE_SIEGE_WEAPONS_MORDOR,2,kv,Cost,3600
ADVANCE_SIEGE_WEAPONS_MORDOR,3,kv,Icon,ICON_ADVANCE_SIEGE_WEAPONS_MORDOR
ADVANCE_SIEGE_WEAPONS_MORDOR,4,kv,Branch,0
ADVANCE_SIEGE_WEAPONS_MORDOR,5,kv,Age,AGE_TWO
ADVANCE_SIEGE_WEAPONS_MORDOR,6,flag,GLHidden,
ADVANCE_SLAVE_LABOR,0,kv,Prerequisites,ADVANCE_RELIGION
ADVANCE_SLAVE_LABOR,1,kv,Prerequisites,ADVANCE_STONE_WORKING
ADVANCE_SLAVE_LABOR,2,kv,Cost,600
ADVANCE_SLAVE_LABOR,3,kv,Icon,ICON_ADVANCE_SLAVE_LABOR
ADVANCE_SLAVE_LABOR,4,kv,Branch,0
ADVANCE_SLAVE_LABOR,5,kv,Age,AGE_ONE
ADVANCE_SLAVE_LABOR_EVIL,0,kv,Prerequisites,ADVANCE_SLAVE_LABOR
ADVANCE_SLAVE_LABOR_EVIL,1,kv,Prerequisites,ADVANCE_EVIL
ADVANCE_SLAVE_LABOR_EVIL,2,kv,Cost,300
ADVANCE_SLAVE_LABOR_EVIL,3,kv,Icon,ICON_ADVANCE_SLAVE_LABOR_EVIL
ADVANCE_SLAVE_LABOR_EVIL,4,kv,Branch,0
ADVANCE_SLAVE_LABOR_EVIL,5,kv,Age,AGE_ONE
ADVANCE_SLAVE_LABOR_EVIL,6,flag,GLHidden,
ADVANCE_SLAVE_LABOR_HARADRIM,0,kv,Prerequisites,ADVANCE_SLAVE_LABOR
ADVANCE_SLAVE_LABOR_HARADRIM,1,kv,Prerequisites,ADVANCE_HARADRIM
ADVANCE_SLAVE_LABOR_HARADRIM,2,kv,Cost,50
ADVANCE_SLAVE_LABOR_HARADRIM,3,kv,Icon,ICON_ADVANCE_SLAVE_LABOR_HARADRIM
ADVANCE_SLAVE_LABOR_HARADRIM,4,kv,Branch,0
ADVANCE_SLAVE_LABOR_HARADRIM,5,kv,Age,AGE_ONE
ADVANCE_SLAVE_LABOR_HARADRIM,6,flag,GLHidden,
ADVANCE_STIRRUP,0,kv,Prerequisites,ADVANCE_TRIBUNAL_EMPIRE
ADVANCE_STIRRUP,1,kv,Prerequisites,ADVANCE_HORSE_ARMOR
ADVANCE_STIRRUP,2,kv,Cost,12000
ADVANCE_STIRRUP,3,kv,Icon,ICON_ADVANCE_STIRRUP
ADVANCE_STIRRUP,4,kv,Branch,0
ADVANCE_STIRRUP,5,kv,Age,AGE_TWO
ADVANCE_STIRRUP_GONDOR,0,kv,Prerequisites,ADVANCE_STIRRUP_MEN
ADVANCE_STIRRUP_GONDOR,1,kv,Prerequisites,ADVANCE_GONDOR
ADVANCE_STIRRUP_GONDOR,2,kv,Cost,30000
ADVANCE_STIRRUP_GONDOR,3,kv,Icon,ICON_ADVANCE_STIRRUP_GONDOR
ADVANCE_STIRRUP_GONDOR,4,kv,Branch,0
ADVANCE_STIRRUP_GONDOR,5,kv,Age,AGE_TWO
ADVANCE_STIRRUP_GONDOR,6,flag,GLHidden,
ADVANCE_STIRRUP_HARADRIM,0,kv,Prerequisites,ADVANCE_STIRRUP_MEN
ADVANCE_STIRRUP_HARADRIM,1,kv,Prerequisites,ADVANCE_HARADRIM
ADVANCE_STIRRUP_HARADRIM,2,kv,Cost,24000
ADVANCE_STIRRUP_HARADRIM,3,kv,Icon,ICON_ADVANCE_STIRRUP_HARADRIM
ADVANCE_STIRRUP_HARADRIM,4,kv,Branch,0
ADVANCE_STIRRUP_HARADRIM,5,kv,Age,AGE_TWO
ADVANCE_STIRRUP_HARADRIM,6,flag,GLHidden,
ADVANCE_STIRRUP_MEN,0,kv,Prerequisites,ADVANCE_STIRRUP
ADVANCE_STIRRUP_MEN,1,kv,Prerequisites,ADVANCE_MEN
ADVANCE_STIRRUP_MEN,2,kv,Cost,50
ADVANCE_STIRRUP_MEN,3,kv,Icon,ICON_ADVANCE_STIRRUP_MEN
ADVANCE_STIRRUP_MEN,4,kv,Branch,0
ADVANCE_STIRRUP_MEN,5,kv,Age,AGE_TWO
ADVANCE_STIRRUP_MEN,6,flag,GLHidden,
ADVANCE_STIRRUP_MORDOR,0,kv,Prerequisites,ADVANCE_STIRRUP_ORCS
ADVANCE_STIRRUP_MORDOR,1,kv,Prerequisites,ADVANCE_DICTATORSHIP
ADVANCE_STIRRUP_MORDOR,2,kv,Cost,25000
ADVANCE_STIRRUP_MORDOR,3,kv,Icon,ICON_ADVANCE_STIRRUP_MORDOR
ADVANCE_STIRRUP_MORDOR,4,kv,Branch,0
ADVANCE_STIRRUP_MORDOR,5,kv,Age,AGE_TWO
ADVANCE_STIRRUP_MORDOR,6,flag,GLHidden,
ADVANCE_STIRRUP_ORCS,0,kv,Prerequisites,ADVANCE_STIRRUP
ADVANCE_STIRRUP_ORCS,1,kv,Prerequisites,ADVANCE_MORDOR
ADVANCE_STIRRUP_ORCS,2,kv,Cost,50
ADVANCE_STIRRUP_ORCS,3,kv,Icon,ICON_ADVANCE_STIRRUP_ORCS
ADVANCE_STIRRUP_ORCS,4,kv,Branch,0
ADVANCE_STIRRUP_ORCS,5,kv,Age,AGE_TWO
ADVANCE_STIRRUP_ORCS,6,flag,GLHidden,
ADVANCE_STIRRUP_ROHAN,0,kv,Prerequisites,ADVANCE_STIRRUP_MEN
ADVANCE_STIRRUP_ROHAN,1,kv,Prerequisites,ADVANCE_ROHAN
ADVANCE_STIRRUP_ROHAN,2,kv,Cost,27000
ADVANCE_STIRRUP_ROHAN,3,kv,Icon,ICON_ADVANCE_STIRRUP_ROHAN
ADVANCE_STIRRUP_ROHAN,4,kv,Branch,0
ADVANCE_STIRRUP_ROHAN,5,kv,Age,AGE_TWO
ADVANCE_STIRRUP_ROHAN,6,flag,GLHidden,
ADVANCE_STONE_WORKING,0,kv,Cost,150
ADVANCE_STONE_WORKING,1,kv,Icon,ICON_ADVANCE_STONE_WORKING
ADVANCE_STONE_WORKING,2,kv,Branch,0
ADVANCE_STONE_WORKING,3,kv,Age,AGE_ONE
ADVANCE_STONE_WORKING_DWARVES,0,kv,Prerequisites,ADVANCE_STONE_WORKING
ADVANCE_STONE_WORKING_DWARVES,1,kv,Prerequisites,ADVANCE_DWARVES
ADVANCE_STONE_WORKING_DWARVES,2,kv,Cost,50
ADVANCE_STONE_WORKING_DWARVES,3,kv,Icon,ICON_ADVANCE_STONE_WORKING_DWARVES
ADVANCE_STONE_WORKING_DWARVES,4,kv,Branch,0
ADVANCE_STONE_WORKING_DWARVES,5,kv,Age,AGE_ONE
ADVANCE_TOOLMAKING,0,kv,Cost,120
ADVANCE_TOOLMAKING,1,kv,Icon,ICON_ADVANCE_TOOLMAKING
ADVANCE_TOOLMAKING,2,kv,Branch,0
ADVANCE_TOOLMAKING,3,kv,Age,AGE_ONE
ADVANCE_TOOLMAKING,4,flag,Transform,
ADVANCE_TOOLMAKING_ORCS,0,kv,Prerequisites,ADVANCE_TOOLMAKING
ADVANCE_TOOLMAKING_ORCS,1,kv,Prerequisites,ADVANCE_ORCS
ADVANCE_TOOLMAKING_ORCS,2,kv,Cost,25
ADVANCE_TOOLMAKING_ORCS,3,kv,Icon,ICON_ADVANCE_TOOLMAKING_ORCS
ADVANCE_TOOLMAKING_ORCS,4,kv,Branch,0
ADVANCE_TOOLMAKING_ORCS,5,kv,Age,AGE_ONE
ADVANCE_TOOLMAKING_ORCS,6,flag,GLHidden,
ADVANCE_TRADE,0,kv,Prerequisites,ADVANCE_POTTERY
ADVANCE_TRADE,1,kv,Prerequisites,ADVANCE_WHEEL
ADVANCE_TRADE,2,kv,Cost,900
ADVANCE_TRADE,3,kv,Icon,ICON_ADVANCE_TRADE
ADVANCE_TRADE,4,kv,Branch,0
ADVANCE_TRADE,5,kv,Age,AGE_ONE
ADVANCE_TRADE,6,flag,Roads,
ADVANCE_TRADE,7,kv,KeyAdvanceAdvice,KEY_GROWTH_ADVANCE_ADVICE
ADVANCE_TRADE_HOBBITS,0,kv,Prerequisites,ADVANCE_TRADE
ADVANCE_TRADE_HOBBITS,1,kv,Prerequisites,ADVANCE_HOBBITS
ADVANCE_TRADE_HOBBITS,2,kv,Cost,50
ADVANCE_TRADE_HOBBITS,3,kv,Icon,ICON_ADVANCE_TRADE_HOBBITS
ADVANCE_TRADE_HOBBITS,4,kv,Branch,0
ADVANCE_TRADE_HOBBITS,5,kv,Age,AGE_ONE
ADVANCE_TRIBUNAL_EMPIRE,0,kv,Prerequisites,ADVANCE_BUREAUCRACY
ADVANCE_TRIBUNAL_EMPIRE,1,kv,Prerequisites,ADVANCE_ETHICS
ADVANCE_TRIBUNAL_EMPIRE,2,kv,Cost,27000
ADVANCE_TRIBUNAL_EMPIRE,3,kv,Icon,ICON_ADVANCE_TRIBUNAL_EMPIRE
ADVANCE_TRIBUNAL_EMPIRE,4,kv,Branch,0
ADVANCE_TRIBUNAL_EMPIRE,5,kv,Age,AGE_TWO
ADVANCE_TRIBUNAL_EMPIRE_ARNOR,0,kv,Prerequisites,ADVANCE_TRIBUNAL_EMPIRE
ADVANCE_TRIBUNAL_EMPIRE_ARNOR,1,kv,Prerequisites,ADVANCE_ARNOR
ADVANCE_TRIBUNAL_EMPIRE_ARNOR,2,kv,Cost,14000
ADVANCE_TRIBUNAL_EMPIRE_ARNOR,3,kv,Icon,ICON_ADVANCE_TRIBUNAL_EMPIRE_ARNOR
ADVANCE_TRIBUNAL_EMPIRE_ARNOR,4,kv,Branch,0
ADVANCE_TRIBUNAL_EMPIRE_ARNOR,5,kv,Age,AGE_TWO
ADVANCE_TRIBUNAL_EMPIRE_ARNOR,6,flag,GLHidden,
ADVANCE_TRIBUNAL_EMPIRE_EASTERLING,0,kv,Prerequisites,ADVANCE_TRIBUNAL_EMPIRE
ADVANCE_TRIBUNAL_EMPIRE_EASTERLING,1,kv,Prerequisites,ADVANCE_EASTERLING
ADVANCE_TRIBUNAL_EMPIRE_EASTERLING,2,kv,Cost,9000
ADVANCE_TRIBUNAL_EMPIRE_EASTERLING,3,kv,Icon,ICON_ADVANCE_TRIBUNAL_EMPIRE_EASTERLING
ADVANCE_TRIBUNAL_EMPIRE_EASTERLING,4,kv,Branch,0
ADVANCE_TRIBUNAL_EMPIRE_EASTERLING,5,kv,Age,AGE_TWO
ADVANCE_TRIBUNAL_EMPIRE_EASTERLING,6,kv,TriggerFeat,FEAT_ADVANCE_TRIBUNAL_EMPIRE_EASTERLING
ADVANCE_TRIBUNAL_EMPIRE_EASTERLING,7,flag,GLHidden,
ADVANCE_TRIBUNAL_EMPIRE_GONDOR,0,kv,Prerequisites,ADVANCE_TRIBUNAL_EMPIRE
ADVANCE_TRIBUNAL_EMPIRE_GONDOR,1,kv,Prerequisites,ADVANCE_GONDOR
ADVANCE_TRIBUNAL_EMPIRE_GONDOR,2,kv,Cost,14000
ADVANCE_TRIBUNAL_EMPIRE_GONDOR,3,kv,Icon,ICON_ADVANCE_TRIBUNAL_EMPIRE_GONDOR
ADVANCE_TRIBUNAL_EMPIRE_GONDOR,4,kv,Branch,0
ADVANCE_TRIBUNAL_EMPIRE_GONDOR,5,kv,Age,AGE_TWO
ADVANCE_TRIBUNAL_EMPIRE_GONDOR,6,kv,TriggerFeat,FEAT_ADVANCE_TRIBUNAL_EMPIRE_GONDOR
ADVANCE_TRIBUNAL_EMPIRE_GONDOR,7,flag,GLHidden,
ADVANCE_TRIBUNAL_EMPIRE_HOBBITS,0,kv,Prerequisites,ADVANCE_TRIBUNAL_EMPIRE
ADVANCE_TRIBUNAL_EMPIRE_HOBBITS,1,kv,Prerequisites,ADVANCE_HOBBITS
ADVANCE_TRIBUNAL_EMPIRE_HOBBITS,2,kv,Cost,1800
ADVANCE_TRIBUNAL_EMPIRE_HOBBITS,3,kv,Icon,ICON_ADVANCE_TRIBUNAL_EMPIRE_HOBBITS
ADVANCE_TRIBUNAL_EMPIRE_HOBBITS,4,kv,Branch,0
ADVANCE_TRIBUNAL_EMPIRE_HOBBITS,5,kv,Age,AGE_TWO
ADVANCE_TRIBUNAL_EMPIRE_HOBBITS,6,kv,TriggerFeat,FEAT_ADVANCE_TRIBUNAL_EMPIRE_HOBBITS
ADVANCE_TRIBUNAL_EMPIRE_HOBBITS,7,flag,GLHidden,
ADVANCE_TRIBUNAL_EMPIRE_ISENGARD,0,kv,Prerequisites,ADVANCE_TRIBUNAL_EMPIRE
ADVANCE_TRIBUNAL_EMPIRE_ISENGARD,1,kv,Prerequisites,ADVANCE_ISENGARD
ADVANCE_TRIBUNAL_EMPIRE_ISENGARD,2,kv,Cost,3600
ADVANCE_TRIBUNAL_EMPIRE_ISENGARD,3,kv,Icon,ICON_ADVANCE_TRIBUNAL_EMPIRE_ISENGARD
ADVANCE_TRIBUNAL_EMPIRE_ISENGARD,4,kv,Branch,0
ADVANCE_TRIBUNAL_EMPIRE_ISENGARD,5,kv,Age,AGE_TWO
ADVANCE_TRIBUNAL_EMPIRE_ISENGARD,6,kv,TriggerFeat,FEAT_ADVANCE_TRIBUNAL_EMPIRE_ISENGARD
ADVANCE_TRIBUNAL_EMPIRE_ISENGARD,7,flag,GLHidden,
ADVANCE_TRIBUNAL_EMPIRE_ORCS,0,kv,Prerequisites,ADVANCE_TRIBUNAL_EMPIRE
ADVANCE_TRIBUNAL_EMPIRE_ORCS,1,kv,Prerequisites,ADVANCE_ORCS
ADVANCE_TRIBUNAL_EMPIRE_ORCS,2,kv,Cost,6000
ADVANCE_TRIBUNAL_EMPIRE_ORCS,3,kv,Icon,ICON_ADVANCE_TRIBUNAL_EMPIRE_ORCS
ADVANCE_TRIBUNAL_EMPIRE_ORCS,4,kv,Branch,0
ADVANCE_TRIBUNAL_EMPIRE_ORCS,5,kv,Age,AGE_TWO
ADVANCE_TRIBUNAL_EMPIRE_ORCS,6,kv,TriggerFeat,FEAT_ADVANCE_TRIBUNAL_EMPIRE_ORCS
ADVANCE_TRIBUNAL_EMPIRE_ORCS,7,flag,GLHidden,
ADVANCE_TRIBUNAL_EMPIRE_ROHAN,0,kv,Prerequisites,ADVANCE_TRIBUNAL_EMPIRE
ADVANCE_TRIBUNAL_EMPIRE_ROHAN,1,kv,Prerequisites,ADVANCE_ROHAN
ADVANCE_TRIBUNAL_EMPIRE_ROHAN,2,kv,Cost,2700
ADVANCE_TRIBUNAL_EMPIRE_ROHAN,3,kv,Icon,ICON_ADVANCE_TRIBUNAL_EMPIRE_ROHAN
ADVANCE_TRIBUNAL_EMPIRE_ROHAN,4,kv,Branch,0
ADVANCE_TRIBUNAL_EMPIRE_ROHAN,5,kv,Age,AGE_TWO
ADVANCE_TRIBUNAL_EMPIRE_ROHAN,6,kv,TriggerFeat,FEAT_ADVANCE_TRIBUNAL_EMPIRE_ROHAN
ADVANCE_TRIBUNAL_EMPIRE_ROHAN,7,flag,GLHidden,
ADVANCE_TRIBUNAL_EMPIRE_SINDAR,0,kv,Prerequisites,ADVANCE_TRIBUNAL_EMPIRE
ADVANCE_TRIBUNAL_EMPIRE_SINDAR,1,kv,Prerequisites,ADVANCE_SINDAR
ADVANCE_TRIBUNAL_EMPIRE_SINDAR,2,kv,Cost,1500
ADVANCE_TRIBUNAL_EMPIRE_SINDAR,3,kv,Icon,ICON_ADVANCE_TRIBUNAL_EMPIRE_SINDAR
ADVANCE_TRIBUNAL_EMPIRE_SINDAR,4,kv,Branch,0
ADVANCE_TRIBUNAL_EMPIRE_SINDAR,5,kv,Age,AGE_TWO
ADVANCE_TRIBUNAL_EMPIRE_SINDAR,6,flag,GLHidden,
ADVANCE_WATER_LIFTS,0,kv,Prerequisites,ADVANCE_AGRICULTURE
ADVANCE_WATER_LIFTS,1,kv,Prerequisites,ADVANCE_ASTRONOMY
ADVANCE_WATER_LIFTS,2,kv,Cost,450
ADVANCE_WATER_LIFTS,3,kv,Icon,ICON_ADVANCE_WATER_LIFTS
ADVANCE_WATER_LIFTS,4,kv,Branch,0
ADVANCE_WATER_LIFTS,5,kv,Age,AGE_ONE
ADVANCE_WATER_LIFTS_EASTERLING,0,kv,Prerequisites,ADVANCE_WATER_LIFTS
ADVANCE_WATER_LIFTS_EASTERLING,1,kv,Prerequisites,ADVANCE_EASTERLING
ADVANCE_WATER_LIFTS_EASTERLING,2,kv,Cost,150
ADVANCE_WATER_LIFTS_EASTERLING,3,kv,Icon,ICON_ADVANCE_WATER_LIFTS_EASTERLING
ADVANCE_WATER_LIFTS_EASTERLING,4,kv,Branch,0
ADVANCE_WATER_LIFTS_EASTERLING,5,kv,Age,AGE_ONE
ADVANCE_WATER_LIFTS_EASTERLING,6,kv,TriggerFeat,FEAT_ADVANCE_WATER_LIFTS_EASTERLING
ADVANCE_WATER_LIFTS_EASTERLING,7,flag,GLHidden,
ADVANCE_WATER_LIFTS_GONDOR,0,kv,Prerequisites,ADVANCE_WATER_LIFTS
ADVANCE_WATER_LIFTS_GONDOR,1,kv,Prerequisites,ADVANCE_GONDOR
ADVANCE_WATER_LIFTS_GONDOR,2,kv,Cost,220
ADVANCE_WATER_LIFTS_GONDOR,3,kv,Icon,ICON_ADVANCE_WATER_LIFTS_GONDOR
ADVANCE_WATER_LIFTS_GONDOR,4,kv,Branch,0
ADVANCE_WATER_LIFTS_GONDOR,5,kv,Age,AGE_ONE
ADVANCE_WATER_LIFTS_GONDOR,6,flag,GLHidden,
ADVANCE_WATER_LIFTS_GOOD,0,kv,Prerequisites,ADVANCE_WATER_LIFTS
ADVANCE_WATER_LIFTS_GOOD,1,kv,Prerequisites,ADVANCE_GOOD
ADVANCE_WATER_LIFTS_GOOD,2,kv,Cost,220
ADVANCE_WATER_LIFTS_GOOD,3,kv,Icon,ICON_ADVANCE_WATER_LIFTS_GOOD
ADVANCE_WATER_LIFTS_GOOD,4,kv,Branch,0
ADVANCE_WATER_LIFTS_GOOD,5,kv,Age,AGE_ONE
ADVANCE_WATER_LIFTS_GOOD,6,flag,GLHidden,
ADVANCE_WATER_LIFTS_HOBBITS,0,kv,Prerequisites,ADVANCE_WATER_LIFTS
ADVANCE_WATER_LIFTS_HOBBITS,1,kv,Prerequisites,ADVANCE_HOBBITS
ADVANCE_WATER_LIFTS_HOBBITS,2,kv,Cost,220
ADVANCE_WATER_LIFTS_HOBBITS,3,kv,Icon,ICON_ADVANCE_WATER_LIFTS_HOBBITS
ADVANCE_WATER_LIFTS_HOBBITS,4,kv,Branch,0
ADVANCE_WATER_LIFTS_HOBBITS,5,kv,Age,AGE_ONE
ADVANCE_WATER_LIFTS_HOBBITS,6,flag,GLHidden,
ADVANCE_WHEEL,0,kv,Prerequisites,ADVANCE_TOOLMAKING
ADVANCE_WHEEL,1,kv,Cost,330
ADVANCE_WHEEL,2,kv,Icon,ICON_ADVANCE_WHEEL
ADVANCE_WHEEL,3,kv,Branch,0
ADVANCE_WHEEL,4,kv,Age,AGE_ONE
ADVANCE_WRITING,0,kv,Cost,220
ADVANCE_WRITING,1,kv,Icon,ICON_ADVANCE_WRITING
ADVANCE_WRITING,2,kv,Branch,0
ADVANCE_WRITING,3,kv,Age,AGE_ONE
ADVANCE_WRITING_ARNOR,0,kv,Prerequisites,ADVANCE_WRITING
ADVANCE_WRITING_ARNOR,1,kv,Prerequisites,ADVANCE_ARNOR
ADVANCE_WRITING_ARNOR,2,kv,Cost,50
ADVANCE_WRITING_ARNOR,3,kv,Icon,ICON_ADVANCE_WRITING_ARNOR
ADVANCE_WRITING_ARNOR,4,kv,Branch,0
ADVANCE_WRITING_ARNOR,5,kv,Age,AGE_ONE
ADVANCE_WRITING_GONDOR,0,kv,Prerequisites,ADVANCE_WRITING
ADVANCE_WRITING_GONDOR,1,kv,Prerequisites,ADVANCE_GONDOR
ADVANCE_WRITING_GONDOR,2,kv,Cost,50
ADVANCE_WRITING_GONDOR,3,kv,Icon,ICON_ADVANCE_WRITING_GONDOR
ADVANCE_WRITING_GONDOR,4,kv,Branch,0
ADVANCE_WRITING_GONDOR,5,kv,Age,AGE_ONE
ADVANCE_HEXTAPUL,0,kv,Prerequisites,ADVANCE_GAIA_CONTROLLER
ADVANCE_HEXTAPUL,1,kv,Cost,20000000
ADVANCE_HEXTAPUL,2,kv,Icon,ICON_ADVANCE_HEXTAPUL
ADVANCE_HEXTAPUL,3,kv,Branch,0
ADVANCE_HEXTAPUL,4,kv,Age,AGE_TEN
ADVANCE_HEXTAPUL,5,flag,GLHidden,
ADVANCE_ADV_INFANTRY_TACTICS,0,kv,Prerequisites,ADVANCE_NAVAL_AVIATION
ADVANCE_ADV_INFANTRY_TACTICS,1,kv,Prerequisites,ADVANCE_VERTICAL_FLIGHT_AIRCRAFT
ADVANCE_ADV_INFANTRY_TACTICS,2,kv,Cost,72800
ADVANCE_ADV_INFANTRY_TACTICS,3,kv,Icon,ICON_ADVANCE_ADV_INFANTRY_TACTICS
ADVANCE_ADV_INFANTRY_TACTICS,4,kv,Branch,0
ADVANCE_ADV_INFANTRY_TACTICS,5,kv,Age,AGE_SIX
ADVANCE_ADV_INFANTRY_TACTICS,6,flag,GLHidden,
ADVANCE_ADV_NAVAL_TACTICS,0,kv,Prerequisites,ADVANCE_EXPLOSIVES
ADVANCE_ADV_NAVAL_TACTICS,1,kv,Prerequisites,ADVANCE_MASS_PRODUCTION
ADVANCE_ADV_NAVAL_TACTICS,2,kv,Cost,54750
ADVANCE_ADV_NAVAL_TACTICS,3,kv,Icon,ICON_ADVANCE_ADV_NAVAL_TACTICS
ADVANCE_ADV_NAVAL_TACTICS,4,kv,Branch,0
ADVANCE_ADV_NAVAL_TACTICS,5,kv,Age,AGE_SIX
ADVANCE_ADV_NAVAL_TACTICS,6,flag,GLHidden,
ADVANCE_ADV_URBAN_PLANNING,0,kv,Prerequisites,ADVANCE_MASS_TRANSIT
ADVANCE_ADV_URBAN_PLANNING,1,kv,Prerequisites,ADVANCE_MODERN_METALLURGY
ADVANCE_ADV_URBAN_PLANNING,2,kv,Cost,72890
ADVANCE_ADV_URBAN_PLANNING,3,kv,Icon,ICON_ADVANCE_ADV_URBAN_PLANNING
ADVANCE_ADV_URBAN_PLANNING,4,kv,Branch,0
ADVANCE_ADV_URBAN_PLANNING,5,kv,Age,AGE_SIX
ADVANCE_ADV_URBAN_PLANNING,6,flag,GLHidden,
ADVANCE_ADVANCED_COMPOSITES,0,kv,Prerequisites,ADVANCE_CONSERVATION
ADVANCE_ADVANCED_COMPOSITES,1,kv,Prerequisites,ADVANCE_SUPERSONIC_FLIGHT
ADVANCE_ADVANCED_COMPOSITES,2,kv,Cost,96950
ADVANCE_ADVANCED_COMPOSITES,3,kv,Icon,ICON_ADVANCE_ADVANCED_COMPOSITES
ADVANCE_ADVANCED_COMPOSITES,4,kv,Branch,0
ADVANCE_ADVANCED_COMPOSITES,5,kv,Age,AGE_SEVEN
ADVANCE_ADVANCED_COMPOSITES,6,flag,GLHidden,
ADVANCE_AERODYNAMICS,0,kv,Prerequisites,ADVANCE_INTERNAL_COMBUSTION
ADVANCE_AERODYNAMICS,1,kv,Prerequisites,ADVANCE_MASS_PRODUCTION
ADVANCE_AERODYNAMICS,2,kv,Cost,56710
ADVANCE_AERODYNAMICS,3,kv,Icon,ICON_ADVANCE_AERODYNAMICS
ADVANCE_AERODYNAMICS,4,kv,Branch,0
ADVANCE_AERODYNAMICS,5,kv,Age,AGE_SIX
ADVANCE_AERODYNAMICS,6,flag,GLHidden,
ADVANCE_AGE_OF_REASON,0,kv,Prerequisites,ADVANCE_VERNACULAR_PROSE
ADVANCE_AGE_OF_REASON,1,kv,Prerequisites,ADVANCE_NATIONALISM
ADVANCE_AGE_OF_REASON,2,kv,Cost,24666
ADVANCE_AGE_OF_REASON,3,kv,Icon,ICON_ADVANCE_AGE_OF_REASON
ADVANCE_AGE_OF_REASON,4,kv,Branch,0
ADVANCE_AGE_OF_REASON,5,kv,Age,AGE_FOUR
ADVANCE_AGE_OF_REASON,6,flag,GLHidden,
ADVANCE_AGRICULTURAL_REVOLUTION,0,kv,Prerequisites,ADVANCE_AQUEDUCTS
ADVANCE_AGRICULTURAL_REVOLUTION,1,kv,Prerequisites,ADVANCE_DARK_AGES
ADVANCE_AGRICULTURAL_REVOLUTION,2,kv,Cost,12500
ADVANCE_AGRICULTURAL_REVOLUTION,3,kv,Icon,ICON_ADVANCE_AGRICULTURAL_REVOLUTION
ADVANCE_AGRICULTURAL_REVOLUTION,4,kv,Branch,0
ADVANCE_AGRICULTURAL_REVOLUTION,5,kv,Age,AGE_THREE
ADVANCE_AGRICULTURAL_REVOLUTION,6,kv,KeyAdvanceAdvice,KEY_GROWTH_ADVANCE_ADVICE
ADVANCE_AGRICULTURAL_REVOLUTION,7,flag,GLHidden,
ADVANCE_AI_SURVEILLANCE,0,kv,Prerequisites,ADVANCE_ARCOLOGIES
ADVANCE_AI_SURVEILLANCE,1,kv,Prerequisites,ADVANCE_ROBOTICS
ADVANCE_AI_SURVEILLANCE,2,kv,Cost,118840
ADVANCE_AI_SURVEILLANCE,3,kv,Icon,ICON_ADVANCE_AI_SURVEILLANCE
ADVANCE_AI_SURVEILLANCE,4,kv,Branch,0
ADVANCE_AI_SURVEILLANCE,5,kv,Age,AGE_SEVEN
ADVANCE_AI_SURVEILLANCE,6,flag,GLHidden,
ADVANCE_ARCOLOGIES,0,kv,Prerequisites,ADVANCE_ADV_URBAN_PLANNING
ADVANCE_ARCOLOGIES,1,kv,Prerequisites,ADVANCE_ADVANCED_COMPOSITES
ADVANCE_ARCOLOGIES,2,kv,Cost,102920
ADVANCE_ARCOLOGIES,3,kv,Icon,ICON_ADVANCE_ARCOLOGIES
ADVANCE_ARCOLOGIES,4,kv,Branch,0
ADVANCE_ARCOLOGIES,5,kv,Age,AGE_SEVEN
ADVANCE_ARCOLOGIES,6,flag,GLHidden,
ADVANCE_ASTROLABE,0,kv,Prerequisites,ADVANCE_COMPASS
ADVANCE_ASTROLABE,1,kv,Prerequisites,ADVANCE_GREEK_FIRE
ADVANCE_ASTROLABE,2,kv,Cost,16000
ADVANCE_ASTROLABE,3,kv,Icon,ICON_ADVANCE_ASTROLABE
ADVANCE_ASTROLABE,4,kv,Branch,0
ADVANCE_ASTROLABE,5,kv,Age,AGE_THREE
ADVANCE_ASTROLABE,6,flag,GLHidden,
ADVANCE_BANKING,0,kv,Prerequisites,ADVANCE_DARK_AGES
ADVANCE_BANKING,1,kv,Prerequisites,ADVANCE_MILLS
ADVANCE_BANKING,2,kv,Cost,17000
ADVANCE_BANKING,3,kv,Icon,ICON_ADVANCE_BANKING
ADVANCE_BANKING,4,kv,Branch,0
ADVANCE_BANKING,5,kv,Age,AGE_THREE
ADVANCE_BANKING,6,flag,GLHidden,
ADVANCE_CALIPHATE,0,kv,Prerequisites,ADVANCE_CLASSICAL_EDUCATION
ADVANCE_CALIPHATE,1,kv,Prerequisites,ADVANCE_ISLAM
ADVANCE_CALIPHATE,2,kv,Cost,31000
ADVANCE_CALIPHATE,3,kv,Icon,ICON_ADVANCE_CALIPHATE
ADVANCE_CALIPHATE,4,kv,Branch,0
ADVANCE_CALIPHATE,5,kv,Age,AGE_THREE
ADVANCE_CALIPHATE,6,flag,GLHidden,
ADVANCE_CANNON_MAKING,0,kv,Prerequisites,ADVANCE_GUNPOWDER
ADVANCE_CANNON_MAKING,1,kv,Prerequisites,ADVANCE_MACHINE_TOOLS
ADVANCE_CANNON_MAKING,2,kv,Cost,22500
ADVANCE_CANNON_MAKING,3,kv,Icon,ICON_ADVANCE_CANNON_MAKING
ADVANCE_CANNON_MAKING,4,kv,Branch,0
ADVANCE_CANNON_MAKING,5,kv,Age,AGE_FOUR
ADVANCE_CANNON_MAKING,6,flag,GLHidden,
ADVANCE_CAVALRY_TACTICS,0,kv,Prerequisites,ADVANCE_CHIVALRY
ADVANCE_CAVALRY_TACTICS,1,kv,Prerequisites,ADVANCE_FLINTLOCK
ADVANCE_CAVALRY_TACTICS,2,kv,Cost,40997
ADVANCE_CAVALRY_TACTICS,3,kv,Icon,ICON_ADVANCE_CAVALRY_TACTICS
ADVANCE_CAVALRY_TACTICS,4,kv,Branch,0
ADVANCE_CAVALRY_TACTICS,5,kv,Age,AGE_FOUR
ADVANCE_CAVALRY_TACTICS,6,flag,GLHidden,
ADVANCE_CHAOS_THEORY,0,kv,Prerequisites,ADVANCE_COMPUTER
ADVANCE_CHAOS_THEORY,1,kv,Prerequisites,ADVANCE_TECHNOCRACY
ADVANCE_CHAOS_THEORY,2,kv,Cost,134720
ADVANCE_CHAOS_THEORY,3,kv,Icon,ICON_ADVANCE_CHAOS_THEORY
ADVANCE_CHAOS_THEORY,4,kv,Branch,0
ADVANCE_CHAOS_THEORY,5,kv,Age,AGE_EIGHT
ADVANCE_CHAOS_THEORY,6,flag,GLHidden,
ADVANCE_CHEMISTRY,0,kv,Prerequisites,ADVANCE_OPTICS
ADVANCE_CHEMISTRY,1,kv,Prerequisites,ADVANCE_ALCHEMY
ADVANCE_CHEMISTRY,2,kv,Cost,16500
ADVANCE_CHEMISTRY,3,kv,Icon,ICON_ADVANCE_CHEMISTRY
ADVANCE_CHEMISTRY,4,kv,Branch,0
ADVANCE_CHEMISTRY,5,kv,Age,AGE_FOUR
ADVANCE_CHEMISTRY,6,flag,GLHidden,
ADVANCE_CHIVALRY,0,kv,Prerequisites,ADVANCE_STIRRUP
ADVANCE_CHIVALRY,1,kv,Prerequisites,ADVANCE_FEUDALISM
ADVANCE_CHIVALRY,2,kv,Cost,15500
ADVANCE_CHIVALRY,3,kv,Icon,ICON_ADVANCE_CHIVALRY
ADVANCE_CHIVALRY,4,kv,Branch,0
ADVANCE_CHIVALRY,5,kv,Age,AGE_TWO
ADVANCE_CHIVALRY,6,flag,GLHidden,
ADVANCE_CHRONOMETER,0,kv,Prerequisites,ADVANCE_ASTROLABE
ADVANCE_CHRONOMETER,1,kv,Prerequisites,ADVANCE_CANNON_MAKING
ADVANCE_CHRONOMETER,2,kv,Cost,25000
ADVANCE_CHRONOMETER,3,kv,Icon,ICON_ADVANCE_CHRONOMETER
ADVANCE_CHRONOMETER,4,kv,Branch,0
ADVANCE_CHRONOMETER,5,kv,Age,AGE_FOUR
ADVANCE_CHRONOMETER,6,flag,GLHidden,
ADVANCE_CLASSICAL_EDUCATION,0,kv,Prerequisites,ADVANCE_GEOMETRY
ADVANCE_CLASSICAL_EDUCATION,1,kv,Prerequisites,ADVANCE_THEOLOGY
ADVANCE_CLASSICAL_EDUCATION,2,kv,Cost,13800
ADVANCE_CLASSICAL_EDUCATION,3,kv,Icon,ICON_ADVANCE_CLASSICAL_EDUCATION
ADVANCE_CLASSICAL_EDUCATION,4,kv,Branch,0
ADVANCE_CLASSICAL_EDUCATION,5,kv,Age,AGE_THREE
ADVANCE_CLASSICAL_EDUCATION,6,kv,KeyAdvanceAdvice,KEY_SCIENCE_ADVANCE_ADVICE
ADVANCE_CLASSICAL_EDUCATION,7,flag,GLHidden,
ADVANCE_COMMUNISM,0,kv,Prerequisites,ADVANCE_ECONOMICS
ADVANCE_COMMUNISM,1,kv,Prerequisites,ADVANCE_INDUSTRIAL_REVOLUTION
ADVANCE_COMMUNISM,2,kv,Cost,40124
ADVANCE_COMMUNISM,3,kv,Icon,ICON_ADVANCE_COMMUNISM
ADVANCE_COMMUNISM,4,kv,Branch,0
ADVANCE_COMMUNISM,5,kv,Age,AGE_FIVE
ADVANCE_COMMUNISM,6,flag,GLHidden,
ADVANCE_COMPASS,0,kv,Prerequisites,ADVANCE_OCEAN_FARING
ADVANCE_COMPASS,1,kv,Prerequisites,ADVANCE_DARK_AGES
ADVANCE_COMPASS,2,kv,Cost,12200
ADVANCE_COMPASS,3,kv,Icon,ICON_ADVANCE_COMPASS
ADVANCE_COMPASS,4,kv,Branch,0
ADVANCE_COMPASS,5,kv,Age,AGE_THREE
ADVANCE_COMPASS,6,flag,GLHidden,
ADVANCE_COMPUTER,0,kv,Prerequisites,ADVANCE_CORPORATE_REPUBLIC
ADVANCE_COMPUTER,1,kv,Prerequisites,ADVANCE_ELECTRICITY
ADVANCE_COMPUTER,2,kv,Cost,64110
ADVANCE_COMPUTER,3,kv,Icon,ICON_ADVANCE_COMPUTER
ADVANCE_COMPUTER,4,kv,Branch,0
ADVANCE_COMPUTER,5,kv,Age,AGE_SEVEN
ADVANCE_COMPUTER,6,kv,TriggerFeat,FEAT_ADVANCE_COMPUTERS
ADVANCE_COMPUTER,7,flag,GLHidden,
ADVANCE_CONSERVATION,0,kv,Prerequisites,ADVANCE_GLOBAL_ECONOMICS
ADVANCE_CONSERVATION,1,kv,Prerequisites,ADVANCE_MASS_TRANSIT
ADVANCE_CONSERVATION,2,kv,Cost,66270
ADVANCE_CONSERVATION,3,kv,Icon,ICON_ADVANCE_CONSERVATION
ADVANCE_CONSERVATION,4,kv,Branch,0
ADVANCE_CONSERVATION,5,kv,Age,AGE_SIX
ADVANCE_CONSERVATION,6,flag,GLHidden,
ADVANCE_CORPORATE_REPUBLIC,0,kv,Prerequisites,ADVANCE_CORPORATION
ADVANCE_CORPORATE_REPUBLIC,1,kv,Prerequisites,ADVANCE_CRIMINAL_CODE
ADVANCE_CORPORATE_REPUBLIC,2,kv,Cost,64270
ADVANCE_CORPORATE_REPUBLIC,3,kv,Icon,ICON_ADVANCE_CORPORATE_REPUBLIC
ADVANCE_CORPORATE_REPUBLIC,4,kv,Branch,0
ADVANCE_CORPORATE_REPUBLIC,5,kv,Age,AGE_SIX
ADVANCE_CORPORATE_REPUBLIC,6,flag,GLHidden,
ADVANCE_CORPORATION,0,kv,Prerequisites,ADVANCE_MASS_MEDIA
ADVANCE_CORPORATION,1,kv,Prerequisites,ADVANCE_MASS_PRODUCTION
ADVANCE_CORPORATION,2,kv,Cost,56670
ADVANCE_CORPORATION,3,kv,Icon,ICON_ADVANCE_CORPORATION
ADVANCE_CORPORATION,4,kv,Branch,0
ADVANCE_CORPORATION,5,kv,Age,AGE_SIX
ADVANCE_CORPORATION,6,flag,GLHidden,
ADVANCE_CRIMINAL_CODE,0,kv,Prerequisites,ADVANCE_MASS_MEDIA
ADVANCE_CRIMINAL_CODE,1,kv,Prerequisites,ADVANCE_NATIONALISM
ADVANCE_CRIMINAL_CODE,2,kv,Cost,56240
ADVANCE_CRIMINAL_CODE,3,kv,Icon,ICON_ADVANCE_CRIMINAL_CODE
ADVANCE_CRIMINAL_CODE,4,kv,Branch,0
ADVANCE_CRIMINAL_CODE,5,kv,Age,AGE_SIX
ADVANCE_CRIMINAL_CODE,6,flag,GLHidden,
ADVANCE_CROSSBOW,0,kv,Prerequisites,ADVANCE_SIEGE_WEAPONS
ADVANCE_CROSSBOW,1,kv,Prerequisites,ADVANCE_FEUDALISM
ADVANCE_CROSSBOW,2,kv,Cost,14500
ADVANCE_CROSSBOW,3,kv,Icon,ICON_ADVANCE_CROSSBOW
ADVANCE_CROSSBOW,4,kv,Branch,0
ADVANCE_CROSSBOW,5,kv,Age,AGE_THREE
ADVANCE_CROSSBOW,6,flag,GLHidden,
ADVANCE_DEMOCRACY,0,kv,Prerequisites,ADVANCE_NATIONALISM
ADVANCE_DEMOCRACY,1,kv,Prerequisites,ADVANCE_AGE_OF_REASON
ADVANCE_DEMOCRACY,2,kv,Cost,50000
ADVANCE_DEMOCRACY,3,kv,Icon,ICON_ADVANCE_DEMOCRACY
ADVANCE_DEMOCRACY,4,kv,Branch,0
ADVANCE_DEMOCRACY,5,kv,Age,AGE_FOUR
ADVANCE_DEMOCRACY,6,flag,GLHidden,
ADVANCE_DIGITAL_ENCRYPTION,0,kv,Prerequisites,ADVANCE_ARCOLOGIES
ADVANCE_DIGITAL_ENCRYPTION,1,kv,Prerequisites,ADVANCE_GLOBAL_COMMUNICATIONS
ADVANCE_DIGITAL_ENCRYPTION,2,kv,Cost,104800
ADVANCE_DIGITAL_ENCRYPTION,3,kv,Icon,ICON_ADVANCE_DIGITAL_ENCRYPTION
ADVANCE_DIGITAL_ENCRYPTION,4,kv,Branch,0
ADVANCE_DIGITAL_ENCRYPTION,5,kv,Age,AGE_SEVEN
ADVANCE_DIGITAL_ENCRYPTION,6,flag,GLHidden,
ADVANCE_ECONOMICS,0,kv,Prerequisites,ADVANCE_TRADE_GUILDS
ADVANCE_ECONOMICS,1,kv,Prerequisites,ADVANCE_DEMOCRACY
ADVANCE_ECONOMICS,2,kv,Cost,40367
ADVANCE_ECONOMICS,3,kv,Icon,ICON_ADVANCE_ECONOMICS
ADVANCE_ECONOMICS,4,kv,Branch,0
ADVANCE_ECONOMICS,5,kv,Age,AGE_FOUR
ADVANCE_ECONOMICS,6,flag,GLHidden,
ADVANCE_ECOTOPIA,0,kv,Prerequisites,ADVANCE_NANO_MACHINES
ADVANCE_ECOTOPIA,1,kv,Prerequisites,ADVANCE_VIRTUAL_DEMOCRACY
ADVANCE_ECOTOPIA,2,kv,Cost,136140
ADVANCE_ECOTOPIA,3,kv,Icon,ICON_ADVANCE_ECOTOPIA
ADVANCE_ECOTOPIA,4,kv,Branch,0
ADVANCE_ECOTOPIA,5,kv,Age,AGE_NINE
ADVANCE_ECOTOPIA,6,flag,GLHidden,
ADVANCE_ELECTRICITY,0,kv,Prerequisites,ADVANCE_INDUSTRIAL_REVOLUTION
ADVANCE_ELECTRICITY,1,kv,Prerequisites,ADVANCE_PHYSICS
ADVANCE_ELECTRICITY,2,kv,Cost,42430
ADVANCE_ELECTRICITY,3,kv,Icon,ICON_ADVANCE_ELECTRICITY
ADVANCE_ELECTRICITY,4,kv,Branch,0
ADVANCE_ELECTRICITY,5,kv,Age,AGE_FIVE
ADVANCE_ELECTRICITY,6,flag,GLHidden,
ADVANCE_EUGENICS,0,kv,Prerequisites,ADVANCE_CHAOS_THEORY
ADVANCE_EUGENICS,1,kv,Prerequisites,ADVANCE_GENETICS
ADVANCE_EUGENICS,2,kv,Cost,133680
ADVANCE_EUGENICS,3,kv,Icon,ICON_ADVANCE_EUGENICS
ADVANCE_EUGENICS,4,kv,Branch,0
ADVANCE_EUGENICS,5,kv,Age,AGE_EIGHT
ADVANCE_EUGENICS,6,flag,GLHidden,
ADVANCE_EXPLOSIVES,0,kv,Prerequisites,ADVANCE_INDUSTRIAL_REVOLUTION
ADVANCE_EXPLOSIVES,1,kv,Prerequisites,ADVANCE_CHEMISTRY
ADVANCE_EXPLOSIVES,2,kv,Cost,48120
ADVANCE_EXPLOSIVES,3,kv,Icon,ICON_ADVANCE_EXPLOSIVES
ADVANCE_EXPLOSIVES,4,kv,Branch,0
ADVANCE_EXPLOSIVES,5,kv,Age,AGE_FIVE
ADVANCE_EXPLOSIVES,6,flag,GLHidden,
ADVANCE_FASCISM,0,kv,Prerequisites,ADVANCE_MASS_MEDIA
ADVANCE_FASCISM,1,kv,Prerequisites,ADVANCE_NATIONALISM
ADVANCE_FASCISM,2,kv,Cost,60190
ADVANCE_FASCISM,3,kv,Icon,ICON_ADVANCE_FASCISM
ADVANCE_FASCISM,4,kv,Branch,0
ADVANCE_FASCISM,5,kv,Age,AGE_SIX
ADVANCE_FASCISM,6,flag,GLHidden,
ADVANCE_FEUDALISM,0,kv,Prerequisites,ADVANCE_DICTATORSHIP
ADVANCE_FEUDALISM,1,kv,Prerequisites,ADVANCE_DARK_AGES
ADVANCE_FEUDALISM,2,kv,Cost,14000
ADVANCE_FEUDALISM,3,kv,Icon,ICON_ADVANCE_FEUDALISM
ADVANCE_FEUDALISM,4,kv,Branch,0
ADVANCE_FEUDALISM,5,kv,Age,AGE_THREE
ADVANCE_FEUDALISM,6,flag,GLHidden,
ADVANCE_FLINTLOCK,0,kv,Prerequisites,ADVANCE_MACHINE_TOOLS
ADVANCE_FLINTLOCK,1,kv,Prerequisites,ADVANCE_CANNON_MAKING
ADVANCE_FLINTLOCK,2,kv,Cost,40234
ADVANCE_FLINTLOCK,3,kv,Icon,ICON_ADVANCE_FLINTLOCK
ADVANCE_FLINTLOCK,4,kv,Branch,0
ADVANCE_FLINTLOCK,5,kv,Age,AGE_FOUR
ADVANCE_FLINTLOCK,6,flag,GLHidden,
ADVANCE_FUEL_CELLS,0,kv,Prerequisites,ADVANCE_CONSERVATION
ADVANCE_FUEL_CELLS,1,kv,Prerequisites,ADVANCE_QUANTUM_MECHANICS
ADVANCE_FUEL_CELLS,2,kv,Cost,84430
ADVANCE_FUEL_CELLS,3,kv,Icon,ICON_ADVANCE_FUEL_CELLS
ADVANCE_FUEL_CELLS,4,kv,Branch,0
ADVANCE_FUEL_CELLS,5,kv,Age,AGE_SEVEN
ADVANCE_FUEL_CELLS,6,flag,GLHidden,
ADVANCE_FUSION,0,kv,Prerequisites,ADVANCE_CHAOS_THEORY
ADVANCE_FUSION,1,kv,Prerequisites,ADVANCE_NANO_ASSEMBLY
ADVANCE_FUSION,2,kv,Cost,136030
ADVANCE_FUSION,3,kv,Icon,ICON_ADVANCE_FUSION
ADVANCE_FUSION,4,kv,Branch,0
ADVANCE_FUSION,5,kv,Age,AGE_NINE
ADVANCE_FUSION,6,flag,GLHidden,
ADVANCE_GAIA_CONTROLLER,0,kv,Prerequisites,ADVANCE_GAIA_THEORY
ADVANCE_GAIA_CONTROLLER,1,kv,Prerequisites,ADVANCE_SMART_MATERIALS
ADVANCE_GAIA_CONTROLLER,2,kv,Cost,190430
ADVANCE_GAIA_CONTROLLER,3,kv,Icon,ICON_ADVANCE_GAIA_CONTROLLER
ADVANCE_GAIA_CONTROLLER,4,kv,Branch,0
ADVANCE_GAIA_CONTROLLER,5,kv,Age,AGE_NINE
ADVANCE_GAIA_CONTROLLER,6,flag,GLHidden,
ADVANCE_GAIA_THEORY,0,kv,Prerequisites,ADVANCE_ECOTOPIA
ADVANCE_GAIA_THEORY,1,kv,Prerequisites,ADVANCE_NANO_MACHINES
ADVANCE_GAIA_THEORY,2,kv,Cost,165810
ADVANCE_GAIA_THEORY,3,kv,Icon,ICON_ADVANCE_GAIA_THEORY
ADVANCE_GAIA_THEORY,4,kv,Branch,0
ADVANCE_GAIA_THEORY,5,kv,Age,AGE_NINE
ADVANCE_GAIA_THEORY,6,kv,PollutionSizeModifier,-1
ADVANCE_GAIA_THEORY,7,kv,PollutionProductionModifier,-1
ADVANCE_GAIA_THEORY,8,flag,GLHidden,
ADVANCE_GENETIC_TAILORING,0,kv,Prerequisites,ADVANCE_EUGENICS
ADVANCE_GENETIC_TAILORING,1,kv,Prerequisites,ADVANCE_HUMAN_CLONING
ADVANCE_GENETIC_TAILORING,2,kv,Cost,150740
ADVANCE_GENETIC_TAILORING,3,kv,Icon,ICON_ADVANCE_GENETIC_TAILORING
ADVANCE_GENETIC_TAILORING,4,kv,Branch,0
ADVANCE_GENETIC_TAILORING,5,kv,Age,AGE_NINE
ADVANCE_GENETIC_TAILORING,6,flag,GLHidden,
ADVANCE_GENETICS,0,kv,Prerequisites,ADVANCE_MEDICINE
ADVANCE_GENETICS,1,kv,Prerequisites,ADVANCE_ROBOTICS
ADVANCE_GENETICS,2,kv,Cost,125300
ADVANCE_GENETICS,3,kv,Icon,ICON_ADVANCE_GENETICS
ADVANCE_GENETICS,4,kv,Branch,0
ADVANCE_GENETICS,5,kv,Age,AGE_SEVEN
ADVANCE_GENETICS,6,flag,GLHidden,
ADVANCE_GLOBAL_COMMUNICATIONS,0,kv,Prerequisites,ADVANCE_GLOBAL_DEFENSE
ADVANCE_GLOBAL_COMMUNICATIONS,1,kv,Prerequisites,ADVANCE_NUCLEAR_POWER
ADVANCE_GLOBAL_COMMUNICATIONS,2,kv,Cost,104460
ADVANCE_GLOBAL_COMMUNICATIONS,3,kv,Icon,ICON_ADVANCE_GLOBAL_COMMUNICATIONS
ADVANCE_GLOBAL_COMMUNICATIONS,4,kv,Branch,0
ADVANCE_GLOBAL_COMMUNICATIONS,5,kv,Age,AGE_SEVEN
ADVANCE_GLOBAL_COMMUNICATIONS,6,flag,GLHidden,
ADVANCE_GLOBAL_DEFENSE,0,kv,Prerequisites,ADVANCE_RADAR
ADVANCE_GLOBAL_DEFENSE,1,kv,Prerequisites,ADVANCE_SUPERSONIC_FLIGHT
ADVANCE_GLOBAL_DEFENSE,2,kv,Cost,96450
ADVANCE_GLOBAL_DEFENSE,3,kv,Icon,ICON_ADVANCE_GLOBAL_DEFENSE
ADVANCE_GLOBAL_DEFENSE,4,kv,Branch,0
ADVANCE_GLOBAL_DEFENSE,5,kv,Age,AGE_SIX
ADVANCE_GLOBAL_DEFENSE,6,flag,GLHidden,
ADVANCE_GLOBAL_ECONOMICS,0,kv,Prerequisites,ADVANCE_CORPORATE_REPUBLIC
ADVANCE_GLOBAL_ECONOMICS,1,kv,Prerequisites,ADVANCE_JET_PROPULSION
ADVANCE_GLOBAL_ECONOMICS,2,kv,Cost,64650
ADVANCE_GLOBAL_ECONOMICS,3,kv,Icon,ICON_ADVANCE_GLOBAL_ECONOMICS
ADVANCE_GLOBAL_ECONOMICS,4,kv,Branch,0
ADVANCE_GLOBAL_ECONOMICS,5,kv,Age,AGE_SIX
ADVANCE_GLOBAL_ECONOMICS,6,flag,GLHidden,
ADVANCE_GOTHIC_ARCHITECTURE,0,kv,Prerequisites,ADVANCE_IRON_WORKING
ADVANCE_GOTHIC_ARCHITECTURE,1,kv,Prerequisites,ADVANCE_CLASSICAL_EDUCATION
ADVANCE_GOTHIC_ARCHITECTURE,2,kv,Cost,11600
ADVANCE_GOTHIC_ARCHITECTURE,3,kv,Icon,ICON_ADVANCE_GOTHIC_ARCHITECTURE
ADVANCE_GOTHIC_ARCHITECTURE,4,kv,Branch,0
ADVANCE_GOTHIC_ARCHITECTURE,5,kv,Age,AGE_THREE
ADVANCE_GOTHIC_ARCHITECTURE,6,flag,GLHidden,
ADVANCE_GREEK_FIRE,0,kv,Prerequisites,ADVANCE_CROSSBOW
ADVANCE_GREEK_FIRE,1,kv,Prerequisites,ADVANCE_CLASSICAL_EDUCATION
ADVANCE_GREEK_FIRE,2,kv,Cost,16500
ADVANCE_GREEK_FIRE,3,kv,Icon,ICON_ADVANCE_GREEK_FIRE
ADVANCE_GREEK_FIRE,4,kv,Branch,0
ADVANCE_GREEK_FIRE,5,kv,Age,AGE_THREE
ADVANCE_GREEK_FIRE,6,flag,GLHidden,
ADVANCE_GUIDED_WEAPON_SYSTEMS,0,kv,Prerequisites,ADVANCE_COMPUTER
ADVANCE_GUIDED_WEAPON_SYSTEMS,1,kv,Prerequisites,ADVANCE_RADAR
ADVANCE_GUIDED_WEAPON_SYSTEMS,2,kv,Cost,77890
ADVANCE_GUIDED_WEAPON_SYSTEMS,3,kv,Icon,ICON_ADVANCE_GUIDED_WEAPON_SYSTEMS
ADVANCE_GUIDED_WEAPON_SYSTEMS,4,kv,Branch,0
ADVANCE_GUIDED_WEAPON_SYSTEMS,5,kv,Age,AGE_SEVEN
ADVANCE_GUIDED_WEAPON_SYSTEMS,6,flag,GLHidden,
ADVANCE_GUNPOWDER,0,kv,Prerequisites,ADVANCE_GREEK_FIRE
ADVANCE_GUNPOWDER,1,kv,Prerequisites,ADVANCE_TRADE_GUILDS
ADVANCE_GUNPOWDER,2,kv,Cost,20500
ADVANCE_GUNPOWDER,3,kv,Icon,ICON_ADVANCE_GUNPOWDER
ADVANCE_GUNPOWDER,4,kv,Branch,0
ADVANCE_GUNPOWDER,5,kv,Age,AGE_THREE
ADVANCE_GUNPOWDER,6,kv,KeyAdvanceAdvice,KEY_MILITARY_ADVANCE_ADVICE
ADVANCE_GUNPOWDER,7,kv,TriggerFeat,FEAT_ADVANCE_GUNPOWDER
ADVANCE_GUNPOWDER,8,flag,GLHidden,
ADVANCE_HT_SUPERCONDUCTOR,0,kv,Prerequisites,ADVANCE_ADVANCED_COMPOSITES
ADVANCE_HT_SUPERCONDUCTOR,1,kv,Prerequisites,ADVANCE_FUEL_CELLS
ADVANCE_HT_SUPERCONDUCTOR,2,kv,Cost,120440
ADVANCE_HT_SUPERCONDUCTOR,3,kv,Icon,ICON_ADVANCE_HT_SUPERCONDUCTOR
ADVANCE_HT_SUPERCONDUCTOR,4,kv,Branch,0
ADVANCE_HT_SUPERCONDUCTOR,5,kv,Age,AGE_SEVEN
ADVANCE_HT_SUPERCONDUCTOR,6,flag,MagLev,
ADVANCE_HT_SUPERCONDUCTOR,7,flag,GLHidden,
ADVANCE_HUMAN_CLONING,0,kv,Prerequisites,ADVANCE_DIGITAL_ENCRYPTION
ADVANCE_HUMAN_CLONING,1,kv,Prerequisites,ADVANCE_GENETICS
ADVANCE_HUMAN_CLONING,2,kv,Cost,136570
ADVANCE_HUMAN_CLONING,3,kv,Icon,ICON_ADVANCE_HUMAN_CLONING
ADVANCE_HUMAN_CLONING,4,kv,Branch,0
ADVANCE_HUMAN_CLONING,5,kv,Age,AGE_EIGHT
ADVANCE_HUMAN_CLONING,6,flag,GLHidden,
ADVANCE_INDUSTRIAL_REVOLUTION,0,kv,Prerequisites,ADVANCE_MODERN_METALLURGY
ADVANCE_INDUSTRIAL_REVOLUTION,1,kv,Prerequisites,ADVANCE_ECONOMICS
ADVANCE_INDUSTRIAL_REVOLUTION,2,kv,Cost,45000
ADVANCE_INDUSTRIAL_REVOLUTION,3,kv,Icon,ICON_ADVANCE_INDUSTRIAL_REVOLUTION
ADVANCE_INDUSTRIAL_REVOLUTION,4,kv,Branch,0
ADVANCE_INDUSTRIAL_REVOLUTION,5,kv,Age,AGE_FIVE
ADVANCE_INDUSTRIAL_REVOLUTION,6,flag,GLHidden,
ADVANCE_INTERNAL_COMBUSTION,0,kv,Prerequisites,ADVANCE_ELECTRICITY
ADVANCE_INTERNAL_COMBUSTION,1,kv,Prerequisites,ADVANCE_OIL_REFINING
ADVANCE_INTERNAL_COMBUSTION,2,kv,Cost,48760
ADVANCE_INTERNAL_COMBUSTION,3,kv,Icon,ICON_ADVANCE_INTERNAL_COMBUSTION
ADVANCE_INTERNAL_COMBUSTION,4,kv,Branch,0
ADVANCE_INTERNAL_COMBUSTION,5,kv,Age,AGE_SIX
ADVANCE_INTERNAL_COMBUSTION,6,flag,GLHidden,
ADVANCE_ISLAM,0,kv,Prerequisites,ADVANCE_THEOLOGY
ADVANCE_ISLAM,1,kv,Cost,15000
ADVANCE_ISLAM,2,kv,Icon,ICON_ADVANCE_ISLAM
ADVANCE_ISLAM,3,kv,Branch,0
ADVANCE_ISLAM,4,kv,Age,AGE_THREE
ADVANCE_ISLAM,5,flag,GLHidden,
ADVANCE_JET_PROPULSION,0,kv,Prerequisites,ADVANCE_AERODYNAMICS
ADVANCE_JET_PROPULSION,1,kv,Prerequisites,ADVANCE_MODERN_METALLURGY
ADVANCE_JET_PROPULSION,2,kv,Cost,62700
ADVANCE_JET_PROPULSION,3,kv,Icon,ICON_ADVANCE_JET_PROPULSION
ADVANCE_JET_PROPULSION,4,kv,Branch,0
ADVANCE_JET_PROPULSION,5,kv,Age,AGE_SIX
ADVANCE_JET_PROPULSION,6,flag,GLHidden,
ADVANCE_LIFE_EXTENSION,0,kv,Prerequisites,ADVANCE_CYBERNETICS
ADVANCE_LIFE_EXTENSION,1,kv,Prerequisites,ADVANCE_GENETIC_TAILORING
ADVANCE_LIFE_EXTENSION,2,kv,Cost,160770
ADVANCE_LIFE_EXTENSION,3,kv,Icon,ICON_ADVANCE_LIFE_EXTENSION
ADVANCE_LIFE_EXTENSION,4,kv,Branch,0
ADVANCE_LIFE_EXTENSION,5,kv,Age,AGE_NINE
ADVANCE_LIFE_EXTENSION,6,kv,TriggerFeat,FEAT_ADVANCE_LIFE_EXTENSION
ADVANCE_LIFE_EXTENSION,7,flag,GLHidden,
ADVANCE_LIQUID_BREATHING_APPARATUS,0,kv,Prerequisites,ADVANCE_ADVANCED_COMPOSITES
ADVANCE_LIQUID_BREATHING_APPARATUS,1,kv,Prerequisites,ADVANCE_MEDICINE
ADVANCE_LIQUID_BREATHING_APPARATUS,2,kv,Cost,85430
ADVANCE_LIQUID_BREATHING_APPARATUS,3,kv,Icon,ICON_ADVANCE_LIQUID_BREATHING_APPARATUS
ADVANCE_LIQUID_BREATHING_APPARATUS,4,kv,Branch,0
ADVANCE_LIQUID_BREATHING_APPARATUS,5,kv,Age,AGE_SEVEN
ADVANCE_LIQUID_BREATHING_APPARATUS,6,flag,GLHidden,
ADVANCE_MACHINE_TOOLS,0,kv,Prerequisites,ADVANCE_MECHANICAL_CLOCK
ADVANCE_MACHINE_TOOLS,1,kv,Prerequisites,ADVANCE_PRINTING_PRESS
ADVANCE_MACHINE_TOOLS,2,kv,Cost,14000
ADVANCE_MACHINE_TOOLS,3,kv,Icon,ICON_ADVANCE_MACHINE_TOOLS
ADVANCE_MACHINE_TOOLS,4,kv,Branch,0
ADVANCE_MACHINE_TOOLS,5,kv,Age,AGE_THREE
ADVANCE_MACHINE_TOOLS,6,flag,GLHidden,
ADVANCE_MASS_MEDIA,0,kv,Prerequisites,ADVANCE_ECONOMICS
ADVANCE_MASS_MEDIA,1,kv,Prerequisites,ADVANCE_ELECTRICITY
ADVANCE_MASS_MEDIA,2,kv,Cost,51190
ADVANCE_MASS_MEDIA,3,kv,Icon,ICON_ADVANCE_MASS_MEDIA
ADVANCE_MASS_MEDIA,4,kv,Branch,0
ADVANCE_MASS_MEDIA,5,kv,Age,AGE_SIX
ADVANCE_MASS_MEDIA,6,flag,GLHidden,
ADVANCE_MASS_PRODUCTION,0,kv,Prerequisites,ADVANCE_EXPLOSIVES
ADVANCE_MASS_PRODUCTION,1,kv,Prerequisites,ADVANCE_INTERNAL_COMBUSTION
ADVANCE_MASS_PRODUCTION,2,kv,Cost,66730
ADVANCE_MASS_PRODUCTION,3,kv,Icon,ICON_ADVANCE_MASS_PRODUCTION
ADVANCE_MASS_PRODUCTION,4,kv,Branch,0
ADVANCE_MASS_PRODUCTION,5,kv,Age,AGE_SIX
ADVANCE_MASS_PRODUCTION,6,kv,PollutionSizeModifier,0.5
ADVANCE_MASS_PRODUCTION,7,kv,PollutionProductionModifier,0.5
ADVANCE_MASS_PRODUCTION,8,kv,TriggerFeat,FEAT_ADVANCE_MASS_PRODUCTION
ADVANCE_MASS_PRODUCTION,9,flag,GLHidden,
ADVANCE_MASS_TRANSIT,0,kv,Prerequisites,ADVANCE_CORPORATE_REPUBLIC
ADVANCE_MASS_TRANSIT,1,kv,Prerequisites,ADVANCE_INTERNAL_COMBUSTION
ADVANCE_MASS_TRANSIT,2,kv,Cost,70340
ADVANCE_MASS_TRANSIT,3,kv,Icon,ICON_ADVANCE_MASS_TRANSIT
ADVANCE_MASS_TRANSIT,4,kv,Branch,0
ADVANCE_MASS_TRANSIT,5,kv,Age,AGE_SIX
ADVANCE_MASS_TRANSIT,6,flag,GLHidden,
ADVANCE_MECHANICAL_CLOCK,0,kv,Prerequisites,ADVANCE_MILLS
ADVANCE_MECHANICAL_CLOCK,1,kv,Prerequisites,ADVANCE_BANKING
ADVANCE_MECHANICAL_CLOCK,2,kv,Cost,13000
ADVANCE_MECHANICAL_CLOCK,3,kv,Icon,ICON_ADVANCE_MECHANICAL_CLOCK
ADVANCE_MECHANICAL_CLOCK,4,kv,Branch,0
ADVANCE_MECHANICAL_CLOCK,5,kv,Age,AGE_THREE
ADVANCE_MECHANICAL_CLOCK,6,flag,GLHidden,
ADVANCE_MEDICINE,0,kv,Prerequisites,ADVANCE_CORPORATION
ADVANCE_MEDICINE,1,kv,Prerequisites,ADVANCE_PHARMACEUTICALS
ADVANCE_MEDICINE,2,kv,Cost,56500
ADVANCE_MEDICINE,3,kv,Icon,ICON_ADVANCE_MEDICINE
ADVANCE_MEDICINE,4,kv,Branch,0
ADVANCE_MEDICINE,5,kv,Age,AGE_SIX
ADVANCE_MEDICINE,6,flag,GLHidden,
ADVANCE_MILLS,0,kv,Prerequisites,ADVANCE_CIVIC_ENGINEERING
ADVANCE_MILLS,1,kv,Prerequisites,ADVANCE_AGRICULTURAL_REVOLUTION
ADVANCE_MILLS,2,kv,Cost,16000
ADVANCE_MILLS,3,kv,Icon,ICON_ADVANCE_MILLS
ADVANCE_MILLS,4,kv,Branch,0
ADVANCE_MILLS,5,kv,Age,AGE_THREE
ADVANCE_MILLS,6,flag,GLHidden,
ADVANCE_MODERN_METALLURGY,0,kv,Prerequisites,ADVANCE_PERSPECTIVE
ADVANCE_MODERN_METALLURGY,1,kv,Prerequisites,ADVANCE_AGE_OF_REASON
ADVANCE_MODERN_METALLURGY,2,kv,Cost,35360
ADVANCE_MODERN_METALLURGY,3,kv,Icon,ICON_ADVANCE_MODERN_METALLURGY
ADVANCE_MODERN_METALLURGY,4,kv,Branch,0
ADVANCE_MODERN_METALLURGY,5,kv,Age,AGE_FOUR
ADVANCE_MODERN_METALLURGY,6,flag,GLHidden,
ADVANCE_MONARCHY,0,kv,Prerequisites,ADVANCE_FEUDALISM
ADVANCE_MONARCHY,1,kv,Prerequisites,ADVANCE_THEOLOGY
ADVANCE_MONARCHY,2,kv,Cost,19000
ADVANCE_MONARCHY,3,kv,Icon,ICON_ADVANCE_MONARCHY
ADVANCE_MONARCHY,4,kv,Branch,0
ADVANCE_MONARCHY,5,kv,Age,AGE_THREE
ADVANCE_MONARCHY,6,flag,GLHidden,
ADVANCE_NANO_ASSEMBLY,0,kv,Prerequisites,ADVANCE_DIGITAL_ENCRYPTION
ADVANCE_NANO_ASSEMBLY,1,kv,Prerequisites,ADVANCE_ROBOTICS
ADVANCE_NANO_ASSEMBLY,2,kv,Cost,125210
ADVANCE_NANO_ASSEMBLY,3,kv,Icon,ICON_ADVANCE_NANO_ASSEMBLY
ADVANCE_NANO_ASSEMBLY,4,kv,Branch,0
ADVANCE_NANO_ASSEMBLY,5,kv,Age,AGE_EIGHT
ADVANCE_NANO_ASSEMBLY,6,kv,PollutionSizeModifier,-1
ADVANCE_NANO_ASSEMBLY,7,kv,PollutionProductionModifier,-1
ADVANCE_NANO_ASSEMBLY,8,flag,GLHidden,
ADVANCE_NANO_MACHINES,0,kv,Prerequisites,ADVANCE_NANO_ASSEMBLY
ADVANCE_NANO_MACHINES,1,kv,Prerequisites,ADVANCE_TECHNOCRACY
ADVANCE_NANO_MACHINES,2,kv,Cost,134770
ADVANCE_NANO_MACHINES,3,kv,Icon,ICON_ADVANCE_NANO_MACHINES
ADVANCE_NANO_MACHINES,4,kv,Branch,0
ADVANCE_NANO_MACHINES,5,kv,Age,AGE_NINE
ADVANCE_NANO_MACHINES,6,flag,GLHidden,
ADVANCE_NANO_WARFARE,0,kv,Prerequisites,ADVANCE_NANO_MACHINES
ADVANCE_NANO_WARFARE,1,kv,Prerequisites,ADVANCE_PLASMA_WEAPONRY
ADVANCE_NANO_WARFARE,2,kv,Cost,144660
ADVANCE_NANO_WARFARE,3,kv,Icon,ICON_ADVANCE_NANO_WARFARE
ADVANCE_NANO_WARFARE,4,kv,Branch,0
ADVANCE_NANO_WARFARE,5,kv,Age,AGE_NINE
ADVANCE_NANO_WARFARE,6,flag,GLHidden,
ADVANCE_NATIONALISM,0,kv,Prerequisites,ADVANCE_PRINTING_PRESS
ADVANCE_NATIONALISM,1,kv,Prerequisites,ADVANCE_RENAISSANCE
ADVANCE_NATIONALISM,2,kv,Cost,16000
ADVANCE_NATIONALISM,3,kv,Icon,ICON_ADVANCE_NATIONALISM
ADVANCE_NATIONALISM,4,kv,Branch,0
ADVANCE_NATIONALISM,5,kv,Age,AGE_FOUR
ADVANCE_NATIONALISM,6,flag,GLHidden,
ADVANCE_NAVAL_AVIATION,0,kv,Prerequisites,ADVANCE_AERODYNAMICS
ADVANCE_NAVAL_AVIATION,1,kv,Prerequisites,ADVANCE_NAVAL_TACTICS
ADVANCE_NAVAL_AVIATION,2,kv,Cost,64540
ADVANCE_NAVAL_AVIATION,3,kv,Icon,ICON_ADVANCE_NAVAL_AVIATION
ADVANCE_NAVAL_AVIATION,4,kv,Branch,0
ADVANCE_NAVAL_AVIATION,5,kv,Age,AGE_SIX
ADVANCE_NAVAL_AVIATION,6,flag,GLHidden,
ADVANCE_NAVAL_TACTICS,0,kv,Prerequisites,ADVANCE_CHRONOMETER
ADVANCE_NAVAL_TACTICS,1,kv,Prerequisites,ADVANCE_ECONOMICS
ADVANCE_NAVAL_TACTICS,2,kv,Cost,41930
ADVANCE_NAVAL_TACTICS,3,kv,Icon,ICON_ADVANCE_NAVAL_TACTICS
ADVANCE_NAVAL_TACTICS,4,kv,Branch,0
ADVANCE_NAVAL_TACTICS,5,kv,Age,AGE_FOUR
ADVANCE_NAVAL_TACTICS,6,flag,GLHidden,
ADVANCE_NEURAL_INTERFACE,0,kv,Prerequisites,ADVANCE_GENETICS
ADVANCE_NEURAL_INTERFACE,1,kv,Prerequisites,ADVANCE_HT_SUPERCONDUCTOR
ADVANCE_NEURAL_INTERFACE,2,kv,Cost,128750
ADVANCE_NEURAL_INTERFACE,3,kv,Icon,ICON_ADVANCE_NEURAL_INTERFACE
ADVANCE_NEURAL_INTERFACE,4,kv,Branch,0
ADVANCE_NEURAL_INTERFACE,5,kv,Age,AGE_EIGHT
ADVANCE_NEURAL_INTERFACE,6,flag,GLHidden,
ADVANCE_NEURAL_REPROGRAMMING,0,kv,Prerequisites,ADVANCE_DIGITAL_ENCRYPTION
ADVANCE_NEURAL_REPROGRAMMING,1,kv,Prerequisites,ADVANCE_NEURAL_INTERFACE
ADVANCE_NEURAL_REPROGRAMMING,2,kv,Cost,142690
ADVANCE_NEURAL_REPROGRAMMING,3,kv,Icon,ICON_ADVANCE_NEURAL_REPROGRAMMING
ADVANCE_NEURAL_REPROGRAMMING,4,kv,Branch,0
ADVANCE_NEURAL_REPROGRAMMING,5,kv,Age,AGE_EIGHT
ADVANCE_NEURAL_REPROGRAMMING,6,flag,GLHidden,
ADVANCE_NUCLEAR_POWER,0,kv,Prerequisites,ADVANCE_GUIDED_WEAPON_SYSTEMS
ADVANCE_NUCLEAR_POWER,1,kv,Prerequisites,ADVANCE_QUANTUM_MECHANICS
ADVANCE_NUCLEAR_POWER,2,kv,Cost,72970
ADVANCE_NUCLEAR_POWER,3,kv,Icon,ICON_ADVANCE_NUCLEAR_POWER
ADVANCE_NUCLEAR_POWER,4,kv,Branch,0
ADVANCE_NUCLEAR_POWER,5,kv,Age,AGE_SEVEN
ADVANCE_NUCLEAR_POWER,6,flag,PlantNuke,
ADVANCE_NUCLEAR_POWER,7,kv,KeyAdvanceAdvice,KEY_MILITARY_ADVANCE_ADVICE
ADVANCE_NUCLEAR_POWER,8,flag,GLHidden,
ADVANCE_OIL_REFINING,0,kv,Prerequisites,ADVANCE_INDUSTRIAL_REVOLUTION
ADVANCE_OIL_REFINING,1,kv,Prerequisites,ADVANCE_RAILROAD
ADVANCE_OIL_REFINING,2,kv,Cost,47870
ADVANCE_OIL_REFINING,3,kv,Icon,ICON_ADVANCE_OIL_REFINING
ADVANCE_OIL_REFINING,4,kv,Branch,0
ADVANCE_OIL_REFINING,5,kv,Age,AGE_SIX
ADVANCE_OIL_REFINING,6,flag,DeepOcean,
ADVANCE_OIL_REFINING,7,kv,KeyAdvanceAdvice,KEY_GROWTH_ADVANCE_ADVICE
ADVANCE_OIL_REFINING,8,flag,GLHidden,
ADVANCE_OPTICS,0,kv,Prerequisites,ADVANCE_RENAISSANCE
ADVANCE_OPTICS,1,kv,Prerequisites,ADVANCE_ASTROLABE
ADVANCE_OPTICS,2,kv,Cost,16500
ADVANCE_OPTICS,3,kv,Icon,ICON_ADVANCE_OPTICS
ADVANCE_OPTICS,4,kv,Branch,0
ADVANCE_OPTICS,5,kv,Age,AGE_FOUR
ADVANCE_OPTICS,6,flag,GLHidden,
ADVANCE_PERSPECTIVE,0,kv,Prerequisites,ADVANCE_GOTHIC_ARCHITECTURE
ADVANCE_PERSPECTIVE,1,kv,Cost,10500
ADVANCE_PERSPECTIVE,2,kv,Icon,ICON_ADVANCE_PERSPECTIVE
ADVANCE_PERSPECTIVE,3,kv,Branch,0
ADVANCE_PERSPECTIVE,4,kv,Age,AGE_THREE
ADVANCE_PERSPECTIVE,5,flag,GLHidden,
ADVANCE_PHARMACEUTICALS,0,kv,Prerequisites,ADVANCE_INDUSTRIAL_REVOLUTION
ADVANCE_PHARMACEUTICALS,1,kv,Prerequisites,ADVANCE_CHEMISTRY
ADVANCE_PHARMACEUTICALS,2,kv,Cost,42970
ADVANCE_PHARMACEUTICALS,3,kv,Icon,ICON_ADVANCE_PHARMACEUTICALS
ADVANCE_PHARMACEUTICALS,4,kv,Branch,0
ADVANCE_PHARMACEUTICALS,5,kv,Age,AGE_FIVE
ADVANCE_PHARMACEUTICALS,6,flag,GLHidden,
ADVANCE_PHYSICS,0,kv,Prerequisites,ADVANCE_CHEMISTRY
ADVANCE_PHYSICS,1,kv,Prerequisites,ADVANCE_AGE_OF_REASON
ADVANCE_PHYSICS,2,kv,Cost,28356
ADVANCE_PHYSICS,3,kv,Icon,ICON_ADVANCE_PHYSICS
ADVANCE_PHYSICS,4,kv,Branch,0
ADVANCE_PHYSICS,5,kv,Age,AGE_FOUR
ADVANCE_PHYSICS,6,flag,GLHidden,
ADVANCE_PLASMA_WEAPONRY,0,kv,Prerequisites,ADVANCE_FUSION
ADVANCE_PLASMA_WEAPONRY,1,kv,Prerequisites,ADVANCE_UNIFIED_PHYSICS
ADVANCE_PLASMA_WEAPONRY,2,kv,Cost,140150
ADVANCE_PLASMA_WEAPONRY,3,kv,Icon,ICON_ADVANCE_PLASMA_WEAPONRY
ADVANCE_PLASMA_WEAPONRY,4,kv,Branch,0
ADVANCE_PLASMA_WEAPONRY,5,kv,Age,AGE_NINE
ADVANCE_PLASMA_WEAPONRY,6,flag,GLHidden,
ADVANCE_PRINTING_PRESS,0,kv,Prerequisites,ADVANCE_MONARCHY
ADVANCE_PRINTING_PRESS,1,kv,Prerequisites,ADVANCE_CLASSICAL_EDUCATION
ADVANCE_PRINTING_PRESS,2,kv,Cost,16500
ADVANCE_PRINTING_PRESS,3,kv,Icon,ICON_ADVANCE_PRINTING_PRESS
ADVANCE_PRINTING_PRESS,4,kv,Branch,0
ADVANCE_PRINTING_PRESS,5,kv,Age,AGE_THREE
ADVANCE_PRINTING_PRESS,6,flag,GLHidden,
ADVANCE_QUANTUM_MECHANICS,0,kv,Prerequisites,ADVANCE_COMPUTER
ADVANCE_QUANTUM_MECHANICS,1,kv,Prerequisites,ADVANCE_PHYSICS
ADVANCE_QUANTUM_MECHANICS,2,kv,Cost,58720
ADVANCE_QUANTUM_MECHANICS,3,kv,Icon,ICON_ADVANCE_QUANTUM_MECHANICS
ADVANCE_QUANTUM_MECHANICS,4,kv,Branch,0
ADVANCE_QUANTUM_MECHANICS,5,kv,Age,AGE_SEVEN
ADVANCE_QUANTUM_MECHANICS,6,flag,GLHidden,
ADVANCE_RAILROAD,0,kv,Prerequisites,ADVANCE_FLINTLOCK
ADVANCE_RAILROAD,1,kv,Prerequisites,ADVANCE_MODERN_METALLURGY
ADVANCE_RAILROAD,2,kv,Cost,44120
ADVANCE_RAILROAD,3,kv,Icon,ICON_ADVANCE_RAILROAD
ADVANCE_RAILROAD,4,kv,Branch,0
ADVANCE_RAILROAD,5,kv,Age,AGE_FIVE
ADVANCE_RAILROAD,6,flag,Railroads,
ADVANCE_RAILROAD,7,flag,GLHidden,
ADVANCE_RENAISSANCE,0,kv,Prerequisites,ADVANCE_ISLAM
ADVANCE_RENAISSANCE,1,kv,Prerequisites,ADVANCE_PERSPECTIVE
ADVANCE_RENAISSANCE,2,kv,Cost,14500
ADVANCE_RENAISSANCE,3,kv,Icon,ICON_ADVANCE_RENAISSANCE
ADVANCE_RENAISSANCE,4,kv,Branch,0
ADVANCE_RENAISSANCE,5,kv,Age,AGE_FOUR
ADVANCE_RENAISSANCE,6,flag,GLHidden,
ADVANCE_ROBOTICS,0,kv,Prerequisites,ADVANCE_ADVANCED_COMPOSITES
ADVANCE_ROBOTICS,1,kv,Prerequisites,ADVANCE_NUCLEAR_POWER
ADVANCE_ROBOTICS,2,kv,Cost,96250
ADVANCE_ROBOTICS,3,kv,Icon,ICON_ADVANCE_ROBOTICS
ADVANCE_ROBOTICS,4,kv,Branch,0
ADVANCE_ROBOTICS,5,kv,Age,AGE_SEVEN
ADVANCE_ROBOTICS,6,kv,TriggerFeat,FEAT_ADVANCE_ROBOTICS
ADVANCE_ROBOTICS,7,flag,GLHidden,
ADVANCE_SMART_MATERIALS,0,kv,Prerequisites,ADVANCE_CYBERNETICS
ADVANCE_SMART_MATERIALS,1,kv,Prerequisites,ADVANCE_NANO_WARFARE
ADVANCE_SMART_MATERIALS,2,kv,Cost,155320
ADVANCE_SMART_MATERIALS,3,kv,Icon,ICON_ADVANCE_SMART_MATERIALS
ADVANCE_SMART_MATERIALS,4,kv,Branch,0
ADVANCE_SMART_MATERIALS,5,kv,Age,AGE_NINE
ADVANCE_SMART_MATERIALS,6,flag,GLHidden,
ADVANCE_SPACE_FLIGHT,0,kv,Prerequisites,ADVANCE_ADVANCED_COMPOSITES
ADVANCE_SPACE_FLIGHT,1,kv,Prerequisites,ADVANCE_FUEL_CELLS
ADVANCE_SPACE_FLIGHT,2,kv,Cost,123980
ADVANCE_SPACE_FLIGHT,3,kv,Icon,ICON_ADVANCE_SPACE_FLIGHT
ADVANCE_SPACE_FLIGHT,4,kv,Branch,0
ADVANCE_SPACE_FLIGHT,5,kv,Age,AGE_SEVEN
ADVANCE_SPACE_FLIGHT,6,flag,GLHidden,
ADVANCE_SUBNEURAL_ADS,0,kv,Prerequisites,ADVANCE_SUBNEURAL_ADS
ADVANCE_SUBNEURAL_ADS,1,kv,Cost,40000000
ADVANCE_SUBNEURAL_ADS,2,kv,Icon,ICON_ADVANCE_DEFAULT
ADVANCE_SUBNEURAL_ADS,3,kv,Branch,0
ADVANCE_SUBNEURAL_ADS,4,kv,Age,AGE_SIX
ADVANCE_SUBNEURAL_ADS,5,flag,GLHidden,
ADVANCE_SUPERSONIC_FLIGHT,0,kv,Prerequisites,ADVANCE_CORPORATE_REPUBLIC
ADVANCE_SUPERSONIC_FLIGHT,1,kv,Prerequisites,ADVANCE_JET_PROPULSION
ADVANCE_SUPERSONIC_FLIGHT,2,kv,Cost,73870
ADVANCE_SUPERSONIC_FLIGHT,3,kv,Icon,ICON_ADVANCE_SUPERSONIC_FLIGHT
ADVANCE_SUPERSONIC_FLIGHT,4,kv,Branch,0
ADVANCE_SUPERSONIC_FLIGHT,5,kv,Age,AGE_SIX
ADVANCE_SUPERSONIC_FLIGHT,6,flag,GLHidden,
ADVANCE_TANK_WARFARE,0,kv,Prerequisites,ADVANCE_CORPORATION
ADVANCE_TANK_WARFARE,1,kv,Prerequisites,ADVANCE_INTERNAL_COMBUSTION
ADVANCE_TANK_WARFARE,2,kv,Cost,61040
ADVANCE_TANK_WARFARE,3,kv,Icon,ICON_ADVANCE_TANK_WARFARE
ADVANCE_TANK_WARFARE,4,kv,Branch,0
ADVANCE_TANK_WARFARE,5,kv,Age,AGE_SIX
ADVANCE_TANK_WARFARE,6,flag,GLHidden,
ADVANCE_TECHNOCRACY,0,kv,Prerequisites,ADVANCE_GLOBAL_COMMUNICATIONS
ADVANCE_TECHNOCRACY,1,kv,Prerequisites,ADVANCE_ROBOTICS
ADVANCE_TECHNOCRACY,2,kv,Cost,120760
ADVANCE_TECHNOCRACY,3,kv,Icon,ICON_ADVANCE_TECHNOCRACY
ADVANCE_TECHNOCRACY,4,kv,Branch,0
ADVANCE_TECHNOCRACY,5,kv,Age,AGE_SEVEN
ADVANCE_TECHNOCRACY,6,flag,GLHidden,
ADVANCE_THEOLOGY,0,kv,Prerequisites,ADVANCE_DARK_AGES
ADVANCE_THEOLOGY,1,kv,Prerequisites,ADVANCE_COUNCIL_V
ADVANCE_THEOLOGY,2,kv,Cost,15500
ADVANCE_THEOLOGY,3,kv,Icon,ICON_ADVANCE_THEOLOGY
ADVANCE_THEOLOGY,4,kv,Branch,0
ADVANCE_THEOLOGY,5,kv,Age,AGE_THREE
ADVANCE_THEOLOGY,6,flag,GLHidden,
ADVANCE_TRADE_GUILDS,0,kv,Prerequisites,ADVANCE_BANKING
ADVANCE_TRADE_GUILDS,1,kv,Prerequisites,ADVANCE_ASTROLABE
ADVANCE_TRADE_GUILDS,2,kv,Cost,18600
ADVANCE_TRADE_GUILDS,3,kv,Icon,ICON_ADVANCE_TRADE_GUILDS
ADVANCE_TRADE_GUILDS,4,kv,Branch,0
ADVANCE_TRADE_GUILDS,5,kv,Age,AGE_THREE
ADVANCE_TRADE_GUILDS,6,flag,GLHidden,
ADVANCE_ULTRAPRESSURE_MACHINERY,0,kv,Prerequisites,ADVANCE_LIQUID_BREATHING_APPARATUS
ADVANCE_ULTRAPRESSURE_MACHINERY,1,kv,Prerequisites,ADVANCE_NANO_ASSEMBLY
ADVANCE_ULTRAPRESSURE_MACHINERY,2,kv,Cost,144030
ADVANCE_ULTRAPRESSURE_MACHINERY,3,kv,Icon,ICON_ADVANCE_ULTRAPRESSURE_MACHINERY
ADVANCE_ULTRAPRESSURE_MACHINERY,4,kv,Branch,0
ADVANCE_ULTRAPRESSURE_MACHINERY,5,kv,Age,AGE_EIGHT
ADVANCE_ULTRAPRESSURE_MACHINERY,6,flag,GLHidden,
ADVANCE_UNIFIED_PHYSICS,0,kv,Prerequisites,ADVANCE_CHAOS_THEORY
ADVANCE_UNIFIED_PHYSICS,1,kv,Prerequisites,ADVANCE_DIGITAL_ENCRYPTION
ADVANCE_UNIFIED_PHYSICS,2,kv,Cost,130310
ADVANCE_UNIFIED_PHYSICS,3,kv,Icon,ICON_ADVANCE_UNIFIED_PHYSICS
ADVANCE_UNIFIED_PHYSICS,4,kv,Branch,0
ADVANCE_UNIFIED_PHYSICS,5,kv,Age,AGE_EIGHT
ADVANCE_UNIFIED_PHYSICS,6,flag,GLHidden,
ADVANCE_VERTICAL_FLIGHT_AIRCRAFT,0,kv,Prerequisites,ADVANCE_AERODYNAMICS
ADVANCE_VERTICAL_FLIGHT_AIRCRAFT,1,kv,Prerequisites,ADVANCE_CORPORATION
ADVANCE_VERTICAL_FLIGHT_AIRCRAFT,2,kv,Cost,60620
ADVANCE_VERTICAL_FLIGHT_AIRCRAFT,3,kv,Icon,ICON_ADVANCE_VERTICAL_FLIGHT_AIRCRAFT
ADVANCE_VERTICAL_FLIGHT_AIRCRAFT,4,kv,Branch,0
ADVANCE_VERTICAL_FLIGHT_AIRCRAFT,5,kv,Age,AGE_SIX
ADVANCE_VERTICAL_FLIGHT_AIRCRAFT,6,flag,GLHidden,
ADVANCE_VERNACULAR_PROSE,0,kv,Prerequisites,ADVANCE_RENAISSANCE
ADVANCE_VERNACULAR_PROSE,1,kv,Prerequisites,ADVANCE_CHIVALRY
ADVANCE_VERNACULAR_PROSE,2,kv,Cost,24116
ADVANCE_VERNACULAR_PROSE,3,kv,Icon,ICON_ADVANCE_VERNACULAR_PROSE
ADVANCE_VERNACULAR_PROSE,4,kv,Branch,0
ADVANCE_VERNACULAR_PROSE,5,kv,Age,AGE_FOUR
ADVANCE_VERNACULAR_PROSE,6,flag,GLHidden,
ADVANCE_VIRTUAL_DEMOCRACY,0,kv,Prerequisites,ADVANCE_DIGITAL_ENCRYPTION
ADVANCE_VIRTUAL_DEMOCRACY,1,kv,Prerequisites,ADVANCE_NEURAL_INTERFACE
ADVANCE_VIRTUAL_DEMOCRACY,2,kv,Cost,132020
ADVANCE_VIRTUAL_DEMOCRACY,3,kv,Icon,ICON_ADVANCE_VIRTUAL_DEMOCRACY
ADVANCE_VIRTUAL_DEMOCRACY,4,kv,Branch,0
ADVANCE_VIRTUAL_DEMOCRACY,5,kv,Age,AGE_EIGHT
ADVANCE_VIRTUAL_DEMOCRACY,6,flag,GLHidden,
